CTD,20190304CCHSIOLMM
#---------------------------------------------------------------------------------------------------,,,,,,,,,,,,,,,,,
#Transmissivity - Fluorescence - PAR data are nominal and unedited except that some records were removed in editing temperature and salinity.,,,,,,,,,,,,,,,,,
#---------------------------------------------------------------------------------------------------,,,,,,,,,,,,,,,,,
#For details on how the transmissivity calibration parameters were calculated see the document Transmissivity_Calculation.pdf.,,,,,,,,,,,,,,,,,
#---------------------------------------------------------------------------------------------------,,,,,,,,,,,,,,,,,
#Based on the recommendation from Sea-Bird the method for calibration of Oxygen:Dissolved:CTD concentration was changed from that used for 2011 and some 2012 cruises. ,,,,,,,,,,,,,,,,,
#Oxygen:Dissolved:CTD calibration was done using the method described in the Sea-Bird Application Note #64-2 (Sea-Bird_64-2_Jun2012.pdf) with a modification allowing a small offset.  ,,,,,,,,,,,,,,,,,
#,,,,,,,,,,,,,,,,,
#The Oxygen:Dissolved:CTD data are considered roughly to be:,,,,,,,,,,,,,,,,,
#      • ±0.1 ml/l from 0 to 500 dbar,,,,,,,,,,,,,,,,,
#      • ±0.06 ml/l from 500 to 1500 dbar,,,,,,,,,,,,,,,,,
#      • ±0.04 ml/l below 1500 dbar,,,,,,,,,,,,,,,,,
#---------------------------------------------------------------------------------------------------,,,,,,,,,,,,,,,,,
#For details processing details see the processing report 2012-13-proc.pdf,,,,,,,,,,,,,,,,,
#---------------------------------------------------------------------------------------------------,,,,,,,,,,,,,,,,,
#,,,,,,,,,,,,,,,,,
#File Name,Zone,FIL:START TIME YYYY/MM/DD, HH:MM,LOC:EVENT_NUMBER,LOC:LATITUDE,LOC:LONGITUDE,LOC:STATION,INS:LOCATION,Pressure:CTD [dbar],Temperature:CTD [deg_C_(ITS90)],Salinity:CTD [PSS-78],Sigma-t:CTD [kg/m^3],Transmissivity:CTD [*/m],Oxygen:Dissolved:CTD:Volume [ml/l],Oxygen:Dissolved:CTD:Mass [µmol/kg],Fluorescence:CTD:Seapoint [mg/m^3],PAR:CTD [µE/m^2/sec]
#,,,,,,,,,,,,,,,,,
NUMBER_HEADERS = 8
EXPOCODE = 18DD20120814
STNBR = PA-006
CASTNO = 2
DATE = 20120824
TIME =  21:08
LATITUDE = 50.00367
LONGITUDE = -144.87384
CTDPRS,CTDPRS_FLAG_W,CTDTMP,CTDTMP_FLAG_W,CTDSAL,CTDSAL_FLAG_W,CTDOXY,CTDOXY_FLAG_W,CTDXMISS,CTDXMISS_FLAG_W,CTDFLUOR,CTDFLUOR_FLAG_W,PAR,PAR_FLAG_W
DBAR,,ITS-90,,PSS-78,,UMOL/KG,,,,MG/M^3,,UE/m^2/sec,
3.4,2,12.6373,2,32.5559,2,276.2,2,49.7,2,0.47600000000000003,2,180.4,2
4.0,2,12.6375,2,32.556,2,276.9,2,49.1,2,0.542,2,193.7,2
4.5,2,12.6373,2,32.556,2,276.8,2,49.4,2,0.5539999999999999,2,186.0,2
5.0,2,12.6375,2,32.5558,2,276.7,2,49.7,2,0.594,2,175.8,2
END_DATA
