CTD,20190304CCHSIOLMM
#---------------------------------------------------------------------------------------------------,,,,,,,,,,,,,,,,,,
#Fluorescence and PAR data are nominal and unedited except that some records were removed in editing temperature and salinity and a large spike in fluorescence was removed from file 0032.,,,,,,,,,,,,,,,,,,
#---------------------------------------------------------------------------------------------------,,,,,,,,,,,,,,,,,,
#The Transmissivity channel was removed because of frequent shifts in values during casts and large variations between values during repeat casts.,,,,,,,,,,,,,,,,,,
#The data are available by request from the chief scientist.,,,,,,,,,,,,,,,,,,
#---------------------------------------------------------------------------------------------------,,,,,,,,,,,,,,,,,,
#NOTE: While the Fluorescence:CTD data are expressed in concentration units they do not always compare well to extracted chlorophyll samples particularly for casts far from shore.,,,,,,,,,,,,,,,,,,
#It is recommended that users check extracted chlorophyll values where available.,,,,,,,,,,,,,,,,,,
#---------------------------------------------------------------------------------------------------,,,,,,,,,,,,,,,,,,
#Oxygen:Dissolved:CTD was calibrated using the method described in the Sea-Bird Application Note #64-2 of June 2012 (Sea-Bird_64-2_Jun2012.pdf) except that a small offset in the fit was allowed.,,,,,,,,,,,,,,,,,,
#,,,,,,,,,,,,,,,,,,
#"The Dissolved Oxygen sensor used in files 0001, 0002 and 0016 malfunctioned so the Oxygen:Dissolved:CTD channels were removed from those files.",,,,,,,,,,,,,,,,,,
#,,,,,,,,,,,,,,,,,,
#The Oxygen:Dissolved:CTD sensor has a fairly long response time so data accuracy is not as high when it is in motion as it is during stops for bottles.,,,,,,,,,,,,,,,,,,
#This will be especially true when vertical dissolved oxygen gradients are large. ,,,,,,,,,,,,,,,,,,
#To get an estimate of the accuracy of the Oxygen:Dissolved:CTD data during downcasts (after recalibration) a rough comparison was made between downcast Oxygen:Dissolved:CTD data and upcast titrated samples. ,,,,,,,,,,,,,,,,,,
#Some of the difference will be due to problems with flushing of Niskin bottles and/or analysis errors so the following statement likely underestimates Oxygen:Dissolved:CTD accuracy.,,,,,,,,,,,,,,,,,,
#,,,,,,,,,,,,,,,,,,
#Downcast (CTD files) Oxygen:Dissolved:CTD data are considered very roughly to be:,,,,,,,,,,,,,,,,,,
#      • ±0.25 ml/l from 0 to 125 dbar,,,,,,,,,,,,,,,,,,
#      • ±0.2 ml/l from 125 to 400 dbar,,,,,,,,,,,,,,,,,,
#      • ±0.1 ml/l from 400 to 600 dbar,,,,,,,,,,,,,,,,,,
#      • ±0.05 ml/l from 600 to 1500 dbar,,,,,,,,,,,,,,,,,,
#      • Low by up to 0.08 ml/l below 1500 dbar,,,,,,,,,,,,,,,,,,
#---------------------------------------------------------------------------------------------------,,,,,,,,,,,,,,,,,,
#For details on the processing see the report 2017-01-proc.pdf,,,,,,,,,,,,,,,,,,
#---------------------------------------------------------------------------------------------------,,,,,,,,,,,,,,,,,,
#,,,,,,,,,,,,,,,,,,
#File Name,Zone,FIL:START TIME YYYY/MM/DD, HH:MM,LOC:EVENT_NUMBER,LOC:LATITUDE,LOC:LONGITUDE,LOC:STATION,INS:LOCATION,Pressure:CTD [dbar],Temperature:CTD [deg_C_(ITS90)],Salinity:CTD [PSS-78],Sigma-t:CTD [kg/m^3],Transmissivity:CTD [*/m],Oxygen:Dissolved:CTD:Volume [ml/l],Oxygen:Dissolved:CTD:Mass [µmol/kg],Fluorescence:CTD:Seapoint [mg/m^3],Fluorescence:CTD:Wetlabs [mg/m^3],PAR:CTD [µE/m^2/sec]
#,,,,,,,,,,,,,,,,,,
NUMBER_HEADERS = 8
EXPOCODE = 18DD20170205
STNBR = P4
CASTNO = 2
DATE = 20170207
TIME =  17:26
LATITUDE = 48.6495
LONGITUDE = -126.66617
CTDPRS,CTDPRS_FLAG_W,CTDTMP,CTDTMP_FLAG_W,CTDSAL,CTDSAL_FLAG_W,CTDOXY,CTDOXY_FLAG_W,CTDXMISS,CTDXMISS_FLAG_W,CTDFLUOR,CTDFLUOR_FLAG_W,CTDFLUOR_TSG,CTDFLUOR_TSG_FLAG_W,PAR,PAR_FLAG_W
DBAR,,ITS-90,,PSS-78,,UMOL/KG,,,,MG/M^3,,MG/M^3,,UE/m^2/sec,
1.4,2,9.0217,2,32.3519,2,278.6,2,,2,0.71,2,,2,43.1,2
2.0,2,9.0271,2,32.3518,2,279.3,2,,2,0.7140000000000001,2,,2,62.1,2
2.9,2,9.0304,2,32.352,2,279.7,2,,2,0.732,2,,2,67.7,2
7.2,2,9.027999999999999,2,32.3511,2,279.3,2,,2,0.675,2,,2,39.8,2
8.0,2,9.0305,2,32.352,2,279.4,2,,2,0.687,2,,2,36.4,2
9.0,2,9.0291,2,32.3514,2,279.7,2,,2,0.8,2,,2,32.4,2
10.0,2,9.0279,2,32.3511,2,279.7,2,,2,0.6729999999999999,2,,2,29.4,2
11.0,2,9.0286,2,32.351,2,279.8,2,,2,0.727,2,,2,27.7,2
12.0,2,9.0349,2,32.3526,2,279.7,2,,2,0.7140000000000001,2,,2,25.3,2
13.0,2,9.0368,2,32.353,2,279.4,2,,2,0.705,2,,2,22.9,2
14.0,2,9.0373,2,32.3533,2,279.4,2,,2,0.6829999999999999,2,,2,21.1,2
15.0,2,9.0367,2,32.3532,2,279.5,2,,2,0.679,2,,2,19.3,2
16.0,2,9.0387,2,32.3536,2,279.3,2,,2,0.688,2,,2,17.7,2
17.0,2,9.0406,2,32.3541,2,279.2,2,,2,0.705,2,,2,16.6,2
18.0,2,9.0415,2,32.3546,2,278.9,2,,2,0.7020000000000001,2,,2,15.8,2
19.0,2,9.0458,2,32.3559,2,278.6,2,,2,0.7120000000000001,2,,2,14.5,2
20.0,2,9.0481,2,32.3572,2,278.6,2,,2,0.6990000000000001,2,,2,13.2,2
20.8,2,9.0465,2,32.3569,2,278.8,2,,2,0.696,2,,2,12.3,2
22.4,2,9.0701,2,32.3641,2,278.6,2,,2,0.665,2,,2,11.1,2
22.9,2,9.0829,2,32.3684,2,278.3,2,,2,0.649,2,,2,10.7,2
24.0,2,9.1064,2,32.3764,2,278.0,2,,2,0.647,2,,2,10.0,2
25.0,2,9.1246,2,32.3825,2,277.7,2,,2,0.617,2,,2,9.3,2
26.0,2,9.1448,2,32.3908,2,277.4,2,,2,0.609,2,,2,8.7,2
27.1,2,9.1775,2,32.4015,2,276.9,2,,2,0.5670000000000001,2,,2,8.1,2
27.9,2,9.2071,2,32.4084,2,276.6,2,,2,0.54,2,,2,7.6,2
29.0,2,9.2299,2,32.4238,2,275.6,2,,2,0.47700000000000004,2,,2,7.0,2
30.0,2,9.2374,2,32.4277,2,275.6,2,,2,0.442,2,,2,6.5,2
31.0,2,9.2447,2,32.4308,2,275.2,2,,2,0.429,2,,2,6.1,2
32.0,2,9.2488,2,32.4328,2,274.9,2,,2,0.41,2,,2,5.7,2
33.0,2,9.2515,2,32.4343,2,274.9,2,,2,0.385,2,,2,5.3,2
34.0,2,9.2548,2,32.4359,2,274.9,2,,2,0.387,2,,2,5.0,2
35.0,2,9.2591,2,32.4377,2,274.9,2,,2,0.371,2,,2,4.7,2
36.0,2,9.2611,2,32.4392,2,274.9,2,,2,0.373,2,,2,4.5,2
37.0,2,9.2636,2,32.4418,2,274.9,2,,2,0.37200000000000005,2,,2,4.4,2
38.0,2,9.2632,2,32.4426,2,275.4,2,,2,0.36,2,,2,4.1,2
39.0,2,9.2641,2,32.4443,2,275.6,2,,2,0.37799999999999995,2,,2,3.9,2
40.0,2,9.2747,2,32.4508,2,275.5,2,,2,0.387,2,,2,3.6,2
41.1,2,9.2845,2,32.4545,2,275.0,2,,2,0.384,2,,2,3.3,2
42.2,2,9.2907,2,32.4567,2,274.9,2,,2,0.413,2,,2,3.1,2
43.0,2,9.3002,2,32.4609,2,274.7,2,,2,0.395,2,,2,3.0,2
44.0,2,9.3095,2,32.4659,2,274.5,2,,2,0.445,2,,2,2.8,2
45.0,2,9.3117,2,32.4671,2,274.1,2,,2,0.531,2,,2,2.7,2
46.0,2,9.3124,2,32.4681,2,274.0,2,,2,0.434,2,,2,2.5,2
47.0,2,9.312000000000001,2,32.4686,2,274.1,2,,2,0.405,2,,2,2.3,2
48.0,2,9.3116,2,32.4685,2,274.2,2,,2,0.38,2,,2,2.2,2
49.0,2,9.3117,2,32.4685,2,274.5,2,,2,0.41600000000000004,2,,2,2.1,2
50.0,2,9.3119,2,32.4682,2,274.5,2,,2,0.41200000000000003,2,,2,2.0,2
51.0,2,9.3115,2,32.4685,2,274.8,2,,2,0.382,2,,2,1.9,2
52.0,2,9.3112,2,32.4695,2,274.9,2,,2,0.375,2,,2,1.8,2
53.0,2,9.3131,2,32.4713,2,274.8,2,,2,0.384,2,,2,1.7,2
54.0,2,9.315,2,32.474000000000004,2,274.6,2,,2,0.35700000000000004,2,,2,1.6,2
55.0,2,9.3167,2,32.4763,2,274.1,2,,2,0.35200000000000004,2,,2,1.5,2
56.0,2,9.3187,2,32.4784,2,273.9,2,,2,0.355,2,,2,1.4,2
57.0,2,9.32,2,32.4825,2,273.9,2,,2,0.35200000000000004,2,,2,1.3,2
58.0,2,9.3164,2,32.4845,2,273.9,2,,2,0.35,2,,2,1.3,2
59.0,2,9.3157,2,32.4851,2,274.0,2,,2,0.345,2,,2,1.2,2
60.0,2,9.3207,2,32.4878,2,273.4,2,,2,0.34,2,,2,1.1,2
61.0,2,9.3257,2,32.4943,2,273.1,2,,2,0.327,2,,2,1.1,2
62.0,2,9.3188,2,32.495,2,272.1,2,,2,0.32299999999999995,2,,2,1.0,2
63.0,2,9.3297,2,32.5075,2,269.4,2,,2,0.322,2,,2,0.9,2
64.0,2,9.355,2,32.5352,2,265.7,2,,2,0.305,2,,2,0.9,2
65.0,2,9.3734,2,32.563,2,261.9,2,,2,0.29,2,,2,0.8,2
66.0,2,9.38,2,32.5737,2,257.5,2,,2,0.289,2,,2,0.8,2
67.0,2,9.3816,2,32.6106,2,250.2,2,,2,0.267,2,,2,0.7,2
68.0,2,9.4043,2,32.6548,2,241.8,2,,2,0.237,2,,2,0.7,2
69.0,2,9.4079,2,32.6627,2,238.1,2,,2,0.217,2,,2,0.7,2
70.0,2,9.425,2,32.6992,2,231.2,2,,2,0.205,2,,2,0.6,2
71.0,2,9.4171,2,32.7855,2,224.0,2,,2,0.18899999999999997,2,,2,0.6,2
72.0,2,9.4125,2,32.7905,2,221.4,2,,2,0.179,2,,2,0.5,2
73.0,2,9.402000000000001,2,32.7922,2,221.1,2,,2,0.171,2,,2,0.5,2
74.0,2,9.3895,2,32.7948,2,221.3,2,,2,0.166,2,,2,0.5,2
75.0,2,9.3845,2,32.7959,2,221.4,2,,2,0.163,2,,2,0.4,2
76.0,2,9.3705,2,32.7982,2,221.5,2,,2,0.156,2,,2,0.4,2
77.0,2,9.3588,2,32.8006,2,221.3,2,,2,0.158,2,,2,0.3,2
78.0,2,9.3225,2,32.8237,2,218.3,2,,2,0.156,2,,2,0.3,2
79.0,2,9.3174,2,32.8542,2,214.3,2,,2,0.151,2,,2,0.3,2
80.0,2,9.3418,2,32.8768,2,210.9,2,,2,0.142,2,,2,0.3,2
81.0,2,9.4096,2,32.9325,2,207.1,2,,2,0.14,2,,2,0.3,2
82.0,2,9.461,2,32.9707,2,204.2,2,,2,0.14,2,,2,0.2,2
83.0,2,9.4689,2,32.9811,2,202.0,2,,2,0.131,2,,2,0.2,2
84.0,2,9.5091,2,33.0189,2,198.9,2,,2,0.13699999999999998,2,,2,0.2,2
85.0,2,9.5259,2,33.0572,2,196.1,2,,2,0.13,2,,2,0.2,2
86.0,2,9.5419,2,33.0758,2,193.9,2,,2,0.126,2,,2,0.2,2
87.0,2,9.5352,2,33.0921,2,192.5,2,,2,0.12300000000000001,2,,2,0.1,2
88.0,2,9.5314,2,33.0991,2,192.1,2,,2,0.12300000000000001,2,,2,0.1,2
89.0,2,9.53,2,33.1058,2,192.0,2,,2,0.121,2,,2,0.1,2
90.0,2,9.5287,2,33.1153,2,191.3,2,,2,0.12,2,,2,0.1,2
91.0,2,9.5253,2,33.1239,2,190.0,2,,2,0.121,2,,2,0.1,2
92.0,2,9.519,2,33.1456,2,188.6,2,,2,0.11599999999999999,2,,2,0.1,2
93.0,2,9.5186,2,33.1566,2,188.2,2,,2,0.11699999999999999,2,,2,0.1,2
94.0,2,9.5157,2,33.1884,2,188.0,2,,2,0.11900000000000001,2,,2,0.1,2
95.0,2,9.5152,2,33.2037,2,188.0,2,,2,0.11599999999999999,2,,2,0.1,2
96.0,2,9.5168,2,33.2055,2,188.2,2,,2,0.11199999999999999,2,,2,0.0,2
97.0,2,9.5204,2,33.211,2,188.7,2,,2,0.113,2,,2,0.0,2
98.0,2,9.5215,2,33.2118,2,189.0,2,,2,0.11699999999999999,2,,2,0.0,2
99.0,2,9.5218,2,33.2135,2,189.0,2,,2,0.122,2,,2,0.0,2
100.0,2,9.5205,2,33.2202,2,188.7,2,,2,0.12,2,,2,0.0,2
101.0,2,9.5199,2,33.2289,2,188.3,2,,2,0.121,2,,2,0.0,2
102.0,2,9.5225,2,33.2339,2,187.5,2,,2,0.11900000000000001,2,,2,0.0,2
103.0,2,9.5186,2,33.2726,2,186.1,2,,2,0.127,2,,2,0.0,2
104.0,2,9.4864,2,33.3194,2,181.8,2,,2,0.129,2,,2,0.0,2
105.0,2,9.4652,2,33.351,2,177.6,2,,2,0.125,2,,2,0.0,2
106.0,2,9.46,2,33.36,2,176.0,2,,2,0.121,2,,2,0.0,2
107.0,2,9.4605,2,33.3608,2,175.4,2,,2,0.121,2,,2,0.0,2
108.0,2,9.4597,2,33.3637,2,174.5,2,,2,0.11900000000000001,2,,2,0.0,2
109.0,2,9.4521,2,33.3736,2,173.2,2,,2,0.11900000000000001,2,,2,0.0,2
110.0,2,9.4317,2,33.3913,2,171.6,2,,2,0.11900000000000001,2,,2,0.0,2
111.0,2,9.4191,2,33.3996,2,170.3,2,,2,0.10800000000000001,2,,2,0.0,2
112.0,2,9.4101,2,33.4068,2,168.5,2,,2,0.10800000000000001,2,,2,0.0,2
113.0,2,9.3841,2,33.4249,2,166.8,2,,2,0.105,2,,2,0.0,2
114.0,2,9.343,2,33.4427,2,165.7,2,,2,0.10800000000000001,2,,2,0.0,2
115.0,2,9.3143,2,33.4544,2,164.6,2,,2,0.11,2,,2,0.0,2
116.0,2,9.3088,2,33.4564,2,163.6,2,,2,0.098,2,,2,0.0,2
117.0,2,9.2862,2,33.4681,2,161.9,2,,2,0.09300000000000001,2,,2,0.0,2
118.0,2,9.2553,2,33.4804,2,160.3,2,,2,0.092,2,,2,0.0,2
119.0,2,9.2235,2,33.4898,2,158.5,2,,2,0.09,2,,2,0.0,2
120.0,2,9.1888,2,33.512,2,156.8,2,,2,0.08800000000000001,2,,2,0.0,2
121.0,2,9.1591,2,33.5261,2,155.6,2,,2,0.092,2,,2,0.0,2
122.0,2,9.1377,2,33.5376,2,154.7,2,,2,0.08900000000000001,2,,2,0.0,2
123.0,2,9.1242,2,33.5458,2,153.9,2,,2,0.085,2,,2,0.0,2
124.0,2,9.0963,2,33.5624,2,152.6,2,,2,0.083,2,,2,0.0,2
125.0,2,9.0796,2,33.574,2,150.8,2,,2,0.081,2,,2,0.0,2
126.0,2,9.052999999999999,2,33.5921,2,149.0,2,,2,0.079,2,,2,0.0,2
127.0,2,9.0349,2,33.6026,2,148.2,2,,2,0.081,2,,2,0.0,2
128.0,2,9.0273,2,33.6063,2,147.8,2,,2,0.077,2,,2,0.0,2
129.3,2,9.0207,2,33.609,2,147.9,2,,2,0.073,2,,2,0.0,2
129.9,2,9.0097,2,33.611,2,148.0,2,,2,0.075,2,,2,0.0,2
131.0,2,9.0,2,33.6112,2,148.4,2,,2,0.077,2,,2,0.0,2
132.0,2,8.9989,2,33.6117,2,148.6,2,,2,0.07200000000000001,2,,2,0.0,2
133.0,2,8.985,2,33.6152,2,148.6,2,,2,0.075,2,,2,0.0,2
134.0,2,8.9472,2,33.6258,2,148.5,2,,2,0.076,2,,2,0.0,2
135.0,2,8.9435,2,33.626,2,148.0,2,,2,0.07200000000000001,2,,2,0.0,2
136.0,2,8.9332,2,33.6287,2,147.1,2,,2,0.071,2,,2,0.0,2
137.0,2,8.8936,2,33.6501,2,145.2,2,,2,0.07400000000000001,2,,2,0.0,2
138.0,2,8.86,2,33.6613,2,143.4,2,,2,0.07200000000000001,2,,2,0.0,2
139.0,2,8.8458,2,33.6645,2,142.2,2,,2,0.068,2,,2,0.0,2
140.0,2,8.8138,2,33.6753,2,141.2,2,,2,0.067,2,,2,0.0,2
141.0,2,8.7787,2,33.6926,2,140.4,2,,2,0.066,2,,2,0.0,2
142.0,2,8.745,2,33.71,2,138.4,2,,2,0.064,2,,2,0.0,2
143.0,2,8.7185,2,33.7247,2,136.3,2,,2,0.065,2,,2,0.0,2
144.0,2,8.7123,2,33.7287,2,135.0,2,,2,0.063,2,,2,0.0,2
145.0,2,8.7022,2,33.7326,2,134.7,2,,2,0.063,2,,2,0.0,2
146.0,2,8.6973,2,33.7353,2,134.4,2,,2,0.062,2,,2,0.0,2
147.0,2,8.6872,2,33.7383,2,133.9,2,,2,0.062,2,,2,0.0,2
148.0,2,8.6722,2,33.7516,2,132.4,2,,2,0.061,2,,2,0.0,2
149.0,2,8.6556,2,33.7584,2,131.2,2,,2,0.063,2,,2,0.0,2
150.0,2,8.6376,2,33.7602,2,130.6,2,,2,0.064,2,,2,0.0,2
151.0,2,8.6176,2,33.7618,2,129.7,2,,2,0.061,2,,2,0.0,2
152.0,2,8.6145,2,33.7698,2,128.5,2,,2,0.061,2,,2,0.0,2
153.0,2,8.613,2,33.7763,2,127.3,2,,2,0.061,2,,2,0.0,2
154.0,2,8.5898,2,33.7756,2,126.5,2,,2,0.06,2,,2,0.0,2
155.0,2,8.5819,2,33.7755,2,126.2,2,,2,0.059000000000000004,2,,2,0.0,2
156.0,2,8.5666,2,33.7762,2,126.4,2,,2,0.065,2,,2,0.0,2
157.0,2,8.5522,2,33.7782,2,126.6,2,,2,0.061,2,,2,0.0,2
158.0,2,8.5511,2,33.7787,2,126.3,2,,2,0.061,2,,2,0.0,2
159.0,2,8.5423,2,33.7806,2,125.8,2,,2,0.06,2,,2,0.0,2
160.0,2,8.5289,2,33.7847,2,125.2,2,,2,0.061,2,,2,0.0,2
161.0,2,8.5028,2,33.7932,2,124.7,2,,2,0.061,2,,2,0.0,2
162.0,2,8.4844,2,33.7977,2,124.3,2,,2,0.06,2,,2,0.0,2
163.0,2,8.4478,2,33.805,2,123.9,2,,2,0.06,2,,2,0.0,2
164.0,2,8.4306,2,33.8087,2,123.5,2,,2,0.057999999999999996,2,,2,0.0,2
165.0,2,8.4113,2,33.8149,2,123.0,2,,2,0.06,2,,2,0.0,2
166.0,2,8.3942,2,33.8178,2,122.5,2,,2,0.06,2,,2,0.0,2
166.9,2,8.3674,2,33.8235,2,121.8,2,,2,0.057999999999999996,2,,2,0.0,2
168.0,2,8.3596,2,33.8255,2,121.5,2,,2,0.059000000000000004,2,,2,0.0,2
169.0,2,8.3593,2,33.8259,2,121.3,2,,2,0.057,2,,2,0.0,2
170.0,2,8.3576,2,33.8277,2,121.0,2,,2,0.057,2,,2,0.0,2
171.0,2,8.3505,2,33.8288,2,121.1,2,,2,0.057,2,,2,0.0,2
172.0,2,8.3109,2,33.8332,2,121.5,2,,2,0.055999999999999994,2,,2,0.0,2
173.0,2,8.2915,2,33.8334,2,122.0,2,,2,0.057,2,,2,0.0,2
174.0,2,8.2755,2,33.8342,2,122.7,2,,2,0.057999999999999996,2,,2,0.0,2
175.0,2,8.2698,2,33.8365,2,122.6,2,,2,0.06,2,,2,0.0,2
176.0,2,8.2645,2,33.8395,2,122.3,2,,2,0.057,2,,2,0.0,2
177.0,2,8.2603,2,33.8406,2,122.1,2,,2,0.057,2,,2,0.0,2
178.0,2,8.2565,2,33.8413,2,122.2,2,,2,0.059000000000000004,2,,2,0.0,2
179.0,2,8.2478,2,33.8422,2,123.0,2,,2,0.057999999999999996,2,,2,0.0,2
180.0,2,8.2164,2,33.8409,2,124.0,2,,2,0.055999999999999994,2,,2,0.0,2
181.0,2,8.1972,2,33.8424,2,124.4,2,,2,0.055999999999999994,2,,2,0.0,2
181.9,2,8.1998,2,33.8482,2,124.0,2,,2,0.055999999999999994,2,,2,0.0,2
182.8,2,8.1644,2,33.8466,2,124.0,2,,2,0.059000000000000004,2,,2,0.0,2
184.0,2,8.1442,2,33.8475,2,125.0,2,,2,0.057,2,,2,0.0,2
185.0,2,8.1263,2,33.8554,2,124.3,2,,2,0.055999999999999994,2,,2,0.0,2
186.0,2,8.1208,2,33.8597,2,122.8,2,,2,0.055999999999999994,2,,2,0.0,2
186.9,2,8.1243,2,33.8622,2,122.1,2,,2,0.057,2,,2,0.0,2
188.0,2,8.1052,2,33.8617,2,122.8,2,,2,0.055,2,,2,0.0,2
189.0,2,8.0807,2,33.8616,2,123.4,2,,2,0.055999999999999994,2,,2,0.0,2
190.0,2,8.0765,2,33.8649,2,123.0,2,,2,0.055999999999999994,2,,2,0.0,2
191.0,2,8.0839,2,33.8698,2,121.7,2,,2,0.055999999999999994,2,,2,0.0,2
192.0,2,8.0998,2,33.8768,2,120.8,2,,2,0.055999999999999994,2,,2,0.0,2
193.0,2,8.0637,2,33.872,2,120.9,2,,2,0.055999999999999994,2,,2,0.0,2
194.1,2,8.0381,2,33.8795,2,120.6,2,,2,0.055999999999999994,2,,2,0.0,2
194.9,2,8.0134,2,33.8853,2,120.0,2,,2,0.057,2,,2,0.0,2
196.0,2,7.9314,2,33.8757,2,124.8,2,,2,0.057,2,,2,0.0,2
197.0,2,7.8359,2,33.8617,2,132.8,2,,2,0.055999999999999994,2,,2,0.0,2
198.0,2,7.7413,2,33.8483,2,139.5,2,,2,0.055999999999999994,2,,2,0.0,2
199.0,2,7.7178,2,33.8454,2,142.8,2,,2,0.055999999999999994,2,,2,0.0,2
200.0,2,7.7105,2,33.8451,2,143.6,2,,2,0.057999999999999996,2,,2,0.0,2
201.0,2,7.7077,2,33.8459,2,143.3,2,,2,0.055,2,,2,0.0,2
202.0,2,7.6983,2,33.8489,2,142.1,2,,2,0.055,2,,2,0.0,2
203.0,2,7.6981,2,33.8522,2,140.3,2,,2,0.057,2,,2,0.0,2
204.0,2,7.6992,2,33.8528,2,138.8,2,,2,0.055,2,,2,0.0,2
205.0,2,7.7037,2,33.8561,2,137.3,2,,2,0.055999999999999994,2,,2,0.0,2
206.0,2,7.7027,2,33.8595,2,136.0,2,,2,0.055,2,,2,0.0,2
207.0,2,7.682,2,33.8611,2,136.1,2,,2,0.057999999999999996,2,,2,0.0,2
208.0,2,7.644,2,33.8576,2,137.4,2,,2,0.055999999999999994,2,,2,0.0,2
209.0,2,7.625,2,33.8548,2,139.1,2,,2,0.057,2,,2,0.0,2
210.0,2,7.6114,2,33.8532,2,140.2,2,,2,0.057999999999999996,2,,2,0.0,2
211.0,2,7.6058,2,33.8553,2,139.9,2,,2,0.055999999999999994,2,,2,0.0,2
212.0,2,7.6179,2,33.8625,2,137.7,2,,2,0.057999999999999996,2,,2,0.0,2
213.0,2,7.6174,2,33.8683,2,135.7,2,,2,0.055999999999999994,2,,2,0.0,2
214.0,2,7.5935,2,33.8668,2,135.7,2,,2,0.055,2,,2,0.0,2
215.0,2,7.5824,2,33.8662,2,136.7,2,,2,0.055999999999999994,2,,2,0.0,2
216.0,2,7.568,2,33.8654,2,137.4,2,,2,0.057,2,,2,0.0,2
217.0,2,7.5598,2,33.8655,2,137.9,2,,2,0.057,2,,2,0.0,2
218.0,2,7.5561,2,33.8659,2,138.2,2,,2,0.057,2,,2,0.0,2
219.0,2,7.5534,2,33.8671,2,137.8,2,,2,0.055999999999999994,2,,2,0.0,2
220.0,2,7.5535,2,33.8717,2,136.7,2,,2,0.057999999999999996,2,,2,0.0,2
221.0,2,7.5526,2,33.8738,2,136.0,2,,2,0.055,2,,2,0.0,2
222.0,2,7.5415,2,33.8735,2,135.9,2,,2,0.055999999999999994,2,,2,0.0,2
223.0,2,7.5363,2,33.8745,2,135.5,2,,2,0.057,2,,2,0.0,2
224.0,2,7.5417,2,33.8775,2,134.3,2,,2,0.057999999999999996,2,,2,0.0,2
225.0,2,7.5563,2,33.8831,2,132.1,2,,2,0.055999999999999994,2,,2,0.0,2
226.0,2,7.579,2,33.8924,2,128.4,2,,2,0.055,2,,2,0.0,2
227.0,2,7.5921,2,33.9016,2,124.1,2,,2,0.055,2,,2,0.0,2
228.0,2,7.5986,2,33.9051,2,120.9,2,,2,0.055999999999999994,2,,2,0.0,2
229.0,2,7.6235,2,33.9167,2,117.6,2,,2,0.055999999999999994,2,,2,0.0,2
230.0,2,7.6171,2,33.9174,2,115.9,2,,2,0.055,2,,2,0.0,2
231.0,2,7.6103,2,33.9179,2,115.3,2,,2,0.057999999999999996,2,,2,0.0,2
232.0,2,7.6118,2,33.9219,2,114.4,2,,2,0.059000000000000004,2,,2,0.0,2
233.0,2,7.617000000000001,2,33.9257,2,113.4,2,,2,0.057999999999999996,2,,2,0.0,2
234.0,2,7.6159,2,33.9258,2,112.8,2,,2,0.057999999999999996,2,,2,0.0,2
235.1,2,7.5909,2,33.9251,2,113.3,2,,2,0.057999999999999996,2,,2,0.0,2
236.0,2,7.5741,2,33.9262,2,113.5,2,,2,0.055999999999999994,2,,2,0.0,2
237.0,2,7.5788,2,33.9303,2,112.0,2,,2,0.057999999999999996,2,,2,0.0,2
238.0,2,7.5631,2,33.9308,2,111.3,2,,2,0.055999999999999994,2,,2,0.0,2
239.0,2,7.5397,2,33.9303,2,111.2,2,,2,0.057,2,,2,0.0,2
240.0,2,7.5345,2,33.9306,2,110.8,2,,2,0.057,2,,2,0.0,2
241.0,2,7.5277,2,33.9307,2,110.6,2,,2,0.057999999999999996,2,,2,0.0,2
242.0,2,7.5222,2,33.9311,2,110.3,2,,2,0.055999999999999994,2,,2,0.0,2
243.0,2,7.5203,2,33.9312,2,109.9,2,,2,0.059000000000000004,2,,2,0.0,2
244.0,2,7.5157,2,33.9311,2,109.7,2,,2,0.059000000000000004,2,,2,0.0,2
245.0,2,7.5139,2,33.9311,2,109.3,2,,2,0.059000000000000004,2,,2,0.0,2
246.0,2,7.5134,2,33.9312,2,109.0,2,,2,0.059000000000000004,2,,2,0.0,2
247.0,2,7.51,2,33.9313,2,108.7,2,,2,0.057,2,,2,0.0,2
248.0,2,7.5062,2,33.9303,2,108.2,2,,2,0.057,2,,2,0.0,2
249.0,2,7.5031,2,33.9302,2,108.0,2,,2,0.055999999999999994,2,,2,0.0,2
250.0,2,7.5005,2,33.9298,2,107.7,2,,2,0.057999999999999996,2,,2,0.0,2
251.0,2,7.4985,2,33.9297,2,107.3,2,,2,0.057,2,,2,0.0,2
252.0,2,7.4955,2,33.9294,2,107.0,2,,2,0.057999999999999996,2,,2,0.0,2
253.0,2,7.4898,2,33.9289,2,106.6,2,,2,0.057,2,,2,0.0,2
254.0,2,7.4878,2,33.9288,2,106.3,2,,2,0.057999999999999996,2,,2,0.0,2
255.0,2,7.4799,2,33.9281,2,105.9,2,,2,0.06,2,,2,0.0,2
256.0,2,7.4598,2,33.9261,2,105.0,2,,2,0.057999999999999996,2,,2,0.0,2
257.0,2,7.4409,2,33.9256,2,104.1,2,,2,0.057999999999999996,2,,2,0.0,2
258.0,2,7.4216,2,33.9263,2,103.2,2,,2,0.057999999999999996,2,,2,0.0,2
259.0,2,7.4113,2,33.9273,2,102.9,2,,2,0.057,2,,2,0.0,2
260.0,2,7.4057,2,33.9275,2,102.7,2,,2,0.057999999999999996,2,,2,0.0,2
261.0,2,7.4001,2,33.9281,2,102.3,2,,2,0.057,2,,2,0.0,2
262.0,2,7.3938,2,33.9287,2,102.2,2,,2,0.057999999999999996,2,,2,0.0,2
263.0,2,7.3862,2,33.9284,2,101.8,2,,2,0.057,2,,2,0.0,2
264.0,2,7.3654,2,33.9298,2,101.5,2,,2,0.057,2,,2,0.0,2
265.0,2,7.3422,2,33.9312,2,100.9,2,,2,0.057999999999999996,2,,2,0.0,2
266.0,2,7.3403,2,33.9334,2,100.8,2,,2,0.057,2,,2,0.0,2
267.0,2,7.3366,2,33.9347,2,101.2,2,,2,0.057,2,,2,0.0,2
268.0,2,7.3307,2,33.9351,2,101.1,2,,2,0.057999999999999996,2,,2,0.0,2
269.0,2,7.3291,2,33.936,2,100.9,2,,2,0.057999999999999996,2,,2,0.0,2
270.0,2,7.3285,2,33.9366,2,101.0,2,,2,0.059000000000000004,2,,2,0.0,2
271.0,2,7.3193,2,33.9421,2,101.2,2,,2,0.059000000000000004,2,,2,0.0,2
272.0,2,7.3125,2,33.9428,2,101.8,2,,2,0.061,2,,2,0.0,2
273.0,2,7.2933,2,33.9441,2,102.1,2,,2,0.059000000000000004,2,,2,0.0,2
274.0,2,7.28,2,33.9451,2,102.0,2,,2,0.057999999999999996,2,,2,0.0,2
275.0,2,7.2716,2,33.9461,2,101.8,2,,2,0.057999999999999996,2,,2,0.0,2
276.0,2,7.2689,2,33.9468,2,101.3,2,,2,0.06,2,,2,0.0,2
277.0,2,7.2584,2,33.9486,2,101.1,2,,2,0.059000000000000004,2,,2,0.0,2
278.0,2,7.2507,2,33.9497,2,100.8,2,,2,0.057,2,,2,0.0,2
279.0,2,7.2494,2,33.9501,2,100.8,2,,2,0.057,2,,2,0.0,2
280.0,2,7.2422,2,33.9507,2,100.6,2,,2,0.057,2,,2,0.0,2
281.0,2,7.232,2,33.951,2,100.5,2,,2,0.057999999999999996,2,,2,0.0,2
282.0,2,7.2253,2,33.9518,2,100.3,2,,2,0.059000000000000004,2,,2,0.0,2
283.0,2,7.218,2,33.952,2,99.8,2,,2,0.059000000000000004,2,,2,0.0,2
284.0,2,7.2076,2,33.9526,2,99.7,2,,2,0.059000000000000004,2,,2,0.0,2
285.0,2,7.2038,2,33.9527,2,99.5,2,,2,0.057999999999999996,2,,2,0.0,2
286.0,2,7.2005,2,33.9528,2,99.4,2,,2,0.06,2,,2,0.0,2
287.0,2,7.1903,2,33.9531,2,99.3,2,,2,0.06,2,,2,0.0,2
288.0,2,7.1746,2,33.9532,2,99.5,2,,2,0.06,2,,2,0.0,2
289.1,2,7.1673,2,33.9537,2,99.5,2,,2,0.059000000000000004,2,,2,0.0,2
290.0,2,7.1546,2,33.9541,2,99.3,2,,2,0.059000000000000004,2,,2,0.0,2
291.0,2,7.1464,2,33.9541,2,99.3,2,,2,0.057999999999999996,2,,2,0.0,2
292.0,2,7.1356,2,33.9545,2,99.1,2,,2,0.057999999999999996,2,,2,0.0,2
293.0,2,7.1175,2,33.9543,2,98.5,2,,2,0.059000000000000004,2,,2,0.0,2
294.0,2,7.0993,2,33.9554,2,98.5,2,,2,0.059000000000000004,2,,2,0.0,2
295.0,2,7.0782,2,33.9567,2,97.8,2,,2,0.057,2,,2,0.0,2
296.0,2,7.0655,2,33.9576,2,97.4,2,,2,0.057,2,,2,0.0,2
297.0,2,7.0633,2,33.9574,2,96.9,2,,2,0.059000000000000004,2,,2,0.0,2
298.0,2,7.0609,2,33.9576,2,96.7,2,,2,0.059000000000000004,2,,2,0.0,2
299.0,2,7.0573,2,33.9581,2,96.7,2,,2,0.059000000000000004,2,,2,0.0,2
300.0,2,7.0477,2,33.9594,2,96.9,2,,2,0.057999999999999996,2,,2,0.0,2
301.0,2,7.0421,2,33.9605,2,97.0,2,,2,0.059000000000000004,2,,2,0.0,2
302.0,2,7.0255,2,33.9601,2,97.1,2,,2,0.057999999999999996,2,,2,0.0,2
303.0,2,7.0186,2,33.9609,2,97.1,2,,2,0.059000000000000004,2,,2,0.0,2
304.0,2,7.0082,2,33.961,2,97.2,2,,2,0.06,2,,2,0.0,2
305.0,2,6.9991,2,33.9611,2,97.0,2,,2,0.059000000000000004,2,,2,0.0,2
306.0,2,6.9985,2,33.9611,2,96.8,2,,2,0.06,2,,2,0.0,2
307.0,2,6.9979,2,33.9611,2,96.6,2,,2,0.059000000000000004,2,,2,0.0,2
308.0,2,6.996,2,33.9612,2,96.6,2,,2,0.057999999999999996,2,,2,0.0,2
309.0,2,6.9897,2,33.9615,2,96.5,2,,2,0.057999999999999996,2,,2,0.0,2
310.0,2,6.9797,2,33.9615,2,96.1,2,,2,0.059000000000000004,2,,2,0.0,2
311.0,2,6.9656,2,33.9618,2,95.7,2,,2,0.059000000000000004,2,,2,0.0,2
312.0,2,6.9574,2,33.9618,2,95.4,2,,2,0.057999999999999996,2,,2,0.0,2
313.0,2,6.957000000000001,2,33.9614,2,95.0,2,,2,0.059000000000000004,2,,2,0.0,2
314.0,2,6.9479,2,33.9621,2,95.0,2,,2,0.06,2,,2,0.0,2
315.0,2,6.9407,2,33.9624,2,94.8,2,,2,0.059000000000000004,2,,2,0.0,2
316.0,2,6.9324,2,33.9626,2,94.2,2,,2,0.059000000000000004,2,,2,0.0,2
317.0,2,6.9116,2,33.9625,2,93.5,2,,2,0.06,2,,2,0.0,2
318.0,2,6.8912,2,33.9621,2,92.7,2,,2,0.06,2,,2,0.0,2
319.0,2,6.8845,2,33.9622,2,92.1,2,,2,0.059000000000000004,2,,2,0.0,2
320.0,2,6.8831,2,33.9622,2,91.9,2,,2,0.057999999999999996,2,,2,0.0,2
321.0,2,6.882999999999999,2,33.9623,2,91.4,2,,2,0.059000000000000004,2,,2,0.0,2
322.0,2,6.8819,2,33.9619,2,91.3,2,,2,0.059000000000000004,2,,2,0.0,2
323.0,2,6.8813,2,33.9621,2,91.3,2,,2,0.057999999999999996,2,,2,0.0,2
324.0,2,6.88,2,33.9624,2,91.1,2,,2,0.059000000000000004,2,,2,0.0,2
325.0,2,6.8779,2,33.9632,2,90.8,2,,2,0.059000000000000004,2,,2,0.0,2
326.1,2,6.8758,2,33.9633,2,89.8,2,,2,0.059000000000000004,2,,2,0.0,2
327.0,2,6.8749,2,33.9634,2,89.4,2,,2,0.059000000000000004,2,,2,0.0,2
328.0,2,6.8751,2,33.964,2,89.0,2,,2,0.059000000000000004,2,,2,0.0,2
329.0,2,6.8753,2,33.9645,2,88.1,2,,2,0.057,2,,2,0.0,2
330.0,2,6.8715,2,33.9648,2,87.6,2,,2,0.059000000000000004,2,,2,0.0,2
331.0,2,6.8687,2,33.9656,2,87.1,2,,2,0.057999999999999996,2,,2,0.0,2
332.0,2,6.8658,2,33.9657,2,87.0,2,,2,0.059000000000000004,2,,2,0.0,2
333.0,2,6.8647,2,33.9661,2,87.1,2,,2,0.059000000000000004,2,,2,0.0,2
334.0,2,6.8633,2,33.9661,2,87.2,2,,2,0.059000000000000004,2,,2,0.0,2
335.0,2,6.8625,2,33.9666,2,87.2,2,,2,0.057999999999999996,2,,2,0.0,2
336.0,2,6.8641,2,33.9672,2,87.6,2,,2,0.059000000000000004,2,,2,0.0,2
336.8,2,6.8623,2,33.9677,2,87.8,2,,2,0.06,2,,2,0.0,2
338.0,2,6.8625,2,33.9683,2,88.4,2,,2,0.06,2,,2,0.0,2
339.0,2,6.8582,2,33.9692,2,89.1,2,,2,0.057999999999999996,2,,2,0.0,2
340.0,2,6.847,2,33.9701,2,89.8,2,,2,0.059000000000000004,2,,2,0.0,2
341.0,2,6.8213,2,33.9708,2,90.4,2,,2,0.059000000000000004,2,,2,0.0,2
342.0,2,6.8094,2,33.9713,2,90.2,2,,2,0.057999999999999996,2,,2,0.0,2
343.0,2,6.7993,2,33.9714,2,90.2,2,,2,0.06,2,,2,0.0,2
344.0,2,6.7856,2,33.9714,2,90.1,2,,2,0.059000000000000004,2,,2,0.0,2
344.7,2,6.773,2,33.9729,2,90.0,2,,2,0.059000000000000004,2,,2,0.0,2
346.1,2,6.7535,2,33.9722,2,89.8,2,,2,0.059000000000000004,2,,2,0.0,2
347.0,2,6.7495,2,33.9722,2,89.7,2,,2,0.06,2,,2,0.0,2
348.0,2,6.7457,2,33.9722,2,89.5,2,,2,0.059000000000000004,2,,2,0.0,2
349.0,2,6.7384,2,33.9713,2,89.9,2,,2,0.059000000000000004,2,,2,0.0,2
350.0,2,6.7256,2,33.9701,2,90.4,2,,2,0.057999999999999996,2,,2,0.0,2
351.0,2,6.707999999999999,2,33.9685,2,90.9,2,,2,0.06,2,,2,0.0,2
352.0,2,6.7019,2,33.9689,2,91.0,2,,2,0.059000000000000004,2,,2,0.0,2
353.0,2,6.6906,2,33.9676,2,91.0,2,,2,0.059000000000000004,2,,2,0.0,2
354.0,2,6.676,2,33.9681,2,91.1,2,,2,0.059000000000000004,2,,2,0.0,2
355.0,2,6.667999999999999,2,33.9683,2,91.1,2,,2,0.059000000000000004,2,,2,0.0,2
356.0,2,6.6481,2,33.9665,2,91.4,2,,2,0.059000000000000004,2,,2,0.0,2
357.0,2,6.6403,2,33.966,2,91.4,2,,2,0.059000000000000004,2,,2,0.0,2
358.0,2,6.626,2,33.9662,2,91.4,2,,2,0.059000000000000004,2,,2,0.0,2
359.0,2,6.6166,2,33.9666,2,91.3,2,,2,0.059000000000000004,2,,2,0.0,2
360.0,2,6.6071,2,33.9672,2,91.1,2,,2,0.059000000000000004,2,,2,0.0,2
361.0,2,6.5971,2,33.9663,2,91.0,2,,2,0.059000000000000004,2,,2,0.0,2
362.0,2,6.5696,2,33.9659,2,91.1,2,,2,0.06,2,,2,0.0,2
362.9,2,6.5073,2,33.9599,2,92.5,2,,2,0.059000000000000004,2,,2,0.0,2
364.0,2,6.4646,2,33.9554,2,94.5,2,,2,0.059000000000000004,2,,2,0.0,2
365.0,2,6.4487,2,33.954,2,95.2,2,,2,0.059000000000000004,2,,2,0.0,2
366.0,2,6.4461,2,33.9537,2,95.6,2,,2,0.059000000000000004,2,,2,0.0,2
367.0,2,6.4458,2,33.9538,2,95.5,2,,2,0.059000000000000004,2,,2,0.0,2
368.0,2,6.4425,2,33.9538,2,95.4,2,,2,0.059000000000000004,2,,2,0.0,2
369.0,2,6.4377,2,33.9546,2,95.0,2,,2,0.06,2,,2,0.0,2
370.0,2,6.4376,2,33.9551,2,94.5,2,,2,0.06,2,,2,0.0,2
371.0,2,6.4375,2,33.9555,2,94.3,2,,2,0.061,2,,2,0.0,2
372.0,2,6.4362,2,33.9559,2,94.1,2,,2,0.06,2,,2,0.0,2
373.0,2,6.4337,2,33.9562,2,94.5,2,,2,0.06,2,,2,0.0,2
374.0,2,6.4339,2,33.9563,2,94.5,2,,2,0.059000000000000004,2,,2,0.0,2
375.0,2,6.4342,2,33.9563,2,94.2,2,,2,0.06,2,,2,0.0,2
376.0,2,6.4332,2,33.9562,2,94.4,2,,2,0.06,2,,2,0.0,2
377.0,2,6.4336,2,33.9566,2,94.8,2,,2,0.059000000000000004,2,,2,0.0,2
378.0,2,6.428999999999999,2,33.9556,2,94.8,2,,2,0.059000000000000004,2,,2,0.0,2
379.0,2,6.4263,2,33.9552,2,95.2,2,,2,0.057999999999999996,2,,2,0.0,2
380.0,2,6.4036,2,33.9519,2,96.6,2,,2,0.057999999999999996,2,,2,0.0,2
381.0,2,6.3473,2,33.9448,2,98.8,2,,2,0.059000000000000004,2,,2,0.0,2
382.0,2,6.3268,2,33.9414,2,100.8,2,,2,0.06,2,,2,0.0,2
383.0,2,6.3216,2,33.9404,2,102.1,2,,2,0.061,2,,2,0.0,2
383.8,2,6.3095,2,33.9403,2,102.9,2,,2,0.06,2,,2,0.0,2
385.2,2,6.2921,2,33.9389,2,103.2,2,,2,0.06,2,,2,0.0,2
386.0,2,6.2881,2,33.9386,2,103.3,2,,2,0.06,2,,2,0.0,2
387.0,2,6.2892,2,33.9387,2,102.9,2,,2,0.057999999999999996,2,,2,0.0,2
388.0,2,6.2915,2,33.94,2,102.4,2,,2,0.059000000000000004,2,,2,0.0,2
389.0,2,6.2931,2,33.9412,2,101.8,2,,2,0.059000000000000004,2,,2,0.0,2
390.0,2,6.2869,2,33.9406,2,101.6,2,,2,0.057999999999999996,2,,2,0.0,2
391.0,2,6.2579,2,33.9393,2,101.8,2,,2,0.06,2,,2,0.0,2
392.0,2,6.2257,2,33.9369,2,102.1,2,,2,0.059000000000000004,2,,2,0.0,2
393.1,2,6.2054,2,33.9357,2,102.4,2,,2,0.059000000000000004,2,,2,0.0,2
393.7,2,6.2024,2,33.9388,2,102.2,2,,2,0.06,2,,2,0.0,2
395.3,2,6.1958,2,33.9384,2,101.4,2,,2,0.057,2,,2,0.0,2
396.0,2,6.192,2,33.9387,2,100.8,2,,2,0.057999999999999996,2,,2,0.0,2
397.0,2,6.1854,2,33.9388,2,100.4,2,,2,0.061,2,,2,0.0,2
398.0,2,6.1828,2,33.9388,2,100.3,2,,2,0.059000000000000004,2,,2,0.0,2
399.0,2,6.1796,2,33.9388,2,100.1,2,,2,0.06,2,,2,0.0,2
400.0,2,6.1718,2,33.9377,2,100.5,2,,2,0.059000000000000004,2,,2,0.0,2
401.0,2,6.1459,2,33.9336,2,101.5,2,,2,0.06,2,,2,0.0,2
402.0,2,6.1155,2,33.9287,2,102.7,2,,2,0.06,2,,2,0.0,2
403.0,2,6.115,2,33.931999999999995,2,102.7,2,,2,0.059000000000000004,2,,2,0.0,2
404.0,2,6.1109,2,33.9349,2,101.6,2,,2,0.057999999999999996,2,,2,0.0,2
405.0,2,6.1127,2,33.9351,2,100.9,2,,2,0.06,2,,2,0.0,2
406.0,2,6.1131,2,33.9354,2,100.5,2,,2,0.06,2,,2,0.0,2
407.0,2,6.1124,2,33.9364,2,100.4,2,,2,0.06,2,,2,0.0,2
408.0,2,6.1126,2,33.9359,2,100.1,2,,2,0.06,2,,2,0.0,2
409.0,2,6.1137,2,33.9367,2,100.3,2,,2,0.06,2,,2,0.0,2
410.0,2,6.1141,2,33.9373,2,99.7,2,,2,0.06,2,,2,0.0,2
411.0,2,6.1156,2,33.9382,2,99.5,2,,2,0.059000000000000004,2,,2,0.0,2
412.0,2,6.1176,2,33.9389,2,99.3,2,,2,0.06,2,,2,0.0,2
413.0,2,6.1208,2,33.9397,2,98.8,2,,2,0.059000000000000004,2,,2,0.0,2
414.0,2,6.1277,2,33.9415,2,97.7,2,,2,0.059000000000000004,2,,2,0.0,2
415.0,2,6.1576,2,33.9486,2,95.7,2,,2,0.059000000000000004,2,,2,0.0,2
416.0,2,6.1625,2,33.9523,2,93.7,2,,2,0.057999999999999996,2,,2,0.0,2
417.0,2,6.1499,2,33.9517,2,92.2,2,,2,0.059000000000000004,2,,2,0.0,2
418.0,2,6.1436,2,33.9529,2,91.2,2,,2,0.06,2,,2,0.0,2
419.0,2,6.1421,2,33.9545,2,90.5,2,,2,0.059000000000000004,2,,2,0.0,2
420.0,2,6.1474,2,33.9577,2,88.9,2,,2,0.059000000000000004,2,,2,0.0,2
421.0,2,6.1511,2,33.961,2,87.4,2,,2,0.06,2,,2,0.0,2
422.0,2,6.1555,2,33.9666,2,85.4,2,,2,0.06,2,,2,0.0,2
423.0,2,6.1422,2,33.9689,2,83.5,2,,2,0.057999999999999996,2,,2,0.0,2
424.1,2,6.1278,2,33.9692,2,82.4,2,,2,0.06,2,,2,0.0,2
424.9,2,6.0995,2,33.9692,2,82.1,2,,2,0.059000000000000004,2,,2,0.0,2
426.0,2,6.082000000000001,2,33.9675,2,82.1,2,,2,0.059000000000000004,2,,2,0.0,2
427.0,2,6.0756,2,33.9679,2,82.3,2,,2,0.06,2,,2,0.0,2
428.0,2,6.0721,2,33.9682,2,82.1,2,,2,0.06,2,,2,0.0,2
429.0,2,6.0675,2,33.9683,2,82.0,2,,2,0.06,2,,2,0.0,2
430.0,2,6.0573,2,33.9679,2,81.9,2,,2,0.06,2,,2,0.0,2
431.1,2,6.0154,2,33.9705,2,81.9,2,,2,0.06,2,,2,0.0,2
432.0,2,5.9811,2,33.9698,2,81.2,2,,2,0.059000000000000004,2,,2,0.0,2
433.0,2,5.9665,2,33.9688,2,80.6,2,,2,0.059000000000000004,2,,2,0.0,2
434.0,2,5.9548,2,33.9705,2,80.3,2,,2,0.057999999999999996,2,,2,0.0,2
435.0,2,5.9494,2,33.9708,2,80.1,2,,2,0.06,2,,2,0.0,2
436.0,2,5.9332,2,33.9713,2,79.6,2,,2,0.06,2,,2,0.0,2
437.0,2,5.8895,2,33.9701,2,79.1,2,,2,0.061,2,,2,0.0,2
438.0,2,5.8811,2,33.972,2,78.7,2,,2,0.059000000000000004,2,,2,0.0,2
439.1,2,5.8665,2,33.9722,2,78.6,2,,2,0.06,2,,2,0.0,2
440.0,2,5.8632,2,33.9716,2,78.4,2,,2,0.059000000000000004,2,,2,0.0,2
441.0,2,5.857,2,33.9717,2,78.5,2,,2,0.06,2,,2,0.0,2
442.0,2,5.8434,2,33.9711,2,78.2,2,,2,0.06,2,,2,0.0,2
443.0,2,5.8284,2,33.9721,2,77.9,2,,2,0.059000000000000004,2,,2,0.0,2
444.0,2,5.8071,2,33.9729,2,77.5,2,,2,0.06,2,,2,0.0,2
445.0,2,5.791,2,33.9737,2,76.9,2,,2,0.059000000000000004,2,,2,0.0,2
446.0,2,5.7708,2,33.9746,2,76.5,2,,2,0.057999999999999996,2,,2,0.0,2
447.0,2,5.7533,2,33.9766,2,75.7,2,,2,0.059000000000000004,2,,2,0.0,2
448.0,2,5.7327,2,33.9793,2,74.9,2,,2,0.06,2,,2,0.0,2
449.0,2,5.7296,2,33.9791,2,74.1,2,,2,0.059000000000000004,2,,2,0.0,2
449.9,2,5.7215,2,33.9821,2,73.4,2,,2,0.06,2,,2,0.0,2
451.4,2,5.705,2,33.9866,2,71.6,2,,2,0.059000000000000004,2,,2,0.0,2
452.0,2,5.696000000000001,2,33.9862,2,71.1,2,,2,0.06,2,,2,0.0,2
453.0,2,5.6618,2,33.9853,2,70.7,2,,2,0.06,2,,2,0.0,2
454.0,2,5.6539,2,33.9849,2,70.5,2,,2,0.059000000000000004,2,,2,0.0,2
455.0,2,5.6501,2,33.9857,2,70.4,2,,2,0.06,2,,2,0.0,2
456.0,2,5.6426,2,33.9866,2,70.0,2,,2,0.06,2,,2,0.0,2
457.0,2,5.6231,2,33.9881,2,69.2,2,,2,0.059000000000000004,2,,2,0.0,2
458.0,2,5.601,2,33.9894,2,68.5,2,,2,0.059000000000000004,2,,2,0.0,2
459.0,2,5.5921,2,33.9911,2,67.9,2,,2,0.06,2,,2,0.0,2
460.0,2,5.5839,2,33.9929,2,67.1,2,,2,0.06,2,,2,0.0,2
461.0,2,5.5779,2,33.994,2,66.8,2,,2,0.06,2,,2,0.0,2
462.0,2,5.5711,2,33.9962,2,66.2,2,,2,0.061,2,,2,0.0,2
463.0,2,5.565,2,33.9976,2,65.3,2,,2,0.059000000000000004,2,,2,0.0,2
464.0,2,5.5579,2,33.9986,2,64.9,2,,2,0.06,2,,2,0.0,2
465.0,2,5.5417,2,33.998000000000005,2,64.5,2,,2,0.06,2,,2,0.0,2
466.0,2,5.5049,2,33.9991,2,64.0,2,,2,0.06,2,,2,0.0,2
467.0,2,5.4955,2,33.9988,2,63.6,2,,2,0.059000000000000004,2,,2,0.0,2
468.0,2,5.4799,2,33.9998,2,63.2,2,,2,0.06,2,,2,0.0,2
469.0,2,5.4702,2,34.0003,2,63.0,2,,2,0.06,2,,2,0.0,2
470.0,2,5.4547,2,34.0011,2,62.8,2,,2,0.06,2,,2,0.0,2
471.0,2,5.4288,2,33.9995,2,62.8,2,,2,0.06,2,,2,0.0,2
472.0,2,5.3811,2,33.9974,2,62.9,2,,2,0.061,2,,2,0.0,2
473.0,2,5.3688,2,33.9975,2,62.9,2,,2,0.06,2,,2,0.0,2
474.0,2,5.3566,2,33.9962,2,63.3,2,,2,0.06,2,,2,0.0,2
475.0,2,5.3539,2,33.9954,2,63.2,2,,2,0.06,2,,2,0.0,2
476.0,2,5.3451,2,33.9971,2,62.9,2,,2,0.06,2,,2,0.0,2
477.0,2,5.3445,2,33.9982,2,62.7,2,,2,0.06,2,,2,0.0,2
478.0,2,5.3435,2,33.9988,2,62.3,2,,2,0.06,2,,2,0.0,2
479.0,2,5.3095,2,33.9945,2,63.0,2,,2,0.06,2,,2,0.0,2
480.0,2,5.2331,2,33.9869,2,63.6,2,,2,0.06,2,,2,0.0,2
481.0,2,5.2259,2,33.9899,2,63.7,2,,2,0.06,2,,2,0.0,2
482.0,2,5.1973,2,33.9894,2,63.6,2,,2,0.06,2,,2,0.0,2
483.0,2,5.1896,2,33.9931,2,63.0,2,,2,0.06,2,,2,0.0,2
484.0,2,5.1901,2,33.9947,2,62.3,2,,2,0.059000000000000004,2,,2,0.0,2
485.0,2,5.1522,2,33.9932,2,62.1,2,,2,0.059000000000000004,2,,2,0.0,2
486.0,2,5.1369,2,33.9918,2,61.9,2,,2,0.06,2,,2,0.0,2
487.0,2,5.106,2,33.9884,2,62.3,2,,2,0.06,2,,2,0.0,2
488.0,2,5.0479,2,33.9806,2,63.6,2,,2,0.06,2,,2,0.0,2
489.0,2,5.0374,2,33.9833,2,63.6,2,,2,0.06,2,,2,0.0,2
490.0,2,5.0399,2,33.9852,2,63.5,2,,2,0.06,2,,2,0.0,2
491.0,2,5.0352,2,33.9845,2,63.3,2,,2,0.059000000000000004,2,,2,0.0,2
492.0,2,5.0235,2,33.9831,2,63.4,2,,2,0.06,2,,2,0.0,2
493.0,2,5.0184,2,33.9834,2,63.3,2,,2,0.059000000000000004,2,,2,0.0,2
494.0,2,5.0136,2,33.9866,2,62.6,2,,2,0.06,2,,2,0.0,2
495.0,2,5.0095,2,33.9902,2,62.2,2,,2,0.06,2,,2,0.0,2
496.0,2,4.9675,2,33.9872,2,62.0,2,,2,0.06,2,,2,0.0,2
497.0,2,4.9585,2,33.9863,2,61.6,2,,2,0.059000000000000004,2,,2,0.0,2
498.0,2,4.9578,2,33.9868,2,61.6,2,,2,0.059000000000000004,2,,2,0.0,2
499.1,2,4.9567,2,33.9868,2,61.6,2,,2,0.059000000000000004,2,,2,0.0,2
499.9,2,4.9526,2,33.9882,2,61.4,2,,2,0.06,2,,2,0.0,2
501.0,2,4.9430000000000005,2,33.9931,2,60.5,2,,2,0.059000000000000004,2,,2,0.0,2
502.0,2,4.9376,2,33.9966,2,59.2,2,,2,0.06,2,,2,0.0,2
503.0,2,4.9379,2,33.9971,2,58.6,2,,2,0.059000000000000004,2,,2,0.0,2
504.0,2,4.9405,2,33.9978,2,58.3,2,,2,0.06,2,,2,0.0,2
505.0,2,4.9439,2,34.0017,2,57.4,2,,2,0.06,2,,2,0.0,2
506.0,2,4.9467,2,34.0083,2,56.4,2,,2,0.06,2,,2,0.0,2
507.0,2,4.9392,2,34.0099,2,55.3,2,,2,0.06,2,,2,0.0,2
508.0,2,4.936,2,34.0114,2,54.5,2,,2,0.06,2,,2,0.0,2
509.0,2,4.9371,2,34.0128,2,54.2,2,,2,0.06,2,,2,0.0,2
510.0,2,4.9495,2,34.0164,2,53.6,2,,2,0.059000000000000004,2,,2,0.0,2
511.0,2,4.9672,2,34.021,2,52.3,2,,2,0.059000000000000004,2,,2,0.0,2
512.0,2,4.9948,2,34.0267,2,51.1,2,,2,0.059000000000000004,2,,2,0.0,2
513.0,2,5.015,2,34.0316,2,49.8,2,,2,0.06,2,,2,0.0,2
514.0,2,5.0554,2,34.042,2,48.1,2,,2,0.06,2,,2,0.0,2
515.0,2,5.0755,2,34.0482,2,46.6,2,,2,0.059000000000000004,2,,2,0.0,2
516.0,2,5.0746,2,34.0497,2,45.7,2,,2,0.059000000000000004,2,,2,0.0,2
517.0,2,5.0747,2,34.0509,2,45.0,2,,2,0.06,2,,2,0.0,2
518.0,2,5.0777,2,34.0544,2,44.3,2,,2,0.06,2,,2,0.0,2
519.0,2,5.0727,2,34.0551,2,43.8,2,,2,0.06,2,,2,0.0,2
520.0,2,5.0614,2,34.0548,2,43.6,2,,2,0.061,2,,2,0.0,2
521.0,2,5.0382,2,34.0527,2,44.0,2,,2,0.06,2,,2,0.0,2
522.0,2,5.0265,2,34.0521,2,44.3,2,,2,0.06,2,,2,0.0,2
522.6,2,5.0018,2,34.052,2,44.6,2,,2,0.06,2,,2,0.0,2
524.3,2,4.9941,2,34.0481,2,45.5,2,,2,0.059000000000000004,2,,2,0.0,2
525.0,2,4.9907,2,34.0482,2,45.3,2,,2,0.059000000000000004,2,,2,0.0,2
526.0,2,4.9828,2,34.0475,2,45.4,2,,2,0.06,2,,2,0.0,2
527.0,2,4.9791,2,34.0473,2,45.7,2,,2,0.06,2,,2,0.0,2
528.0,2,4.9715,2,34.0467,2,45.9,2,,2,0.06,2,,2,0.0,2
529.0,2,4.9577,2,34.0458,2,45.9,2,,2,0.061,2,,2,0.0,2
530.1,2,4.9358,2,34.0448,2,45.8,2,,2,0.061,2,,2,0.0,2
531.0,2,4.9162,2,34.0469,2,45.7,2,,2,0.06,2,,2,0.0,2
532.0,2,4.8953,2,34.0425,2,46.1,2,,2,0.06,2,,2,0.0,2
533.0,2,4.8579,2,34.0386,2,46.6,2,,2,0.06,2,,2,0.0,2
534.0,2,4.8377,2,34.0369,2,47.0,2,,2,0.06,2,,2,0.0,2
535.0,2,4.8293,2,34.0367,2,47.3,2,,2,0.06,2,,2,0.0,2
536.0,2,4.8336,2,34.0375,2,47.3,2,,2,0.061,2,,2,0.0,2
537.0,2,4.8366,2,34.039,2,46.9,2,,2,0.06,2,,2,0.0,2
538.0,2,4.8273,2,34.038000000000004,2,46.7,2,,2,0.061,2,,2,0.0,2
539.0,2,4.8149,2,34.037,2,46.9,2,,2,0.059000000000000004,2,,2,0.0,2
540.0,2,4.8028,2,34.0357,2,47.0,2,,2,0.059000000000000004,2,,2,0.0,2
541.0,2,4.7964,2,34.0346,2,47.3,2,,2,0.06,2,,2,0.0,2
542.0,2,4.7889,2,34.0343,2,47.6,2,,2,0.06,2,,2,0.0,2
543.0,2,4.7805,2,34.0333,2,47.6,2,,2,0.06,2,,2,0.0,2
544.0,2,4.7719,2,34.0326,2,47.7,2,,2,0.059000000000000004,2,,2,0.0,2
545.0,2,4.7653,2,34.033,2,47.6,2,,2,0.06,2,,2,0.0,2
546.0,2,4.7685,2,34.034,2,47.3,2,,2,0.06,2,,2,0.0,2
547.0,2,4.7692,2,34.0361,2,46.9,2,,2,0.059000000000000004,2,,2,0.0,2
548.0,2,4.7541,2,34.037,2,46.6,2,,2,0.059000000000000004,2,,2,0.0,2
549.0,2,4.7361,2,34.0372,2,46.5,2,,2,0.061,2,,2,0.0,2
550.0,2,4.7261,2,34.0394,2,46.1,2,,2,0.06,2,,2,0.0,2
551.0,2,4.7216,2,34.0395,2,45.9,2,,2,0.059000000000000004,2,,2,0.0,2
552.0,2,4.7161,2,34.0407,2,45.5,2,,2,0.059000000000000004,2,,2,0.0,2
553.0,2,4.7139999999999995,2,34.0445,2,44.5,2,,2,0.059000000000000004,2,,2,0.0,2
554.0,2,4.7141,2,34.0479,2,44.1,2,,2,0.06,2,,2,0.0,2
555.0,2,4.7127,2,34.0497,2,43.6,2,,2,0.059000000000000004,2,,2,0.0,2
556.0,2,4.7115,2,34.0502,2,43.0,2,,2,0.061,2,,2,0.0,2
557.0,2,4.7115,2,34.0512,2,43.0,2,,2,0.06,2,,2,0.0,2
558.0,2,4.7131,2,34.0523,2,42.7,2,,2,0.06,2,,2,0.0,2
559.0,2,4.7137,2,34.0568,2,42.1,2,,2,0.06,2,,2,0.0,2
560.0,2,4.7131,2,34.0596,2,41.6,2,,2,0.06,2,,2,0.0,2
561.0,2,4.7187,2,34.0617,2,41.0,2,,2,0.06,2,,2,0.0,2
562.0,2,4.7228,2,34.0626,2,40.6,2,,2,0.06,2,,2,0.0,2
563.0,2,4.7397,2,34.0673,2,39.8,2,,2,0.06,2,,2,0.0,2
564.0,2,4.7779,2,34.0779,2,38.7,2,,2,0.06,2,,2,0.0,2
565.0,2,4.8012,2,34.0832,2,37.4,2,,2,0.06,2,,2,0.0,2
566.3,2,4.7994,2,34.0852,2,36.0,2,,2,0.06,2,,2,0.0,2
567.0,2,4.7984,2,34.0866,2,35.6,2,,2,0.06,2,,2,0.0,2
568.0,2,4.7899,2,34.0885,2,35.3,2,,2,0.061,2,,2,0.0,2
569.0,2,4.7897,2,34.0896,2,35.0,2,,2,0.061,2,,2,0.0,2
570.0,2,4.7909,2,34.0914,2,34.8,2,,2,0.06,2,,2,0.0,2
571.0,2,4.7871,2,34.0929,2,34.5,2,,2,0.06,2,,2,0.0,2
572.0,2,4.7846,2,34.0932,2,34.4,2,,2,0.06,2,,2,0.0,2
573.0,2,4.7780000000000005,2,34.0926,2,34.5,2,,2,0.06,2,,2,0.0,2
574.0,2,4.7708,2,34.0934,2,34.3,2,,2,0.06,2,,2,0.0,2
575.0,2,4.7685,2,34.0937,2,34.3,2,,2,0.06,2,,2,0.0,2
576.0,2,4.7641,2,34.0938,2,34.2,2,,2,0.061,2,,2,0.0,2
577.0,2,4.7524,2,34.0931,2,34.2,2,,2,0.06,2,,2,0.0,2
578.0,2,4.7419,2,34.0929,2,34.3,2,,2,0.06,2,,2,0.0,2
579.0,2,4.7325,2,34.0921,2,34.4,2,,2,0.06,2,,2,0.0,2
580.0,2,4.7212,2,34.0917,2,34.5,2,,2,0.06,2,,2,0.0,2
581.0,2,4.7201,2,34.0918,2,34.6,2,,2,0.06,2,,2,0.0,2
582.0,2,4.7179,2,34.0919,2,34.7,2,,2,0.06,2,,2,0.0,2
583.0,2,4.7131,2,34.0916,2,34.5,2,,2,0.06,2,,2,0.0,2
584.0,2,4.704,2,34.0907,2,34.8,2,,2,0.059000000000000004,2,,2,0.0,2
585.0,2,4.6925,2,34.0897,2,34.8,2,,2,0.06,2,,2,0.0,2
586.0,2,4.6827,2,34.0887,2,35.2,2,,2,0.06,2,,2,0.0,2
587.0,2,4.6707,2,34.0898,2,35.2,2,,2,0.06,2,,2,0.0,2
588.0,2,4.658,2,34.0907,2,34.8,2,,2,0.06,2,,2,0.0,2
589.0,2,4.6536,2,34.0922,2,34.5,2,,2,0.06,2,,2,0.0,2
590.0,2,4.6563,2,34.0969,2,33.7,2,,2,0.06,2,,2,0.0,2
591.0,2,4.6669,2,34.1052,2,32.8,2,,2,0.06,2,,2,0.0,2
592.0,2,4.6761,2,34.11,2,31.4,2,,2,0.061,2,,2,0.0,2
593.0,2,4.688,2,34.1136,2,30.6,2,,2,0.06,2,,2,0.0,2
594.0,2,4.6893,2,34.1146,2,30.1,2,,2,0.061,2,,2,0.0,2
595.0,2,4.6753,2,34.113,2,29.7,2,,2,0.061,2,,2,0.0,2
596.0,2,4.6709,2,34.1146,2,29.8,2,,2,0.06,2,,2,0.0,2
597.0,2,4.6529,2,34.1146,2,29.7,2,,2,0.06,2,,2,0.0,2
598.0,2,4.6264,2,34.1134,2,29.9,2,,2,0.06,2,,2,0.0,2
599.0,2,4.6159,2,34.1147,2,29.5,2,,2,0.06,2,,2,0.0,2
600.0,2,4.6189,2,34.1168,2,29.6,2,,2,0.06,2,,2,0.0,2
601.0,2,4.6102,2,34.1181,2,29.6,2,,2,0.061,2,,2,0.0,2
602.0,2,4.5917,2,34.1179,2,29.0,2,,2,0.06,2,,2,0.0,2
603.0,2,4.5955,2,34.1217,2,28.6,2,,2,0.059000000000000004,2,,2,0.0,2
604.0,2,4.6023,2,34.1269,2,27.9,2,,2,0.06,2,,2,0.0,2
605.0,2,4.5962,2,34.1309,2,27.4,2,,2,0.06,2,,2,0.0,2
606.0,2,4.5932,2,34.1336,2,26.6,2,,2,0.061,2,,2,0.0,2
606.9,2,4.5717,2,34.1352,2,26.0,2,,2,0.06,2,,2,0.0,2
608.0,2,4.5602,2,34.1376,2,25.8,2,,2,0.06,2,,2,0.0,2
609.0,2,4.5597,2,34.1377,2,25.7,2,,2,0.06,2,,2,0.0,2
610.0,2,4.5583,2,34.1385,2,25.5,2,,2,0.06,2,,2,0.0,2
611.0,2,4.5574,2,34.1393,2,25.3,2,,2,0.06,2,,2,0.0,2
612.0,2,4.5572,2,34.14,2,25.4,2,,2,0.06,2,,2,0.0,2
613.0,2,4.5565,2,34.1417,2,25.5,2,,2,0.06,2,,2,0.0,2
614.4,2,4.5564,2,34.1433,2,25.3,2,,2,0.06,2,,2,0.0,2
615.0,2,4.5574,2,34.1461,2,25.2,2,,2,0.06,2,,2,0.0,2
616.0,2,4.5578,2,34.1512,2,24.6,2,,2,0.06,2,,2,0.0,2
617.0,2,4.5558,2,34.154,2,24.0,2,,2,0.061,2,,2,0.0,2
618.0,2,4.5541,2,34.1558,2,23.7,2,,2,0.06,2,,2,0.0,2
619.0,2,4.5536,2,34.1564,2,23.5,2,,2,0.06,2,,2,0.0,2
620.0,2,4.553,2,34.1569,2,23.1,2,,2,0.061,2,,2,0.0,2
621.0,2,4.5528,2,34.1572,2,22.8,2,,2,0.061,2,,2,0.0,2
622.0,2,4.5519,2,34.158,2,23.0,2,,2,0.06,2,,2,0.0,2
623.0,2,4.5511,2,34.1596,2,23.0,2,,2,0.06,2,,2,0.0,2
624.0,2,4.5507,2,34.1603,2,22.7,2,,2,0.06,2,,2,0.0,2
625.0,2,4.5487,2,34.1628,2,22.2,2,,2,0.059000000000000004,2,,2,0.0,2
626.0,2,4.5484,2,34.1642,2,22.0,2,,2,0.06,2,,2,0.0,2
627.0,2,4.5461,2,34.1661,2,21.9,2,,2,0.061,2,,2,0.0,2
628.0,2,4.5403,2,34.1682,2,21.6,2,,2,0.06,2,,2,0.0,2
629.0,2,4.5379,2,34.169000000000004,2,21.1,2,,2,0.06,2,,2,0.0,2
630.0,2,4.5371,2,34.1696,2,21.2,2,,2,0.06,2,,2,0.0,2
631.0,2,4.537,2,34.1695,2,21.3,2,,2,0.059000000000000004,2,,2,0.0,2
632.0,2,4.535,2,34.1698,2,21.0,2,,2,0.06,2,,2,0.0,2
633.0,2,4.5313,2,34.1706,2,21.0,2,,2,0.06,2,,2,0.0,2
634.0,2,4.5283,2,34.1705,2,21.0,2,,2,0.061,2,,2,0.0,2
635.0,2,4.5238,2,34.1711,2,21.0,2,,2,0.061,2,,2,0.0,2
636.0,2,4.5213,2,34.172,2,21.1,2,,2,0.061,2,,2,0.0,2
637.0,2,4.5207,2,34.1726,2,21.2,2,,2,0.06,2,,2,0.0,2
638.1,2,4.513999999999999,2,34.1755,2,20.8,2,,2,0.06,2,,2,0.0,2
639.0,2,4.4997,2,34.1787,2,20.4,2,,2,0.061,2,,2,0.0,2
640.0,2,4.4903,2,34.1811,2,19.6,2,,2,0.06,2,,2,0.0,2
641.0,2,4.4796,2,34.1838,2,19.7,2,,2,0.06,2,,2,0.0,2
642.0,2,4.476,2,34.1847,2,19.6,2,,2,0.061,2,,2,0.0,2
643.0,2,4.4741,2,34.1852,2,19.3,2,,2,0.06,2,,2,0.0,2
644.0,2,4.4733,2,34.1852,2,19.2,2,,2,0.06,2,,2,0.0,2
645.0,2,4.4696,2,34.1866,2,18.9,2,,2,0.06,2,,2,0.0,2
646.1,2,4.4554,2,34.1908,2,18.6,2,,2,0.061,2,,2,0.0,2
647.0,2,4.4484,2,34.192,2,18.3,2,,2,0.06,2,,2,0.0,2
648.0,2,4.4447,2,34.1926,2,17.9,2,,2,0.06,2,,2,0.0,2
649.0,2,4.4435,2,34.193000000000005,2,18.0,2,,2,0.061,2,,2,0.0,2
650.0,2,4.4419,2,34.1932,2,18.0,2,,2,0.061,2,,2,0.0,2
651.0,2,4.4418,2,34.1932,2,17.9,2,,2,0.06,2,,2,0.0,2
652.0,2,4.4411,2,34.1934,2,18.1,2,,2,0.06,2,,2,0.0,2
653.0,2,4.4391,2,34.1935,2,17.9,2,,2,0.061,2,,2,0.0,2
654.0,2,4.4379,2,34.1937,2,17.9,2,,2,0.06,2,,2,0.0,2
655.0,2,4.4377,2,34.1938,2,17.9,2,,2,0.061,2,,2,0.0,2
656.0,2,4.4267,2,34.195,2,18.2,2,,2,0.06,2,,2,0.0,2
657.0,2,4.4223,2,34.195,2,18.1,2,,2,0.061,2,,2,0.0,2
658.0,2,4.4172,2,34.1955,2,18.0,2,,2,0.06,2,,2,0.0,2
659.0,2,4.4149,2,34.1958,2,17.7,2,,2,0.06,2,,2,0.0,2
660.0,2,4.4143,2,34.196,2,17.8,2,,2,0.06,2,,2,0.0,2
661.0,2,4.4141,2,34.1959,2,17.8,2,,2,0.06,2,,2,0.0,2
662.0,2,4.4129,2,34.196,2,17.7,2,,2,0.061,2,,2,0.0,2
663.0,2,4.4085,2,34.1965,2,17.6,2,,2,0.061,2,,2,0.0,2
664.0,2,4.3927,2,34.1983,2,17.8,2,,2,0.061,2,,2,0.0,2
665.0,2,4.3833,2,34.1993,2,17.8,2,,2,0.06,2,,2,0.0,2
666.0,2,4.3767,2,34.1999,2,17.4,2,,2,0.06,2,,2,0.0,2
667.0,2,4.3584,2,34.2033,2,17.2,2,,2,0.061,2,,2,0.0,2
668.0,2,4.3467,2,34.2035,2,16.9,2,,2,0.06,2,,2,0.0,2
669.0,2,4.3416,2,34.2041,2,16.7,2,,2,0.061,2,,2,0.0,2
670.0,2,4.3307,2,34.2057,2,16.4,2,,2,0.061,2,,2,0.0,2
671.0,2,4.3275,2,34.205999999999996,2,16.3,2,,2,0.06,2,,2,0.0,2
672.0,2,4.3239,2,34.2067,2,16.5,2,,2,0.061,2,,2,0.0,2
673.0,2,4.3213,2,34.2074,2,16.7,2,,2,0.06,2,,2,0.0,2
674.0,2,4.3206,2,34.2078,2,16.6,2,,2,0.06,2,,2,0.0,2
675.0,2,4.3205,2,34.208,2,16.3,2,,2,0.06,2,,2,0.0,2
676.0,2,4.3204,2,34.2083,2,16.2,2,,2,0.061,2,,2,0.0,2
677.0,2,4.3193,2,34.2092,2,16.5,2,,2,0.06,2,,2,0.0,2
678.0,2,4.3175,2,34.2106,2,16.5,2,,2,0.061,2,,2,0.0,2
679.0,2,4.3172,2,34.2109,2,16.3,2,,2,0.06,2,,2,0.0,2
680.0,2,4.3168,2,34.2113,2,16.4,2,,2,0.06,2,,2,0.0,2
681.0,2,4.3157,2,34.2114,2,16.6,2,,2,0.061,2,,2,0.0,2
682.0,2,4.3135,2,34.2115,2,16.5,2,,2,0.06,2,,2,0.0,2
683.0,2,4.3122,2,34.2117,2,16.5,2,,2,0.061,2,,2,0.0,2
684.0,2,4.3104,2,34.2117,2,16.4,2,,2,0.06,2,,2,0.0,2
685.0,2,4.308,2,34.211999999999996,2,16.2,2,,2,0.06,2,,2,0.0,2
686.0,2,4.3022,2,34.2117,2,16.6,2,,2,0.06,2,,2,0.0,2
687.0,2,4.294,2,34.2117,2,16.2,2,,2,0.059000000000000004,2,,2,0.0,2
688.0,2,4.2894,2,34.211999999999996,2,16.2,2,,2,0.06,2,,2,0.0,2
689.0,2,4.281000000000001,2,34.2124,2,16.3,2,,2,0.061,2,,2,0.0,2
690.0,2,4.2661,2,34.2144,2,15.9,2,,2,0.06,2,,2,0.0,2
691.0,2,4.2585,2,34.2158,2,15.6,2,,2,0.06,2,,2,0.0,2
692.0,2,4.2487,2,34.2164,2,15.6,2,,2,0.06,2,,2,0.0,2
693.0,2,4.2456,2,34.2175,2,15.8,2,,2,0.06,2,,2,0.0,2
694.0,2,4.2463,2,34.2175,2,15.6,2,,2,0.061,2,,2,0.0,2
695.0,2,4.2453,2,34.218,2,15.6,2,,2,0.061,2,,2,0.0,2
696.0,2,4.2413,2,34.219,2,15.6,2,,2,0.061,2,,2,0.0,2
697.0,2,4.2381,2,34.2193,2,15.5,2,,2,0.061,2,,2,0.0,2
698.0,2,4.226,2,34.2191,2,15.4,2,,2,0.061,2,,2,0.0,2
699.0,2,4.2138,2,34.2209,2,15.4,2,,2,0.061,2,,2,0.0,2
700.0,2,4.2121,2,34.2223,2,15.1,2,,2,0.061,2,,2,0.0,2
701.0,2,4.2086,2,34.2227,2,15.0,2,,2,0.061,2,,2,0.0,2
702.0,2,4.2087,2,34.226,2,14.9,2,,2,0.06,2,,2,0.0,2
703.0,2,4.2205,2,34.2304,2,14.8,2,,2,0.061,2,,2,0.0,2
704.0,2,4.2241,2,34.2316,2,14.8,2,,2,0.06,2,,2,0.0,2
705.0,2,4.2263,2,34.233000000000004,2,14.9,2,,2,0.06,2,,2,0.0,2
706.0,2,4.228,2,34.2348,2,15.1,2,,2,0.061,2,,2,0.0,2
707.0,2,4.2272,2,34.2365,2,14.8,2,,2,0.061,2,,2,0.0,2
708.0,2,4.2231,2,34.2369,2,14.6,2,,2,0.061,2,,2,0.0,2
709.0,2,4.2128,2,34.2382,2,14.6,2,,2,0.061,2,,2,0.0,2
710.0,2,4.2003,2,34.241,2,14.3,2,,2,0.062,2,,2,0.0,2
711.0,2,4.1953,2,34.2424,2,14.1,2,,2,0.061,2,,2,0.0,2
712.0,2,4.1926,2,34.2435,2,14.3,2,,2,0.06,2,,2,0.0,2
713.0,2,4.1914,2,34.2438,2,14.3,2,,2,0.061,2,,2,0.0,2
714.0,2,4.1908,2,34.2439,2,14.0,2,,2,0.061,2,,2,0.0,2
715.0,2,4.1903,2,34.2442,2,13.7,2,,2,0.062,2,,2,0.0,2
716.0,2,4.1896,2,34.2444,2,14.0,2,,2,0.061,2,,2,0.0,2
717.0,2,4.1874,2,34.2451,2,14.0,2,,2,0.06,2,,2,0.0,2
718.0,2,4.1861,2,34.2458,2,14.1,2,,2,0.061,2,,2,0.0,2
719.0,2,4.1836,2,34.2474,2,13.9,2,,2,0.061,2,,2,0.0,2
720.0,2,4.1802,2,34.2491,2,13.7,2,,2,0.061,2,,2,0.0,2
721.0,2,4.1787,2,34.2503,2,13.9,2,,2,0.061,2,,2,0.0,2
722.0,2,4.1759,2,34.251999999999995,2,13.6,2,,2,0.061,2,,2,0.0,2
723.0,2,4.1698,2,34.2547,2,13.8,2,,2,0.061,2,,2,0.0,2
724.0,2,4.168,2,34.255,2,13.7,2,,2,0.061,2,,2,0.0,2
725.0,2,4.1628,2,34.2564,2,13.6,2,,2,0.061,2,,2,0.0,2
726.0,2,4.1549,2,34.2582,2,13.6,2,,2,0.061,2,,2,0.0,2
727.0,2,4.1503,2,34.2593,2,13.6,2,,2,0.06,2,,2,0.0,2
728.0,2,4.1491,2,34.2599,2,13.6,2,,2,0.062,2,,2,0.0,2
729.4,2,4.147,2,34.2603,2,13.5,2,,2,0.062,2,,2,0.0,2
730.0,2,4.1444,2,34.2607,2,13.4,2,,2,0.061,2,,2,0.0,2
731.0,2,4.1426,2,34.2612,2,13.3,2,,2,0.061,2,,2,0.0,2
732.0,2,4.1367,2,34.2627,2,13.2,2,,2,0.06,2,,2,0.0,2
733.0,2,4.1321,2,34.2637,2,13.2,2,,2,0.061,2,,2,0.0,2
734.0,2,4.1289,2,34.2644,2,13.2,2,,2,0.061,2,,2,0.0,2
735.0,2,4.1265,2,34.2649,2,13.3,2,,2,0.061,2,,2,0.0,2
735.9,2,4.1228,2,34.2658,2,13.4,2,,2,0.061,2,,2,0.0,2
737.4,2,4.118,2,34.2671,2,13.2,2,,2,0.061,2,,2,0.0,2
738.0,2,4.1125,2,34.268,2,13.0,2,,2,0.061,2,,2,0.0,2
739.0,2,4.1068,2,34.2694,2,12.9,2,,2,0.061,2,,2,0.0,2
740.0,2,4.1051,2,34.2699,2,13.0,2,,2,0.061,2,,2,0.0,2
741.0,2,4.101,2,34.2707,2,13.0,2,,2,0.061,2,,2,0.0,2
742.0,2,4.096,2,34.2717,2,12.7,2,,2,0.061,2,,2,0.0,2
743.0,2,4.0925,2,34.2724,2,12.6,2,,2,0.061,2,,2,0.0,2
744.0,2,4.0913,2,34.2727,2,12.8,2,,2,0.06,2,,2,0.0,2
745.0,2,4.0906,2,34.2729,2,12.8,2,,2,0.061,2,,2,0.0,2
746.0,2,4.0894,2,34.2732,2,12.9,2,,2,0.061,2,,2,0.0,2
747.0,2,4.0864,2,34.2742,2,13.0,2,,2,0.061,2,,2,0.0,2
748.0,2,4.0765,2,34.2762,2,12.6,2,,2,0.061,2,,2,0.0,2
749.0,2,4.0682,2,34.2781,2,12.6,2,,2,0.061,2,,2,0.0,2
750.0,2,4.0648,2,34.2787,2,12.6,2,,2,0.061,2,,2,0.0,2
751.0,2,4.0629,2,34.279,2,12.3,2,,2,0.06,2,,2,0.0,2
752.0,2,4.0616,2,34.2794,2,12.4,2,,2,0.06,2,,2,0.0,2
753.0,2,4.0601,2,34.2799,2,12.6,2,,2,0.061,2,,2,0.0,2
754.0,2,4.0591,2,34.2802,2,12.3,2,,2,0.061,2,,2,0.0,2
755.0,2,4.0586,2,34.2802,2,12.3,2,,2,0.061,2,,2,0.0,2
756.0,2,4.0581,2,34.2803,2,12.3,2,,2,0.061,2,,2,0.0,2
757.0,2,4.0573,2,34.281,2,12.5,2,,2,0.061,2,,2,0.0,2
758.0,2,4.0569,2,34.2812,2,12.5,2,,2,0.06,2,,2,0.0,2
759.0,2,4.0569,2,34.2808,2,12.4,2,,2,0.061,2,,2,0.0,2
760.0,2,4.0565,2,34.281,2,12.4,2,,2,0.061,2,,2,0.0,2
761.0,2,4.0561,2,34.2811,2,12.4,2,,2,0.061,2,,2,0.0,2
762.0,2,4.0539,2,34.2817,2,12.2,2,,2,0.061,2,,2,0.0,2
763.0,2,4.0514,2,34.2824,2,12.1,2,,2,0.061,2,,2,0.0,2
764.0,2,4.0491,2,34.283,2,12.3,2,,2,0.061,2,,2,0.0,2
765.0,2,4.0484,2,34.2831,2,12.3,2,,2,0.061,2,,2,0.0,2
766.0,2,4.047,2,34.2836,2,12.0,2,,2,0.061,2,,2,0.0,2
767.0,2,4.0446,2,34.2842,2,12.2,2,,2,0.06,2,,2,0.0,2
768.0,2,4.0418,2,34.2849,2,12.1,2,,2,0.061,2,,2,0.0,2
769.0,2,4.0408,2,34.2848,2,12.0,2,,2,0.061,2,,2,0.0,2
770.0,2,4.0384,2,34.2855,2,12.0,2,,2,0.06,2,,2,0.0,2
771.0,2,4.0372,2,34.2858,2,12.0,2,,2,0.06,2,,2,0.0,2
772.0,2,4.0374,2,34.2858,2,12.0,2,,2,0.061,2,,2,0.0,2
773.0,2,4.0377,2,34.2858,2,12.0,2,,2,0.061,2,,2,0.0,2
774.0,2,4.0378,2,34.2859,2,12.1,2,,2,0.061,2,,2,0.0,2
775.0,2,4.0376,2,34.2859,2,12.2,2,,2,0.061,2,,2,0.0,2
776.0,2,4.0374,2,34.2861,2,12.1,2,,2,0.061,2,,2,0.0,2
777.0,2,4.0369,2,34.2862,2,12.0,2,,2,0.061,2,,2,0.0,2
778.0,2,4.0363,2,34.2864,2,12.4,2,,2,0.061,2,,2,0.0,2
779.0,2,4.0346,2,34.2867,2,12.1,2,,2,0.06,2,,2,0.0,2
780.0,2,4.0307,2,34.2875,2,11.8,2,,2,0.061,2,,2,0.0,2
781.0,2,4.0256,2,34.2885,2,11.7,2,,2,0.061,2,,2,0.0,2
782.0,2,4.0245,2,34.2888,2,12.2,2,,2,0.061,2,,2,0.0,2
783.0,2,4.0242,2,34.2887,2,12.2,2,,2,0.062,2,,2,0.0,2
784.0,2,4.0229,2,34.289,2,12.0,2,,2,0.062,2,,2,0.0,2
785.0,2,4.0217,2,34.2894,2,12.0,2,,2,0.061,2,,2,0.0,2
786.0,2,4.008,2,34.2924,2,11.8,2,,2,0.061,2,,2,0.0,2
787.0,2,4.0047,2,34.2929,2,11.8,2,,2,0.061,2,,2,0.0,2
788.0,2,4.0033,2,34.2931,2,11.7,2,,2,0.061,2,,2,0.0,2
789.0,2,4.0029,2,34.2932,2,11.8,2,,2,0.061,2,,2,0.0,2
790.0,2,3.9988,2,34.294000000000004,2,11.9,2,,2,0.061,2,,2,0.0,2
791.0,2,3.9909,2,34.2957,2,11.8,2,,2,0.062,2,,2,0.0,2
792.0,2,3.9866,2,34.2967,2,11.6,2,,2,0.061,2,,2,0.0,2
793.0,2,3.9842,2,34.297,2,12.0,2,,2,0.061,2,,2,0.0,2
794.0,2,3.9817,2,34.2977,2,11.4,2,,2,0.061,2,,2,0.0,2
795.0,2,3.9802,2,34.2981,2,11.6,2,,2,0.061,2,,2,0.0,2
796.0,2,3.978,2,34.2985,2,11.7,2,,2,0.061,2,,2,0.0,2
797.0,2,3.9688,2,34.3004,2,11.6,2,,2,0.062,2,,2,0.0,2
798.0,2,3.9613,2,34.3016,2,11.8,2,,2,0.062,2,,2,0.0,2
799.0,2,3.9516,2,34.3038,2,11.6,2,,2,0.061,2,,2,0.0,2
800.0,2,3.9502,2,34.3041,2,11.6,2,,2,0.06,2,,2,0.0,2
801.0,2,3.9489,2,34.3044,2,11.6,2,,2,0.06,2,,2,0.0,2
802.0,2,3.9478,2,34.3047,2,11.7,2,,2,0.061,2,,2,0.0,2
803.0,2,3.9459,2,34.3052,2,11.6,2,,2,0.061,2,,2,0.0,2
804.0,2,3.9439,2,34.3058,2,11.6,2,,2,0.061,2,,2,0.0,2
805.0,2,3.9437,2,34.3057,2,11.5,2,,2,0.062,2,,2,0.0,2
806.0,2,3.9436,2,34.3059,2,11.2,2,,2,0.061,2,,2,0.0,2
807.0,2,3.9436,2,34.3063,2,11.4,2,,2,0.06,2,,2,0.0,2
808.0,2,3.9428,2,34.3059,2,11.5,2,,2,0.061,2,,2,0.0,2
809.0,2,3.9414,2,34.3061,2,11.3,2,,2,0.061,2,,2,0.0,2
810.0,2,3.9412,2,34.3062,2,11.3,2,,2,0.06,2,,2,0.0,2
811.0,2,3.9408,2,34.3065,2,11.4,2,,2,0.061,2,,2,0.0,2
812.0,2,3.9393,2,34.306999999999995,2,11.4,2,,2,0.061,2,,2,0.0,2
813.0,2,3.9373,2,34.3074,2,11.3,2,,2,0.061,2,,2,0.0,2
814.0,2,3.9355,2,34.3077,2,11.3,2,,2,0.062,2,,2,0.0,2
815.0,2,3.9249,2,34.31,2,11.4,2,,2,0.061,2,,2,0.0,2
816.0,2,3.9222,2,34.3104,2,11.3,2,,2,0.061,2,,2,0.0,2
817.0,2,3.9204,2,34.3107,2,11.4,2,,2,0.06,2,,2,0.0,2
818.0,2,3.9181,2,34.3112,2,11.3,2,,2,0.061,2,,2,0.0,2
819.0,2,3.9176,2,34.3114,2,11.2,2,,2,0.06,2,,2,0.0,2
820.0,2,3.9172,2,34.3114,2,11.5,2,,2,0.06,2,,2,0.0,2
821.0,2,3.9166,2,34.3116,2,11.4,2,,2,0.061,2,,2,0.0,2
822.0,2,3.9154,2,34.3119,2,11.3,2,,2,0.061,2,,2,0.0,2
823.0,2,3.9139,2,34.3122,2,11.4,2,,2,0.061,2,,2,0.0,2
824.4,2,3.9112,2,34.3129,2,11.1,2,,2,0.061,2,,2,0.0,2
824.9,2,3.9095,2,34.3129,2,11.3,2,,2,0.062,2,,2,0.0,2
826.0,2,3.9063,2,34.3135,2,11.2,2,,2,0.061,2,,2,0.0,2
827.0,2,3.9047,2,34.3141,2,11.1,2,,2,0.06,2,,2,0.0,2
828.0,2,3.9042,2,34.3142,2,11.2,2,,2,0.061,2,,2,0.0,2
829.0,2,3.9031,2,34.3145,2,11.3,2,,2,0.061,2,,2,0.0,2
830.0,2,3.9024,2,34.3145,2,11.3,2,,2,0.061,2,,2,0.0,2
831.0,2,3.9018,2,34.3146,2,11.3,2,,2,0.06,2,,2,0.0,2
832.0,2,3.9009,2,34.315,2,11.3,2,,2,0.06,2,,2,0.0,2
833.0,2,3.9005,2,34.315,2,11.3,2,,2,0.062,2,,2,0.0,2
834.0,2,3.8992,2,34.3154,2,11.2,2,,2,0.06,2,,2,0.0,2
834.7,2,3.8963,2,34.3163,2,11.3,2,,2,0.061,2,,2,0.0,2
835.9,2,3.8897,2,34.317,2,11.3,2,,2,0.061,2,,2,0.0,2
837.0,2,3.8798,2,34.3189,2,11.2,2,,2,0.061,2,,2,0.0,2
838.0,2,3.8776,2,34.3196,2,11.3,2,,2,0.061,2,,2,0.0,2
839.0,2,3.8763,2,34.3198,2,11.5,2,,2,0.06,2,,2,0.0,2
840.0,2,3.8753,2,34.32,2,11.4,2,,2,0.061,2,,2,0.0,2
841.0,2,3.8741,2,34.3202,2,11.2,2,,2,0.06,2,,2,0.0,2
842.0,2,3.873,2,34.3205,2,11.1,2,,2,0.061,2,,2,0.0,2
843.0,2,3.8723,2,34.3209,2,11.2,2,,2,0.061,2,,2,0.0,2
845.4,2,3.8641,2,34.321999999999996,2,11.3,2,,2,0.065,2,,2,0.0,2
846.0,2,3.8589,2,34.3233,2,11.3,2,,2,0.062,2,,2,0.0,2
847.0,2,3.8565,2,34.3237,2,11.3,2,,2,0.06,2,,2,0.0,2
848.0,2,3.8561,2,34.3239,2,11.3,2,,2,0.061,2,,2,0.0,2
849.0,2,3.8558,2,34.324,2,11.1,2,,2,0.062,2,,2,0.0,2
850.0,2,3.8551,2,34.3241,2,11.0,2,,2,0.061,2,,2,0.0,2
851.0,2,3.8499,2,34.3253,2,11.1,2,,2,0.061,2,,2,0.0,2
852.0,2,3.8416,2,34.327,2,11.2,2,,2,0.059000000000000004,2,,2,0.0,2
853.0,2,3.8381,2,34.3279,2,11.2,2,,2,0.061,2,,2,0.0,2
855.3,2,3.8342,2,34.3283,2,11.2,2,,2,0.061,2,,2,0.0,2
856.0,2,3.8336,2,34.3286,2,11.0,2,,2,0.062,2,,2,0.0,2
857.0,2,3.8324,2,34.329,2,10.9,2,,2,0.062,2,,2,0.0,2
858.0,2,3.8299,2,34.3296,2,11.0,2,,2,0.06,2,,2,0.0,2
859.0,2,3.8287,2,34.33,2,11.0,2,,2,0.06,2,,2,0.0,2
860.0,2,3.8262,2,34.3309,2,10.8,2,,2,0.06,2,,2,0.0,2
861.0,2,3.8212,2,34.3321,2,10.9,2,,2,0.061,2,,2,0.0,2
862.0,2,3.8166,2,34.333,2,10.7,2,,2,0.061,2,,2,0.0,2
863.0,2,3.812,2,34.3339,2,10.5,2,,2,0.061,2,,2,0.0,2
864.0,2,3.8094,2,34.334,2,10.6,2,,2,0.06,2,,2,0.0,2
865.0,2,3.8017,2,34.3342,2,10.7,2,,2,0.061,2,,2,0.0,2
866.0,2,3.7984,2,34.3344,2,10.6,2,,2,0.06,2,,2,0.0,2
867.0,2,3.7965,2,34.3348,2,10.6,2,,2,0.06,2,,2,0.0,2
868.0,2,3.7976,2,34.3346,2,10.4,2,,2,0.06,2,,2,0.0,2
869.0,2,3.7975,2,34.3347,2,10.2,2,,2,0.061,2,,2,0.0,2
870.0,2,3.7972,2,34.3349,2,10.3,2,,2,0.061,2,,2,0.0,2
871.0,2,3.7953,2,34.3353,2,10.3,2,,2,0.061,2,,2,0.0,2
871.5,2,3.7949,2,34.3356,2,10.3,2,,2,0.061,2,,2,0.0,2
873.2,2,3.785,2,34.3376,2,10.5,2,,2,0.061,2,,2,0.0,2
874.0,2,3.7836,2,34.338,2,10.4,2,,2,0.06,2,,2,0.0,2
875.0,2,3.7808,2,34.3386,2,10.6,2,,2,0.06,2,,2,0.0,2
876.0,2,3.7783,2,34.3392,2,10.6,2,,2,0.06,2,,2,0.0,2
877.0,2,3.7768,2,34.3396,2,10.5,2,,2,0.061,2,,2,0.0,2
878.0,2,3.7766,2,34.3397,2,10.5,2,,2,0.061,2,,2,0.0,2
879.0,2,3.773,2,34.3405,2,10.6,2,,2,0.061,2,,2,0.0,2
880.0,2,3.7723,2,34.3407,2,10.6,2,,2,0.061,2,,2,0.0,2
881.0,2,3.7713,2,34.3408,2,10.4,2,,2,0.061,2,,2,0.0,2
882.0,2,3.7651,2,34.3421,2,10.4,2,,2,0.061,2,,2,0.0,2
883.0,2,3.7653,2,34.3422,2,10.6,2,,2,0.061,2,,2,0.0,2
884.0,2,3.7644,2,34.3423,2,10.7,2,,2,0.061,2,,2,0.0,2
885.0,2,3.7622,2,34.3425,2,10.3,2,,2,0.061,2,,2,0.0,2
886.0,2,3.7588,2,34.3432,2,10.6,2,,2,0.061,2,,2,0.0,2
887.0,2,3.7573,2,34.3434,2,10.5,2,,2,0.06,2,,2,0.0,2
888.0,2,3.7571,2,34.3436,2,10.6,2,,2,0.061,2,,2,0.0,2
889.0,2,3.7569999999999997,2,34.3435,2,10.2,2,,2,0.06,2,,2,0.0,2
890.0,2,3.7569,2,34.3436,2,10.6,2,,2,0.06,2,,2,0.0,2
891.0,2,3.7563,2,34.3437,2,10.7,2,,2,0.06,2,,2,0.0,2
892.0,2,3.7567,2,34.3439,2,10.3,2,,2,0.06,2,,2,0.0,2
893.0,2,3.7564,2,34.344,2,10.2,2,,2,0.061,2,,2,0.0,2
894.0,2,3.7556,2,34.3441,2,10.4,2,,2,0.06,2,,2,0.0,2
895.0,2,3.755,2,34.3443,2,10.6,2,,2,0.061,2,,2,0.0,2
896.0,2,3.7532,2,34.3444,2,10.8,2,,2,0.061,2,,2,0.0,2
897.0,2,3.7508,2,34.3446,2,10.3,2,,2,0.062,2,,2,0.0,2
898.0,2,3.7508,2,34.3446,2,10.3,2,,2,0.062,2,,2,0.0,2
899.0,2,3.7501,2,34.3447,2,10.4,2,,2,0.061,2,,2,0.0,2
900.0,2,3.7505,2,34.3446,2,10.6,2,,2,0.061,2,,2,0.0,2
901.0,2,3.7481,2,34.3452,2,10.4,2,,2,0.06,2,,2,0.0,2
902.0,2,3.7449,2,34.3461,2,10.6,2,,2,0.061,2,,2,0.0,2
903.0,2,3.7429,2,34.3469,2,10.6,2,,2,0.06,2,,2,0.0,2
904.0,2,3.7428,2,34.3464,2,10.4,2,,2,0.061,2,,2,0.0,2
905.0,2,3.7417,2,34.3466,2,10.4,2,,2,0.061,2,,2,0.0,2
906.0,2,3.7366,2,34.348,2,10.5,2,,2,0.06,2,,2,0.0,2
907.0,2,3.7354,2,34.3484,2,10.6,2,,2,0.061,2,,2,0.0,2
908.0,2,3.7342,2,34.3486,2,10.6,2,,2,0.061,2,,2,0.0,2
909.0,2,3.7322,2,34.3492,2,10.6,2,,2,0.061,2,,2,0.0,2
910.0,2,3.7316,2,34.3493,2,10.6,2,,2,0.06,2,,2,0.0,2
911.0,2,3.7315,2,34.3494,2,10.4,2,,2,0.06,2,,2,0.0,2
912.0,2,3.7314,2,34.3497,2,10.8,2,,2,0.061,2,,2,0.0,2
913.0,2,3.7307,2,34.3499,2,10.5,2,,2,0.06,2,,2,0.0,2
914.0,2,3.7295,2,34.3495,2,10.7,2,,2,0.06,2,,2,0.0,2
915.0,2,3.7291,2,34.3496,2,10.6,2,,2,0.061,2,,2,0.0,2
916.0,2,3.7286,2,34.3499,2,10.6,2,,2,0.061,2,,2,0.0,2
917.0,2,3.7281,2,34.3501,2,10.6,2,,2,0.062,2,,2,0.0,2
918.0,2,3.7265,2,34.3505,2,10.5,2,,2,0.06,2,,2,0.0,2
919.0,2,3.7251,2,34.3508,2,10.4,2,,2,0.06,2,,2,0.0,2
920.0,2,3.7233,2,34.351,2,11.0,2,,2,0.06,2,,2,0.0,2
921.0,2,3.7207,2,34.3515,2,10.9,2,,2,0.061,2,,2,0.0,2
922.0,2,3.7152,2,34.3525,2,10.7,2,,2,0.061,2,,2,0.0,2
923.0,2,3.713,2,34.3529,2,10.6,2,,2,0.061,2,,2,0.0,2
924.0,2,3.7074,2,34.3539,2,10.5,2,,2,0.061,2,,2,0.0,2
925.0,2,3.701,2,34.3552,2,10.8,2,,2,0.061,2,,2,0.0,2
926.5,2,3.688,2,34.3572,2,10.5,2,,2,0.061,2,,2,0.0,2
927.0,2,3.682,2,34.358000000000004,2,10.6,2,,2,0.061,2,,2,0.0,2
928.0,2,3.6771,2,34.3584,2,10.6,2,,2,0.061,2,,2,0.0,2
929.0,2,3.6735,2,34.359,2,11.0,2,,2,0.061,2,,2,0.0,2
930.0,2,3.6705,2,34.3593,2,10.7,2,,2,0.061,2,,2,0.0,2
931.0,2,3.6688,2,34.3594,2,10.3,2,,2,0.061,2,,2,0.0,2
932.0,2,3.6676,2,34.3596,2,10.6,2,,2,0.06,2,,2,0.0,2
933.0,2,3.6656,2,34.3599,2,10.6,2,,2,0.061,2,,2,0.0,2
934.0,2,3.6649,2,34.3607,2,10.6,2,,2,0.061,2,,2,0.0,2
935.0,2,3.6623,2,34.36,2,10.4,2,,2,0.061,2,,2,0.0,2
936.0,2,3.6605,2,34.3601,2,10.7,2,,2,0.06,2,,2,0.0,2
937.0,2,3.6574,2,34.3605,2,10.8,2,,2,0.061,2,,2,0.0,2
938.0,2,3.655,2,34.3606,2,10.8,2,,2,0.061,2,,2,0.0,2
939.0,2,3.6528,2,34.361,2,10.7,2,,2,0.061,2,,2,0.0,2
940.0,2,3.6488,2,34.3615,2,10.6,2,,2,0.06,2,,2,0.0,2
941.0,2,3.6458,2,34.3619,2,10.7,2,,2,0.061,2,,2,0.0,2
942.5,2,3.6383,2,34.3625,2,10.3,2,,2,0.06,2,,2,0.0,2
943.0,2,3.6382,2,34.3621,2,10.6,2,,2,0.061,2,,2,0.0,2
944.0,2,3.6379,2,34.361999999999995,2,10.7,2,,2,0.061,2,,2,0.0,2
945.0,2,3.6341,2,34.3625,2,10.8,2,,2,0.06,2,,2,0.0,2
946.0,2,3.6313,2,34.3628,2,10.6,2,,2,0.061,2,,2,0.0,2
946.6,2,3.6278,2,34.3638,2,10.7,2,,2,0.061,2,,2,0.0,2
948.0,2,3.6237,2,34.3638,2,10.7,2,,2,0.061,2,,2,0.0,2
949.0,2,3.6235,2,34.364000000000004,2,11.0,2,,2,0.06,2,,2,0.0,2
950.0,2,3.6234,2,34.3643,2,11.0,2,,2,0.06,2,,2,0.0,2
951.0,2,3.6235,2,34.3644,2,10.6,2,,2,0.061,2,,2,0.0,2
952.0,2,3.6234,2,34.3646,2,10.8,2,,2,0.06,2,,2,0.0,2
953.0,2,3.6231,2,34.3649,2,11.0,2,,2,0.062,2,,2,0.0,2
954.0,2,3.6228,2,34.3652,2,10.6,2,,2,0.061,2,,2,0.0,2
955.0,2,3.623,2,34.3648,2,11.0,2,,2,0.06,2,,2,0.0,2
956.0,2,3.6233,2,34.3647,2,10.7,2,,2,0.06,2,,2,0.0,2
957.0,2,3.6234,2,34.365,2,10.7,2,,2,0.06,2,,2,0.0,2
958.0,2,3.6235,2,34.3649,2,10.9,2,,2,0.061,2,,2,0.0,2
959.0,2,3.6236,2,34.3652,2,10.8,2,,2,0.061,2,,2,0.0,2
960.0,2,3.6239,2,34.3655,2,10.7,2,,2,0.062,2,,2,0.0,2
961.0,2,3.6241,2,34.3657,2,10.8,2,,2,0.06,2,,2,0.0,2
962.0,2,3.6244,2,34.3661,2,10.9,2,,2,0.06,2,,2,0.0,2
963.0,2,3.6242,2,34.3662,2,10.9,2,,2,0.061,2,,2,0.0,2
964.0,2,3.6239999999999997,2,34.3662,2,10.7,2,,2,0.061,2,,2,0.0,2
965.0,2,3.6237,2,34.3665,2,11.1,2,,2,0.061,2,,2,0.0,2
966.0,2,3.6121,2,34.3689,2,11.0,2,,2,0.061,2,,2,0.0,2
967.0,2,3.6096,2,34.3696,2,11.0,2,,2,0.06,2,,2,0.0,2
968.0,2,3.6092,2,34.3697,2,11.1,2,,2,0.061,2,,2,0.0,2
969.0,2,3.6084,2,34.3699,2,11.2,2,,2,0.061,2,,2,0.0,2
970.0,2,3.6077,2,34.37,2,11.3,2,,2,0.061,2,,2,0.0,2
971.0,2,3.6066,2,34.3701,2,11.0,2,,2,0.06,2,,2,0.0,2
972.0,2,3.6046,2,34.3706,2,11.1,2,,2,0.061,2,,2,0.0,2
973.0,2,3.602,2,34.3711,2,11.5,2,,2,0.061,2,,2,0.0,2
974.0,2,3.5983,2,34.3718,2,11.0,2,,2,0.061,2,,2,0.0,2
975.0,2,3.5935,2,34.3728,2,11.0,2,,2,0.06,2,,2,0.0,2
976.0,2,3.5895,2,34.3736,2,11.1,2,,2,0.061,2,,2,0.0,2
977.0,2,3.5872,2,34.374,2,11.3,2,,2,0.061,2,,2,0.0,2
978.0,2,3.5864,2,34.3743,2,11.4,2,,2,0.061,2,,2,0.0,2
979.0,2,3.5869,2,34.3741,2,11.3,2,,2,0.061,2,,2,0.0,2
980.0,2,3.5868,2,34.3742,2,11.4,2,,2,0.061,2,,2,0.0,2
981.0,2,3.5859,2,34.3745,2,11.3,2,,2,0.062,2,,2,0.0,2
982.0,2,3.5852,2,34.3743,2,11.3,2,,2,0.061,2,,2,0.0,2
983.0,2,3.5847,2,34.3746,2,11.3,2,,2,0.061,2,,2,0.0,2
984.0,2,3.5825,2,34.375,2,11.2,2,,2,0.06,2,,2,0.0,2
985.0,2,3.5787,2,34.3757,2,11.4,2,,2,0.061,2,,2,0.0,2
986.0,2,3.5764,2,34.376,2,11.2,2,,2,0.061,2,,2,0.0,2
987.0,2,3.5734,2,34.3767,2,11.1,2,,2,0.061,2,,2,0.0,2
988.0,2,3.5707,2,34.3771,2,11.3,2,,2,0.061,2,,2,0.0,2
989.0,2,3.568,2,34.3776,2,11.3,2,,2,0.061,2,,2,0.0,2
990.0,2,3.5580000000000003,2,34.3793,2,11.6,2,,2,0.061,2,,2,0.0,2
991.0,2,3.5432,2,34.3819,2,11.6,2,,2,0.06,2,,2,0.0,2
992.0,2,3.5381,2,34.3824,2,11.4,2,,2,0.06,2,,2,0.0,2
993.0,2,3.5297,2,34.3838,2,11.3,2,,2,0.061,2,,2,0.0,2
994.0,2,3.5268,2,34.3845,2,11.7,2,,2,0.06,2,,2,0.0,2
994.7,2,3.5254,2,34.3852,2,11.6,2,,2,0.06,2,,2,0.0,2
996.1,2,3.5174,2,34.3859,2,11.6,2,,2,0.061,2,,2,0.0,2
997.0,2,3.5129,2,34.3868,2,11.5,2,,2,0.061,2,,2,0.0,2
998.0,2,3.509,2,34.3876,2,11.5,2,,2,0.06,2,,2,0.0,2
999.0,2,3.5064,2,34.388000000000005,2,11.6,2,,2,0.06,2,,2,0.0,2
1000.0,2,3.5031,2,34.3887,2,11.6,2,,2,0.061,2,,2,0.0,2
1001.0,2,3.5018,2,34.3889,2,11.4,2,,2,0.061,2,,2,0.0,2
1002.0,2,3.4998,2,34.3892,2,11.7,2,,2,0.062,2,,2,0.0,2
1003.0,2,3.4978,2,34.3895,2,11.7,2,,2,0.06,2,,2,0.0,2
1004.0,2,3.4967,2,34.3896,2,11.6,2,,2,0.06,2,,2,0.0,2
1005.0,2,3.4959,2,34.3898,2,11.9,2,,2,0.06,2,,2,0.0,2
1006.0,2,3.4954,2,34.3898,2,11.5,2,,2,0.06,2,,2,0.0,2
1007.0,2,3.4937,2,34.3904,2,11.5,2,,2,0.061,2,,2,0.0,2
1008.0,2,3.4898,2,34.3909,2,11.6,2,,2,0.06,2,,2,0.0,2
1009.0,2,3.4868,2,34.391,2,11.6,2,,2,0.06,2,,2,0.0,2
1010.0,2,3.4847,2,34.3915,2,11.7,2,,2,0.061,2,,2,0.0,2
1011.0,2,3.4797,2,34.3922,2,11.8,2,,2,0.06,2,,2,0.0,2
1012.0,2,3.4759,2,34.3929,2,11.7,2,,2,0.06,2,,2,0.0,2
1013.0,2,3.4721,2,34.3934,2,11.7,2,,2,0.06,2,,2,0.0,2
1014.0,2,3.4697,2,34.3938,2,11.8,2,,2,0.06,2,,2,0.0,2
1015.0,2,3.467,2,34.3942,2,11.8,2,,2,0.061,2,,2,0.0,2
1016.0,2,3.465,2,34.3944,2,11.7,2,,2,0.061,2,,2,0.0,2
1017.0,2,3.4632,2,34.3948,2,11.8,2,,2,0.06,2,,2,0.0,2
1018.0,2,3.4594,2,34.3955,2,11.9,2,,2,0.06,2,,2,0.0,2
1019.4,2,3.4562,2,34.3958,2,11.9,2,,2,0.061,2,,2,0.0,2
1020.0,2,3.4536,2,34.3958,2,12.1,2,,2,0.061,2,,2,0.0,2
1021.0,2,3.4498,2,34.3964,2,11.9,2,,2,0.06,2,,2,0.0,2
1022.0,2,3.4469,2,34.397,2,11.9,2,,2,0.06,2,,2,0.0,2
1023.0,2,3.4456,2,34.3973,2,12.2,2,,2,0.061,2,,2,0.0,2
1025.0,2,3.443,2,34.3973,2,12.2,2,,2,0.06,2,,2,0.0,2
1026.0,2,3.4394,2,34.3977,2,12.4,2,,2,0.061,2,,2,0.0,2
1027.0,2,3.4389,2,34.3981,2,12.3,2,,2,0.061,2,,2,0.0,2
1028.0,2,3.4374,2,34.3984,2,12.1,2,,2,0.06,2,,2,0.0,2
1029.0,2,3.4369,2,34.3985,2,12.0,2,,2,0.061,2,,2,0.0,2
1030.0,2,3.4367,2,34.3986,2,12.3,2,,2,0.061,2,,2,0.0,2
1031.0,2,3.4357,2,34.3988,2,12.2,2,,2,0.061,2,,2,0.0,2
1032.0,2,3.4353,2,34.3989,2,12.3,2,,2,0.06,2,,2,0.0,2
1033.0,2,3.4343,2,34.3991,2,12.2,2,,2,0.06,2,,2,0.0,2
1034.0,2,3.4339999999999997,2,34.3992,2,12.3,2,,2,0.06,2,,2,0.0,2
1035.0,2,3.4347,2,34.399,2,12.3,2,,2,0.06,2,,2,0.0,2
1036.0,2,3.4333,2,34.3993,2,12.2,2,,2,0.061,2,,2,0.0,2
1037.0,2,3.4330000000000003,2,34.3992,2,12.1,2,,2,0.06,2,,2,0.0,2
1038.0,2,3.4330000000000003,2,34.3991,2,12.3,2,,2,0.06,2,,2,0.0,2
1039.0,2,3.4330000000000003,2,34.3993,2,12.4,2,,2,0.061,2,,2,0.0,2
1040.0,2,3.4329,2,34.3992,2,12.3,2,,2,0.06,2,,2,0.0,2
1041.0,2,3.4324,2,34.3993,2,12.3,2,,2,0.06,2,,2,0.0,2
1042.0,2,3.432,2,34.3995,2,12.1,2,,2,0.061,2,,2,0.0,2
1043.0,2,3.4303,2,34.3996,2,12.1,2,,2,0.061,2,,2,0.0,2
1044.0,2,3.4267,2,34.4005,2,12.2,2,,2,0.061,2,,2,0.0,2
1045.0,2,3.4261,2,34.4005,2,12.2,2,,2,0.061,2,,2,0.0,2
1046.0,2,3.4258,2,34.4005,2,12.3,2,,2,0.061,2,,2,0.0,2
1047.0,2,3.4253,2,34.4005,2,12.3,2,,2,0.061,2,,2,0.0,2
1048.0,2,3.4247,2,34.4006,2,12.3,2,,2,0.06,2,,2,0.0,2
1049.0,2,3.4247,2,34.4006,2,12.3,2,,2,0.059000000000000004,2,,2,0.0,2
1050.0,2,3.4247,2,34.4007,2,12.3,2,,2,0.061,2,,2,0.0,2
1051.0,2,3.4241,2,34.4008,2,12.3,2,,2,0.061,2,,2,0.0,2
1052.0,2,3.423,2,34.4011,2,12.4,2,,2,0.06,2,,2,0.0,2
1052.8,2,3.4219999999999997,2,34.4014,2,12.3,2,,2,0.06,2,,2,0.0,2
1054.4,2,3.4211,2,34.400999999999996,2,12.5,2,,2,0.059000000000000004,2,,2,0.0,2
1055.0,2,3.4201,2,34.4011,2,12.3,2,,2,0.061,2,,2,0.0,2
1056.0,2,3.4204,2,34.4011,2,12.3,2,,2,0.06,2,,2,0.0,2
1057.0,2,3.42,2,34.4013,2,12.4,2,,2,0.061,2,,2,0.0,2
1058.0,2,3.4194,2,34.4016,2,12.2,2,,2,0.061,2,,2,0.0,2
1059.0,2,3.4189999999999996,2,34.4015,2,12.2,2,,2,0.06,2,,2,0.0,2
1060.0,2,3.4171,2,34.4012,2,12.4,2,,2,0.061,2,,2,0.0,2
1061.0,2,3.4137,2,34.4011,2,12.6,2,,2,0.061,2,,2,0.0,2
1062.0,2,3.4144,2,34.402,2,12.4,2,,2,0.061,2,,2,0.0,2
1063.0,2,3.4133,2,34.4025,2,12.2,2,,2,0.061,2,,2,0.0,2
1064.0,2,3.4119,2,34.4026,2,12.5,2,,2,0.06,2,,2,0.0,2
1065.0,2,3.4113,2,34.4027,2,12.5,2,,2,0.06,2,,2,0.0,2
1066.0,2,3.4109,2,34.4028,2,12.3,2,,2,0.061,2,,2,0.0,2
1067.0,2,3.4109,2,34.4026,2,12.3,2,,2,0.062,2,,2,0.0,2
1068.0,2,3.4101,2,34.4028,2,12.6,2,,2,0.062,2,,2,0.0,2
1069.0,2,3.4076,2,34.4033,2,12.4,2,,2,0.061,2,,2,0.0,2
1070.0,2,3.4019,2,34.4043,2,12.4,2,,2,0.06,2,,2,0.0,2
1071.0,2,3.4002,2,34.4046,2,12.6,2,,2,0.06,2,,2,0.0,2
1072.0,2,3.3987,2,34.4047,2,12.5,2,,2,0.061,2,,2,0.0,2
1073.0,2,3.3971,2,34.405,2,12.4,2,,2,0.061,2,,2,0.0,2
1073.7,2,3.3948,2,34.4057,2,12.5,2,,2,0.061,2,,2,0.0,2
1075.2,2,3.3924,2,34.4057,2,12.5,2,,2,0.06,2,,2,0.0,2
1076.0,2,3.3917,2,34.4061,2,12.7,2,,2,0.061,2,,2,0.0,2
1077.0,2,3.3881,2,34.407,2,12.5,2,,2,0.06,2,,2,0.0,2
1078.0,2,3.3827,2,34.408,2,12.4,2,,2,0.06,2,,2,0.0,2
1079.0,2,3.3795,2,34.4084,2,12.8,2,,2,0.06,2,,2,0.0,2
1080.0,2,3.3781,2,34.4087,2,12.4,2,,2,0.061,2,,2,0.0,2
1081.0,2,3.3725,2,34.4094,2,12.3,2,,2,0.061,2,,2,0.0,2
1082.0,2,3.3656,2,34.4107,2,12.7,2,,2,0.06,2,,2,0.0,2
1083.0,2,3.3632,2,34.4111,2,12.6,2,,2,0.061,2,,2,0.0,2
1084.0,2,3.3616,2,34.4113,2,12.7,2,,2,0.061,2,,2,0.0,2
1085.0,2,3.361,2,34.4114,2,12.8,2,,2,0.06,2,,2,0.0,2
1086.0,2,3.3604,2,34.4115,2,12.7,2,,2,0.061,2,,2,0.0,2
1087.0,2,3.3593,2,34.4118,2,12.9,2,,2,0.061,2,,2,0.0,2
1088.0,2,3.3583,2,34.4119,2,12.7,2,,2,0.061,2,,2,0.0,2
1089.0,2,3.3569999999999998,2,34.4122,2,12.7,2,,2,0.06,2,,2,0.0,2
1090.0,2,3.3549,2,34.4126,2,12.7,2,,2,0.061,2,,2,0.0,2
1091.0,2,3.3536,2,34.4127,2,12.7,2,,2,0.061,2,,2,0.0,2
1092.0,2,3.352,2,34.4132,2,12.9,2,,2,0.061,2,,2,0.0,2
1093.0,2,3.3505,2,34.4134,2,12.8,2,,2,0.061,2,,2,0.0,2
1094.0,2,3.3485,2,34.4138,2,12.7,2,,2,0.06,2,,2,0.0,2
1095.0,2,3.3476,2,34.4138,2,12.8,2,,2,0.061,2,,2,0.0,2
1096.0,2,3.3463,2,34.4142,2,12.9,2,,2,0.061,2,,2,0.0,2
1097.4,2,3.3461,2,34.4139,2,12.7,2,,2,0.06,2,,2,0.0,2
1098.0,2,3.3456,2,34.4141,2,12.7,2,,2,0.06,2,,2,0.0,2
1099.0,2,3.3433,2,34.4145,2,13.0,2,,2,0.061,2,,2,0.0,2
1100.0,2,3.3371,2,34.4156,2,13.0,2,,2,0.06,2,,2,0.0,2
1101.0,2,3.3355,2,34.4158,2,12.9,2,,2,0.06,2,,2,0.0,2
1102.0,2,3.3324,2,34.4161,2,12.9,2,,2,0.06,2,,2,0.0,2
1103.0,2,3.3233,2,34.4178,2,12.9,2,,2,0.061,2,,2,0.0,2
1104.0,2,3.3218,2,34.4179,2,13.0,2,,2,0.061,2,,2,0.0,2
1105.0,2,3.3208,2,34.418,2,13.0,2,,2,0.06,2,,2,0.0,2
1106.0,2,3.3199,2,34.4183,2,12.9,2,,2,0.061,2,,2,0.0,2
1107.9,2,3.3178,2,34.4186,2,13.1,2,,2,0.061,2,,2,0.0,2
1109.0,2,3.3142,2,34.419000000000004,2,13.3,2,,2,0.06,2,,2,0.0,2
1110.0,2,3.3115,2,34.4196,2,13.3,2,,2,0.06,2,,2,0.0,2
1111.0,2,3.3081,2,34.4201,2,13.3,2,,2,0.06,2,,2,0.0,2
1112.0,2,3.3066,2,34.4204,2,13.1,2,,2,0.06,2,,2,0.0,2
1113.0,2,3.3041,2,34.4206,2,13.3,2,,2,0.061,2,,2,0.0,2
1114.0,2,3.3026,2,34.4208,2,13.2,2,,2,0.061,2,,2,0.0,2
1115.0,2,3.302,2,34.4212,2,13.1,2,,2,0.061,2,,2,0.0,2
1116.5,2,3.3022,2,34.4209,2,13.3,2,,2,0.061,2,,2,0.0,2
1117.0,2,3.301,2,34.4211,2,13.3,2,,2,0.06,2,,2,0.0,2
1118.0,2,3.2997,2,34.4214,2,13.5,2,,2,0.061,2,,2,0.0,2
1119.0,2,3.2967,2,34.4219,2,13.6,2,,2,0.06,2,,2,0.0,2
1120.0,2,3.2949,2,34.4221,2,13.5,2,,2,0.061,2,,2,0.0,2
1121.0,2,3.2947,2,34.4221,2,13.3,2,,2,0.06,2,,2,0.0,2
1122.0,2,3.2942,2,34.4221,2,13.3,2,,2,0.06,2,,2,0.0,2
1123.0,2,3.2934,2,34.4223,2,13.5,2,,2,0.06,2,,2,0.0,2
1124.0,2,3.2902,2,34.4226,2,13.6,2,,2,0.061,2,,2,0.0,2
1125.0,2,3.2874,2,34.4231,2,13.5,2,,2,0.061,2,,2,0.0,2
1125.6,2,3.2855,2,34.4237,2,13.4,2,,2,0.06,2,,2,0.0,2
1127.0,2,3.2846,2,34.4234,2,13.5,2,,2,0.061,2,,2,0.0,2
1128.0,2,3.2838,2,34.4236,2,13.6,2,,2,0.061,2,,2,0.0,2
1129.0,2,3.2816,2,34.4239,2,13.6,2,,2,0.061,2,,2,0.0,2
1130.0,2,3.2805,2,34.424,2,13.6,2,,2,0.061,2,,2,0.0,2
1131.0,2,3.2802,2,34.4242,2,13.6,2,,2,0.062,2,,2,0.0,2
1132.0,2,3.2802,2,34.4241,2,13.6,2,,2,0.06,2,,2,0.0,2
1133.0,2,3.2801,2,34.4243,2,13.6,2,,2,0.06,2,,2,0.0,2
1134.0,2,3.2793,2,34.4244,2,13.5,2,,2,0.06,2,,2,0.0,2
1135.0,2,3.2792,2,34.4244,2,13.6,2,,2,0.06,2,,2,0.0,2
1136.0,2,3.2787,2,34.4245,2,13.8,2,,2,0.061,2,,2,0.0,2
1137.0,2,3.2749,2,34.425,2,13.6,2,,2,0.059000000000000004,2,,2,0.0,2
1138.0,2,3.2715,2,34.4254,2,13.7,2,,2,0.06,2,,2,0.0,2
1139.0,2,3.2689,2,34.4258,2,13.6,2,,2,0.06,2,,2,0.0,2
1140.0,2,3.2664,2,34.426,2,13.6,2,,2,0.061,2,,2,0.0,2
1141.0,2,3.2645,2,34.4262,2,13.9,2,,2,0.061,2,,2,0.0,2
1142.0,2,3.2627,2,34.4268,2,13.8,2,,2,0.061,2,,2,0.0,2
1143.3,2,3.2573,2,34.4272,2,13.9,2,,2,0.062,2,,2,0.0,2
1144.0,2,3.2526,2,34.4276,2,14.2,2,,2,0.061,2,,2,0.0,2
1145.0,2,3.2489,2,34.4283,2,14.2,2,,2,0.06,2,,2,0.0,2
1146.0,2,3.2481,2,34.4285,2,14.0,2,,2,0.06,2,,2,0.0,2
1147.0,2,3.2451,2,34.4288,2,13.7,2,,2,0.06,2,,2,0.0,2
1148.0,2,3.2438,2,34.429,2,13.8,2,,2,0.061,2,,2,0.0,2
1149.0,2,3.2430000000000003,2,34.4292,2,14.3,2,,2,0.061,2,,2,0.0,2
1150.0,2,3.242,2,34.4292,2,14.4,2,,2,0.061,2,,2,0.0,2
1151.0,2,3.2405,2,34.4295,2,14.1,2,,2,0.06,2,,2,0.0,2
1152.0,2,3.2402,2,34.4295,2,13.9,2,,2,0.06,2,,2,0.0,2
1153.0,2,3.2382,2,34.4298,2,13.9,2,,2,0.06,2,,2,0.0,2
1154.0,2,3.2368,2,34.4298,2,14.0,2,,2,0.06,2,,2,0.0,2
1155.0,2,3.2265,2,34.4313,2,14.3,2,,2,0.06,2,,2,0.0,2
1155.8,2,3.2257,2,34.4316,2,14.4,2,,2,0.06,2,,2,0.0,2
1157.0,2,3.2248,2,34.4313,2,14.1,2,,2,0.061,2,,2,0.0,2
1158.0,2,3.2239999999999998,2,34.4315,2,14.6,2,,2,0.06,2,,2,0.0,2
1159.0,2,3.2238,2,34.4315,2,14.1,2,,2,0.06,2,,2,0.0,2
1160.0,2,3.2235,2,34.4317,2,13.9,2,,2,0.06,2,,2,0.0,2
1161.0,2,3.2233,2,34.4317,2,14.4,2,,2,0.06,2,,2,0.0,2
1162.0,2,3.2235,2,34.4318,2,14.6,2,,2,0.061,2,,2,0.0,2
1163.0,2,3.2235,2,34.4317,2,14.4,2,,2,0.061,2,,2,0.0,2
1164.0,2,3.2232,2,34.4319,2,14.3,2,,2,0.06,2,,2,0.0,2
1165.0,2,3.2225,2,34.4319,2,14.0,2,,2,0.06,2,,2,0.0,2
1166.0,2,3.2211,2,34.4321,2,13.9,2,,2,0.061,2,,2,0.0,2
1166.9,2,3.2206,2,34.4321,2,14.3,2,,2,0.06,2,,2,0.0,2
1168.3,2,3.2194,2,34.431999999999995,2,14.2,2,,2,0.06,2,,2,0.0,2
1169.0,2,3.2195,2,34.431999999999995,2,14.3,2,,2,0.06,2,,2,0.0,2
1170.0,2,3.2195,2,34.4321,2,14.4,2,,2,0.061,2,,2,0.0,2
1171.0,2,3.2181,2,34.4324,2,14.2,2,,2,0.061,2,,2,0.0,2
1172.0,2,3.2156,2,34.4325,2,14.2,2,,2,0.06,2,,2,0.0,2
1173.0,2,3.2135,2,34.4326,2,14.3,2,,2,0.06,2,,2,0.0,2
1174.0,2,3.2124,2,34.4327,2,14.3,2,,2,0.06,2,,2,0.0,2
1175.0,2,3.2069,2,34.4331,2,14.2,2,,2,0.06,2,,2,0.0,2
1176.0,2,3.2026,2,34.4334,2,14.5,2,,2,0.06,2,,2,0.0,2
1177.0,2,3.1975,2,34.4338,2,14.4,2,,2,0.06,2,,2,0.0,2
1178.0,2,3.1927,2,34.4343,2,14.1,2,,2,0.06,2,,2,0.0,2
1179.0,2,3.1907,2,34.4345,2,14.4,2,,2,0.061,2,,2,0.0,2
1180.0,2,3.1899,2,34.4345,2,14.9,2,,2,0.06,2,,2,0.0,2
1181.0,2,3.1887,2,34.4346,2,14.4,2,,2,0.061,2,,2,0.0,2
1182.0,2,3.185,2,34.4349,2,14.2,2,,2,0.06,2,,2,0.0,2
1183.0,2,3.182,2,34.4352,2,14.5,2,,2,0.06,2,,2,0.0,2
1184.0,2,3.1811,2,34.4354,2,14.5,2,,2,0.06,2,,2,0.0,2
1185.0,2,3.1802,2,34.4355,2,14.6,2,,2,0.06,2,,2,0.0,2
1186.0,2,3.1794,2,34.4356,2,14.6,2,,2,0.06,2,,2,0.0,2
1187.0,2,3.1791,2,34.4355,2,14.6,2,,2,0.06,2,,2,0.0,2
1188.0,2,3.1791,2,34.4355,2,14.7,2,,2,0.06,2,,2,0.0,2
1189.0,2,3.1783,2,34.4358,2,15.1,2,,2,0.06,2,,2,0.0,2
1190.0,2,3.1765,2,34.4359,2,14.6,2,,2,0.059000000000000004,2,,2,0.0,2
1191.0,2,3.1743,2,34.4363,2,14.4,2,,2,0.059000000000000004,2,,2,0.0,2
1192.0,2,3.1723,2,34.4364,2,14.5,2,,2,0.06,2,,2,0.0,2
1193.0,2,3.1715,2,34.4365,2,14.6,2,,2,0.061,2,,2,0.0,2
1194.0,2,3.1712,2,34.4365,2,14.4,2,,2,0.061,2,,2,0.0,2
1195.0,2,3.1691,2,34.4368,2,14.7,2,,2,0.06,2,,2,0.0,2
1196.4,2,-99.0,2,-99.0,2,-99.0,2,,2,0.061,2,,2,0.0,2
1197.0,2,3.1588,2,34.4374,2,14.7,2,,2,0.06,2,,2,0.0,2
1198.0,2,3.1535,2,34.4381,2,14.7,2,,2,0.06,2,,2,0.0,2
1199.0,2,3.1505,2,34.4385,2,14.7,2,,2,0.06,2,,2,0.0,2
1200.0,2,3.1484,2,34.4386,2,14.7,2,,2,0.06,2,,2,0.0,2
1201.0,2,3.1483,2,34.4386,2,14.8,2,,2,0.06,2,,2,0.0,2
1202.0,2,3.1460000000000004,2,34.4389,2,14.9,2,,2,0.06,2,,2,0.0,2
1203.0,2,3.1443,2,34.4388,2,14.9,2,,2,0.06,2,,2,0.0,2
1204.0,2,3.1421,2,34.4391,2,14.9,2,,2,0.06,2,,2,0.0,2
1205.0,2,3.1417,2,34.4392,2,14.8,2,,2,0.061,2,,2,0.0,2
1206.0,2,3.138,2,34.4399,2,14.9,2,,2,0.06,2,,2,0.0,2
1207.0,2,3.1358,2,34.4412,2,15.0,2,,2,0.06,2,,2,0.0,2
1208.0,2,3.136,2,34.4402,2,15.1,2,,2,0.06,2,,2,0.0,2
1209.0,2,3.137,2,34.4401,2,14.9,2,,2,0.061,2,,2,0.0,2
1210.0,2,3.1347,2,34.4411,2,15.1,2,,2,0.061,2,,2,0.0,2
1211.0,2,3.1287,2,34.4421,2,15.2,2,,2,0.061,2,,2,0.0,2
1212.0,2,3.125,2,34.442,2,15.3,2,,2,0.062,2,,2,0.0,2
1213.0,2,3.1225,2,34.442,2,15.3,2,,2,0.061,2,,2,0.0,2
1214.0,2,3.1215,2,34.442,2,15.2,2,,2,0.061,2,,2,0.0,2
1215.0,2,3.1209,2,34.4421,2,15.1,2,,2,0.061,2,,2,0.0,2
1215.6,2,3.1203,2,34.4425,2,15.4,2,,2,0.06,2,,2,0.0,2
1217.0,2,3.1218,2,34.4419,2,15.2,2,,2,0.061,2,,2,0.0,2
1218.0,2,3.1199,2,34.4421,2,15.0,2,,2,0.06,2,,2,0.0,2
1219.0,2,3.1197,2,34.4422,2,15.1,2,,2,0.06,2,,2,0.0,2
1220.0,2,3.1197,2,34.4421,2,15.1,2,,2,0.06,2,,2,0.0,2
1221.0,2,3.1189,2,34.4424,2,15.2,2,,2,0.06,2,,2,0.0,2
1222.0,2,3.1165,2,34.4424,2,15.0,2,,2,0.061,2,,2,0.0,2
1223.0,2,3.1138,2,34.4425,2,15.4,2,,2,0.06,2,,2,0.0,2
1224.0,2,3.1091,2,34.4427,2,15.6,2,,2,0.059000000000000004,2,,2,0.0,2
1225.0,2,3.1063,2,34.4431,2,15.3,2,,2,0.06,2,,2,0.0,2
1226.0,2,3.1052,2,34.4433,2,15.2,2,,2,0.06,2,,2,0.0,2
1227.0,2,3.0997,2,34.4435,2,15.4,2,,2,0.06,2,,2,0.0,2
1228.0,2,3.0911,2,34.4436,2,15.3,2,,2,0.06,2,,2,0.0,2
1229.0,2,3.0897,2,34.4435,2,15.3,2,,2,0.06,2,,2,0.0,2
1229.8,2,3.0866,2,34.4444,2,15.3,2,,2,0.061,2,,2,0.0,2
1231.3,2,3.0843,2,34.4443,2,15.5,2,,2,0.06,2,,2,0.0,2
1232.0,2,3.08,2,34.4445,2,15.4,2,,2,0.06,2,,2,0.0,2
1233.0,2,3.075,2,34.4451,2,15.3,2,,2,0.06,2,,2,0.0,2
1234.0,2,3.0662,2,34.4461,2,15.3,2,,2,0.061,2,,2,0.0,2
1235.0,2,3.0483,2,34.4494,2,15.5,2,,2,0.061,2,,2,0.0,2
1236.0,2,3.0485,2,34.449,2,15.9,2,,2,0.059000000000000004,2,,2,0.0,2
1237.0,2,3.045,2,34.4496,2,16.1,2,,2,0.06,2,,2,0.0,2
1238.0,2,3.0438,2,34.4496,2,16.2,2,,2,0.06,2,,2,0.0,2
1239.0,2,3.0432,2,34.4496,2,16.2,2,,2,0.061,2,,2,0.0,2
1240.0,2,3.0427,2,34.4496,2,16.2,2,,2,0.061,2,,2,0.0,2
1241.0,2,3.0365,2,34.4505,2,16.3,2,,2,0.06,2,,2,0.0,2
1242.0,2,3.033,2,34.451,2,16.2,2,,2,0.06,2,,2,0.0,2
1243.0,2,3.0279,2,34.4516,2,16.1,2,,2,0.06,2,,2,0.0,2
1244.0,2,3.0246,2,34.452,2,15.9,2,,2,0.06,2,,2,0.0,2
1245.0,2,3.0235,2,34.4522,2,16.6,2,,2,0.06,2,,2,0.0,2
1246.0,2,3.0223,2,34.4525,2,16.6,2,,2,0.06,2,,2,0.0,2
1247.0,2,3.0213,2,34.4528,2,16.3,2,,2,0.06,2,,2,0.0,2
1248.0,2,3.0118,2,34.4547,2,16.9,2,,2,0.06,2,,2,0.0,2
1249.0,2,3.0038,2,34.4559,2,16.8,2,,2,0.059000000000000004,2,,2,0.0,2
1250.0,2,2.9975,2,34.4569,2,17.0,2,,2,0.06,2,,2,0.0,2
1251.0,2,2.9943,2,34.4574,2,16.8,2,,2,0.059000000000000004,2,,2,0.0,2
1252.0,2,2.9894,2,34.458,2,17.1,2,,2,0.059000000000000004,2,,2,0.0,2
1253.0,2,2.9872,2,34.4582,2,17.6,2,,2,0.06,2,,2,0.0,2
1254.0,2,2.9841,2,34.4587,2,17.5,2,,2,0.06,2,,2,0.0,2
1255.0,2,2.9828,2,34.4589,2,17.6,2,,2,0.061,2,,2,0.0,2
1256.0,2,2.9791,2,34.4596,2,17.6,2,,2,0.06,2,,2,0.0,2
1257.0,2,2.9775,2,34.4598,2,17.4,2,,2,0.06,2,,2,0.0,2
1258.0,2,2.9771,2,34.4598,2,17.3,2,,2,0.061,2,,2,0.0,2
1259.0,2,2.9768,2,34.4598,2,17.5,2,,2,0.06,2,,2,0.0,2
1260.0,2,2.9766,2,34.4599,2,17.7,2,,2,0.06,2,,2,0.0,2
1261.0,2,2.9756,2,34.4601,2,17.6,2,,2,0.06,2,,2,0.0,2
1262.0,2,2.9730000000000003,2,34.4605,2,17.9,2,,2,0.06,2,,2,0.0,2
1263.0,2,2.9686,2,34.4611,2,17.8,2,,2,0.06,2,,2,0.0,2
1264.0,2,2.9666,2,34.4613,2,17.6,2,,2,0.06,2,,2,0.0,2
1265.0,2,2.9645,2,34.4617,2,17.9,2,,2,0.06,2,,2,0.0,2
1266.0,2,2.9633,2,34.461999999999996,2,17.9,2,,2,0.06,2,,2,0.0,2
1267.0,2,2.9627,2,34.4619,2,17.6,2,,2,0.06,2,,2,0.0,2
1268.0,2,2.9599,2,34.4624,2,17.8,2,,2,0.06,2,,2,0.0,2
1269.1,2,2.9579,2,34.4626,2,18.2,2,,2,0.06,2,,2,0.0,2
1270.0,2,2.9567,2,34.4626,2,17.7,2,,2,0.061,2,,2,0.0,2
1271.0,2,2.9551,2,34.463,2,17.9,2,,2,0.06,2,,2,0.0,2
1272.0,2,2.9532,2,34.4632,2,18.2,2,,2,0.061,2,,2,0.0,2
1273.0,2,2.9522,2,34.4635,2,18.2,2,,2,0.061,2,,2,0.0,2
1274.0,2,2.9516,2,34.4635,2,17.9,2,,2,0.059000000000000004,2,,2,0.0,2
1275.0,2,2.9508,2,34.4637,2,17.9,2,,2,0.06,2,,2,0.0,2
1276.0,2,2.9502,2,34.4638,2,17.9,2,,2,0.06,2,,2,0.0,2
1277.0,2,2.9502,2,34.4639,2,18.2,2,,2,0.06,2,,2,0.0,2
1278.3,2,2.9493,2,34.4639,2,18.0,2,,2,0.06,2,,2,0.0,2
1279.0,2,2.9463,2,34.464,2,18.1,2,,2,0.06,2,,2,0.0,2
1280.0,2,2.9298,2,34.4663,2,18.5,2,,2,0.059000000000000004,2,,2,0.0,2
1281.0,2,2.9254,2,34.4667,2,18.6,2,,2,0.061,2,,2,0.0,2
1282.0,2,2.9219,2,34.467,2,18.5,2,,2,0.06,2,,2,0.0,2
1283.0,2,2.9213,2,34.4671,2,18.6,2,,2,0.06,2,,2,0.0,2
1284.0,2,2.927,2,34.4666,2,18.6,2,,2,0.06,2,,2,0.0,2
1285.0,2,2.9133,2,34.4682,2,18.7,2,,2,0.06,2,,2,0.0,2
1286.0,2,2.9069,2,34.4691,2,18.6,2,,2,0.06,2,,2,0.0,2
1287.0,2,2.9076,2,34.4689,2,19.1,2,,2,0.06,2,,2,0.0,2
1287.9,2,2.9064,2,34.4692,2,19.3,2,,2,0.061,2,,2,0.0,2
1289.1,2,2.9083,2,34.4687,2,18.8,2,,2,0.061,2,,2,0.0,2
1290.0,2,2.9065,2,34.4691,2,18.9,2,,2,0.06,2,,2,0.0,2
1291.0,2,2.9074,2,34.4692,2,19.2,2,,2,0.06,2,,2,0.0,2
1292.0,2,2.9075,2,34.4691,2,19.2,2,,2,0.059000000000000004,2,,2,0.0,2
1293.0,2,2.9079,2,34.4691,2,18.9,2,,2,0.059000000000000004,2,,2,0.0,2
1294.0,2,2.9074,2,34.4693,2,19.1,2,,2,0.06,2,,2,0.0,2
1295.0,2,2.9072,2,34.4694,2,19.4,2,,2,0.061,2,,2,0.0,2
1296.0,2,2.9073,2,34.4696,2,19.1,2,,2,0.06,2,,2,0.0,2
1297.0,2,2.9071,2,34.4695,2,19.0,2,,2,0.061,2,,2,0.0,2
1298.0,2,2.9069,2,34.4694,2,19.1,2,,2,0.06,2,,2,0.0,2
1299.0,2,2.9068,2,34.4695,2,18.9,2,,2,0.06,2,,2,0.0,2
1300.0,2,2.9065,2,34.4696,2,19.2,2,,2,0.06,2,,2,0.0,2
1301.0,2,2.9058,2,34.4696,2,19.0,2,,2,0.06,2,,2,0.0,2
1302.0,2,2.9057,2,34.4698,2,18.9,2,,2,0.06,2,,2,0.0,2
1303.0,2,2.9059,2,34.4697,2,19.1,2,,2,0.061,2,,2,0.0,2
1304.0,2,2.9061,2,34.4698,2,19.4,2,,2,0.06,2,,2,0.0,2
1305.0,2,2.9061,2,34.4698,2,19.0,2,,2,0.06,2,,2,0.0,2
1306.0,2,2.9061,2,34.4697,2,18.7,2,,2,0.06,2,,2,0.0,2
1307.0,2,2.9053,2,34.4699,2,19.2,2,,2,0.06,2,,2,0.0,2
1308.0,2,2.905,2,34.47,2,18.8,2,,2,0.06,2,,2,0.0,2
1309.0,2,2.9049,2,34.4701,2,18.9,2,,2,0.061,2,,2,0.0,2
1310.0,2,2.9049,2,34.4701,2,19.3,2,,2,0.061,2,,2,0.0,2
1311.0,2,2.9053,2,34.4701,2,19.2,2,,2,0.061,2,,2,0.0,2
1312.0,2,2.9067,2,34.47,2,18.9,2,,2,0.06,2,,2,0.0,2
1313.0,2,2.9046,2,34.47,2,19.2,2,,2,0.06,2,,2,0.0,2
1314.0,2,2.903,2,34.4704,2,19.1,2,,2,0.06,2,,2,0.0,2
1315.0,2,2.9036,2,34.4703,2,18.9,2,,2,0.06,2,,2,0.0,2
1316.0,2,2.9025,2,34.4704,2,19.2,2,,2,0.06,2,,2,0.0,2
1316.7,2,2.8962,2,34.4715,2,18.9,2,,2,0.061,2,,2,0.0,2
1317.7,2,2.9035,2,34.4707,2,19.5,2,,2,0.061,2,,2,0.0,2
1323.4,2,2.8926,2,34.4715,2,18.6,2,,2,0.061,2,,2,0.0,2
1323.6,2,2.8930000000000002,2,34.4714,2,18.9,2,,2,0.061,2,,2,0.0,2
END_DATA
