CTD,20190304CCHSIOLMM
#---------------------------------------------------------------------------------------------------,,,,,,,,,,,,,,,,,,
#Fluorescence and PAR data are nominal and unedited except that some records were removed in editing temperature and salinity and a large spike in fluorescence was removed from file 0032.,,,,,,,,,,,,,,,,,,
#---------------------------------------------------------------------------------------------------,,,,,,,,,,,,,,,,,,
#The Transmissivity channel was removed because of frequent shifts in values during casts and large variations between values during repeat casts.,,,,,,,,,,,,,,,,,,
#The data are available by request from the chief scientist.,,,,,,,,,,,,,,,,,,
#---------------------------------------------------------------------------------------------------,,,,,,,,,,,,,,,,,,
#NOTE: While the Fluorescence:CTD data are expressed in concentration units they do not always compare well to extracted chlorophyll samples particularly for casts far from shore.,,,,,,,,,,,,,,,,,,
#It is recommended that users check extracted chlorophyll values where available.,,,,,,,,,,,,,,,,,,
#---------------------------------------------------------------------------------------------------,,,,,,,,,,,,,,,,,,
#Oxygen:Dissolved:CTD was calibrated using the method described in the Sea-Bird Application Note #64-2 of June 2012 (Sea-Bird_64-2_Jun2012.pdf) except that a small offset in the fit was allowed.,,,,,,,,,,,,,,,,,,
#,,,,,,,,,,,,,,,,,,
#"The Dissolved Oxygen sensor used in files 0001, 0002 and 0016 malfunctioned so the Oxygen:Dissolved:CTD channels were removed from those files.",,,,,,,,,,,,,,,,,,
#,,,,,,,,,,,,,,,,,,
#The Oxygen:Dissolved:CTD sensor has a fairly long response time so data accuracy is not as high when it is in motion as it is during stops for bottles.,,,,,,,,,,,,,,,,,,
#This will be especially true when vertical dissolved oxygen gradients are large. ,,,,,,,,,,,,,,,,,,
#To get an estimate of the accuracy of the Oxygen:Dissolved:CTD data during downcasts (after recalibration) a rough comparison was made between downcast Oxygen:Dissolved:CTD data and upcast titrated samples. ,,,,,,,,,,,,,,,,,,
#Some of the difference will be due to problems with flushing of Niskin bottles and/or analysis errors so the following statement likely underestimates Oxygen:Dissolved:CTD accuracy.,,,,,,,,,,,,,,,,,,
#,,,,,,,,,,,,,,,,,,
#Downcast (CTD files) Oxygen:Dissolved:CTD data are considered very roughly to be:,,,,,,,,,,,,,,,,,,
#      • ±0.25 ml/l from 0 to 125 dbar,,,,,,,,,,,,,,,,,,
#      • ±0.2 ml/l from 125 to 400 dbar,,,,,,,,,,,,,,,,,,
#      • ±0.1 ml/l from 400 to 600 dbar,,,,,,,,,,,,,,,,,,
#      • ±0.05 ml/l from 600 to 1500 dbar,,,,,,,,,,,,,,,,,,
#      • Low by up to 0.08 ml/l below 1500 dbar,,,,,,,,,,,,,,,,,,
#---------------------------------------------------------------------------------------------------,,,,,,,,,,,,,,,,,,
#For details on the processing see the report 2017-01-proc.pdf,,,,,,,,,,,,,,,,,,
#---------------------------------------------------------------------------------------------------,,,,,,,,,,,,,,,,,,
#,,,,,,,,,,,,,,,,,,
#File Name,Zone,FIL:START TIME YYYY/MM/DD, HH:MM,LOC:EVENT_NUMBER,LOC:LATITUDE,LOC:LONGITUDE,LOC:STATION,INS:LOCATION,Pressure:CTD [dbar],Temperature:CTD [deg_C_(ITS90)],Salinity:CTD [PSS-78],Sigma-t:CTD [kg/m^3],Transmissivity:CTD [*/m],Oxygen:Dissolved:CTD:Volume [ml/l],Oxygen:Dissolved:CTD:Mass [µmol/kg],Fluorescence:CTD:Seapoint [mg/m^3],Fluorescence:CTD:Wetlabs [mg/m^3],PAR:CTD [µE/m^2/sec]
#,,,,,,,,,,,,,,,,,,
NUMBER_HEADERS = 8
EXPOCODE = 18DD20170205
STNBR = P4
CASTNO = 7
DATE = 20170218
TIME =  18:53
LATITUDE = 48.6505
LONGITUDE = -126.66516999999999
CTDPRS,CTDPRS_FLAG_W,CTDTMP,CTDTMP_FLAG_W,CTDSAL,CTDSAL_FLAG_W,CTDOXY,CTDOXY_FLAG_W,CTDXMISS,CTDXMISS_FLAG_W,CTDFLUOR,CTDFLUOR_FLAG_W,CTDFLUOR_TSG,CTDFLUOR_TSG_FLAG_W,PAR,PAR_FLAG_W
DBAR,,ITS-90,,PSS-78,,UMOL/KG,,,,MG/M^3,,MG/M^3,,UE/m^2/sec,
1.0,2,8.8066,2,32.5098,2,281.2,2,,2,0.46799999999999997,2,,2,113.7,2
2.0,2,8.8082,2,32.5099,2,281.4,2,,2,0.376,2,,2,96.0,2
2.9,2,8.8051,2,32.5105,2,281.3,2,,2,0.37200000000000005,2,,2,85.8,2
4.0,2,8.8024,2,32.51,2,280.6,2,,2,0.364,2,,2,76.7,2
5.0,2,8.8034,2,32.51,2,280.0,2,,2,0.365,2,,2,70.2,2
6.0,2,8.8015,2,32.5099,2,279.6,2,,2,0.369,2,,2,66.5,2
6.8,2,8.8014,2,32.5104,2,279.7,2,,2,0.38799999999999996,2,,2,63.2,2
9.2,2,8.8056,2,32.5124,2,278.3,2,,2,0.446,2,,2,57.0,2
10.0,2,8.8057,2,32.5129,2,278.8,2,,2,0.456,2,,2,52.1,2
11.0,2,8.8057,2,32.513000000000005,2,279.0,2,,2,0.47700000000000004,2,,2,46.0,2
12.0,2,8.8064,2,32.5132,2,279.0,2,,2,0.496,2,,2,42.0,2
13.0,2,8.8064,2,32.5135,2,279.0,2,,2,0.511,2,,2,39.0,2
14.0,2,8.8055,2,32.5136,2,279.4,2,,2,0.536,2,,2,36.7,2
15.0,2,8.805,2,32.5136,2,279.4,2,,2,0.5529999999999999,2,,2,35.0,2
16.0,2,8.8057,2,32.5138,2,279.0,2,,2,0.57,2,,2,33.7,2
17.0,2,8.8033,2,32.5133,2,279.7,2,,2,0.59,2,,2,32.9,2
18.0,2,8.802999999999999,2,32.5131,2,279.6,2,,2,0.583,2,,2,32.0,2
19.0,2,8.8028,2,32.5133,2,279.1,2,,2,0.608,2,,2,31.6,2
20.0,2,8.8031,2,32.5131,2,278.3,2,,2,0.633,2,,2,31.7,2
21.0,2,8.8029,2,32.5133,2,278.7,2,,2,0.639,2,,2,31.4,2
22.0,2,8.8024,2,32.513000000000005,2,278.8,2,,2,0.634,2,,2,30.5,2
23.0,2,8.7996,2,32.5126,2,279.0,2,,2,0.655,2,,2,29.9,2
24.0,2,8.799,2,32.5125,2,279.3,2,,2,0.657,2,,2,29.9,2
25.0,2,8.7985,2,32.5125,2,279.2,2,,2,0.6729999999999999,2,,2,29.3,2
26.0,2,8.798,2,32.5124,2,279.5,2,,2,0.669,2,,2,28.9,2
27.0,2,8.7998,2,32.5128,2,280.3,2,,2,0.65,2,,2,27.7,2
28.0,2,8.7997,2,32.5127,2,280.8,2,,2,0.664,2,,2,25.2,2
29.0,2,8.7997,2,32.5129,2,280.6,2,,2,0.675,2,,2,26.0,2
30.0,2,8.7998,2,32.5128,2,280.3,2,,2,0.679,2,,2,30.4,2
31.0,2,8.799,2,32.5126,2,279.5,2,,2,0.685,2,,2,33.0,2
32.0,2,8.7989,2,32.5125,2,278.7,2,,2,0.66,2,,2,32.7,2
33.0,2,8.7988,2,32.5124,2,278.9,2,,2,0.6629999999999999,2,,2,30.9,2
34.0,2,8.7998,2,32.5128,2,279.6,2,,2,0.647,2,,2,28.0,2
35.0,2,8.8012,2,32.5132,2,280.1,2,,2,0.6409999999999999,2,,2,24.9,2
36.0,2,8.8036,2,32.5138,2,280.3,2,,2,0.657,2,,2,22.5,2
37.0,2,8.8042,2,32.5139,2,280.7,2,,2,0.659,2,,2,22.1,2
37.8,2,8.8033,2,32.5137,2,281.0,2,,2,0.644,2,,2,22.9,2
41.0,2,8.8037,2,32.5136,2,280.3,2,,2,0.6409999999999999,2,,2,23.1,2
42.0,2,8.8025,2,32.5136,2,280.3,2,,2,0.642,2,,2,21.3,2
43.0,2,8.8026,2,32.5137,2,280.5,2,,2,0.634,2,,2,19.2,2
44.0,2,8.8029,2,32.5139,2,280.4,2,,2,0.616,2,,2,17.3,2
45.0,2,8.7994,2,32.5134,2,280.0,2,,2,0.615,2,,2,16.3,2
46.0,2,8.7975,2,32.5132,2,280.0,2,,2,0.601,2,,2,15.8,2
47.0,2,8.799,2,32.5134,2,280.0,2,,2,0.617,2,,2,15.4,2
48.0,2,8.7976,2,32.5135,2,279.9,2,,2,0.594,2,,2,14.5,2
49.0,2,8.7973,2,32.5137,2,280.1,2,,2,0.597,2,,2,13.2,2
50.0,2,8.7801,2,32.5113,2,279.6,2,,2,0.562,2,,2,12.5,2
51.0,2,8.7773,2,32.5107,2,278.9,2,,2,0.561,2,,2,12.3,2
52.0,2,8.7758,2,32.5106,2,279.0,2,,2,0.547,2,,2,11.8,2
53.0,2,8.7764,2,32.5107,2,279.1,2,,2,0.5479999999999999,2,,2,10.8,2
54.0,2,8.7757,2,32.5107,2,278.8,2,,2,0.531,2,,2,9.7,2
55.0,2,8.7758,2,32.5114,2,278.3,2,,2,0.531,2,,2,9.2,2
56.0,2,8.7838,2,32.5149,2,278.5,2,,2,0.526,2,,2,8.9,2
57.0,2,8.7859,2,32.5161,2,278.6,2,,2,0.507,2,,2,8.6,2
58.0,2,8.8109,2,32.5252,2,277.3,2,,2,0.496,2,,2,8.1,2
59.0,2,8.8614,2,32.5426,2,274.6,2,,2,0.491,2,,2,7.4,2
60.0,2,8.961,2,32.5816,2,269.8,2,,2,0.465,2,,2,6.9,2
61.0,2,9.0245,2,32.6043,2,266.1,2,,2,0.419,2,,2,6.6,2
61.6,2,9.0538,2,32.6078,2,265.2,2,,2,0.40299999999999997,2,,2,6.4,2
63.0,2,9.1206,2,32.6384,2,261.7,2,,2,0.38299999999999995,2,,2,6.0,2
64.0,2,9.1388,2,32.650999999999996,2,259.7,2,,2,0.35600000000000004,2,,2,5.5,2
65.0,2,9.1343,2,32.6603,2,259.3,2,,2,0.35,2,,2,5.2,2
66.0,2,9.1705,2,32.6797,2,258.0,2,,2,0.35200000000000004,2,,2,5.0,2
67.0,2,9.2183,2,32.7006,2,253.5,2,,2,0.345,2,,2,4.8,2
68.0,2,9.3759,2,32.7762,2,246.4,2,,2,0.307,2,,2,4.5,2
69.0,2,9.4376,2,32.8011,2,240.3,2,,2,0.302,2,,2,4.2,2
70.0,2,9.5406,2,32.8694,2,232.4,2,,2,0.264,2,,2,3.9,2
71.0,2,9.6349,2,32.9314,2,225.2,2,,2,0.243,2,,2,3.7,2
72.0,2,9.6811,2,32.978,2,219.2,2,,2,0.215,2,,2,3.6,2
73.0,2,9.6965,2,33.0368,2,214.0,2,,2,0.192,2,,2,3.4,2
74.0,2,9.7236,2,33.0715,2,210.0,2,,2,0.185,2,,2,3.1,2
75.0,2,9.7051,2,33.1129,2,206.0,2,,2,0.161,2,,2,3.0,2
76.0,2,9.7086,2,33.1615,2,199.0,2,,2,0.154,2,,2,2.7,2
77.0,2,9.5846,2,33.2645,2,192.3,2,,2,0.147,2,,2,2.5,2
78.0,2,9.5078,2,33.2896,2,189.0,2,,2,0.142,2,,2,2.4,2
79.0,2,9.4601,2,33.3015,2,187.4,2,,2,0.142,2,,2,2.2,2
80.0,2,9.4032,2,33.3212,2,186.4,2,,2,0.133,2,,2,2.1,2
81.0,2,9.362,2,33.3334,2,185.9,2,,2,0.129,2,,2,2.0,2
82.0,2,9.3374,2,33.3458,2,185.9,2,,2,0.124,2,,2,1.9,2
83.0,2,9.3229,2,33.3561,2,185.7,2,,2,0.122,2,,2,1.8,2
84.0,2,9.298,2,33.3764,2,184.6,2,,2,0.11699999999999999,2,,2,1.7,2
85.0,2,9.2338,2,33.4018,2,183.0,2,,2,0.113,2,,2,1.6,2
86.1,2,9.1844,2,33.4079,2,181.3,2,,2,0.115,2,,2,1.5,2
87.0,2,9.1404,2,33.4144,2,179.1,2,,2,0.11199999999999999,2,,2,1.5,2
88.0,2,9.1096,2,33.4286,2,176.4,2,,2,0.11,2,,2,1.4,2
89.0,2,9.0674,2,33.4535,2,173.5,2,,2,0.106,2,,2,1.3,2
90.0,2,9.0398,2,33.4652,2,170.9,2,,2,0.10099999999999999,2,,2,1.2,2
91.0,2,9.027999999999999,2,33.4715,2,168.6,2,,2,0.109,2,,2,1.1,2
92.0,2,9.0015,2,33.49,2,166.3,2,,2,0.10300000000000001,2,,2,1.1,2
93.0,2,8.9559,2,33.5132,2,163.2,2,,2,0.10300000000000001,2,,2,1.0,2
94.0,2,8.9289,2,33.5385,2,160.2,2,,2,0.1,2,,2,1.0,2
95.0,2,8.9102,2,33.5481,2,159.3,2,,2,0.091,2,,2,0.9,2
96.0,2,8.9021,2,33.5527,2,158.9,2,,2,0.094,2,,2,0.9,2
97.0,2,8.8948,2,33.5612,2,157.7,2,,2,0.094,2,,2,0.8,2
98.0,2,8.8799,2,33.5729,2,156.6,2,,2,0.092,2,,2,0.8,2
99.0,2,8.8648,2,33.5816,2,155.9,2,,2,0.085,2,,2,0.7,2
100.0,2,8.8568,2,33.5855,2,155.3,2,,2,0.083,2,,2,0.7,2
101.0,2,8.8502,2,33.5887,2,155.2,2,,2,0.08199999999999999,2,,2,0.7,2
102.0,2,8.8476,2,33.5901,2,155.1,2,,2,0.083,2,,2,0.6,2
103.0,2,8.844,2,33.592,2,154.8,2,,2,0.083,2,,2,0.6,2
104.0,2,8.8359,2,33.5955,2,154.7,2,,2,0.079,2,,2,0.6,2
105.0,2,8.8291,2,33.5981,2,154.7,2,,2,0.079,2,,2,0.5,2
106.0,2,8.8223,2,33.601,2,154.3,2,,2,0.079,2,,2,0.5,2
107.0,2,8.8133,2,33.6053,2,153.2,2,,2,0.08,2,,2,0.5,2
108.0,2,8.7875,2,33.6198,2,150.9,2,,2,0.077,2,,2,0.5,2
109.0,2,8.7478,2,33.641,2,148.6,2,,2,0.07400000000000001,2,,2,0.4,2
110.0,2,8.7426,2,33.6421,2,147.5,2,,2,0.076,2,,2,0.4,2
111.0,2,8.7347,2,33.645,2,147.3,2,,2,0.071,2,,2,0.4,2
112.0,2,8.7263,2,33.6485,2,147.2,2,,2,0.07,2,,2,0.4,2
113.0,2,8.7179,2,33.6524,2,146.5,2,,2,0.07200000000000001,2,,2,0.3,2
114.0,2,8.7071,2,33.6588,2,145.9,2,,2,0.069,2,,2,0.3,2
115.0,2,8.7028,2,33.6605,2,145.6,2,,2,0.07,2,,2,0.3,2
116.0,2,8.6803,2,33.6632,2,145.6,2,,2,0.073,2,,2,0.3,2
117.0,2,8.6222,2,33.6697,2,146.9,2,,2,0.067,2,,2,0.3,2
118.0,2,8.5441,2,33.6773,2,148.4,2,,2,0.065,2,,2,0.2,2
119.0,2,8.5246,2,33.6886,2,148.0,2,,2,0.063,2,,2,0.2,2
120.0,2,8.5247,2,33.7018,2,147.1,2,,2,0.065,2,,2,0.2,2
121.0,2,8.524,2,33.7113,2,146.3,2,,2,0.063,2,,2,0.2,2
122.0,2,8.5205,2,33.7179,2,145.8,2,,2,0.064,2,,2,0.2,2
123.0,2,8.5188,2,33.7261,2,144.5,2,,2,0.063,2,,2,0.2,2
124.0,2,8.496,2,33.7476,2,142.0,2,,2,0.063,2,,2,0.2,2
125.0,2,8.4902,2,33.7535,2,140.3,2,,2,0.065,2,,2,0.2,2
126.0,2,8.4894,2,33.7554,2,139.8,2,,2,0.061,2,,2,0.2,2
127.0,2,8.488,2,33.7571,2,139.8,2,,2,0.062,2,,2,0.1,2
128.0,2,8.4859,2,33.7589,2,139.9,2,,2,0.061,2,,2,0.1,2
129.0,2,8.4823,2,33.7614,2,139.4,2,,2,0.061,2,,2,0.1,2
130.0,2,8.4674,2,33.7669,2,137.7,2,,2,0.064,2,,2,0.1,2
131.0,2,8.4332,2,33.7772,2,133.6,2,,2,0.064,2,,2,0.1,2
132.0,2,8.3894,2,33.7861,2,128.5,2,,2,0.064,2,,2,0.1,2
133.0,2,8.3535,2,33.7985,2,125.1,2,,2,0.064,2,,2,0.1,2
134.0,2,8.3287,2,33.8073,2,124.5,2,,2,0.062,2,,2,0.1,2
135.0,2,8.3147,2,33.8137,2,124.1,2,,2,0.062,2,,2,0.1,2
136.0,2,8.3142,2,33.8185,2,123.4,2,,2,0.062,2,,2,0.1,2
137.0,2,8.3165,2,33.8212,2,122.7,2,,2,0.061,2,,2,0.1,2
138.0,2,8.3134,2,33.8256,2,122.1,2,,2,0.06,2,,2,0.1,2
139.0,2,8.3122,2,33.8272,2,121.4,2,,2,0.06,2,,2,0.1,2
140.0,2,8.3099,2,33.8287,2,121.0,2,,2,0.061,2,,2,0.1,2
141.0,2,8.3044,2,33.8303,2,120.3,2,,2,0.061,2,,2,0.0,2
142.0,2,8.2946,2,33.8336,2,119.9,2,,2,0.061,2,,2,0.0,2
143.0,2,8.2846,2,33.8359,2,119.2,2,,2,0.061,2,,2,0.0,2
144.0,2,8.2835,2,33.8362,2,118.7,2,,2,0.061,2,,2,0.0,2
145.0,2,8.2809,2,33.8367,2,118.9,2,,2,0.062,2,,2,0.0,2
146.0,2,8.2785,2,33.8373,2,118.6,2,,2,0.06,2,,2,0.0,2
147.0,2,8.2709,2,33.8385,2,118.3,2,,2,0.06,2,,2,0.0,2
148.0,2,8.2441,2,33.8432,2,118.1,2,,2,0.06,2,,2,0.0,2
149.0,2,8.2345,2,33.8452,2,117.8,2,,2,0.06,2,,2,0.0,2
150.0,2,8.2227,2,33.8474,2,117.5,2,,2,0.061,2,,2,0.0,2
151.0,2,8.2032,2,33.8506,2,117.0,2,,2,0.06,2,,2,0.0,2
152.0,2,8.1753,2,33.8553,2,116.4,2,,2,0.06,2,,2,0.0,2
153.0,2,8.1632,2,33.8569,2,116.2,2,,2,0.061,2,,2,0.0,2
154.0,2,8.154,2,33.8586,2,116.0,2,,2,0.061,2,,2,0.0,2
155.0,2,8.1455,2,33.8606,2,115.6,2,,2,0.06,2,,2,0.0,2
156.0,2,8.1436,2,33.861,2,115.6,2,,2,0.059000000000000004,2,,2,0.0,2
157.0,2,8.1442,2,33.8618,2,115.2,2,,2,0.059000000000000004,2,,2,0.0,2
158.0,2,8.142999999999999,2,33.8634,2,114.7,2,,2,0.06,2,,2,0.0,2
159.0,2,8.1318,2,33.8649,2,114.5,2,,2,0.06,2,,2,0.0,2
160.0,2,8.1216,2,33.8663,2,114.5,2,,2,0.059000000000000004,2,,2,0.0,2
161.0,2,8.1078,2,33.8674,2,114.5,2,,2,0.059000000000000004,2,,2,0.0,2
162.0,2,8.0926,2,33.8694,2,114.6,2,,2,0.06,2,,2,0.0,2
163.0,2,8.0898,2,33.8696,2,114.7,2,,2,0.06,2,,2,0.0,2
163.8,2,8.0875,2,33.8701,2,114.5,2,,2,0.06,2,,2,0.0,2
165.3,2,8.0775,2,33.8705,2,114.7,2,,2,0.059000000000000004,2,,2,0.0,2
166.0,2,8.0767,2,33.8705,2,114.7,2,,2,0.06,2,,2,0.0,2
167.0,2,8.0765,2,33.8705,2,114.7,2,,2,0.06,2,,2,0.0,2
168.0,2,8.0744,2,33.8707,2,114.5,2,,2,0.06,2,,2,0.0,2
169.0,2,8.0724,2,33.871,2,114.4,2,,2,0.06,2,,2,0.0,2
170.0,2,8.0667,2,33.8719,2,114.3,2,,2,0.061,2,,2,0.0,2
171.0,2,8.0668,2,33.8723,2,114.3,2,,2,0.061,2,,2,0.0,2
172.0,2,8.0666,2,33.8729,2,114.3,2,,2,0.06,2,,2,0.0,2
173.0,2,8.0612,2,33.8742,2,114.0,2,,2,0.06,2,,2,0.0,2
174.0,2,8.0463,2,33.876999999999995,2,113.8,2,,2,0.06,2,,2,0.0,2
175.0,2,8.037,2,33.8792,2,113.5,2,,2,0.06,2,,2,0.0,2
176.0,2,8.0233,2,33.8806,2,113.4,2,,2,0.059000000000000004,2,,2,0.0,2
177.0,2,8.019,2,33.881,2,113.2,2,,2,0.059000000000000004,2,,2,0.0,2
178.0,2,8.0123,2,33.8816,2,112.8,2,,2,0.06,2,,2,0.0,2
179.0,2,7.9878,2,33.8857,2,112.7,2,,2,0.06,2,,2,0.0,2
180.0,2,7.9467,2,33.8897,2,112.4,2,,2,0.06,2,,2,0.0,2
181.0,2,7.9383,2,33.8901,2,112.1,2,,2,0.059000000000000004,2,,2,0.0,2
182.0,2,7.9339,2,33.891,2,112.0,2,,2,0.06,2,,2,0.0,2
183.0,2,7.9327,2,33.8915,2,112.3,2,,2,0.059000000000000004,2,,2,0.0,2
184.0,2,7.934,2,33.8913,2,112.0,2,,2,0.06,2,,2,0.0,2
185.0,2,7.9319,2,33.8918,2,112.0,2,,2,0.061,2,,2,0.0,2
186.0,2,7.9297,2,33.8921,2,112.1,2,,2,0.06,2,,2,0.0,2
187.0,2,7.9269,2,33.8926,2,111.8,2,,2,0.059000000000000004,2,,2,0.0,2
188.0,2,7.9054,2,33.8949,2,111.5,2,,2,0.06,2,,2,0.0,2
189.0,2,7.8933,2,33.8957,2,111.6,2,,2,0.059000000000000004,2,,2,0.0,2
189.8,2,7.8799,2,33.8981,2,111.8,2,,2,0.06,2,,2,0.0,2
191.1,2,7.8471,2,33.903,2,110.6,2,,2,0.06,2,,2,0.0,2
192.0,2,7.8302,2,33.9045,2,110.3,2,,2,0.061,2,,2,0.0,2
193.0,2,7.8239,2,33.9054,2,110.1,2,,2,0.06,2,,2,0.0,2
194.0,2,7.8203,2,33.9058,2,110.1,2,,2,0.061,2,,2,0.0,2
195.0,2,7.8173,2,33.9062,2,110.1,2,,2,0.06,2,,2,0.0,2
196.0,2,7.8118,2,33.9069,2,110.5,2,,2,0.061,2,,2,0.0,2
197.0,2,7.8088,2,33.907,2,110.5,2,,2,0.059000000000000004,2,,2,0.0,2
198.0,2,7.805,2,33.9076,2,110.2,2,,2,0.059000000000000004,2,,2,0.0,2
199.0,2,7.8011,2,33.9081,2,110.4,2,,2,0.06,2,,2,0.0,2
199.9,2,7.7951,2,33.9088,2,110.1,2,,2,0.059000000000000004,2,,2,0.0,2
201.0,2,7.776,2,33.9112,2,109.6,2,,2,0.06,2,,2,0.0,2
202.0,2,7.7659,2,33.9125,2,109.0,2,,2,0.06,2,,2,0.0,2
203.0,2,7.7564,2,33.9139,2,108.6,2,,2,0.059000000000000004,2,,2,0.0,2
204.0,2,7.7514,2,33.9145,2,108.0,2,,2,0.059000000000000004,2,,2,0.0,2
205.0,2,7.745,2,33.9153,2,108.0,2,,2,0.06,2,,2,0.0,2
206.0,2,7.7412,2,33.9157,2,107.9,2,,2,0.06,2,,2,0.0,2
207.0,2,7.7372,2,33.9163,2,107.8,2,,2,0.06,2,,2,0.0,2
208.0,2,7.7306,2,33.917,2,107.8,2,,2,0.059000000000000004,2,,2,0.0,2
209.1,2,7.7254,2,33.9179,2,107.7,2,,2,0.06,2,,2,0.0,2
209.9,2,7.7221,2,33.9182,2,107.4,2,,2,0.06,2,,2,0.0,2
211.0,2,7.718,2,33.9186,2,107.0,2,,2,0.06,2,,2,0.0,2
212.0,2,7.7129,2,33.9192,2,106.9,2,,2,0.06,2,,2,0.0,2
213.0,2,7.7038,2,33.9203,2,106.9,2,,2,0.06,2,,2,0.0,2
214.0,2,7.6763,2,33.923,2,106.8,2,,2,0.06,2,,2,0.0,2
215.0,2,7.6646,2,33.9254,2,106.2,2,,2,0.06,2,,2,0.0,2
216.0,2,7.641,2,33.9276,2,105.3,2,,2,0.06,2,,2,0.0,2
217.0,2,7.6267,2,33.929,2,104.6,2,,2,0.06,2,,2,0.0,2
218.0,2,7.6154,2,33.9302,2,104.6,2,,2,0.059000000000000004,2,,2,0.0,2
219.0,2,7.6104,2,33.9306,2,104.6,2,,2,0.06,2,,2,0.0,2
220.0,2,7.5997,2,33.9316,2,104.3,2,,2,0.061,2,,2,0.0,2
221.0,2,7.5863,2,33.9327,2,103.9,2,,2,0.06,2,,2,0.0,2
222.0,2,7.5673,2,33.9342,2,103.7,2,,2,0.059000000000000004,2,,2,0.0,2
223.0,2,7.5487,2,33.9358,2,103.5,2,,2,0.06,2,,2,0.0,2
224.0,2,7.5379,2,33.9367,2,103.5,2,,2,0.061,2,,2,0.0,2
225.0,2,7.5283,2,33.9378,2,103.3,2,,2,0.061,2,,2,0.0,2
226.0,2,7.5153,2,33.9392,2,103.0,2,,2,0.06,2,,2,0.0,2
227.0,2,7.5069,2,33.9396,2,102.5,2,,2,0.06,2,,2,0.0,2
228.0,2,7.4922,2,33.9409,2,102.0,2,,2,0.061,2,,2,0.0,2
229.0,2,7.4867,2,33.9416,2,101.8,2,,2,0.061,2,,2,0.0,2
230.0,2,7.4744,2,33.9426,2,101.5,2,,2,0.06,2,,2,0.0,2
231.0,2,7.4598,2,33.944,2,101.2,2,,2,0.061,2,,2,0.0,2
232.0,2,7.445,2,33.9452,2,100.7,2,,2,0.059000000000000004,2,,2,0.0,2
233.0,2,7.4398,2,33.9458,2,100.6,2,,2,0.06,2,,2,0.0,2
234.0,2,7.4275,2,33.9476,2,100.5,2,,2,0.06,2,,2,0.0,2
235.0,2,7.4247,2,33.9475,2,100.5,2,,2,0.06,2,,2,0.0,2
236.0,2,7.4141,2,33.9482,2,100.2,2,,2,0.06,2,,2,0.0,2
237.0,2,7.3994,2,33.9492,2,99.7,2,,2,0.06,2,,2,0.0,2
238.0,2,7.3909,2,33.9496,2,99.3,2,,2,0.06,2,,2,0.0,2
239.0,2,7.3509,2,33.9515,2,98.9,2,,2,0.061,2,,2,0.0,2
240.0,2,7.3299,2,33.9525,2,98.3,2,,2,0.06,2,,2,0.0,2
241.0,2,7.3024,2,33.954,2,97.5,2,,2,0.06,2,,2,0.0,2
242.0,2,7.2839,2,33.9559,2,97.2,2,,2,0.06,2,,2,0.0,2
242.7,2,7.2532,2,33.9598,2,96.8,2,,2,0.061,2,,2,0.0,2
244.0,2,7.2436,2,33.9595,2,96.5,2,,2,0.06,2,,2,0.0,2
245.0,2,7.2397,2,33.96,2,96.2,2,,2,0.06,2,,2,0.0,2
246.0,2,7.2389,2,33.96,2,96.1,2,,2,0.06,2,,2,0.0,2
247.0,2,7.2283,2,33.9611,2,95.7,2,,2,0.062,2,,2,0.0,2
248.0,2,7.1771,2,33.9647,2,95.2,2,,2,0.06,2,,2,0.0,2
249.0,2,7.15,2,33.9664,2,94.6,2,,2,0.06,2,,2,0.0,2
250.0,2,7.1475,2,33.9669,2,94.1,2,,2,0.06,2,,2,0.0,2
251.0,2,7.1491,2,33.9659,2,94.0,2,,2,0.06,2,,2,0.0,2
252.0,2,7.1483,2,33.9663,2,93.9,2,,2,0.061,2,,2,0.0,2
253.0,2,7.1331,2,33.9673,2,94.0,2,,2,0.061,2,,2,0.0,2
254.0,2,7.1217,2,33.969,2,93.8,2,,2,0.06,2,,2,0.0,2
255.0,2,7.1093,2,33.9707,2,93.3,2,,2,0.061,2,,2,0.0,2
256.0,2,7.0824,2,33.9713,2,92.6,2,,2,0.061,2,,2,0.0,2
257.0,2,7.0451,2,33.9727,2,91.8,2,,2,0.061,2,,2,0.0,2
258.0,2,7.0396,2,33.9728,2,91.7,2,,2,0.062,2,,2,0.0,2
259.0,2,7.0397,2,33.9728,2,91.9,2,,2,0.061,2,,2,0.0,2
260.0,2,7.0374,2,33.9725,2,91.8,2,,2,0.06,2,,2,0.0,2
261.0,2,7.0167,2,33.9725,2,91.4,2,,2,0.06,2,,2,0.0,2
261.8,2,7.0046,2,33.9723,2,91.3,2,,2,0.06,2,,2,0.0,2
263.0,2,6.9901,2,33.9731,2,91.3,2,,2,0.06,2,,2,0.0,2
264.0,2,6.9831,2,33.9732,2,91.1,2,,2,0.06,2,,2,0.0,2
265.0,2,6.9848,2,33.9731,2,91.1,2,,2,0.06,2,,2,0.0,2
266.0,2,6.9856,2,33.9732,2,91.1,2,,2,0.061,2,,2,0.0,2
267.0,2,6.982,2,33.9736,2,91.1,2,,2,0.06,2,,2,0.0,2
268.0,2,6.9713,2,33.9739,2,90.7,2,,2,0.061,2,,2,0.0,2
269.0,2,6.9665,2,33.9743,2,90.7,2,,2,0.061,2,,2,0.0,2
270.0,2,6.9586,2,33.9745,2,90.4,2,,2,0.06,2,,2,0.0,2
271.0,2,6.9468,2,33.9749,2,90.3,2,,2,0.061,2,,2,0.0,2
272.0,2,6.9316,2,33.9761,2,89.8,2,,2,0.061,2,,2,0.0,2
273.0,2,6.9239,2,33.9764,2,89.9,2,,2,0.06,2,,2,0.0,2
274.0,2,6.9213,2,33.9768,2,89.4,2,,2,0.061,2,,2,0.0,2
275.0,2,6.9216,2,33.9773,2,89.2,2,,2,0.06,2,,2,0.0,2
276.0,2,6.9122,2,33.9781,2,88.8,2,,2,0.061,2,,2,0.0,2
277.0,2,6.8944,2,33.9794,2,88.3,2,,2,0.061,2,,2,0.0,2
278.0,2,6.8805,2,33.9799,2,87.9,2,,2,0.061,2,,2,0.0,2
279.0,2,6.864,2,33.9806,2,87.4,2,,2,0.06,2,,2,0.0,2
280.0,2,6.8547,2,33.9811,2,87.1,2,,2,0.059000000000000004,2,,2,0.0,2
280.9,2,6.8481,2,33.9823,2,86.9,2,,2,0.061,2,,2,0.0,2
282.4,2,6.8336,2,33.983000000000004,2,86.2,2,,2,0.06,2,,2,0.0,2
282.9,2,6.8233,2,33.9832,2,85.9,2,,2,0.06,2,,2,0.0,2
284.0,2,6.8012,2,33.9842,2,85.5,2,,2,0.062,2,,2,0.0,2
285.0,2,6.7944,2,33.9845,2,85.0,2,,2,0.061,2,,2,0.0,2
286.0,2,6.7928,2,33.9843,2,84.9,2,,2,0.06,2,,2,0.0,2
287.0,2,6.7906,2,33.9844,2,85.1,2,,2,0.062,2,,2,0.0,2
288.0,2,6.789,2,33.9847,2,84.9,2,,2,0.061,2,,2,0.0,2
289.0,2,6.7869,2,33.9849,2,84.7,2,,2,0.061,2,,2,0.0,2
290.0,2,6.7857,2,33.9856,2,84.6,2,,2,0.06,2,,2,0.0,2
291.0,2,6.7859,2,33.9857,2,84.4,2,,2,0.061,2,,2,0.0,2
291.8,2,6.7833,2,33.9865,2,84.5,2,,2,0.06,2,,2,0.0,2
293.1,2,6.7788,2,33.9869,2,84.3,2,,2,0.061,2,,2,0.0,2
294.0,2,6.7728,2,33.9872,2,83.9,2,,2,0.061,2,,2,0.0,2
295.0,2,6.7566,2,33.9875,2,83.4,2,,2,0.061,2,,2,0.0,2
296.0,2,6.749,2,33.9879,2,83.4,2,,2,0.062,2,,2,0.0,2
297.0,2,6.742999999999999,2,33.9879,2,83.4,2,,2,0.062,2,,2,0.0,2
298.0,2,6.7335,2,33.988,2,83.2,2,,2,0.062,2,,2,0.0,2
299.0,2,6.7268,2,33.9879,2,82.8,2,,2,0.061,2,,2,0.0,2
300.0,2,6.7239,2,33.988,2,82.7,2,,2,0.063,2,,2,0.0,2
301.0,2,6.7208,2,33.9883,2,82.6,2,,2,0.06,2,,2,0.0,2
302.0,2,6.7182,2,33.9886,2,82.6,2,,2,0.062,2,,2,0.0,2
303.0,2,6.7182,2,33.9887,2,82.7,2,,2,0.061,2,,2,0.0,2
304.0,2,6.7148,2,33.9891,2,82.4,2,,2,0.061,2,,2,0.0,2
305.0,2,6.7052,2,33.9897,2,82.2,2,,2,0.061,2,,2,0.0,2
306.0,2,6.6908,2,33.9898,2,81.9,2,,2,0.061,2,,2,0.0,2
307.0,2,6.6762,2,33.9899,2,81.4,2,,2,0.06,2,,2,0.0,2
308.0,2,6.6738,2,33.9897,2,81.4,2,,2,0.061,2,,2,0.0,2
309.0,2,6.67,2,33.9901,2,81.1,2,,2,0.061,2,,2,0.0,2
310.0,2,6.667000000000001,2,33.9901,2,81.0,2,,2,0.061,2,,2,0.0,2
311.0,2,6.6646,2,33.9901,2,81.3,2,,2,0.06,2,,2,0.0,2
312.0,2,6.6625,2,33.9903,2,81.2,2,,2,0.062,2,,2,0.0,2
313.0,2,6.6619,2,33.9902,2,81.3,2,,2,0.061,2,,2,0.0,2
314.0,2,6.6614,2,33.9903,2,81.5,2,,2,0.061,2,,2,0.0,2
315.0,2,6.6603,2,33.9904,2,81.4,2,,2,0.061,2,,2,0.0,2
316.0,2,6.6584,2,33.9905,2,81.2,2,,2,0.061,2,,2,0.0,2
317.0,2,6.6583,2,33.9904,2,81.1,2,,2,0.061,2,,2,0.0,2
318.0,2,6.6571,2,33.9904,2,81.2,2,,2,0.06,2,,2,0.0,2
319.0,2,6.6591,2,33.9905,2,81.0,2,,2,0.061,2,,2,0.0,2
320.0,2,6.6584,2,33.9906,2,81.1,2,,2,0.061,2,,2,0.0,2
321.0,2,6.659,2,33.9907,2,81.2,2,,2,0.06,2,,2,0.0,2
322.0,2,6.6578,2,33.9906,2,81.2,2,,2,0.06,2,,2,0.0,2
323.0,2,6.6589,2,33.9906,2,81.1,2,,2,0.06,2,,2,0.0,2
324.0,2,6.6575,2,33.9906,2,81.1,2,,2,0.061,2,,2,0.0,2
325.0,2,6.6542,2,33.9907,2,81.1,2,,2,0.061,2,,2,0.0,2
326.0,2,6.6518,2,33.9905,2,81.1,2,,2,0.061,2,,2,0.0,2
327.0,2,6.6511,2,33.9905,2,80.9,2,,2,0.061,2,,2,0.0,2
328.0,2,6.6512,2,33.9906,2,80.9,2,,2,0.061,2,,2,0.0,2
329.0,2,6.6512,2,33.9907,2,80.9,2,,2,0.061,2,,2,0.0,2
330.0,2,6.6522,2,33.9907,2,80.8,2,,2,0.061,2,,2,0.0,2
331.0,2,6.6521,2,33.9906,2,80.7,2,,2,0.061,2,,2,0.0,2
332.0,2,6.6507,2,33.9905,2,81.1,2,,2,0.062,2,,2,0.0,2
333.0,2,6.6489,2,33.9905,2,81.1,2,,2,0.061,2,,2,0.0,2
334.0,2,6.6499,2,33.9906,2,81.0,2,,2,0.061,2,,2,0.0,2
335.1,2,6.6499,2,33.9906,2,80.9,2,,2,0.061,2,,2,0.0,2
336.0,2,6.6494,2,33.9906,2,80.9,2,,2,0.061,2,,2,0.0,2
336.9,2,6.6468,2,33.9907,2,80.8,2,,2,0.061,2,,2,0.0,2
338.0,2,6.6444,2,33.9906,2,80.7,2,,2,0.061,2,,2,0.0,2
339.0,2,6.6411,2,33.9907,2,80.6,2,,2,0.061,2,,2,0.0,2
340.0,2,6.6401,2,33.9906,2,80.8,2,,2,0.06,2,,2,0.0,2
341.0,2,6.64,2,33.9908,2,80.7,2,,2,0.061,2,,2,0.0,2
342.0,2,6.6388,2,33.9905,2,80.7,2,,2,0.06,2,,2,0.0,2
343.0,2,6.6383,2,33.9908,2,80.7,2,,2,0.06,2,,2,0.0,2
344.0,2,6.6391,2,33.9905,2,80.6,2,,2,0.062,2,,2,0.0,2
345.0,2,6.6384,2,33.9907,2,80.7,2,,2,0.06,2,,2,0.0,2
346.1,2,6.6313,2,33.991,2,80.9,2,,2,0.061,2,,2,0.0,2
347.2,2,6.6084,2,33.9914,2,80.1,2,,2,0.061,2,,2,0.0,2
348.0,2,6.5979,2,33.9912,2,79.8,2,,2,0.06,2,,2,0.0,2
349.0,2,6.593999999999999,2,33.9913,2,79.9,2,,2,0.061,2,,2,0.0,2
350.0,2,6.5917,2,33.9913,2,79.6,2,,2,0.061,2,,2,0.0,2
351.0,2,6.5788,2,33.9912,2,79.3,2,,2,0.061,2,,2,0.0,2
352.0,2,6.5624,2,33.9918,2,79.1,2,,2,0.061,2,,2,0.0,2
353.0,2,6.5527,2,33.9917,2,78.8,2,,2,0.061,2,,2,0.0,2
354.0,2,6.5407,2,33.9918,2,78.4,2,,2,0.061,2,,2,0.0,2
355.0,2,6.5329,2,33.9912,2,78.2,2,,2,0.061,2,,2,0.0,2
356.0,2,6.5232,2,33.991,2,78.1,2,,2,0.061,2,,2,0.0,2
357.0,2,6.4816,2,33.9899,2,77.9,2,,2,0.061,2,,2,0.0,2
358.1,2,6.4612,2,33.9901,2,78.1,2,,2,0.061,2,,2,0.0,2
359.0,2,6.4481,2,33.9904,2,77.7,2,,2,0.061,2,,2,0.0,2
360.0,2,6.4417,2,33.9906,2,77.6,2,,2,0.061,2,,2,0.0,2
361.0,2,6.4296,2,33.9902,2,77.8,2,,2,0.061,2,,2,0.0,2
362.0,2,6.4159,2,33.9894,2,77.6,2,,2,0.061,2,,2,0.0,2
363.0,2,6.3993,2,33.989000000000004,2,77.5,2,,2,0.061,2,,2,0.0,2
364.0,2,6.3959,2,33.9887,2,77.7,2,,2,0.06,2,,2,0.0,2
365.0,2,6.3927,2,33.9888,2,77.7,2,,2,0.062,2,,2,0.0,2
366.0,2,6.3906,2,33.9889,2,77.6,2,,2,0.062,2,,2,0.0,2
367.0,2,6.388,2,33.9889,2,77.5,2,,2,0.061,2,,2,0.0,2
368.0,2,6.3846,2,33.989000000000004,2,77.4,2,,2,0.061,2,,2,0.0,2
369.0,2,6.3754,2,33.9893,2,77.4,2,,2,0.061,2,,2,0.0,2
370.0,2,6.3618,2,33.9893,2,77.1,2,,2,0.062,2,,2,0.0,2
371.0,2,6.3481,2,33.989000000000004,2,76.8,2,,2,0.061,2,,2,0.0,2
372.0,2,6.3391,2,33.9888,2,76.8,2,,2,0.061,2,,2,0.0,2
373.0,2,6.3262,2,33.9892,2,76.4,2,,2,0.061,2,,2,0.0,2
374.0,2,6.3223,2,33.9891,2,76.1,2,,2,0.06,2,,2,0.0,2
375.0,2,6.3135,2,33.9886,2,76.4,2,,2,0.06,2,,2,0.0,2
375.9,2,6.3034,2,33.9896,2,76.0,2,,2,0.061,2,,2,0.0,2
377.2,2,6.2738,2,33.9896,2,75.6,2,,2,0.062,2,,2,0.0,2
378.0,2,6.2103,2,33.9905,2,74.4,2,,2,0.062,2,,2,0.0,2
379.0,2,6.1952,2,33.9914,2,73.4,2,,2,0.061,2,,2,0.0,2
380.0,2,6.1927,2,33.9913,2,72.9,2,,2,0.06,2,,2,0.0,2
381.0,2,6.188,2,33.9912,2,72.9,2,,2,0.061,2,,2,0.0,2
382.0,2,6.1798,2,33.9916,2,72.7,2,,2,0.062,2,,2,0.0,2
383.0,2,6.1610000000000005,2,33.992,2,72.2,2,,2,0.061,2,,2,0.0,2
384.0,2,6.1428,2,33.9923,2,71.9,2,,2,0.062,2,,2,0.0,2
385.0,2,6.1191,2,33.9925,2,71.4,2,,2,0.062,2,,2,0.0,2
386.0,2,6.0781,2,33.994,2,70.4,2,,2,0.062,2,,2,0.0,2
387.0,2,6.0382,2,33.9938,2,69.5,2,,2,0.061,2,,2,0.0,2
388.0,2,6.0122,2,33.9938,2,68.7,2,,2,0.061,2,,2,0.0,2
388.9,2,5.9972,2,33.9943,2,68.1,2,,2,0.061,2,,2,0.0,2
391.3,2,5.952000000000001,2,33.9983,2,67.6,2,,2,0.061,2,,2,0.0,2
392.0,2,5.9436,2,33.9986,2,66.9,2,,2,0.061,2,,2,0.0,2
393.0,2,5.9386,2,33.9988,2,66.5,2,,2,0.062,2,,2,0.0,2
394.0,2,5.9256,2,33.999,2,66.2,2,,2,0.061,2,,2,0.0,2
395.0,2,5.92,2,33.9987,2,66.0,2,,2,0.062,2,,2,0.0,2
396.0,2,5.9166,2,33.9983,2,65.9,2,,2,0.061,2,,2,0.0,2
397.0,2,5.9103,2,33.9981,2,65.9,2,,2,0.061,2,,2,0.0,2
398.0,2,5.9039,2,33.9976,2,65.7,2,,2,0.061,2,,2,0.0,2
399.1,2,5.9011,2,33.9983,2,65.5,2,,2,0.061,2,,2,0.0,2
399.6,2,5.897,2,33.9987,2,65.5,2,,2,0.062,2,,2,0.0,2
402.0,2,5.8747,2,33.9985,2,66.2,2,,2,0.061,2,,2,0.0,2
403.0,2,5.8514,2,33.9974,2,65.9,2,,2,0.061,2,,2,0.0,2
404.0,2,5.8433,2,33.9972,2,65.7,2,,2,0.062,2,,2,0.0,2
405.0,2,5.8355,2,33.9969,2,65.4,2,,2,0.061,2,,2,0.0,2
406.0,2,5.8358,2,33.9968,2,65.4,2,,2,0.061,2,,2,0.0,2
407.0,2,5.8248,2,33.9962,2,65.6,2,,2,0.061,2,,2,0.0,2
408.0,2,5.8128,2,33.9961,2,65.3,2,,2,0.061,2,,2,0.0,2
409.0,2,5.7931,2,33.9981,2,64.6,2,,2,0.061,2,,2,0.0,2
410.0,2,5.7666,2,34.0013,2,63.5,2,,2,0.061,2,,2,0.0,2
411.0,2,5.7446,2,34.0025,2,62.6,2,,2,0.062,2,,2,0.0,2
412.0,2,5.7247,2,34.0031,2,61.8,2,,2,0.062,2,,2,0.0,2
413.0,2,5.7139999999999995,2,34.0035,2,61.3,2,,2,0.063,2,,2,0.0,2
414.0,2,5.7049,2,34.0042,2,61.0,2,,2,0.062,2,,2,0.0,2
415.0,2,5.6991,2,34.0043,2,60.8,2,,2,0.062,2,,2,0.0,2
416.0,2,5.6927,2,34.0043,2,60.7,2,,2,0.061,2,,2,0.0,2
417.0,2,5.6888,2,34.0047,2,60.4,2,,2,0.061,2,,2,0.0,2
418.0,2,5.6862,2,34.005,2,60.4,2,,2,0.061,2,,2,0.0,2
419.0,2,5.6853,2,34.0052,2,60.5,2,,2,0.062,2,,2,0.0,2
420.0,2,5.6807,2,34.0055,2,60.3,2,,2,0.061,2,,2,0.0,2
421.0,2,5.6674,2,34.007,2,59.7,2,,2,0.061,2,,2,0.0,2
422.0,2,5.6546,2,34.0084,2,59.1,2,,2,0.061,2,,2,0.0,2
423.0,2,5.645,2,34.0101,2,58.4,2,,2,0.061,2,,2,0.0,2
424.0,2,5.6401,2,34.0112,2,58.0,2,,2,0.061,2,,2,0.0,2
425.0,2,5.6293,2,34.0126,2,57.7,2,,2,0.062,2,,2,0.0,2
426.0,2,5.6185,2,34.0133,2,57.2,2,,2,0.061,2,,2,0.0,2
427.0,2,5.6154,2,34.013000000000005,2,56.9,2,,2,0.062,2,,2,0.0,2
428.0,2,5.6139,2,34.0134,2,56.7,2,,2,0.061,2,,2,0.0,2
429.1,2,5.6099,2,34.014,2,56.7,2,,2,0.061,2,,2,0.0,2
430.1,2,5.604,2,34.0147,2,56.7,2,,2,0.061,2,,2,0.0,2
431.0,2,5.5953,2,34.0145,2,56.7,2,,2,0.061,2,,2,0.0,2
432.0,2,5.577999999999999,2,34.016,2,56.3,2,,2,0.061,2,,2,0.0,2
433.0,2,5.5668,2,34.0181,2,55.5,2,,2,0.06,2,,2,0.0,2
434.0,2,5.5551,2,34.0198,2,54.8,2,,2,0.061,2,,2,0.0,2
435.0,2,5.5478,2,34.0208,2,54.2,2,,2,0.061,2,,2,0.0,2
436.0,2,5.5323,2,34.024,2,53.3,2,,2,0.061,2,,2,0.0,2
437.0,2,5.5206,2,34.0262,2,52.4,2,,2,0.061,2,,2,0.0,2
438.0,2,5.5152,2,34.0275,2,51.7,2,,2,0.062,2,,2,0.0,2
439.1,2,5.5037,2,34.0309,2,51.0,2,,2,0.062,2,,2,0.0,2
440.5,2,5.457999999999999,2,34.0377,2,50.6,2,,2,0.062,2,,2,0.0,2
440.9,2,5.4503,2,34.0374,2,49.6,2,,2,0.061,2,,2,0.0,2
442.0,2,5.4404,2,34.0376,2,48.3,2,,2,0.061,2,,2,0.0,2
443.0,2,5.4368,2,34.0374,2,48.0,2,,2,0.061,2,,2,0.0,2
444.0,2,5.4289,2,34.0369,2,48.0,2,,2,0.061,2,,2,0.0,2
445.0,2,5.4262,2,34.0367,2,48.0,2,,2,0.061,2,,2,0.0,2
446.0,2,5.4247,2,34.0368,2,48.0,2,,2,0.061,2,,2,0.0,2
447.0,2,5.4233,2,34.037,2,48.3,2,,2,0.062,2,,2,0.0,2
448.0,2,5.4218,2,34.0374,2,48.1,2,,2,0.061,2,,2,0.0,2
449.0,2,5.4195,2,34.0377,2,48.0,2,,2,0.062,2,,2,0.0,2
450.0,2,5.4110000000000005,2,34.0379,2,48.2,2,,2,0.061,2,,2,0.0,2
451.0,2,5.4047,2,34.0379,2,48.0,2,,2,0.061,2,,2,0.0,2
453.1,2,5.3868,2,34.0384,2,48.3,2,,2,0.062,2,,2,0.0,2
454.0,2,5.3835,2,34.0385,2,47.8,2,,2,0.061,2,,2,0.0,2
455.0,2,5.3829,2,34.0388,2,47.5,2,,2,0.062,2,,2,0.0,2
456.0,2,5.3789,2,34.0389,2,47.4,2,,2,0.061,2,,2,0.0,2
457.0,2,5.376,2,34.0392,2,47.4,2,,2,0.062,2,,2,0.0,2
458.0,2,5.3754,2,34.0394,2,47.2,2,,2,0.061,2,,2,0.0,2
459.0,2,5.3727,2,34.0395,2,47.1,2,,2,0.062,2,,2,0.0,2
460.0,2,5.3668,2,34.0395,2,47.2,2,,2,0.061,2,,2,0.0,2
461.0,2,5.3592,2,34.0393,2,47.1,2,,2,0.061,2,,2,0.0,2
461.9,2,5.3433,2,34.0405,2,47.3,2,,2,0.061,2,,2,0.0,2
463.1,2,5.3033,2,34.0376,2,47.4,2,,2,0.061,2,,2,0.0,2
464.0,2,5.2671,2,34.0373,2,47.2,2,,2,0.062,2,,2,0.0,2
465.0,2,5.2477,2,34.038000000000004,2,46.9,2,,2,0.061,2,,2,0.0,2
466.0,2,5.2467,2,34.0385,2,46.6,2,,2,0.062,2,,2,0.0,2
467.0,2,5.2413,2,34.0382,2,46.4,2,,2,0.061,2,,2,0.0,2
468.0,2,5.2389,2,34.0384,2,46.4,2,,2,0.061,2,,2,0.0,2
469.0,2,5.2378,2,34.0387,2,46.4,2,,2,0.061,2,,2,0.0,2
470.0,2,5.2457,2,34.0387,2,46.4,2,,2,0.061,2,,2,0.0,2
471.0,2,5.2491,2,34.0383,2,46.5,2,,2,0.061,2,,2,0.0,2
472.0,2,5.2448,2,34.0385,2,46.4,2,,2,0.061,2,,2,0.0,2
473.0,2,5.2478,2,34.0387,2,46.5,2,,2,0.062,2,,2,0.0,2
474.0,2,5.2531,2,34.039,2,46.6,2,,2,0.061,2,,2,0.0,2
475.0,2,5.2381,2,34.0396,2,46.6,2,,2,0.062,2,,2,0.0,2
476.0,2,5.2165,2,34.041,2,46.0,2,,2,0.061,2,,2,0.0,2
477.0,2,5.2157,2,34.0413,2,45.5,2,,2,0.062,2,,2,0.0,2
478.0,2,5.2145,2,34.0413,2,45.7,2,,2,0.062,2,,2,0.0,2
479.0,2,5.2088,2,34.0418,2,45.4,2,,2,0.061,2,,2,0.0,2
480.0,2,5.2055,2,34.0431,2,45.3,2,,2,0.062,2,,2,0.0,2
481.0,2,5.2024,2,34.0428,2,45.3,2,,2,0.062,2,,2,0.0,2
482.0,2,5.1961,2,34.0433,2,44.9,2,,2,0.062,2,,2,0.0,2
483.0,2,5.1865,2,34.0439,2,44.9,2,,2,0.061,2,,2,0.0,2
484.0,2,5.1765,2,34.0446,2,44.6,2,,2,0.061,2,,2,0.0,2
485.0,2,5.1572,2,34.046,2,44.1,2,,2,0.062,2,,2,0.0,2
486.0,2,5.1465,2,34.0482,2,43.6,2,,2,0.061,2,,2,0.0,2
487.0,2,5.1645,2,34.0539,2,42.7,2,,2,0.061,2,,2,0.0,2
487.9,2,5.1993,2,34.0637,2,41.5,2,,2,0.062,2,,2,0.0,2
489.4,2,5.1831,2,34.0655,2,40.2,2,,2,0.062,2,,2,0.0,2
490.0,2,5.1754,2,34.0639,2,40.2,2,,2,0.063,2,,2,0.0,2
490.6,2,5.151,2,34.0606,2,40.5,2,,2,0.061,2,,2,0.0,2
493.1,2,5.0837,2,34.0559,2,41.5,2,,2,0.062,2,,2,0.0,2
494.0,2,5.0737,2,34.0561,2,41.5,2,,2,0.061,2,,2,0.0,2
495.0,2,5.069,2,34.0562,2,41.2,2,,2,0.061,2,,2,0.0,2
496.0,2,5.0684,2,34.0564,2,40.9,2,,2,0.062,2,,2,0.0,2
497.0,2,5.0686,2,34.056999999999995,2,41.0,2,,2,0.062,2,,2,0.0,2
498.0,2,5.0699,2,34.0576,2,40.8,2,,2,0.06,2,,2,0.0,2
499.0,2,5.0693,2,34.058,2,40.6,2,,2,0.06,2,,2,0.0,2
500.0,2,5.0666,2,34.0583,2,40.4,2,,2,0.061,2,,2,0.0,2
501.0,2,5.0631,2,34.0584,2,40.2,2,,2,0.061,2,,2,0.0,2
502.0,2,5.0602,2,34.0597,2,40.1,2,,2,0.062,2,,2,0.0,2
502.6,2,5.0597,2,34.06,2,40.1,2,,2,0.062,2,,2,0.0,2
504.4,2,5.0588,2,34.0599,2,40.0,2,,2,0.062,2,,2,0.0,2
504.9,2,5.0578,2,34.06,2,39.9,2,,2,0.061,2,,2,0.0,2
506.0,2,5.0575,2,34.0604,2,40.0,2,,2,0.061,2,,2,0.0,2
507.0,2,5.0569999999999995,2,34.061,2,39.8,2,,2,0.062,2,,2,0.0,2
508.0,2,5.0562,2,34.0613,2,39.6,2,,2,0.061,2,,2,0.0,2
509.0,2,5.0559,2,34.0613,2,39.4,2,,2,0.061,2,,2,0.0,2
510.0,2,5.0555,2,34.0617,2,39.3,2,,2,0.061,2,,2,0.0,2
511.0,2,5.0549,2,34.0622,2,39.3,2,,2,0.061,2,,2,0.0,2
512.0,2,5.0544,2,34.0625,2,39.3,2,,2,0.061,2,,2,0.0,2
512.8,2,5.053999999999999,2,34.0628,2,39.3,2,,2,0.061,2,,2,0.0,2
514.5,2,5.0538,2,34.0631,2,39.1,2,,2,0.061,2,,2,0.0,2
515.0,2,5.0516,2,34.0641,2,39.0,2,,2,0.061,2,,2,0.0,2
516.0,2,5.0504,2,34.0649,2,39.0,2,,2,0.062,2,,2,0.0,2
517.0,2,5.0502,2,34.0654,2,38.6,2,,2,0.061,2,,2,0.0,2
518.0,2,5.0499,2,34.0657,2,38.3,2,,2,0.061,2,,2,0.0,2
519.0,2,5.0488,2,34.0661,2,38.4,2,,2,0.062,2,,2,0.0,2
520.0,2,5.0414,2,34.0681,2,38.2,2,,2,0.062,2,,2,0.0,2
521.0,2,5.0396,2,34.0689,2,37.8,2,,2,0.061,2,,2,0.0,2
522.0,2,5.0391,2,34.0703,2,37.5,2,,2,0.061,2,,2,0.0,2
523.0,2,5.0359,2,34.0727,2,37.2,2,,2,0.061,2,,2,0.0,2
524.0,2,5.0306,2,34.0735,2,37.0,2,,2,0.061,2,,2,0.0,2
525.0,2,5.02,2,34.0731,2,36.9,2,,2,0.061,2,,2,0.0,2
526.0,2,5.0219,2,34.0746,2,36.6,2,,2,0.061,2,,2,0.0,2
527.0,2,5.0385,2,34.0803,2,36.1,2,,2,0.061,2,,2,0.0,2
528.0,2,5.0399,2,34.0837,2,35.2,2,,2,0.061,2,,2,0.0,2
529.0,2,5.0382,2,34.0844,2,34.5,2,,2,0.061,2,,2,0.0,2
530.0,2,5.0382,2,34.0853,2,34.3,2,,2,0.061,2,,2,0.0,2
531.0,2,5.038,2,34.0869,2,33.9,2,,2,0.062,2,,2,0.0,2
532.0,2,5.0394,2,34.0884,2,33.9,2,,2,0.062,2,,2,0.0,2
533.0,2,5.045,2,34.0905,2,33.5,2,,2,0.062,2,,2,0.0,2
534.0,2,5.0571,2,34.0943,2,32.8,2,,2,0.061,2,,2,0.0,2
535.0,2,5.0734,2,34.0999,2,32.3,2,,2,0.061,2,,2,0.0,2
536.0,2,5.0825,2,34.1042,2,31.5,2,,2,0.062,2,,2,0.0,2
537.0,2,5.0797,2,34.106,2,30.9,2,,2,0.061,2,,2,0.0,2
538.0,2,5.0632,2,34.1061,2,30.6,2,,2,0.061,2,,2,0.0,2
539.0,2,5.0493,2,34.1058,2,30.6,2,,2,0.061,2,,2,0.0,2
540.0,2,5.0152,2,34.1047,2,30.5,2,,2,0.061,2,,2,0.0,2
541.0,2,4.998,2,34.1082,2,30.0,2,,2,0.061,2,,2,0.0,2
542.0,2,4.9939,2,34.11,2,29.7,2,,2,0.061,2,,2,0.0,2
543.0,2,4.9923,2,34.1109,2,29.4,2,,2,0.062,2,,2,0.0,2
544.0,2,4.989,2,34.1119,2,29.3,2,,2,0.062,2,,2,0.0,2
545.0,2,4.978,2,34.1147,2,29.0,2,,2,0.062,2,,2,0.0,2
546.0,2,4.9732,2,34.1156,2,28.5,2,,2,0.062,2,,2,0.0,2
547.0,2,4.9692,2,34.116,2,28.6,2,,2,0.062,2,,2,0.0,2
548.0,2,4.9671,2,34.1162,2,28.5,2,,2,0.061,2,,2,0.0,2
549.0,2,4.9654,2,34.1162,2,28.5,2,,2,0.061,2,,2,0.0,2
550.0,2,4.9621,2,34.1167,2,28.6,2,,2,0.061,2,,2,0.0,2
551.0,2,4.9521,2,34.1173,2,28.2,2,,2,0.062,2,,2,0.0,2
552.0,2,4.9425,2,34.1183,2,28.1,2,,2,0.061,2,,2,0.0,2
553.0,2,4.9328,2,34.12,2,28.0,2,,2,0.061,2,,2,0.0,2
554.0,2,4.9315,2,34.12,2,27.9,2,,2,0.062,2,,2,0.0,2
555.0,2,4.9322,2,34.1196,2,27.9,2,,2,0.061,2,,2,0.0,2
556.0,2,4.9265,2,34.1217,2,27.6,2,,2,0.062,2,,2,0.0,2
557.1,2,4.9167,2,34.1248,2,27.3,2,,2,0.062,2,,2,0.0,2
558.0,2,4.9106,2,34.1244,2,27.0,2,,2,0.062,2,,2,0.0,2
559.0,2,4.9054,2,34.1254,2,26.7,2,,2,0.062,2,,2,0.0,2
560.0,2,4.9022,2,34.1264,2,26.7,2,,2,0.062,2,,2,0.0,2
561.0,2,4.9018,2,34.1266,2,26.7,2,,2,0.061,2,,2,0.0,2
562.0,2,4.9018,2,34.1268,2,26.6,2,,2,0.061,2,,2,0.0,2
563.0,2,4.9021,2,34.1268,2,26.8,2,,2,0.061,2,,2,0.0,2
564.0,2,4.9013,2,34.1271,2,26.8,2,,2,0.062,2,,2,0.0,2
565.0,2,4.8975,2,34.1284,2,26.6,2,,2,0.062,2,,2,0.0,2
566.0,2,4.8932,2,34.13,2,26.4,2,,2,0.062,2,,2,0.0,2
567.0,2,4.8761,2,34.1342,2,26.0,2,,2,0.062,2,,2,0.0,2
568.0,2,4.8619,2,34.1366,2,25.4,2,,2,0.062,2,,2,0.0,2
569.0,2,4.8513,2,34.1385,2,25.0,2,,2,0.062,2,,2,0.0,2
570.0,2,4.8363,2,34.1415,2,24.6,2,,2,0.062,2,,2,0.0,2
571.0,2,4.8302,2,34.1421,2,24.2,2,,2,0.063,2,,2,0.0,2
572.2,2,4.8296,2,34.1424,2,24.0,2,,2,0.062,2,,2,0.0,2
573.0,2,4.8262,2,34.1433,2,23.8,2,,2,0.062,2,,2,0.0,2
574.0,2,4.8217,2,34.1446,2,23.8,2,,2,0.062,2,,2,0.0,2
575.0,2,4.8088,2,34.1478,2,23.4,2,,2,0.062,2,,2,0.0,2
576.0,2,4.7956,2,34.1506,2,23.3,2,,2,0.062,2,,2,0.0,2
577.0,2,4.7825,2,34.1528,2,23.1,2,,2,0.062,2,,2,0.0,2
578.0,2,4.7795,2,34.1536,2,22.6,2,,2,0.062,2,,2,0.0,2
579.0,2,4.7717,2,34.1549,2,22.5,2,,2,0.062,2,,2,0.0,2
580.0,2,4.7685,2,34.1559,2,22.6,2,,2,0.062,2,,2,0.0,2
581.0,2,4.7647,2,34.1574,2,22.3,2,,2,0.063,2,,2,0.0,2
582.0,2,4.7623,2,34.1578,2,22.4,2,,2,0.062,2,,2,0.0,2
583.0,2,4.763,2,34.1576,2,22.3,2,,2,0.062,2,,2,0.0,2
584.0,2,4.7622,2,34.1578,2,22.0,2,,2,0.062,2,,2,0.0,2
585.0,2,4.7612,2,34.1582,2,22.1,2,,2,0.062,2,,2,0.0,2
586.0,2,4.7609,2,34.1584,2,22.0,2,,2,0.063,2,,2,0.0,2
587.0,2,4.76,2,34.1585,2,22.1,2,,2,0.061,2,,2,0.0,2
588.0,2,4.7589,2,34.1592,2,22.3,2,,2,0.062,2,,2,0.0,2
589.0,2,4.7552,2,34.1596,2,22.0,2,,2,0.062,2,,2,0.0,2
590.0,2,4.7431,2,34.1611,2,21.9,2,,2,0.061,2,,2,0.0,2
591.0,2,4.7334,2,34.1626,2,21.5,2,,2,0.061,2,,2,0.0,2
592.0,2,4.73,2,34.1634,2,21.3,2,,2,0.061,2,,2,0.0,2
593.0,2,4.724,2,34.1642,2,21.2,2,,2,0.061,2,,2,0.0,2
594.0,2,4.7185,2,34.1649,2,21.1,2,,2,0.062,2,,2,0.0,2
595.0,2,4.7139,2,34.1655,2,21.1,2,,2,0.062,2,,2,0.0,2
596.0,2,4.7138,2,34.1655,2,21.2,2,,2,0.061,2,,2,0.0,2
597.0,2,4.713,2,34.1657,2,21.0,2,,2,0.062,2,,2,0.0,2
598.0,2,4.7131,2,34.1658,2,21.1,2,,2,0.062,2,,2,0.0,2
599.0,2,4.7132,2,34.1659,2,21.1,2,,2,0.062,2,,2,0.0,2
600.0,2,4.7134,2,34.1658,2,21.2,2,,2,0.061,2,,2,0.0,2
601.0,2,4.7138,2,34.1658,2,20.8,2,,2,0.061,2,,2,0.0,2
602.0,2,4.7086,2,34.1668,2,21.0,2,,2,0.062,2,,2,0.0,2
603.0,2,4.7019,2,34.1677,2,20.9,2,,2,0.062,2,,2,0.0,2
604.0,2,4.7011,2,34.1677,2,20.6,2,,2,0.061,2,,2,0.0,2
605.0,2,4.6961,2,34.1678,2,20.7,2,,2,0.062,2,,2,0.0,2
606.0,2,4.6784,2,34.1676,2,20.7,2,,2,0.061,2,,2,0.0,2
607.0,2,4.6719,2,34.168,2,20.7,2,,2,0.062,2,,2,0.0,2
608.0,2,4.6633,2,34.1693,2,20.3,2,,2,0.061,2,,2,0.0,2
609.0,2,4.6610000000000005,2,34.1698,2,20.5,2,,2,0.062,2,,2,0.0,2
610.0,2,4.6609,2,34.1699,2,20.4,2,,2,0.063,2,,2,0.0,2
611.0,2,4.6517,2,34.1702,2,20.3,2,,2,0.062,2,,2,0.0,2
612.0,2,4.6445,2,34.1703,2,20.3,2,,2,0.062,2,,2,0.0,2
613.0,2,4.6428,2,34.1704,2,20.6,2,,2,0.063,2,,2,0.0,2
614.0,2,4.6419,2,34.1705,2,20.3,2,,2,0.062,2,,2,0.0,2
615.0,2,4.6397,2,34.1716,2,20.3,2,,2,0.062,2,,2,0.0,2
616.0,2,4.6302,2,34.1738,2,20.1,2,,2,0.062,2,,2,0.0,2
617.0,2,4.6221,2,34.1753,2,20.0,2,,2,0.063,2,,2,0.0,2
617.7,2,4.6196,2,34.1763,2,20.0,2,,2,0.063,2,,2,0.0,2
619.0,2,4.6142,2,34.1772,2,19.7,2,,2,0.062,2,,2,0.0,2
620.0,2,4.6125,2,34.1768,2,19.9,2,,2,0.063,2,,2,0.0,2
621.0,2,4.6125,2,34.1769,2,19.6,2,,2,0.063,2,,2,0.0,2
622.0,2,4.6108,2,34.1771,2,19.6,2,,2,0.061,2,,2,0.0,2
623.0,2,4.6085,2,34.1776,2,19.7,2,,2,0.061,2,,2,0.0,2
624.0,2,4.6067,2,34.1781,2,19.6,2,,2,0.062,2,,2,0.0,2
625.0,2,4.6037,2,34.1794,2,19.4,2,,2,0.062,2,,2,0.0,2
626.0,2,4.6012,2,34.1806,2,19.5,2,,2,0.062,2,,2,0.0,2
627.0,2,4.5992,2,34.1813,2,19.5,2,,2,0.062,2,,2,0.0,2
628.0,2,4.5965,2,34.1822,2,19.3,2,,2,0.061,2,,2,0.0,2
629.0,2,4.5947,2,34.1824,2,19.1,2,,2,0.062,2,,2,0.0,2
629.6,2,4.5939,2,34.1827,2,19.1,2,,2,0.062,2,,2,0.0,2
632.2,2,4.5921,2,34.1825,2,18.7,2,,2,0.062,2,,2,0.0,2
633.0,2,4.5912,2,34.1827,2,19.1,2,,2,0.062,2,,2,0.0,2
634.0,2,4.5918,2,34.1828,2,19.1,2,,2,0.062,2,,2,0.0,2
635.0,2,4.5893,2,34.1833,2,19.2,2,,2,0.062,2,,2,0.0,2
636.0,2,4.5866,2,34.1839,2,19.3,2,,2,0.063,2,,2,0.0,2
636.9,2,4.5869,2,34.184,2,19.3,2,,2,0.061,2,,2,0.0,2
638.3,2,4.5846,2,34.1845,2,18.7,2,,2,0.062,2,,2,0.0,2
639.0,2,4.5842,2,34.1846,2,18.9,2,,2,0.062,2,,2,0.0,2
640.0,2,4.5841,2,34.1848,2,18.9,2,,2,0.062,2,,2,0.0,2
641.0,2,4.5843,2,34.1848,2,18.7,2,,2,0.062,2,,2,0.0,2
642.0,2,4.5849,2,34.1848,2,18.8,2,,2,0.061,2,,2,0.0,2
643.0,2,4.5854,2,34.185,2,19.0,2,,2,0.061,2,,2,0.0,2
644.0,2,4.5845,2,34.1854,2,18.8,2,,2,0.062,2,,2,0.0,2
645.0,2,4.5816,2,34.1859,2,18.8,2,,2,0.062,2,,2,0.0,2
646.0,2,4.5788,2,34.1865,2,18.6,2,,2,0.062,2,,2,0.0,2
647.0,2,4.5777,2,34.1867,2,18.6,2,,2,0.062,2,,2,0.0,2
648.0,2,4.5762,2,34.1867,2,18.6,2,,2,0.062,2,,2,0.0,2
649.0,2,4.5743,2,34.1871,2,18.6,2,,2,0.063,2,,2,0.0,2
650.0,2,4.5722,2,34.1872,2,18.6,2,,2,0.062,2,,2,0.0,2
651.0,2,4.5722,2,34.1871,2,18.5,2,,2,0.061,2,,2,0.0,2
652.0,2,4.572,2,34.1873,2,18.5,2,,2,0.062,2,,2,0.0,2
653.0,2,4.5711,2,34.1873,2,18.6,2,,2,0.062,2,,2,0.0,2
654.0,2,4.5708,2,34.1873,2,18.6,2,,2,0.062,2,,2,0.0,2
655.0,2,4.5689,2,34.1877,2,18.5,2,,2,0.062,2,,2,0.0,2
656.0,2,4.5603,2,34.1906,2,18.3,2,,2,0.062,2,,2,0.0,2
657.0,2,4.5563,2,34.192,2,18.1,2,,2,0.061,2,,2,0.0,2
658.0,2,4.5538,2,34.1924,2,18.0,2,,2,0.061,2,,2,0.0,2
659.0,2,4.5523,2,34.1927,2,18.0,2,,2,0.062,2,,2,0.0,2
660.0,2,4.5523,2,34.1926,2,18.1,2,,2,0.062,2,,2,0.0,2
660.8,2,4.5526,2,34.1928,2,17.9,2,,2,0.062,2,,2,0.0,2
662.0,2,4.5527,2,34.1926,2,18.0,2,,2,0.062,2,,2,0.0,2
663.0,2,4.5512,2,34.1927,2,18.0,2,,2,0.062,2,,2,0.0,2
664.0,2,4.5445,2,34.1931,2,17.6,2,,2,0.062,2,,2,0.0,2
665.0,2,4.5403,2,34.1937,2,17.8,2,,2,0.062,2,,2,0.0,2
666.0,2,4.5349,2,34.1945,2,17.8,2,,2,0.062,2,,2,0.0,2
667.0,2,4.5295,2,34.1957,2,17.7,2,,2,0.061,2,,2,0.0,2
668.0,2,4.5239,2,34.1978,2,17.6,2,,2,0.062,2,,2,0.0,2
669.0,2,4.5179,2,34.1991,2,17.2,2,,2,0.062,2,,2,0.0,2
670.0,2,4.5149,2,34.1997,2,17.2,2,,2,0.062,2,,2,0.0,2
671.0,2,4.5137,2,34.1999,2,17.0,2,,2,0.063,2,,2,0.0,2
671.9,2,4.5124,2,34.2008,2,17.2,2,,2,0.062,2,,2,0.0,2
673.2,2,4.506,2,34.2012,2,17.3,2,,2,0.062,2,,2,0.0,2
674.0,2,4.5016,2,34.2015,2,17.2,2,,2,0.063,2,,2,0.0,2
675.0,2,4.4982,2,34.2022,2,17.1,2,,2,0.062,2,,2,0.0,2
676.0,2,4.496,2,34.2025,2,16.8,2,,2,0.061,2,,2,0.0,2
677.0,2,4.4944,2,34.2029,2,16.6,2,,2,0.061,2,,2,0.0,2
678.0,2,4.4866,2,34.2038,2,16.8,2,,2,0.061,2,,2,0.0,2
679.0,2,4.4734,2,34.2052,2,16.7,2,,2,0.061,2,,2,0.0,2
680.0,2,4.4619,2,34.2069,2,16.6,2,,2,0.062,2,,2,0.0,2
681.0,2,4.453,2,34.2078,2,16.5,2,,2,0.062,2,,2,0.0,2
682.0,2,4.4443,2,34.2083,2,16.3,2,,2,0.062,2,,2,0.0,2
683.0,2,4.4425,2,34.2093,2,16.1,2,,2,0.061,2,,2,0.0,2
684.0,2,4.4413,2,34.2086,2,16.2,2,,2,0.062,2,,2,0.0,2
685.0,2,4.4401,2,34.2085,2,16.2,2,,2,0.062,2,,2,0.0,2
686.0,2,4.4321,2,34.2087,2,16.1,2,,2,0.062,2,,2,0.0,2
687.0,2,4.4246,2,34.2093,2,16.1,2,,2,0.062,2,,2,0.0,2
688.0,2,4.4202,2,34.2099,2,16.1,2,,2,0.062,2,,2,0.0,2
689.0,2,4.4173,2,34.2104,2,15.9,2,,2,0.063,2,,2,0.0,2
690.0,2,4.4163,2,34.2103,2,15.8,2,,2,0.062,2,,2,0.0,2
691.0,2,4.4159,2,34.2104,2,16.0,2,,2,0.062,2,,2,0.0,2
692.0,2,4.4113,2,34.2111,2,16.0,2,,2,0.061,2,,2,0.0,2
694.0,2,4.4024,2,34.2127,2,15.7,2,,2,0.062,2,,2,0.0,2
695.0,2,4.3942,2,34.213,2,15.8,2,,2,0.062,2,,2,0.0,2
696.0,2,4.3868,2,34.2133,2,15.8,2,,2,0.063,2,,2,0.0,2
697.0,2,4.3839999999999995,2,34.2137,2,15.6,2,,2,0.063,2,,2,0.0,2
698.0,2,4.3698,2,34.2143,2,15.3,2,,2,0.062,2,,2,0.0,2
699.0,2,4.3582,2,34.2146,2,15.4,2,,2,0.062,2,,2,0.0,2
700.0,2,4.3547,2,34.2144,2,15.4,2,,2,0.061,2,,2,0.0,2
701.0,2,4.3528,2,34.2143,2,15.3,2,,2,0.062,2,,2,0.0,2
702.0,2,4.3521,2,34.2145,2,15.4,2,,2,0.062,2,,2,0.0,2
703.0,2,4.3551,2,34.2153,2,15.5,2,,2,0.062,2,,2,0.0,2
704.0,2,4.3586,2,34.2169,2,15.3,2,,2,0.061,2,,2,0.0,2
705.0,2,4.361000000000001,2,34.218,2,15.3,2,,2,0.062,2,,2,0.0,2
706.0,2,4.3615,2,34.2186,2,15.4,2,,2,0.062,2,,2,0.0,2
707.0,2,4.3611,2,34.2195,2,15.0,2,,2,0.062,2,,2,0.0,2
708.0,2,4.3665,2,34.2218,2,15.2,2,,2,0.063,2,,2,0.0,2
709.0,2,4.3672,2,34.2223,2,15.2,2,,2,0.062,2,,2,0.0,2
710.0,2,4.3672,2,34.2222,2,15.1,2,,2,0.061,2,,2,0.0,2
711.0,2,4.3673,2,34.2225,2,15.1,2,,2,0.062,2,,2,0.0,2
712.0,2,4.3678,2,34.223,2,15.1,2,,2,0.063,2,,2,0.0,2
713.0,2,4.3682,2,34.2238,2,15.0,2,,2,0.063,2,,2,0.0,2
714.0,2,4.3652,2,34.2257,2,14.8,2,,2,0.062,2,,2,0.0,2
715.0,2,4.3629,2,34.226,2,14.7,2,,2,0.062,2,,2,0.0,2
716.0,2,4.3625,2,34.2261,2,14.9,2,,2,0.062,2,,2,0.0,2
717.0,2,4.3623,2,34.2263,2,14.6,2,,2,0.063,2,,2,0.0,2
718.0,2,4.36,2,34.2266,2,14.7,2,,2,0.062,2,,2,0.0,2
719.0,2,4.354,2,34.228,2,14.9,2,,2,0.061,2,,2,0.0,2
720.0,2,4.3511,2,34.2286,2,14.6,2,,2,0.062,2,,2,0.0,2
721.0,2,4.348,2,34.2293,2,14.5,2,,2,0.062,2,,2,0.0,2
722.0,2,4.3456,2,34.2299,2,14.4,2,,2,0.062,2,,2,0.0,2
723.0,2,4.3436,2,34.2302,2,14.6,2,,2,0.062,2,,2,0.0,2
724.0,2,4.3408,2,34.2306,2,14.5,2,,2,0.062,2,,2,0.0,2
725.0,2,4.3363,2,34.2313,2,14.4,2,,2,0.062,2,,2,0.0,2
726.0,2,4.3354,2,34.2314,2,14.3,2,,2,0.062,2,,2,0.0,2
727.0,2,4.3347,2,34.2315,2,14.5,2,,2,0.063,2,,2,0.0,2
728.0,2,4.334,2,34.2315,2,14.4,2,,2,0.063,2,,2,0.0,2
729.0,2,4.328,2,34.2319,2,14.4,2,,2,0.062,2,,2,0.0,2
730.0,2,4.3243,2,34.2322,2,14.2,2,,2,0.062,2,,2,0.0,2
731.0,2,4.3212,2,34.2322,2,14.5,2,,2,0.063,2,,2,0.0,2
732.0,2,4.3188,2,34.2322,2,14.3,2,,2,0.062,2,,2,0.0,2
733.0,2,4.32,2,34.2322,2,14.3,2,,2,0.062,2,,2,0.0,2
734.0,2,4.3162,2,34.2321,2,14.4,2,,2,0.062,2,,2,0.0,2
735.0,2,4.3124,2,34.2315,2,14.4,2,,2,0.063,2,,2,0.0,2
736.0,2,4.3048,2,34.2313,2,14.3,2,,2,0.062,2,,2,0.0,2
736.5,2,4.3061,2,34.2314,2,14.4,2,,2,0.062,2,,2,0.0,2
738.4,2,4.2833,2,34.2307,2,14.4,2,,2,0.062,2,,2,0.0,2
739.0,2,4.2758,2,34.23,2,14.4,2,,2,0.062,2,,2,0.0,2
740.0,2,4.2742,2,34.2298,2,14.4,2,,2,0.063,2,,2,0.0,2
741.0,2,4.2607,2,34.2285,2,14.3,2,,2,0.063,2,,2,0.0,2
742.0,2,4.2298,2,34.2275,2,14.4,2,,2,0.062,2,,2,0.0,2
743.0,2,4.2236,2,34.2276,2,14.2,2,,2,0.061,2,,2,0.0,2
744.0,2,4.218,2,34.227,2,14.4,2,,2,0.062,2,,2,0.0,2
745.0,2,4.2137,2,34.2268,2,14.1,2,,2,0.062,2,,2,0.0,2
746.0,2,4.2101,2,34.2272,2,14.2,2,,2,0.062,2,,2,0.0,2
747.0,2,4.2097,2,34.2295,2,14.2,2,,2,0.062,2,,2,0.0,2
748.0,2,4.211,2,34.2299,2,14.0,2,,2,0.062,2,,2,0.0,2
749.0,2,4.2112,2,34.2305,2,14.2,2,,2,0.062,2,,2,0.0,2
750.0,2,4.2109,2,34.2307,2,14.0,2,,2,0.061,2,,2,0.0,2
751.0,2,4.2047,2,34.2309,2,13.9,2,,2,0.062,2,,2,0.0,2
752.0,2,4.1978,2,34.2308,2,14.1,2,,2,0.061,2,,2,0.0,2
753.0,2,4.1871,2,34.231,2,14.0,2,,2,0.062,2,,2,0.0,2
754.0,2,4.1849,2,34.2309,2,13.8,2,,2,0.062,2,,2,0.0,2
755.0,2,4.1802,2,34.231,2,14.0,2,,2,0.062,2,,2,0.0,2
756.0,2,4.1777,2,34.2311,2,14.2,2,,2,0.062,2,,2,0.0,2
757.0,2,4.1706,2,34.2312,2,14.0,2,,2,0.062,2,,2,0.0,2
758.0,2,4.1582,2,34.2319,2,14.0,2,,2,0.062,2,,2,0.0,2
759.0,2,4.1539,2,34.2323,2,13.8,2,,2,0.061,2,,2,0.0,2
760.0,2,4.1488,2,34.2328,2,13.6,2,,2,0.063,2,,2,0.0,2
761.0,2,4.1434,2,34.2335,2,13.6,2,,2,0.062,2,,2,0.0,2
762.0,2,4.1358,2,34.2348,2,13.6,2,,2,0.063,2,,2,0.0,2
762.7,2,4.1317,2,34.2354,2,13.5,2,,2,0.062,2,,2,0.0,2
764.4,2,4.1312,2,34.2358,2,13.3,2,,2,0.061,2,,2,0.0,2
765.0,2,4.1305,2,34.2361,2,13.4,2,,2,0.062,2,,2,0.0,2
766.0,2,4.126,2,34.2366,2,13.6,2,,2,0.062,2,,2,0.0,2
767.0,2,4.1205,2,34.2375,2,13.6,2,,2,0.062,2,,2,0.0,2
768.0,2,4.1118,2,34.2394,2,13.3,2,,2,0.062,2,,2,0.0,2
769.0,2,4.1064,2,34.2404,2,13.1,2,,2,0.061,2,,2,0.0,2
770.0,2,4.1055,2,34.2406,2,13.3,2,,2,0.061,2,,2,0.0,2
771.0,2,4.1026,2,34.2413,2,13.2,2,,2,0.062,2,,2,0.0,2
772.0,2,4.1021,2,34.2413,2,13.2,2,,2,0.062,2,,2,0.0,2
773.0,2,4.1014,2,34.2418,2,13.1,2,,2,0.062,2,,2,0.0,2
774.0,2,4.1006,2,34.2417,2,13.1,2,,2,0.062,2,,2,0.0,2
775.0,2,4.1004,2,34.2417,2,13.2,2,,2,0.062,2,,2,0.0,2
776.0,2,4.1003,2,34.2418,2,12.8,2,,2,0.062,2,,2,0.0,2
777.0,2,4.0991,2,34.2428,2,13.1,2,,2,0.062,2,,2,0.0,2
778.0,2,4.0981,2,34.244,2,13.0,2,,2,0.062,2,,2,0.0,2
779.0,2,4.0961,2,34.2449,2,13.0,2,,2,0.062,2,,2,0.0,2
780.0,2,4.0898,2,34.2455,2,12.9,2,,2,0.063,2,,2,0.0,2
781.0,2,4.0843,2,34.2461,2,13.0,2,,2,0.062,2,,2,0.0,2
782.0,2,4.0832,2,34.247,2,12.8,2,,2,0.062,2,,2,0.0,2
783.0,2,4.0805,2,34.2476,2,12.8,2,,2,0.062,2,,2,0.0,2
784.0,2,4.0765,2,34.2486,2,12.7,2,,2,0.061,2,,2,0.0,2
785.0,2,4.0729,2,34.2492,2,12.7,2,,2,0.061,2,,2,0.0,2
785.8,2,4.0724,2,34.2503,2,12.5,2,,2,0.062,2,,2,0.0,2
787.2,2,4.0714,2,34.2503,2,12.6,2,,2,0.062,2,,2,0.0,2
788.0,2,4.0715,2,34.2514,2,12.6,2,,2,0.062,2,,2,0.0,2
789.0,2,4.0739,2,34.2521,2,12.5,2,,2,0.061,2,,2,0.0,2
790.0,2,4.0739,2,34.2522,2,12.6,2,,2,0.061,2,,2,0.0,2
791.0,2,4.0726,2,34.2523,2,12.5,2,,2,0.061,2,,2,0.0,2
792.0,2,4.0674,2,34.253,2,12.4,2,,2,0.062,2,,2,0.0,2
793.0,2,4.0581,2,34.2544,2,12.3,2,,2,0.063,2,,2,0.0,2
794.0,2,4.0528,2,34.2552,2,12.3,2,,2,0.062,2,,2,0.0,2
795.0,2,4.0516,2,34.2559,2,12.3,2,,2,0.061,2,,2,0.0,2
796.0,2,4.0506,2,34.2556,2,12.4,2,,2,0.062,2,,2,0.0,2
797.0,2,4.0496,2,34.2559,2,12.1,2,,2,0.062,2,,2,0.0,2
798.0,2,4.0489,2,34.256,2,12.2,2,,2,0.061,2,,2,0.0,2
799.0,2,4.0475,2,34.2564,2,12.2,2,,2,0.062,2,,2,0.0,2
800.0,2,4.0463,2,34.2567,2,12.2,2,,2,0.062,2,,2,0.0,2
801.0,2,4.0451,2,34.257,2,12.4,2,,2,0.062,2,,2,0.0,2
802.0,2,4.0449,2,34.2571,2,12.3,2,,2,0.063,2,,2,0.0,2
803.0,2,4.0403,2,34.2593,2,12.2,2,,2,0.063,2,,2,0.0,2
804.0,2,4.0360000000000005,2,34.2616,2,12.3,2,,2,0.062,2,,2,0.0,2
805.0,2,4.0342,2,34.2623,2,12.0,2,,2,0.062,2,,2,0.0,2
806.0,2,4.0322,2,34.2634,2,11.8,2,,2,0.062,2,,2,0.0,2
807.0,2,4.0316,2,34.2639,2,11.9,2,,2,0.061,2,,2,0.0,2
808.0,2,4.0303,2,34.2652,2,11.8,2,,2,0.062,2,,2,0.0,2
809.2,2,4.0282,2,34.2666,2,11.7,2,,2,0.061,2,,2,0.0,2
810.0,2,4.0244,2,34.2707,2,11.7,2,,2,0.062,2,,2,0.0,2
811.0,2,4.0235,2,34.272,2,11.6,2,,2,0.062,2,,2,0.0,2
812.0,2,4.0236,2,34.2719,2,11.6,2,,2,0.062,2,,2,0.0,2
813.0,2,4.0235,2,34.2721,2,11.6,2,,2,0.062,2,,2,0.0,2
814.0,2,4.0225,2,34.273,2,11.5,2,,2,0.063,2,,2,0.0,2
815.0,2,4.0217,2,34.2737,2,11.5,2,,2,0.062,2,,2,0.0,2
816.0,2,4.0213,2,34.2739,2,11.6,2,,2,0.062,2,,2,0.0,2
817.0,2,4.0209,2,34.2743,2,11.5,2,,2,0.063,2,,2,0.0,2
818.0,2,4.0198,2,34.2748,2,11.3,2,,2,0.062,2,,2,0.0,2
819.0,2,4.0184,2,34.2755,2,11.3,2,,2,0.062,2,,2,0.0,2
820.0,2,4.0162,2,34.277,2,11.3,2,,2,0.062,2,,2,0.0,2
821.0,2,4.0209,2,34.2816,2,11.0,2,,2,0.062,2,,2,0.0,2
822.0,2,4.0185,2,34.2831,2,11.0,2,,2,0.062,2,,2,0.0,2
823.0,2,4.016,2,34.2838,2,11.1,2,,2,0.062,2,,2,0.0,2
824.0,2,4.0138,2,34.2842,2,11.0,2,,2,0.062,2,,2,0.0,2
825.0,2,4.0084,2,34.285,2,11.0,2,,2,0.062,2,,2,0.0,2
826.0,2,4.0045,2,34.2855,2,10.9,2,,2,0.061,2,,2,0.0,2
827.0,2,3.9981,2,34.2859,2,10.9,2,,2,0.063,2,,2,0.0,2
828.0,2,3.9956,2,34.2862,2,11.0,2,,2,0.062,2,,2,0.0,2
829.0,2,3.9946,2,34.2864,2,11.2,2,,2,0.062,2,,2,0.0,2
829.8,2,3.9943,2,34.2865,2,11.2,2,,2,0.062,2,,2,0.0,2
831.3,2,3.9906,2,34.2868,2,11.0,2,,2,0.062,2,,2,0.0,2
832.0,2,3.9887,2,34.2874,2,10.6,2,,2,0.062,2,,2,0.0,2
833.0,2,3.9884,2,34.288000000000004,2,10.8,2,,2,0.063,2,,2,0.0,2
834.0,2,3.9876,2,34.2883,2,10.9,2,,2,0.062,2,,2,0.0,2
835.0,2,3.9834,2,34.2892,2,11.0,2,,2,0.062,2,,2,0.0,2
836.0,2,3.9773,2,34.2908,2,10.9,2,,2,0.062,2,,2,0.0,2
837.0,2,3.9688,2,34.2924,2,10.6,2,,2,0.063,2,,2,0.0,2
838.0,2,3.9682,2,34.2926,2,10.7,2,,2,0.062,2,,2,0.0,2
839.0,2,3.9679,2,34.2927,2,10.9,2,,2,0.063,2,,2,0.0,2
840.0,2,3.9667,2,34.293,2,10.7,2,,2,0.062,2,,2,0.0,2
841.0,2,3.9628,2,34.2952,2,10.8,2,,2,0.061,2,,2,0.0,2
841.5,2,3.9602,2,34.2958,2,10.7,2,,2,0.063,2,,2,0.0,2
843.2,2,3.9505,2,34.2976,2,10.6,2,,2,0.062,2,,2,0.0,2
844.0,2,3.947,2,34.2989,2,10.6,2,,2,0.062,2,,2,0.0,2
845.0,2,3.9447,2,34.2996,2,10.5,2,,2,0.062,2,,2,0.0,2
846.0,2,3.943,2,34.3003,2,10.4,2,,2,0.062,2,,2,0.0,2
847.0,2,3.9408,2,34.301,2,10.6,2,,2,0.063,2,,2,0.0,2
848.0,2,3.9407,2,34.301,2,10.6,2,,2,0.062,2,,2,0.0,2
849.0,2,3.9396,2,34.3015,2,10.5,2,,2,0.062,2,,2,0.0,2
850.0,2,3.9384,2,34.3021,2,10.5,2,,2,0.062,2,,2,0.0,2
851.0,2,3.9341,2,34.3032,2,10.7,2,,2,0.062,2,,2,0.0,2
852.0,2,3.9293,2,34.3048,2,10.4,2,,2,0.062,2,,2,0.0,2
853.0,2,3.9285,2,34.3053,2,10.3,2,,2,0.062,2,,2,0.0,2
854.0,2,3.9277,2,34.3057,2,10.5,2,,2,0.061,2,,2,0.0,2
855.0,2,3.9259,2,34.3068,2,10.5,2,,2,0.062,2,,2,0.0,2
856.0,2,3.9236,2,34.3074,2,10.3,2,,2,0.062,2,,2,0.0,2
857.0,2,3.9226,2,34.3077,2,10.4,2,,2,0.061,2,,2,0.0,2
858.0,2,3.9197,2,34.3084,2,10.4,2,,2,0.063,2,,2,0.0,2
859.0,2,3.9151,2,34.309,2,10.3,2,,2,0.063,2,,2,0.0,2
860.0,2,3.9130000000000003,2,34.3098,2,10.4,2,,2,0.063,2,,2,0.0,2
861.0,2,3.9105,2,34.3109,2,10.4,2,,2,0.063,2,,2,0.0,2
862.0,2,3.9091,2,34.3113,2,10.3,2,,2,0.062,2,,2,0.0,2
863.0,2,3.9084,2,34.3114,2,10.3,2,,2,0.063,2,,2,0.0,2
864.0,2,3.9077,2,34.3115,2,10.3,2,,2,0.063,2,,2,0.0,2
865.0,2,3.9036,2,34.3124,2,10.2,2,,2,0.062,2,,2,0.0,2
866.0,2,3.8943,2,34.3151,2,10.3,2,,2,0.063,2,,2,0.0,2
867.0,2,3.8883,2,34.3167,2,10.4,2,,2,0.062,2,,2,0.0,2
868.0,2,3.8848,2,34.3187,2,10.1,2,,2,0.062,2,,2,0.0,2
868.7,2,3.8733,2,34.3222,2,10.0,2,,2,0.062,2,,2,0.0,2
870.3,2,3.8641,2,34.3244,2,10.3,2,,2,0.062,2,,2,0.0,2
871.0,2,3.8619,2,34.3246,2,10.3,2,,2,0.063,2,,2,0.0,2
872.0,2,3.8589,2,34.3252,2,10.2,2,,2,0.062,2,,2,0.0,2
873.0,2,3.8518,2,34.3266,2,10.3,2,,2,0.062,2,,2,0.0,2
874.0,2,3.8505,2,34.327,2,10.3,2,,2,0.062,2,,2,0.0,2
875.0,2,3.8495,2,34.327,2,10.5,2,,2,0.062,2,,2,0.0,2
876.0,2,3.8456,2,34.3275,2,10.3,2,,2,0.062,2,,2,0.0,2
877.0,2,3.8421,2,34.328,2,10.1,2,,2,0.061,2,,2,0.0,2
878.0,2,3.8382,2,34.3288,2,10.0,2,,2,0.063,2,,2,0.0,2
879.0,2,3.8339,2,34.3298,2,10.2,2,,2,0.063,2,,2,0.0,2
879.8,2,3.8308,2,34.3311,2,10.3,2,,2,0.061,2,,2,0.0,2
881.0,2,3.8281,2,34.3305,2,10.1,2,,2,0.063,2,,2,0.0,2
882.0,2,3.8167,2,34.333,2,10.2,2,,2,0.062,2,,2,0.0,2
883.0,2,3.804,2,34.3361,2,10.2,2,,2,0.063,2,,2,0.0,2
884.0,2,3.801,2,34.3364,2,10.3,2,,2,0.063,2,,2,0.0,2
885.0,2,3.7983,2,34.3368,2,10.2,2,,2,0.062,2,,2,0.0,2
886.0,2,3.7953,2,34.3373,2,10.1,2,,2,0.062,2,,2,0.0,2
887.0,2,3.7933,2,34.3377,2,10.0,2,,2,0.062,2,,2,0.0,2
888.0,2,3.7914,2,34.3384,2,10.1,2,,2,0.063,2,,2,0.0,2
889.0,2,3.7891,2,34.3387,2,10.2,2,,2,0.062,2,,2,0.0,2
890.0,2,3.7841,2,34.34,2,10.4,2,,2,0.062,2,,2,0.0,2
891.0,2,3.7806,2,34.341,2,10.2,2,,2,0.062,2,,2,0.0,2
892.0,2,3.779,2,34.3413,2,10.1,2,,2,0.062,2,,2,0.0,2
893.0,2,3.7769,2,34.3416,2,10.3,2,,2,0.062,2,,2,0.0,2
894.0,2,3.7697,2,34.3428,2,10.1,2,,2,0.062,2,,2,0.0,2
894.8,2,3.766,2,34.3444,2,10.1,2,,2,0.062,2,,2,0.0,2
896.5,2,3.7589,2,34.3448,2,10.3,2,,2,0.062,2,,2,0.0,2
897.0,2,3.7525,2,34.346,2,10.3,2,,2,0.063,2,,2,0.0,2
898.0,2,3.7461,2,34.3472,2,10.4,2,,2,0.063,2,,2,0.0,2
899.0,2,3.7426,2,34.3478,2,10.3,2,,2,0.062,2,,2,0.0,2
900.0,2,3.7376,2,34.3486,2,10.3,2,,2,0.062,2,,2,0.0,2
901.0,2,3.7322,2,34.3495,2,10.2,2,,2,0.062,2,,2,0.0,2
902.0,2,3.7317,2,34.3494,2,10.3,2,,2,0.062,2,,2,0.0,2
903.0,2,3.7305,2,34.3498,2,10.4,2,,2,0.062,2,,2,0.0,2
904.0,2,3.7185,2,34.3523,2,10.3,2,,2,0.062,2,,2,0.0,2
905.0,2,3.7032,2,34.3545,2,10.3,2,,2,0.062,2,,2,0.0,2
906.0,2,3.6993,2,34.355,2,10.5,2,,2,0.063,2,,2,0.0,2
907.0,2,3.696,2,34.3555,2,10.4,2,,2,0.062,2,,2,0.0,2
908.0,2,3.6921,2,34.3562,2,10.6,2,,2,0.062,2,,2,0.0,2
909.0,2,3.69,2,34.3566,2,10.5,2,,2,0.063,2,,2,0.0,2
910.0,2,3.688,2,34.3569,2,10.3,2,,2,0.062,2,,2,0.0,2
911.0,2,3.6866,2,34.3572,2,10.2,2,,2,0.062,2,,2,0.0,2
912.0,2,3.6857,2,34.3574,2,10.3,2,,2,0.062,2,,2,0.0,2
913.0,2,3.6843,2,34.3576,2,10.6,2,,2,0.062,2,,2,0.0,2
913.8,2,3.6831,2,34.3578,2,10.7,2,,2,0.063,2,,2,0.0,2
915.3,2,3.6814,2,34.3583,2,10.7,2,,2,0.063,2,,2,0.0,2
916.0,2,3.6807,2,34.3583,2,10.6,2,,2,0.062,2,,2,0.0,2
917.0,2,3.6792,2,34.3586,2,10.3,2,,2,0.062,2,,2,0.0,2
918.0,2,3.6778,2,34.3588,2,10.3,2,,2,0.063,2,,2,0.0,2
919.0,2,3.677,2,34.359,2,10.6,2,,2,0.062,2,,2,0.0,2
920.0,2,3.6766,2,34.3592,2,10.5,2,,2,0.063,2,,2,0.0,2
921.0,2,3.676,2,34.3592,2,10.4,2,,2,0.062,2,,2,0.0,2
922.0,2,3.6742,2,34.3596,2,10.6,2,,2,0.062,2,,2,0.0,2
922.8,2,3.6728,2,34.3598,2,10.6,2,,2,0.063,2,,2,0.0,2
924.3,2,3.6712,2,34.3603,2,10.7,2,,2,0.062,2,,2,0.0,2
925.0,2,3.6693,2,34.3603,2,10.5,2,,2,0.062,2,,2,0.0,2
926.0,2,3.6654,2,34.3611,2,10.8,2,,2,0.063,2,,2,0.0,2
927.0,2,3.6629,2,34.3615,2,10.6,2,,2,0.062,2,,2,0.0,2
928.0,2,3.6612,2,34.3619,2,10.5,2,,2,0.062,2,,2,0.0,2
929.0,2,3.6596,2,34.3622,2,10.5,2,,2,0.062,2,,2,0.0,2
930.0,2,3.656,2,34.3628,2,10.7,2,,2,0.061,2,,2,0.0,2
931.0,2,3.653,2,34.3634,2,10.6,2,,2,0.062,2,,2,0.0,2
932.0,2,3.6507,2,34.3637,2,10.7,2,,2,0.062,2,,2,0.0,2
933.0,2,3.6494,2,34.3641,2,10.7,2,,2,0.063,2,,2,0.0,2
934.0,2,3.6428,2,34.3652,2,10.6,2,,2,0.061,2,,2,0.0,2
935.0,2,3.6362,2,34.3663,2,10.7,2,,2,0.062,2,,2,0.0,2
936.0,2,3.6313,2,34.3672,2,10.6,2,,2,0.063,2,,2,0.0,2
936.9,2,3.6281,2,34.3679,2,10.7,2,,2,0.061,2,,2,0.0,2
938.3,2,3.6252,2,34.3685,2,10.8,2,,2,0.062,2,,2,0.0,2
939.0,2,3.6251,2,34.3683,2,10.6,2,,2,0.062,2,,2,0.0,2
940.0,2,3.6257,2,34.3683,2,10.8,2,,2,0.062,2,,2,0.0,2
941.0,2,3.6233,2,34.3687,2,10.9,2,,2,0.062,2,,2,0.0,2
942.0,2,3.6221,2,34.369,2,10.9,2,,2,0.062,2,,2,0.0,2
943.0,2,3.6156,2,34.3702,2,10.7,2,,2,0.062,2,,2,0.0,2
944.0,2,3.6099,2,34.371,2,11.0,2,,2,0.062,2,,2,0.0,2
945.0,2,3.6086,2,34.3714,2,10.9,2,,2,0.062,2,,2,0.0,2
946.0,2,3.6051,2,34.3719,2,10.9,2,,2,0.062,2,,2,0.0,2
947.0,2,3.602,2,34.3724,2,11.0,2,,2,0.062,2,,2,0.0,2
948.0,2,3.5957,2,34.3735,2,10.9,2,,2,0.062,2,,2,0.0,2
949.0,2,3.5925,2,34.3739,2,11.0,2,,2,0.062,2,,2,0.0,2
950.0,2,3.5919,2,34.3741,2,10.9,2,,2,0.062,2,,2,0.0,2
951.0,2,3.592,2,34.374,2,11.0,2,,2,0.062,2,,2,0.0,2
952.0,2,3.5913,2,34.3741,2,11.0,2,,2,0.062,2,,2,0.0,2
953.0,2,3.59,2,34.3744,2,10.9,2,,2,0.062,2,,2,0.0,2
954.0,2,3.5899,2,34.3745,2,10.9,2,,2,0.062,2,,2,0.0,2
955.0,2,3.5898,2,34.3744,2,11.0,2,,2,0.061,2,,2,0.0,2
956.0,2,3.5894,2,34.3746,2,10.9,2,,2,0.062,2,,2,0.0,2
957.0,2,3.5859,2,34.3752,2,11.0,2,,2,0.062,2,,2,0.0,2
957.8,2,3.5845,2,34.3758,2,10.9,2,,2,0.062,2,,2,0.0,2
960.1,2,3.5831,2,34.3758,2,11.2,2,,2,0.063,2,,2,0.0,2
961.0,2,3.5831,2,34.3759,2,11.0,2,,2,0.062,2,,2,0.0,2
962.0,2,3.5833,2,34.3758,2,10.8,2,,2,0.062,2,,2,0.0,2
963.0,2,3.5786,2,34.376999999999995,2,11.0,2,,2,0.062,2,,2,0.0,2
964.0,2,3.5674,2,34.3788,2,11.1,2,,2,0.063,2,,2,0.0,2
965.0,2,3.5538,2,34.381,2,11.4,2,,2,0.063,2,,2,0.0,2
966.0,2,3.5416,2,34.3824,2,11.3,2,,2,0.061,2,,2,0.0,2
966.6,2,3.5364,2,34.3832,2,11.5,2,,2,0.061,2,,2,0.0,2
968.4,2,3.5267,2,34.3855,2,11.2,2,,2,0.062,2,,2,0.0,2
969.0,2,3.525,2,34.3854,2,11.3,2,,2,0.062,2,,2,0.0,2
970.0,2,3.5221,2,34.385999999999996,2,11.3,2,,2,0.061,2,,2,0.0,2
971.0,2,3.5212,2,34.3861,2,11.6,2,,2,0.062,2,,2,0.0,2
972.0,2,3.5211,2,34.3862,2,11.5,2,,2,0.062,2,,2,0.0,2
973.0,2,3.5211,2,34.3861,2,11.2,2,,2,0.062,2,,2,0.0,2
974.0,2,3.5209,2,34.3862,2,11.5,2,,2,0.061,2,,2,0.0,2
975.0,2,3.5187,2,34.3867,2,11.6,2,,2,0.062,2,,2,0.0,2
977.1,2,3.5163,2,34.3871,2,11.3,2,,2,0.062,2,,2,0.0,2
978.0,2,3.5122,2,34.3878,2,11.6,2,,2,0.062,2,,2,0.0,2
979.0,2,3.5132,2,34.3877,2,11.7,2,,2,0.062,2,,2,0.0,2
980.0,2,3.5118,2,34.3879,2,11.6,2,,2,0.062,2,,2,0.0,2
981.0,2,3.5125,2,34.3878,2,11.5,2,,2,0.062,2,,2,0.0,2
982.0,2,3.5142,2,34.3875,2,11.5,2,,2,0.062,2,,2,0.0,2
983.0,2,3.5135,2,34.3877,2,11.6,2,,2,0.062,2,,2,0.0,2
984.0,2,3.5135,2,34.3878,2,11.6,2,,2,0.063,2,,2,0.0,2
985.0,2,3.513,2,34.3878,2,11.6,2,,2,0.062,2,,2,0.0,2
986.0,2,3.5132,2,34.3877,2,11.6,2,,2,0.062,2,,2,0.0,2
987.0,2,3.5129,2,34.3879,2,11.5,2,,2,0.062,2,,2,0.0,2
988.0,2,3.5112,2,34.3882,2,11.6,2,,2,0.062,2,,2,0.0,2
989.0,2,3.51,2,34.3885,2,11.5,2,,2,0.062,2,,2,0.0,2
990.0,2,3.5086,2,34.3888,2,11.6,2,,2,0.062,2,,2,0.0,2
991.0,2,3.5075,2,34.3888,2,11.6,2,,2,0.062,2,,2,0.0,2
992.0,2,3.5066,2,34.3893,2,11.8,2,,2,0.062,2,,2,0.0,2
993.0,2,3.5042,2,34.3898,2,11.7,2,,2,0.062,2,,2,0.0,2
994.0,2,3.5024,2,34.3897,2,11.7,2,,2,0.062,2,,2,0.0,2
995.0,2,3.5013,2,34.3898,2,11.6,2,,2,0.062,2,,2,0.0,2
996.0,2,3.4993,2,34.3901,2,11.6,2,,2,0.062,2,,2,0.0,2
997.0,2,3.4989,2,34.3902,2,11.8,2,,2,0.063,2,,2,0.0,2
998.0,2,3.4988,2,34.3903,2,11.9,2,,2,0.062,2,,2,0.0,2
999.0,2,3.4984,2,34.3903,2,11.6,2,,2,0.062,2,,2,0.0,2
1000.0,2,3.4973,2,34.3906,2,11.6,2,,2,0.062,2,,2,0.0,2
1001.0,2,3.4973,2,34.3907,2,11.9,2,,2,0.062,2,,2,0.0,2
1002.0,2,3.4935,2,34.3912,2,11.7,2,,2,0.062,2,,2,0.0,2
1003.0,2,3.4872,2,34.391999999999996,2,11.9,2,,2,0.062,2,,2,0.0,2
1004.0,2,3.4871,2,34.391999999999996,2,11.8,2,,2,0.062,2,,2,0.0,2
1005.0,2,3.4867,2,34.391999999999996,2,11.8,2,,2,0.062,2,,2,0.0,2
1006.0,2,3.4865,2,34.3921,2,11.9,2,,2,0.062,2,,2,0.0,2
1007.0,2,3.4859,2,34.3923,2,11.8,2,,2,0.062,2,,2,0.0,2
1008.0,2,3.4855,2,34.3922,2,11.6,2,,2,0.062,2,,2,0.0,2
1009.0,2,3.4851,2,34.3924,2,11.8,2,,2,0.062,2,,2,0.0,2
1010.0,2,3.4837,2,34.3926,2,11.8,2,,2,0.063,2,,2,0.0,2
1011.0,2,3.4809,2,34.393,2,11.9,2,,2,0.062,2,,2,0.0,2
1011.7,2,3.4766,2,34.3939,2,11.8,2,,2,0.061,2,,2,0.0,2
1013.0,2,3.4724,2,34.3949,2,11.9,2,,2,0.062,2,,2,0.0,2
1014.0,2,3.4608,2,34.3962,2,11.9,2,,2,0.062,2,,2,0.0,2
1015.0,2,3.4588,2,34.3964,2,12.0,2,,2,0.062,2,,2,0.0,2
1016.0,2,3.4559,2,34.3968,2,11.9,2,,2,0.062,2,,2,0.0,2
1017.0,2,3.4547,2,34.397,2,11.9,2,,2,0.062,2,,2,0.0,2
1018.0,2,3.4512,2,34.3974,2,12.1,2,,2,0.062,2,,2,0.0,2
1019.0,2,3.4443,2,34.3984,2,12.3,2,,2,0.062,2,,2,0.0,2
1020.0,2,3.4384,2,34.3993,2,11.9,2,,2,0.062,2,,2,0.0,2
1021.0,2,3.4369,2,34.3995,2,12.1,2,,2,0.062,2,,2,0.0,2
1022.0,2,3.4358,2,34.3998,2,12.4,2,,2,0.062,2,,2,0.0,2
1023.0,2,3.4347,2,34.3998,2,12.1,2,,2,0.062,2,,2,0.0,2
1024.0,2,3.4339,2,34.4001,2,12.1,2,,2,0.062,2,,2,0.0,2
1025.0,2,3.4332,2,34.4002,2,12.4,2,,2,0.062,2,,2,0.0,2
1026.0,2,3.4330000000000003,2,34.4002,2,12.3,2,,2,0.062,2,,2,0.0,2
1027.0,2,3.4328,2,34.4004,2,12.2,2,,2,0.062,2,,2,0.0,2
1028.0,2,3.432,2,34.4006,2,12.4,2,,2,0.062,2,,2,0.0,2
1029.0,2,3.4305,2,34.4009,2,12.0,2,,2,0.062,2,,2,0.0,2
1030.0,2,3.4278,2,34.4012,2,12.4,2,,2,0.062,2,,2,0.0,2
1031.0,2,3.4258,2,34.4016,2,12.2,2,,2,0.063,2,,2,0.0,2
1032.0,2,3.4218,2,34.4023,2,11.9,2,,2,0.061,2,,2,0.0,2
1033.0,2,3.4186,2,34.4028,2,12.3,2,,2,0.061,2,,2,0.0,2
1034.0,2,3.412,2,34.4037,2,12.7,2,,2,0.061,2,,2,0.0,2
1035.0,2,3.408,2,34.4048,2,12.2,2,,2,0.062,2,,2,0.0,2
1036.0,2,3.4078,2,34.4062,2,12.3,2,,2,0.062,2,,2,0.0,2
1037.0,2,3.4104,2,34.407,2,12.3,2,,2,0.062,2,,2,0.0,2
1038.0,2,3.4142,2,34.4083,2,12.4,2,,2,0.062,2,,2,0.0,2
1039.0,2,3.4155,2,34.4091,2,12.6,2,,2,0.062,2,,2,0.0,2
1040.0,2,3.4145,2,34.4096,2,12.5,2,,2,0.062,2,,2,0.0,2
1041.0,2,3.4139999999999997,2,34.4099,2,12.5,2,,2,0.062,2,,2,0.0,2
1042.0,2,3.4118,2,34.4105,2,12.5,2,,2,0.062,2,,2,0.0,2
1043.0,2,3.4065,2,34.4118,2,12.6,2,,2,0.061,2,,2,0.0,2
1044.0,2,3.4053,2,34.4119,2,12.7,2,,2,0.063,2,,2,0.0,2
1045.0,2,3.4009,2,34.4119,2,12.9,2,,2,0.062,2,,2,0.0,2
1046.0,2,3.4003,2,34.4119,2,12.8,2,,2,0.061,2,,2,0.0,2
1047.0,2,3.4009,2,34.4119,2,12.7,2,,2,0.062,2,,2,0.0,2
1048.0,2,3.3981,2,34.4117,2,12.7,2,,2,0.062,2,,2,0.0,2
1049.0,2,3.3939,2,34.4117,2,12.8,2,,2,0.062,2,,2,0.0,2
1049.9,2,3.3901,2,34.4122,2,12.7,2,,2,0.062,2,,2,0.0,2
1050.9,2,3.386,2,34.4116,2,12.7,2,,2,0.062,2,,2,0.0,2
1052.0,2,3.3846,2,34.4113,2,12.6,2,,2,0.061,2,,2,0.0,2
1053.0,2,3.3833,2,34.4116,2,12.8,2,,2,0.061,2,,2,0.0,2
1054.0,2,3.3828,2,34.4118,2,12.6,2,,2,0.061,2,,2,0.0,2
1055.0,2,3.3827,2,34.4119,2,12.8,2,,2,0.061,2,,2,0.0,2
1056.0,2,3.3825,2,34.4119,2,12.8,2,,2,0.062,2,,2,0.0,2
1057.0,2,3.3819,2,34.4121,2,12.9,2,,2,0.062,2,,2,0.0,2
1058.0,2,3.3815,2,34.4123,2,12.9,2,,2,0.062,2,,2,0.0,2
1059.0,2,3.3812,2,34.4124,2,12.8,2,,2,0.061,2,,2,0.0,2
1060.0,2,3.3807,2,34.4127,2,12.6,2,,2,0.062,2,,2,0.0,2
1061.0,2,3.3792,2,34.4136,2,12.9,2,,2,0.062,2,,2,0.0,2
1062.0,2,3.3786,2,34.4137,2,12.9,2,,2,0.062,2,,2,0.0,2
1063.0,2,3.3788,2,34.4147,2,12.9,2,,2,0.062,2,,2,0.0,2
1064.0,2,3.3789999999999996,2,34.4151,2,12.8,2,,2,0.062,2,,2,0.0,2
1065.0,2,3.3789,2,34.4153,2,13.0,2,,2,0.061,2,,2,0.0,2
1066.0,2,3.3748,2,34.4169,2,13.0,2,,2,0.061,2,,2,0.0,2
1067.0,2,3.3744,2,34.4169,2,13.0,2,,2,0.061,2,,2,0.0,2
1068.1,2,3.373,2,34.4174,2,13.2,2,,2,0.062,2,,2,0.0,2
1069.1,2,3.3707,2,34.4177,2,13.1,2,,2,0.061,2,,2,0.0,2
1070.0,2,3.3656,2,34.4182,2,13.5,2,,2,0.062,2,,2,0.0,2
1071.0,2,3.363,2,34.4186,2,13.3,2,,2,0.063,2,,2,0.0,2
1072.0,2,3.3621,2,34.4187,2,13.2,2,,2,0.063,2,,2,0.0,2
1073.0,2,3.3614,2,34.4188,2,13.3,2,,2,0.061,2,,2,0.0,2
1074.0,2,3.3606,2,34.4189,2,13.5,2,,2,0.062,2,,2,0.0,2
1075.0,2,3.3594,2,34.4188,2,13.4,2,,2,0.061,2,,2,0.0,2
1076.0,2,3.3522,2,34.4198,2,13.3,2,,2,0.062,2,,2,0.0,2
1077.0,2,3.3463,2,34.4204,2,13.4,2,,2,0.062,2,,2,0.0,2
1078.0,2,3.3443,2,34.4206,2,13.5,2,,2,0.062,2,,2,0.0,2
1079.0,2,3.3425,2,34.4209,2,13.6,2,,2,0.062,2,,2,0.0,2
1080.0,2,3.3398,2,34.4212,2,13.4,2,,2,0.061,2,,2,0.0,2
1081.0,2,3.3392,2,34.4212,2,13.6,2,,2,0.062,2,,2,0.0,2
1082.0,2,3.3374,2,34.4214,2,13.5,2,,2,0.061,2,,2,0.0,2
1083.0,2,3.3357,2,34.4215,2,13.5,2,,2,0.062,2,,2,0.0,2
1084.0,2,3.333,2,34.4217,2,13.5,2,,2,0.062,2,,2,0.0,2
1085.0,2,3.3319,2,34.4219,2,13.7,2,,2,0.06,2,,2,0.0,2
1086.0,2,3.33,2,34.422,2,13.7,2,,2,0.062,2,,2,0.0,2
1087.0,2,3.3272,2,34.4222,2,13.5,2,,2,0.062,2,,2,0.0,2
1088.0,2,3.3238,2,34.4226,2,13.3,2,,2,0.062,2,,2,0.0,2
1089.0,2,3.3191,2,34.4232,2,13.7,2,,2,0.062,2,,2,0.0,2
1090.0,2,3.3154,2,34.4236,2,13.8,2,,2,0.063,2,,2,0.0,2
1091.0,2,3.3111,2,34.424,2,14.1,2,,2,0.062,2,,2,0.0,2
1091.8,2,3.3085,2,34.4245,2,13.9,2,,2,0.062,2,,2,0.0,2
1093.1,2,3.3044,2,34.4252,2,13.7,2,,2,0.062,2,,2,0.0,2
1094.0,2,3.3028,2,34.4249,2,13.8,2,,2,0.062,2,,2,0.0,2
1095.0,2,3.3015,2,34.4252,2,14.0,2,,2,0.061,2,,2,0.0,2
1096.0,2,3.3013,2,34.4252,2,14.3,2,,2,0.061,2,,2,0.0,2
1097.0,2,3.3012,2,34.4252,2,13.9,2,,2,0.062,2,,2,0.0,2
1098.0,2,3.3011,2,34.4252,2,13.6,2,,2,0.062,2,,2,0.0,2
1099.0,2,3.3006,2,34.4252,2,13.9,2,,2,0.061,2,,2,0.0,2
1100.0,2,3.299,2,34.4255,2,14.0,2,,2,0.061,2,,2,0.0,2
1101.0,2,3.2976,2,34.4258,2,13.9,2,,2,0.062,2,,2,0.0,2
1102.3,2,3.2961,2,34.4259,2,13.9,2,,2,0.062,2,,2,0.0,2
1103.0,2,3.2949,2,34.4259,2,13.9,2,,2,0.061,2,,2,0.0,2
1104.0,2,3.2936,2,34.426,2,14.0,2,,2,0.062,2,,2,0.0,2
1105.0,2,3.2852,2,34.4266,2,13.9,2,,2,0.061,2,,2,0.0,2
1106.0,2,3.286,2,34.4263,2,14.0,2,,2,0.062,2,,2,0.0,2
1107.0,2,3.2824,2,34.4267,2,13.9,2,,2,0.061,2,,2,0.0,2
1108.0,2,3.2789,2,34.427,2,14.1,2,,2,0.062,2,,2,0.0,2
1109.0,2,3.2764,2,34.4273,2,13.9,2,,2,0.061,2,,2,0.0,2
1110.0,2,3.2757,2,34.4275,2,13.7,2,,2,0.062,2,,2,0.0,2
1111.0,2,3.2751,2,34.4277,2,14.0,2,,2,0.062,2,,2,0.0,2
1112.0,2,3.2737,2,34.428000000000004,2,14.2,2,,2,0.061,2,,2,0.0,2
1113.0,2,3.2680000000000002,2,34.4287,2,13.9,2,,2,0.061,2,,2,0.0,2
1114.0,2,3.2643,2,34.4293,2,13.9,2,,2,0.062,2,,2,0.0,2
1115.0,2,3.2635,2,34.4295,2,14.0,2,,2,0.062,2,,2,0.0,2
1116.0,2,3.2618,2,34.4299,2,14.0,2,,2,0.062,2,,2,0.0,2
1117.0,2,3.2603,2,34.4302,2,14.2,2,,2,0.062,2,,2,0.0,2
1118.0,2,3.2599,2,34.4304,2,14.0,2,,2,0.061,2,,2,0.0,2
1119.0,2,3.2597,2,34.4302,2,14.3,2,,2,0.061,2,,2,0.0,2
1120.0,2,3.2595,2,34.4304,2,14.3,2,,2,0.061,2,,2,0.0,2
1121.0,2,3.2592,2,34.4305,2,14.1,2,,2,0.062,2,,2,0.0,2
1122.0,2,3.2584,2,34.4306,2,14.2,2,,2,0.062,2,,2,0.0,2
1123.0,2,3.2560000000000002,2,34.4312,2,14.4,2,,2,0.062,2,,2,0.0,2
1124.0,2,3.2554,2,34.4313,2,14.1,2,,2,0.062,2,,2,0.0,2
1125.0,2,3.2553,2,34.4312,2,14.3,2,,2,0.061,2,,2,0.0,2
1126.0,2,3.2549,2,34.4315,2,14.7,2,,2,0.062,2,,2,0.0,2
1127.0,2,3.2546,2,34.4315,2,14.4,2,,2,0.061,2,,2,0.0,2
1128.0,2,3.2541,2,34.4316,2,14.3,2,,2,0.062,2,,2,0.0,2
1129.0,2,3.2534,2,34.4318,2,14.5,2,,2,0.061,2,,2,0.0,2
1130.0,2,3.253,2,34.4318,2,14.4,2,,2,0.061,2,,2,0.0,2
1131.0,2,3.2528,2,34.4319,2,14.3,2,,2,0.062,2,,2,0.0,2
1132.0,2,3.2523,2,34.431999999999995,2,14.4,2,,2,0.062,2,,2,0.0,2
1133.0,2,3.2516,2,34.4321,2,14.6,2,,2,0.062,2,,2,0.0,2
1134.0,2,3.2504,2,34.4324,2,14.3,2,,2,0.061,2,,2,0.0,2
1135.0,2,3.2489,2,34.4327,2,14.3,2,,2,0.062,2,,2,0.0,2
1136.0,2,3.2473,2,34.433,2,14.6,2,,2,0.061,2,,2,0.0,2
1137.0,2,3.2460000000000004,2,34.4332,2,14.5,2,,2,0.061,2,,2,0.0,2
1138.0,2,3.2445,2,34.4339,2,14.3,2,,2,0.061,2,,2,0.0,2
1139.0,2,3.2434,2,34.4338,2,14.6,2,,2,0.062,2,,2,0.0,2
1140.0,2,3.2398,2,34.4341,2,14.6,2,,2,0.062,2,,2,0.0,2
1141.0,2,3.2358,2,34.4349,2,14.3,2,,2,0.062,2,,2,0.0,2
1142.0,2,3.2313,2,34.4355,2,14.9,2,,2,0.061,2,,2,0.0,2
1143.0,2,3.2285,2,34.436,2,14.6,2,,2,0.061,2,,2,0.0,2
1144.0,2,3.2166,2,34.4373,2,14.4,2,,2,0.062,2,,2,0.0,2
1145.0,2,3.2154,2,34.4373,2,14.5,2,,2,0.062,2,,2,0.0,2
1145.7,2,3.215,2,34.4375,2,14.6,2,,2,0.062,2,,2,0.0,2
1147.0,2,3.2094,2,34.438,2,14.7,2,,2,0.061,2,,2,0.0,2
1148.0,2,3.2052,2,34.4388,2,14.6,2,,2,0.061,2,,2,0.0,2
1149.0,2,3.201,2,34.4395,2,14.7,2,,2,0.062,2,,2,0.0,2
1150.0,2,3.1993,2,34.4397,2,14.9,2,,2,0.062,2,,2,0.0,2
1151.0,2,3.1968,2,34.4403,2,14.9,2,,2,0.062,2,,2,0.0,2
1152.0,2,3.1953,2,34.4405,2,14.8,2,,2,0.062,2,,2,0.0,2
1153.0,2,3.1947,2,34.4406,2,15.1,2,,2,0.062,2,,2,0.0,2
1154.0,2,3.1935,2,34.4407,2,15.3,2,,2,0.061,2,,2,0.0,2
1155.0,2,3.1921,2,34.4409,2,14.9,2,,2,0.061,2,,2,0.0,2
1156.0,2,3.1915,2,34.4411,2,14.7,2,,2,0.061,2,,2,0.0,2
1157.0,2,3.1905,2,34.4412,2,15.1,2,,2,0.061,2,,2,0.0,2
1158.0,2,3.1879,2,34.4415,2,15.1,2,,2,0.061,2,,2,0.0,2
1158.7,2,3.1879,2,34.4416,2,14.9,2,,2,0.062,2,,2,0.0,2
1160.0,2,3.1881,2,34.4413,2,15.0,2,,2,0.061,2,,2,0.0,2
1161.0,2,3.1846,2,34.4415,2,15.1,2,,2,0.061,2,,2,0.0,2
1162.0,2,3.1832,2,34.4416,2,15.1,2,,2,0.062,2,,2,0.0,2
1163.0,2,3.1827,2,34.4416,2,15.0,2,,2,0.061,2,,2,0.0,2
1164.0,2,3.1823,2,34.4418,2,14.9,2,,2,0.061,2,,2,0.0,2
1165.0,2,3.1791,2,34.4426,2,15.1,2,,2,0.061,2,,2,0.0,2
1166.0,2,3.1777,2,34.4431,2,15.3,2,,2,0.061,2,,2,0.0,2
1166.8,2,3.1776,2,34.4435,2,15.1,2,,2,0.062,2,,2,0.0,2
1167.9,2,3.1773,2,34.4431,2,15.2,2,,2,0.061,2,,2,0.0,2
1169.0,2,3.1761,2,34.4434,2,15.3,2,,2,0.061,2,,2,0.0,2
1170.0,2,3.175,2,34.4436,2,15.2,2,,2,0.062,2,,2,0.0,2
1171.0,2,3.1739,2,34.4435,2,15.2,2,,2,0.061,2,,2,0.0,2
1172.0,2,3.1731,2,34.4438,2,15.3,2,,2,0.062,2,,2,0.0,2
1173.0,2,3.1710000000000003,2,34.444,2,15.3,2,,2,0.062,2,,2,0.0,2
1174.0,2,3.1675,2,34.4445,2,15.3,2,,2,0.062,2,,2,0.0,2
1175.0,2,3.1605,2,34.4456,2,15.4,2,,2,0.061,2,,2,0.0,2
1176.0,2,3.1473,2,34.4473,2,15.3,2,,2,0.061,2,,2,0.0,2
1177.0,2,3.1437,2,34.4477,2,15.5,2,,2,0.061,2,,2,0.0,2
1177.6,2,3.1404,2,34.4482,2,15.9,2,,2,0.062,2,,2,0.0,2
1179.1,2,3.1363,2,34.4488,2,15.5,2,,2,0.062,2,,2,0.0,2
1180.0,2,3.1294,2,34.4498,2,15.8,2,,2,0.061,2,,2,0.0,2
1181.0,2,3.1288,2,34.4498,2,16.4,2,,2,0.062,2,,2,0.0,2
1182.0,2,3.1269,2,34.4498,2,16.0,2,,2,0.062,2,,2,0.0,2
1183.0,2,3.1206,2,34.4506,2,15.8,2,,2,0.062,2,,2,0.0,2
1184.0,2,3.1119,2,34.4522,2,16.3,2,,2,0.061,2,,2,0.0,2
1185.0,2,3.1105,2,34.452,2,16.5,2,,2,0.062,2,,2,0.0,2
1186.0,2,3.1079,2,34.4523,2,16.1,2,,2,0.061,2,,2,0.0,2
1187.0,2,3.0934,2,34.4542,2,16.7,2,,2,0.062,2,,2,0.0,2
1188.0,2,3.0889,2,34.4544,2,16.9,2,,2,0.061,2,,2,0.0,2
1188.7,2,3.0869999999999997,2,34.4556,2,16.9,2,,2,0.062,2,,2,0.0,2
1190.4,2,3.0778,2,34.4562,2,16.8,2,,2,0.062,2,,2,0.0,2
1191.0,2,3.0765,2,34.4566,2,16.6,2,,2,0.061,2,,2,0.0,2
1192.0,2,3.0753,2,34.4568,2,17.0,2,,2,0.061,2,,2,0.0,2
1193.0,2,3.0726,2,34.4575,2,17.0,2,,2,0.062,2,,2,0.0,2
1194.0,2,3.0723,2,34.4574,2,17.4,2,,2,0.061,2,,2,0.0,2
1194.9,2,3.0715,2,34.4577,2,17.3,2,,2,0.061,2,,2,0.0,2
1196.1,2,3.0703,2,34.4579,2,17.1,2,,2,0.061,2,,2,0.0,2
1197.0,2,3.0694,2,34.458,2,17.1,2,,2,0.061,2,,2,0.0,2
1198.0,2,3.0677,2,34.4583,2,17.3,2,,2,0.061,2,,2,0.0,2
1199.0,2,3.0667,2,34.4585,2,17.3,2,,2,0.061,2,,2,0.0,2
1200.0,2,3.0664,2,34.4587,2,17.2,2,,2,0.061,2,,2,0.0,2
1201.0,2,3.0663,2,34.4586,2,17.2,2,,2,0.062,2,,2,0.0,2
1202.0,2,3.0648,2,34.4589,2,17.4,2,,2,0.062,2,,2,0.0,2
1203.0,2,3.0625,2,34.4593,2,17.1,2,,2,0.061,2,,2,0.0,2
1204.0,2,3.0615,2,34.4595,2,17.3,2,,2,0.061,2,,2,0.0,2
1205.0,2,3.0612,2,34.4597,2,17.3,2,,2,0.061,2,,2,0.0,2
1206.0,2,3.0601,2,34.4597,2,17.5,2,,2,0.06,2,,2,0.0,2
1207.0,2,3.0589,2,34.4599,2,17.5,2,,2,0.061,2,,2,0.0,2
1208.0,2,3.055,2,34.4604,2,17.5,2,,2,0.061,2,,2,0.0,2
1209.0,2,3.0531,2,34.4605,2,17.6,2,,2,0.061,2,,2,0.0,2
1210.0,2,3.052,2,34.4607,2,17.5,2,,2,0.061,2,,2,0.0,2
1211.0,2,3.0502,2,34.4608,2,17.4,2,,2,0.061,2,,2,0.0,2
1212.0,2,3.0482,2,34.4611,2,17.6,2,,2,0.062,2,,2,0.0,2
1213.0,2,3.0472,2,34.4615,2,17.6,2,,2,0.062,2,,2,0.0,2
1214.0,2,3.0468,2,34.4616,2,17.6,2,,2,0.061,2,,2,0.0,2
1215.0,2,3.0458,2,34.4613,2,17.6,2,,2,0.061,2,,2,0.0,2
1216.0,2,3.0444,2,34.4615,2,17.6,2,,2,0.062,2,,2,0.0,2
1217.0,2,3.0422,2,34.461999999999996,2,18.0,2,,2,0.062,2,,2,0.0,2
1218.0,2,3.0410000000000004,2,34.4621,2,17.5,2,,2,0.061,2,,2,0.0,2
1219.0,2,3.0402,2,34.4623,2,17.9,2,,2,0.061,2,,2,0.0,2
1220.0,2,3.0397,2,34.4623,2,18.0,2,,2,0.062,2,,2,0.0,2
1221.0,2,3.0385,2,34.4625,2,17.6,2,,2,0.062,2,,2,0.0,2
1222.0,2,3.0371,2,34.4629,2,17.9,2,,2,0.061,2,,2,0.0,2
1223.0,2,3.0327,2,34.4635,2,17.9,2,,2,0.061,2,,2,0.0,2
1223.7,2,3.0307,2,34.4643,2,18.0,2,,2,0.061,2,,2,0.0,2
1225.1,2,3.0284,2,34.464,2,18.0,2,,2,0.06,2,,2,0.0,2
1226.0,2,3.0264,2,34.4642,2,18.1,2,,2,0.061,2,,2,0.0,2
1227.0,2,3.0244,2,34.4645,2,18.1,2,,2,0.061,2,,2,0.0,2
1228.0,2,3.0234,2,34.4645,2,17.9,2,,2,0.061,2,,2,0.0,2
1229.0,2,3.0188,2,34.4649,2,18.1,2,,2,0.062,2,,2,0.0,2
1230.0,2,3.0167,2,34.465,2,18.2,2,,2,0.061,2,,2,0.0,2
1231.0,2,3.0165,2,34.4651,2,18.2,2,,2,0.061,2,,2,0.0,2
1232.4,2,3.0157,2,34.4651,2,18.4,2,,2,0.061,2,,2,0.0,2
1233.0,2,3.0139,2,34.4651,2,18.1,2,,2,0.061,2,,2,0.0,2
1234.0,2,3.0111,2,34.4652,2,18.1,2,,2,0.062,2,,2,0.0,2
1235.0,2,3.0092,2,34.4651,2,18.2,2,,2,0.061,2,,2,0.0,2
1236.0,2,3.008,2,34.4652,2,18.3,2,,2,0.061,2,,2,0.0,2
1237.0,2,3.0058,2,34.4653,2,18.3,2,,2,0.061,2,,2,0.0,2
1238.0,2,3.0015,2,34.4654,2,18.4,2,,2,0.062,2,,2,0.0,2
1239.0,2,3.0009,2,34.4654,2,18.3,2,,2,0.061,2,,2,0.0,2
1240.0,2,3.0006,2,34.4653,2,18.2,2,,2,0.061,2,,2,0.0,2
1241.0,2,2.9996,2,34.4652,2,18.1,2,,2,0.061,2,,2,0.0,2
1242.0,2,2.9982,2,34.4654,2,18.3,2,,2,0.061,2,,2,0.0,2
1243.0,2,2.99,2,34.4648,2,18.3,2,,2,0.062,2,,2,0.0,2
1244.0,2,2.9869,2,34.4645,2,18.2,2,,2,0.061,2,,2,0.0,2
1245.0,2,2.9859,2,34.4643,2,18.0,2,,2,0.061,2,,2,0.0,2
1246.0,2,2.9823,2,34.4642,2,18.1,2,,2,0.062,2,,2,0.0,2
1247.0,2,2.9776,2,34.4643,2,18.1,2,,2,0.061,2,,2,0.0,2
1248.0,2,2.9714,2,34.4647,2,17.9,2,,2,0.061,2,,2,0.0,2
1249.0,2,2.9692,2,34.465,2,18.0,2,,2,0.061,2,,2,0.0,2
1250.0,2,2.9677,2,34.4651,2,18.3,2,,2,0.061,2,,2,0.0,2
1251.0,2,2.967,2,34.4651,2,18.1,2,,2,0.061,2,,2,0.0,2
1252.0,2,2.9663,2,34.4653,2,18.3,2,,2,0.061,2,,2,0.0,2
1253.0,2,2.9652,2,34.4654,2,18.1,2,,2,0.061,2,,2,0.0,2
1254.0,2,2.9588,2,34.4657,2,18.3,2,,2,0.061,2,,2,0.0,2
1255.0,2,2.9499,2,34.4662,2,18.1,2,,2,0.062,2,,2,0.0,2
1256.0,2,2.9461,2,34.4664,2,18.4,2,,2,0.062,2,,2,0.0,2
1256.8,2,2.943,2,34.467,2,18.6,2,,2,0.062,2,,2,0.0,2
1258.3,2,2.9364,2,34.4669,2,18.5,2,,2,0.061,2,,2,0.0,2
1259.0,2,2.9354,2,34.467,2,18.4,2,,2,0.061,2,,2,0.0,2
1260.0,2,2.9323,2,34.4675,2,18.2,2,,2,0.061,2,,2,0.0,2
1261.0,2,2.93,2,34.4678,2,18.6,2,,2,0.06,2,,2,0.0,2
1262.0,2,2.9261,2,34.4682,2,18.6,2,,2,0.061,2,,2,0.0,2
1263.0,2,2.9219,2,34.4685,2,18.4,2,,2,0.061,2,,2,0.0,2
1264.0,2,2.9199,2,34.4687,2,18.6,2,,2,0.061,2,,2,0.0,2
1265.0,2,2.9175,2,34.4689,2,18.9,2,,2,0.061,2,,2,0.0,2
1265.8,2,2.9146,2,34.4697,2,18.6,2,,2,0.062,2,,2,0.0,2
1267.2,2,2.9129,2,34.4697,2,18.8,2,,2,0.062,2,,2,0.0,2
1268.0,2,2.9123,2,34.4699,2,18.7,2,,2,0.062,2,,2,0.0,2
1269.0,2,2.912,2,34.47,2,18.8,2,,2,0.062,2,,2,0.0,2
1270.0,2,2.91,2,34.4704,2,18.9,2,,2,0.061,2,,2,0.0,2
1271.0,2,2.9085,2,34.4708,2,18.9,2,,2,0.062,2,,2,0.0,2
1272.0,2,2.9074,2,34.4709,2,19.2,2,,2,0.061,2,,2,0.0,2
1273.0,2,2.9052,2,34.4713,2,18.9,2,,2,0.061,2,,2,0.0,2
1274.0,2,2.9027,2,34.4718,2,19.3,2,,2,0.061,2,,2,0.0,2
1275.0,2,2.9024,2,34.4718,2,19.0,2,,2,0.062,2,,2,0.0,2
1276.0,2,2.9017,2,34.472,2,19.2,2,,2,0.061,2,,2,0.0,2
1277.0,2,2.9001,2,34.4724,2,19.4,2,,2,0.061,2,,2,0.0,2
1278.0,2,2.8984,2,34.4725,2,19.3,2,,2,0.061,2,,2,0.0,2
1279.0,2,2.8948,2,34.473,2,19.4,2,,2,0.062,2,,2,0.0,2
1280.0,2,2.8897,2,34.4735,2,19.4,2,,2,0.061,2,,2,0.0,2
1281.0,2,2.8876,2,34.4737,2,19.4,2,,2,0.061,2,,2,0.0,2
1282.0,2,2.8858,2,34.4738,2,19.3,2,,2,0.062,2,,2,0.0,2
1282.8,2,2.8832,2,34.474000000000004,2,19.6,2,,2,0.061,2,,2,0.0,2
1284.5,2,2.8824,2,34.4738,2,19.7,2,,2,0.063,2,,2,0.0,2
1285.0,2,2.8805,2,34.4743,2,19.6,2,,2,0.062,2,,2,0.0,2
1286.0,2,2.88,2,34.4745,2,19.6,2,,2,0.061,2,,2,0.0,2
1287.0,2,2.8794,2,34.4745,2,19.6,2,,2,0.061,2,,2,0.0,2
1288.0,2,2.8797,2,34.4746,2,19.6,2,,2,0.06,2,,2,0.0,2
1289.0,2,2.8789999999999996,2,34.4749,2,19.6,2,,2,0.062,2,,2,0.0,2
1290.0,2,2.8782,2,34.4748,2,19.7,2,,2,0.062,2,,2,0.0,2
1291.0,2,2.8773,2,34.475,2,19.8,2,,2,0.062,2,,2,0.0,2
1292.0,2,2.8759,2,34.4754,2,19.9,2,,2,0.061,2,,2,0.0,2
1293.0,2,2.8734,2,34.4757,2,19.8,2,,2,0.061,2,,2,0.0,2
1294.0,2,2.8657,2,34.4767,2,19.9,2,,2,0.062,2,,2,0.0,2
1296.2,2,2.8593,2,34.4774,2,19.9,2,,2,0.061,2,,2,0.0,2
1297.0,2,2.8563,2,34.4777,2,20.1,2,,2,0.061,2,,2,0.0,2
1298.0,2,2.8534,2,34.4779,2,20.4,2,,2,0.062,2,,2,0.0,2
1298.8,2,2.8498,2,34.4785,2,20.2,2,,2,0.061,2,,2,0.0,2
1300.4,2,2.8487,2,34.4785,2,20.3,2,,2,0.061,2,,2,0.0,2
1301.0,2,2.8486,2,34.4785,2,20.3,2,,2,0.061,2,,2,0.0,2
1301.6,2,2.8488,2,34.4786,2,20.1,2,,2,0.061,2,,2,0.0,2
1305.3,2,2.8393,2,34.4809,2,20.2,2,,2,0.062,2,,2,0.0,2
1305.9,2,2.8377,2,34.4807,2,20.6,2,,2,0.061,2,,2,0.0,2
1307.1,2,2.8317,2,34.4816,2,20.6,2,,2,0.061,2,,2,0.0,2
1308.0,2,2.8287,2,34.4812,2,20.4,2,,2,0.061,2,,2,0.0,2
1309.0,2,2.8279,2,34.4813,2,20.7,2,,2,0.062,2,,2,0.0,2
1310.0,2,2.8282,2,34.4816,2,20.7,2,,2,0.061,2,,2,0.0,2
1311.5,2,2.8291,2,34.4812,2,20.6,2,,2,0.061,2,,2,0.0,2
1312.0,2,2.8277,2,34.4814,2,20.6,2,,2,0.061,2,,2,0.0,2
1313.0,2,2.8255,2,34.4816,2,20.5,2,,2,0.061,2,,2,0.0,2
1314.0,2,2.825,2,34.4818,2,20.6,2,,2,0.061,2,,2,0.0,2
END_DATA
