CTD,20190304CCHSIOLMM
#---------------------------------------------------------------------------------------------------,,,,,,,,,,,,,,,,,,
#Fluorescence and PAR data are nominal and unedited except that some records were removed in editing temperature and salinity and a large spike in fluorescence was removed from file 0032.,,,,,,,,,,,,,,,,,,
#---------------------------------------------------------------------------------------------------,,,,,,,,,,,,,,,,,,
#The Transmissivity channel was removed because of frequent shifts in values during casts and large variations between values during repeat casts.,,,,,,,,,,,,,,,,,,
#The data are available by request from the chief scientist.,,,,,,,,,,,,,,,,,,
#---------------------------------------------------------------------------------------------------,,,,,,,,,,,,,,,,,,
#NOTE: While the Fluorescence:CTD data are expressed in concentration units they do not always compare well to extracted chlorophyll samples particularly for casts far from shore.,,,,,,,,,,,,,,,,,,
#It is recommended that users check extracted chlorophyll values where available.,,,,,,,,,,,,,,,,,,
#---------------------------------------------------------------------------------------------------,,,,,,,,,,,,,,,,,,
#Oxygen:Dissolved:CTD was calibrated using the method described in the Sea-Bird Application Note #64-2 of June 2012 (Sea-Bird_64-2_Jun2012.pdf) except that a small offset in the fit was allowed.,,,,,,,,,,,,,,,,,,
#,,,,,,,,,,,,,,,,,,
#"The Dissolved Oxygen sensor used in files 0001, 0002 and 0016 malfunctioned so the Oxygen:Dissolved:CTD channels were removed from those files.",,,,,,,,,,,,,,,,,,
#,,,,,,,,,,,,,,,,,,
#The Oxygen:Dissolved:CTD sensor has a fairly long response time so data accuracy is not as high when it is in motion as it is during stops for bottles.,,,,,,,,,,,,,,,,,,
#This will be especially true when vertical dissolved oxygen gradients are large. ,,,,,,,,,,,,,,,,,,
#To get an estimate of the accuracy of the Oxygen:Dissolved:CTD data during downcasts (after recalibration) a rough comparison was made between downcast Oxygen:Dissolved:CTD data and upcast titrated samples. ,,,,,,,,,,,,,,,,,,
#Some of the difference will be due to problems with flushing of Niskin bottles and/or analysis errors so the following statement likely underestimates Oxygen:Dissolved:CTD accuracy.,,,,,,,,,,,,,,,,,,
#,,,,,,,,,,,,,,,,,,
#Downcast (CTD files) Oxygen:Dissolved:CTD data are considered very roughly to be:,,,,,,,,,,,,,,,,,,
#      • ±0.25 ml/l from 0 to 125 dbar,,,,,,,,,,,,,,,,,,
#      • ±0.2 ml/l from 125 to 400 dbar,,,,,,,,,,,,,,,,,,
#      • ±0.1 ml/l from 400 to 600 dbar,,,,,,,,,,,,,,,,,,
#      • ±0.05 ml/l from 600 to 1500 dbar,,,,,,,,,,,,,,,,,,
#      • Low by up to 0.08 ml/l below 1500 dbar,,,,,,,,,,,,,,,,,,
#---------------------------------------------------------------------------------------------------,,,,,,,,,,,,,,,,,,
#For details on the processing see the report 2017-01-proc.pdf,,,,,,,,,,,,,,,,,,
#---------------------------------------------------------------------------------------------------,,,,,,,,,,,,,,,,,,
#,,,,,,,,,,,,,,,,,,
#File Name,Zone,FIL:START TIME YYYY/MM/DD, HH:MM,LOC:EVENT_NUMBER,LOC:LATITUDE,LOC:LONGITUDE,LOC:STATION,INS:LOCATION,Pressure:CTD [dbar],Temperature:CTD [deg_C_(ITS90)],Salinity:CTD [PSS-78],Sigma-t:CTD [kg/m^3],Transmissivity:CTD [*/m],Oxygen:Dissolved:CTD:Volume [ml/l],Oxygen:Dissolved:CTD:Mass [µmol/kg],Fluorescence:CTD:Seapoint [mg/m^3],Fluorescence:CTD:Wetlabs [mg/m^3],PAR:CTD [µE/m^2/sec]
#,,,,,,,,,,,,,,,,,,
NUMBER_HEADERS = 8
EXPOCODE = 18DD20170205
STNBR = P4
CASTNO = 1
DATE = 20170207
TIME =  16:40
LATITUDE = 48.6485
LONGITUDE = -126.667
CTDPRS,CTDPRS_FLAG_W,CTDTMP,CTDTMP_FLAG_W,CTDSAL,CTDSAL_FLAG_W,CTDOXY,CTDOXY_FLAG_W,CTDXMISS,CTDXMISS_FLAG_W,CTDFLUOR,CTDFLUOR_FLAG_W,CTDFLUOR_TSG,CTDFLUOR_TSG_FLAG_W,PAR,PAR_FLAG_W
DBAR,,ITS-90,,PSS-78,,UMOL/KG,,,,MG/M^3,,MG/M^3,,UE/m^2/sec,
2.0,2,9.0615,2,32.3599,2,280.0,2,,2,0.7140000000000001,2,,2,64.0,2
3.4,2,9.0637,2,32.3614,2,280.7,2,,2,0.711,2,,2,49.2,2
4.0,2,9.0642,2,32.3614,2,280.9,2,,2,0.7020000000000001,2,,2,45.8,2
5.0,2,9.062000000000001,2,32.3614,2,281.0,2,,2,0.698,2,,2,39.2,2
6.0,2,9.0626,2,32.3614,2,281.3,2,,2,0.711,2,,2,33.9,2
7.0,2,9.062999999999999,2,32.3614,2,281.7,2,,2,0.705,2,,2,30.7,2
8.0,2,9.0637,2,32.361999999999995,2,281.7,2,,2,0.706,2,,2,27.1,2
9.0,2,9.0647,2,32.3617,2,282.5,2,,2,0.711,2,,2,24.6,2
10.0,2,9.0649,2,32.3622,2,283.2,2,,2,0.718,2,,2,23.1,2
11.0,2,9.0663,2,32.3624,2,284.0,2,,2,0.711,2,,2,21.5,2
12.0,2,9.0742,2,32.3634,2,284.1,2,,2,0.6970000000000001,2,,2,20.4,2
12.8,2,9.0883,2,32.3665,2,284.1,2,,2,0.6920000000000001,2,,2,18.5,2
14.1,2,9.0899,2,32.3672,2,283.9,2,,2,0.7040000000000001,2,,2,15.2,2
14.6,2,9.0895,2,32.367,2,284.0,2,,2,0.723,2,,2,14.6,2
17.9,2,9.1065,2,32.3702,2,285.2,2,,2,0.69,2,,2,11.3,2
18.9,2,9.1057,2,32.3708,2,285.8,2,,2,0.7,2,,2,10.6,2
20.0,2,9.1128,2,32.3723,2,286.1,2,,2,0.7,2,,2,9.9,2
21.0,2,9.109,2,32.3712,2,286.5,2,,2,0.68,2,,2,9.3,2
22.0,2,9.1261,2,32.3761,2,286.1,2,,2,0.6679999999999999,2,,2,8.7,2
23.0,2,9.1588,2,32.3874,2,285.4,2,,2,0.65,2,,2,7.9,2
23.7,2,9.1902,2,32.3957,2,284.7,2,,2,0.652,2,,2,7.3,2
26.0,2,9.2276,2,32.4123,2,285.5,2,,2,0.61,2,,2,6.1,2
27.0,2,9.2345,2,32.4201,2,285.2,2,,2,0.579,2,,2,5.8,2
28.0,2,9.2365,2,32.4243,2,285.2,2,,2,0.569,2,,2,5.4,2
29.0,2,9.237,2,32.4265,2,285.1,2,,2,0.5379999999999999,2,,2,5.0,2
30.0,2,9.246,2,32.4325,2,284.6,2,,2,0.515,2,,2,4.6,2
31.0,2,9.2479,2,32.4337,2,284.3,2,,2,0.507,2,,2,4.3,2
32.0,2,9.2533,2,32.4372,2,284.1,2,,2,0.48700000000000004,2,,2,4.0,2
33.0,2,9.259,2,32.4413,2,284.3,2,,2,0.462,2,,2,3.7,2
34.4,2,9.2634,2,32.4435,2,285.2,2,,2,0.46799999999999997,2,,2,3.4,2
34.9,2,9.2659,2,32.4468,2,285.3,2,,2,0.452,2,,2,3.4,2
36.0,2,9.2708,2,32.4505,2,285.2,2,,2,0.44299999999999995,2,,2,3.2,2
37.0,2,9.276,2,32.4537,2,285.2,2,,2,0.44,2,,2,3.0,2
38.0,2,9.2813,2,32.4578,2,285.2,2,,2,0.435,2,,2,2.8,2
39.0,2,9.2911,2,32.4633,2,284.9,2,,2,0.401,2,,2,2.6,2
40.0,2,9.3029,2,32.4684,2,284.6,2,,2,0.392,2,,2,2.4,2
40.8,2,9.3032,2,32.4686,2,284.4,2,,2,0.395,2,,2,2.3,2
42.2,2,9.3067,2,32.4691,2,284.3,2,,2,0.397,2,,2,2.1,2
43.0,2,9.3086,2,32.4699,2,284.5,2,,2,0.39799999999999996,2,,2,2.0,2
44.0,2,9.3128,2,32.4715,2,284.6,2,,2,0.379,2,,2,1.9,2
45.0,2,9.312999999999999,2,32.4718,2,284.4,2,,2,0.38,2,,2,1.7,2
46.0,2,9.3133,2,32.4725,2,284.4,2,,2,0.397,2,,2,1.7,2
47.0,2,9.3124,2,32.4767,2,284.6,2,,2,0.385,2,,2,1.6,2
48.0,2,9.3117,2,32.4786,2,284.6,2,,2,0.37,2,,2,1.5,2
49.0,2,9.312000000000001,2,32.4788,2,284.4,2,,2,0.37200000000000005,2,,2,1.4,2
50.0,2,9.3121,2,32.479,2,284.1,2,,2,0.353,2,,2,1.3,2
51.0,2,9.3121,2,32.479,2,284.0,2,,2,0.363,2,,2,1.2,2
52.0,2,9.3124,2,32.4795,2,284.3,2,,2,0.35100000000000003,2,,2,1.1,2
53.0,2,9.3132,2,32.4807,2,284.3,2,,2,0.35200000000000004,2,,2,1.1,2
54.0,2,9.3153,2,32.4818,2,284.3,2,,2,0.355,2,,2,1.0,2
55.0,2,9.3164,2,32.4824,2,284.0,2,,2,0.361,2,,2,0.9,2
56.0,2,9.3171,2,32.4837,2,283.8,2,,2,0.355,2,,2,0.9,2
57.0,2,9.321,2,32.4889,2,282.9,2,,2,0.345,2,,2,0.8,2
58.0,2,9.3247,2,32.4975,2,282.4,2,,2,0.33299999999999996,2,,2,0.8,2
59.0,2,9.3264,2,32.499,2,281.9,2,,2,0.342,2,,2,0.7,2
60.0,2,9.3292,2,32.5031,2,281.2,2,,2,0.33,2,,2,0.7,2
61.0,2,9.3309,2,32.5078,2,279.9,2,,2,0.32,2,,2,0.7,2
62.0,2,9.3481,2,32.5332,2,276.8,2,,2,0.312,2,,2,0.6,2
63.0,2,9.3618,2,32.5465,2,273.5,2,,2,0.295,2,,2,0.6,2
64.0,2,9.3686,2,32.5566,2,270.4,2,,2,0.281,2,,2,0.5,2
65.0,2,9.3741,2,32.5744,2,266.3,2,,2,0.27699999999999997,2,,2,0.5,2
66.0,2,9.3665,2,32.5991,2,260.3,2,,2,0.28,2,,2,0.5,2
67.0,2,9.3691,2,32.6446,2,251.6,2,,2,0.23399999999999999,2,,2,0.5,2
68.0,2,9.3926,2,32.6798,2,243.5,2,,2,0.213,2,,2,0.4,2
69.0,2,9.4047,2,32.6901,2,239.8,2,,2,0.201,2,,2,0.4,2
70.0,2,9.4179,2,32.7024,2,236.8,2,,2,0.185,2,,2,0.4,2
71.0,2,9.4137,2,32.7298,2,232.5,2,,2,0.17300000000000001,2,,2,0.3,2
72.0,2,9.3901,2,32.7529,2,229.4,2,,2,0.171,2,,2,0.3,2
73.0,2,9.3674,2,32.782,2,227.3,2,,2,0.159,2,,2,0.3,2
74.0,2,9.3582,2,32.7903,2,226.2,2,,2,0.163,2,,2,0.3,2
75.0,2,9.354,2,32.7931,2,226.1,2,,2,0.16399999999999998,2,,2,0.2,2
76.0,2,9.3417,2,32.8002,2,224.7,2,,2,0.156,2,,2,0.2,2
77.0,2,9.3039,2,32.8347,2,218.9,2,,2,0.147,2,,2,0.2,2
78.0,2,9.4236,2,32.929,2,211.2,2,,2,0.146,2,,2,0.2,2
79.0,2,9.4915,2,32.9661,2,208.1,2,,2,0.139,2,,2,0.2,2
80.0,2,9.537,2,32.992,2,205.6,2,,2,0.139,2,,2,0.2,2
81.0,2,9.5712,2,33.0099,2,203.3,2,,2,0.13699999999999998,2,,2,0.1,2
82.0,2,9.5808,2,33.0391,2,200.4,2,,2,0.134,2,,2,0.1,2
83.0,2,9.5889,2,33.0819,2,198.0,2,,2,0.128,2,,2,0.1,2
84.0,2,9.5745,2,33.1123,2,196.2,2,,2,0.127,2,,2,0.1,2
85.0,2,9.565,2,33.1325,2,195.2,2,,2,0.128,2,,2,0.1,2
86.0,2,9.5509,2,33.1577,2,194.5,2,,2,0.126,2,,2,0.1,2
87.0,2,9.5477,2,33.1674,2,194.4,2,,2,0.133,2,,2,0.1,2
88.0,2,9.5467,2,33.1717,2,194.3,2,,2,0.122,2,,2,0.1,2
89.0,2,9.5412,2,33.1854,2,193.4,2,,2,0.127,2,,2,0.1,2
90.0,2,9.5381,2,33.1924,2,192.5,2,,2,0.12300000000000001,2,,2,0.1,2
91.0,2,9.537,2,33.1964,2,192.2,2,,2,0.124,2,,2,0.0,2
92.0,2,9.5362,2,33.1986,2,192.2,2,,2,0.12,2,,2,0.0,2
93.0,2,9.5355,2,33.1999,2,191.8,2,,2,0.11599999999999999,2,,2,0.0,2
94.0,2,9.5318,2,33.2066,2,191.1,2,,2,0.11699999999999999,2,,2,0.0,2
95.0,2,9.5299,2,33.2147,2,190.4,2,,2,0.125,2,,2,0.0,2
96.0,2,9.5305,2,33.2192,2,190.1,2,,2,0.11800000000000001,2,,2,0.0,2
97.0,2,9.5275,2,33.2259,2,189.4,2,,2,0.11699999999999999,2,,2,0.0,2
98.0,2,9.525,2,33.2442,2,187.9,2,,2,0.11699999999999999,2,,2,0.0,2
99.0,2,9.5145,2,33.2803,2,185.8,2,,2,0.126,2,,2,0.0,2
100.0,2,9.4964,2,33.3075,2,183.8,2,,2,0.129,2,,2,0.0,2
101.0,2,9.4829,2,33.3259,2,182.4,2,,2,0.129,2,,2,0.0,2
102.0,2,9.4708,2,33.335,2,181.4,2,,2,0.13,2,,2,0.0,2
103.0,2,9.4527,2,33.3471,2,180.3,2,,2,0.12300000000000001,2,,2,0.0,2
104.0,2,9.4369,2,33.3614,2,177.7,2,,2,0.125,2,,2,0.0,2
105.0,2,9.408,2,33.3988,2,172.6,2,,2,0.11800000000000001,2,,2,0.0,2
106.0,2,9.3964,2,33.4084,2,170.2,2,,2,0.107,2,,2,0.0,2
107.0,2,9.383,2,33.4178,2,169.2,2,,2,0.11,2,,2,0.0,2
108.0,2,9.3563,2,33.4315,2,168.6,2,,2,0.107,2,,2,0.0,2
109.0,2,9.3167,2,33.451,2,167.9,2,,2,0.106,2,,2,0.0,2
110.0,2,9.2996,2,33.4608,2,166.2,2,,2,0.1,2,,2,0.0,2
111.0,2,9.2911,2,33.4654,2,165.0,2,,2,0.094,2,,2,0.0,2
112.0,2,9.2869,2,33.4673,2,164.0,2,,2,0.094,2,,2,0.0,2
113.0,2,9.2825,2,33.4695,2,163.4,2,,2,0.09300000000000001,2,,2,0.0,2
114.0,2,9.2794,2,33.4713,2,162.6,2,,2,0.09699999999999999,2,,2,0.0,2
115.0,2,9.2633,2,33.48,2,161.7,2,,2,0.09300000000000001,2,,2,0.0,2
115.8,2,9.249,2,33.4869,2,161.4,2,,2,0.087,2,,2,0.0,2
117.2,2,9.1989,2,33.5101,2,158.7,2,,2,0.09,2,,2,0.0,2
118.0,2,9.1698,2,33.5205,2,156.6,2,,2,0.086,2,,2,0.0,2
119.0,2,9.1449,2,33.5347,2,155.6,2,,2,0.085,2,,2,0.0,2
120.0,2,9.1433,2,33.5362,2,155.0,2,,2,0.086,2,,2,0.0,2
121.0,2,9.1302,2,33.5437,2,154.7,2,,2,0.087,2,,2,0.0,2
122.0,2,9.1115,2,33.5524,2,154.2,2,,2,0.08199999999999999,2,,2,0.0,2
123.0,2,9.081,2,33.5688,2,153.3,2,,2,0.08,2,,2,0.0,2
124.0,2,9.0546,2,33.5821,2,152.1,2,,2,0.077,2,,2,0.0,2
125.0,2,9.0403,2,33.5892,2,150.9,2,,2,0.076,2,,2,0.0,2
126.0,2,9.026,2,33.5972,2,150.0,2,,2,0.077,2,,2,0.0,2
127.0,2,9.0113,2,33.6052,2,149.3,2,,2,0.073,2,,2,0.0,2
128.0,2,9.0021,2,33.6072,2,149.2,2,,2,0.07400000000000001,2,,2,0.0,2
129.0,2,8.9937,2,33.6098,2,149.5,2,,2,0.073,2,,2,0.0,2
130.0,2,8.9846,2,33.6141,2,149.3,2,,2,0.075,2,,2,0.0,2
131.0,2,8.9778,2,33.6156,2,149.3,2,,2,0.075,2,,2,0.0,2
132.0,2,8.9453,2,33.6254,2,148.8,2,,2,0.075,2,,2,0.0,2
133.0,2,8.9415,2,33.6267,2,148.5,2,,2,0.07,2,,2,0.0,2
134.0,2,8.9357,2,33.6286,2,148.1,2,,2,0.07200000000000001,2,,2,0.0,2
135.0,2,8.9284,2,33.63,2,147.7,2,,2,0.071,2,,2,0.0,2
136.0,2,8.9273,2,33.6356,2,146.5,2,,2,0.073,2,,2,0.0,2
137.0,2,8.9346,2,33.641,2,144.8,2,,2,0.068,2,,2,0.0,2
138.1,2,8.9101,2,33.6579,2,142.5,2,,2,0.07,2,,2,0.0,2
139.0,2,8.8784,2,33.6645,2,141.7,2,,2,0.068,2,,2,0.0,2
140.0,2,8.8675,2,33.6655,2,141.8,2,,2,0.067,2,,2,0.0,2
141.0,2,8.8325,2,33.6721,2,141.9,2,,2,0.068,2,,2,0.0,2
142.0,2,8.8056,2,33.6786,2,141.6,2,,2,0.068,2,,2,0.0,2
143.0,2,8.7793,2,33.6863,2,141.0,2,,2,0.067,2,,2,0.0,2
144.0,2,8.7641,2,33.6967,2,140.0,2,,2,0.064,2,,2,0.0,2
145.0,2,8.73,2,33.7101,2,138.6,2,,2,0.064,2,,2,0.0,2
146.0,2,8.6953,2,33.7238,2,137.1,2,,2,0.064,2,,2,0.0,2
147.0,2,8.6933,2,33.7277,2,136.3,2,,2,0.062,2,,2,0.0,2
148.0,2,8.6901,2,33.7287,2,136.3,2,,2,0.063,2,,2,0.0,2
149.0,2,8.6848,2,33.7311,2,136.1,2,,2,0.063,2,,2,0.0,2
150.0,2,8.6825,2,33.7336,2,135.9,2,,2,0.062,2,,2,0.0,2
151.0,2,8.6792,2,33.7356,2,135.4,2,,2,0.061,2,,2,0.0,2
152.0,2,8.6782,2,33.7396,2,134.6,2,,2,0.061,2,,2,0.0,2
153.0,2,8.6751,2,33.747,2,133.1,2,,2,0.06,2,,2,0.0,2
154.0,2,8.6558,2,33.7591,2,131.3,2,,2,0.06,2,,2,0.0,2
155.0,2,8.6337,2,33.7623,2,130.8,2,,2,0.06,2,,2,0.0,2
156.1,2,8.6278,2,33.7656,2,129.6,2,,2,0.059000000000000004,2,,2,0.0,2
157.0,2,8.623,2,33.7754,2,127.4,2,,2,0.06,2,,2,0.0,2
158.0,2,8.5838,2,33.7751,2,126.5,2,,2,0.06,2,,2,0.0,2
159.0,2,8.56,2,33.7808,2,125.8,2,,2,0.06,2,,2,0.0,2
160.0,2,8.5429,2,33.7847,2,125.2,2,,2,0.06,2,,2,0.0,2
161.0,2,8.5247,2,33.7896,2,124.5,2,,2,0.061,2,,2,0.0,2
162.0,2,8.4991,2,33.7941,2,123.9,2,,2,0.061,2,,2,0.0,2
163.0,2,8.4744,2,33.7988,2,123.7,2,,2,0.059000000000000004,2,,2,0.0,2
164.0,2,8.4389,2,33.8063,2,123.2,2,,2,0.059000000000000004,2,,2,0.0,2
165.0,2,8.4087,2,33.8184,2,122.3,2,,2,0.059000000000000004,2,,2,0.0,2
166.0,2,8.3918,2,33.8219,2,121.6,2,,2,0.059000000000000004,2,,2,0.0,2
167.0,2,8.3678,2,33.8247,2,121.0,2,,2,0.059000000000000004,2,,2,0.0,2
168.0,2,8.3524,2,33.8278,2,120.5,2,,2,0.057999999999999996,2,,2,0.0,2
169.0,2,8.3534,2,33.829,2,119.8,2,,2,0.057,2,,2,0.0,2
170.0,2,8.3549,2,33.8322,2,119.1,2,,2,0.057999999999999996,2,,2,0.0,2
171.0,2,8.3486,2,33.8335,2,118.8,2,,2,0.055999999999999994,2,,2,0.0,2
171.8,2,8.3392,2,33.8345,2,119.1,2,,2,0.055999999999999994,2,,2,0.0,2
172.9,2,8.33,2,33.8341,2,120.1,2,,2,0.059000000000000004,2,,2,0.0,2
174.0,2,8.3147,2,33.8354,2,120.7,2,,2,0.059000000000000004,2,,2,0.0,2
175.0,2,8.2884,2,33.8385,2,121.0,2,,2,0.057,2,,2,0.0,2
176.0,2,8.2815,2,33.839,2,121.1,2,,2,0.057,2,,2,0.0,2
177.0,2,8.2768,2,33.8395,2,121.3,2,,2,0.057,2,,2,0.0,2
178.0,2,8.2751,2,33.8396,2,121.6,2,,2,0.057,2,,2,0.0,2
179.0,2,8.2726,2,33.8399,2,121.9,2,,2,0.057999999999999996,2,,2,0.0,2
179.9,2,8.2718,2,33.8401,2,121.9,2,,2,0.057999999999999996,2,,2,0.0,2
181.4,2,8.2684,2,33.8408,2,122.0,2,,2,0.057999999999999996,2,,2,0.0,2
181.9,2,8.2661,2,33.8414,2,122.0,2,,2,0.057,2,,2,0.0,2
183.0,2,8.2421,2,33.8423,2,123.5,2,,2,0.055999999999999994,2,,2,0.0,2
184.0,2,8.202,2,33.84,2,124.8,2,,2,0.055,2,,2,0.0,2
185.0,2,8.189,2,33.8439,2,124.8,2,,2,0.055,2,,2,0.0,2
186.0,2,8.1764,2,33.8459,2,124.8,2,,2,0.057,2,,2,0.0,2
187.0,2,8.1379,2,33.8432,2,125.4,2,,2,0.059000000000000004,2,,2,0.0,2
188.0,2,8.1305,2,33.8526,2,124.7,2,,2,0.064,2,,2,0.0,2
189.0,2,8.1302,2,33.8604,2,122.7,2,,2,0.057,2,,2,0.0,2
190.0,2,8.1144,2,33.8606,2,122.5,2,,2,0.057,2,,2,0.0,2
191.0,2,8.0947,2,33.8589,2,123.7,2,,2,0.057999999999999996,2,,2,0.0,2
192.0,2,8.0757,2,33.8605,2,124.4,2,,2,0.057999999999999996,2,,2,0.0,2
193.0,2,8.0661,2,33.8612,2,124.4,2,,2,0.057999999999999996,2,,2,0.0,2
194.0,2,8.0546,2,33.8626,2,124.9,2,,2,0.055999999999999994,2,,2,0.0,2
195.0,2,8.0139,2,33.8635,2,124.9,2,,2,0.057999999999999996,2,,2,0.0,2
196.1,2,7.9857,2,33.8781,2,123.7,2,,2,0.055999999999999994,2,,2,0.0,2
197.0,2,7.8857,2,33.8647,2,130.0,2,,2,0.055999999999999994,2,,2,0.0,2
198.0,2,7.7634,2,33.8441,2,139.4,2,,2,0.055999999999999994,2,,2,0.0,2
199.0,2,7.7315,2,33.8453,2,141.7,2,,2,0.055999999999999994,2,,2,0.0,2
200.0,2,7.7211,2,33.8483,2,140.7,2,,2,0.055,2,,2,0.0,2
201.0,2,7.7211,2,33.8545,2,138.4,2,,2,0.055999999999999994,2,,2,0.0,2
202.0,2,7.7107,2,33.856,2,137.2,2,,2,0.057,2,,2,0.0,2
203.0,2,7.6999,2,33.8548,2,137.4,2,,2,0.06,2,,2,0.0,2
204.0,2,7.6768,2,33.8519,2,138.4,2,,2,0.055999999999999994,2,,2,0.0,2
205.0,2,7.6659,2,33.8502,2,140.1,2,,2,0.055,2,,2,0.0,2
206.0,2,7.6311,2,33.8455,2,142.4,2,,2,0.055999999999999994,2,,2,0.0,2
207.0,2,7.6203,2,33.8456,2,143.8,2,,2,0.054000000000000006,2,,2,0.0,2
208.0,2,7.615,2,33.8463,2,144.1,2,,2,0.055999999999999994,2,,2,0.0,2
209.0,2,7.6121,2,33.8473,2,144.0,2,,2,0.055999999999999994,2,,2,0.0,2
210.0,2,7.6115,2,33.8484,2,143.7,2,,2,0.055,2,,2,0.0,2
211.0,2,7.6139,2,33.8515,2,143.3,2,,2,0.057999999999999996,2,,2,0.0,2
212.0,2,7.6143,2,33.8538,2,142.6,2,,2,0.057,2,,2,0.0,2
213.0,2,7.6061,2,33.8563,2,142.0,2,,2,0.055999999999999994,2,,2,0.0,2
214.0,2,7.5999,2,33.8577,2,141.5,2,,2,0.055999999999999994,2,,2,0.0,2
215.0,2,7.5978,2,33.8592,2,140.9,2,,2,0.059000000000000004,2,,2,0.0,2
216.0,2,7.5947,2,33.8603,2,140.5,2,,2,0.055999999999999994,2,,2,0.0,2
217.0,2,7.5902,2,33.8616,2,140.0,2,,2,0.055,2,,2,0.0,2
218.0,2,7.5895,2,33.861999999999995,2,139.5,2,,2,0.055999999999999994,2,,2,0.0,2
219.1,2,7.6021,2,33.8656,2,137.9,2,,2,0.055999999999999994,2,,2,0.0,2
220.0,2,7.6343,2,33.8774,2,133.5,2,,2,0.055999999999999994,2,,2,0.0,2
221.0,2,7.6367,2,33.882,2,129.8,2,,2,0.055999999999999994,2,,2,0.0,2
222.0,2,7.6717,2,33.8946,2,126.3,2,,2,0.057999999999999996,2,,2,0.0,2
223.0,2,7.6835,2,33.8995,2,123.8,2,,2,0.057,2,,2,0.0,2
224.0,2,7.6735,2,33.9002,2,122.9,2,,2,0.057999999999999996,2,,2,0.0,2
225.1,2,7.6633,2,33.9005,2,122.7,2,,2,0.055999999999999994,2,,2,0.0,2
226.0,2,7.6911,2,33.9106,2,118.9,2,,2,0.057,2,,2,0.0,2
226.9,2,7.6894,2,33.9164,2,115.9,2,,2,0.057,2,,2,0.0,2
228.0,2,7.6775,2,33.919000000000004,2,114.8,2,,2,0.057,2,,2,0.0,2
229.0,2,7.6753,2,33.9199,2,114.2,2,,2,0.055999999999999994,2,,2,0.0,2
230.0,2,7.669,2,33.9196,2,114.0,2,,2,0.057,2,,2,0.0,2
231.1,2,7.6522,2,33.9206,2,114.2,2,,2,0.057,2,,2,0.0,2
231.9,2,7.6354,2,33.9218,2,114.5,2,,2,0.055,2,,2,0.0,2
233.0,2,7.6068,2,33.9204,2,114.7,2,,2,0.057999999999999996,2,,2,0.0,2
234.0,2,7.6008,2,33.9235,2,114.3,2,,2,0.059000000000000004,2,,2,0.0,2
235.0,2,7.5824,2,33.9243,2,113.6,2,,2,0.057999999999999996,2,,2,0.0,2
235.9,2,7.5771,2,33.9262,2,113.0,2,,2,0.055,2,,2,0.0,2
237.0,2,7.5668,2,33.9267,2,112.6,2,,2,0.057,2,,2,0.0,2
238.0,2,7.5522,2,33.9279,2,111.6,2,,2,0.057,2,,2,0.0,2
239.0,2,7.5376,2,33.9299,2,110.6,2,,2,0.055999999999999994,2,,2,0.0,2
240.0,2,7.5315,2,33.9304,2,109.9,2,,2,0.06,2,,2,0.0,2
241.0,2,7.5278,2,33.9302,2,109.4,2,,2,0.059000000000000004,2,,2,0.0,2
241.8,2,7.5226,2,33.9299,2,109.0,2,,2,0.059000000000000004,2,,2,0.0,2
244.1,2,7.5152,2,33.9307,2,108.0,2,,2,0.057,2,,2,0.0,2
245.0,2,7.5105,2,33.9301,2,106.8,2,,2,0.057,2,,2,0.0,2
246.0,2,7.5031,2,33.9295,2,106.2,2,,2,0.059000000000000004,2,,2,0.0,2
247.0,2,7.4921,2,33.9287,2,105.8,2,,2,0.055999999999999994,2,,2,0.0,2
248.0,2,7.4857,2,33.9274,2,105.6,2,,2,0.057999999999999996,2,,2,0.0,2
248.9,2,7.4672,2,33.9275,2,105.3,2,,2,0.057999999999999996,2,,2,0.0,2
250.2,2,7.4351,2,33.9268,2,104.4,2,,2,0.055999999999999994,2,,2,0.0,2
251.0,2,7.4101,2,33.9284,2,103.2,2,,2,0.057999999999999996,2,,2,0.0,2
252.0,2,7.4012,2,33.9284,2,102.5,2,,2,0.057,2,,2,0.0,2
253.0,2,7.3949,2,33.9288,2,102.2,2,,2,0.057999999999999996,2,,2,0.0,2
254.0,2,7.3869,2,33.9291,2,102.0,2,,2,0.057,2,,2,0.0,2
254.7,2,7.3811,2,33.93,2,101.9,2,,2,0.057,2,,2,0.0,2
256.1,2,7.3331,2,33.9315,2,100.5,2,,2,0.057,2,,2,0.0,2
257.0,2,7.3353,2,33.9336,2,100.3,2,,2,0.057999999999999996,2,,2,0.0,2
258.0,2,7.3297,2,33.9344,2,100.4,2,,2,0.059000000000000004,2,,2,0.0,2
259.0,2,7.3285,2,33.9351,2,100.4,2,,2,0.057999999999999996,2,,2,0.0,2
260.0,2,7.3279,2,33.9363,2,100.6,2,,2,0.057999999999999996,2,,2,0.0,2
260.7,2,7.3268,2,33.9388,2,101.0,2,,2,0.055999999999999994,2,,2,0.0,2
262.1,2,7.3083,2,33.9428,2,102.2,2,,2,0.057999999999999996,2,,2,0.0,2
263.0,2,7.2873,2,33.945,2,102.5,2,,2,0.057,2,,2,0.0,2
264.0,2,7.2799,2,33.9457,2,102.1,2,,2,0.057,2,,2,0.0,2
265.0,2,7.2757,2,33.9458,2,101.7,2,,2,0.057999999999999996,2,,2,0.0,2
266.0,2,7.2732,2,33.9462,2,101.5,2,,2,0.06,2,,2,0.0,2
267.0,2,7.2677,2,33.9472,2,101.2,2,,2,0.057999999999999996,2,,2,0.0,2
268.0,2,7.2625,2,33.9482,2,101.1,2,,2,0.057,2,,2,0.0,2
269.0,2,7.2538,2,33.9489,2,100.6,2,,2,0.059000000000000004,2,,2,0.0,2
270.0,2,7.2464,2,33.9501,2,100.2,2,,2,0.06,2,,2,0.0,2
271.0,2,7.2428,2,33.9501,2,100.4,2,,2,0.057999999999999996,2,,2,0.0,2
272.0,2,7.237,2,33.9514,2,100.2,2,,2,0.057,2,,2,0.0,2
273.0,2,7.2343,2,33.9516,2,100.1,2,,2,0.057999999999999996,2,,2,0.0,2
274.0,2,7.2307,2,33.9519,2,100.0,2,,2,0.057999999999999996,2,,2,0.0,2
275.0,2,7.2278,2,33.9518,2,99.9,2,,2,0.057,2,,2,0.0,2
276.0,2,7.2227,2,33.9522,2,99.8,2,,2,0.057999999999999996,2,,2,0.0,2
276.5,2,7.2179,2,33.953,2,99.8,2,,2,0.057,2,,2,0.0,2
277.9,2,7.205,2,33.9527,2,99.5,2,,2,0.057999999999999996,2,,2,0.0,2
279.0,2,7.2015,2,33.9531,2,99.5,2,,2,0.057,2,,2,0.0,2
280.0,2,7.1997,2,33.953,2,99.5,2,,2,0.057,2,,2,0.0,2
281.0,2,7.194,2,33.9531,2,99.5,2,,2,0.059000000000000004,2,,2,0.0,2
282.0,2,7.1847,2,33.9537,2,99.4,2,,2,0.059000000000000004,2,,2,0.0,2
283.4,2,7.1789,2,33.9539,2,99.3,2,,2,0.06,2,,2,0.0,2
284.0,2,7.1701,2,33.9537,2,99.2,2,,2,0.059000000000000004,2,,2,0.0,2
285.0,2,7.1565,2,33.9541,2,98.9,2,,2,0.057,2,,2,0.0,2
286.0,2,7.1348,2,33.9543,2,98.7,2,,2,0.059000000000000004,2,,2,0.0,2
287.0,2,7.1184,2,33.9541,2,98.7,2,,2,0.057999999999999996,2,,2,0.0,2
288.0,2,7.1074,2,33.9539,2,98.5,2,,2,0.057999999999999996,2,,2,0.0,2
289.0,2,7.1064,2,33.9542,2,98.5,2,,2,0.057999999999999996,2,,2,0.0,2
290.0,2,7.1045,2,33.9546,2,98.4,2,,2,0.057,2,,2,0.0,2
290.9,2,7.1017,2,33.9551,2,98.5,2,,2,0.057999999999999996,2,,2,0.0,2
292.1,2,7.0928,2,33.955999999999996,2,98.1,2,,2,0.057999999999999996,2,,2,0.0,2
292.9,2,7.0931,2,33.9556,2,97.8,2,,2,0.059000000000000004,2,,2,0.0,2
294.0,2,7.0841,2,33.9563,2,97.5,2,,2,0.057999999999999996,2,,2,0.0,2
295.0,2,7.0713,2,33.9572,2,97.2,2,,2,0.059000000000000004,2,,2,0.0,2
296.0,2,7.068,2,33.957,2,97.1,2,,2,0.057999999999999996,2,,2,0.0,2
297.1,2,7.0655,2,33.9581,2,96.8,2,,2,0.057999999999999996,2,,2,0.0,2
297.6,2,7.0629,2,33.9594,2,96.7,2,,2,0.059000000000000004,2,,2,0.0,2
300.1,2,7.0619,2,33.9587,2,97.0,2,,2,0.059000000000000004,2,,2,0.0,2
301.0,2,7.0559,2,33.9595,2,97.0,2,,2,0.059000000000000004,2,,2,0.0,2
302.0,2,7.0447,2,33.9606,2,96.9,2,,2,0.06,2,,2,0.0,2
302.8,2,7.0456,2,33.9619,2,96.8,2,,2,0.059000000000000004,2,,2,0.0,2
305.1,2,7.0374,2,33.961,2,96.7,2,,2,0.057999999999999996,2,,2,0.0,2
306.0,2,7.0184,2,33.9615,2,96.8,2,,2,0.06,2,,2,0.0,2
307.0,2,7.0121,2,33.9614,2,96.6,2,,2,0.059000000000000004,2,,2,0.0,2
308.0,2,7.0102,2,33.9611,2,96.6,2,,2,0.057,2,,2,0.0,2
309.1,2,7.0047,2,33.9626,2,96.8,2,,2,0.059000000000000004,2,,2,0.0,2
310.0,2,7.0022,2,33.9621,2,96.7,2,,2,0.059000000000000004,2,,2,0.0,2
311.0,2,6.9992,2,33.9617,2,96.5,2,,2,0.057999999999999996,2,,2,0.0,2
312.0,2,6.9969,2,33.9618,2,96.5,2,,2,0.057,2,,2,0.0,2
313.0,2,6.9959,2,33.961999999999996,2,96.5,2,,2,0.057999999999999996,2,,2,0.0,2
314.0,2,6.9933,2,33.9622,2,96.2,2,,2,0.057,2,,2,0.0,2
315.0,2,6.9774,2,33.964,2,95.8,2,,2,0.057999999999999996,2,,2,0.0,2
315.9,2,6.9636,2,33.9626,2,95.0,2,,2,0.059000000000000004,2,,2,0.0,2
317.0,2,6.9553,2,33.9621,2,94.8,2,,2,0.057999999999999996,2,,2,0.0,2
318.0,2,6.9499,2,33.9621,2,94.7,2,,2,0.057999999999999996,2,,2,0.0,2
319.0,2,6.946000000000001,2,33.9622,2,94.6,2,,2,0.059000000000000004,2,,2,0.0,2
320.1,2,6.9419,2,33.9623,2,94.7,2,,2,0.059000000000000004,2,,2,0.0,2
321.0,2,6.9379,2,33.9629,2,94.5,2,,2,0.06,2,,2,0.0,2
322.0,2,6.9275,2,33.9625,2,94.1,2,,2,0.057999999999999996,2,,2,0.0,2
323.0,2,6.9134,2,33.9624,2,93.4,2,,2,0.059000000000000004,2,,2,0.0,2
324.0,2,6.8943,2,33.9621,2,92.6,2,,2,0.06,2,,2,0.0,2
324.8,2,6.8871,2,33.961999999999996,2,91.6,2,,2,0.059000000000000004,2,,2,0.0,2
326.1,2,6.8792,2,33.9636,2,89.4,2,,2,0.059000000000000004,2,,2,0.0,2
326.9,2,6.8773,2,33.9636,2,88.8,2,,2,0.057,2,,2,0.0,2
328.0,2,6.8766,2,33.964,2,88.3,2,,2,0.057999999999999996,2,,2,0.0,2
329.0,2,6.8768,2,33.9645,2,87.7,2,,2,0.059000000000000004,2,,2,0.0,2
330.0,2,6.877999999999999,2,33.9652,2,87.4,2,,2,0.059000000000000004,2,,2,0.0,2
331.0,2,6.8757,2,33.9655,2,87.1,2,,2,0.059000000000000004,2,,2,0.0,2
332.1,2,6.8725,2,33.9659,2,86.9,2,,2,0.057999999999999996,2,,2,0.0,2
332.9,2,6.8713,2,33.966,2,87.1,2,,2,0.06,2,,2,0.0,2
334.0,2,6.8719,2,33.9668,2,87.5,2,,2,0.059000000000000004,2,,2,0.0,2
335.0,2,6.874,2,33.9678,2,87.8,2,,2,0.059000000000000004,2,,2,0.0,2
336.0,2,6.8749,2,33.9685,2,87.9,2,,2,0.059000000000000004,2,,2,0.0,2
337.0,2,6.8743,2,33.9688,2,88.6,2,,2,0.059000000000000004,2,,2,0.0,2
338.0,2,6.8729,2,33.9692,2,89.2,2,,2,0.059000000000000004,2,,2,0.0,2
339.1,2,6.8601,2,33.97,2,90.4,2,,2,0.06,2,,2,0.0,2
340.0,2,6.8436,2,33.9692,2,92.2,2,,2,0.059000000000000004,2,,2,0.0,2
341.0,2,6.8287,2,33.9681,2,92.9,2,,2,0.059000000000000004,2,,2,0.0,2
342.0,2,6.8258,2,33.9684,2,93.0,2,,2,0.059000000000000004,2,,2,0.0,2
343.0,2,6.818,2,33.9682,2,92.8,2,,2,0.06,2,,2,0.0,2
344.0,2,6.8071,2,33.9686,2,92.1,2,,2,0.059000000000000004,2,,2,0.0,2
345.0,2,6.8083,2,33.9706,2,91.2,2,,2,0.059000000000000004,2,,2,0.0,2
346.0,2,6.8076,2,33.9713,2,90.6,2,,2,0.059000000000000004,2,,2,0.0,2
347.0,2,6.7991,2,33.9726,2,90.1,2,,2,0.059000000000000004,2,,2,0.0,2
348.0,2,6.778,2,33.9716,2,89.9,2,,2,0.057,2,,2,0.0,2
349.0,2,6.7508,2,33.9709,2,90.6,2,,2,0.059000000000000004,2,,2,0.0,2
350.0,2,6.7332,2,33.9691,2,91.8,2,,2,0.059000000000000004,2,,2,0.0,2
351.0,2,6.6769,2,33.9587,2,93.9,2,,2,0.059000000000000004,2,,2,0.0,2
351.7,2,6.6579,2,33.9563,2,95.0,2,,2,0.059000000000000004,2,,2,0.0,2
353.0,2,6.6629,2,33.9611,2,94.8,2,,2,0.059000000000000004,2,,2,0.0,2
354.0,2,6.6607,2,33.961999999999996,2,94.3,2,,2,0.06,2,,2,0.0,2
355.0,2,6.6515,2,33.9623,2,93.6,2,,2,0.06,2,,2,0.0,2
356.1,2,6.6474,2,33.9637,2,93.0,2,,2,0.059000000000000004,2,,2,0.0,2
356.9,2,6.6409,2,33.9646,2,92.5,2,,2,0.059000000000000004,2,,2,0.0,2
357.9,2,6.6264,2,33.9639,2,92.1,2,,2,0.059000000000000004,2,,2,0.0,2
359.0,2,6.6135,2,33.9635,2,92.4,2,,2,0.059000000000000004,2,,2,0.0,2
360.0,2,6.5982,2,33.961999999999996,2,92.8,2,,2,0.06,2,,2,0.0,2
361.1,2,6.5907,2,33.9611,2,93.1,2,,2,0.06,2,,2,0.0,2
362.0,2,6.5858,2,33.964,2,93.0,2,,2,0.059000000000000004,2,,2,0.0,2
362.9,2,6.5839,2,33.9638,2,92.6,2,,2,0.057999999999999996,2,,2,0.0,2
364.0,2,6.5602,2,33.9619,2,92.9,2,,2,0.059000000000000004,2,,2,0.0,2
365.0,2,6.4936,2,33.9564,2,93.9,2,,2,0.059000000000000004,2,,2,0.0,2
366.0,2,6.4827,2,33.9551,2,94.9,2,,2,0.059000000000000004,2,,2,0.0,2
367.0,2,6.4736,2,33.9539,2,95.6,2,,2,0.06,2,,2,0.0,2
367.7,2,6.4664,2,33.9539,2,95.6,2,,2,0.057,2,,2,0.0,2
369.2,2,6.4567,2,33.9542,2,95.3,2,,2,0.061,2,,2,0.0,2
370.0,2,6.4510000000000005,2,33.955,2,95.0,2,,2,0.06,2,,2,0.0,2
371.0,2,6.4462,2,33.9553,2,94.9,2,,2,0.06,2,,2,0.0,2
372.0,2,6.4434,2,33.9547,2,95.1,2,,2,0.057999999999999996,2,,2,0.0,2
373.0,2,6.4436,2,33.9546,2,95.3,2,,2,0.059000000000000004,2,,2,0.0,2
374.1,2,6.4443,2,33.9548,2,95.5,2,,2,0.059000000000000004,2,,2,0.0,2
374.9,2,6.4429,2,33.9549,2,95.8,2,,2,0.059000000000000004,2,,2,0.0,2
376.0,2,6.437,2,33.9543,2,96.0,2,,2,0.059000000000000004,2,,2,0.0,2
377.0,2,6.4377,2,33.9545,2,95.9,2,,2,0.059000000000000004,2,,2,0.0,2
378.0,2,6.4289,2,33.9538,2,96.4,2,,2,0.059000000000000004,2,,2,0.0,2
379.0,2,6.4095,2,33.9516,2,97.3,2,,2,0.059000000000000004,2,,2,0.0,2
380.0,2,6.3794,2,33.9473,2,98.7,2,,2,0.06,2,,2,0.0,2
381.0,2,6.3555,2,33.9446,2,100.1,2,,2,0.057999999999999996,2,,2,0.0,2
382.0,2,6.3301,2,33.9418,2,101.2,2,,2,0.06,2,,2,0.0,2
383.0,2,6.3139,2,33.9408,2,101.8,2,,2,0.057999999999999996,2,,2,0.0,2
384.0,2,6.3091,2,33.9407,2,102.1,2,,2,0.06,2,,2,0.0,2
385.0,2,6.3025,2,33.9401,2,102.4,2,,2,0.057999999999999996,2,,2,0.0,2
385.7,2,6.2964,2,33.9395,2,102.2,2,,2,0.057,2,,2,0.0,2
387.4,2,6.2806,2,33.94,2,101.3,2,,2,0.057999999999999996,2,,2,0.0,2
388.0,2,6.2457,2,33.9391,2,101.6,2,,2,0.057999999999999996,2,,2,0.0,2
389.0,2,6.2306,2,33.9381,2,102.1,2,,2,0.059000000000000004,2,,2,0.0,2
390.0,2,6.2126,2,33.9363,2,102.3,2,,2,0.057999999999999996,2,,2,0.0,2
391.0,2,6.211,2,33.9385,2,101.8,2,,2,0.059000000000000004,2,,2,0.0,2
392.0,2,6.2154,2,33.9401,2,100.7,2,,2,0.06,2,,2,0.0,2
393.0,2,6.2125,2,33.9411,2,100.0,2,,2,0.059000000000000004,2,,2,0.0,2
394.0,2,6.2,2,33.9402,2,99.6,2,,2,0.06,2,,2,0.0,2
395.0,2,6.1868,2,33.9389,2,100.4,2,,2,0.059000000000000004,2,,2,0.0,2
396.0,2,6.1745,2,33.9377,2,100.8,2,,2,0.057999999999999996,2,,2,0.0,2
397.0,2,6.1667,2,33.9375,2,100.9,2,,2,0.059000000000000004,2,,2,0.0,2
398.0,2,6.1624,2,33.9374,2,100.8,2,,2,0.06,2,,2,0.0,2
398.9,2,6.1546,2,33.9371,2,100.9,2,,2,0.06,2,,2,0.0,2
400.3,2,6.1395,2,33.9378,2,100.4,2,,2,0.059000000000000004,2,,2,0.0,2
401.0,2,6.1353,2,33.938,2,99.9,2,,2,0.059000000000000004,2,,2,0.0,2
402.0,2,6.1295,2,33.938,2,99.7,2,,2,0.06,2,,2,0.0,2
403.0,2,6.1239,2,33.9378,2,99.4,2,,2,0.059000000000000004,2,,2,0.0,2
404.0,2,6.1212,2,33.9376,2,99.5,2,,2,0.06,2,,2,0.0,2
405.0,2,6.1084,2,33.9361,2,100.1,2,,2,0.06,2,,2,0.0,2
406.0,2,6.1056,2,33.9364,2,100.2,2,,2,0.06,2,,2,0.0,2
407.0,2,6.1047,2,33.9376,2,99.7,2,,2,0.059000000000000004,2,,2,0.0,2
408.0,2,6.1043,2,33.9386,2,99.2,2,,2,0.06,2,,2,0.0,2
409.0,2,6.1141,2,33.9406,2,98.0,2,,2,0.059000000000000004,2,,2,0.0,2
410.0,2,6.1417,2,33.9478,2,95.0,2,,2,0.06,2,,2,0.0,2
411.0,2,6.1431,2,33.9511,2,92.7,2,,2,0.059000000000000004,2,,2,0.0,2
412.0,2,6.1411,2,33.9533,2,91.2,2,,2,0.057,2,,2,0.0,2
413.0,2,6.1364,2,33.9547,2,90.0,2,,2,0.059000000000000004,2,,2,0.0,2
414.0,2,6.1385,2,33.9579,2,89.0,2,,2,0.059000000000000004,2,,2,0.0,2
415.0,2,6.1401,2,33.9595,2,88.2,2,,2,0.059000000000000004,2,,2,0.0,2
416.0,2,6.1477,2,33.9627,2,86.9,2,,2,0.059000000000000004,2,,2,0.0,2
417.1,2,6.1466,2,33.9658,2,85.1,2,,2,0.059000000000000004,2,,2,0.0,2
418.0,2,6.1349,2,33.9709,2,82.3,2,,2,0.059000000000000004,2,,2,0.0,2
419.0,2,6.1245,2,33.9707,2,81.3,2,,2,0.06,2,,2,0.0,2
420.0,2,6.1121,2,33.9706,2,81.4,2,,2,0.061,2,,2,0.0,2
421.0,2,6.0998,2,33.9702,2,81.5,2,,2,0.06,2,,2,0.0,2
422.0,2,6.0899,2,33.9706,2,81.6,2,,2,0.059000000000000004,2,,2,0.0,2
423.0,2,6.0814,2,33.9717,2,81.3,2,,2,0.059000000000000004,2,,2,0.0,2
424.0,2,6.0642,2,33.9726,2,80.8,2,,2,0.06,2,,2,0.0,2
425.0,2,6.0428,2,33.9717,2,80.7,2,,2,0.06,2,,2,0.0,2
426.0,2,6.0295,2,33.9717,2,80.5,2,,2,0.059000000000000004,2,,2,0.0,2
427.0,2,6.0046,2,33.9702,2,80.5,2,,2,0.057999999999999996,2,,2,0.0,2
428.0,2,5.9795,2,33.9694,2,80.6,2,,2,0.06,2,,2,0.0,2
429.0,2,5.9641,2,33.9708,2,80.5,2,,2,0.059000000000000004,2,,2,0.0,2
430.0,2,5.9578,2,33.9717,2,80.2,2,,2,0.059000000000000004,2,,2,0.0,2
431.0,2,5.9506,2,33.9713,2,80.0,2,,2,0.059000000000000004,2,,2,0.0,2
432.0,2,5.9406,2,33.972,2,79.4,2,,2,0.059000000000000004,2,,2,0.0,2
433.0,2,5.9239,2,33.9724,2,79.2,2,,2,0.06,2,,2,0.0,2
434.0,2,5.8717,2,33.9711,2,79.4,2,,2,0.059000000000000004,2,,2,0.0,2
435.0,2,5.8303,2,33.9691,2,79.2,2,,2,0.057999999999999996,2,,2,0.0,2
436.0,2,5.8292,2,33.9686,2,79.0,2,,2,0.059000000000000004,2,,2,0.0,2
437.0,2,5.8231,2,33.9693,2,78.9,2,,2,0.059000000000000004,2,,2,0.0,2
438.0,2,5.8144,2,33.9699,2,79.1,2,,2,0.06,2,,2,0.0,2
439.0,2,5.8024,2,33.9707,2,78.5,2,,2,0.06,2,,2,0.0,2
440.0,2,5.7879,2,33.9707,2,78.1,2,,2,0.059000000000000004,2,,2,0.0,2
441.0,2,5.7668,2,33.9721,2,77.9,2,,2,0.059000000000000004,2,,2,0.0,2
442.0,2,5.7617,2,33.9726,2,76.9,2,,2,0.059000000000000004,2,,2,0.0,2
443.0,2,5.7387,2,33.9763,2,76.1,2,,2,0.057999999999999996,2,,2,0.0,2
444.0,2,5.7139999999999995,2,33.9771,2,74.7,2,,2,0.06,2,,2,0.0,2
445.0,2,5.7010000000000005,2,33.9802,2,73.4,2,,2,0.059000000000000004,2,,2,0.0,2
446.0,2,5.6852,2,33.9823,2,72.6,2,,2,0.059000000000000004,2,,2,0.0,2
447.0,2,5.6745,2,33.9834,2,71.7,2,,2,0.059000000000000004,2,,2,0.0,2
448.0,2,5.6684,2,33.9851,2,71.2,2,,2,0.059000000000000004,2,,2,0.0,2
449.0,2,5.6619,2,33.9851,2,70.7,2,,2,0.06,2,,2,0.0,2
450.0,2,5.6353,2,33.9878,2,70.0,2,,2,0.06,2,,2,0.0,2
451.0,2,5.6269,2,33.9892,2,69.3,2,,2,0.06,2,,2,0.0,2
452.0,2,5.6226,2,33.9889,2,69.0,2,,2,0.06,2,,2,0.0,2
453.0,2,5.6156,2,33.9889,2,69.0,2,,2,0.06,2,,2,0.0,2
454.0,2,5.6058,2,33.9896,2,68.6,2,,2,0.06,2,,2,0.0,2
454.7,2,5.5917,2,33.9932,2,68.4,2,,2,0.059000000000000004,2,,2,0.0,2
456.3,2,5.5871,2,33.994,2,67.6,2,,2,0.059000000000000004,2,,2,0.0,2
457.0,2,5.5842,2,33.9955,2,66.8,2,,2,0.06,2,,2,0.0,2
458.0,2,5.5719,2,33.9975,2,65.9,2,,2,0.059000000000000004,2,,2,0.0,2
459.0,2,5.5667,2,33.9979,2,65.3,2,,2,0.059000000000000004,2,,2,0.0,2
460.0,2,5.5542,2,33.9988,2,64.8,2,,2,0.057999999999999996,2,,2,0.0,2
461.0,2,5.5309,2,33.9989,2,64.3,2,,2,0.059000000000000004,2,,2,0.0,2
462.0,2,5.5151,2,33.9991,2,63.9,2,,2,0.059000000000000004,2,,2,0.0,2
463.0,2,5.4996,2,33.9989,2,63.5,2,,2,0.059000000000000004,2,,2,0.0,2
464.0,2,5.4853,2,33.9983,2,63.3,2,,2,0.059000000000000004,2,,2,0.0,2
465.0,2,5.4635,2,33.9973,2,63.5,2,,2,0.06,2,,2,0.0,2
466.0,2,5.443,2,33.9966,2,63.9,2,,2,0.06,2,,2,0.0,2
467.0,2,5.417999999999999,2,33.9958,2,63.8,2,,2,0.059000000000000004,2,,2,0.0,2
468.0,2,5.3946,2,33.9951,2,63.8,2,,2,0.06,2,,2,0.0,2
469.0,2,5.3644,2,33.9946,2,63.8,2,,2,0.06,2,,2,0.0,2
470.0,2,5.3496,2,33.9948,2,63.4,2,,2,0.06,2,,2,0.0,2
471.0,2,5.3306,2,33.9957,2,63.0,2,,2,0.06,2,,2,0.0,2
472.0,2,5.3195,2,33.9978,2,62.4,2,,2,0.061,2,,2,0.0,2
473.0,2,5.3031,2,33.9995,2,62.1,2,,2,0.06,2,,2,0.0,2
474.0,2,5.2894,2,33.9993,2,61.8,2,,2,0.06,2,,2,0.0,2
475.0,2,5.2765,2,33.9969,2,61.8,2,,2,0.06,2,,2,0.0,2
475.6,2,5.2742,2,33.9979,2,61.9,2,,2,0.06,2,,2,0.0,2
477.0,2,5.2384,2,33.997,2,61.9,2,,2,0.06,2,,2,0.0,2
478.0,2,5.2258,2,33.9983,2,61.7,2,,2,0.06,2,,2,0.0,2
479.0,2,5.2102,2,33.999,2,60.9,2,,2,0.059000000000000004,2,,2,0.0,2
480.0,2,5.1988,2,34.0015,2,60.3,2,,2,0.059000000000000004,2,,2,0.0,2
481.0,2,5.1717,2,34.0002,2,60.3,2,,2,0.06,2,,2,0.0,2
482.1,2,5.1502,2,33.9956,2,60.8,2,,2,0.06,2,,2,0.0,2
483.0,2,5.1096,2,33.9932,2,61.9,2,,2,0.06,2,,2,0.0,2
484.0,2,5.0749,2,33.9908,2,62.8,2,,2,0.06,2,,2,0.0,2
485.0,2,5.0581,2,33.9895,2,62.3,2,,2,0.06,2,,2,0.0,2
486.0,2,5.0366,2,33.9882,2,62.2,2,,2,0.06,2,,2,0.0,2
487.0,2,5.0056,2,33.9863,2,62.3,2,,2,0.06,2,,2,0.0,2
488.0,2,4.9691,2,33.9838,2,62.9,2,,2,0.06,2,,2,0.0,2
489.0,2,4.9484,2,33.9832,2,63.2,2,,2,0.059000000000000004,2,,2,0.0,2
490.0,2,4.9447,2,33.9846,2,62.8,2,,2,0.06,2,,2,0.0,2
491.0,2,4.9419,2,33.9849,2,62.6,2,,2,0.06,2,,2,0.0,2
492.0,2,4.9319999999999995,2,33.9889,2,61.9,2,,2,0.06,2,,2,0.0,2
493.1,2,4.9224,2,33.995,2,60.0,2,,2,0.06,2,,2,0.0,2
494.0,2,4.9091,2,33.9978,2,58.4,2,,2,0.059000000000000004,2,,2,0.0,2
495.0,2,4.9191,2,34.005,2,56.8,2,,2,0.06,2,,2,0.0,2
496.0,2,4.9232,2,34.0063,2,55.7,2,,2,0.06,2,,2,0.0,2
497.0,2,4.9295,2,34.008,2,55.1,2,,2,0.06,2,,2,0.0,2
498.0,2,4.9319999999999995,2,34.0088,2,55.0,2,,2,0.06,2,,2,0.0,2
498.9,2,4.9366,2,34.0101,2,55.2,2,,2,0.06,2,,2,0.0,2
500.3,2,4.9371,2,34.0104,2,55.2,2,,2,0.06,2,,2,0.0,2
500.8,2,4.9368,2,34.0113,2,55.4,2,,2,0.059000000000000004,2,,2,0.0,2
END_DATA
