CTD,20190304CCHSIOLMM
#---------------------------------------------------------------------------------------------------,,,,,,,,,,,,,,,,,,
#Fluorescence and PAR data are nominal and unedited except that some records were removed in editing temperature and salinity and a large spike in fluorescence was removed from file 0032.,,,,,,,,,,,,,,,,,,
#---------------------------------------------------------------------------------------------------,,,,,,,,,,,,,,,,,,
#The Transmissivity channel was removed because of frequent shifts in values during casts and large variations between values during repeat casts.,,,,,,,,,,,,,,,,,,
#The data are available by request from the chief scientist.,,,,,,,,,,,,,,,,,,
#---------------------------------------------------------------------------------------------------,,,,,,,,,,,,,,,,,,
#NOTE: While the Fluorescence:CTD data are expressed in concentration units they do not always compare well to extracted chlorophyll samples particularly for casts far from shore.,,,,,,,,,,,,,,,,,,
#It is recommended that users check extracted chlorophyll values where available.,,,,,,,,,,,,,,,,,,
#---------------------------------------------------------------------------------------------------,,,,,,,,,,,,,,,,,,
#Oxygen:Dissolved:CTD was calibrated using the method described in the Sea-Bird Application Note #64-2 of June 2012 (Sea-Bird_64-2_Jun2012.pdf) except that a small offset in the fit was allowed.,,,,,,,,,,,,,,,,,,
#,,,,,,,,,,,,,,,,,,
#"The Dissolved Oxygen sensor used in files 0001, 0002 and 0016 malfunctioned so the Oxygen:Dissolved:CTD channels were removed from those files.",,,,,,,,,,,,,,,,,,
#,,,,,,,,,,,,,,,,,,
#The Oxygen:Dissolved:CTD sensor has a fairly long response time so data accuracy is not as high when it is in motion as it is during stops for bottles.,,,,,,,,,,,,,,,,,,
#This will be especially true when vertical dissolved oxygen gradients are large. ,,,,,,,,,,,,,,,,,,
#To get an estimate of the accuracy of the Oxygen:Dissolved:CTD data during downcasts (after recalibration) a rough comparison was made between downcast Oxygen:Dissolved:CTD data and upcast titrated samples. ,,,,,,,,,,,,,,,,,,
#Some of the difference will be due to problems with flushing of Niskin bottles and/or analysis errors so the following statement likely underestimates Oxygen:Dissolved:CTD accuracy.,,,,,,,,,,,,,,,,,,
#,,,,,,,,,,,,,,,,,,
#Downcast (CTD files) Oxygen:Dissolved:CTD data are considered very roughly to be:,,,,,,,,,,,,,,,,,,
#      • ±0.25 ml/l from 0 to 125 dbar,,,,,,,,,,,,,,,,,,
#      • ±0.2 ml/l from 125 to 400 dbar,,,,,,,,,,,,,,,,,,
#      • ±0.1 ml/l from 400 to 600 dbar,,,,,,,,,,,,,,,,,,
#      • ±0.05 ml/l from 600 to 1500 dbar,,,,,,,,,,,,,,,,,,
#      • Low by up to 0.08 ml/l below 1500 dbar,,,,,,,,,,,,,,,,,,
#---------------------------------------------------------------------------------------------------,,,,,,,,,,,,,,,,,,
#For details on the processing see the report 2017-01-proc.pdf,,,,,,,,,,,,,,,,,,
#---------------------------------------------------------------------------------------------------,,,,,,,,,,,,,,,,,,
#,,,,,,,,,,,,,,,,,,
#File Name,Zone,FIL:START TIME YYYY/MM/DD, HH:MM,LOC:EVENT_NUMBER,LOC:LATITUDE,LOC:LONGITUDE,LOC:STATION,INS:LOCATION,Pressure:CTD [dbar],Temperature:CTD [deg_C_(ITS90)],Salinity:CTD [PSS-78],Sigma-t:CTD [kg/m^3],Transmissivity:CTD [*/m],Oxygen:Dissolved:CTD:Volume [ml/l],Oxygen:Dissolved:CTD:Mass [µmol/kg],Fluorescence:CTD:Seapoint [mg/m^3],Fluorescence:CTD:Wetlabs [mg/m^3],PAR:CTD [µE/m^2/sec]
#,,,,,,,,,,,,,,,,,,
NUMBER_HEADERS = 8
EXPOCODE = 18DD20170205
STNBR = P16
CASTNO = 3
DATE = 20170216
TIME =  03:08
LATITUDE = 49.283159999999995
LONGITUDE = -134.66566
CTDPRS,CTDPRS_FLAG_W,CTDTMP,CTDTMP_FLAG_W,CTDSAL,CTDSAL_FLAG_W,CTDOXY,CTDOXY_FLAG_W,CTDXMISS,CTDXMISS_FLAG_W,CTDFLUOR,CTDFLUOR_FLAG_W,CTDFLUOR_TSG,CTDFLUOR_TSG_FLAG_W,PAR,PAR_FLAG_W
DBAR,,ITS-90,,PSS-78,,UMOL/KG,,,,MG/M^3,,MG/M^3,,UE/m^2/sec,
1.1,2,7.2981,2,32.5282,2,294.8,2,,2,1.051,2,,2,,2
2.0,2,7.2983,2,32.5281,2,294.6,2,,2,1.035,2,,2,,2
3.1,2,7.2984,2,32.5283,2,295.1,2,,2,1.008,2,,2,,2
3.9,2,7.2989,2,32.5282,2,296.1,2,,2,1.043,2,,2,,2
5.0,2,7.2994,2,32.5284,2,295.7,2,,2,1.026,2,,2,,2
6.0,2,7.2994,2,32.5285,2,295.9,2,,2,1.025,2,,2,,2
6.9,2,7.2986,2,32.5287,2,295.6,2,,2,1.034,2,,2,,2
8.0,2,7.2989999999999995,2,32.5286,2,294.5,2,,2,1.024,2,,2,,2
9.0,2,7.2995,2,32.5287,2,294.8,2,,2,1.023,2,,2,,2
10.0,2,7.3002,2,32.5286,2,295.3,2,,2,1.011,2,,2,,2
11.1,2,7.3004,2,32.5286,2,295.4,2,,2,1.015,2,,2,,2
12.0,2,7.2989999999999995,2,32.5288,2,295.7,2,,2,1.015,2,,2,,2
12.9,2,7.2977,2,32.5288,2,296.1,2,,2,1.005,2,,2,,2
14.0,2,7.2837,2,32.529,2,295.2,2,,2,0.953,2,,2,,2
14.8,2,7.2817,2,32.5289,2,295.1,2,,2,0.965,2,,2,,2
16.0,2,7.2748,2,32.5294,2,295.4,2,,2,0.987,2,,2,,2
16.7,2,7.2693,2,32.5295,2,295.9,2,,2,0.9670000000000001,2,,2,,2
18.0,2,7.2539,2,32.5301,2,296.6,2,,2,0.9620000000000001,2,,2,,2
19.3,2,7.2518,2,32.5298,2,295.3,2,,2,0.986,2,,2,,2
20.0,2,7.2516,2,32.5299,2,295.3,2,,2,0.986,2,,2,,2
21.0,2,7.2512,2,32.5298,2,295.3,2,,2,0.9740000000000001,2,,2,,2
21.6,2,7.2508,2,32.5298,2,295.6,2,,2,0.9890000000000001,2,,2,,2
23.3,2,7.2505,2,32.5298,2,295.4,2,,2,0.996,2,,2,,2
24.0,2,7.2503,2,32.5299,2,295.0,2,,2,0.992,2,,2,,2
25.0,2,7.2501,2,32.5301,2,295.0,2,,2,0.996,2,,2,,2
26.0,2,7.2492,2,32.53,2,295.5,2,,2,1.012,2,,2,,2
26.8,2,7.2486,2,32.5303,2,295.7,2,,2,0.9840000000000001,2,,2,,2
28.0,2,7.2484,2,32.5301,2,295.5,2,,2,1.016,2,,2,,2
29.0,2,7.2484,2,32.53,2,295.3,2,,2,1.0290000000000001,2,,2,,2
30.0,2,7.2471,2,32.5302,2,294.9,2,,2,1.01,2,,2,,2
31.0,2,7.2457,2,32.5303,2,295.5,2,,2,1.0270000000000001,2,,2,,2
32.0,2,7.2457,2,32.5301,2,295.0,2,,2,1.042,2,,2,,2
33.0,2,7.2457,2,32.5301,2,294.7,2,,2,1.024,2,,2,,2
33.9,2,7.2455,2,32.5303,2,295.3,2,,2,1.046,2,,2,,2
34.9,2,7.2456,2,32.5301,2,295.0,2,,2,1.042,2,,2,,2
36.0,2,7.2456,2,32.5302,2,294.1,2,,2,1.0290000000000001,2,,2,,2
37.0,2,7.2459,2,32.5301,2,294.2,2,,2,1.053,2,,2,,2
38.0,2,7.2454,2,32.5305,2,294.3,2,,2,1.0490000000000002,2,,2,,2
39.0,2,7.2448,2,32.5308,2,294.6,2,,2,1.053,2,,2,,2
39.9,2,7.2448,2,32.5306,2,294.3,2,,2,1.074,2,,2,,2
41.0,2,7.2446,2,32.5309,2,294.6,2,,2,1.046,2,,2,,2
42.0,2,7.2443,2,32.531,2,294.9,2,,2,1.046,2,,2,,2
43.0,2,7.2444,2,32.5312,2,294.8,2,,2,1.043,2,,2,,2
44.0,2,7.2441,2,32.5314,2,294.8,2,,2,1.026,2,,2,,2
45.0,2,7.2434,2,32.5318,2,294.9,2,,2,0.9990000000000001,2,,2,,2
46.1,2,7.2433,2,32.5317,2,295.0,2,,2,1.003,2,,2,,2
47.0,2,7.2425,2,32.5319,2,294.8,2,,2,1.001,2,,2,,2
48.0,2,7.2416,2,32.5321,2,294.3,2,,2,0.996,2,,2,,2
49.0,2,7.2408,2,32.5322,2,293.7,2,,2,0.98,2,,2,,2
50.0,2,7.2404,2,32.5324,2,294.0,2,,2,0.971,2,,2,,2
51.1,2,7.2403,2,32.5325,2,294.8,2,,2,0.946,2,,2,,2
52.0,2,7.2408,2,32.5324,2,295.2,2,,2,0.943,2,,2,,2
53.0,2,7.2413,2,32.5322,2,295.0,2,,2,0.9590000000000001,2,,2,,2
54.0,2,7.2410000000000005,2,32.5324,2,295.0,2,,2,0.956,2,,2,,2
55.0,2,7.2401,2,32.5326,2,294.7,2,,2,0.938,2,,2,,2
56.0,2,7.2396,2,32.5325,2,294.9,2,,2,0.945,2,,2,,2
57.0,2,7.2385,2,32.5328,2,294.6,2,,2,0.948,2,,2,,2
58.1,2,7.2366,2,32.5331,2,295.0,2,,2,0.9109999999999999,2,,2,,2
59.0,2,7.2366,2,32.5331,2,294.8,2,,2,0.922,2,,2,,2
60.0,2,7.2353,2,32.5332,2,294.3,2,,2,0.899,2,,2,,2
61.0,2,7.2352,2,32.5333,2,293.9,2,,2,0.888,2,,2,,2
62.0,2,7.2343,2,32.5336,2,294.2,2,,2,0.877,2,,2,,2
63.0,2,7.2334,2,32.5339,2,294.6,2,,2,0.868,2,,2,,2
63.9,2,7.2337,2,32.5337,2,294.3,2,,2,0.8740000000000001,2,,2,,2
65.0,2,7.234,2,32.5337,2,294.0,2,,2,0.858,2,,2,,2
66.0,2,7.2339,2,32.5339,2,294.1,2,,2,0.855,2,,2,,2
67.0,2,7.2338,2,32.5339,2,293.7,2,,2,0.8490000000000001,2,,2,,2
68.1,2,7.2335,2,32.534,2,293.6,2,,2,0.833,2,,2,,2
69.0,2,7.2332,2,32.5342,2,294.5,2,,2,0.845,2,,2,,2
70.0,2,7.2329,2,32.5344,2,293.9,2,,2,0.8140000000000001,2,,2,,2
71.0,2,7.2327,2,32.5346,2,294.0,2,,2,0.818,2,,2,,2
72.0,2,7.2326,2,32.5348,2,293.9,2,,2,0.8220000000000001,2,,2,,2
73.0,2,7.2326,2,32.5349,2,293.9,2,,2,0.7879999999999999,2,,2,,2
74.0,2,7.2322,2,32.5351,2,293.7,2,,2,0.775,2,,2,,2
75.0,2,7.2323,2,32.5351,2,294.0,2,,2,0.774,2,,2,,2
76.0,2,7.2321,2,32.5353,2,294.1,2,,2,0.773,2,,2,,2
77.0,2,7.2318,2,32.5359,2,293.6,2,,2,0.7809999999999999,2,,2,,2
78.0,2,7.2316,2,32.5364,2,293.6,2,,2,0.769,2,,2,,2
79.0,2,7.2313,2,32.5368,2,293.2,2,,2,0.767,2,,2,,2
80.1,2,7.2311,2,32.537,2,293.6,2,,2,0.745,2,,2,,2
81.0,2,7.2312,2,32.537,2,293.6,2,,2,0.755,2,,2,,2
82.0,2,7.2312,2,32.5377,2,293.7,2,,2,0.733,2,,2,,2
83.0,2,7.231,2,32.5382,2,293.7,2,,2,0.7290000000000001,2,,2,,2
84.0,2,7.2311,2,32.5389,2,293.3,2,,2,0.736,2,,2,,2
85.0,2,7.2309,2,32.5401,2,293.3,2,,2,0.72,2,,2,,2
86.0,2,7.2309,2,32.5406,2,293.3,2,,2,0.7170000000000001,2,,2,,2
87.0,2,7.2313,2,32.5408,2,292.9,2,,2,0.75,2,,2,,2
88.0,2,7.232,2,32.5419,2,292.9,2,,2,0.6920000000000001,2,,2,,2
89.0,2,7.2326,2,32.5424,2,292.9,2,,2,0.682,2,,2,,2
90.0,2,7.2337,2,32.5436,2,292.9,2,,2,0.69,2,,2,,2
91.0,2,7.2346,2,32.5457,2,292.6,2,,2,0.674,2,,2,,2
92.0,2,7.2445,2,32.5596,2,290.7,2,,2,0.657,2,,2,,2
93.1,2,7.2608,2,32.5785,2,287.7,2,,2,0.607,2,,2,,2
94.1,2,7.2635,2,32.5805,2,287.1,2,,2,0.621,2,,2,,2
95.0,2,7.2785,2,32.6027,2,284.5,2,,2,0.603,2,,2,,2
96.0,2,7.2953,2,32.6253,2,279.7,2,,2,0.544,2,,2,,2
97.0,2,7.3420000000000005,2,32.6907,2,270.4,2,,2,0.495,2,,2,,2
98.0,2,7.4218,2,32.802,2,256.9,2,,2,0.402,2,,2,,2
98.9,2,7.4914,2,32.9117,2,245.3,2,,2,0.32,2,,2,,2
101.4,2,7.5522,2,33.03,2,238.1,2,,2,0.243,2,,2,,2
102.0,2,7.5572,2,33.0691,2,225.0,2,,2,0.21600000000000003,2,,2,,2
103.0,2,7.5439,2,33.1059,2,213.2,2,,2,0.168,2,,2,,2
104.0,2,7.5431,2,33.1134,2,210.3,2,,2,0.142,2,,2,,2
105.0,2,7.5345,2,33.1347,2,210.3,2,,2,0.12300000000000001,2,,2,,2
106.0,2,7.5295,2,33.1525,2,211.8,2,,2,0.11699999999999999,2,,2,,2
107.4,2,7.4989,2,33.1868,2,213.5,2,,2,0.127,2,,2,,2
108.0,2,7.4648,2,33.2365,2,207.8,2,,2,0.124,2,,2,,2
109.0,2,7.4502,2,33.2607,2,199.9,2,,2,0.11,2,,2,,2
110.0,2,7.4268,2,33.2831,2,194.7,2,,2,0.1,2,,2,,2
111.0,2,7.4087,2,33.3003,2,190.7,2,,2,0.098,2,,2,,2
111.5,2,7.399,2,33.3108,2,189.4,2,,2,0.095,2,,2,,2
114.0,2,7.3626,2,33.3527,2,188.7,2,,2,0.083,2,,2,,2
115.0,2,7.3321,2,33.3868,2,182.5,2,,2,0.079,2,,2,,2
116.0,2,7.3261,2,33.3944,2,181.3,2,,2,0.077,2,,2,,2
117.0,2,7.3146,2,33.4085,2,181.0,2,,2,0.07400000000000001,2,,2,,2
118.0,2,7.2959,2,33.4302,2,180.2,2,,2,0.081,2,,2,,2
119.1,2,7.2755,2,33.4517,2,179.3,2,,2,0.069,2,,2,,2
120.0,2,7.2436,2,33.4894,2,177.7,2,,2,0.066,2,,2,,2
121.0,2,7.2028,2,33.5282,2,175.4,2,,2,0.066,2,,2,,2
122.1,2,7.1666,2,33.5508,2,173.5,2,,2,0.069,2,,2,,2
123.0,2,7.1565,2,33.5563,2,172.0,2,,2,0.067,2,,2,,2
124.0,2,7.1461,2,33.5625,2,171.1,2,,2,0.068,2,,2,,2
125.0,2,7.1377,2,33.5671,2,170.4,2,,2,0.065,2,,2,,2
126.0,2,7.1315,2,33.5705,2,169.8,2,,2,0.066,2,,2,,2
127.0,2,7.1111,2,33.5795,2,168.9,2,,2,0.065,2,,2,,2
128.0,2,7.0924,2,33.5891,2,167.5,2,,2,0.065,2,,2,,2
129.0,2,7.0872,2,33.5902,2,166.9,2,,2,0.067,2,,2,,2
130.0,2,7.0782,2,33.5936,2,165.3,2,,2,0.068,2,,2,,2
131.0,2,7.0385,2,33.6072,2,163.4,2,,2,0.065,2,,2,,2
132.0,2,7.0186,2,33.6176,2,161.9,2,,2,0.067,2,,2,,2
133.0,2,7.0093,2,33.6248,2,160.9,2,,2,0.067,2,,2,,2
134.1,2,6.9891,2,33.6342,2,160.2,2,,2,0.064,2,,2,,2
134.8,2,6.9745,2,33.6417,2,160.0,2,,2,0.064,2,,2,,2
136.1,2,6.9462,2,33.6567,2,159.3,2,,2,0.065,2,,2,,2
137.0,2,6.9271,2,33.6615,2,157.3,2,,2,0.065,2,,2,,2
138.0,2,6.9127,2,33.6674,2,156.6,2,,2,0.064,2,,2,,2
139.0,2,6.9112,2,33.6678,2,156.2,2,,2,0.062,2,,2,,2
140.0,2,6.9051,2,33.6707,2,156.1,2,,2,0.064,2,,2,,2
141.0,2,6.8983,2,33.673,2,156.0,2,,2,0.065,2,,2,,2
142.0,2,6.894,2,33.6749,2,155.6,2,,2,0.062,2,,2,,2
143.0,2,6.8809,2,33.6812,2,155.1,2,,2,0.061,2,,2,,2
143.9,2,6.8641,2,33.6887,2,155.1,2,,2,0.062,2,,2,,2
146.1,2,6.8156,2,33.7099,2,153.8,2,,2,0.062,2,,2,,2
147.0,2,6.7972,2,33.715,2,152.8,2,,2,0.064,2,,2,,2
148.0,2,6.7923,2,33.7163,2,152.4,2,,2,0.065,2,,2,,2
149.0,2,6.7842,2,33.7208,2,152.4,2,,2,0.063,2,,2,,2
150.3,2,6.7791,2,33.7251,2,152.5,2,,2,0.061,2,,2,,2
151.0,2,6.7664,2,33.7279,2,152.0,2,,2,0.064,2,,2,,2
152.0,2,6.7495,2,33.7315,2,151.0,2,,2,0.062,2,,2,,2
153.0,2,6.7183,2,33.7379,2,149.7,2,,2,0.063,2,,2,,2
154.0,2,6.6557,2,33.7507,2,148.3,2,,2,0.06,2,,2,,2
155.0,2,6.6370000000000005,2,33.7543,2,147.2,2,,2,0.061,2,,2,,2
156.0,2,6.6301,2,33.754,2,146.6,2,,2,0.061,2,,2,,2
156.8,2,6.6217,2,33.7581,2,146.6,2,,2,0.062,2,,2,,2
157.6,2,6.6062,2,33.7625,2,147.0,2,,2,0.068,2,,2,,2
159.1,2,6.5452,2,33.7708,2,146.0,2,,2,0.062,2,,2,,2
160.0,2,6.5169,2,33.775999999999996,2,144.6,2,,2,0.062,2,,2,,2
161.0,2,6.5079,2,33.7773,2,143.8,2,,2,0.064,2,,2,,2
162.0,2,6.4924,2,33.7784,2,143.3,2,,2,0.061,2,,2,,2
163.0,2,6.4581,2,33.7839,2,143.1,2,,2,0.061,2,,2,,2
165.4,2,6.4292,2,33.7907,2,143.2,2,,2,0.061,2,,2,,2
166.0,2,6.4072,2,33.7927,2,142.0,2,,2,0.061,2,,2,,2
167.0,2,6.3899,2,33.7942,2,140.6,2,,2,0.062,2,,2,,2
168.0,2,6.3836,2,33.7947,2,140.2,2,,2,0.061,2,,2,,2
169.0,2,6.3817,2,33.7947,2,140.0,2,,2,0.065,2,,2,,2
170.0,2,6.376,2,33.7953,2,139.9,2,,2,0.061,2,,2,,2
171.0,2,6.3702,2,33.7963,2,140.1,2,,2,0.061,2,,2,,2
173.2,2,6.3573,2,33.7987,2,139.1,2,,2,0.064,2,,2,,2
174.0,2,6.2994,2,33.8054,2,138.0,2,,2,0.061,2,,2,,2
174.7,2,6.2414,2,33.8109,2,137.1,2,,2,0.062,2,,2,,2
176.3,2,6.2001,2,33.8129,2,134.9,2,,2,0.062,2,,2,,2
178.3,2,6.1818,2,33.816,2,134.2,2,,2,0.062,2,,2,,2
179.0,2,6.1776,2,33.8152,2,134.0,2,,2,0.062,2,,2,,2
180.0,2,6.1633,2,33.8168,2,133.7,2,,2,0.07200000000000001,2,,2,,2
181.5,2,6.1384,2,33.8196,2,133.2,2,,2,0.062,2,,2,,2
181.9,2,6.1351,2,33.8194,2,132.5,2,,2,0.061,2,,2,,2
183.0,2,6.108,2,33.8215,2,131.8,2,,2,0.064,2,,2,,2
184.0,2,6.0942,2,33.8228,2,131.6,2,,2,0.06,2,,2,,2
185.0,2,6.0938,2,33.8228,2,131.4,2,,2,0.061,2,,2,,2
185.5,2,6.0907,2,33.8242,2,131.1,2,,2,0.061,2,,2,,2
187.3,2,6.0763,2,33.8257,2,131.3,2,,2,0.061,2,,2,,2
188.0,2,6.053,2,33.8272,2,130.6,2,,2,0.061,2,,2,,2
189.0,2,6.0307,2,33.8284,2,129.4,2,,2,0.06,2,,2,,2
190.0,2,5.9971,2,33.8295,2,128.2,2,,2,0.062,2,,2,,2
191.0,2,5.9665,2,33.8296,2,127.3,2,,2,0.063,2,,2,,2
192.0,2,5.9379,2,33.830999999999996,2,126.9,2,,2,0.062,2,,2,,2
192.9,2,5.9302,2,33.8331,2,126.8,2,,2,0.065,2,,2,,2
195.2,2,5.8717,2,33.8372,2,125.8,2,,2,0.063,2,,2,,2
196.0,2,5.8615,2,33.8376,2,124.5,2,,2,0.061,2,,2,,2
197.0,2,5.8304,2,33.8384,2,123.1,2,,2,0.061,2,,2,,2
198.0,2,5.8106,2,33.8397,2,122.5,2,,2,0.061,2,,2,,2
198.8,2,5.7956,2,33.8411,2,122.1,2,,2,0.061,2,,2,,2
200.3,2,5.7411,2,33.8431,2,120.6,2,,2,0.062,2,,2,,2
201.0,2,5.7307,2,33.8434,2,119.8,2,,2,0.061,2,,2,,2
202.0,2,5.723,2,33.8436,2,119.2,2,,2,0.061,2,,2,,2
203.0,2,5.705,2,33.8437,2,118.8,2,,2,0.062,2,,2,,2
204.0,2,5.6815,2,33.8448,2,118.0,2,,2,0.063,2,,2,,2
205.0,2,5.6761,2,33.8444,2,117.4,2,,2,0.061,2,,2,,2
205.9,2,5.6714,2,33.8449,2,117.3,2,,2,0.061,2,,2,,2
208.4,2,5.6328,2,33.8471,2,117.6,2,,2,0.063,2,,2,,2
209.0,2,5.6185,2,33.8481,2,116.3,2,,2,0.061,2,,2,,2
210.0,2,5.5945,2,33.8484,2,115.0,2,,2,0.062,2,,2,,2
210.5,2,5.5819,2,33.8501,2,114.6,2,,2,0.061,2,,2,,2
212.1,2,5.5708,2,33.8495,2,114.4,2,,2,0.062,2,,2,,2
213.0,2,5.5685,2,33.8496,2,114.0,2,,2,0.061,2,,2,,2
214.0,2,5.5642,2,33.8498,2,113.8,2,,2,0.061,2,,2,,2
215.0,2,5.5559,2,33.85,2,113.5,2,,2,0.062,2,,2,,2
216.0,2,5.5377,2,33.8502,2,113.2,2,,2,0.061,2,,2,,2
217.0,2,5.5265,2,33.8511,2,112.7,2,,2,0.061,2,,2,,2
217.5,2,5.5231,2,33.8522,2,112.3,2,,2,0.062,2,,2,,2
220.1,2,5.4872,2,33.8535,2,112.1,2,,2,0.061,2,,2,,2
221.0,2,5.4748,2,33.8535,2,110.7,2,,2,0.061,2,,2,,2
222.0,2,5.4637,2,33.853,2,109.9,2,,2,0.062,2,,2,,2
223.0,2,5.432,2,33.8538,2,109.1,2,,2,0.061,2,,2,,2
224.0,2,5.4037,2,33.8546,2,108.2,2,,2,0.061,2,,2,,2
225.0,2,5.3903,2,33.8554,2,107.9,2,,2,0.061,2,,2,,2
226.0,2,5.3821,2,33.8548,2,107.9,2,,2,0.061,2,,2,,2
227.0,2,5.3767,2,33.8547,2,107.9,2,,2,0.061,2,,2,,2
227.5,2,5.3731,2,33.856,2,107.9,2,,2,0.061,2,,2,,2
229.4,2,5.3495,2,33.8569,2,107.8,2,,2,0.06,2,,2,,2
230.0,2,5.3355,2,33.8564,2,107.2,2,,2,0.061,2,,2,,2
231.0,2,5.3202,2,33.8578,2,106.4,2,,2,0.061,2,,2,,2
232.0,2,5.3184,2,33.8583,2,105.8,2,,2,0.061,2,,2,,2
232.7,2,5.3182,2,33.8587,2,105.7,2,,2,0.061,2,,2,,2
234.2,2,5.3184,2,33.8589,2,105.4,2,,2,0.062,2,,2,,2
235.0,2,5.3064,2,33.8602,2,104.7,2,,2,0.061,2,,2,,2
236.0,2,5.2709,2,33.8626,2,103.8,2,,2,0.061,2,,2,,2
237.0,2,5.2532,2,33.8636,2,102.8,2,,2,0.062,2,,2,,2
240.0,2,5.2366,2,33.8647,2,101.4,2,,2,0.061,2,,2,,2
242.3,2,5.2319,2,33.8644,2,101.5,2,,2,0.061,2,,2,,2
243.0,2,5.2314,2,33.8645,2,101.1,2,,2,0.062,2,,2,,2
243.8,2,5.2278,2,33.8651,2,101.2,2,,2,0.062,2,,2,,2
245.2,2,5.1747,2,33.8671,2,99.5,2,,2,0.062,2,,2,,2
246.0,2,5.1619,2,33.8678,2,98.4,2,,2,0.062,2,,2,,2
247.0,2,5.152,2,33.8686,2,97.8,2,,2,0.061,2,,2,,2
248.0,2,5.1507,2,33.8687,2,97.4,2,,2,0.061,2,,2,,2
249.0,2,5.1488,2,33.8686,2,97.1,2,,2,0.061,2,,2,,2
250.0,2,5.1395,2,33.8688,2,97.1,2,,2,0.061,2,,2,,2
251.0,2,5.1341,2,33.8688,2,97.0,2,,2,0.061,2,,2,,2
251.7,2,5.1322,2,33.8689,2,97.1,2,,2,0.061,2,,2,,2
255.1,2,5.0738,2,33.8723,2,95.3,2,,2,0.061,2,,2,,2
256.0,2,5.0616,2,33.8725,2,94.6,2,,2,0.061,2,,2,,2
257.0,2,5.0462,2,33.873000000000005,2,94.2,2,,2,0.061,2,,2,,2
258.0,2,5.0428,2,33.8732,2,93.8,2,,2,0.061,2,,2,,2
259.0,2,5.0411,2,33.8734,2,93.7,2,,2,0.062,2,,2,,2
260.0,2,5.0328,2,33.8739,2,93.3,2,,2,0.062,2,,2,,2
261.0,2,5.0135,2,33.8754,2,92.7,2,,2,0.061,2,,2,,2
262.0,2,5.0071,2,33.8768,2,92.3,2,,2,0.062,2,,2,,2
262.6,2,5.0064,2,33.878,2,92.1,2,,2,0.062,2,,2,,2
264.3,2,5.0022,2,33.8791,2,92.0,2,,2,0.061,2,,2,,2
264.6,2,5.0019,2,33.8789,2,91.8,2,,2,0.062,2,,2,,2
266.2,2,4.9859,2,33.8787,2,91.2,2,,2,0.061,2,,2,,2
267.0,2,4.9817,2,33.8787,2,91.0,2,,2,0.061,2,,2,,2
268.0,2,4.9753,2,33.8795,2,90.7,2,,2,0.061,2,,2,,2
269.0,2,4.9703,2,33.88,2,90.4,2,,2,0.061,2,,2,,2
270.0,2,4.9647,2,33.8803,2,89.8,2,,2,0.061,2,,2,,2
271.0,2,4.944,2,33.8822,2,89.0,2,,2,0.062,2,,2,,2
272.0,2,4.9198,2,33.8844,2,88.3,2,,2,0.062,2,,2,,2
273.1,2,4.9133,2,33.8849,2,87.6,2,,2,0.061,2,,2,,2
273.7,2,4.9121,2,33.8853,2,87.4,2,,2,0.06,2,,2,,2
276.2,2,4.9079,2,33.8859,2,88.0,2,,2,0.061,2,,2,,2
277.0,2,4.9030000000000005,2,33.8865,2,87.2,2,,2,0.062,2,,2,,2
278.3,2,4.8988,2,33.8875,2,87.0,2,,2,0.062,2,,2,,2
278.9,2,4.8962,2,33.887,2,86.8,2,,2,0.062,2,,2,,2
280.0,2,4.897,2,33.8869,2,86.4,2,,2,0.061,2,,2,,2
281.0,2,4.8925,2,33.887,2,86.4,2,,2,0.061,2,,2,,2
282.0,2,4.8702,2,33.8882,2,85.7,2,,2,0.062,2,,2,,2
283.0,2,4.8499,2,33.8902,2,84.6,2,,2,0.062,2,,2,,2
284.0,2,4.8357,2,33.8928,2,84.0,2,,2,0.061,2,,2,,2
284.6,2,4.8183,2,33.8961,2,83.4,2,,2,0.061,2,,2,,2
286.2,2,4.8075,2,33.8965,2,82.0,2,,2,0.061,2,,2,,2
287.0,2,4.8041,2,33.8968,2,81.5,2,,2,0.062,2,,2,,2
288.0,2,4.801,2,33.8975,2,80.9,2,,2,0.062,2,,2,,2
289.0,2,4.7973,2,33.8979,2,80.9,2,,2,0.061,2,,2,,2
289.9,2,4.7947,2,33.8993,2,80.7,2,,2,0.061,2,,2,,2
291.0,2,4.7753,2,33.9011,2,80.0,2,,2,0.062,2,,2,,2
291.9,2,4.768,2,33.9006,2,79.6,2,,2,0.061,2,,2,,2
293.0,2,4.7503,2,33.9012,2,79.1,2,,2,0.061,2,,2,,2
294.0,2,4.7407,2,33.9027,2,78.7,2,,2,0.062,2,,2,,2
295.0,2,4.7192,2,33.9045,2,78.2,2,,2,0.062,2,,2,,2
295.9,2,4.7087,2,33.9049,2,77.6,2,,2,0.061,2,,2,,2
297.1,2,4.7097,2,33.9061,2,77.7,2,,2,0.061,2,,2,,2
298.4,2,4.7017,2,33.9062,2,76.8,2,,2,0.062,2,,2,,2
299.0,2,4.6987,2,33.907,2,76.6,2,,2,0.062,2,,2,,2
300.0,2,4.6963,2,33.9078,2,76.6,2,,2,0.062,2,,2,,2
301.0,2,4.6943,2,33.9079,2,76.3,2,,2,0.062,2,,2,,2
302.0,2,4.6863,2,33.9092,2,75.7,2,,2,0.061,2,,2,,2
303.0,2,4.6779,2,33.9117,2,75.0,2,,2,0.061,2,,2,,2
304.0,2,4.6808,2,33.9141,2,74.3,2,,2,0.061,2,,2,,2
304.6,2,4.6821,2,33.9149,2,74.0,2,,2,0.062,2,,2,,2
306.0,2,4.6804,2,33.9151,2,73.9,2,,2,0.062,2,,2,,2
307.0,2,4.6702,2,33.9158,2,73.3,2,,2,0.064,2,,2,,2
308.0,2,4.6617,2,33.9161,2,73.3,2,,2,0.062,2,,2,,2
309.0,2,4.6523,2,33.9163,2,73.1,2,,2,0.063,2,,2,,2
310.0,2,4.6453,2,33.9168,2,72.9,2,,2,0.063,2,,2,,2
311.0,2,4.6422,2,33.9168,2,73.0,2,,2,0.062,2,,2,,2
312.0,2,4.6402,2,33.9168,2,72.9,2,,2,0.062,2,,2,,2
312.8,2,4.6407,2,33.9168,2,72.8,2,,2,0.061,2,,2,,2
314.3,2,4.6387,2,33.9169,2,73.0,2,,2,0.061,2,,2,,2
315.0,2,4.636,2,33.917,2,72.8,2,,2,0.06,2,,2,,2
316.0,2,4.6372,2,33.917,2,72.6,2,,2,0.061,2,,2,,2
317.0,2,4.6361,2,33.917,2,72.7,2,,2,0.061,2,,2,,2
318.1,2,4.6359,2,33.9171,2,72.9,2,,2,0.062,2,,2,,2
319.0,2,4.6338,2,33.9173,2,72.6,2,,2,0.061,2,,2,,2
320.0,2,4.6222,2,33.9193,2,72.0,2,,2,0.061,2,,2,,2
321.0,2,4.611000000000001,2,33.9218,2,71.4,2,,2,0.062,2,,2,,2
322.0,2,4.6102,2,33.9217,2,71.0,2,,2,0.06,2,,2,,2
323.0,2,4.6092,2,33.9219,2,70.7,2,,2,0.062,2,,2,,2
324.0,2,4.6085,2,33.922,2,70.5,2,,2,0.062,2,,2,,2
324.9,2,4.6068,2,33.923,2,70.5,2,,2,0.061,2,,2,,2
326.3,2,4.6092,2,33.9226,2,71.2,2,,2,0.061,2,,2,,2
327.0,2,4.6044,2,33.9235,2,70.6,2,,2,0.062,2,,2,,2
328.0,2,4.5977,2,33.9247,2,70.0,2,,2,0.062,2,,2,,2
329.0,2,4.5901,2,33.9263,2,69.5,2,,2,0.062,2,,2,,2
330.0,2,4.5884,2,33.9277,2,68.9,2,,2,0.062,2,,2,,2
331.0,2,4.5825,2,33.934,2,67.6,2,,2,0.062,2,,2,,2
332.0,2,4.5752,2,33.9344,2,66.7,2,,2,0.061,2,,2,,2
333.0,2,4.5689,2,33.9343,2,66.4,2,,2,0.062,2,,2,,2
335.2,2,4.5554,2,33.9356,2,67.1,2,,2,0.061,2,,2,,2
336.0,2,4.553,2,33.9361,2,66.6,2,,2,0.061,2,,2,,2
337.0,2,4.5519,2,33.9362,2,66.0,2,,2,0.061,2,,2,,2
338.0,2,4.5516,2,33.9363,2,65.6,2,,2,0.061,2,,2,,2
339.0,2,4.5461,2,33.9369,2,65.6,2,,2,0.062,2,,2,,2
340.0,2,4.5439,2,33.9374,2,65.4,2,,2,0.063,2,,2,,2
341.0,2,4.5433,2,33.9378,2,65.2,2,,2,0.062,2,,2,,2
343.2,2,4.5357,2,33.9395,2,65.5,2,,2,0.062,2,,2,,2
344.0,2,4.5311,2,33.9404,2,64.8,2,,2,0.061,2,,2,,2
344.9,2,4.5297,2,33.9413,2,64.6,2,,2,0.062,2,,2,,2
346.0,2,4.5275,2,33.9419,2,64.2,2,,2,0.062,2,,2,,2
347.0,2,4.5221,2,33.9433,2,63.8,2,,2,0.062,2,,2,,2
348.0,2,4.5181,2,33.9447,2,63.3,2,,2,0.061,2,,2,,2
349.0,2,4.5149,2,33.9459,2,62.8,2,,2,0.061,2,,2,,2
350.0,2,4.5102,2,33.9482,2,62.3,2,,2,0.061,2,,2,,2
350.9,2,4.5062,2,33.9503,2,61.8,2,,2,0.061,2,,2,,2
352.3,2,4.5017,2,33.9539,2,61.0,2,,2,0.061,2,,2,,2
352.9,2,4.4932,2,33.9585,2,59.6,2,,2,0.061,2,,2,,2
354.0,2,4.4826,2,33.9617,2,58.5,2,,2,0.062,2,,2,,2
355.0,2,4.478,2,33.9616,2,58.1,2,,2,0.062,2,,2,,2
356.0,2,4.4781,2,33.9614,2,57.9,2,,2,0.062,2,,2,,2
357.0,2,4.4776,2,33.9613,2,57.9,2,,2,0.061,2,,2,,2
357.6,2,4.4762,2,33.9617,2,58.1,2,,2,0.062,2,,2,,2
360.0,2,4.4723,2,33.9624,2,58.2,2,,2,0.06,2,,2,,2
361.0,2,4.4719999999999995,2,33.9645,2,57.6,2,,2,0.061,2,,2,,2
362.0,2,4.4733,2,33.9659,2,57.1,2,,2,0.061,2,,2,,2
362.9,2,4.4743,2,33.9668,2,57.0,2,,2,0.062,2,,2,,2
365.3,2,4.4768,2,33.9689,2,56.9,2,,2,0.062,2,,2,,2
366.0,2,4.4759,2,33.9698,2,56.4,2,,2,0.061,2,,2,,2
367.0,2,4.4757,2,33.9702,2,56.3,2,,2,0.061,2,,2,,2
367.9,2,4.475,2,33.9707,2,56.1,2,,2,0.061,2,,2,,2
370.1,2,4.468,2,33.9743,2,55.5,2,,2,0.062,2,,2,,2
371.0,2,4.4596,2,33.9775,2,54.6,2,,2,0.061,2,,2,,2
372.0,2,4.4522,2,33.9792,2,53.8,2,,2,0.061,2,,2,,2
373.0,2,4.4477,2,33.9809,2,53.3,2,,2,0.062,2,,2,,2
374.0,2,4.4469,2,33.9805,2,53.2,2,,2,0.061,2,,2,,2
375.0,2,4.444,2,33.9802,2,53.3,2,,2,0.061,2,,2,,2
376.0,2,4.4348,2,33.9804,2,53.0,2,,2,0.062,2,,2,,2
377.0,2,4.4291,2,33.9817,2,53.1,2,,2,0.061,2,,2,,2
378.2,2,4.4265,2,33.9825,2,52.9,2,,2,0.061,2,,2,,2
379.0,2,4.4248,2,33.9823,2,52.9,2,,2,0.061,2,,2,,2
380.0,2,4.4206,2,33.9832,2,52.6,2,,2,0.061,2,,2,,2
381.0,2,4.4131,2,33.9846,2,52.2,2,,2,0.062,2,,2,,2
381.7,2,4.4073,2,33.9865,2,52.2,2,,2,0.06,2,,2,,2
383.2,2,4.4009,2,33.9879,2,51.5,2,,2,0.062,2,,2,,2
384.0,2,4.4006,2,33.9882,2,51.3,2,,2,0.061,2,,2,,2
385.0,2,4.4005,2,33.9882,2,51.3,2,,2,0.062,2,,2,,2
386.0,2,4.4001,2,33.9885,2,51.3,2,,2,0.061,2,,2,,2
387.0,2,4.3985,2,33.9893,2,51.2,2,,2,0.061,2,,2,,2
389.2,2,4.3927,2,33.9914,2,50.9,2,,2,0.061,2,,2,,2
390.0,2,4.386,2,33.9934,2,50.5,2,,2,0.062,2,,2,,2
391.0,2,4.3795,2,33.9954,2,50.1,2,,2,0.062,2,,2,,2
392.0,2,4.3795,2,33.9953,2,49.6,2,,2,0.062,2,,2,,2
393.0,2,4.3787,2,33.9959,2,49.6,2,,2,0.062,2,,2,,2
394.0,2,4.3764,2,33.9975,2,49.3,2,,2,0.062,2,,2,,2
395.0,2,4.3756,2,33.9983,2,49.1,2,,2,0.061,2,,2,,2
396.1,2,4.375,2,33.9986,2,48.9,2,,2,0.062,2,,2,,2
396.8,2,4.3747,2,33.9989,2,48.9,2,,2,0.062,2,,2,,2
398.1,2,4.3739,2,33.9991,2,48.8,2,,2,0.062,2,,2,,2
399.0,2,4.3685,2,34.0008,2,48.6,2,,2,0.061,2,,2,,2
400.0,2,4.3576,2,34.0054,2,47.7,2,,2,0.061,2,,2,,2
401.0,2,4.3466,2,34.010999999999996,2,46.6,2,,2,0.061,2,,2,,2
402.0,2,4.3427,2,34.0129,2,45.8,2,,2,0.062,2,,2,,2
403.0,2,4.3402,2,34.0136,2,45.4,2,,2,0.062,2,,2,,2
404.0,2,4.3366,2,34.0153,2,45.3,2,,2,0.061,2,,2,,2
405.0,2,4.3346,2,34.0171,2,44.9,2,,2,0.061,2,,2,,2
406.0,2,4.3344,2,34.0183,2,44.6,2,,2,0.061,2,,2,,2
407.0,2,4.3341,2,34.0194,2,44.3,2,,2,0.062,2,,2,,2
407.6,2,4.3341,2,34.0198,2,44.1,2,,2,0.062,2,,2,,2
409.1,2,4.3344,2,34.02,2,44.6,2,,2,0.062,2,,2,,2
410.0,2,4.3336,2,34.0211,2,44.3,2,,2,0.061,2,,2,,2
411.0,2,4.3332,2,34.0217,2,43.7,2,,2,0.061,2,,2,,2
412.0,2,4.3324,2,34.0223,2,43.3,2,,2,0.062,2,,2,,2
413.1,2,4.3319,2,34.0227,2,43.5,2,,2,0.062,2,,2,,2
414.1,2,4.3302,2,34.0237,2,43.3,2,,2,0.061,2,,2,,2
415.0,2,4.3281,2,34.0247,2,43.2,2,,2,0.062,2,,2,,2
415.8,2,4.3242,2,34.027,2,43.1,2,,2,0.061,2,,2,,2
416.9,2,4.3143,2,34.031,2,42.3,2,,2,0.062,2,,2,,2
418.0,2,4.3117,2,34.0323,2,41.4,2,,2,0.062,2,,2,,2
419.0,2,4.3108,2,34.0326,2,41.1,2,,2,0.062,2,,2,,2
420.0,2,4.3106,2,34.033,2,41.0,2,,2,0.062,2,,2,,2
421.0,2,4.3078,2,34.0336,2,40.9,2,,2,0.061,2,,2,,2
421.6,2,4.3069999999999995,2,34.034,2,41.0,2,,2,0.061,2,,2,,2
423.1,2,4.3031,2,34.0341,2,41.1,2,,2,0.062,2,,2,,2
424.0,2,4.3007,2,34.0346,2,41.1,2,,2,0.062,2,,2,,2
425.0,2,4.2993,2,34.0347,2,40.9,2,,2,0.062,2,,2,,2
426.0,2,4.2974,2,34.0349,2,40.8,2,,2,0.062,2,,2,,2
427.0,2,4.2952,2,34.0355,2,40.9,2,,2,0.061,2,,2,,2
428.0,2,4.2916,2,34.0363,2,40.5,2,,2,0.062,2,,2,,2
429.0,2,4.2878,2,34.0374,2,40.3,2,,2,0.062,2,,2,,2
430.0,2,4.2875,2,34.0376,2,40.4,2,,2,0.064,2,,2,,2
431.0,2,4.2868,2,34.0381,2,40.2,2,,2,0.062,2,,2,,2
433.1,2,4.2863,2,34.0383,2,40.3,2,,2,0.062,2,,2,,2
434.0,2,4.2854,2,34.0386,2,40.3,2,,2,0.061,2,,2,,2
435.0,2,4.2802,2,34.0399,2,39.9,2,,2,0.062,2,,2,,2
436.0,2,4.2772,2,34.0407,2,39.8,2,,2,0.061,2,,2,,2
437.0,2,4.2757,2,34.0413,2,39.7,2,,2,0.062,2,,2,,2
438.1,2,4.2724,2,34.0431,2,39.4,2,,2,0.062,2,,2,,2
439.1,2,4.27,2,34.0435,2,39.5,2,,2,0.062,2,,2,,2
439.9,2,4.265,2,34.0445,2,39.0,2,,2,0.061,2,,2,,2
441.0,2,4.2615,2,34.0452,2,38.9,2,,2,0.062,2,,2,,2
442.0,2,4.2612,2,34.0456,2,38.9,2,,2,0.062,2,,2,,2
443.0,2,4.2603,2,34.0465,2,38.7,2,,2,0.062,2,,2,,2
444.0,2,4.2579,2,34.0473,2,38.4,2,,2,0.062,2,,2,,2
445.0,2,4.2487,2,34.0482,2,38.4,2,,2,0.062,2,,2,,2
445.9,2,4.2378,2,34.0506,2,38.1,2,,2,0.061,2,,2,,2
448.4,2,4.2283,2,34.0557,2,37.9,2,,2,0.062,2,,2,,2
449.0,2,4.2279,2,34.0562,2,37.6,2,,2,0.063,2,,2,,2
450.0,2,4.2273,2,34.0569,2,37.1,2,,2,0.061,2,,2,,2
451.0,2,4.2253,2,34.0583,2,37.3,2,,2,0.062,2,,2,,2
452.0,2,4.2231,2,34.0593,2,36.7,2,,2,0.062,2,,2,,2
453.0,2,4.2229,2,34.0594,2,36.7,2,,2,0.062,2,,2,,2
454.0,2,4.2217,2,34.0597,2,36.6,2,,2,0.061,2,,2,,2
455.0,2,4.2198,2,34.06,2,36.5,2,,2,0.062,2,,2,,2
456.0,2,4.2189,2,34.0604,2,36.6,2,,2,0.061,2,,2,,2
457.0,2,4.2181,2,34.0606,2,36.6,2,,2,0.062,2,,2,,2
458.0,2,4.2162,2,34.0612,2,36.5,2,,2,0.061,2,,2,,2
459.0,2,4.215,2,34.0616,2,36.6,2,,2,0.061,2,,2,,2
459.8,2,4.2129,2,34.0625,2,36.8,2,,2,0.062,2,,2,,2
461.0,2,4.2122,2,34.0626,2,36.4,2,,2,0.062,2,,2,,2
462.0,2,4.2108,2,34.0635,2,36.2,2,,2,0.061,2,,2,,2
463.0,2,4.2056,2,34.0669,2,36.0,2,,2,0.062,2,,2,,2
464.0,2,4.1986,2,34.0695,2,35.6,2,,2,0.062,2,,2,,2
465.0,2,4.1933,2,34.0701,2,35.5,2,,2,0.061,2,,2,,2
466.0,2,4.1928,2,34.0702,2,35.1,2,,2,0.062,2,,2,,2
466.6,2,4.192,2,34.071,2,35.2,2,,2,0.061,2,,2,,2
469.2,2,4.1918,2,34.0715,2,34.9,2,,2,0.06,2,,2,,2
470.0,2,4.1909,2,34.0726,2,34.9,2,,2,0.061,2,,2,,2
471.0,2,4.1902,2,34.0737,2,34.7,2,,2,0.062,2,,2,,2
472.1,2,4.1899,2,34.074,2,34.7,2,,2,0.062,2,,2,,2
473.0,2,4.1891,2,34.0742,2,34.5,2,,2,0.062,2,,2,,2
474.0,2,4.1878,2,34.0743,2,34.5,2,,2,0.061,2,,2,,2
475.0,2,4.1855,2,34.0746,2,34.6,2,,2,0.061,2,,2,,2
476.0,2,4.1844,2,34.0745,2,34.6,2,,2,0.062,2,,2,,2
477.0,2,4.1817,2,34.0747,2,34.4,2,,2,0.062,2,,2,,2
478.0,2,4.178999999999999,2,34.0752,2,34.3,2,,2,0.062,2,,2,,2
479.0,2,4.177,2,34.076,2,34.5,2,,2,0.062,2,,2,,2
480.0,2,4.1747,2,34.0773,2,34.3,2,,2,0.062,2,,2,,2
481.4,2,4.1715,2,34.0789,2,34.2,2,,2,0.062,2,,2,,2
482.0,2,4.1677,2,34.0806,2,33.7,2,,2,0.062,2,,2,,2
483.0,2,4.1656,2,34.0815,2,33.5,2,,2,0.062,2,,2,,2
484.0,2,4.1635,2,34.0824,2,33.0,2,,2,0.061,2,,2,,2
485.0,2,4.1583,2,34.0841,2,33.0,2,,2,0.062,2,,2,,2
486.0,2,4.1507,2,34.0864,2,32.8,2,,2,0.062,2,,2,,2
487.0,2,4.1482,2,34.0868,2,32.5,2,,2,0.06,2,,2,,2
488.1,2,4.1456,2,34.0867,2,32.5,2,,2,0.062,2,,2,,2
488.6,2,4.1438,2,34.0875,2,32.7,2,,2,0.061,2,,2,,2
490.2,2,4.1442,2,34.0876,2,32.3,2,,2,0.061,2,,2,,2
491.0,2,4.1435,2,34.0893,2,32.2,2,,2,0.062,2,,2,,2
492.0,2,4.1418,2,34.0918,2,31.7,2,,2,0.062,2,,2,,2
493.0,2,4.1416,2,34.0937,2,31.2,2,,2,0.062,2,,2,,2
494.0,2,4.1414,2,34.0952,2,30.9,2,,2,0.062,2,,2,,2
495.0,2,4.1411,2,34.0951,2,30.8,2,,2,0.061,2,,2,,2
496.2,2,4.1421,2,34.0938,2,30.7,2,,2,0.062,2,,2,,2
496.9,2,4.1429,2,34.0936,2,31.0,2,,2,0.062,2,,2,,2
498.0,2,4.1414,2,34.0958,2,30.6,2,,2,0.062,2,,2,,2
499.0,2,4.1402,2,34.0971,2,30.3,2,,2,0.062,2,,2,,2
500.0,2,4.1391,2,34.0975,2,30.1,2,,2,0.061,2,,2,,2
501.0,2,4.1378,2,34.0982,2,30.0,2,,2,0.061,2,,2,,2
501.9,2,4.1369,2,34.0986,2,29.9,2,,2,0.063,2,,2,,2
502.6,2,4.1316,2,34.0992,2,30.1,2,,2,0.06,2,,2,,2
END_DATA
