CTD,20190304CCHSIOLMM
#---------------------------------------------------------------------------------------------------,,,,,,,,,,,,,,,,,,
#Fluorescence and PAR data are nominal and unedited except that some records were removed in editing temperature and salinity and a large spike in fluorescence was removed from file 0032.,,,,,,,,,,,,,,,,,,
#---------------------------------------------------------------------------------------------------,,,,,,,,,,,,,,,,,,
#The Transmissivity channel was removed because of frequent shifts in values during casts and large variations between values during repeat casts.,,,,,,,,,,,,,,,,,,
#The data are available by request from the chief scientist.,,,,,,,,,,,,,,,,,,
#---------------------------------------------------------------------------------------------------,,,,,,,,,,,,,,,,,,
#NOTE: While the Fluorescence:CTD data are expressed in concentration units they do not always compare well to extracted chlorophyll samples particularly for casts far from shore.,,,,,,,,,,,,,,,,,,
#It is recommended that users check extracted chlorophyll values where available.,,,,,,,,,,,,,,,,,,
#---------------------------------------------------------------------------------------------------,,,,,,,,,,,,,,,,,,
#Oxygen:Dissolved:CTD was calibrated using the method described in the Sea-Bird Application Note #64-2 of June 2012 (Sea-Bird_64-2_Jun2012.pdf) except that a small offset in the fit was allowed.,,,,,,,,,,,,,,,,,,
#,,,,,,,,,,,,,,,,,,
#"The Dissolved Oxygen sensor used in files 0001, 0002 and 0016 malfunctioned so the Oxygen:Dissolved:CTD channels were removed from those files.",,,,,,,,,,,,,,,,,,
#,,,,,,,,,,,,,,,,,,
#The Oxygen:Dissolved:CTD sensor has a fairly long response time so data accuracy is not as high when it is in motion as it is during stops for bottles.,,,,,,,,,,,,,,,,,,
#This will be especially true when vertical dissolved oxygen gradients are large. ,,,,,,,,,,,,,,,,,,
#To get an estimate of the accuracy of the Oxygen:Dissolved:CTD data during downcasts (after recalibration) a rough comparison was made between downcast Oxygen:Dissolved:CTD data and upcast titrated samples. ,,,,,,,,,,,,,,,,,,
#Some of the difference will be due to problems with flushing of Niskin bottles and/or analysis errors so the following statement likely underestimates Oxygen:Dissolved:CTD accuracy.,,,,,,,,,,,,,,,,,,
#,,,,,,,,,,,,,,,,,,
#Downcast (CTD files) Oxygen:Dissolved:CTD data are considered very roughly to be:,,,,,,,,,,,,,,,,,,
#      • ±0.25 ml/l from 0 to 125 dbar,,,,,,,,,,,,,,,,,,
#      • ±0.2 ml/l from 125 to 400 dbar,,,,,,,,,,,,,,,,,,
#      • ±0.1 ml/l from 400 to 600 dbar,,,,,,,,,,,,,,,,,,
#      • ±0.05 ml/l from 600 to 1500 dbar,,,,,,,,,,,,,,,,,,
#      • Low by up to 0.08 ml/l below 1500 dbar,,,,,,,,,,,,,,,,,,
#---------------------------------------------------------------------------------------------------,,,,,,,,,,,,,,,,,,
#For details on the processing see the report 2017-01-proc.pdf,,,,,,,,,,,,,,,,,,
#---------------------------------------------------------------------------------------------------,,,,,,,,,,,,,,,,,,
#,,,,,,,,,,,,,,,,,,
#File Name,Zone,FIL:START TIME YYYY/MM/DD, HH:MM,LOC:EVENT_NUMBER,LOC:LATITUDE,LOC:LONGITUDE,LOC:STATION,INS:LOCATION,Pressure:CTD [dbar],Temperature:CTD [deg_C_(ITS90)],Salinity:CTD [PSS-78],Sigma-t:CTD [kg/m^3],Transmissivity:CTD [*/m],Oxygen:Dissolved:CTD:Volume [ml/l],Oxygen:Dissolved:CTD:Mass [µmol/kg],Fluorescence:CTD:Seapoint [mg/m^3],Fluorescence:CTD:Wetlabs [mg/m^3],PAR:CTD [µE/m^2/sec]
#,,,,,,,,,,,,,,,,,,
NUMBER_HEADERS = 8
EXPOCODE = 18DD20170205
STNBR = P3
CASTNO = 1
DATE = 20170207
TIME =  14:51
LATITUDE = 48.6245
LONGITUDE = -126.334
CTDPRS,CTDPRS_FLAG_W,CTDTMP,CTDTMP_FLAG_W,CTDSAL,CTDSAL_FLAG_W,CTDOXY,CTDOXY_FLAG_W,CTDXMISS,CTDXMISS_FLAG_W,CTDFLUOR,CTDFLUOR_FLAG_W,CTDFLUOR_TSG,CTDFLUOR_TSG_FLAG_W,PAR,PAR_FLAG_W
DBAR,,ITS-90,,PSS-78,,UMOL/KG,,,,MG/M^3,,MG/M^3,,UE/m^2/sec,
1.3,2,9.1383,2,32.541,2,,2,,2,0.748,2,,2,0.1,2
1.9,2,9.1463,2,32.5413,2,,2,,2,0.77,2,,2,0.1,2
3.0,2,9.1539,2,32.5419,2,,2,,2,0.7979999999999999,2,,2,0.0,2
4.0,2,9.1343,2,32.54,2,,2,,2,0.741,2,,2,0.0,2
5.0,2,9.1438,2,32.5405,2,,2,,2,0.759,2,,2,0.0,2
6.0,2,9.1545,2,32.542,2,,2,,2,0.76,2,,2,0.0,2
7.0,2,9.149,2,32.541,2,,2,,2,0.754,2,,2,0.0,2
8.1,2,9.1427,2,32.5396,2,,2,,2,0.745,2,,2,0.0,2
9.0,2,9.1399,2,32.5396,2,,2,,2,0.738,2,,2,0.0,2
9.9,2,9.146,2,32.5396,2,,2,,2,0.75,2,,2,0.0,2
11.0,2,9.1469,2,32.5393,2,,2,,2,0.7609999999999999,2,,2,0.0,2
12.0,2,9.1509,2,32.54,2,,2,,2,0.759,2,,2,0.0,2
13.0,2,9.151,2,32.5399,2,,2,,2,0.738,2,,2,0.0,2
14.0,2,9.1535,2,32.5408,2,,2,,2,0.722,2,,2,0.0,2
15.0,2,9.1523,2,32.5407,2,,2,,2,0.73,2,,2,0.0,2
16.0,2,9.1376,2,32.5386,2,,2,,2,0.727,2,,2,0.0,2
17.0,2,9.1381,2,32.5389,2,,2,,2,0.738,2,,2,0.0,2
18.0,2,9.1432,2,32.5392,2,,2,,2,0.748,2,,2,0.0,2
19.0,2,9.1613,2,32.5421,2,,2,,2,0.741,2,,2,0.0,2
20.0,2,9.1628,2,32.5421,2,,2,,2,0.7509999999999999,2,,2,0.0,2
21.0,2,9.1667,2,32.5432,2,,2,,2,0.745,2,,2,0.0,2
22.0,2,9.1714,2,32.5439,2,,2,,2,0.758,2,,2,0.0,2
23.0,2,9.1814,2,32.5461,2,,2,,2,0.762,2,,2,0.0,2
24.0,2,9.1847,2,32.5465,2,,2,,2,0.7809999999999999,2,,2,0.0,2
25.0,2,9.1864,2,32.547,2,,2,,2,0.76,2,,2,0.0,2
26.0,2,9.1879,2,32.5476,2,,2,,2,0.7559999999999999,2,,2,0.0,2
27.1,2,9.1907,2,32.5486,2,,2,,2,0.763,2,,2,0.0,2
28.0,2,9.1942,2,32.5489,2,,2,,2,0.769,2,,2,0.0,2
29.0,2,9.1895,2,32.5476,2,,2,,2,0.789,2,,2,0.0,2
30.0,2,9.1922,2,32.5482,2,,2,,2,0.7709999999999999,2,,2,0.0,2
31.0,2,9.1915,2,32.5482,2,,2,,2,0.8170000000000001,2,,2,0.0,2
32.0,2,9.1917,2,32.5484,2,,2,,2,0.753,2,,2,0.0,2
33.0,2,9.193999999999999,2,32.5492,2,,2,,2,0.752,2,,2,0.0,2
34.0,2,9.1916,2,32.5485,2,,2,,2,0.752,2,,2,0.0,2
35.0,2,9.1911,2,32.5484,2,,2,,2,0.7490000000000001,2,,2,0.0,2
36.0,2,9.193,2,32.5488,2,,2,,2,0.75,2,,2,0.0,2
37.0,2,9.1996,2,32.5504,2,,2,,2,0.762,2,,2,0.0,2
38.0,2,9.2035,2,32.5515,2,,2,,2,0.7609999999999999,2,,2,0.0,2
39.0,2,9.2063,2,32.5525,2,,2,,2,0.755,2,,2,0.0,2
40.0,2,9.2072,2,32.5525,2,,2,,2,0.7490000000000001,2,,2,0.0,2
41.0,2,9.212,2,32.5536,2,,2,,2,0.755,2,,2,0.0,2
42.0,2,9.2185,2,32.5551,2,,2,,2,0.758,2,,2,0.0,2
43.0,2,9.2185,2,32.5551,2,,2,,2,0.75,2,,2,0.0,2
44.0,2,9.2183,2,32.555,2,,2,,2,0.76,2,,2,0.0,2
45.0,2,9.2165,2,32.5547,2,,2,,2,0.758,2,,2,0.0,2
46.0,2,9.2171,2,32.5548,2,,2,,2,0.785,2,,2,0.0,2
47.0,2,9.2178,2,32.5548,2,,2,,2,0.857,2,,2,0.0,2
48.0,2,9.22,2,32.5556,2,,2,,2,0.7909999999999999,2,,2,0.0,2
49.0,2,9.2206,2,32.5556,2,,2,,2,0.774,2,,2,0.0,2
50.0,2,9.2204,2,32.5558,2,,2,,2,0.7659999999999999,2,,2,0.0,2
51.0,2,9.2206,2,32.5556,2,,2,,2,0.764,2,,2,0.0,2
52.0,2,9.2209,2,32.5558,2,,2,,2,0.753,2,,2,0.0,2
53.0,2,9.2211,2,32.5566,2,,2,,2,0.765,2,,2,0.0,2
54.0,2,9.2318,2,32.5587,2,,2,,2,0.763,2,,2,0.0,2
55.0,2,9.238,2,32.5601,2,,2,,2,0.726,2,,2,0.0,2
56.0,2,9.2385,2,32.5599,2,,2,,2,0.7240000000000001,2,,2,0.0,2
57.0,2,9.2376,2,32.5603,2,,2,,2,0.721,2,,2,0.0,2
58.0,2,9.2411,2,32.5615,2,,2,,2,0.733,2,,2,0.0,2
59.0,2,9.2463,2,32.5626,2,,2,,2,0.6809999999999999,2,,2,0.0,2
60.4,2,9.2443,2,32.5617,2,,2,,2,0.677,2,,2,0.0,2
61.0,2,9.2444,2,32.5619,2,,2,,2,0.69,2,,2,0.0,2
62.0,2,9.238,2,32.5607,2,,2,,2,0.695,2,,2,0.0,2
63.0,2,9.2354,2,32.5603,2,,2,,2,0.727,2,,2,0.0,2
64.0,2,9.2344,2,32.5599,2,,2,,2,0.7020000000000001,2,,2,0.0,2
65.0,2,9.2372,2,32.561,2,,2,,2,0.69,2,,2,0.0,2
66.0,2,9.2446,2,32.5627,2,,2,,2,0.685,2,,2,0.0,2
67.0,2,9.2436,2,32.5629,2,,2,,2,0.677,2,,2,0.0,2
68.0,2,9.2428,2,32.5631,2,,2,,2,0.677,2,,2,0.0,2
69.1,2,9.2412,2,32.5625,2,,2,,2,0.66,2,,2,0.0,2
70.0,2,9.2414,2,32.5624,2,,2,,2,0.665,2,,2,0.0,2
71.0,2,9.2414,2,32.5624,2,,2,,2,0.6679999999999999,2,,2,0.0,2
72.0,2,9.2382,2,32.5623,2,,2,,2,0.669,2,,2,0.0,2
73.0,2,9.2295,2,32.5617,2,,2,,2,0.657,2,,2,0.0,2
74.0,2,9.2191,2,32.5605,2,,2,,2,0.6729999999999999,2,,2,0.0,2
75.0,2,9.2105,2,32.5599,2,,2,,2,0.6890000000000001,2,,2,0.0,2
76.0,2,9.2152,2,32.5616,2,,2,,2,0.672,2,,2,0.0,2
76.7,2,9.2175,2,32.5624,2,,2,,2,0.6659999999999999,2,,2,0.0,2
77.9,2,9.2206,2,32.5629,2,,2,,2,0.6709999999999999,2,,2,0.0,2
78.9,2,9.2199,2,32.5632,2,,2,,2,0.6629999999999999,2,,2,0.0,2
80.0,2,9.2204,2,32.5635,2,,2,,2,0.659,2,,2,0.0,2
81.0,2,9.2205,2,32.564,2,,2,,2,0.655,2,,2,0.0,2
82.0,2,9.2206,2,32.5643,2,,2,,2,0.657,2,,2,0.0,2
83.0,2,9.2241,2,32.5659,2,,2,,2,0.653,2,,2,0.0,2
84.1,2,9.2255,2,32.5666,2,,2,,2,0.65,2,,2,0.0,2
85.1,2,9.2299,2,32.5665,2,,2,,2,0.638,2,,2,0.0,2
85.9,2,9.243,2,32.5717,2,,2,,2,0.631,2,,2,0.0,2
87.0,2,9.2569,2,32.5794,2,,2,,2,0.584,2,,2,0.0,2
88.0,2,9.2773,2,32.5911,2,,2,,2,0.562,2,,2,0.0,2
89.0,2,9.2924,2,32.6008,2,,2,,2,0.516,2,,2,0.0,2
90.0,2,9.3097,2,32.6111,2,,2,,2,0.5,2,,2,0.0,2
91.0,2,9.3265,2,32.6253,2,,2,,2,0.47,2,,2,0.0,2
92.0,2,9.3265,2,32.6297,2,,2,,2,0.451,2,,2,0.0,2
93.0,2,9.3373,2,32.6366,2,,2,,2,0.413,2,,2,0.0,2
94.0,2,9.4337,2,32.6967,2,,2,,2,0.34299999999999997,2,,2,0.0,2
95.0,2,9.4675,2,32.7131,2,,2,,2,0.27699999999999997,2,,2,0.0,2
96.0,2,9.4997,2,32.7361,2,,2,,2,0.228,2,,2,0.0,2
97.0,2,9.523,2,32.7549,2,,2,,2,0.192,2,,2,0.0,2
98.0,2,9.5249,2,32.7737,2,,2,,2,0.17800000000000002,2,,2,0.0,2
99.0,2,9.5084,2,32.8037,2,,2,,2,0.16,2,,2,0.0,2
100.0,2,9.4898,2,32.8215,2,,2,,2,0.149,2,,2,0.0,2
101.0,2,9.4777,2,32.8318,2,,2,,2,0.142,2,,2,0.0,2
102.0,2,9.4491,2,32.8535,2,,2,,2,0.139,2,,2,0.0,2
103.0,2,9.4313,2,32.8658,2,,2,,2,0.14,2,,2,0.0,2
104.0,2,9.415,2,32.8866,2,,2,,2,0.133,2,,2,0.0,2
105.0,2,9.3935,2,32.9278,2,,2,,2,0.134,2,,2,0.0,2
106.0,2,9.3628,2,32.9784,2,,2,,2,0.128,2,,2,0.0,2
107.0,2,9.3199,2,33.0368,2,,2,,2,0.128,2,,2,0.0,2
108.0,2,9.2846,2,33.0767,2,,2,,2,0.11800000000000001,2,,2,0.0,2
109.0,2,9.274,2,33.1016,2,,2,,2,0.11699999999999999,2,,2,0.0,2
110.0,2,9.2622,2,33.1221,2,,2,,2,0.11599999999999999,2,,2,0.0,2
111.0,2,9.2353,2,33.1837,2,,2,,2,0.11599999999999999,2,,2,0.0,2
112.5,2,9.222999999999999,2,33.2469,2,,2,,2,0.111,2,,2,0.0,2
112.9,2,9.2161,2,33.2886,2,,2,,2,0.10800000000000001,2,,2,0.0,2
114.0,2,9.2117,2,33.3252,2,,2,,2,0.09699999999999999,2,,2,0.0,2
115.0,2,9.2101,2,33.342,2,,2,,2,0.10099999999999999,2,,2,0.0,2
116.0,2,9.2003,2,33.3709,2,,2,,2,0.105,2,,2,0.0,2
117.0,2,9.1891,2,33.4016,2,,2,,2,0.098,2,,2,0.0,2
118.0,2,9.1799,2,33.4225,2,,2,,2,0.095,2,,2,0.0,2
119.0,2,9.1603,2,33.4446,2,,2,,2,0.09,2,,2,0.0,2
121.0,2,9.1466,2,33.4564,2,,2,,2,0.087,2,,2,0.0,2
122.0,2,9.1321,2,33.4673,2,,2,,2,0.08800000000000001,2,,2,0.0,2
123.0,2,9.1224,2,33.4806,2,,2,,2,0.084,2,,2,0.0,2
124.0,2,9.1147,2,33.4914,2,,2,,2,0.083,2,,2,0.0,2
125.0,2,9.1034,2,33.4995,2,,2,,2,0.08199999999999999,2,,2,0.0,2
126.0,2,9.0934,2,33.5109,2,,2,,2,0.083,2,,2,0.0,2
127.0,2,9.0901,2,33.5179,2,,2,,2,0.08,2,,2,0.0,2
128.0,2,9.0899,2,33.5237,2,,2,,2,0.081,2,,2,0.0,2
129.0,2,9.0437,2,33.5508,2,,2,,2,0.08199999999999999,2,,2,0.0,2
130.0,2,9.0075,2,33.5668,2,,2,,2,0.079,2,,2,0.0,2
131.0,2,8.998,2,33.5709,2,,2,,2,0.076,2,,2,0.0,2
132.0,2,8.9574,2,33.5805,2,,2,,2,0.075,2,,2,0.0,2
133.0,2,8.8455,2,33.6039,2,,2,,2,0.073,2,,2,0.0,2
134.0,2,8.8468,2,33.6384,2,,2,,2,0.073,2,,2,0.0,2
135.0,2,8.8477,2,33.645,2,,2,,2,0.069,2,,2,0.0,2
136.0,2,8.8492,2,33.6498,2,,2,,2,0.07,2,,2,0.0,2
137.0,2,8.8252,2,33.6534,2,,2,,2,0.067,2,,2,0.0,2
138.0,2,8.7418,2,33.6639,2,,2,,2,0.067,2,,2,0.0,2
139.0,2,8.6385,2,33.6691,2,,2,,2,0.065,2,,2,0.0,2
140.0,2,8.5662,2,33.6699,2,,2,,2,0.064,2,,2,0.0,2
141.0,2,8.5076,2,33.6774,2,,2,,2,0.064,2,,2,0.0,2
142.0,2,8.4597,2,33.681999999999995,2,,2,,2,0.063,2,,2,0.0,2
143.0,2,8.412,2,33.681999999999995,2,,2,,2,0.061,2,,2,0.0,2
144.0,2,8.3928,2,33.6882,2,,2,,2,0.061,2,,2,0.0,2
145.0,2,8.3845,2,33.6938,2,,2,,2,0.062,2,,2,0.0,2
146.0,2,8.3864,2,33.695,2,,2,,2,0.06,2,,2,0.0,2
147.0,2,8.381,2,33.6944,2,,2,,2,0.059000000000000004,2,,2,0.0,2
148.0,2,8.3796,2,33.6942,2,,2,,2,0.059000000000000004,2,,2,0.0,2
148.9,2,8.3789,2,33.6952,2,,2,,2,0.057999999999999996,2,,2,0.0,2
150.2,2,8.3952,2,33.7016,2,,2,,2,0.057999999999999996,2,,2,0.0,2
151.0,2,8.3994,2,33.7067,2,,2,,2,0.059000000000000004,2,,2,0.0,2
152.0,2,8.4211,2,33.7194,2,,2,,2,0.059000000000000004,2,,2,0.0,2
153.0,2,8.4267,2,33.7233,2,,2,,2,0.06,2,,2,0.0,2
154.0,2,8.4293,2,33.7262,2,,2,,2,0.057,2,,2,0.0,2
155.0,2,8.4289,2,33.729,2,,2,,2,0.059000000000000004,2,,2,0.0,2
156.0,2,8.4356,2,33.7433,2,,2,,2,0.057,2,,2,0.0,2
157.0,2,8.4396,2,33.7495,2,,2,,2,0.055999999999999994,2,,2,0.0,2
158.0,2,8.4391,2,33.755,2,,2,,2,0.057,2,,2,0.0,2
159.0,2,8.4315,2,33.7641,2,,2,,2,0.057999999999999996,2,,2,0.0,2
160.0,2,8.4261,2,33.7685,2,,2,,2,0.057,2,,2,0.0,2
161.0,2,8.42,2,33.7731,2,,2,,2,0.055999999999999994,2,,2,0.0,2
162.0,2,8.4019,2,33.7796,2,,2,,2,0.057,2,,2,0.0,2
163.0,2,8.3881,2,33.7827,2,,2,,2,0.057999999999999996,2,,2,0.0,2
164.0,2,8.3812,2,33.7831,2,,2,,2,0.055999999999999994,2,,2,0.0,2
164.6,2,8.3759,2,33.7847,2,,2,,2,0.055,2,,2,0.0,2
166.3,2,8.366,2,33.7863,2,,2,,2,0.055999999999999994,2,,2,0.0,2
167.0,2,8.3652,2,33.7868,2,,2,,2,0.055999999999999994,2,,2,0.0,2
168.0,2,8.3541,2,33.7888,2,,2,,2,0.055999999999999994,2,,2,0.0,2
169.0,2,8.2989,2,33.7954,2,,2,,2,0.055999999999999994,2,,2,0.0,2
170.0,2,8.285,2,33.7962,2,,2,,2,0.055999999999999994,2,,2,0.0,2
171.0,2,8.282,2,33.7955,2,,2,,2,0.057,2,,2,0.0,2
172.0,2,8.2401,2,33.7998,2,,2,,2,0.059000000000000004,2,,2,0.0,2
173.0,2,8.2338,2,33.8009,2,,2,,2,0.055999999999999994,2,,2,0.0,2
174.0,2,8.2106,2,33.8018,2,,2,,2,0.054000000000000006,2,,2,0.0,2
175.0,2,8.1711,2,33.8032,2,,2,,2,0.057,2,,2,0.0,2
176.0,2,8.1404,2,33.8052,2,,2,,2,0.055999999999999994,2,,2,0.0,2
177.0,2,8.0922,2,33.8056,2,,2,,2,0.055,2,,2,0.0,2
178.0,2,8.0724,2,33.8089,2,,2,,2,0.057,2,,2,0.0,2
179.0,2,8.0647,2,33.8124,2,,2,,2,0.057999999999999996,2,,2,0.0,2
180.0,2,8.0611,2,33.8144,2,,2,,2,0.059000000000000004,2,,2,0.0,2
181.0,2,8.0587,2,33.8164,2,,2,,2,0.055,2,,2,0.0,2
182.0,2,8.0451,2,33.8204,2,,2,,2,0.055,2,,2,0.0,2
183.0,2,8.0368,2,33.8207,2,,2,,2,0.055999999999999994,2,,2,0.0,2
184.0,2,8.0218,2,33.8223,2,,2,,2,0.057999999999999996,2,,2,0.0,2
185.1,2,7.9923,2,33.8235,2,,2,,2,0.057,2,,2,0.0,2
186.0,2,7.9577,2,33.8204,2,,2,,2,0.055999999999999994,2,,2,0.0,2
187.0,2,7.9499,2,33.826,2,,2,,2,0.055,2,,2,0.0,2
188.0,2,7.9555,2,33.8313,2,,2,,2,0.055999999999999994,2,,2,0.0,2
189.0,2,7.9388,2,33.832,2,,2,,2,0.057,2,,2,0.0,2
190.0,2,7.9067,2,33.8348,2,,2,,2,0.057,2,,2,0.0,2
191.0,2,7.8665,2,33.8366,2,,2,,2,0.055999999999999994,2,,2,0.0,2
192.0,2,7.8451,2,33.8379,2,,2,,2,0.057,2,,2,0.0,2
193.0,2,7.8412,2,33.839,2,,2,,2,0.055,2,,2,0.0,2
194.0,2,7.8391,2,33.8401,2,,2,,2,0.057,2,,2,0.0,2
195.0,2,7.8423,2,33.8422,2,,2,,2,0.055999999999999994,2,,2,0.0,2
196.0,2,7.8454,2,33.8435,2,,2,,2,0.055999999999999994,2,,2,0.0,2
197.0,2,7.8494,2,33.8455,2,,2,,2,0.055999999999999994,2,,2,0.0,2
198.0,2,7.8544,2,33.8479,2,,2,,2,0.055999999999999994,2,,2,0.0,2
199.0,2,7.8701,2,33.8542,2,,2,,2,0.055999999999999994,2,,2,0.0,2
200.0,2,7.8805,2,33.8593,2,,2,,2,0.057,2,,2,0.0,2
201.0,2,7.8895,2,33.8648,2,,2,,2,0.057,2,,2,0.0,2
202.0,2,7.8754,2,33.8725,2,,2,,2,0.055999999999999994,2,,2,0.0,2
203.0,2,7.8354,2,33.8801,2,,2,,2,0.057,2,,2,0.0,2
204.0,2,7.8173,2,33.8809,2,,2,,2,0.057,2,,2,0.0,2
205.0,2,7.8026,2,33.8812,2,,2,,2,0.059000000000000004,2,,2,0.0,2
206.0,2,7.7834,2,33.8828,2,,2,,2,0.06,2,,2,0.0,2
206.9,2,7.7606,2,33.8843,2,,2,,2,0.059000000000000004,2,,2,0.0,2
208.1,2,7.7468,2,33.8885,2,,2,,2,0.057,2,,2,0.0,2
209.0,2,7.745,2,33.8911,2,,2,,2,0.055999999999999994,2,,2,0.0,2
210.0,2,7.7459,2,33.8914,2,,2,,2,0.055999999999999994,2,,2,0.0,2
211.0,2,7.7459,2,33.8916,2,,2,,2,0.057,2,,2,0.0,2
212.0,2,7.746,2,33.8919,2,,2,,2,0.057,2,,2,0.0,2
213.0,2,7.746,2,33.891999999999996,2,,2,,2,0.057,2,,2,0.0,2
214.1,2,7.7461,2,33.8924,2,,2,,2,0.055999999999999994,2,,2,0.0,2
215.0,2,7.7421,2,33.8939,2,,2,,2,0.057999999999999996,2,,2,0.0,2
216.2,2,7.7068,2,33.8982,2,,2,,2,0.057999999999999996,2,,2,0.0,2
217.0,2,7.6859,2,33.8994,2,,2,,2,0.057,2,,2,0.0,2
218.0,2,7.6812,2,33.9009,2,,2,,2,0.057999999999999996,2,,2,0.0,2
219.0,2,7.6815,2,33.9017,2,,2,,2,0.057,2,,2,0.0,2
220.0,2,7.6791,2,33.9029,2,,2,,2,0.055999999999999994,2,,2,0.0,2
221.0,2,7.6732,2,33.9037,2,,2,,2,0.055999999999999994,2,,2,0.0,2
222.0,2,7.6682,2,33.9047,2,,2,,2,0.057999999999999996,2,,2,0.0,2
223.1,2,7.6527,2,33.9067,2,,2,,2,0.057,2,,2,0.0,2
223.9,2,7.6377,2,33.9077,2,,2,,2,0.06,2,,2,0.0,2
225.0,2,7.6283,2,33.9085,2,,2,,2,0.059000000000000004,2,,2,0.0,2
226.0,2,7.6203,2,33.9099,2,,2,,2,0.055999999999999994,2,,2,0.0,2
227.0,2,7.5804,2,33.9127,2,,2,,2,0.057,2,,2,0.0,2
228.0,2,7.5753,2,33.9146,2,,2,,2,0.057,2,,2,0.0,2
229.0,2,7.5542,2,33.9142,2,,2,,2,0.057,2,,2,0.0,2
230.0,2,7.5404,2,33.9139,2,,2,,2,0.055,2,,2,0.0,2
231.0,2,7.5257,2,33.9146,2,,2,,2,0.055999999999999994,2,,2,0.0,2
232.0,2,7.5098,2,33.9151,2,,2,,2,0.055999999999999994,2,,2,0.0,2
233.0,2,7.4999,2,33.9158,2,,2,,2,0.057,2,,2,0.0,2
234.0,2,7.5012,2,33.9186,2,,2,,2,0.055999999999999994,2,,2,0.0,2
235.0,2,7.4705,2,33.9184,2,,2,,2,0.055999999999999994,2,,2,0.0,2
236.0,2,7.4606,2,33.9208,2,,2,,2,0.055999999999999994,2,,2,0.0,2
237.0,2,7.4522,2,33.9224,2,,2,,2,0.055999999999999994,2,,2,0.0,2
238.0,2,7.4433,2,33.9244,2,,2,,2,0.055999999999999994,2,,2,0.0,2
239.0,2,7.4376,2,33.9254,2,,2,,2,0.057,2,,2,0.0,2
240.0,2,7.4311,2,33.9266,2,,2,,2,0.055999999999999994,2,,2,0.0,2
241.0,2,7.4108,2,33.9296,2,,2,,2,0.055999999999999994,2,,2,0.0,2
242.0,2,7.3856,2,33.9332,2,,2,,2,0.057999999999999996,2,,2,0.0,2
243.0,2,7.3719,2,33.9353,2,,2,,2,0.057,2,,2,0.0,2
244.0,2,7.3574,2,33.9383,2,,2,,2,0.059000000000000004,2,,2,0.0,2
245.0,2,7.3403,2,33.9386,2,,2,,2,0.06,2,,2,0.0,2
246.0,2,7.327000000000001,2,33.9394,2,,2,,2,0.057,2,,2,0.0,2
247.0,2,7.3257,2,33.9396,2,,2,,2,0.059000000000000004,2,,2,0.0,2
248.0,2,7.3263,2,33.9396,2,,2,,2,0.057,2,,2,0.0,2
249.0,2,7.3251,2,33.9391,2,,2,,2,0.057999999999999996,2,,2,0.0,2
250.0,2,7.3225,2,33.9392,2,,2,,2,0.059000000000000004,2,,2,0.0,2
251.0,2,7.3239,2,33.9399,2,,2,,2,0.055999999999999994,2,,2,0.0,2
252.0,2,7.3168,2,33.9396,2,,2,,2,0.057,2,,2,0.0,2
253.0,2,7.2992,2,33.9396,2,,2,,2,0.063,2,,2,0.0,2
254.0,2,7.2744,2,33.9407,2,,2,,2,0.057999999999999996,2,,2,0.0,2
255.0,2,7.2586,2,33.942,2,,2,,2,0.057,2,,2,0.0,2
256.0,2,7.2311,2,33.9437,2,,2,,2,0.057,2,,2,0.0,2
257.0,2,7.2107,2,33.9453,2,,2,,2,0.055999999999999994,2,,2,0.0,2
258.0,2,7.1906,2,33.9456,2,,2,,2,0.057999999999999996,2,,2,0.0,2
259.0,2,7.1688,2,33.9464,2,,2,,2,0.057999999999999996,2,,2,0.0,2
259.9,2,7.1596,2,33.9496,2,,2,,2,0.057,2,,2,0.0,2
260.9,2,7.1492,2,33.9501,2,,2,,2,0.057999999999999996,2,,2,0.0,2
262.0,2,7.1449,2,33.9507,2,,2,,2,0.057999999999999996,2,,2,0.0,2
263.0,2,7.1234,2,33.9518,2,,2,,2,0.057,2,,2,0.0,2
264.0,2,7.1051,2,33.9534,2,,2,,2,0.057999999999999996,2,,2,0.0,2
265.0,2,7.0895,2,33.9544,2,,2,,2,0.059000000000000004,2,,2,0.0,2
266.0,2,7.0582,2,33.9561,2,,2,,2,0.059000000000000004,2,,2,0.0,2
267.0,2,7.0312,2,33.9556,2,,2,,2,0.059000000000000004,2,,2,0.0,2
268.0,2,7.0247,2,33.9547,2,,2,,2,0.059000000000000004,2,,2,0.0,2
269.0,2,7.0004,2,33.9555,2,,2,,2,0.057999999999999996,2,,2,0.0,2
270.0,2,6.9714,2,33.9576,2,,2,,2,0.057999999999999996,2,,2,0.0,2
271.0,2,6.959,2,33.9587,2,,2,,2,0.057,2,,2,0.0,2
272.0,2,6.9575,2,33.9612,2,,2,,2,0.061,2,,2,0.0,2
273.0,2,6.96,2,33.9617,2,,2,,2,0.06,2,,2,0.0,2
274.0,2,6.9629,2,33.9622,2,,2,,2,0.059000000000000004,2,,2,0.0,2
275.0,2,6.9623,2,33.9638,2,,2,,2,0.059000000000000004,2,,2,0.0,2
276.0,2,6.9571,2,33.9641,2,,2,,2,0.057999999999999996,2,,2,0.0,2
277.0,2,6.9496,2,33.9642,2,,2,,2,0.057999999999999996,2,,2,0.0,2
278.0,2,6.9489,2,33.9642,2,,2,,2,0.059000000000000004,2,,2,0.0,2
279.0,2,6.9479,2,33.9642,2,,2,,2,0.06,2,,2,0.0,2
280.0,2,6.9469,2,33.9643,2,,2,,2,0.057999999999999996,2,,2,0.0,2
281.0,2,6.9419,2,33.9647,2,,2,,2,0.059000000000000004,2,,2,0.0,2
282.0,2,6.9342,2,33.9653,2,,2,,2,0.059000000000000004,2,,2,0.0,2
283.0,2,6.928999999999999,2,33.9663,2,,2,,2,0.059000000000000004,2,,2,0.0,2
284.0,2,6.9181,2,33.967,2,,2,,2,0.059000000000000004,2,,2,0.0,2
285.0,2,6.899,2,33.9677,2,,2,,2,0.059000000000000004,2,,2,0.0,2
286.1,2,6.8817,2,33.9689,2,,2,,2,0.059000000000000004,2,,2,0.0,2
287.0,2,6.871,2,33.9681,2,,2,,2,0.057999999999999996,2,,2,0.0,2
288.0,2,6.8646,2,33.9683,2,,2,,2,0.057999999999999996,2,,2,0.0,2
289.0,2,6.858,2,33.9689,2,,2,,2,0.057999999999999996,2,,2,0.0,2
290.0,2,6.8395,2,33.9714,2,,2,,2,0.057999999999999996,2,,2,0.0,2
291.0,2,6.8181,2,33.9727,2,,2,,2,0.059000000000000004,2,,2,0.0,2
292.0,2,6.8089,2,33.9727,2,,2,,2,0.057,2,,2,0.0,2
293.0,2,6.8020000000000005,2,33.9732,2,,2,,2,0.059000000000000004,2,,2,0.0,2
293.8,2,6.7989,2,33.9744,2,,2,,2,0.059000000000000004,2,,2,0.0,2
295.1,2,6.7938,2,33.9746,2,,2,,2,0.057999999999999996,2,,2,0.0,2
296.0,2,6.7842,2,33.9745,2,,2,,2,0.059000000000000004,2,,2,0.0,2
297.0,2,6.7756,2,33.9746,2,,2,,2,0.057999999999999996,2,,2,0.0,2
298.0,2,6.768,2,33.9753,2,,2,,2,0.057999999999999996,2,,2,0.0,2
299.0,2,6.7567,2,33.9763,2,,2,,2,0.059000000000000004,2,,2,0.0,2
300.0,2,6.7354,2,33.9788,2,,2,,2,0.057999999999999996,2,,2,0.0,2
301.0,2,6.7049,2,33.9805,2,,2,,2,0.057999999999999996,2,,2,0.0,2
302.0,2,6.6884,2,33.9801,2,,2,,2,0.059000000000000004,2,,2,0.0,2
303.0,2,6.6757,2,33.981,2,,2,,2,0.057999999999999996,2,,2,0.0,2
304.0,2,6.6661,2,33.9813,2,,2,,2,0.059000000000000004,2,,2,0.0,2
305.0,2,6.6509,2,33.982,2,,2,,2,0.057999999999999996,2,,2,0.0,2
306.0,2,6.6181,2,33.9828,2,,2,,2,0.057999999999999996,2,,2,0.0,2
307.0,2,6.607,2,33.9825,2,,2,,2,0.06,2,,2,0.0,2
308.0,2,6.5969,2,33.9824,2,,2,,2,0.059000000000000004,2,,2,0.0,2
309.0,2,6.5857,2,33.9834,2,,2,,2,0.059000000000000004,2,,2,0.0,2
310.0,2,6.577000000000001,2,33.9841,2,,2,,2,0.059000000000000004,2,,2,0.0,2
311.0,2,6.5589,2,33.9852,2,,2,,2,0.057,2,,2,0.0,2
312.0,2,6.5313,2,33.9855,2,,2,,2,0.057999999999999996,2,,2,0.0,2
313.0,2,6.5076,2,33.9862,2,,2,,2,0.059000000000000004,2,,2,0.0,2
314.0,2,6.5026,2,33.9866,2,,2,,2,0.059000000000000004,2,,2,0.0,2
315.0,2,6.5003,2,33.9868,2,,2,,2,0.057,2,,2,0.0,2
315.9,2,6.4982,2,33.9867,2,,2,,2,0.057999999999999996,2,,2,0.0,2
317.0,2,6.4897,2,33.9869,2,,2,,2,0.059000000000000004,2,,2,0.0,2
318.0,2,6.4849,2,33.9873,2,,2,,2,0.059000000000000004,2,,2,0.0,2
319.0,2,6.4801,2,33.9871,2,,2,,2,0.059000000000000004,2,,2,0.0,2
320.1,2,6.4762,2,33.9875,2,,2,,2,0.059000000000000004,2,,2,0.0,2
320.6,2,6.4668,2,33.9884,2,,2,,2,0.059000000000000004,2,,2,0.0,2
322.1,2,6.4505,2,33.9886,2,,2,,2,0.057999999999999996,2,,2,0.0,2
323.0,2,6.415,2,33.9885,2,,2,,2,0.059000000000000004,2,,2,0.0,2
324.0,2,6.4019,2,33.9886,2,,2,,2,0.057999999999999996,2,,2,0.0,2
325.0,2,6.3889,2,33.9887,2,,2,,2,0.059000000000000004,2,,2,0.0,2
326.0,2,6.386,2,33.9888,2,,2,,2,0.059000000000000004,2,,2,0.0,2
327.0,2,6.3823,2,33.9892,2,,2,,2,0.059000000000000004,2,,2,0.0,2
328.0,2,6.3796,2,33.99,2,,2,,2,0.059000000000000004,2,,2,0.0,2
329.0,2,6.3796,2,33.9907,2,,2,,2,0.06,2,,2,0.0,2
329.7,2,6.3738,2,33.9914,2,,2,,2,0.059000000000000004,2,,2,0.0,2
331.1,2,6.3313,2,33.9896,2,,2,,2,0.06,2,,2,0.0,2
332.0,2,6.3166,2,33.9898,2,,2,,2,0.06,2,,2,0.0,2
333.0,2,6.3169,2,33.99,2,,2,,2,0.059000000000000004,2,,2,0.0,2
334.0,2,6.3167,2,33.99,2,,2,,2,0.059000000000000004,2,,2,0.0,2
335.0,2,6.3161,2,33.9901,2,,2,,2,0.059000000000000004,2,,2,0.0,2
336.0,2,6.3154,2,33.9904,2,,2,,2,0.059000000000000004,2,,2,0.0,2
337.0,2,6.3115,2,33.9909,2,,2,,2,0.057999999999999996,2,,2,0.0,2
338.1,2,6.3093,2,33.9913,2,,2,,2,0.06,2,,2,0.0,2
338.9,2,6.3067,2,33.9914,2,,2,,2,0.059000000000000004,2,,2,0.0,2
340.0,2,6.307,2,33.9914,2,,2,,2,0.06,2,,2,0.0,2
341.0,2,6.3072,2,33.9915,2,,2,,2,0.059000000000000004,2,,2,0.0,2
342.0,2,6.3054,2,33.9916,2,,2,,2,0.059000000000000004,2,,2,0.0,2
343.0,2,6.3033,2,33.9915,2,,2,,2,0.059000000000000004,2,,2,0.0,2
344.0,2,6.3026,2,33.9917,2,,2,,2,0.061,2,,2,0.0,2
345.0,2,6.3003,2,33.9919,2,,2,,2,0.06,2,,2,0.0,2
346.0,2,6.2958,2,33.9923,2,,2,,2,0.06,2,,2,0.0,2
347.0,2,6.2886,2,33.9949,2,,2,,2,0.06,2,,2,0.0,2
348.0,2,6.2788,2,33.9952,2,,2,,2,0.059000000000000004,2,,2,0.0,2
349.0,2,6.2652,2,33.9974,2,,2,,2,0.06,2,,2,0.0,2
350.0,2,6.2578,2,33.9986,2,,2,,2,0.059000000000000004,2,,2,0.0,2
351.0,2,6.2581,2,34.0003,2,,2,,2,0.06,2,,2,0.0,2
352.0,2,6.2595,2,34.0013,2,,2,,2,0.059000000000000004,2,,2,0.0,2
353.0,2,6.263,2,34.0026,2,,2,,2,0.06,2,,2,0.0,2
354.0,2,6.254,2,34.0037,2,,2,,2,0.059000000000000004,2,,2,0.0,2
355.0,2,6.233,2,34.004,2,,2,,2,0.06,2,,2,0.0,2
356.0,2,6.2249,2,34.0062,2,,2,,2,0.059000000000000004,2,,2,0.0,2
357.0,2,6.2015,2,34.0064,2,,2,,2,0.059000000000000004,2,,2,0.0,2
358.0,2,6.1654,2,34.0043,2,,2,,2,0.06,2,,2,0.0,2
359.0,2,6.1428,2,34.0032,2,,2,,2,0.059000000000000004,2,,2,0.0,2
360.0,2,6.1339999999999995,2,34.0046,2,,2,,2,0.059000000000000004,2,,2,0.0,2
361.0,2,6.1307,2,34.0053,2,,2,,2,0.059000000000000004,2,,2,0.0,2
362.0,2,6.127999999999999,2,34.0059,2,,2,,2,0.06,2,,2,0.0,2
363.0,2,6.1254,2,34.0063,2,,2,,2,0.059000000000000004,2,,2,0.0,2
364.0,2,6.1237,2,34.007,2,,2,,2,0.06,2,,2,0.0,2
365.0,2,6.122999999999999,2,34.0075,2,,2,,2,0.059000000000000004,2,,2,0.0,2
366.0,2,6.122999999999999,2,34.0078,2,,2,,2,0.059000000000000004,2,,2,0.0,2
367.0,2,6.1258,2,34.0087,2,,2,,2,0.059000000000000004,2,,2,0.0,2
368.0,2,6.1303,2,34.0097,2,,2,,2,0.059000000000000004,2,,2,0.0,2
369.0,2,6.1282,2,34.0108,2,,2,,2,0.06,2,,2,0.0,2
370.0,2,6.1233,2,34.0114,2,,2,,2,0.059000000000000004,2,,2,0.0,2
371.0,2,6.1217,2,34.012,2,,2,,2,0.059000000000000004,2,,2,0.0,2
372.0,2,6.1203,2,34.0125,2,,2,,2,0.06,2,,2,0.0,2
373.0,2,6.1192,2,34.0146,2,,2,,2,0.061,2,,2,0.0,2
374.0,2,6.1135,2,34.0173,2,,2,,2,0.06,2,,2,0.0,2
375.0,2,6.1072,2,34.0183,2,,2,,2,0.059000000000000004,2,,2,0.0,2
376.0,2,6.0961,2,34.0192,2,,2,,2,0.06,2,,2,0.0,2
376.9,2,6.0873,2,34.0206,2,,2,,2,0.059000000000000004,2,,2,0.0,2
378.0,2,6.0782,2,34.0202,2,,2,,2,0.059000000000000004,2,,2,0.0,2
379.0,2,6.0658,2,34.0206,2,,2,,2,0.059000000000000004,2,,2,0.0,2
380.0,2,6.0572,2,34.0208,2,,2,,2,0.059000000000000004,2,,2,0.0,2
381.0,2,6.0488,2,34.0213,2,,2,,2,0.059000000000000004,2,,2,0.0,2
382.0,2,6.0348,2,34.0214,2,,2,,2,0.059000000000000004,2,,2,0.0,2
383.0,2,6.0258,2,34.0217,2,,2,,2,0.06,2,,2,0.0,2
384.0,2,6.025,2,34.022,2,,2,,2,0.06,2,,2,0.0,2
385.0,2,6.0232,2,34.022,2,,2,,2,0.06,2,,2,0.0,2
386.0,2,6.0222,2,34.0221,2,,2,,2,0.059000000000000004,2,,2,0.0,2
387.0,2,6.0173,2,34.0224,2,,2,,2,0.059000000000000004,2,,2,0.0,2
388.0,2,6.0141,2,34.022,2,,2,,2,0.059000000000000004,2,,2,0.0,2
389.0,2,6.0132,2,34.0221,2,,2,,2,0.06,2,,2,0.0,2
389.9,2,6.0099,2,34.0225,2,,2,,2,0.06,2,,2,0.0,2
391.4,2,5.9918,2,34.0232,2,,2,,2,0.06,2,,2,0.0,2
392.0,2,5.9895,2,34.0228,2,,2,,2,0.059000000000000004,2,,2,0.0,2
393.0,2,5.9792,2,34.0239,2,,2,,2,0.06,2,,2,0.0,2
394.0,2,5.9704,2,34.0249,2,,2,,2,0.061,2,,2,0.0,2
395.0,2,5.9667,2,34.0253,2,,2,,2,0.06,2,,2,0.0,2
396.0,2,5.9616,2,34.0256,2,,2,,2,0.06,2,,2,0.0,2
397.1,2,5.9579,2,34.0257,2,,2,,2,0.06,2,,2,0.0,2
397.5,2,5.9532,2,34.0265,2,,2,,2,0.059000000000000004,2,,2,0.0,2
399.0,2,5.9452,2,34.0264,2,,2,,2,0.06,2,,2,0.0,2
400.0,2,5.9424,2,34.0265,2,,2,,2,0.06,2,,2,0.0,2
401.0,2,5.9411,2,34.0267,2,,2,,2,0.06,2,,2,0.0,2
402.0,2,5.9412,2,34.0267,2,,2,,2,0.06,2,,2,0.0,2
403.0,2,5.9405,2,34.0269,2,,2,,2,0.06,2,,2,0.0,2
404.0,2,5.9409,2,34.027,2,,2,,2,0.06,2,,2,0.0,2
405.0,2,5.9408,2,34.0271,2,,2,,2,0.059000000000000004,2,,2,0.0,2
406.0,2,5.9332,2,34.0278,2,,2,,2,0.06,2,,2,0.0,2
407.0,2,5.9262,2,34.0281,2,,2,,2,0.059000000000000004,2,,2,0.0,2
408.0,2,5.9234,2,34.0283,2,,2,,2,0.059000000000000004,2,,2,0.0,2
409.0,2,5.9158,2,34.0287,2,,2,,2,0.061,2,,2,0.0,2
410.0,2,5.9124,2,34.029,2,,2,,2,0.06,2,,2,0.0,2
411.0,2,5.909,2,34.0293,2,,2,,2,0.06,2,,2,0.0,2
412.0,2,5.9063,2,34.0293,2,,2,,2,0.059000000000000004,2,,2,0.0,2
413.0,2,5.9045,2,34.0295,2,,2,,2,0.06,2,,2,0.0,2
414.0,2,5.8989,2,34.0298,2,,2,,2,0.06,2,,2,0.0,2
415.0,2,5.8798,2,34.031,2,,2,,2,0.06,2,,2,0.0,2
416.0,2,5.8761,2,34.0312,2,,2,,2,0.06,2,,2,0.0,2
417.0,2,5.8749,2,34.0312,2,,2,,2,0.06,2,,2,0.0,2
418.0,2,5.8538,2,34.0328,2,,2,,2,0.059000000000000004,2,,2,0.0,2
419.0,2,5.8474,2,34.0338,2,,2,,2,0.059000000000000004,2,,2,0.0,2
419.6,2,5.8437,2,34.035,2,,2,,2,0.06,2,,2,0.0,2
421.1,2,5.8294,2,34.0355,2,,2,,2,0.061,2,,2,0.0,2
421.9,2,5.8196,2,34.037,2,,2,,2,0.06,2,,2,0.0,2
423.0,2,5.8105,2,34.0384,2,,2,,2,0.06,2,,2,0.0,2
424.0,2,5.8062,2,34.0387,2,,2,,2,0.06,2,,2,0.0,2
425.0,2,5.803999999999999,2,34.0393,2,,2,,2,0.06,2,,2,0.0,2
426.0,2,5.8013,2,34.0396,2,,2,,2,0.06,2,,2,0.0,2
427.0,2,5.7929,2,34.0396,2,,2,,2,0.06,2,,2,0.0,2
428.0,2,5.7792,2,34.0388,2,,2,,2,0.061,2,,2,0.0,2
429.0,2,5.7542,2,34.0367,2,,2,,2,0.06,2,,2,0.0,2
430.0,2,5.7267,2,34.0372,2,,2,,2,0.057999999999999996,2,,2,0.0,2
431.0,2,5.7207,2,34.0377,2,,2,,2,0.06,2,,2,0.0,2
432.0,2,5.7185,2,34.0379,2,,2,,2,0.06,2,,2,0.0,2
433.2,2,5.712000000000001,2,34.0387,2,,2,,2,0.06,2,,2,0.0,2
434.0,2,5.7051,2,34.0384,2,,2,,2,0.06,2,,2,0.0,2
435.0,2,5.687,2,34.0387,2,,2,,2,0.06,2,,2,0.0,2
436.0,2,5.6592,2,34.0391,2,,2,,2,0.06,2,,2,0.0,2
437.0,2,5.6506,2,34.0378,2,,2,,2,0.06,2,,2,0.0,2
438.0,2,5.6484,2,34.0377,2,,2,,2,0.06,2,,2,0.0,2
438.8,2,5.6434,2,34.0388,2,,2,,2,0.06,2,,2,0.0,2
440.0,2,5.6363,2,34.0394,2,,2,,2,0.06,2,,2,0.0,2
441.0,2,5.6324,2,34.0388,2,,2,,2,0.06,2,,2,0.0,2
442.0,2,5.6301,2,34.0392,2,,2,,2,0.06,2,,2,0.0,2
443.0,2,5.6262,2,34.0396,2,,2,,2,0.06,2,,2,0.0,2
444.0,2,5.6199,2,34.0406,2,,2,,2,0.059000000000000004,2,,2,0.0,2
445.0,2,5.6092,2,34.0409,2,,2,,2,0.059000000000000004,2,,2,0.0,2
446.0,2,5.5957,2,34.042,2,,2,,2,0.06,2,,2,0.0,2
447.0,2,5.5836,2,34.0416,2,,2,,2,0.06,2,,2,0.0,2
448.0,2,5.5799,2,34.0423,2,,2,,2,0.06,2,,2,0.0,2
449.0,2,5.5769,2,34.0431,2,,2,,2,0.06,2,,2,0.0,2
449.9,2,5.5761,2,34.0424,2,,2,,2,0.059000000000000004,2,,2,0.0,2
451.0,2,5.5737,2,34.0425,2,,2,,2,0.059000000000000004,2,,2,0.0,2
452.0,2,5.5696,2,34.0434,2,,2,,2,0.06,2,,2,0.0,2
453.0,2,5.5605,2,34.0437,2,,2,,2,0.059000000000000004,2,,2,0.0,2
454.0,2,5.5123,2,34.0383,2,,2,,2,0.06,2,,2,0.0,2
455.0,2,5.4989,2,34.0361,2,,2,,2,0.06,2,,2,0.0,2
456.0,2,5.4939,2,34.0352,2,,2,,2,0.059000000000000004,2,,2,0.0,2
459.1,2,5.4864,2,34.0346,2,,2,,2,0.06,2,,2,0.0,2
460.0,2,5.4854,2,34.0349,2,,2,,2,0.06,2,,2,0.0,2
461.0,2,5.4832,2,34.0344,2,,2,,2,0.06,2,,2,0.0,2
462.0,2,5.4792,2,34.0346,2,,2,,2,0.059000000000000004,2,,2,0.0,2
463.0,2,5.462000000000001,2,34.0315,2,,2,,2,0.06,2,,2,0.0,2
464.0,2,5.4424,2,34.0294,2,,2,,2,0.06,2,,2,0.0,2
465.0,2,5.4351,2,34.0314,2,,2,,2,0.06,2,,2,0.0,2
466.0,2,5.4334,2,34.0331,2,,2,,2,0.06,2,,2,0.0,2
467.0,2,5.4268,2,34.0335,2,,2,,2,0.061,2,,2,0.0,2
468.0,2,5.4172,2,34.0325,2,,2,,2,0.06,2,,2,0.0,2
469.0,2,5.4097,2,34.0332,2,,2,,2,0.061,2,,2,0.0,2
470.0,2,5.4062,2,34.0329,2,,2,,2,0.06,2,,2,0.0,2
471.0,2,5.4003,2,34.0321,2,,2,,2,0.06,2,,2,0.0,2
472.0,2,5.3926,2,34.0312,2,,2,,2,0.06,2,,2,0.0,2
473.0,2,5.3863,2,34.0305,2,,2,,2,0.061,2,,2,0.0,2
474.0,2,5.3686,2,34.0291,2,,2,,2,0.06,2,,2,0.0,2
475.0,2,5.3579,2,34.0294,2,,2,,2,0.06,2,,2,0.0,2
475.8,2,5.3478,2,34.0294,2,,2,,2,0.061,2,,2,0.0,2
477.0,2,5.3332,2,34.0318,2,,2,,2,0.06,2,,2,0.0,2
478.0,2,5.3326,2,34.0344,2,,2,,2,0.06,2,,2,0.0,2
479.0,2,5.3329,2,34.0355,2,,2,,2,0.059000000000000004,2,,2,0.0,2
480.0,2,5.3318,2,34.0359,2,,2,,2,0.059000000000000004,2,,2,0.0,2
481.0,2,5.3281,2,34.0357,2,,2,,2,0.06,2,,2,0.0,2
482.0,2,5.3122,2,34.036,2,,2,,2,0.06,2,,2,0.0,2
482.5,2,5.2887,2,34.0346,2,,2,,2,0.06,2,,2,0.0,2
484.4,2,5.2542,2,34.0305,2,,2,,2,0.06,2,,2,0.0,2
485.0,2,5.2464,2,34.0295,2,,2,,2,0.06,2,,2,0.0,2
486.0,2,5.2302,2,34.0281,2,,2,,2,0.059000000000000004,2,,2,0.0,2
487.0,2,5.211,2,34.0264,2,,2,,2,0.06,2,,2,0.0,2
488.0,2,5.1997,2,34.0259,2,,2,,2,0.059000000000000004,2,,2,0.0,2
489.0,2,5.1966,2,34.0263,2,,2,,2,0.06,2,,2,0.0,2
490.0,2,5.1965,2,34.0267,2,,2,,2,0.061,2,,2,0.0,2
491.0,2,5.2037,2,34.0299,2,,2,,2,0.071,2,,2,0.0,2
491.9,2,5.2132,2,34.032,2,,2,,2,0.061,2,,2,0.0,2
493.0,2,5.2175,2,34.0338,2,,2,,2,0.061,2,,2,0.0,2
494.0,2,5.2156,2,34.0341,2,,2,,2,0.06,2,,2,0.0,2
495.0,2,5.2131,2,34.0329,2,,2,,2,0.06,2,,2,0.0,2
496.0,2,5.2167,2,34.0355,2,,2,,2,0.06,2,,2,0.0,2
497.0,2,5.2302,2,34.0399,2,,2,,2,0.061,2,,2,0.0,2
498.0,2,5.2395,2,34.0424,2,,2,,2,0.06,2,,2,0.0,2
499.0,2,5.2468,2,34.0452,2,,2,,2,0.065,2,,2,0.0,2
500.0,2,5.2719,2,34.0522,2,,2,,2,0.069,2,,2,0.0,2
501.0,2,5.2936,2,34.0568,2,,2,,2,0.06,2,,2,0.0,2
502.0,2,5.2965,2,34.0613,2,,2,,2,0.06,2,,2,0.0,2
503.0,2,5.2634,2,34.0619,2,,2,,2,0.059000000000000004,2,,2,0.0,2
504.0,2,5.2497,2,34.0613,2,,2,,2,0.059000000000000004,2,,2,0.0,2
505.0,2,5.2392,2,34.0603,2,,2,,2,0.06,2,,2,0.0,2
506.0,2,5.2277,2,34.0601,2,,2,,2,0.059000000000000004,2,,2,0.0,2
507.0,2,5.2216,2,34.0611,2,,2,,2,0.06,2,,2,0.0,2
508.0,2,5.1925,2,34.059,2,,2,,2,0.06,2,,2,0.0,2
509.0,2,5.1732,2,34.0596,2,,2,,2,0.06,2,,2,0.0,2
509.7,2,5.1354,2,34.0569,2,,2,,2,0.06,2,,2,0.0,2
511.1,2,5.0904,2,34.0525,2,,2,,2,0.06,2,,2,0.0,2
512.0,2,5.095,2,34.0546,2,,2,,2,0.061,2,,2,0.0,2
513.0,2,5.0906,2,34.0544,2,,2,,2,0.06,2,,2,0.0,2
514.0,2,5.0287,2,34.048,2,,2,,2,0.06,2,,2,0.0,2
515.0,2,5.0257,2,34.0468,2,,2,,2,0.059000000000000004,2,,2,0.0,2
516.0,2,5.0017,2,34.0454,2,,2,,2,0.06,2,,2,0.0,2
517.0,2,4.9443,2,34.0397,2,,2,,2,0.06,2,,2,0.0,2
518.0,2,4.9171,2,34.0385,2,,2,,2,0.06,2,,2,0.0,2
519.0,2,4.9129,2,34.0389,2,,2,,2,0.059000000000000004,2,,2,0.0,2
520.0,2,4.8959,2,34.0373,2,,2,,2,0.059000000000000004,2,,2,0.0,2
521.0,2,4.8821,2,34.0369,2,,2,,2,0.059000000000000004,2,,2,0.0,2
522.0,2,4.8692,2,34.0364,2,,2,,2,0.059000000000000004,2,,2,0.0,2
523.0,2,4.8505,2,34.0346,2,,2,,2,0.059000000000000004,2,,2,0.0,2
524.0,2,4.8324,2,34.0361,2,,2,,2,0.06,2,,2,0.0,2
525.0,2,4.8531,2,34.0429,2,,2,,2,0.061,2,,2,0.0,2
526.0,2,4.8666,2,34.0458,2,,2,,2,0.06,2,,2,0.0,2
527.0,2,4.871,2,34.0472,2,,2,,2,0.06,2,,2,0.0,2
528.0,2,4.874,2,34.0487,2,,2,,2,0.059000000000000004,2,,2,0.0,2
529.0,2,4.8779,2,34.0507,2,,2,,2,0.059000000000000004,2,,2,0.0,2
530.0,2,4.948,2,34.0677,2,,2,,2,0.06,2,,2,0.0,2
531.0,2,5.0052,2,34.0846,2,,2,,2,0.06,2,,2,0.0,2
532.0,2,5.0283,2,34.0891,2,,2,,2,0.06,2,,2,0.0,2
533.0,2,5.0392,2,34.0908,2,,2,,2,0.06,2,,2,0.0,2
534.0,2,5.0426,2,34.0925,2,,2,,2,0.061,2,,2,0.0,2
535.0,2,5.0492,2,34.0949,2,,2,,2,0.06,2,,2,0.0,2
536.1,2,5.0521,2,34.0927,2,,2,,2,0.06,2,,2,0.0,2
537.0,2,5.0527,2,34.0959,2,,2,,2,0.06,2,,2,0.0,2
538.0,2,5.0354,2,34.0948,2,,2,,2,0.06,2,,2,0.0,2
539.0,2,5.0193,2,34.0929,2,,2,,2,0.059000000000000004,2,,2,0.0,2
540.0,2,5.008,2,34.0912,2,,2,,2,0.06,2,,2,0.0,2
541.0,2,4.9978,2,34.0894,2,,2,,2,0.06,2,,2,0.0,2
542.0,2,4.985,2,34.0869,2,,2,,2,0.059000000000000004,2,,2,0.0,2
543.0,2,4.9744,2,34.0859,2,,2,,2,0.059000000000000004,2,,2,0.0,2
544.1,2,4.9332,2,34.0813,2,,2,,2,0.059000000000000004,2,,2,0.0,2
545.0,2,4.9372,2,34.0841,2,,2,,2,0.06,2,,2,0.0,2
546.0,2,4.9447,2,34.0865,2,,2,,2,0.06,2,,2,0.0,2
547.0,2,4.9745,2,34.0922,2,,2,,2,0.061,2,,2,0.0,2
548.0,2,5.0015,2,34.0987,2,,2,,2,0.06,2,,2,0.0,2
549.0,2,5.0084,2,34.1005,2,,2,,2,0.06,2,,2,0.0,2
550.0,2,5.0107,2,34.101,2,,2,,2,0.061,2,,2,0.0,2
550.7,2,5.0113,2,34.1013,2,,2,,2,0.061,2,,2,0.0,2
552.1,2,5.0128,2,34.1019,2,,2,,2,0.059000000000000004,2,,2,0.0,2
553.0,2,5.0044,2,34.1014,2,,2,,2,0.06,2,,2,0.0,2
554.0,2,4.993,2,34.1002,2,,2,,2,0.061,2,,2,0.0,2
555.0,2,4.9896,2,34.1017,2,,2,,2,0.059000000000000004,2,,2,0.0,2
556.0,2,5.0089,2,34.1075,2,,2,,2,0.06,2,,2,0.0,2
557.0,2,5.0019,2,34.1081,2,,2,,2,0.061,2,,2,0.0,2
558.0,2,5.0041,2,34.1098,2,,2,,2,0.06,2,,2,0.0,2
558.8,2,5.0106,2,34.1124,2,,2,,2,0.06,2,,2,0.0,2
560.1,2,5.0117,2,34.1141,2,,2,,2,0.059000000000000004,2,,2,0.0,2
561.0,2,5.0086,2,34.1145,2,,2,,2,0.06,2,,2,0.0,2
562.0,2,5.0038,2,34.1156,2,,2,,2,0.06,2,,2,0.0,2
563.0,2,5.0032,2,34.116,2,,2,,2,0.06,2,,2,0.0,2
564.0,2,5.0027,2,34.1164,2,,2,,2,0.06,2,,2,0.0,2
565.0,2,4.9931,2,34.1167,2,,2,,2,0.06,2,,2,0.0,2
566.0,2,4.9871,2,34.1165,2,,2,,2,0.059000000000000004,2,,2,0.0,2
567.0,2,4.9785,2,34.1162,2,,2,,2,0.06,2,,2,0.0,2
568.0,2,4.9754,2,34.1162,2,,2,,2,0.061,2,,2,0.0,2
568.6,2,4.9756,2,34.1171,2,,2,,2,0.06,2,,2,0.0,2
570.4,2,4.9639999999999995,2,34.1154,2,,2,,2,0.061,2,,2,0.0,2
571.0,2,4.9528,2,34.1157,2,,2,,2,0.061,2,,2,0.0,2
572.0,2,4.9485,2,34.1171,2,,2,,2,0.06,2,,2,0.0,2
573.0,2,4.954,2,34.1188,2,,2,,2,0.061,2,,2,0.0,2
574.0,2,4.9553,2,34.1209,2,,2,,2,0.061,2,,2,0.0,2
575.0,2,4.947,2,34.1233,2,,2,,2,0.06,2,,2,0.0,2
576.0,2,4.9385,2,34.1242,2,,2,,2,0.06,2,,2,0.0,2
577.0,2,4.9308,2,34.1252,2,,2,,2,0.06,2,,2,0.0,2
578.0,2,4.9219,2,34.1273,2,,2,,2,0.06,2,,2,0.0,2
579.0,2,4.9194,2,34.126,2,,2,,2,0.06,2,,2,0.0,2
580.0,2,4.92,2,34.1265,2,,2,,2,0.061,2,,2,0.0,2
581.0,2,4.9184,2,34.1273,2,,2,,2,0.061,2,,2,0.0,2
582.0,2,4.9179,2,34.1278,2,,2,,2,0.06,2,,2,0.0,2
583.0,2,4.9169,2,34.1276,2,,2,,2,0.06,2,,2,0.0,2
584.0,2,4.9124,2,34.1278,2,,2,,2,0.06,2,,2,0.0,2
585.0,2,4.9101,2,34.1271,2,,2,,2,0.06,2,,2,0.0,2
586.0,2,4.9096,2,34.1276,2,,2,,2,0.06,2,,2,0.0,2
587.0,2,4.9084,2,34.1283,2,,2,,2,0.06,2,,2,0.0,2
588.0,2,4.9067,2,34.1294,2,,2,,2,0.06,2,,2,0.0,2
589.0,2,4.9035,2,34.1299,2,,2,,2,0.059000000000000004,2,,2,0.0,2
590.0,2,4.9019,2,34.1292,2,,2,,2,0.06,2,,2,0.0,2
591.0,2,4.8949,2,34.1293,2,,2,,2,0.06,2,,2,0.0,2
592.0,2,4.8823,2,34.13,2,,2,,2,0.06,2,,2,0.0,2
593.0,2,4.8751,2,34.1305,2,,2,,2,0.063,2,,2,0.0,2
594.0,2,4.8766,2,34.1311,2,,2,,2,0.06,2,,2,0.0,2
595.1,2,4.8592,2,34.1308,2,,2,,2,0.06,2,,2,0.0,2
596.1,2,4.8471,2,34.1325,2,,2,,2,0.06,2,,2,0.0,2
597.0,2,4.8458,2,34.1322,2,,2,,2,0.06,2,,2,0.0,2
598.0,2,4.8469999999999995,2,34.133,2,,2,,2,0.061,2,,2,0.0,2
599.0,2,4.8471,2,34.1329,2,,2,,2,0.06,2,,2,0.0,2
600.0,2,4.8477,2,34.1328,2,,2,,2,0.061,2,,2,0.0,2
601.0,2,4.8473,2,34.1346,2,,2,,2,0.061,2,,2,0.0,2
602.0,2,4.8468,2,34.1362,2,,2,,2,0.06,2,,2,0.0,2
603.0,2,4.8463,2,34.1352,2,,2,,2,0.06,2,,2,0.0,2
604.0,2,4.8458,2,34.1355,2,,2,,2,0.061,2,,2,0.0,2
605.0,2,4.845,2,34.1359,2,,2,,2,0.06,2,,2,0.0,2
606.0,2,4.8453,2,34.1362,2,,2,,2,0.06,2,,2,0.0,2
607.0,2,4.8438,2,34.1363,2,,2,,2,0.06,2,,2,0.0,2
608.0,2,4.8406,2,34.135999999999996,2,,2,,2,0.06,2,,2,0.0,2
609.0,2,4.8364,2,34.1354,2,,2,,2,0.06,2,,2,0.0,2
610.0,2,4.8358,2,34.1355,2,,2,,2,0.061,2,,2,0.0,2
611.0,2,4.832,2,34.1353,2,,2,,2,0.06,2,,2,0.0,2
612.0,2,4.8146,2,34.1325,2,,2,,2,0.06,2,,2,0.0,2
613.0,2,4.7883,2,34.1297,2,,2,,2,0.06,2,,2,0.0,2
614.0,2,4.7602,2,34.1274,2,,2,,2,0.06,2,,2,0.0,2
615.0,2,4.7275,2,34.126,2,,2,,2,0.06,2,,2,0.0,2
616.0,2,4.7188,2,34.1258,2,,2,,2,0.06,2,,2,0.0,2
617.0,2,4.7143,2,34.1266,2,,2,,2,0.06,2,,2,0.0,2
618.0,2,4.7114,2,34.1281,2,,2,,2,0.06,2,,2,0.0,2
619.0,2,4.7145,2,34.1304,2,,2,,2,0.06,2,,2,0.0,2
620.0,2,4.7195,2,34.1336,2,,2,,2,0.061,2,,2,0.0,2
621.0,2,4.7347,2,34.1381,2,,2,,2,0.059000000000000004,2,,2,0.0,2
622.0,2,4.7437,2,34.1411,2,,2,,2,0.06,2,,2,0.0,2
623.0,2,4.7529,2,34.1438,2,,2,,2,0.06,2,,2,0.0,2
624.0,2,4.7483,2,34.1447,2,,2,,2,0.059000000000000004,2,,2,0.0,2
625.0,2,4.7593,2,34.1491,2,,2,,2,0.06,2,,2,0.0,2
626.0,2,4.7613,2,34.1501,2,,2,,2,0.06,2,,2,0.0,2
627.0,2,4.7592,2,34.1501,2,,2,,2,0.06,2,,2,0.0,2
628.0,2,4.7595,2,34.1487,2,,2,,2,0.06,2,,2,0.0,2
629.0,2,4.7552,2,34.1503,2,,2,,2,0.06,2,,2,0.0,2
630.0,2,4.7524,2,34.150999999999996,2,,2,,2,0.06,2,,2,0.0,2
631.0,2,4.7501,2,34.1515,2,,2,,2,0.06,2,,2,0.0,2
632.0,2,4.7467,2,34.1512,2,,2,,2,0.06,2,,2,0.0,2
633.0,2,4.7432,2,34.1503,2,,2,,2,0.061,2,,2,0.0,2
634.0,2,4.7364,2,34.1499,2,,2,,2,0.06,2,,2,0.0,2
635.0,2,4.7264,2,34.15,2,,2,,2,0.061,2,,2,0.0,2
636.0,2,4.7189,2,34.1493,2,,2,,2,0.06,2,,2,0.0,2
637.0,2,4.7076,2,34.1485,2,,2,,2,0.06,2,,2,0.0,2
638.0,2,4.6951,2,34.1466,2,,2,,2,0.06,2,,2,0.0,2
639.0,2,4.6855,2,34.1454,2,,2,,2,0.06,2,,2,0.0,2
640.0,2,4.6815,2,34.1451,2,,2,,2,0.06,2,,2,0.0,2
641.0,2,4.6806,2,34.1451,2,,2,,2,0.06,2,,2,0.0,2
642.0,2,4.6778,2,34.1449,2,,2,,2,0.06,2,,2,0.0,2
643.0,2,4.6715,2,34.1442,2,,2,,2,0.061,2,,2,0.0,2
644.0,2,4.6586,2,34.1429,2,,2,,2,0.06,2,,2,0.0,2
645.0,2,4.6577,2,34.1435,2,,2,,2,0.06,2,,2,0.0,2
646.0,2,4.6575,2,34.1448,2,,2,,2,0.061,2,,2,0.0,2
647.0,2,4.6572,2,34.1459,2,,2,,2,0.06,2,,2,0.0,2
648.0,2,4.6494,2,34.1471,2,,2,,2,0.06,2,,2,0.0,2
649.0,2,4.6289,2,34.1455,2,,2,,2,0.06,2,,2,0.0,2
649.8,2,4.6184,2,34.1429,2,,2,,2,0.061,2,,2,0.0,2
651.0,2,4.618,2,34.1432,2,,2,,2,0.06,2,,2,0.0,2
652.0,2,4.6205,2,34.1451,2,,2,,2,0.061,2,,2,0.0,2
653.0,2,4.6193,2,34.1463,2,,2,,2,0.06,2,,2,0.0,2
654.0,2,4.6172,2,34.1463,2,,2,,2,0.06,2,,2,0.0,2
655.0,2,4.6172,2,34.146,2,,2,,2,0.06,2,,2,0.0,2
656.0,2,4.6169,2,34.1469,2,,2,,2,0.06,2,,2,0.0,2
657.5,2,4.6229,2,34.1483,2,,2,,2,0.06,2,,2,0.0,2
658.0,2,4.6273,2,34.1507,2,,2,,2,0.06,2,,2,0.0,2
659.0,2,4.6339,2,34.1538,2,,2,,2,0.061,2,,2,0.0,2
660.0,2,4.6367,2,34.1553,2,,2,,2,0.06,2,,2,0.0,2
661.0,2,4.6368,2,34.1563,2,,2,,2,0.059000000000000004,2,,2,0.0,2
662.0,2,4.6379,2,34.1564,2,,2,,2,0.059000000000000004,2,,2,0.0,2
663.0,2,4.6463,2,34.1591,2,,2,,2,0.06,2,,2,0.0,2
663.7,2,4.6530000000000005,2,34.1617,2,,2,,2,0.061,2,,2,0.0,2
665.0,2,4.657,2,34.1659,2,,2,,2,0.06,2,,2,0.0,2
666.0,2,4.6525,2,34.1679,2,,2,,2,0.06,2,,2,0.0,2
667.0,2,4.651,2,34.1681,2,,2,,2,0.061,2,,2,0.0,2
668.0,2,4.6482,2,34.1689,2,,2,,2,0.061,2,,2,0.0,2
669.0,2,4.6394,2,34.1695,2,,2,,2,0.061,2,,2,0.0,2
669.6,2,4.6352,2,34.17,2,,2,,2,0.06,2,,2,0.0,2
670.9,2,4.6218,2,34.1729,2,,2,,2,0.06,2,,2,0.0,2
672.0,2,4.6151,2,34.1729,2,,2,,2,0.061,2,,2,0.0,2
673.0,2,4.6133,2,34.1733,2,,2,,2,0.06,2,,2,0.0,2
674.0,2,4.6106,2,34.1746,2,,2,,2,0.061,2,,2,0.0,2
675.0,2,4.5963,2,34.1753,2,,2,,2,0.06,2,,2,0.0,2
676.0,2,4.5907,2,34.1751,2,,2,,2,0.061,2,,2,0.0,2
677.0,2,4.5741,2,34.176,2,,2,,2,0.061,2,,2,0.0,2
678.0,2,4.5634,2,34.1775,2,,2,,2,0.06,2,,2,0.0,2
679.0,2,4.5581,2,34.1796,2,,2,,2,0.061,2,,2,0.0,2
680.0,2,4.5518,2,34.181,2,,2,,2,0.061,2,,2,0.0,2
681.0,2,4.5417,2,34.1816,2,,2,,2,0.061,2,,2,0.0,2
682.4,2,4.5337,2,34.1827,2,,2,,2,0.061,2,,2,0.0,2
683.0,2,4.5197,2,34.1821,2,,2,,2,0.06,2,,2,0.0,2
684.0,2,4.511,2,34.1833,2,,2,,2,0.061,2,,2,0.0,2
685.0,2,4.4857,2,34.1883,2,,2,,2,0.06,2,,2,0.0,2
686.0,2,4.4592,2,34.1934,2,,2,,2,0.06,2,,2,0.0,2
687.3,2,4.4509,2,34.1977,2,,2,,2,0.061,2,,2,0.0,2
688.0,2,4.4503,2,34.198,2,,2,,2,0.061,2,,2,0.0,2
689.0,2,4.4495,2,34.1996,2,,2,,2,0.061,2,,2,0.0,2
690.0,2,4.4511,2,34.1996,2,,2,,2,0.061,2,,2,0.0,2
691.0,2,4.4503,2,34.1995,2,,2,,2,0.061,2,,2,0.0,2
692.0,2,4.4501,2,34.1996,2,,2,,2,0.061,2,,2,0.0,2
693.0,2,4.4503,2,34.1991,2,,2,,2,0.061,2,,2,0.0,2
694.0,2,4.4502,2,34.1992,2,,2,,2,0.06,2,,2,0.0,2
695.0,2,4.4518,2,34.1992,2,,2,,2,0.059000000000000004,2,,2,0.0,2
696.0,2,4.4547,2,34.2003,2,,2,,2,0.061,2,,2,0.0,2
697.0,2,4.4472,2,34.2032,2,,2,,2,0.06,2,,2,0.0,2
698.0,2,4.4355,2,34.205999999999996,2,,2,,2,0.061,2,,2,0.0,2
699.0,2,4.4342,2,34.2059,2,,2,,2,0.061,2,,2,0.0,2
700.0,2,4.4331,2,34.2062,2,,2,,2,0.061,2,,2,0.0,2
701.0,2,4.4306,2,34.207,2,,2,,2,0.061,2,,2,0.0,2
701.9,2,4.4271,2,34.2071,2,,2,,2,0.061,2,,2,0.0,2
703.0,2,4.4223,2,34.207,2,,2,,2,0.061,2,,2,0.0,2
704.0,2,4.4196,2,34.2076,2,,2,,2,0.06,2,,2,0.0,2
705.0,2,4.4171,2,34.2082,2,,2,,2,0.06,2,,2,0.0,2
706.0,2,4.4168,2,34.2087,2,,2,,2,0.06,2,,2,0.0,2
707.0,2,4.416,2,34.2092,2,,2,,2,0.061,2,,2,0.0,2
707.7,2,4.4101,2,34.2102,2,,2,,2,0.06,2,,2,0.0,2
709.0,2,4.4028,2,34.2105,2,,2,,2,0.061,2,,2,0.0,2
710.0,2,4.402,2,34.2105,2,,2,,2,0.061,2,,2,0.0,2
711.0,2,4.4013,2,34.2109,2,,2,,2,0.06,2,,2,0.0,2
711.9,2,4.4005,2,34.2116,2,,2,,2,0.061,2,,2,0.0,2
713.7,2,4.4003,2,34.2108,2,,2,,2,0.06,2,,2,0.0,2
715.1,2,4.4002,2,34.2122,2,,2,,2,0.061,2,,2,0.0,2
716.0,2,4.3981,2,34.2126,2,,2,,2,0.06,2,,2,0.0,2
717.0,2,4.3937,2,34.2133,2,,2,,2,0.061,2,,2,0.0,2
718.0,2,4.393,2,34.2129,2,,2,,2,0.06,2,,2,0.0,2
719.0,2,4.3933,2,34.2132,2,,2,,2,0.061,2,,2,0.0,2
720.0,2,4.3931,2,34.2136,2,,2,,2,0.061,2,,2,0.0,2
721.0,2,4.3928,2,34.2137,2,,2,,2,0.061,2,,2,0.0,2
722.0,2,4.3911,2,34.2137,2,,2,,2,0.061,2,,2,0.0,2
723.0,2,4.3852,2,34.2148,2,,2,,2,0.06,2,,2,0.0,2
724.0,2,4.38,2,34.2158,2,,2,,2,0.061,2,,2,0.0,2
725.0,2,4.3766,2,34.2161,2,,2,,2,0.061,2,,2,0.0,2
726.0,2,4.375,2,34.2163,2,,2,,2,0.061,2,,2,0.0,2
727.0,2,4.3732,2,34.2169,2,,2,,2,0.061,2,,2,0.0,2
728.0,2,4.372,2,34.2173,2,,2,,2,0.061,2,,2,0.0,2
729.0,2,4.3694,2,34.2165,2,,2,,2,0.062,2,,2,0.0,2
730.0,2,4.3641,2,34.2173,2,,2,,2,0.062,2,,2,0.0,2
731.0,2,4.3639,2,34.2181,2,,2,,2,0.061,2,,2,0.0,2
732.0,2,4.3634,2,34.2187,2,,2,,2,0.061,2,,2,0.0,2
733.0,2,4.359,2,34.2196,2,,2,,2,0.061,2,,2,0.0,2
734.0,2,4.3577,2,34.2195,2,,2,,2,0.061,2,,2,0.0,2
735.0,2,4.3575,2,34.2196,2,,2,,2,0.061,2,,2,0.0,2
736.0,2,4.3521,2,34.2209,2,,2,,2,0.061,2,,2,0.0,2
737.0,2,4.346,2,34.2203,2,,2,,2,0.061,2,,2,0.0,2
738.0,2,4.3444,2,34.2214,2,,2,,2,0.06,2,,2,0.0,2
739.0,2,4.3414,2,34.2226,2,,2,,2,0.061,2,,2,0.0,2
740.0,2,4.3393,2,34.2232,2,,2,,2,0.061,2,,2,0.0,2
741.0,2,4.3372,2,34.2233,2,,2,,2,0.06,2,,2,0.0,2
742.0,2,4.3349,2,34.2234,2,,2,,2,0.062,2,,2,0.0,2
743.0,2,4.3341,2,34.2236,2,,2,,2,0.061,2,,2,0.0,2
744.0,2,4.332,2,34.2244,2,,2,,2,0.06,2,,2,0.0,2
745.0,2,4.3313,2,34.2244,2,,2,,2,0.061,2,,2,0.0,2
746.0,2,4.3298,2,34.2238,2,,2,,2,0.061,2,,2,0.0,2
747.0,2,4.3241,2,34.2256,2,,2,,2,0.061,2,,2,0.0,2
748.0,2,4.3223,2,34.2264,2,,2,,2,0.061,2,,2,0.0,2
749.0,2,4.3227,2,34.2265,2,,2,,2,0.061,2,,2,0.0,2
750.0,2,4.3195,2,34.227,2,,2,,2,0.061,2,,2,0.0,2
750.9,2,4.3191,2,34.2266,2,,2,,2,0.061,2,,2,0.0,2
752.0,2,4.3167,2,34.2276,2,,2,,2,0.061,2,,2,0.0,2
753.0,2,4.3191,2,34.2264,2,,2,,2,0.061,2,,2,0.0,2
754.0,2,4.3167,2,34.226,2,,2,,2,0.061,2,,2,0.0,2
755.0,2,4.3168,2,34.2266,2,,2,,2,0.061,2,,2,0.0,2
756.0,2,4.3173,2,34.2273,2,,2,,2,0.062,2,,2,0.0,2
757.0,2,4.3135,2,34.2286,2,,2,,2,0.06,2,,2,0.0,2
757.6,2,4.3121,2,34.2291,2,,2,,2,0.06,2,,2,0.0,2
759.0,2,4.3096,2,34.2292,2,,2,,2,0.061,2,,2,0.0,2
760.0,2,4.3075,2,34.2295,2,,2,,2,0.061,2,,2,0.0,2
761.0,2,4.3074,2,34.2287,2,,2,,2,0.061,2,,2,0.0,2
762.0,2,4.3077,2,34.2291,2,,2,,2,0.061,2,,2,0.0,2
763.0,2,4.3077,2,34.2296,2,,2,,2,0.062,2,,2,0.0,2
764.0,2,4.3077,2,34.2299,2,,2,,2,0.061,2,,2,0.0,2
765.0,2,4.3072,2,34.2299,2,,2,,2,0.061,2,,2,0.0,2
766.0,2,4.306,2,34.2301,2,,2,,2,0.061,2,,2,0.0,2
767.0,2,4.3044,2,34.2303,2,,2,,2,0.061,2,,2,0.0,2
768.0,2,4.2975,2,34.2317,2,,2,,2,0.06,2,,2,0.0,2
769.0,2,4.2928,2,34.2317,2,,2,,2,0.061,2,,2,0.0,2
770.0,2,4.2876,2,34.233000000000004,2,,2,,2,0.062,2,,2,0.0,2
771.0,2,4.2803,2,34.235,2,,2,,2,0.062,2,,2,0.0,2
772.0,2,4.2763,2,34.2355,2,,2,,2,0.061,2,,2,0.0,2
773.0,2,4.271,2,34.2363,2,,2,,2,0.06,2,,2,0.0,2
774.0,2,4.268,2,34.2371,2,,2,,2,0.061,2,,2,0.0,2
775.0,2,4.2631,2,34.2382,2,,2,,2,0.061,2,,2,0.0,2
776.0,2,4.2568,2,34.238,2,,2,,2,0.061,2,,2,0.0,2
777.0,2,4.2533,2,34.2393,2,,2,,2,0.061,2,,2,0.0,2
778.0,2,4.2514,2,34.24,2,,2,,2,0.061,2,,2,0.0,2
779.0,2,4.2419,2,34.2419,2,,2,,2,0.06,2,,2,0.0,2
780.0,2,4.2351,2,34.2432,2,,2,,2,0.061,2,,2,0.0,2
781.0,2,4.2334,2,34.2435,2,,2,,2,0.062,2,,2,0.0,2
782.0,2,4.2315,2,34.2442,2,,2,,2,0.062,2,,2,0.0,2
783.0,2,4.2289,2,34.2446,2,,2,,2,0.062,2,,2,0.0,2
784.0,2,4.228,2,34.2444,2,,2,,2,0.062,2,,2,0.0,2
785.0,2,4.2208,2,34.2459,2,,2,,2,0.061,2,,2,0.0,2
786.0,2,4.1827,2,34.2541,2,,2,,2,0.061,2,,2,0.0,2
787.0,2,4.1428,2,34.2613,2,,2,,2,0.061,2,,2,0.0,2
788.1,2,4.1091,2,34.2671,2,,2,,2,0.062,2,,2,0.0,2
789.0,2,4.0917,2,34.2717,2,,2,,2,0.061,2,,2,0.0,2
790.1,2,4.0868,2,34.2728,2,,2,,2,0.062,2,,2,0.0,2
791.0,2,4.0818,2,34.2742,2,,2,,2,0.061,2,,2,0.0,2
792.0,2,4.0802,2,34.2749,2,,2,,2,0.061,2,,2,0.0,2
793.0,2,4.0789,2,34.2752,2,,2,,2,0.062,2,,2,0.0,2
794.0,2,4.0757,2,34.2761,2,,2,,2,0.061,2,,2,0.0,2
795.0,2,4.0751,2,34.2762,2,,2,,2,0.062,2,,2,0.0,2
795.9,2,4.0719,2,34.2773,2,,2,,2,0.061,2,,2,0.0,2
797.1,2,4.0691,2,34.278,2,,2,,2,0.061,2,,2,0.0,2
798.0,2,4.0674,2,34.2785,2,,2,,2,0.061,2,,2,0.0,2
799.0,2,4.067,2,34.2783,2,,2,,2,0.061,2,,2,0.0,2
800.0,2,4.0663,2,34.2786,2,,2,,2,0.062,2,,2,0.0,2
800.9,2,4.0658,2,34.2792,2,,2,,2,0.061,2,,2,0.0,2
802.0,2,4.0623,2,34.2797,2,,2,,2,0.061,2,,2,0.0,2
803.1,2,4.0606,2,34.2801,2,,2,,2,0.061,2,,2,0.0,2
804.0,2,4.0584,2,34.2806,2,,2,,2,0.061,2,,2,0.0,2
804.9,2,4.0567,2,34.2813,2,,2,,2,0.062,2,,2,0.0,2
806.2,2,4.0458,2,34.2835,2,,2,,2,0.061,2,,2,0.0,2
807.0,2,4.043,2,34.2843,2,,2,,2,0.061,2,,2,0.0,2
808.3,2,4.0386,2,34.2853,2,,2,,2,0.062,2,,2,0.0,2
808.9,2,4.0367,2,34.2856,2,,2,,2,0.062,2,,2,0.0,2
END_DATA
