CTD,20190304CCHSIOLMM
#---------------------------------------------------------------------------------------------------,,,,,,,,,,,,,,,,,,
#Fluorescence and PAR data are nominal and unedited except that some records were removed in editing temperature and salinity and a large spike in fluorescence was removed from file 0032.,,,,,,,,,,,,,,,,,,
#---------------------------------------------------------------------------------------------------,,,,,,,,,,,,,,,,,,
#The Transmissivity channel was removed because of frequent shifts in values during casts and large variations between values during repeat casts.,,,,,,,,,,,,,,,,,,
#The data are available by request from the chief scientist.,,,,,,,,,,,,,,,,,,
#---------------------------------------------------------------------------------------------------,,,,,,,,,,,,,,,,,,
#NOTE: While the Fluorescence:CTD data are expressed in concentration units they do not always compare well to extracted chlorophyll samples particularly for casts far from shore.,,,,,,,,,,,,,,,,,,
#It is recommended that users check extracted chlorophyll values where available.,,,,,,,,,,,,,,,,,,
#---------------------------------------------------------------------------------------------------,,,,,,,,,,,,,,,,,,
#Oxygen:Dissolved:CTD was calibrated using the method described in the Sea-Bird Application Note #64-2 of June 2012 (Sea-Bird_64-2_Jun2012.pdf) except that a small offset in the fit was allowed.,,,,,,,,,,,,,,,,,,
#,,,,,,,,,,,,,,,,,,
#"The Dissolved Oxygen sensor used in files 0001, 0002 and 0016 malfunctioned so the Oxygen:Dissolved:CTD channels were removed from those files.",,,,,,,,,,,,,,,,,,
#,,,,,,,,,,,,,,,,,,
#The Oxygen:Dissolved:CTD sensor has a fairly long response time so data accuracy is not as high when it is in motion as it is during stops for bottles.,,,,,,,,,,,,,,,,,,
#This will be especially true when vertical dissolved oxygen gradients are large. ,,,,,,,,,,,,,,,,,,
#To get an estimate of the accuracy of the Oxygen:Dissolved:CTD data during downcasts (after recalibration) a rough comparison was made between downcast Oxygen:Dissolved:CTD data and upcast titrated samples. ,,,,,,,,,,,,,,,,,,
#Some of the difference will be due to problems with flushing of Niskin bottles and/or analysis errors so the following statement likely underestimates Oxygen:Dissolved:CTD accuracy.,,,,,,,,,,,,,,,,,,
#,,,,,,,,,,,,,,,,,,
#Downcast (CTD files) Oxygen:Dissolved:CTD data are considered very roughly to be:,,,,,,,,,,,,,,,,,,
#      • ±0.25 ml/l from 0 to 125 dbar,,,,,,,,,,,,,,,,,,
#      • ±0.2 ml/l from 125 to 400 dbar,,,,,,,,,,,,,,,,,,
#      • ±0.1 ml/l from 400 to 600 dbar,,,,,,,,,,,,,,,,,,
#      • ±0.05 ml/l from 600 to 1500 dbar,,,,,,,,,,,,,,,,,,
#      • Low by up to 0.08 ml/l below 1500 dbar,,,,,,,,,,,,,,,,,,
#---------------------------------------------------------------------------------------------------,,,,,,,,,,,,,,,,,,
#For details on the processing see the report 2017-01-proc.pdf,,,,,,,,,,,,,,,,,,
#---------------------------------------------------------------------------------------------------,,,,,,,,,,,,,,,,,,
#,,,,,,,,,,,,,,,,,,
#File Name,Zone,FIL:START TIME YYYY/MM/DD, HH:MM,LOC:EVENT_NUMBER,LOC:LATITUDE,LOC:LONGITUDE,LOC:STATION,INS:LOCATION,Pressure:CTD [dbar],Temperature:CTD [deg_C_(ITS90)],Salinity:CTD [PSS-78],Sigma-t:CTD [kg/m^3],Transmissivity:CTD [*/m],Oxygen:Dissolved:CTD:Volume [ml/l],Oxygen:Dissolved:CTD:Mass [µmol/kg],Fluorescence:CTD:Seapoint [mg/m^3],Fluorescence:CTD:Wetlabs [mg/m^3],PAR:CTD [µE/m^2/sec]
#,,,,,,,,,,,,,,,,,,
NUMBER_HEADERS = 8
EXPOCODE = 18DD20170205
STNBR = P4
CASTNO = 5
DATE = 20170208
TIME =  00:02
LATITUDE = 48.6505
LONGITUDE = -126.66833000000001
CTDPRS,CTDPRS_FLAG_W,CTDTMP,CTDTMP_FLAG_W,CTDSAL,CTDSAL_FLAG_W,CTDOXY,CTDOXY_FLAG_W,CTDXMISS,CTDXMISS_FLAG_W,CTDFLUOR,CTDFLUOR_FLAG_W,CTDFLUOR_TSG,CTDFLUOR_TSG_FLAG_W,PAR,PAR_FLAG_W
DBAR,,ITS-90,,PSS-78,,UMOL/KG,,,,MG/M^3,,MG/M^3,,UE/m^2/sec,
0.9,2,9.2697,2,32.3292,2,276.9,2,,2,0.65,2,,2,148.0,2
1.9,2,9.2748,2,32.3312,2,276.4,2,,2,0.642,2,,2,98.9,2
3.8,2,9.277999999999999,2,32.3344,2,277.1,2,,2,0.659,2,,2,76.3,2
5.1,2,9.2744,2,32.3414,2,276.9,2,,2,0.6579999999999999,2,,2,58.8,2
6.0,2,9.2707,2,32.3454,2,277.0,2,,2,0.68,2,,2,52.3,2
7.0,2,9.2673,2,32.3468,2,276.9,2,,2,0.696,2,,2,47.5,2
8.0,2,9.2626,2,32.348,2,276.5,2,,2,0.72,2,,2,41.6,2
9.0,2,9.2395,2,32.3482,2,276.8,2,,2,0.752,2,,2,37.4,2
10.0,2,9.2228,2,32.3482,2,277.2,2,,2,0.741,2,,2,33.4,2
11.0,2,9.2123,2,32.3483,2,277.3,2,,2,0.7879999999999999,2,,2,28.7,2
12.0,2,9.1972,2,32.3491,2,277.6,2,,2,0.823,2,,2,25.3,2
13.0,2,9.1856,2,32.3483,2,277.9,2,,2,0.8170000000000001,2,,2,23.7,2
14.0,2,9.174,2,32.3497,2,277.7,2,,2,0.851,2,,2,22.6,2
15.0,2,9.1613,2,32.3533,2,277.8,2,,2,0.83,2,,2,20.6,2
16.0,2,9.1475,2,32.3585,2,278.0,2,,2,0.821,2,,2,18.5,2
17.0,2,9.1311,2,32.3653,2,278.0,2,,2,0.81,2,,2,16.5,2
18.0,2,9.1279,2,32.3669,2,277.9,2,,2,0.8079999999999999,2,,2,14.7,2
19.0,2,9.126,2,32.3692,2,277.8,2,,2,0.802,2,,2,13.3,2
19.9,2,9.1268,2,32.3707,2,277.3,2,,2,0.795,2,,2,12.8,2
21.0,2,9.1308,2,32.3769,2,277.3,2,,2,0.7979999999999999,2,,2,12.0,2
22.0,2,9.1307,2,32.3765,2,277.1,2,,2,0.7859999999999999,2,,2,11.0,2
23.0,2,9.1318,2,32.3778,2,277.0,2,,2,0.7909999999999999,2,,2,10.2,2
24.0,2,9.1321,2,32.3791,2,277.1,2,,2,0.775,2,,2,9.4,2
25.0,2,9.1322,2,32.38,2,277.6,2,,2,0.758,2,,2,8.6,2
26.0,2,9.133,2,32.3804,2,277.7,2,,2,0.805,2,,2,8.0,2
27.0,2,9.1325,2,32.3802,2,277.6,2,,2,0.743,2,,2,7.5,2
28.0,2,9.1328,2,32.3814,2,277.6,2,,2,0.7490000000000001,2,,2,7.0,2
29.0,2,9.1332,2,32.3828,2,277.9,2,,2,0.726,2,,2,6.5,2
30.0,2,9.1332,2,32.3828,2,277.9,2,,2,0.752,2,,2,6.0,2
31.0,2,9.1341,2,32.3827,2,278.0,2,,2,0.774,2,,2,5.5,2
32.0,2,9.1338,2,32.3823,2,277.9,2,,2,0.736,2,,2,5.2,2
33.0,2,9.1307,2,32.3814,2,277.6,2,,2,0.775,2,,2,4.9,2
34.0,2,9.129,2,32.382,2,277.7,2,,2,0.773,2,,2,4.6,2
35.0,2,9.1273,2,32.3819,2,277.6,2,,2,0.7120000000000001,2,,2,4.3,2
36.0,2,9.1285,2,32.3824,2,277.8,2,,2,0.6920000000000001,2,,2,4.0,2
37.0,2,9.1327,2,32.3839,2,277.8,2,,2,0.703,2,,2,3.8,2
38.0,2,9.1473,2,32.3884,2,277.5,2,,2,0.693,2,,2,3.5,2
39.0,2,9.1651,2,32.3944,2,277.1,2,,2,0.649,2,,2,3.2,2
40.0,2,9.1797,2,32.3987,2,277.0,2,,2,0.633,2,,2,3.0,2
41.0,2,9.1831,2,32.3997,2,277.1,2,,2,0.627,2,,2,2.8,2
42.0,2,9.1767,2,32.3978,2,277.4,2,,2,0.629,2,,2,2.6,2
43.0,2,9.2081,2,32.4094,2,276.6,2,,2,0.634,2,,2,2.5,2
44.0,2,9.229,2,32.4168,2,276.0,2,,2,0.598,2,,2,2.3,2
45.0,2,9.2379,2,32.4215,2,276.1,2,,2,0.54,2,,2,2.2,2
46.0,2,9.2447,2,32.4237,2,275.9,2,,2,0.522,2,,2,2.1,2
47.0,2,9.2442,2,32.4242,2,275.9,2,,2,0.503,2,,2,1.9,2
48.0,2,9.2414,2,32.4226,2,276.0,2,,2,0.49700000000000005,2,,2,1.8,2
49.0,2,9.2538,2,32.4289,2,275.9,2,,2,0.49200000000000005,2,,2,1.7,2
50.0,2,9.253,2,32.4301,2,275.9,2,,2,0.44799999999999995,2,,2,1.6,2
51.0,2,9.2506,2,32.4325,2,276.0,2,,2,0.435,2,,2,1.5,2
52.0,2,9.2745,2,32.4418,2,275.2,2,,2,0.40700000000000003,2,,2,1.4,2
53.0,2,9.309,2,32.4541,2,272.1,2,,2,0.389,2,,2,1.3,2
54.0,2,9.4307,2,32.4944,2,267.2,2,,2,0.342,2,,2,1.2,2
55.0,2,9.4432,2,32.5101,2,264.5,2,,2,0.336,2,,2,1.2,2
56.0,2,9.4343,2,32.515,2,263.6,2,,2,0.293,2,,2,1.1,2
57.0,2,9.443999999999999,2,32.5202,2,262.3,2,,2,0.28,2,,2,1.0,2
58.0,2,9.4601,2,32.5299,2,260.4,2,,2,0.254,2,,2,1.0,2
59.0,2,9.4691,2,32.5365,2,258.4,2,,2,0.239,2,,2,0.9,2
60.0,2,9.4557,2,32.5454,2,257.3,2,,2,0.22699999999999998,2,,2,0.9,2
61.0,2,9.4383,2,32.549,2,257.4,2,,2,0.225,2,,2,0.8,2
62.0,2,9.416,2,32.5533,2,256.5,2,,2,0.22699999999999998,2,,2,0.8,2
63.0,2,9.4309,2,32.5651,2,253.4,2,,2,0.226,2,,2,0.7,2
64.0,2,9.4252,2,32.5698,2,250.1,2,,2,0.21899999999999997,2,,2,0.7,2
65.0,2,9.4327,2,32.5752,2,247.0,2,,2,0.20199999999999999,2,,2,0.6,2
66.0,2,9.4469,2,32.5855,2,245.1,2,,2,0.18600000000000003,2,,2,0.6,2
67.0,2,9.4601,2,32.5939,2,243.6,2,,2,0.185,2,,2,0.5,2
68.0,2,9.4995,2,32.613,2,242.6,2,,2,0.17,2,,2,0.5,2
69.0,2,9.5158,2,32.619,2,242.9,2,,2,0.17,2,,2,0.5,2
70.0,2,9.5343,2,32.625,2,243.1,2,,2,0.163,2,,2,0.4,2
71.0,2,9.603,2,32.6521,2,242.9,2,,2,0.158,2,,2,0.4,2
72.0,2,9.6413,2,32.6716,2,242.6,2,,2,0.171,2,,2,0.4,2
73.0,2,9.6651,2,32.6816,2,242.3,2,,2,0.161,2,,2,0.3,2
74.0,2,9.6933,2,32.6929,2,242.2,2,,2,0.14800000000000002,2,,2,0.3,2
75.0,2,9.7075,2,32.7021,2,241.8,2,,2,0.151,2,,2,0.3,2
76.0,2,9.722999999999999,2,32.7113,2,240.6,2,,2,0.15,2,,2,0.3,2
77.0,2,9.7267,2,32.7319,2,238.2,2,,2,0.14800000000000002,2,,2,0.3,2
78.0,2,9.6975,2,32.751999999999995,2,235.2,2,,2,0.14800000000000002,2,,2,0.2,2
79.0,2,9.6848,2,32.756,2,233.1,2,,2,0.142,2,,2,0.2,2
80.0,2,9.6475,2,32.764,2,230.4,2,,2,0.14400000000000002,2,,2,0.2,2
81.0,2,9.6283,2,32.7889,2,226.3,2,,2,0.142,2,,2,0.2,2
82.0,2,9.6157,2,32.7991,2,222.9,2,,2,0.141,2,,2,0.2,2
83.0,2,9.5335,2,32.8166,2,220.2,2,,2,0.135,2,,2,0.2,2
84.0,2,9.4914,2,32.8297,2,218.4,2,,2,0.159,2,,2,0.1,2
85.0,2,9.4733,2,32.8338,2,217.2,2,,2,0.139,2,,2,0.1,2
86.0,2,9.4461,2,32.8435,2,214.5,2,,2,0.135,2,,2,0.1,2
87.0,2,9.4447,2,32.9118,2,207.7,2,,2,0.141,2,,2,0.1,2
87.8,2,9.5054,2,33.0102,2,200.8,2,,2,0.127,2,,2,0.1,2
89.0,2,9.5575,2,33.0551,2,192.0,2,,2,0.127,2,,2,0.1,2
90.0,2,9.5599,2,33.0706,2,190.5,2,,2,0.122,2,,2,0.1,2
91.0,2,9.5527,2,33.0798,2,190.1,2,,2,0.11699999999999999,2,,2,0.1,2
92.0,2,9.5454,2,33.0887,2,189.6,2,,2,0.11900000000000001,2,,2,0.1,2
93.0,2,9.5376,2,33.0995,2,188.2,2,,2,0.11800000000000001,2,,2,0.0,2
94.0,2,9.5192,2,33.1322,2,185.7,2,,2,0.115,2,,2,0.0,2
95.0,2,9.4883,2,33.1925,2,182.3,2,,2,0.113,2,,2,0.0,2
96.0,2,9.4557,2,33.2158,2,179.5,2,,2,0.10800000000000001,2,,2,0.0,2
97.0,2,9.4323,2,33.2379,2,177.4,2,,2,0.107,2,,2,0.0,2
98.0,2,9.425,2,33.2531,2,176.6,2,,2,0.10300000000000001,2,,2,0.0,2
99.0,2,9.4252,2,33.2592,2,176.9,2,,2,0.106,2,,2,0.0,2
100.0,2,9.43,2,33.2611,2,177.9,2,,2,0.11,2,,2,0.0,2
101.0,2,9.4361,2,33.2697,2,179.6,2,,2,0.10800000000000001,2,,2,0.0,2
102.0,2,9.4519,2,33.2949,2,181.1,2,,2,0.11,2,,2,0.0,2
103.0,2,9.4512,2,33.3056,2,181.8,2,,2,0.114,2,,2,0.0,2
104.0,2,9.447000000000001,2,33.3126,2,181.6,2,,2,0.11599999999999999,2,,2,0.0,2
105.0,2,9.4404,2,33.3174,2,181.1,2,,2,0.125,2,,2,0.0,2
106.0,2,9.4367,2,33.3209,2,180.4,2,,2,0.12300000000000001,2,,2,0.0,2
107.0,2,9.4343,2,33.3348,2,179.5,2,,2,0.12,2,,2,0.0,2
108.0,2,9.425,2,33.3562,2,177.8,2,,2,0.113,2,,2,0.0,2
109.0,2,9.3639,2,33.3843,2,174.5,2,,2,0.11199999999999999,2,,2,0.0,2
110.0,2,9.354,2,33.4028,2,170.1,2,,2,0.111,2,,2,0.0,2
111.0,2,9.3284,2,33.4219,2,166.7,2,,2,0.111,2,,2,0.0,2
112.0,2,9.3329,2,33.4265,2,163.9,2,,2,0.10400000000000001,2,,2,0.0,2
113.0,2,9.3329,2,33.4396,2,161.1,2,,2,0.098,2,,2,0.0,2
114.0,2,9.2881,2,33.4533,2,159.5,2,,2,0.098,2,,2,0.0,2
115.0,2,9.2415,2,33.4667,2,158.8,2,,2,0.096,2,,2,0.0,2
116.0,2,9.2266,2,33.4756,2,158.6,2,,2,0.092,2,,2,0.0,2
117.0,2,9.224,2,33.4829,2,158.7,2,,2,0.09300000000000001,2,,2,0.0,2
118.0,2,9.2235,2,33.4876,2,158.8,2,,2,0.094,2,,2,0.0,2
119.0,2,9.2231,2,33.49,2,159.0,2,,2,0.091,2,,2,0.0,2
120.0,2,9.2169,2,33.4994,2,159.0,2,,2,0.096,2,,2,0.0,2
121.0,2,9.2076,2,33.5081,2,159.1,2,,2,0.091,2,,2,0.0,2
122.0,2,9.1947,2,33.5178,2,159.4,2,,2,0.084,2,,2,0.0,2
123.0,2,9.1882,2,33.5218,2,159.3,2,,2,0.08900000000000001,2,,2,0.0,2
124.0,2,9.1704,2,33.5294,2,158.2,2,,2,0.086,2,,2,0.0,2
125.0,2,9.1524,2,33.5369,2,156.8,2,,2,0.083,2,,2,0.0,2
126.0,2,9.149,2,33.5384,2,156.0,2,,2,0.086,2,,2,0.0,2
127.0,2,9.1483,2,33.5391,2,156.0,2,,2,0.08199999999999999,2,,2,0.0,2
128.0,2,9.147,2,33.539,2,156.0,2,,2,0.08199999999999999,2,,2,0.0,2
129.0,2,9.1423,2,33.5396,2,155.6,2,,2,0.085,2,,2,0.0,2
130.0,2,9.1374,2,33.5401,2,155.0,2,,2,0.085,2,,2,0.0,2
131.0,2,9.1219,2,33.5482,2,154.5,2,,2,0.083,2,,2,0.0,2
132.0,2,9.102,2,33.5596,2,153.7,2,,2,0.083,2,,2,0.0,2
133.0,2,9.099,2,33.5615,2,153.0,2,,2,0.08199999999999999,2,,2,0.0,2
134.0,2,9.0488,2,33.5782,2,152.1,2,,2,0.08,2,,2,0.0,2
135.0,2,9.0248,2,33.5876,2,150.5,2,,2,0.079,2,,2,0.0,2
136.0,2,8.9935,2,33.603,2,148.4,2,,2,0.078,2,,2,0.0,2
137.0,2,8.935,2,33.626,2,146.5,2,,2,0.076,2,,2,0.0,2
138.0,2,8.8795,2,33.6493,2,145.0,2,,2,0.075,2,,2,0.0,2
139.0,2,8.8274,2,33.6638,2,144.1,2,,2,0.07,2,,2,0.0,2
140.0,2,8.7778,2,33.6768,2,143.2,2,,2,0.069,2,,2,0.0,2
141.0,2,8.7653,2,33.6843,2,141.7,2,,2,0.067,2,,2,0.0,2
142.0,2,8.7463,2,33.7062,2,139.3,2,,2,0.066,2,,2,0.0,2
143.0,2,8.7307,2,33.7188,2,137.3,2,,2,0.065,2,,2,0.0,2
144.0,2,8.7093,2,33.7221,2,136.3,2,,2,0.064,2,,2,0.0,2
145.0,2,8.7064,2,33.7236,2,136.2,2,,2,0.064,2,,2,0.0,2
146.0,2,8.7039,2,33.7247,2,136.5,2,,2,0.064,2,,2,0.0,2
147.0,2,8.6976,2,33.726,2,136.4,2,,2,0.062,2,,2,0.0,2
148.0,2,8.6757,2,33.7282,2,136.5,2,,2,0.063,2,,2,0.0,2
149.0,2,8.6608,2,33.7291,2,136.2,2,,2,0.063,2,,2,0.0,2
150.0,2,8.656,2,33.7318,2,135.5,2,,2,0.065,2,,2,0.0,2
151.0,2,8.6293,2,33.7444,2,134.0,2,,2,0.064,2,,2,0.0,2
152.0,2,8.6385,2,33.7621,2,131.6,2,,2,0.061,2,,2,0.0,2
153.0,2,8.6403,2,33.7677,2,129.2,2,,2,0.063,2,,2,0.0,2
154.0,2,8.6302,2,33.7701,2,127.5,2,,2,0.061,2,,2,0.0,2
155.0,2,8.5968,2,33.7737,2,126.6,2,,2,0.061,2,,2,0.0,2
156.0,2,8.5534,2,33.7788,2,125.9,2,,2,0.062,2,,2,0.0,2
157.0,2,8.5436,2,33.7824,2,125.4,2,,2,0.062,2,,2,0.0,2
158.0,2,8.5379,2,33.7837,2,125.2,2,,2,0.061,2,,2,0.0,2
159.0,2,8.5335,2,33.785,2,125.2,2,,2,0.06,2,,2,0.0,2
160.1,2,8.5314,2,33.7857,2,125.5,2,,2,0.059000000000000004,2,,2,0.0,2
160.7,2,8.5296,2,33.7885,2,125.8,2,,2,0.061,2,,2,0.0,2
163.0,2,8.5044,2,33.7934,2,124.6,2,,2,0.061,2,,2,0.0,2
164.0,2,8.4826,2,33.7985,2,123.9,2,,2,0.06,2,,2,0.0,2
165.0,2,8.4624,2,33.8052,2,123.3,2,,2,0.06,2,,2,0.0,2
166.0,2,8.459,2,33.8057,2,122.8,2,,2,0.06,2,,2,0.0,2
167.0,2,8.4542,2,33.8062,2,122.6,2,,2,0.06,2,,2,0.0,2
168.0,2,8.448,2,33.8072,2,123.1,2,,2,0.06,2,,2,0.0,2
169.0,2,8.4265,2,33.8082,2,123.5,2,,2,0.059000000000000004,2,,2,0.0,2
170.0,2,8.4214,2,33.8131,2,122.8,2,,2,0.06,2,,2,0.0,2
171.0,2,8.4173,2,33.8175,2,121.8,2,,2,0.063,2,,2,0.0,2
172.0,2,8.3999,2,33.8194,2,121.1,2,,2,0.06,2,,2,0.0,2
173.0,2,8.3815,2,33.8231,2,120.5,2,,2,0.061,2,,2,0.0,2
174.0,2,8.3603,2,33.826,2,120.7,2,,2,0.059000000000000004,2,,2,0.0,2
175.0,2,8.3345,2,33.828,2,121.0,2,,2,0.057,2,,2,0.0,2
176.0,2,8.326,2,33.832,2,120.5,2,,2,0.06,2,,2,0.0,2
177.0,2,8.3249,2,33.8347,2,119.8,2,,2,0.057999999999999996,2,,2,0.0,2
178.0,2,8.3252,2,33.8359,2,118.9,2,,2,0.06,2,,2,0.0,2
179.0,2,8.3241,2,33.8375,2,118.2,2,,2,0.059000000000000004,2,,2,0.0,2
180.0,2,8.3111,2,33.8416,2,117.7,2,,2,0.059000000000000004,2,,2,0.0,2
181.0,2,8.2879,2,33.847,2,117.1,2,,2,0.057999999999999996,2,,2,0.0,2
182.0,2,8.2724,2,33.8528,2,116.6,2,,2,0.059000000000000004,2,,2,0.0,2
183.0,2,8.2696,2,33.8539,2,115.9,2,,2,0.057999999999999996,2,,2,0.0,2
184.0,2,8.2679,2,33.8542,2,115.9,2,,2,0.06,2,,2,0.0,2
185.0,2,8.2666,2,33.855,2,115.8,2,,2,0.057999999999999996,2,,2,0.0,2
186.0,2,8.2617,2,33.8558,2,115.7,2,,2,0.059000000000000004,2,,2,0.0,2
186.9,2,8.2553,2,33.8579,2,115.5,2,,2,0.057,2,,2,0.0,2
188.0,2,8.2518,2,33.8588,2,115.4,2,,2,0.057999999999999996,2,,2,0.0,2
189.0,2,8.2494,2,33.8601,2,115.3,2,,2,0.059000000000000004,2,,2,0.0,2
190.0,2,8.2486,2,33.8609,2,115.3,2,,2,0.059000000000000004,2,,2,0.0,2
191.0,2,8.2456,2,33.8628,2,115.3,2,,2,0.057999999999999996,2,,2,0.0,2
191.9,2,8.2347,2,33.8678,2,115.2,2,,2,0.059000000000000004,2,,2,0.0,2
193.2,2,8.2283,2,33.8686,2,114.4,2,,2,0.059000000000000004,2,,2,0.0,2
194.0,2,8.2179,2,33.8714,2,113.9,2,,2,0.059000000000000004,2,,2,0.0,2
195.0,2,8.1899,2,33.8757,2,113.0,2,,2,0.059000000000000004,2,,2,0.0,2
196.0,2,8.1826,2,33.8758,2,112.6,2,,2,0.057999999999999996,2,,2,0.0,2
197.0,2,8.1793,2,33.8759,2,112.3,2,,2,0.059000000000000004,2,,2,0.0,2
198.0,2,8.1743,2,33.8778,2,111.8,2,,2,0.06,2,,2,0.0,2
199.0,2,8.1539,2,33.8818,2,111.3,2,,2,0.062,2,,2,0.0,2
200.0,2,8.1333,2,33.884,2,110.9,2,,2,0.059000000000000004,2,,2,0.0,2
201.0,2,8.1127,2,33.8876,2,110.5,2,,2,0.057,2,,2,0.0,2
202.0,2,8.104,2,33.8898,2,110.3,2,,2,0.057,2,,2,0.0,2
203.0,2,8.1014,2,33.8899,2,110.4,2,,2,0.057,2,,2,0.0,2
204.0,2,8.1003,2,33.89,2,110.1,2,,2,0.057,2,,2,0.0,2
205.0,2,8.0979,2,33.8906,2,109.8,2,,2,0.057999999999999996,2,,2,0.0,2
206.0,2,8.0919,2,33.8922,2,109.8,2,,2,0.057999999999999996,2,,2,0.0,2
207.0,2,8.0841,2,33.894,2,109.6,2,,2,0.059000000000000004,2,,2,0.0,2
208.0,2,8.0744,2,33.8969,2,109.7,2,,2,0.057,2,,2,0.0,2
209.0,2,8.0215,2,33.8956,2,110.9,2,,2,0.057999999999999996,2,,2,0.0,2
210.0,2,7.9958,2,33.8971,2,111.9,2,,2,0.059000000000000004,2,,2,0.0,2
211.0,2,7.9872,2,33.8989,2,112.1,2,,2,0.059000000000000004,2,,2,0.0,2
212.0,2,7.9814,2,33.9001,2,112.3,2,,2,0.059000000000000004,2,,2,0.0,2
213.0,2,7.972,2,33.9013,2,112.1,2,,2,0.059000000000000004,2,,2,0.0,2
214.0,2,7.974,2,33.9032,2,111.6,2,,2,0.059000000000000004,2,,2,0.0,2
215.0,2,7.9805,2,33.9058,2,113.6,2,,2,0.057999999999999996,2,,2,0.0,2
216.0,2,7.9078,2,33.8946,2,118.4,2,,2,0.057999999999999996,2,,2,0.0,2
217.0,2,7.8647,2,33.8907,2,121.3,2,,2,0.057999999999999996,2,,2,0.0,2
218.0,2,7.861000000000001,2,33.8957,2,121.8,2,,2,0.059000000000000004,2,,2,0.0,2
219.0,2,7.8295,2,33.8925,2,123.0,2,,2,0.06,2,,2,0.0,2
220.0,2,7.795,2,33.8882,2,124.9,2,,2,0.057999999999999996,2,,2,0.0,2
221.0,2,7.766,2,33.8818,2,127.1,2,,2,0.055999999999999994,2,,2,0.0,2
222.0,2,7.7259,2,33.8772,2,129.7,2,,2,0.057999999999999996,2,,2,0.0,2
223.0,2,7.7116,2,33.8797,2,131.3,2,,2,0.057,2,,2,0.0,2
224.0,2,7.6818,2,33.8747,2,133.0,2,,2,0.057999999999999996,2,,2,0.0,2
225.0,2,7.6086,2,33.8692,2,136.0,2,,2,0.057999999999999996,2,,2,0.0,2
226.0,2,7.5614,2,33.8667,2,138.0,2,,2,0.057999999999999996,2,,2,0.0,2
227.0,2,7.5296,2,33.8677,2,137.6,2,,2,0.057,2,,2,0.0,2
228.0,2,7.5703,2,33.8784,2,134.8,2,,2,0.06,2,,2,0.0,2
229.0,2,7.5921,2,33.8838,2,131.2,2,,2,0.06,2,,2,0.0,2
230.0,2,7.61,2,33.89,2,128.2,2,,2,0.057,2,,2,0.0,2
231.0,2,7.6316,2,33.895,2,125.6,2,,2,0.057,2,,2,0.0,2
232.0,2,7.6473,2,33.8999,2,123.5,2,,2,0.059000000000000004,2,,2,0.0,2
233.0,2,7.6494,2,33.9014,2,122.1,2,,2,0.06,2,,2,0.0,2
234.0,2,7.659,2,33.9055,2,120.0,2,,2,0.06,2,,2,0.0,2
235.0,2,7.6741,2,33.911,2,117.5,2,,2,0.057999999999999996,2,,2,0.0,2
236.0,2,7.6794,2,33.912,2,116.2,2,,2,0.055999999999999994,2,,2,0.0,2
237.0,2,7.6752,2,33.912,2,116.2,2,,2,0.057999999999999996,2,,2,0.0,2
238.0,2,7.6678,2,33.9115,2,116.2,2,,2,0.057999999999999996,2,,2,0.0,2
239.0,2,7.6688,2,33.9127,2,116.0,2,,2,0.055999999999999994,2,,2,0.0,2
240.0,2,7.6811,2,33.9138,2,115.1,2,,2,0.057,2,,2,0.0,2
241.0,2,7.6823,2,33.914,2,114.7,2,,2,0.057999999999999996,2,,2,0.0,2
242.0,2,7.6762,2,33.9138,2,114.8,2,,2,0.057,2,,2,0.0,2
243.0,2,7.6832,2,33.9143,2,114.8,2,,2,0.057999999999999996,2,,2,0.0,2
244.0,2,7.6772,2,33.9148,2,114.6,2,,2,0.059000000000000004,2,,2,0.0,2
245.0,2,7.6741,2,33.9153,2,114.4,2,,2,0.057999999999999996,2,,2,0.0,2
246.0,2,7.6726,2,33.9158,2,114.3,2,,2,0.059000000000000004,2,,2,0.0,2
247.0,2,7.671,2,33.916,2,113.8,2,,2,0.057,2,,2,0.0,2
248.0,2,7.6682,2,33.9166,2,113.3,2,,2,0.057999999999999996,2,,2,0.0,2
249.0,2,7.6648,2,33.9174,2,112.9,2,,2,0.059000000000000004,2,,2,0.0,2
250.0,2,7.662000000000001,2,33.9178,2,112.5,2,,2,0.059000000000000004,2,,2,0.0,2
251.0,2,7.6576,2,33.9179,2,112.0,2,,2,0.059000000000000004,2,,2,0.0,2
252.0,2,7.6487,2,33.9193,2,111.7,2,,2,0.059000000000000004,2,,2,0.0,2
253.0,2,7.6327,2,33.9209,2,111.9,2,,2,0.057999999999999996,2,,2,0.0,2
254.0,2,7.6221,2,33.9219,2,111.9,2,,2,0.057999999999999996,2,,2,0.0,2
255.0,2,7.6079,2,33.9231,2,111.6,2,,2,0.059000000000000004,2,,2,0.0,2
256.0,2,7.5885,2,33.9249,2,111.2,2,,2,0.059000000000000004,2,,2,0.0,2
257.0,2,7.574,2,33.9259,2,110.6,2,,2,0.059000000000000004,2,,2,0.0,2
258.0,2,7.569,2,33.9266,2,110.1,2,,2,0.06,2,,2,0.0,2
259.0,2,7.5562,2,33.9263,2,110.2,2,,2,0.059000000000000004,2,,2,0.0,2
260.0,2,7.5448,2,33.9269,2,110.2,2,,2,0.057999999999999996,2,,2,0.0,2
261.0,2,7.5329,2,33.9271,2,109.6,2,,2,0.057,2,,2,0.0,2
262.0,2,7.5067,2,33.928000000000004,2,109.1,2,,2,0.059000000000000004,2,,2,0.0,2
263.0,2,7.4841,2,33.928000000000004,2,108.6,2,,2,0.059000000000000004,2,,2,0.0,2
264.0,2,7.4623,2,33.93,2,108.1,2,,2,0.059000000000000004,2,,2,0.0,2
265.0,2,7.4337,2,33.9316,2,107.5,2,,2,0.06,2,,2,0.0,2
266.0,2,7.4122,2,33.9315,2,105.8,2,,2,0.059000000000000004,2,,2,0.0,2
267.0,2,7.3889,2,33.9311,2,103.7,2,,2,0.06,2,,2,0.0,2
268.0,2,7.3531,2,33.9284,2,101.7,2,,2,0.059000000000000004,2,,2,0.0,2
269.0,2,7.3445,2,33.9278,2,100.4,2,,2,0.059000000000000004,2,,2,0.0,2
270.0,2,7.3488,2,33.9298,2,100.2,2,,2,0.059000000000000004,2,,2,0.0,2
271.0,2,7.3509,2,33.9317,2,100.5,2,,2,0.057999999999999996,2,,2,0.0,2
272.0,2,7.3415,2,33.9328,2,100.6,2,,2,0.059000000000000004,2,,2,0.0,2
273.0,2,7.3275,2,33.9326,2,100.2,2,,2,0.059000000000000004,2,,2,0.0,2
274.0,2,7.3206,2,33.9329,2,99.9,2,,2,0.057999999999999996,2,,2,0.0,2
275.0,2,7.3181,2,33.9331,2,99.9,2,,2,0.06,2,,2,0.0,2
276.0,2,7.3184,2,33.9337,2,100.2,2,,2,0.06,2,,2,0.0,2
277.0,2,7.3164,2,33.9342,2,100.5,2,,2,0.059000000000000004,2,,2,0.0,2
278.0,2,7.3157,2,33.9354,2,101.0,2,,2,0.059000000000000004,2,,2,0.0,2
279.0,2,7.3141,2,33.9359,2,101.4,2,,2,0.059000000000000004,2,,2,0.0,2
280.0,2,7.3063,2,33.9375,2,101.7,2,,2,0.06,2,,2,0.0,2
281.0,2,7.3017,2,33.9383,2,101.6,2,,2,0.061,2,,2,0.0,2
282.0,2,7.3001,2,33.9386,2,101.5,2,,2,0.059000000000000004,2,,2,0.0,2
283.0,2,7.2983,2,33.9424,2,101.4,2,,2,0.059000000000000004,2,,2,0.0,2
284.0,2,7.289,2,33.9448,2,101.4,2,,2,0.059000000000000004,2,,2,0.0,2
285.0,2,7.2846,2,33.9456,2,101.7,2,,2,0.06,2,,2,0.0,2
286.0,2,7.2824,2,33.946,2,102.0,2,,2,0.057999999999999996,2,,2,0.0,2
287.0,2,7.281000000000001,2,33.9463,2,101.8,2,,2,0.06,2,,2,0.0,2
288.0,2,7.2806,2,33.9463,2,101.9,2,,2,0.057999999999999996,2,,2,0.0,2
289.0,2,7.2781,2,33.9465,2,102.1,2,,2,0.059000000000000004,2,,2,0.0,2
290.0,2,7.2666,2,33.9472,2,101.9,2,,2,0.057999999999999996,2,,2,0.0,2
291.0,2,7.2496,2,33.9482,2,101.3,2,,2,0.06,2,,2,0.0,2
292.0,2,7.2342,2,33.9494,2,100.9,2,,2,0.06,2,,2,0.0,2
293.0,2,7.2133,2,33.9517,2,100.5,2,,2,0.059000000000000004,2,,2,0.0,2
294.0,2,7.1908,2,33.9527,2,99.6,2,,2,0.059000000000000004,2,,2,0.0,2
295.0,2,7.176,2,33.953,2,99.5,2,,2,0.057999999999999996,2,,2,0.0,2
296.0,2,7.1679,2,33.9525,2,99.5,2,,2,0.06,2,,2,0.0,2
297.0,2,7.1386,2,33.9536,2,99.2,2,,2,0.059000000000000004,2,,2,0.0,2
298.0,2,7.1272,2,33.9547,2,98.8,2,,2,0.059000000000000004,2,,2,0.0,2
299.0,2,7.121,2,33.9558,2,98.7,2,,2,0.059000000000000004,2,,2,0.0,2
300.0,2,7.1189,2,33.9558,2,98.5,2,,2,0.057999999999999996,2,,2,0.0,2
301.0,2,7.1169,2,33.9552,2,98.5,2,,2,0.059000000000000004,2,,2,0.0,2
301.9,2,7.1132,2,33.9563,2,98.5,2,,2,0.059000000000000004,2,,2,0.0,2
303.2,2,7.1086,2,33.9569,2,98.4,2,,2,0.059000000000000004,2,,2,0.0,2
304.0,2,7.1069,2,33.957,2,98.2,2,,2,0.059000000000000004,2,,2,0.0,2
305.0,2,7.106,2,33.958,2,97.8,2,,2,0.059000000000000004,2,,2,0.0,2
306.0,2,7.0973,2,33.9582,2,97.8,2,,2,0.057999999999999996,2,,2,0.0,2
307.0,2,7.0967,2,33.958,2,97.9,2,,2,0.06,2,,2,0.0,2
308.0,2,7.0942,2,33.9581,2,97.9,2,,2,0.06,2,,2,0.0,2
309.0,2,7.0934,2,33.958,2,97.9,2,,2,0.059000000000000004,2,,2,0.0,2
310.0,2,7.0912,2,33.9579,2,97.8,2,,2,0.059000000000000004,2,,2,0.0,2
311.0,2,7.0851,2,33.9583,2,98.1,2,,2,0.057999999999999996,2,,2,0.0,2
312.0,2,7.0825,2,33.9581,2,97.9,2,,2,0.059000000000000004,2,,2,0.0,2
313.0,2,7.0809,2,33.9582,2,97.8,2,,2,0.059000000000000004,2,,2,0.0,2
314.0,2,7.0718,2,33.96,2,97.5,2,,2,0.06,2,,2,0.0,2
315.0,2,7.0621,2,33.9607,2,97.4,2,,2,0.06,2,,2,0.0,2
316.0,2,7.0578,2,33.9609,2,97.2,2,,2,0.06,2,,2,0.0,2
317.0,2,7.0561,2,33.961,2,97.0,2,,2,0.061,2,,2,0.0,2
318.0,2,7.0514,2,33.961,2,96.8,2,,2,0.062,2,,2,0.0,2
319.0,2,7.0379,2,33.9622,2,96.7,2,,2,0.059000000000000004,2,,2,0.0,2
320.0,2,7.0291,2,33.9625,2,96.4,2,,2,0.059000000000000004,2,,2,0.0,2
321.0,2,7.0257,2,33.9625,2,96.3,2,,2,0.06,2,,2,0.0,2
322.0,2,7.0245,2,33.9629,2,96.1,2,,2,0.059000000000000004,2,,2,0.0,2
323.0,2,7.0235,2,33.9632,2,96.1,2,,2,0.059000000000000004,2,,2,0.0,2
324.0,2,7.0094,2,33.9633,2,96.1,2,,2,0.06,2,,2,0.0,2
325.0,2,7.0045,2,33.9639,2,95.7,2,,2,0.06,2,,2,0.0,2
326.0,2,7.0034,2,33.9641,2,95.5,2,,2,0.06,2,,2,0.0,2
327.0,2,6.9837,2,33.9633,2,95.4,2,,2,0.061,2,,2,0.0,2
328.0,2,6.9603,2,33.9626,2,94.8,2,,2,0.059000000000000004,2,,2,0.0,2
329.0,2,6.9488,2,33.9631,2,94.1,2,,2,0.06,2,,2,0.0,2
330.0,2,6.9392,2,33.9651,2,93.4,2,,2,0.06,2,,2,0.0,2
331.4,2,6.9242,2,33.9654,2,91.6,2,,2,0.059000000000000004,2,,2,0.0,2
332.0,2,6.9091,2,33.9658,2,90.9,2,,2,0.057999999999999996,2,,2,0.0,2
333.0,2,6.8866,2,33.9661,2,89.8,2,,2,0.06,2,,2,0.0,2
334.0,2,6.8639,2,33.9671,2,89.1,2,,2,0.061,2,,2,0.0,2
335.0,2,6.8418,2,33.9671,2,88.8,2,,2,0.06,2,,2,0.0,2
336.0,2,6.8404,2,33.9666,2,88.5,2,,2,0.06,2,,2,0.0,2
337.0,2,6.8367,2,33.9668,2,88.4,2,,2,0.06,2,,2,0.0,2
338.0,2,6.8359,2,33.9669,2,88.4,2,,2,0.06,2,,2,0.0,2
339.0,2,6.8265,2,33.9683,2,88.4,2,,2,0.06,2,,2,0.0,2
340.0,2,6.8128,2,33.97,2,88.7,2,,2,0.059000000000000004,2,,2,0.0,2
341.0,2,6.7979,2,33.9694,2,89.3,2,,2,0.059000000000000004,2,,2,0.0,2
342.0,2,6.7639,2,33.9682,2,90.4,2,,2,0.06,2,,2,0.0,2
343.0,2,6.7492,2,33.9672,2,91.3,2,,2,0.062,2,,2,0.0,2
344.0,2,6.754,2,33.9676,2,91.6,2,,2,0.06,2,,2,0.0,2
345.0,2,6.7533,2,33.9675,2,92.1,2,,2,0.06,2,,2,0.0,2
346.0,2,6.7389,2,33.9661,2,92.6,2,,2,0.06,2,,2,0.0,2
347.0,2,6.7336,2,33.9647,2,93.3,2,,2,0.057999999999999996,2,,2,0.0,2
348.1,2,6.7208,2,33.9628,2,93.9,2,,2,0.06,2,,2,0.0,2
349.0,2,6.7055,2,33.9646,2,94.8,2,,2,0.059000000000000004,2,,2,0.0,2
350.0,2,6.6758,2,33.9585,2,96.1,2,,2,0.059000000000000004,2,,2,0.0,2
351.0,2,6.655,2,33.9575,2,96.3,2,,2,0.059000000000000004,2,,2,0.0,2
352.0,2,6.6497,2,33.9589,2,96.0,2,,2,0.06,2,,2,0.0,2
353.0,2,6.6145,2,33.9537,2,96.7,2,,2,0.06,2,,2,0.0,2
354.0,2,6.5701,2,33.9507,2,98.2,2,,2,0.06,2,,2,0.0,2
355.0,2,6.54,2,33.9495,2,99.5,2,,2,0.061,2,,2,0.0,2
356.0,2,6.5122,2,33.9459,2,100.7,2,,2,0.06,2,,2,0.0,2
357.0,2,6.4742,2,33.9409,2,103.0,2,,2,0.06,2,,2,0.0,2
358.0,2,6.4008,2,33.9336,2,106.3,2,,2,0.06,2,,2,0.0,2
359.0,2,6.3677,2,33.9302,2,108.6,2,,2,0.06,2,,2,0.0,2
360.0,2,6.3532,2,33.9309,2,108.9,2,,2,0.061,2,,2,0.0,2
361.0,2,6.3403,2,33.9304,2,108.9,2,,2,0.061,2,,2,0.0,2
362.0,2,6.3087,2,33.9272,2,109.6,2,,2,0.059000000000000004,2,,2,0.0,2
363.0,2,6.2724,2,33.9215,2,111.1,2,,2,0.059000000000000004,2,,2,0.0,2
364.0,2,6.2439,2,33.9164,2,112.6,2,,2,0.059000000000000004,2,,2,0.0,2
365.0,2,6.2364,2,33.9149,2,113.8,2,,2,0.06,2,,2,0.0,2
365.9,2,6.2332,2,33.9158,2,114.4,2,,2,0.06,2,,2,0.0,2
367.2,2,6.2146,2,33.9168,2,115.1,2,,2,0.061,2,,2,0.0,2
368.0,2,6.1971,2,33.9133,2,115.8,2,,2,0.06,2,,2,0.0,2
369.0,2,6.1686,2,33.9104,2,116.4,2,,2,0.059000000000000004,2,,2,0.0,2
370.0,2,6.1402,2,33.9098,2,116.5,2,,2,0.057999999999999996,2,,2,0.0,2
371.0,2,6.1368,2,33.9095,2,116.1,2,,2,0.06,2,,2,0.0,2
372.0,2,6.1401,2,33.9119,2,114.9,2,,2,0.061,2,,2,0.0,2
373.0,2,6.1562,2,33.9171,2,112.8,2,,2,0.06,2,,2,0.0,2
374.0,2,6.1759,2,33.9222,2,110.4,2,,2,0.059000000000000004,2,,2,0.0,2
375.0,2,6.1812,2,33.9237,2,108.5,2,,2,0.057999999999999996,2,,2,0.0,2
376.0,2,6.1871,2,33.9258,2,107.4,2,,2,0.06,2,,2,0.0,2
377.0,2,6.2015,2,33.9281,2,106.1,2,,2,0.06,2,,2,0.0,2
378.0,2,6.2151,2,33.9305,2,104.7,2,,2,0.06,2,,2,0.0,2
379.0,2,6.2266,2,33.9332,2,103.7,2,,2,0.06,2,,2,0.0,2
380.0,2,6.2159,2,33.9325,2,103.6,2,,2,0.06,2,,2,0.0,2
381.0,2,6.228,2,33.9346,2,102.9,2,,2,0.06,2,,2,0.0,2
382.0,2,6.2512,2,33.941,2,100.7,2,,2,0.061,2,,2,0.0,2
383.0,2,6.2805,2,33.9485,2,97.9,2,,2,0.06,2,,2,0.0,2
384.0,2,6.2839,2,33.9498,2,96.0,2,,2,0.06,2,,2,0.0,2
385.0,2,6.2785,2,33.9493,2,95.2,2,,2,0.06,2,,2,0.0,2
386.0,2,6.2807,2,33.9501,2,95.0,2,,2,0.06,2,,2,0.0,2
387.0,2,6.2829,2,33.9501,2,94.9,2,,2,0.06,2,,2,0.0,2
388.0,2,6.2823,2,33.9504,2,95.1,2,,2,0.06,2,,2,0.0,2
389.0,2,6.29,2,33.9516,2,94.7,2,,2,0.06,2,,2,0.0,2
390.0,2,6.297999999999999,2,33.9529,2,94.2,2,,2,0.061,2,,2,0.0,2
391.0,2,6.3011,2,33.9533,2,93.8,2,,2,0.059000000000000004,2,,2,0.0,2
392.0,2,6.3056,2,33.9546,2,93.8,2,,2,0.06,2,,2,0.0,2
393.0,2,6.2716,2,33.95,2,94.7,2,,2,0.059000000000000004,2,,2,0.0,2
394.0,2,6.2148,2,33.9416,2,97.2,2,,2,0.062,2,,2,0.0,2
395.0,2,6.1866,2,33.9363,2,100.1,2,,2,0.061,2,,2,0.0,2
396.0,2,6.1446,2,33.9302,2,102.7,2,,2,0.06,2,,2,0.0,2
397.0,2,6.1298,2,33.9299,2,104.4,2,,2,0.062,2,,2,0.0,2
397.9,2,6.1179,2,33.9292,2,104.6,2,,2,0.06,2,,2,0.0,2
399.0,2,6.0866,2,33.927,2,105.3,2,,2,0.059000000000000004,2,,2,0.0,2
400.0,2,6.069,2,33.9261,2,105.9,2,,2,0.061,2,,2,0.0,2
401.0,2,6.0452,2,33.9247,2,106.1,2,,2,0.061,2,,2,0.0,2
402.0,2,6.032,2,33.9241,2,105.6,2,,2,0.06,2,,2,0.0,2
403.0,2,6.0395,2,33.9275,2,104.9,2,,2,0.057999999999999996,2,,2,0.0,2
404.0,2,6.0414,2,33.9285,2,104.0,2,,2,0.06,2,,2,0.0,2
405.0,2,6.0537,2,33.931,2,102.2,2,,2,0.061,2,,2,0.0,2
406.0,2,6.0827,2,33.9383,2,99.9,2,,2,0.06,2,,2,0.0,2
407.0,2,6.0841,2,33.939,2,98.4,2,,2,0.06,2,,2,0.0,2
408.0,2,6.0888,2,33.9405,2,97.4,2,,2,0.059000000000000004,2,,2,0.0,2
409.0,2,6.0958,2,33.9418,2,96.4,2,,2,0.061,2,,2,0.0,2
410.0,2,6.0956,2,33.9436,2,95.3,2,,2,0.06,2,,2,0.0,2
411.0,2,6.1008,2,33.9496,2,93.3,2,,2,0.06,2,,2,0.0,2
412.0,2,6.0824,2,33.9532,2,91.4,2,,2,0.059000000000000004,2,,2,0.0,2
413.0,2,6.0802,2,33.9542,2,90.0,2,,2,0.06,2,,2,0.0,2
414.0,2,6.0799,2,33.954,2,89.5,2,,2,0.061,2,,2,0.0,2
415.0,2,6.0786,2,33.9541,2,89.4,2,,2,0.061,2,,2,0.0,2
416.0,2,6.0786,2,33.9542,2,89.4,2,,2,0.059000000000000004,2,,2,0.0,2
417.0,2,6.0784,2,33.9543,2,89.3,2,,2,0.06,2,,2,0.0,2
418.0,2,6.0765,2,33.9541,2,89.5,2,,2,0.06,2,,2,0.0,2
419.0,2,6.0667,2,33.9529,2,90.0,2,,2,0.06,2,,2,0.0,2
420.0,2,6.0313,2,33.9508,2,90.4,2,,2,0.06,2,,2,0.0,2
421.0,2,6.0157,2,33.9515,2,90.3,2,,2,0.061,2,,2,0.0,2
422.0,2,6.0082,2,33.9508,2,90.4,2,,2,0.061,2,,2,0.0,2
423.0,2,5.9902,2,33.9488,2,90.9,2,,2,0.06,2,,2,0.0,2
424.0,2,5.9584,2,33.9459,2,91.6,2,,2,0.059000000000000004,2,,2,0.0,2
425.0,2,5.9379,2,33.9432,2,92.7,2,,2,0.06,2,,2,0.0,2
426.0,2,5.925,2,33.9407,2,93.7,2,,2,0.06,2,,2,0.0,2
427.0,2,5.9118,2,33.9395,2,94.7,2,,2,0.059000000000000004,2,,2,0.0,2
427.6,2,5.9124,2,33.9406,2,94.7,2,,2,0.059000000000000004,2,,2,0.0,2
428.9,2,5.903,2,33.9414,2,93.9,2,,2,0.06,2,,2,0.0,2
430.0,2,5.8979,2,33.9432,2,92.9,2,,2,0.06,2,,2,0.0,2
431.0,2,5.8929,2,33.9439,2,92.1,2,,2,0.061,2,,2,0.0,2
432.0,2,5.893,2,33.9441,2,92.0,2,,2,0.06,2,,2,0.0,2
433.0,2,5.8935,2,33.9441,2,91.9,2,,2,0.06,2,,2,0.0,2
434.0,2,5.8788,2,33.9413,2,92.0,2,,2,0.061,2,,2,0.0,2
435.0,2,5.8719,2,33.9407,2,92.6,2,,2,0.059000000000000004,2,,2,0.0,2
436.0,2,5.8661,2,33.9404,2,92.7,2,,2,0.06,2,,2,0.0,2
437.0,2,5.8451,2,33.9404,2,93.0,2,,2,0.06,2,,2,0.0,2
438.0,2,5.81,2,33.9366,2,93.6,2,,2,0.06,2,,2,0.0,2
439.0,2,5.7938,2,33.9345,2,93.7,2,,2,0.06,2,,2,0.0,2
440.0,2,5.8052,2,33.9432,2,92.0,2,,2,0.06,2,,2,0.0,2
441.0,2,5.8153,2,33.9484,2,89.2,2,,2,0.06,2,,2,0.0,2
442.0,2,5.81,2,33.9492,2,87.7,2,,2,0.06,2,,2,0.0,2
443.0,2,5.813,2,33.9527,2,86.0,2,,2,0.059000000000000004,2,,2,0.0,2
444.0,2,5.8221,2,33.9567,2,84.5,2,,2,0.059000000000000004,2,,2,0.0,2
445.0,2,5.8277,2,33.9624,2,82.6,2,,2,0.06,2,,2,0.0,2
446.0,2,5.8201,2,33.9655,2,80.6,2,,2,0.06,2,,2,0.0,2
447.0,2,5.817,2,33.9711,2,78.7,2,,2,0.06,2,,2,0.0,2
448.0,2,5.827000000000001,2,33.9748,2,77.4,2,,2,0.06,2,,2,0.0,2
449.0,2,5.8285,2,33.9755,2,76.6,2,,2,0.06,2,,2,0.0,2
450.0,2,5.8336,2,33.9767,2,75.9,2,,2,0.06,2,,2,0.0,2
451.0,2,5.8355,2,33.9772,2,75.8,2,,2,0.06,2,,2,0.0,2
452.0,2,5.8326,2,33.9783,2,75.7,2,,2,0.061,2,,2,0.0,2
453.0,2,5.8303,2,33.9784,2,75.5,2,,2,0.06,2,,2,0.0,2
454.0,2,5.8232,2,33.979,2,75.7,2,,2,0.061,2,,2,0.0,2
455.0,2,5.8075,2,33.9787,2,75.6,2,,2,0.06,2,,2,0.0,2
456.0,2,5.7816,2,33.9781,2,75.8,2,,2,0.06,2,,2,0.0,2
457.0,2,5.7418,2,33.9741,2,76.2,2,,2,0.06,2,,2,0.0,2
458.0,2,5.6955,2,33.9729,2,76.6,2,,2,0.06,2,,2,0.0,2
459.0,2,5.6764,2,33.9739,2,76.5,2,,2,0.06,2,,2,0.0,2
460.0,2,5.6663,2,33.9732,2,76.1,2,,2,0.06,2,,2,0.0,2
461.0,2,5.6429,2,33.975,2,75.5,2,,2,0.06,2,,2,0.0,2
462.0,2,5.625,2,33.9744,2,75.1,2,,2,0.06,2,,2,0.0,2
463.0,2,5.6185,2,33.9749,2,74.7,2,,2,0.06,2,,2,0.0,2
464.0,2,5.6156,2,33.9764,2,74.3,2,,2,0.06,2,,2,0.0,2
465.0,2,5.6082,2,33.978,2,73.8,2,,2,0.06,2,,2,0.0,2
466.0,2,5.5903,2,33.9789,2,73.0,2,,2,0.061,2,,2,0.0,2
467.1,2,5.5786,2,33.9811,2,72.1,2,,2,0.061,2,,2,0.0,2
467.5,2,5.5756,2,33.9822,2,71.7,2,,2,0.061,2,,2,0.0,2
469.1,2,5.5692,2,33.9832,2,71.0,2,,2,0.061,2,,2,0.0,2
470.0,2,5.5636,2,33.9842,2,70.6,2,,2,0.061,2,,2,0.0,2
471.0,2,5.5551,2,33.9845,2,70.0,2,,2,0.062,2,,2,0.0,2
472.0,2,5.5462,2,33.9846,2,69.8,2,,2,0.06,2,,2,0.0,2
473.0,2,5.5371,2,33.9847,2,69.7,2,,2,0.06,2,,2,0.0,2
474.0,2,5.5281,2,33.9848,2,69.6,2,,2,0.06,2,,2,0.0,2
475.0,2,5.5135,2,33.9847,2,69.7,2,,2,0.061,2,,2,0.0,2
476.0,2,5.5113,2,33.985,2,69.6,2,,2,0.061,2,,2,0.0,2
477.0,2,5.5093,2,33.9851,2,69.5,2,,2,0.061,2,,2,0.0,2
477.9,2,5.4898,2,33.9855,2,69.0,2,,2,0.06,2,,2,0.0,2
479.4,2,5.4734,2,33.9876,2,68.9,2,,2,0.06,2,,2,0.0,2
480.0,2,5.4716,2,33.9878,2,68.1,2,,2,0.06,2,,2,0.0,2
481.0,2,5.462000000000001,2,33.9878,2,67.6,2,,2,0.06,2,,2,0.0,2
482.0,2,5.4467,2,33.9879,2,67.5,2,,2,0.06,2,,2,0.0,2
483.0,2,5.4233,2,33.9869,2,67.2,2,,2,0.06,2,,2,0.0,2
484.0,2,5.3929,2,33.9856,2,67.2,2,,2,0.061,2,,2,0.0,2
485.0,2,5.3827,2,33.9861,2,66.9,2,,2,0.061,2,,2,0.0,2
486.0,2,5.3738,2,33.9867,2,66.2,2,,2,0.061,2,,2,0.0,2
487.0,2,5.3586,2,33.9887,2,65.8,2,,2,0.06,2,,2,0.0,2
488.0,2,5.3277,2,33.9892,2,65.1,2,,2,0.06,2,,2,0.0,2
489.0,2,5.2994,2,33.9871,2,65.1,2,,2,0.06,2,,2,0.0,2
490.0,2,5.2362,2,33.9809,2,65.9,2,,2,0.06,2,,2,0.0,2
491.0,2,5.1955,2,33.9787,2,66.7,2,,2,0.061,2,,2,0.0,2
492.0,2,5.1678,2,33.9787,2,67.0,2,,2,0.061,2,,2,0.0,2
493.0,2,5.1643,2,33.9787,2,66.9,2,,2,0.061,2,,2,0.0,2
494.0,2,5.1554,2,33.9805,2,66.4,2,,2,0.06,2,,2,0.0,2
495.0,2,5.154,2,33.9821,2,65.8,2,,2,0.06,2,,2,0.0,2
496.0,2,5.1531,2,33.9836,2,65.2,2,,2,0.06,2,,2,0.0,2
497.0,2,5.1574,2,33.9863,2,64.3,2,,2,0.06,2,,2,0.0,2
498.0,2,5.1626,2,33.9882,2,63.7,2,,2,0.061,2,,2,0.0,2
499.0,2,5.1748,2,33.992,2,62.9,2,,2,0.061,2,,2,0.0,2
500.0,2,5.2081,2,34.0015,2,61.3,2,,2,0.06,2,,2,0.0,2
501.0,2,5.2196,2,34.0065,2,59.4,2,,2,0.06,2,,2,0.0,2
502.0,2,5.2114,2,34.009,2,58.2,2,,2,0.061,2,,2,0.0,2
503.0,2,5.2183,2,34.0123,2,57.1,2,,2,0.061,2,,2,0.0,2
504.0,2,5.2082,2,34.013000000000005,2,56.8,2,,2,0.06,2,,2,0.0,2
505.0,2,5.1956,2,34.0137,2,56.3,2,,2,0.061,2,,2,0.0,2
506.0,2,5.1654,2,34.0119,2,56.1,2,,2,0.061,2,,2,0.0,2
507.0,2,5.1108,2,34.008,2,56.7,2,,2,0.06,2,,2,0.0,2
508.0,2,5.0931,2,34.0054,2,57.3,2,,2,0.06,2,,2,0.0,2
509.0,2,5.0834,2,34.0053,2,57.9,2,,2,0.06,2,,2,0.0,2
510.4,2,5.0795,2,34.007,2,57.8,2,,2,0.061,2,,2,0.0,2
511.0,2,5.0791,2,34.0074,2,57.6,2,,2,0.061,2,,2,0.0,2
512.0,2,5.0788,2,34.0094,2,57.3,2,,2,0.06,2,,2,0.0,2
513.0,2,5.0442,2,34.008,2,57.3,2,,2,0.06,2,,2,0.0,2
514.0,2,4.9785,2,34.0009,2,57.7,2,,2,0.06,2,,2,0.0,2
515.0,2,4.9448,2,33.9954,2,58.6,2,,2,0.061,2,,2,0.0,2
516.0,2,4.9215,2,33.9923,2,59.4,2,,2,0.061,2,,2,0.0,2
517.0,2,4.9036,2,33.9916,2,59.9,2,,2,0.062,2,,2,0.0,2
518.0,2,4.9152,2,33.9967,2,59.3,2,,2,0.059000000000000004,2,,2,0.0,2
519.0,2,4.9212,2,34.0003,2,58.2,2,,2,0.06,2,,2,0.0,2
520.0,2,4.9205,2,34.001999999999995,2,57.3,2,,2,0.061,2,,2,0.0,2
521.0,2,4.9214,2,34.0031,2,57.0,2,,2,0.06,2,,2,0.0,2
522.0,2,4.9231,2,34.0048,2,56.5,2,,2,0.062,2,,2,0.0,2
523.0,2,4.9285,2,34.008,2,56.0,2,,2,0.062,2,,2,0.0,2
524.0,2,4.9311,2,34.0104,2,55.1,2,,2,0.061,2,,2,0.0,2
525.0,2,4.9322,2,34.012,2,54.4,2,,2,0.061,2,,2,0.0,2
526.0,2,4.9341,2,34.0143,2,53.9,2,,2,0.061,2,,2,0.0,2
527.0,2,4.9262,2,34.0149,2,53.4,2,,2,0.06,2,,2,0.0,2
528.0,2,4.9224,2,34.0155,2,53.4,2,,2,0.06,2,,2,0.0,2
529.0,2,4.9154,2,34.0159,2,53.2,2,,2,0.06,2,,2,0.0,2
530.0,2,4.9232,2,34.0188,2,52.8,2,,2,0.06,2,,2,0.0,2
531.0,2,4.9553,2,34.025999999999996,2,52.2,2,,2,0.06,2,,2,0.0,2
532.0,2,4.9638,2,34.0284,2,51.0,2,,2,0.06,2,,2,0.0,2
533.0,2,4.9634,2,34.029,2,49.8,2,,2,0.06,2,,2,0.0,2
534.0,2,4.9733,2,34.0306,2,49.5,2,,2,0.061,2,,2,0.0,2
535.0,2,4.9677,2,34.033,2,48.9,2,,2,0.06,2,,2,0.0,2
536.0,2,4.9529,2,34.0326,2,48.7,2,,2,0.06,2,,2,0.0,2
537.0,2,4.9462,2,34.0321,2,49.0,2,,2,0.06,2,,2,0.0,2
538.0,2,4.9478,2,34.0334,2,48.9,2,,2,0.061,2,,2,0.0,2
539.0,2,4.9481,2,34.0355,2,48.6,2,,2,0.061,2,,2,0.0,2
540.0,2,4.9362,2,34.0377,2,48.1,2,,2,0.06,2,,2,0.0,2
541.0,2,4.8521,2,34.0274,2,48.5,2,,2,0.06,2,,2,0.0,2
543.0,2,4.8177,2,34.0271,2,49.7,2,,2,0.061,2,,2,0.0,2
544.0,2,4.8071,2,34.0258,2,49.8,2,,2,0.06,2,,2,0.0,2
545.0,2,4.7993,2,34.025,2,49.9,2,,2,0.06,2,,2,0.0,2
546.0,2,4.7933,2,34.0245,2,50.1,2,,2,0.06,2,,2,0.0,2
547.0,2,4.7883,2,34.0238,2,49.8,2,,2,0.06,2,,2,0.0,2
547.9,2,4.7812,2,34.0236,2,49.8,2,,2,0.06,2,,2,0.0,2
549.5,2,4.7713,2,34.0247,2,49.7,2,,2,0.06,2,,2,0.0,2
550.0,2,4.7636,2,34.0243,2,49.9,2,,2,0.061,2,,2,0.0,2
551.0,2,4.7577,2,34.0247,2,49.9,2,,2,0.06,2,,2,0.0,2
552.0,2,4.7557,2,34.0251,2,49.8,2,,2,0.061,2,,2,0.0,2
553.0,2,4.7556,2,34.0254,2,49.7,2,,2,0.06,2,,2,0.0,2
554.0,2,4.7599,2,34.0269,2,49.1,2,,2,0.06,2,,2,0.0,2
554.8,2,4.7696,2,34.0291,2,48.7,2,,2,0.06,2,,2,0.0,2
556.0,2,4.773,2,34.0315,2,48.0,2,,2,0.06,2,,2,0.0,2
557.0,2,4.77,2,34.0328,2,47.8,2,,2,0.061,2,,2,0.0,2
558.0,2,4.7743,2,34.0341,2,47.6,2,,2,0.06,2,,2,0.0,2
559.0,2,4.7734,2,34.0364,2,47.3,2,,2,0.06,2,,2,0.0,2
560.0,2,4.7785,2,34.0406,2,46.4,2,,2,0.061,2,,2,0.0,2
561.0,2,4.7859,2,34.0443,2,45.3,2,,2,0.06,2,,2,0.0,2
562.0,2,4.7958,2,34.0486,2,44.3,2,,2,0.06,2,,2,0.0,2
563.0,2,4.7986,2,34.0507,2,43.8,2,,2,0.061,2,,2,0.0,2
564.0,2,4.7944,2,34.0521,2,43.4,2,,2,0.06,2,,2,0.0,2
565.0,2,4.7879,2,34.0525,2,43.2,2,,2,0.06,2,,2,0.0,2
566.0,2,4.7857,2,34.0532,2,43.0,2,,2,0.06,2,,2,0.0,2
567.0,2,4.7859,2,34.0536,2,43.0,2,,2,0.06,2,,2,0.0,2
568.0,2,4.7866,2,34.0542,2,43.1,2,,2,0.061,2,,2,0.0,2
569.0,2,4.7859,2,34.0549,2,42.9,2,,2,0.06,2,,2,0.0,2
570.0,2,4.7832,2,34.0557,2,42.9,2,,2,0.06,2,,2,0.0,2
571.0,2,4.7657,2,34.0561,2,42.6,2,,2,0.06,2,,2,0.0,2
572.0,2,4.7516,2,34.0559,2,42.3,2,,2,0.061,2,,2,0.0,2
573.0,2,4.7296,2,34.0584,2,42.3,2,,2,0.06,2,,2,0.0,2
574.0,2,4.7152,2,34.0596,2,41.7,2,,2,0.06,2,,2,0.0,2
575.0,2,4.6822,2,34.0618,2,41.1,2,,2,0.062,2,,2,0.0,2
576.0,2,4.6828,2,34.0651,2,40.6,2,,2,0.061,2,,2,0.0,2
577.0,2,4.6929,2,34.0703,2,39.5,2,,2,0.061,2,,2,0.0,2
578.0,2,4.7098,2,34.0773,2,38.0,2,,2,0.06,2,,2,0.0,2
579.0,2,4.7347,2,34.0841,2,36.6,2,,2,0.06,2,,2,0.0,2
580.0,2,4.7403,2,34.0853,2,35.9,2,,2,0.06,2,,2,0.0,2
581.0,2,4.7435,2,34.0866,2,35.3,2,,2,0.061,2,,2,0.0,2
582.0,2,4.7462,2,34.0875,2,35.4,2,,2,0.06,2,,2,0.0,2
583.0,2,4.7463,2,34.0881,2,35.1,2,,2,0.06,2,,2,0.0,2
584.0,2,4.7481,2,34.0897,2,35.2,2,,2,0.061,2,,2,0.0,2
584.7,2,4.763999999999999,2,34.0945,2,35.0,2,,2,0.06,2,,2,0.0,2
586.2,2,4.7765,2,34.096,2,33.8,2,,2,0.06,2,,2,0.0,2
587.0,2,4.7755,2,34.0967,2,33.9,2,,2,0.061,2,,2,0.0,2
588.0,2,4.7641,2,34.096,2,33.6,2,,2,0.061,2,,2,0.0,2
589.0,2,4.7487,2,34.0955,2,33.9,2,,2,0.061,2,,2,0.0,2
590.0,2,4.7307,2,34.095,2,34.2,2,,2,0.061,2,,2,0.0,2
591.0,2,4.7061,2,34.0934,2,34.3,2,,2,0.059000000000000004,2,,2,0.0,2
592.0,2,4.6884,2,34.0929,2,34.2,2,,2,0.06,2,,2,0.0,2
593.0,2,4.6585,2,34.092,2,34.5,2,,2,0.061,2,,2,0.0,2
594.0,2,4.6398,2,34.0923,2,34.6,2,,2,0.061,2,,2,0.0,2
595.0,2,4.6243,2,34.0911,2,34.5,2,,2,0.06,2,,2,0.0,2
596.0,2,4.578,2,34.0913,2,34.7,2,,2,0.061,2,,2,0.0,2
597.0,2,4.5649,2,34.0929,2,34.4,2,,2,0.061,2,,2,0.0,2
597.9,2,4.5602,2,34.0948,2,34.0,2,,2,0.06,2,,2,0.0,2
599.3,2,4.5532,2,34.0949,2,34.0,2,,2,0.061,2,,2,0.0,2
600.0,2,4.5507,2,34.0946,2,34.0,2,,2,0.061,2,,2,0.0,2
601.0,2,4.5505,2,34.0947,2,34.0,2,,2,0.062,2,,2,0.0,2
602.0,2,4.5491,2,34.095,2,33.8,2,,2,0.06,2,,2,0.0,2
603.0,2,4.5503,2,34.0949,2,33.7,2,,2,0.06,2,,2,0.0,2
604.0,2,4.5491,2,34.0953,2,33.6,2,,2,0.061,2,,2,0.0,2
605.0,2,4.5489999999999995,2,34.0953,2,33.7,2,,2,0.061,2,,2,0.0,2
605.9,2,4.5483,2,34.0956,2,33.7,2,,2,0.06,2,,2,0.0,2
607.3,2,4.5491,2,34.0955,2,33.6,2,,2,0.062,2,,2,0.0,2
608.0,2,4.5482,2,34.0956,2,33.6,2,,2,0.061,2,,2,0.0,2
609.0,2,4.5464,2,34.0969,2,33.6,2,,2,0.061,2,,2,0.0,2
610.0,2,4.5467,2,34.0972,2,33.5,2,,2,0.06,2,,2,0.0,2
611.0,2,4.5476,2,34.0974,2,33.4,2,,2,0.06,2,,2,0.0,2
611.9,2,4.548,2,34.0975,2,33.5,2,,2,0.061,2,,2,0.0,2
613.0,2,4.5478,2,34.0987,2,33.1,2,,2,0.061,2,,2,0.0,2
614.0,2,4.5475,2,34.1003,2,32.9,2,,2,0.061,2,,2,0.0,2
615.0,2,4.5556,2,34.1054,2,32.3,2,,2,0.061,2,,2,0.0,2
616.0,2,4.5637,2,34.1104,2,31.1,2,,2,0.06,2,,2,0.0,2
617.0,2,4.5680000000000005,2,34.1144,2,30.1,2,,2,0.062,2,,2,0.0,2
618.0,2,4.5832,2,34.123000000000005,2,28.9,2,,2,0.061,2,,2,0.0,2
619.0,2,4.5947,2,34.1288,2,27.4,2,,2,0.061,2,,2,0.0,2
620.0,2,4.5969999999999995,2,34.1299,2,26.7,2,,2,0.06,2,,2,0.0,2
621.0,2,4.5967,2,34.1299,2,26.7,2,,2,0.06,2,,2,0.0,2
622.0,2,4.5962,2,34.1294,2,26.7,2,,2,0.06,2,,2,0.0,2
623.0,2,4.5967,2,34.1301,2,26.9,2,,2,0.061,2,,2,0.0,2
624.0,2,4.5972,2,34.13,2,26.6,2,,2,0.06,2,,2,0.0,2
625.0,2,4.5923,2,34.1301,2,26.7,2,,2,0.061,2,,2,0.0,2
626.0,2,4.583,2,34.1296,2,26.8,2,,2,0.061,2,,2,0.0,2
627.0,2,4.5734,2,34.1291,2,27.0,2,,2,0.061,2,,2,0.0,2
628.5,2,4.5676,2,34.1292,2,27.0,2,,2,0.06,2,,2,0.0,2
629.0,2,4.5672,2,34.1302,2,26.8,2,,2,0.06,2,,2,0.0,2
630.0,2,4.5766,2,34.1339,2,26.6,2,,2,0.06,2,,2,0.0,2
631.0,2,4.5826,2,34.1369,2,26.2,2,,2,0.061,2,,2,0.0,2
632.0,2,4.5878,2,34.1396,2,25.6,2,,2,0.061,2,,2,0.0,2
633.3,2,4.5924,2,34.1418,2,25.3,2,,2,0.06,2,,2,0.0,2
634.0,2,4.5938,2,34.1439,2,24.9,2,,2,0.06,2,,2,0.0,2
635.0,2,4.5946,2,34.1455,2,24.4,2,,2,0.061,2,,2,0.0,2
636.0,2,4.593,2,34.1477,2,24.3,2,,2,0.061,2,,2,0.0,2
637.0,2,4.5924,2,34.1491,2,24.0,2,,2,0.06,2,,2,0.0,2
638.0,2,4.5923,2,34.1511,2,23.6,2,,2,0.06,2,,2,0.0,2
638.6,2,4.5905,2,34.1537,2,23.6,2,,2,0.061,2,,2,0.0,2
640.2,2,4.5894,2,34.155,2,23.3,2,,2,0.061,2,,2,0.0,2
641.0,2,4.5859,2,34.1573,2,22.9,2,,2,0.061,2,,2,0.0,2
642.0,2,4.5818,2,34.1606,2,22.2,2,,2,0.061,2,,2,0.0,2
643.0,2,4.5804,2,34.1619,2,22.1,2,,2,0.061,2,,2,0.0,2
644.0,2,4.5806,2,34.1626,2,21.6,2,,2,0.061,2,,2,0.0,2
645.0,2,4.581,2,34.1632,2,21.5,2,,2,0.061,2,,2,0.0,2
646.0,2,4.5816,2,34.1645,2,21.3,2,,2,0.061,2,,2,0.0,2
647.0,2,4.5808,2,34.1661,2,21.3,2,,2,0.06,2,,2,0.0,2
647.9,2,4.5797,2,34.1668,2,21.2,2,,2,0.06,2,,2,0.0,2
649.2,2,4.5747,2,34.1695,2,21.1,2,,2,0.06,2,,2,0.0,2
650.0,2,4.564,2,34.1745,2,20.6,2,,2,0.06,2,,2,0.0,2
651.0,2,4.5555,2,34.1787,2,20.1,2,,2,0.061,2,,2,0.0,2
652.0,2,4.5489,2,34.1799,2,19.3,2,,2,0.061,2,,2,0.0,2
653.0,2,4.5425,2,34.1813,2,18.8,2,,2,0.061,2,,2,0.0,2
654.3,2,4.534,2,34.1843,2,18.8,2,,2,0.061,2,,2,0.0,2
655.0,2,4.5301,2,34.1849,2,18.4,2,,2,0.06,2,,2,0.0,2
656.0,2,4.5262,2,34.1859,2,18.3,2,,2,0.061,2,,2,0.0,2
657.0,2,4.5217,2,34.1864,2,18.4,2,,2,0.061,2,,2,0.0,2
658.0,2,4.5079,2,34.1885,2,18.2,2,,2,0.06,2,,2,0.0,2
659.0,2,4.5047,2,34.1886,2,18.1,2,,2,0.06,2,,2,0.0,2
659.9,2,4.5028,2,34.1889,2,18.1,2,,2,0.061,2,,2,0.0,2
661.1,2,4.4922,2,34.1906,2,18.1,2,,2,0.062,2,,2,0.0,2
662.0,2,4.4772,2,34.1929,2,17.8,2,,2,0.061,2,,2,0.0,2
663.0,2,4.4623,2,34.194,2,17.6,2,,2,0.061,2,,2,0.0,2
664.0,2,4.4434,2,34.195,2,17.5,2,,2,0.06,2,,2,0.0,2
665.0,2,4.4375,2,34.1957,2,17.3,2,,2,0.062,2,,2,0.0,2
666.0,2,4.4313,2,34.1961,2,17.3,2,,2,0.061,2,,2,0.0,2
667.0,2,4.4256,2,34.1967,2,17.4,2,,2,0.061,2,,2,0.0,2
668.0,2,4.4218,2,34.1973,2,17.4,2,,2,0.06,2,,2,0.0,2
669.0,2,4.4162,2,34.198,2,17.3,2,,2,0.061,2,,2,0.0,2
670.0,2,4.4058,2,34.1994,2,17.3,2,,2,0.061,2,,2,0.0,2
671.0,2,4.3994,2,34.2,2,17.3,2,,2,0.061,2,,2,0.0,2
672.0,2,4.3973,2,34.2002,2,17.4,2,,2,0.061,2,,2,0.0,2
673.0,2,4.3957,2,34.2004,2,17.4,2,,2,0.061,2,,2,0.0,2
674.0,2,4.3954,2,34.2005,2,17.3,2,,2,0.061,2,,2,0.0,2
675.0,2,4.3942,2,34.201,2,17.2,2,,2,0.061,2,,2,0.0,2
676.0,2,4.3922,2,34.2013,2,17.3,2,,2,0.061,2,,2,0.0,2
677.0,2,4.3915,2,34.2015,2,16.9,2,,2,0.061,2,,2,0.0,2
678.1,2,4.388999999999999,2,34.2025,2,16.8,2,,2,0.061,2,,2,0.0,2
679.1,2,4.3861,2,34.2031,2,16.9,2,,2,0.061,2,,2,0.0,2
680.0,2,4.3847,2,34.2033,2,16.9,2,,2,0.062,2,,2,0.0,2
681.0,2,4.383,2,34.2038,2,17.0,2,,2,0.061,2,,2,0.0,2
682.0,2,4.3784,2,34.2047,2,17.0,2,,2,0.062,2,,2,0.0,2
683.0,2,4.3702,2,34.2057,2,17.1,2,,2,0.061,2,,2,0.0,2
684.0,2,4.3625,2,34.2069,2,16.8,2,,2,0.06,2,,2,0.0,2
685.0,2,4.3599,2,34.2077,2,17.1,2,,2,0.061,2,,2,0.0,2
686.0,2,4.3574,2,34.2076,2,16.9,2,,2,0.061,2,,2,0.0,2
687.0,2,4.3471,2,34.2088,2,16.5,2,,2,0.06,2,,2,0.0,2
688.0,2,4.3375,2,34.2102,2,16.5,2,,2,0.06,2,,2,0.0,2
689.0,2,4.3328,2,34.2111,2,16.7,2,,2,0.061,2,,2,0.0,2
690.0,2,4.3328,2,34.2111,2,16.6,2,,2,0.061,2,,2,0.0,2
691.0,2,4.3255,2,34.2151,2,16.4,2,,2,0.061,2,,2,0.0,2
691.9,2,4.3175,2,34.2166,2,16.4,2,,2,0.062,2,,2,0.0,2
693.0,2,4.3137,2,34.2163,2,16.4,2,,2,0.062,2,,2,0.0,2
694.0,2,4.3116,2,34.2174,2,16.1,2,,2,0.061,2,,2,0.0,2
695.0,2,4.3059,2,34.2181,2,16.1,2,,2,0.06,2,,2,0.0,2
696.0,2,4.2965,2,34.2184,2,16.3,2,,2,0.061,2,,2,0.0,2
697.0,2,4.292,2,34.2186,2,15.9,2,,2,0.06,2,,2,0.0,2
698.0,2,4.2888,2,34.2191,2,15.6,2,,2,0.061,2,,2,0.0,2
699.0,2,4.2867,2,34.2193,2,15.8,2,,2,0.061,2,,2,0.0,2
700.0,2,4.2871,2,34.2208,2,15.9,2,,2,0.061,2,,2,0.0,2
701.0,2,4.2865,2,34.2214,2,16.0,2,,2,0.061,2,,2,0.0,2
702.0,2,4.2818,2,34.2218,2,16.1,2,,2,0.061,2,,2,0.0,2
703.0,2,4.2779,2,34.2224,2,15.6,2,,2,0.061,2,,2,0.0,2
704.0,2,4.2777,2,34.2224,2,15.6,2,,2,0.061,2,,2,0.0,2
705.1,2,4.2776,2,34.2228,2,15.7,2,,2,0.062,2,,2,0.0,2
706.0,2,4.2782,2,34.2227,2,15.7,2,,2,0.061,2,,2,0.0,2
707.0,2,4.2727,2,34.224000000000004,2,15.6,2,,2,0.061,2,,2,0.0,2
708.0,2,4.2564,2,34.2271,2,15.6,2,,2,0.062,2,,2,0.0,2
709.0,2,4.2426,2,34.2291,2,15.5,2,,2,0.061,2,,2,0.0,2
710.0,2,4.2381,2,34.2292,2,15.4,2,,2,0.061,2,,2,0.0,2
711.0,2,4.2304,2,34.2312,2,15.0,2,,2,0.061,2,,2,0.0,2
712.1,2,4.2087,2,34.2303,2,14.9,2,,2,0.062,2,,2,0.0,2
713.0,2,4.2023,2,34.2303,2,14.8,2,,2,0.061,2,,2,0.0,2
714.0,2,4.2009,2,34.2306,2,14.9,2,,2,0.062,2,,2,0.0,2
715.1,2,4.1968,2,34.2311,2,14.9,2,,2,0.061,2,,2,0.0,2
716.2,2,4.1817,2,34.2313,2,14.4,2,,2,0.061,2,,2,0.0,2
717.0,2,4.1747,2,34.2316,2,14.5,2,,2,0.061,2,,2,0.0,2
718.0,2,4.1685,2,34.2313,2,14.4,2,,2,0.061,2,,2,0.0,2
719.0,2,4.1616,2,34.2309,2,14.4,2,,2,0.061,2,,2,0.0,2
720.0,2,4.1591,2,34.2307,2,14.5,2,,2,0.062,2,,2,0.0,2
721.1,2,4.1605,2,34.2315,2,14.3,2,,2,0.061,2,,2,0.0,2
722.3,2,4.1606,2,34.2325,2,14.3,2,,2,0.061,2,,2,0.0,2
723.0,2,4.1701,2,34.2347,2,14.3,2,,2,0.061,2,,2,0.0,2
723.9,2,4.1804,2,34.2384,2,14.5,2,,2,0.062,2,,2,0.0,2
725.1,2,4.1824,2,34.241,2,14.4,2,,2,0.061,2,,2,0.0,2
726.0,2,4.1897,2,34.2435,2,14.4,2,,2,0.061,2,,2,0.0,2
727.0,2,4.184,2,34.2445,2,14.3,2,,2,0.061,2,,2,0.0,2
728.0,2,4.168,2,34.2449,2,14.3,2,,2,0.061,2,,2,0.0,2
729.0,2,4.1649,2,34.2453,2,14.2,2,,2,0.065,2,,2,0.0,2
730.0,2,4.1648,2,34.2452,2,14.0,2,,2,0.061,2,,2,0.0,2
731.1,2,4.1629,2,34.2453,2,13.8,2,,2,0.061,2,,2,0.0,2
732.0,2,4.1641,2,34.2451,2,13.8,2,,2,0.062,2,,2,0.0,2
733.0,2,4.162,2,34.2454,2,13.7,2,,2,0.061,2,,2,0.0,2
734.0,2,4.1618,2,34.2456,2,13.7,2,,2,0.062,2,,2,0.0,2
735.0,2,4.1606,2,34.2457,2,13.7,2,,2,0.061,2,,2,0.0,2
736.0,2,4.1574,2,34.2462,2,13.9,2,,2,0.062,2,,2,0.0,2
737.0,2,4.1524,2,34.2475,2,13.6,2,,2,0.062,2,,2,0.0,2
738.0,2,4.1563,2,34.2491,2,13.4,2,,2,0.062,2,,2,0.0,2
739.0,2,4.1585,2,34.25,2,13.7,2,,2,0.061,2,,2,0.0,2
740.0,2,4.1559,2,34.2516,2,13.6,2,,2,0.061,2,,2,0.0,2
741.0,2,4.155,2,34.253,2,13.4,2,,2,0.062,2,,2,0.0,2
741.7,2,4.1543,2,34.2531,2,13.5,2,,2,0.061,2,,2,0.0,2
743.1,2,4.1543,2,34.2536,2,13.4,2,,2,0.061,2,,2,0.0,2
744.0,2,4.1536,2,34.2546,2,13.2,2,,2,0.061,2,,2,0.0,2
745.0,2,4.1518,2,34.2569,2,13.3,2,,2,0.061,2,,2,0.0,2
746.0,2,4.1495,2,34.2581,2,13.4,2,,2,0.061,2,,2,0.0,2
747.0,2,4.1463,2,34.2594,2,13.2,2,,2,0.061,2,,2,0.0,2
748.0,2,4.1395,2,34.2611,2,13.1,2,,2,0.062,2,,2,0.0,2
749.0,2,4.1326,2,34.2635,2,13.0,2,,2,0.06,2,,2,0.0,2
750.0,2,4.1256,2,34.2658,2,13.1,2,,2,0.062,2,,2,0.0,2
751.0,2,4.1229,2,34.2662,2,13.1,2,,2,0.062,2,,2,0.0,2
752.0,2,4.121,2,34.2666,2,13.1,2,,2,0.061,2,,2,0.0,2
753.0,2,4.1199,2,34.2671,2,12.9,2,,2,0.061,2,,2,0.0,2
754.0,2,4.1185,2,34.2672,2,13.1,2,,2,0.062,2,,2,0.0,2
755.0,2,4.1167,2,34.2677,2,13.0,2,,2,0.061,2,,2,0.0,2
756.0,2,4.1155,2,34.2682,2,13.0,2,,2,0.062,2,,2,0.0,2
757.0,2,4.1137,2,34.2686,2,13.0,2,,2,0.061,2,,2,0.0,2
758.0,2,4.1084,2,34.2697,2,13.0,2,,2,0.062,2,,2,0.0,2
759.0,2,4.1023,2,34.271,2,12.9,2,,2,0.061,2,,2,0.0,2
760.0,2,4.0962,2,34.2728,2,13.0,2,,2,0.062,2,,2,0.0,2
761.0,2,4.0855,2,34.2751,2,12.8,2,,2,0.061,2,,2,0.0,2
762.0,2,4.0823,2,34.2754,2,12.5,2,,2,0.062,2,,2,0.0,2
763.0,2,4.0804,2,34.2758,2,12.4,2,,2,0.062,2,,2,0.0,2
764.0,2,4.0786,2,34.275999999999996,2,12.3,2,,2,0.061,2,,2,0.0,2
764.6,2,4.0778,2,34.2762,2,12.7,2,,2,0.062,2,,2,0.0,2
766.1,2,4.0746,2,34.277,2,12.3,2,,2,0.062,2,,2,0.0,2
767.0,2,4.0695,2,34.2782,2,12.2,2,,2,0.061,2,,2,0.0,2
768.0,2,4.0658,2,34.2792,2,12.5,2,,2,0.062,2,,2,0.0,2
769.0,2,4.0631,2,34.2797,2,12.4,2,,2,0.062,2,,2,0.0,2
769.7,2,4.0621,2,34.2801,2,12.4,2,,2,0.062,2,,2,0.0,2
771.1,2,4.0579,2,34.281,2,12.1,2,,2,0.061,2,,2,0.0,2
772.0,2,4.0547,2,34.2818,2,12.2,2,,2,0.061,2,,2,0.0,2
773.0,2,4.0508,2,34.2828,2,12.1,2,,2,0.061,2,,2,0.0,2
774.0,2,4.0491,2,34.2832,2,12.0,2,,2,0.06,2,,2,0.0,2
775.0,2,4.0478,2,34.2835,2,12.1,2,,2,0.062,2,,2,0.0,2
776.0,2,4.047,2,34.2838,2,12.0,2,,2,0.062,2,,2,0.0,2
777.0,2,4.0468,2,34.2839,2,12.0,2,,2,0.062,2,,2,0.0,2
778.0,2,4.0454,2,34.2843,2,12.0,2,,2,0.063,2,,2,0.0,2
778.7,2,4.045,2,34.2853,2,12.0,2,,2,0.062,2,,2,0.0,2
780.2,2,4.0419,2,34.2849,2,12.1,2,,2,0.062,2,,2,0.0,2
781.0,2,4.0375,2,34.286,2,12.0,2,,2,0.061,2,,2,0.0,2
782.0,2,4.0354,2,34.2866,2,11.9,2,,2,0.062,2,,2,0.0,2
783.0,2,4.0332,2,34.287,2,12.1,2,,2,0.062,2,,2,0.0,2
784.0,2,4.0308,2,34.2876,2,12.1,2,,2,0.061,2,,2,0.0,2
785.0,2,4.0287,2,34.2881,2,11.9,2,,2,0.061,2,,2,0.0,2
786.0,2,4.0279,2,34.2881,2,12.0,2,,2,0.061,2,,2,0.0,2
787.0,2,4.0273,2,34.2883,2,12.0,2,,2,0.062,2,,2,0.0,2
788.0,2,4.0258,2,34.2887,2,12.1,2,,2,0.061,2,,2,0.0,2
789.0,2,4.024,2,34.2891,2,11.9,2,,2,0.063,2,,2,0.0,2
790.0,2,4.0212,2,34.2898,2,12.0,2,,2,0.062,2,,2,0.0,2
791.0,2,4.0192,2,34.2901,2,11.9,2,,2,0.062,2,,2,0.0,2
792.0,2,4.018,2,34.2904,2,11.8,2,,2,0.061,2,,2,0.0,2
793.0,2,4.0173,2,34.2905,2,11.8,2,,2,0.062,2,,2,0.0,2
794.0,2,4.0164,2,34.2909,2,12.0,2,,2,0.063,2,,2,0.0,2
795.0,2,4.015,2,34.2912,2,12.0,2,,2,0.062,2,,2,0.0,2
796.0,2,4.0129,2,34.2917,2,11.7,2,,2,0.062,2,,2,0.0,2
797.0,2,4.0086,2,34.2924,2,11.6,2,,2,0.061,2,,2,0.0,2
798.0,2,4.0052,2,34.2934,2,11.9,2,,2,0.061,2,,2,0.0,2
799.0,2,4.004,2,34.2937,2,11.6,2,,2,0.061,2,,2,0.0,2
800.0,2,4.0001,2,34.2942,2,11.7,2,,2,0.062,2,,2,0.0,2
801.0,2,3.9905,2,34.2958,2,11.9,2,,2,0.062,2,,2,0.0,2
802.0,2,3.9878,2,34.2963,2,12.0,2,,2,0.062,2,,2,0.0,2
803.0,2,3.9867,2,34.2965,2,11.9,2,,2,0.061,2,,2,0.0,2
804.0,2,3.9834,2,34.297,2,12.0,2,,2,0.062,2,,2,0.0,2
805.0,2,3.9760000000000004,2,34.2986,2,11.7,2,,2,0.062,2,,2,0.0,2
805.7,2,3.9732,2,34.2994,2,11.7,2,,2,0.061,2,,2,0.0,2
807.2,2,3.9634,2,34.3012,2,11.6,2,,2,0.061,2,,2,0.0,2
808.0,2,3.9624,2,34.3014,2,11.7,2,,2,0.062,2,,2,0.0,2
809.0,2,3.9588,2,34.3022,2,11.6,2,,2,0.061,2,,2,0.0,2
810.0,2,3.9548,2,34.303000000000004,2,11.8,2,,2,0.061,2,,2,0.0,2
811.0,2,3.9531,2,34.3035,2,11.8,2,,2,0.062,2,,2,0.0,2
812.0,2,3.951,2,34.3039,2,11.6,2,,2,0.061,2,,2,0.0,2
813.0,2,3.9504,2,34.3039,2,11.5,2,,2,0.062,2,,2,0.0,2
814.0,2,3.9479,2,34.3046,2,11.6,2,,2,0.062,2,,2,0.0,2
815.0,2,3.9427,2,34.306999999999995,2,11.7,2,,2,0.061,2,,2,0.0,2
816.2,2,3.9364,2,34.3071,2,11.4,2,,2,0.062,2,,2,0.0,2
817.0,2,3.9335,2,34.3077,2,11.2,2,,2,0.062,2,,2,0.0,2
818.0,2,3.93,2,34.3084,2,11.3,2,,2,0.061,2,,2,0.0,2
819.0,2,3.9281,2,34.3088,2,11.6,2,,2,0.061,2,,2,0.0,2
820.0,2,3.9271,2,34.3092,2,11.4,2,,2,0.061,2,,2,0.0,2
821.0,2,3.925,2,34.3097,2,11.4,2,,2,0.062,2,,2,0.0,2
822.0,2,3.9229,2,34.3105,2,11.0,2,,2,0.062,2,,2,0.0,2
823.0,2,3.9225,2,34.3107,2,10.8,2,,2,0.062,2,,2,0.0,2
824.0,2,3.9218,2,34.3111,2,10.7,2,,2,0.061,2,,2,0.0,2
825.0,2,3.9210000000000003,2,34.3112,2,10.9,2,,2,0.061,2,,2,0.0,2
826.0,2,3.9206,2,34.3116,2,11.0,2,,2,0.061,2,,2,0.0,2
827.0,2,3.9196,2,34.3118,2,10.7,2,,2,0.061,2,,2,0.0,2
828.0,2,3.9187,2,34.3123,2,10.9,2,,2,0.061,2,,2,0.0,2
829.0,2,3.9183,2,34.3123,2,10.6,2,,2,0.062,2,,2,0.0,2
830.0,2,3.9189999999999996,2,34.3123,2,10.5,2,,2,0.061,2,,2,0.0,2
831.0,2,3.9184,2,34.3127,2,10.6,2,,2,0.062,2,,2,0.0,2
832.0,2,3.9183,2,34.3126,2,10.7,2,,2,0.062,2,,2,0.0,2
833.0,2,3.9189,2,34.3126,2,10.8,2,,2,0.061,2,,2,0.0,2
834.0,2,3.9189999999999996,2,34.3126,2,10.8,2,,2,0.061,2,,2,0.0,2
835.0,2,3.9186,2,34.3128,2,10.6,2,,2,0.061,2,,2,0.0,2
836.0,2,3.9179,2,34.313,2,10.6,2,,2,0.061,2,,2,0.0,2
837.0,2,3.9137,2,34.3139,2,10.7,2,,2,0.062,2,,2,0.0,2
838.0,2,3.9099,2,34.3147,2,10.5,2,,2,0.062,2,,2,0.0,2
839.0,2,3.9083,2,34.315,2,10.7,2,,2,0.062,2,,2,0.0,2
840.0,2,3.9074,2,34.3151,2,10.6,2,,2,0.062,2,,2,0.0,2
841.0,2,3.9068,2,34.3155,2,10.6,2,,2,0.062,2,,2,0.0,2
842.0,2,3.9057,2,34.3157,2,10.6,2,,2,0.062,2,,2,0.0,2
842.7,2,3.9056,2,34.3158,2,10.5,2,,2,0.062,2,,2,0.0,2
844.0,2,3.9043,2,34.316,2,10.7,2,,2,0.062,2,,2,0.0,2
845.0,2,3.9008,2,34.317,2,10.6,2,,2,0.062,2,,2,0.0,2
846.0,2,3.8983,2,34.3173,2,10.4,2,,2,0.061,2,,2,0.0,2
847.0,2,3.8925,2,34.3187,2,10.5,2,,2,0.062,2,,2,0.0,2
848.0,2,3.8882,2,34.3189,2,10.7,2,,2,0.061,2,,2,0.0,2
849.0,2,3.8857,2,34.3194,2,10.7,2,,2,0.062,2,,2,0.0,2
850.0,2,3.8829,2,34.3198,2,10.3,2,,2,0.061,2,,2,0.0,2
851.0,2,3.8799,2,34.32,2,10.3,2,,2,0.061,2,,2,0.0,2
852.0,2,3.8792,2,34.3199,2,10.1,2,,2,0.061,2,,2,0.0,2
852.7,2,3.878,2,34.3202,2,10.4,2,,2,0.062,2,,2,0.0,2
854.1,2,3.8778,2,34.3198,2,10.5,2,,2,0.062,2,,2,0.0,2
855.0,2,3.8723,2,34.3201,2,10.4,2,,2,0.061,2,,2,0.0,2
856.0,2,3.8715,2,34.3201,2,10.3,2,,2,0.061,2,,2,0.0,2
857.0,2,3.8712,2,34.3203,2,10.6,2,,2,0.061,2,,2,0.0,2
857.9,2,3.8704,2,34.32,2,10.2,2,,2,0.061,2,,2,0.0,2
859.0,2,3.8689,2,34.3201,2,10.3,2,,2,0.061,2,,2,0.0,2
860.0,2,3.8632,2,34.3202,2,10.8,2,,2,0.062,2,,2,0.0,2
861.0,2,3.8533,2,34.32,2,10.6,2,,2,0.061,2,,2,0.0,2
862.0,2,3.8471,2,34.3209,2,10.3,2,,2,0.061,2,,2,0.0,2
863.0,2,3.844,2,34.3228,2,10.6,2,,2,0.062,2,,2,0.0,2
864.0,2,3.8426,2,34.3224,2,10.4,2,,2,0.062,2,,2,0.0,2
865.0,2,3.8424,2,34.3227,2,10.2,2,,2,0.061,2,,2,0.0,2
866.0,2,3.8387,2,34.3231,2,10.4,2,,2,0.062,2,,2,0.0,2
867.0,2,3.8302,2,34.3236,2,10.8,2,,2,0.061,2,,2,0.0,2
868.0,2,3.8241,2,34.3237,2,10.3,2,,2,0.061,2,,2,0.0,2
869.0,2,3.8114,2,34.3244,2,10.4,2,,2,0.062,2,,2,0.0,2
870.0,2,3.8068,2,34.3255,2,10.3,2,,2,0.062,2,,2,0.0,2
871.0,2,3.8062,2,34.3261,2,10.3,2,,2,0.061,2,,2,0.0,2
872.0,2,3.8057,2,34.3267,2,10.3,2,,2,0.061,2,,2,0.0,2
873.0,2,3.8031,2,34.3274,2,10.5,2,,2,0.062,2,,2,0.0,2
874.0,2,3.8002,2,34.3278,2,10.4,2,,2,0.061,2,,2,0.0,2
875.0,2,3.7982,2,34.3281,2,10.4,2,,2,0.061,2,,2,0.0,2
876.0,2,3.7964,2,34.3287,2,10.3,2,,2,0.061,2,,2,0.0,2
877.0,2,3.7956,2,34.3287,2,10.3,2,,2,0.061,2,,2,0.0,2
878.0,2,3.7946,2,34.329,2,10.3,2,,2,0.061,2,,2,0.0,2
879.0,2,3.7938,2,34.3292,2,10.3,2,,2,0.062,2,,2,0.0,2
880.0,2,3.7931,2,34.3294,2,10.4,2,,2,0.061,2,,2,0.0,2
880.9,2,3.7906,2,34.3299,2,10.4,2,,2,0.061,2,,2,0.0,2
882.0,2,3.7835,2,34.3308,2,10.1,2,,2,0.062,2,,2,0.0,2
883.0,2,3.7795,2,34.332,2,10.3,2,,2,0.062,2,,2,0.0,2
884.0,2,3.7789,2,34.3321,2,10.6,2,,2,0.061,2,,2,0.0,2
885.0,2,3.7769,2,34.3325,2,10.4,2,,2,0.061,2,,2,0.0,2
886.4,2,3.7729,2,34.3334,2,10.5,2,,2,0.062,2,,2,0.0,2
887.0,2,3.7716,2,34.3338,2,10.3,2,,2,0.062,2,,2,0.0,2
888.0,2,3.7663,2,34.3353,2,10.1,2,,2,0.061,2,,2,0.0,2
889.0,2,3.7602,2,34.3361,2,10.3,2,,2,0.062,2,,2,0.0,2
890.1,2,3.7541,2,34.3373,2,10.3,2,,2,0.061,2,,2,0.0,2
890.8,2,3.7519,2,34.3404,2,10.1,2,,2,0.061,2,,2,0.0,2
892.2,2,3.7544,2,34.341,2,10.6,2,,2,0.061,2,,2,0.0,2
893.0,2,3.755,2,34.3415,2,10.5,2,,2,0.061,2,,2,0.0,2
894.0,2,3.7553,2,34.3421,2,10.3,2,,2,0.061,2,,2,0.0,2
895.0,2,3.7548,2,34.3427,2,10.3,2,,2,0.061,2,,2,0.0,2
896.0,2,3.7541,2,34.3432,2,10.3,2,,2,0.062,2,,2,0.0,2
897.0,2,3.7532,2,34.3438,2,10.3,2,,2,0.061,2,,2,0.0,2
898.0,2,3.7523,2,34.3443,2,10.4,2,,2,0.061,2,,2,0.0,2
899.0,2,3.7519,2,34.3442,2,10.4,2,,2,0.061,2,,2,0.0,2
900.0,2,3.7510000000000003,2,34.3451,2,10.4,2,,2,0.062,2,,2,0.0,2
901.0,2,3.75,2,34.3454,2,10.5,2,,2,0.061,2,,2,0.0,2
902.0,2,3.7489,2,34.346,2,10.7,2,,2,0.061,2,,2,0.0,2
903.0,2,3.7468,2,34.3463,2,10.4,2,,2,0.062,2,,2,0.0,2
904.0,2,3.7439999999999998,2,34.3468,2,10.4,2,,2,0.063,2,,2,0.0,2
905.0,2,3.7374,2,34.3483,2,10.8,2,,2,0.062,2,,2,0.0,2
906.0,2,3.7339,2,34.349000000000004,2,10.5,2,,2,0.061,2,,2,0.0,2
907.0,2,3.7324,2,34.3497,2,10.7,2,,2,0.061,2,,2,0.0,2
908.0,2,3.7310000000000003,2,34.3498,2,10.6,2,,2,0.062,2,,2,0.0,2
909.0,2,3.7310000000000003,2,34.3499,2,10.5,2,,2,0.061,2,,2,0.0,2
910.0,2,3.7307,2,34.3501,2,10.6,2,,2,0.061,2,,2,0.0,2
911.0,2,3.7304,2,34.3501,2,10.5,2,,2,0.062,2,,2,0.0,2
912.0,2,3.7299,2,34.3502,2,10.9,2,,2,0.063,2,,2,0.0,2
913.0,2,3.7281,2,34.3506,2,11.0,2,,2,0.062,2,,2,0.0,2
914.0,2,3.7264,2,34.3516,2,10.5,2,,2,0.061,2,,2,0.0,2
915.0,2,3.7248,2,34.3513,2,10.9,2,,2,0.061,2,,2,0.0,2
916.0,2,3.7211,2,34.3519,2,10.7,2,,2,0.061,2,,2,0.0,2
917.0,2,3.715,2,34.3533,2,10.5,2,,2,0.062,2,,2,0.0,2
918.0,2,3.7114,2,34.3537,2,10.4,2,,2,0.061,2,,2,0.0,2
919.0,2,3.7033,2,34.3548,2,10.5,2,,2,0.061,2,,2,0.0,2
919.6,2,3.6991,2,34.3556,2,10.7,2,,2,0.062,2,,2,0.0,2
921.0,2,3.6969,2,34.3558,2,10.6,2,,2,0.061,2,,2,0.0,2
922.0,2,3.6961,2,34.356,2,10.6,2,,2,0.061,2,,2,0.0,2
923.0,2,3.6942,2,34.3563,2,10.5,2,,2,0.061,2,,2,0.0,2
924.0,2,3.6929,2,34.3564,2,10.6,2,,2,0.061,2,,2,0.0,2
925.0,2,3.6915,2,34.3572,2,10.6,2,,2,0.061,2,,2,0.0,2
926.1,2,3.6806,2,34.3582,2,10.5,2,,2,0.061,2,,2,0.0,2
927.0,2,3.6746,2,34.3589,2,10.5,2,,2,0.061,2,,2,0.0,2
928.0,2,3.6707,2,34.3592,2,10.9,2,,2,0.061,2,,2,0.0,2
929.0,2,3.6660000000000004,2,34.3593,2,10.6,2,,2,0.062,2,,2,0.0,2
930.0,2,3.6664,2,34.3592,2,10.3,2,,2,0.061,2,,2,0.0,2
931.0,2,3.6665,2,34.3594,2,10.6,2,,2,0.062,2,,2,0.0,2
932.0,2,3.6627,2,34.3593,2,10.7,2,,2,0.06,2,,2,0.0,2
933.0,2,3.6586,2,34.3597,2,10.6,2,,2,0.062,2,,2,0.0,2
934.0,2,3.6586,2,34.3598,2,10.6,2,,2,0.061,2,,2,0.0,2
935.0,2,3.6587,2,34.3598,2,10.6,2,,2,0.061,2,,2,0.0,2
936.0,2,3.6586,2,34.3598,2,10.5,2,,2,0.061,2,,2,0.0,2
937.0,2,3.6583,2,34.3599,2,10.6,2,,2,0.061,2,,2,0.0,2
938.0,2,3.6576,2,34.3599,2,10.6,2,,2,0.061,2,,2,0.0,2
939.0,2,3.6527,2,34.36,2,10.5,2,,2,0.062,2,,2,0.0,2
940.0,2,3.6473,2,34.3603,2,10.6,2,,2,0.061,2,,2,0.0,2
940.9,2,3.6418,2,34.3605,2,10.6,2,,2,0.06,2,,2,0.0,2
943.0,2,3.6273,2,34.3631,2,10.5,2,,2,0.062,2,,2,0.0,2
944.0,2,3.6209,2,34.3646,2,10.6,2,,2,0.062,2,,2,0.0,2
945.0,2,3.6197,2,34.3649,2,10.8,2,,2,0.061,2,,2,0.0,2
946.0,2,3.6194,2,34.365,2,10.7,2,,2,0.062,2,,2,0.0,2
947.0,2,3.6187,2,34.3651,2,10.4,2,,2,0.061,2,,2,0.0,2
948.0,2,3.6171,2,34.3657,2,10.7,2,,2,0.061,2,,2,0.0,2
949.0,2,3.6156,2,34.3662,2,10.9,2,,2,0.06,2,,2,0.0,2
950.0,2,3.6143,2,34.3667,2,10.8,2,,2,0.061,2,,2,0.0,2
951.0,2,3.6129,2,34.3673,2,10.9,2,,2,0.061,2,,2,0.0,2
952.0,2,3.6106,2,34.3677,2,10.8,2,,2,0.062,2,,2,0.0,2
953.0,2,3.6081,2,34.3686,2,10.9,2,,2,0.062,2,,2,0.0,2
954.0,2,3.6061,2,34.3693,2,10.7,2,,2,0.062,2,,2,0.0,2
955.0,2,3.6042,2,34.3699,2,11.0,2,,2,0.061,2,,2,0.0,2
956.0,2,3.6033,2,34.37,2,11.1,2,,2,0.061,2,,2,0.0,2
957.0,2,3.6026,2,34.3703,2,10.7,2,,2,0.061,2,,2,0.0,2
958.0,2,3.6022,2,34.3704,2,10.8,2,,2,0.061,2,,2,0.0,2
959.0,2,3.6008,2,34.3708,2,11.1,2,,2,0.062,2,,2,0.0,2
960.0,2,3.5994,2,34.3712,2,11.2,2,,2,0.061,2,,2,0.0,2
961.0,2,3.5989999999999998,2,34.3712,2,11.0,2,,2,0.061,2,,2,0.0,2
962.0,2,3.5989999999999998,2,34.3712,2,11.2,2,,2,0.062,2,,2,0.0,2
963.0,2,3.5964,2,34.3719,2,10.9,2,,2,0.061,2,,2,0.0,2
964.0,2,3.5942,2,34.3726,2,10.9,2,,2,0.061,2,,2,0.0,2
965.0,2,3.5926,2,34.3728,2,11.2,2,,2,0.062,2,,2,0.0,2
966.0,2,3.5905,2,34.3731,2,11.0,2,,2,0.062,2,,2,0.0,2
966.9,2,3.5898,2,34.3734,2,11.0,2,,2,0.061,2,,2,0.0,2
968.3,2,3.5894,2,34.3736,2,11.1,2,,2,0.061,2,,2,0.0,2
969.0,2,3.5895,2,34.3735,2,11.1,2,,2,0.061,2,,2,0.0,2
970.0,2,3.5887,2,34.3736,2,10.8,2,,2,0.061,2,,2,0.0,2
971.0,2,3.5869999999999997,2,34.3742,2,11.0,2,,2,0.061,2,,2,0.0,2
972.0,2,3.5856,2,34.3745,2,11.0,2,,2,0.061,2,,2,0.0,2
973.0,2,3.5837,2,34.3748,2,11.1,2,,2,0.062,2,,2,0.0,2
974.1,2,3.5831,2,34.3753,2,11.1,2,,2,0.061,2,,2,0.0,2
975.0,2,3.5828,2,34.375,2,11.0,2,,2,0.062,2,,2,0.0,2
976.0,2,3.5828,2,34.3751,2,11.1,2,,2,0.061,2,,2,0.0,2
977.0,2,3.5828,2,34.3752,2,11.1,2,,2,0.061,2,,2,0.0,2
978.0,2,3.5826,2,34.3753,2,11.0,2,,2,0.061,2,,2,0.0,2
979.0,2,3.5823,2,34.3753,2,11.0,2,,2,0.061,2,,2,0.0,2
980.0,2,3.5818,2,34.3755,2,11.1,2,,2,0.061,2,,2,0.0,2
981.0,2,3.5818,2,34.3755,2,11.0,2,,2,0.062,2,,2,0.0,2
982.0,2,3.5819,2,34.3755,2,11.0,2,,2,0.062,2,,2,0.0,2
983.0,2,3.5821,2,34.3755,2,11.2,2,,2,0.062,2,,2,0.0,2
984.0,2,3.5823,2,34.3755,2,11.2,2,,2,0.062,2,,2,0.0,2
985.0,2,3.5823,2,34.3754,2,11.0,2,,2,0.061,2,,2,0.0,2
986.0,2,3.5823,2,34.3755,2,11.0,2,,2,0.061,2,,2,0.0,2
987.0,2,3.5826,2,34.3753,2,11.1,2,,2,0.061,2,,2,0.0,2
988.0,2,3.5831,2,34.3753,2,11.0,2,,2,0.061,2,,2,0.0,2
989.0,2,3.5833,2,34.3753,2,11.1,2,,2,0.061,2,,2,0.0,2
990.0,2,3.5841,2,34.3753,2,11.0,2,,2,0.061,2,,2,0.0,2
991.0,2,3.5838,2,34.3753,2,11.0,2,,2,0.061,2,,2,0.0,2
992.0,2,3.5841,2,34.3753,2,11.0,2,,2,0.06,2,,2,0.0,2
993.0,2,3.5845,2,34.3753,2,11.1,2,,2,0.061,2,,2,0.0,2
994.0,2,3.5844,2,34.3753,2,11.0,2,,2,0.061,2,,2,0.0,2
995.0,2,3.5845,2,34.3753,2,10.9,2,,2,0.062,2,,2,0.0,2
996.0,2,3.5843,2,34.3753,2,11.0,2,,2,0.061,2,,2,0.0,2
997.0,2,3.5844,2,34.3752,2,11.1,2,,2,0.062,2,,2,0.0,2
998.0,2,3.5822,2,34.3758,2,10.8,2,,2,0.061,2,,2,0.0,2
999.0,2,3.5787,2,34.3765,2,11.1,2,,2,0.061,2,,2,0.0,2
1000.0,2,3.5768,2,34.3768,2,11.2,2,,2,0.061,2,,2,0.0,2
1001.0,2,3.5764,2,34.376999999999995,2,11.1,2,,2,0.061,2,,2,0.0,2
1002.0,2,3.5749,2,34.3772,2,11.2,2,,2,0.061,2,,2,0.0,2
1003.0,2,3.5708,2,34.378,2,11.0,2,,2,0.061,2,,2,0.0,2
1004.0,2,3.5667,2,34.3785,2,11.1,2,,2,0.061,2,,2,0.0,2
1005.0,2,3.563,2,34.3791,2,11.0,2,,2,0.06,2,,2,0.0,2
1006.0,2,3.5595,2,34.3799,2,11.1,2,,2,0.061,2,,2,0.0,2
1007.0,2,3.5565,2,34.381,2,11.2,2,,2,0.061,2,,2,0.0,2
1008.0,2,3.5547,2,34.3807,2,11.2,2,,2,0.061,2,,2,0.0,2
1009.0,2,3.5537,2,34.3807,2,11.2,2,,2,0.061,2,,2,0.0,2
1010.0,2,3.5518,2,34.3811,2,11.1,2,,2,0.061,2,,2,0.0,2
1011.0,2,3.5419,2,34.3829,2,11.2,2,,2,0.061,2,,2,0.0,2
1012.0,2,3.532,2,34.3847,2,11.4,2,,2,0.062,2,,2,0.0,2
1013.0,2,3.5293,2,34.3851,2,11.3,2,,2,0.061,2,,2,0.0,2
1014.0,2,3.5282,2,34.3851,2,11.3,2,,2,0.061,2,,2,0.0,2
1015.0,2,3.5273,2,34.3853,2,11.3,2,,2,0.061,2,,2,0.0,2
1016.0,2,3.5269999999999997,2,34.3854,2,11.4,2,,2,0.061,2,,2,0.0,2
1017.0,2,3.5256,2,34.3859,2,11.3,2,,2,0.061,2,,2,0.0,2
1018.0,2,3.5246,2,34.3857,2,11.6,2,,2,0.061,2,,2,0.0,2
1019.0,2,3.5185,2,34.3866,2,11.4,2,,2,0.061,2,,2,0.0,2
1020.0,2,3.511,2,34.3881,2,11.5,2,,2,0.062,2,,2,0.0,2
1021.0,2,3.5091,2,34.3885,2,11.4,2,,2,0.061,2,,2,0.0,2
1022.0,2,3.5062,2,34.3888,2,11.5,2,,2,0.061,2,,2,0.0,2
1023.0,2,3.4997,2,34.3899,2,11.5,2,,2,0.06,2,,2,0.0,2
1024.0,2,3.4986,2,34.3901,2,11.6,2,,2,0.062,2,,2,0.0,2
1025.0,2,3.4982,2,34.3901,2,11.4,2,,2,0.061,2,,2,0.0,2
1026.0,2,3.4977,2,34.3904,2,11.5,2,,2,0.061,2,,2,0.0,2
1027.0,2,3.4965,2,34.3905,2,11.6,2,,2,0.062,2,,2,0.0,2
1028.0,2,3.4944,2,34.3907,2,11.6,2,,2,0.062,2,,2,0.0,2
1029.0,2,3.4899,2,34.3913,2,11.7,2,,2,0.061,2,,2,0.0,2
1030.0,2,3.4862,2,34.3921,2,11.7,2,,2,0.061,2,,2,0.0,2
1031.0,2,3.4853,2,34.3926,2,11.6,2,,2,0.062,2,,2,0.0,2
1032.0,2,3.4843,2,34.3923,2,11.7,2,,2,0.061,2,,2,0.0,2
1033.0,2,3.4822,2,34.3925,2,11.9,2,,2,0.061,2,,2,0.0,2
1034.0,2,3.4787,2,34.3931,2,11.6,2,,2,0.061,2,,2,0.0,2
1035.0,2,3.4785,2,34.3931,2,11.6,2,,2,0.061,2,,2,0.0,2
1036.0,2,3.4786,2,34.393,2,11.4,2,,2,0.062,2,,2,0.0,2
1037.0,2,3.4784,2,34.3933,2,11.6,2,,2,0.062,2,,2,0.0,2
1038.0,2,3.4781,2,34.3934,2,11.8,2,,2,0.062,2,,2,0.0,2
1039.0,2,3.4778,2,34.3932,2,11.7,2,,2,0.061,2,,2,0.0,2
1040.0,2,3.4785,2,34.3933,2,11.8,2,,2,0.061,2,,2,0.0,2
1041.0,2,3.4744,2,34.3937,2,11.6,2,,2,0.061,2,,2,0.0,2
1042.0,2,3.472,2,34.3942,2,11.8,2,,2,0.061,2,,2,0.0,2
1043.0,2,3.4639,2,34.395,2,12.0,2,,2,0.061,2,,2,0.0,2
1044.0,2,3.4576,2,34.3961,2,11.9,2,,2,0.062,2,,2,0.0,2
1045.0,2,3.4603,2,34.3958,2,11.7,2,,2,0.061,2,,2,0.0,2
1046.0,2,3.4608,2,34.3957,2,11.9,2,,2,0.061,2,,2,0.0,2
1047.0,2,3.4598,2,34.3957,2,11.9,2,,2,0.062,2,,2,0.0,2
1048.0,2,3.4609,2,34.3957,2,11.9,2,,2,0.061,2,,2,0.0,2
1049.0,2,3.449,2,34.397,2,12.2,2,,2,0.061,2,,2,0.0,2
1050.0,2,3.4401,2,34.3984,2,12.2,2,,2,0.061,2,,2,0.0,2
1051.0,2,3.4382,2,34.3987,2,12.1,2,,2,0.061,2,,2,0.0,2
1052.0,2,3.4369,2,34.3989,2,12.2,2,,2,0.061,2,,2,0.0,2
1053.0,2,3.4356,2,34.3992,2,12.2,2,,2,0.061,2,,2,0.0,2
1054.0,2,3.435,2,34.3993,2,12.5,2,,2,0.062,2,,2,0.0,2
1055.0,2,3.4352,2,34.3993,2,12.2,2,,2,0.061,2,,2,0.0,2
1056.0,2,3.4334,2,34.3996,2,12.1,2,,2,0.061,2,,2,0.0,2
1057.0,2,3.4267,2,34.4005,2,12.3,2,,2,0.061,2,,2,0.0,2
1058.0,2,3.417,2,34.4021,2,12.3,2,,2,0.06,2,,2,0.0,2
1059.0,2,3.4163,2,34.4023,2,12.4,2,,2,0.061,2,,2,0.0,2
1060.0,2,3.4144,2,34.4026,2,12.3,2,,2,0.062,2,,2,0.0,2
1061.0,2,3.4132,2,34.4027,2,12.4,2,,2,0.061,2,,2,0.0,2
1062.0,2,3.4118,2,34.4031,2,12.4,2,,2,0.061,2,,2,0.0,2
1063.0,2,3.4115,2,34.4031,2,12.2,2,,2,0.062,2,,2,0.0,2
1064.0,2,3.4107,2,34.4033,2,12.3,2,,2,0.06,2,,2,0.0,2
1065.0,2,3.4105,2,34.4033,2,12.5,2,,2,0.062,2,,2,0.0,2
1066.0,2,3.4102,2,34.4035,2,12.3,2,,2,0.061,2,,2,0.0,2
1067.0,2,3.4103,2,34.4036,2,12.2,2,,2,0.061,2,,2,0.0,2
1068.0,2,3.4104,2,34.4034,2,12.4,2,,2,0.061,2,,2,0.0,2
1069.0,2,3.4105,2,34.4035,2,12.2,2,,2,0.061,2,,2,0.0,2
1070.0,2,3.4102,2,34.4036,2,12.4,2,,2,0.061,2,,2,0.0,2
1071.0,2,3.4099,2,34.4037,2,12.3,2,,2,0.062,2,,2,0.0,2
1072.0,2,3.4094,2,34.4038,2,12.3,2,,2,0.062,2,,2,0.0,2
1073.0,2,3.4092,2,34.4038,2,12.4,2,,2,0.061,2,,2,0.0,2
1074.0,2,3.4069,2,34.4043,2,12.4,2,,2,0.061,2,,2,0.0,2
1075.0,2,3.4049,2,34.4048,2,12.3,2,,2,0.061,2,,2,0.0,2
1076.0,2,3.4031,2,34.4051,2,12.5,2,,2,0.061,2,,2,0.0,2
1077.0,2,3.3992,2,34.4056,2,12.4,2,,2,0.061,2,,2,0.0,2
1078.0,2,3.3982,2,34.4057,2,12.4,2,,2,0.06,2,,2,0.0,2
1079.0,2,3.3939999999999997,2,34.4062,2,12.4,2,,2,0.061,2,,2,0.0,2
1080.0,2,3.3902,2,34.4068,2,12.2,2,,2,0.061,2,,2,0.0,2
1081.0,2,3.3863,2,34.4073,2,12.5,2,,2,0.06,2,,2,0.0,2
1081.8,2,3.3848,2,34.4078,2,12.6,2,,2,0.061,2,,2,0.0,2
1083.3,2,3.3762,2,34.4089,2,12.4,2,,2,0.061,2,,2,0.0,2
1084.0,2,3.3704,2,34.4095,2,12.4,2,,2,0.061,2,,2,0.0,2
1085.0,2,3.3668,2,34.4101,2,12.6,2,,2,0.06,2,,2,0.0,2
1086.0,2,3.3637,2,34.4105,2,12.7,2,,2,0.061,2,,2,0.0,2
1087.0,2,3.3592,2,34.4112,2,12.6,2,,2,0.062,2,,2,0.0,2
1088.0,2,3.3543,2,34.4118,2,12.7,2,,2,0.061,2,,2,0.0,2
1089.0,2,3.3519,2,34.4122,2,12.8,2,,2,0.061,2,,2,0.0,2
1090.0,2,3.3507,2,34.4124,2,12.9,2,,2,0.061,2,,2,0.0,2
1091.0,2,3.3479,2,34.4129,2,12.6,2,,2,0.062,2,,2,0.0,2
1092.0,2,3.3451,2,34.4132,2,12.9,2,,2,0.061,2,,2,0.0,2
1093.0,2,3.3433,2,34.4139,2,12.9,2,,2,0.061,2,,2,0.0,2
1094.0,2,3.3433,2,34.4139,2,13.1,2,,2,0.061,2,,2,0.0,2
1095.0,2,3.3429,2,34.4139,2,12.8,2,,2,0.061,2,,2,0.0,2
1096.0,2,3.3423,2,34.4141,2,12.6,2,,2,0.062,2,,2,0.0,2
1097.0,2,3.3418,2,34.4143,2,12.9,2,,2,0.061,2,,2,0.0,2
1098.0,2,3.3416,2,34.4145,2,12.8,2,,2,0.061,2,,2,0.0,2
1099.0,2,3.3413,2,34.4146,2,12.9,2,,2,0.061,2,,2,0.0,2
1100.0,2,3.3414,2,34.4147,2,12.9,2,,2,0.062,2,,2,0.0,2
1101.0,2,3.341,2,34.4149,2,12.6,2,,2,0.061,2,,2,0.0,2
1102.0,2,3.3407,2,34.415,2,12.9,2,,2,0.06,2,,2,0.0,2
1103.0,2,3.3402,2,34.4151,2,12.9,2,,2,0.061,2,,2,0.0,2
1104.0,2,3.3397,2,34.4151,2,12.9,2,,2,0.061,2,,2,0.0,2
1105.0,2,3.34,2,34.4153,2,12.9,2,,2,0.061,2,,2,0.0,2
1106.0,2,3.3388,2,34.4154,2,13.0,2,,2,0.061,2,,2,0.0,2
1107.0,2,3.3385,2,34.4153,2,12.8,2,,2,0.062,2,,2,0.0,2
1108.0,2,3.3381,2,34.4154,2,12.9,2,,2,0.061,2,,2,0.0,2
1109.0,2,3.338,2,34.4156,2,13.2,2,,2,0.061,2,,2,0.0,2
1110.0,2,3.3366,2,34.4159,2,12.9,2,,2,0.061,2,,2,0.0,2
1111.0,2,3.3358,2,34.416,2,12.8,2,,2,0.061,2,,2,0.0,2
1112.0,2,3.3357,2,34.4161,2,13.0,2,,2,0.061,2,,2,0.0,2
1113.0,2,3.3352,2,34.4162,2,12.9,2,,2,0.061,2,,2,0.0,2
1114.0,2,3.3344,2,34.4164,2,12.8,2,,2,0.061,2,,2,0.0,2
1115.0,2,3.3332,2,34.4167,2,12.9,2,,2,0.061,2,,2,0.0,2
1116.0,2,3.3327,2,34.4167,2,13.1,2,,2,0.061,2,,2,0.0,2
1117.0,2,3.3316,2,34.4169,2,13.0,2,,2,0.061,2,,2,0.0,2
1118.0,2,3.3298,2,34.4172,2,13.1,2,,2,0.061,2,,2,0.0,2
1119.0,2,3.3280000000000003,2,34.4173,2,13.0,2,,2,0.061,2,,2,0.0,2
1120.0,2,3.3258,2,34.4177,2,13.0,2,,2,0.061,2,,2,0.0,2
1121.0,2,3.3229,2,34.4181,2,12.8,2,,2,0.061,2,,2,0.0,2
1122.0,2,3.3179,2,34.4188,2,13.2,2,,2,0.061,2,,2,0.0,2
1123.0,2,3.3092,2,34.42,2,13.6,2,,2,0.061,2,,2,0.0,2
1124.0,2,3.3014,2,34.4212,2,13.3,2,,2,0.061,2,,2,0.0,2
1125.0,2,3.2991,2,34.4217,2,13.2,2,,2,0.061,2,,2,0.0,2
1126.0,2,3.2989,2,34.4216,2,13.5,2,,2,0.06,2,,2,0.0,2
1127.0,2,3.2968,2,34.422,2,13.3,2,,2,0.061,2,,2,0.0,2
1128.0,2,3.2947,2,34.4224,2,13.2,2,,2,0.061,2,,2,0.0,2
1129.0,2,3.2949,2,34.4223,2,13.4,2,,2,0.061,2,,2,0.0,2
1130.0,2,3.2936,2,34.4225,2,13.7,2,,2,0.061,2,,2,0.0,2
1131.0,2,3.2918,2,34.4227,2,13.3,2,,2,0.061,2,,2,0.0,2
1132.0,2,3.2911,2,34.4228,2,13.6,2,,2,0.061,2,,2,0.0,2
1133.0,2,3.2896,2,34.4231,2,13.6,2,,2,0.062,2,,2,0.0,2
1134.0,2,3.2885,2,34.4232,2,13.5,2,,2,0.061,2,,2,0.0,2
1135.0,2,3.2839,2,34.4237,2,13.4,2,,2,0.061,2,,2,0.0,2
1136.0,2,3.2785,2,34.4243,2,13.5,2,,2,0.061,2,,2,0.0,2
1137.0,2,3.2760000000000002,2,34.4246,2,13.7,2,,2,0.062,2,,2,0.0,2
1138.0,2,3.2745,2,34.4249,2,13.6,2,,2,0.061,2,,2,0.0,2
1139.0,2,3.2745,2,34.425,2,13.5,2,,2,0.06,2,,2,0.0,2
1140.0,2,3.2745,2,34.425,2,13.6,2,,2,0.062,2,,2,0.0,2
1141.0,2,3.266,2,34.4261,2,13.6,2,,2,0.06,2,,2,0.0,2
1142.0,2,3.2587,2,34.4269,2,13.8,2,,2,0.061,2,,2,0.0,2
1142.6,2,3.2568,2,34.4274,2,13.8,2,,2,0.061,2,,2,0.0,2
1144.2,2,3.2544,2,34.4275,2,13.8,2,,2,0.06,2,,2,0.0,2
1145.0,2,3.2502,2,34.4279,2,13.9,2,,2,0.061,2,,2,0.0,2
1146.0,2,3.2424,2,34.4292,2,14.1,2,,2,0.061,2,,2,0.0,2
1147.0,2,3.2367,2,34.43,2,14.2,2,,2,0.062,2,,2,0.0,2
1148.0,2,3.2356,2,34.4305,2,13.8,2,,2,0.061,2,,2,0.0,2
1149.0,2,3.2356,2,34.4303,2,14.1,2,,2,0.061,2,,2,0.0,2
1150.0,2,3.2289,2,34.4307,2,14.4,2,,2,0.06,2,,2,0.0,2
1151.0,2,3.2230000000000003,2,34.4316,2,14.1,2,,2,0.061,2,,2,0.0,2
1152.0,2,3.2218,2,34.4317,2,13.9,2,,2,0.061,2,,2,0.0,2
1152.9,2,3.2221,2,34.4315,2,14.2,2,,2,0.061,2,,2,0.0,2
1155.1,2,3.2187,2,34.4318,2,14.2,2,,2,0.061,2,,2,0.0,2
1156.0,2,3.2181,2,34.4319,2,14.2,2,,2,0.061,2,,2,0.0,2
1157.0,2,3.2177,2,34.431999999999995,2,14.2,2,,2,0.06,2,,2,0.0,2
1158.0,2,3.2165,2,34.4321,2,13.9,2,,2,0.061,2,,2,0.0,2
1159.0,2,3.2125,2,34.4322,2,13.8,2,,2,0.061,2,,2,0.0,2
1160.0,2,3.2008,2,34.4329,2,14.3,2,,2,0.062,2,,2,0.0,2
1160.9,2,3.1954,2,34.4336,2,14.6,2,,2,0.061,2,,2,0.0,2
1162.4,2,3.1894,2,34.4344,2,14.3,2,,2,0.06,2,,2,0.0,2
1163.0,2,3.1887,2,34.4342,2,14.4,2,,2,0.06,2,,2,0.0,2
1164.0,2,3.1879,2,34.4343,2,14.4,2,,2,0.06,2,,2,0.0,2
1165.0,2,3.1863,2,34.4345,2,14.4,2,,2,0.06,2,,2,0.0,2
1166.0,2,3.1846,2,34.4346,2,14.4,2,,2,0.06,2,,2,0.0,2
1167.0,2,3.1830000000000003,2,34.4348,2,14.5,2,,2,0.061,2,,2,0.0,2
1168.0,2,3.1825,2,34.435,2,14.3,2,,2,0.06,2,,2,0.0,2
1169.0,2,3.1814,2,34.4349,2,14.3,2,,2,0.06,2,,2,0.0,2
1170.0,2,3.1806,2,34.4351,2,14.5,2,,2,0.061,2,,2,0.0,2
1171.0,2,3.1786,2,34.4355,2,14.7,2,,2,0.062,2,,2,0.0,2
1172.0,2,3.1743,2,34.4357,2,14.4,2,,2,0.06,2,,2,0.0,2
1173.0,2,3.1672,2,34.4365,2,14.6,2,,2,0.062,2,,2,0.0,2
1174.0,2,3.1631,2,34.4368,2,14.5,2,,2,0.06,2,,2,0.0,2
1175.0,2,3.1595,2,34.437,2,14.5,2,,2,0.06,2,,2,0.0,2
1176.0,2,3.1589,2,34.4372,2,14.8,2,,2,0.06,2,,2,0.0,2
1177.0,2,3.158,2,34.4373,2,14.9,2,,2,0.061,2,,2,0.0,2
1178.0,2,3.157,2,34.4375,2,14.6,2,,2,0.061,2,,2,0.0,2
1179.0,2,3.1561,2,34.4376,2,14.5,2,,2,0.061,2,,2,0.0,2
1180.0,2,3.1531,2,34.4379,2,14.7,2,,2,0.061,2,,2,0.0,2
1181.0,2,3.1506,2,34.4381,2,14.7,2,,2,0.061,2,,2,0.0,2
1182.0,2,3.1471,2,34.4384,2,14.8,2,,2,0.06,2,,2,0.0,2
1183.0,2,3.1433,2,34.4388,2,14.5,2,,2,0.06,2,,2,0.0,2
1184.0,2,3.1375,2,34.4393,2,14.6,2,,2,0.062,2,,2,0.0,2
1185.0,2,3.1365,2,34.4394,2,14.7,2,,2,0.062,2,,2,0.0,2
1186.0,2,3.1362,2,34.4395,2,14.8,2,,2,0.061,2,,2,0.0,2
1187.0,2,3.1357,2,34.4396,2,14.9,2,,2,0.061,2,,2,0.0,2
1188.0,2,3.1369,2,34.4395,2,14.9,2,,2,0.06,2,,2,0.0,2
1189.0,2,3.1355,2,34.4395,2,14.9,2,,2,0.061,2,,2,0.0,2
1190.0,2,3.1316,2,34.4399,2,14.9,2,,2,0.06,2,,2,0.0,2
1191.0,2,3.1264,2,34.4401,2,14.6,2,,2,0.061,2,,2,0.0,2
1192.0,2,3.1194,2,34.4408,2,15.2,2,,2,0.061,2,,2,0.0,2
1193.0,2,3.1173,2,34.441,2,15.0,2,,2,0.06,2,,2,0.0,2
1194.0,2,3.1158,2,34.4411,2,14.6,2,,2,0.061,2,,2,0.0,2
1195.0,2,3.115,2,34.4413,2,14.7,2,,2,0.061,2,,2,0.0,2
1196.0,2,3.1151,2,34.4412,2,15.2,2,,2,0.06,2,,2,0.0,2
1196.7,2,3.1133,2,34.4415,2,15.1,2,,2,0.06,2,,2,0.0,2
1198.2,2,3.1088,2,34.4418,2,15.0,2,,2,0.061,2,,2,0.0,2
1199.0,2,3.1072,2,34.442,2,15.0,2,,2,0.061,2,,2,0.0,2
1200.0,2,3.1072,2,34.4418,2,15.1,2,,2,0.061,2,,2,0.0,2
1201.0,2,3.1071,2,34.4418,2,15.2,2,,2,0.06,2,,2,0.0,2
1202.0,2,3.1067,2,34.4421,2,14.9,2,,2,0.061,2,,2,0.0,2
1203.0,2,3.1065,2,34.442,2,14.9,2,,2,0.06,2,,2,0.0,2
1204.0,2,3.1063,2,34.442,2,14.9,2,,2,0.061,2,,2,0.0,2
1205.0,2,3.105,2,34.4421,2,14.9,2,,2,0.061,2,,2,0.0,2
1206.0,2,3.1039999999999996,2,34.4423,2,15.1,2,,2,0.061,2,,2,0.0,2
1206.9,2,3.1037,2,34.4426,2,15.0,2,,2,0.061,2,,2,0.0,2
1208.1,2,3.1003,2,34.4426,2,14.9,2,,2,0.061,2,,2,0.0,2
1209.0,2,3.0994,2,34.4426,2,15.2,2,,2,0.06,2,,2,0.0,2
1210.0,2,3.0983,2,34.4427,2,15.1,2,,2,0.061,2,,2,0.0,2
1211.0,2,3.0953,2,34.4429,2,15.1,2,,2,0.061,2,,2,0.0,2
1212.0,2,3.0944,2,34.443000000000005,2,15.0,2,,2,0.061,2,,2,0.0,2
1213.0,2,3.0937,2,34.4432,2,14.8,2,,2,0.061,2,,2,0.0,2
1214.0,2,3.0925,2,34.4431,2,15.1,2,,2,0.061,2,,2,0.0,2
1215.0,2,3.089,2,34.4435,2,15.1,2,,2,0.061,2,,2,0.0,2
1216.0,2,3.0872,2,34.4437,2,15.3,2,,2,0.06,2,,2,0.0,2
1217.5,2,3.0811,2,34.4456,2,15.2,2,,2,0.06,2,,2,0.0,2
1218.0,2,3.0789,2,34.4458,2,15.3,2,,2,0.061,2,,2,0.0,2
1219.0,2,3.0772,2,34.4463,2,15.6,2,,2,0.06,2,,2,0.0,2
1220.0,2,3.0761,2,34.4467,2,15.5,2,,2,0.061,2,,2,0.0,2
1221.0,2,3.0754,2,34.4467,2,15.6,2,,2,0.061,2,,2,0.0,2
1222.0,2,3.073,2,34.4474,2,16.1,2,,2,0.061,2,,2,0.0,2
1223.0,2,3.071,2,34.4483,2,16.6,2,,2,0.06,2,,2,0.0,2
1224.0,2,3.0701,2,34.4488,2,16.4,2,,2,0.06,2,,2,0.0,2
1225.0,2,3.0698,2,34.4489,2,16.0,2,,2,0.06,2,,2,0.0,2
1226.0,2,3.0678,2,34.4491,2,15.9,2,,2,0.061,2,,2,0.0,2
1227.0,2,3.0653,2,34.4496,2,16.2,2,,2,0.061,2,,2,0.0,2
1228.0,2,3.0624,2,34.4497,2,16.1,2,,2,0.06,2,,2,0.0,2
1229.0,2,3.0543,2,34.4507,2,16.3,2,,2,0.061,2,,2,0.0,2
1229.8,2,3.0512,2,34.4513,2,16.6,2,,2,0.06,2,,2,0.0,2
1232.0,2,3.0472,2,34.4517,2,16.3,2,,2,0.06,2,,2,0.0,2
1233.0,2,3.0461,2,34.4519,2,16.4,2,,2,0.061,2,,2,0.0,2
1234.0,2,3.045,2,34.4521,2,16.4,2,,2,0.061,2,,2,0.0,2
1235.0,2,3.0446,2,34.4522,2,16.7,2,,2,0.061,2,,2,0.0,2
1236.0,2,3.0423,2,34.4524,2,16.7,2,,2,0.061,2,,2,0.0,2
1237.0,2,3.0391,2,34.4525,2,16.6,2,,2,0.061,2,,2,0.0,2
1238.0,2,3.0358,2,34.4529,2,16.6,2,,2,0.061,2,,2,0.0,2
1239.0,2,3.0343,2,34.4533,2,16.8,2,,2,0.061,2,,2,0.0,2
1240.0,2,3.0335,2,34.4537,2,16.9,2,,2,0.06,2,,2,0.0,2
1240.8,2,3.0332,2,34.4536,2,16.6,2,,2,0.06,2,,2,0.0,2
1242.0,2,3.0327,2,34.4535,2,16.6,2,,2,0.06,2,,2,0.0,2
1243.0,2,3.0325,2,34.4536,2,16.9,2,,2,0.06,2,,2,0.0,2
1244.0,2,3.0319,2,34.4537,2,16.8,2,,2,0.062,2,,2,0.0,2
1245.0,2,3.0312,2,34.4539,2,16.9,2,,2,0.061,2,,2,0.0,2
1246.0,2,3.0304,2,34.4539,2,17.0,2,,2,0.061,2,,2,0.0,2
1247.0,2,3.0267,2,34.4543,2,17.2,2,,2,0.06,2,,2,0.0,2
1247.8,2,3.0207,2,34.4552,2,16.9,2,,2,0.06,2,,2,0.0,2
1249.1,2,3.0146,2,34.455999999999996,2,17.0,2,,2,0.06,2,,2,0.0,2
1250.0,2,3.013,2,34.4559,2,17.1,2,,2,0.061,2,,2,0.0,2
1251.0,2,3.0088,2,34.4565,2,17.1,2,,2,0.061,2,,2,0.0,2
1252.0,2,3.0054,2,34.4568,2,16.9,2,,2,0.061,2,,2,0.0,2
1253.0,2,2.998,2,34.4577,2,17.2,2,,2,0.062,2,,2,0.0,2
1253.7,2,2.998,2,34.4585,2,17.5,2,,2,0.06,2,,2,0.0,2
1255.0,2,2.9803,2,34.4598,2,17.3,2,,2,0.061,2,,2,0.0,2
1256.0,2,2.9762,2,34.4603,2,17.7,2,,2,0.061,2,,2,0.0,2
1257.0,2,2.9755,2,34.4604,2,17.8,2,,2,0.061,2,,2,0.0,2
1258.0,2,2.9657,2,34.4615,2,17.9,2,,2,0.061,2,,2,0.0,2
1259.0,2,2.9681,2,34.4612,2,17.8,2,,2,0.061,2,,2,0.0,2
1260.0,2,2.9679,2,34.4613,2,17.9,2,,2,0.061,2,,2,0.0,2
1261.0,2,2.9681,2,34.4614,2,17.8,2,,2,0.06,2,,2,0.0,2
1262.0,2,2.9686,2,34.4613,2,17.9,2,,2,0.061,2,,2,0.0,2
1263.0,2,2.9589999999999996,2,34.4622,2,18.0,2,,2,0.061,2,,2,0.0,2
1264.0,2,2.9532,2,34.463,2,17.9,2,,2,0.06,2,,2,0.0,2
1264.6,2,2.9529,2,34.4632,2,17.6,2,,2,0.061,2,,2,0.0,2
1266.2,2,2.9515,2,34.4635,2,18.2,2,,2,0.061,2,,2,0.0,2
1267.0,2,2.9516,2,34.4635,2,18.1,2,,2,0.061,2,,2,0.0,2
1268.0,2,2.9512,2,34.4637,2,18.0,2,,2,0.061,2,,2,0.0,2
1269.0,2,2.9511,2,34.4637,2,18.2,2,,2,0.06,2,,2,0.0,2
1270.0,2,2.9509,2,34.4637,2,18.0,2,,2,0.06,2,,2,0.0,2
1271.0,2,2.9508,2,34.4639,2,18.0,2,,2,0.061,2,,2,0.0,2
1272.0,2,2.9493,2,34.4639,2,18.1,2,,2,0.061,2,,2,0.0,2
1273.0,2,2.948,2,34.4641,2,18.2,2,,2,0.061,2,,2,0.0,2
1274.0,2,2.9489,2,34.4642,2,18.1,2,,2,0.06,2,,2,0.0,2
1275.0,2,2.9498,2,34.4639,2,18.2,2,,2,0.061,2,,2,0.0,2
1276.0,2,2.9503,2,34.4638,2,18.0,2,,2,0.06,2,,2,0.0,2
1277.0,2,2.95,2,34.4641,2,18.0,2,,2,0.062,2,,2,0.0,2
1278.0,2,2.9498,2,34.4641,2,17.8,2,,2,0.061,2,,2,0.0,2
1279.0,2,2.9499,2,34.4641,2,18.2,2,,2,0.06,2,,2,0.0,2
1280.0,2,2.9504,2,34.4641,2,18.1,2,,2,0.06,2,,2,0.0,2
1281.0,2,2.9499,2,34.4642,2,17.9,2,,2,0.061,2,,2,0.0,2
1282.0,2,2.9497,2,34.4642,2,18.3,2,,2,0.061,2,,2,0.0,2
1283.0,2,2.9493,2,34.4642,2,18.1,2,,2,0.062,2,,2,0.0,2
1284.0,2,2.9489,2,34.4643,2,18.2,2,,2,0.061,2,,2,0.0,2
1285.0,2,2.9487,2,34.4644,2,18.0,2,,2,0.061,2,,2,0.0,2
1286.0,2,2.9483,2,34.4643,2,18.2,2,,2,0.061,2,,2,0.0,2
1287.0,2,2.9465,2,34.4646,2,18.1,2,,2,0.061,2,,2,0.0,2
1288.0,2,2.9467,2,34.4646,2,18.2,2,,2,0.061,2,,2,0.0,2
1289.0,2,2.9466,2,34.4646,2,18.3,2,,2,0.061,2,,2,0.0,2
1290.0,2,2.9464,2,34.4647,2,18.0,2,,2,0.061,2,,2,0.0,2
1291.0,2,2.9468,2,34.4648,2,18.2,2,,2,0.061,2,,2,0.0,2
1292.1,2,2.9468,2,34.4648,2,18.2,2,,2,0.06,2,,2,0.0,2
1293.1,2,2.9444,2,34.4649,2,18.2,2,,2,0.061,2,,2,0.0,2
1294.0,2,2.9425,2,34.4651,2,18.2,2,,2,0.061,2,,2,0.0,2
1295.0,2,2.9415,2,34.4654,2,18.0,2,,2,0.06,2,,2,0.0,2
1296.0,2,2.9419999999999997,2,34.4653,2,18.1,2,,2,0.06,2,,2,0.0,2
1297.0,2,2.9403,2,34.4656,2,18.5,2,,2,0.061,2,,2,0.0,2
1297.9,2,2.9398,2,34.4657,2,18.4,2,,2,0.06,2,,2,0.0,2
1299.2,2,2.9391,2,34.466,2,18.3,2,,2,0.06,2,,2,0.0,2
1300.1,2,2.9367,2,34.4664,2,18.5,2,,2,0.061,2,,2,0.0,2
1301.0,2,2.9362,2,34.4663,2,18.5,2,,2,0.061,2,,2,0.0,2
END_DATA
