CTD,20190304CCHSIOLMM
#---------------------------------------------------------------------------------------------------,,,,,,,,,,,,,,,,,
#Transmissivity - Fluorescence - PAR data are nominal and unedited except that some records were removed in editing temperature and salinity.,,,,,,,,,,,,,,,,,
#---------------------------------------------------------------------------------------------------,,,,,,,,,,,,,,,,,
#The fluorometer values drifted during the cruise starting with slightly high dark values early in the cruise and rising to about 0.20 mg/m^3 by the end.,,,,,,,,,,,,,,,,,
#A time-dependent correction was applied based on values at 4000 m with an adjustment to ensure no negative values were produced.,,,,,,,,,,,,,,,,,
#This is an estimate and produces dark values at 2000 m ranging from 0.02 mg/m^3 to 0.09 mg/m^3.,,,,,,,,,,,,,,,,,
#---------------------------------------------------------------------------------------------------,,,,,,,,,,,,,,,,,
#NOTE: While the Fluorescence:CTD data are expressed in concentration units they do not always compare well to extracted chlorophyll samples particularly for casts far from shore.,,,,,,,,,,,,,,,,,
#It is recommended that users check extracted chlorophyll values where available.,,,,,,,,,,,,,,,,,
#---------------------------------------------------------------------------------------------------,,,,,,,,,,,,,,,,,
#Oxygen:Dissolved:CTD was calibrated using the method described in the Sea-Bird Application Note #64-2 of June 2012 (Sea-Bird_64-2_Jun2012.pdf) except that a small offset in the fit was allowed.,,,,,,,,,,,,,,,,,
#,,,,,,,,,,,,,,,,,
#The Oxygen:Dissolved:CTD sensor has a fairly long response time so data accuracy is not as high when it is in motion as it is during stops for bottles.,,,,,,,,,,,,,,,,,
#This will be especially true when vertical dissolved oxygen gradients are large. ,,,,,,,,,,,,,,,,,
#To get an estimate of the accuracy of the Oxygen:Dissolved:CTD data during downcasts (after recalibration) a rough comparison was made between downcast Oxygen:Dissolved:CTD data and upcast titrated samples. ,,,,,,,,,,,,,,,,,
#Some of the difference will be due to problems with flushing of Niskin bottles and/or analysis errors so the following statement likely underestimates Oxygen:Dissolved:CTD accuracy.,,,,,,,,,,,,,,,,,
#,,,,,,,,,,,,,,,,,
#Downcast (CTD files) Oxygen:Dissolved:CTD data are considered very roughly to be:,,,,,,,,,,,,,,,,,
#      • ±0.5 ml/l from 0 to 200 dbar,,,,,,,,,,,,,,,,,
#      • ±0.15 ml/l from 200 to 500 dbar,,,,,,,,,,,,,,,,,
#      • ±0.04 ml/l below 500 dbar,,,,,,,,,,,,,,,,,
#---------------------------------------------------------------------------------------------------,,,,,,,,,,,,,,,,,
#For details on the processing see the report 2017-08-proc.pdf,,,,,,,,,,,,,,,,,
#---------------------------------------------------------------------------------------------------,,,,,,,,,,,,,,,,,
#,,,,,,,,,,,,,,,,,
#File Name,Zone,FIL:START TIME YYYY/MM/DD, HH:MM,LOC:EVENT_NUMBER,LOC:LATITUDE,LOC:LONGITUDE,LOC:STATION,INS:LOCATION,Pressure:CTD [dbar],Temperature:CTD [deg_C_(ITS90)],Salinity:CTD [PSS-78],Sigma-t:CTD [kg/m^3],Transmissivity:CTD [*/m],Oxygen:Dissolved:CTD:Volume [ml/l],Oxygen:Dissolved:CTD:Mass [µmol/kg],Fluorescence:CTD:Seapoint [mg/m^3],PAR:CTD [µE/m^2/sec]
#,,,,,,,,,,,,,,,,,
NUMBER_HEADERS = 8
EXPOCODE = 18DD20170815
STNBR = P4
CASTNO = 5
DATE = 20170818
TIME =  08:20
LATITUDE = 48.65117
LONGITUDE = -126.66633999999999
CTDPRS,CTDPRS_FLAG_W,CTDTMP,CTDTMP_FLAG_W,CTDSAL,CTDSAL_FLAG_W,CTDOXY,CTDOXY_FLAG_W,CTDXMISS,CTDXMISS_FLAG_W,CTDFLUOR,CTDFLUOR_FLAG_W,PAR,PAR_FLAG_W
DBAR,,ITS-90,,PSS-78,,UMOL/KG,,,,MG/M^3,,UE/m^2/sec,
3.1,2,14.6891,2,32.0326,2,281.9,2,42.2,2,1.911,2,0.9,2
4.0,2,14.6838,2,32.0329,2,282.1,2,42.2,2,1.922,2,0.7,2
5.0,2,14.6568,2,32.0332,2,282.4,2,42.0,2,1.912,2,0.5,2
6.0,2,14.6411,2,32.0335,2,282.0,2,42.2,2,1.916,2,0.4,2
7.0,2,14.6031,2,32.032,2,281.0,2,42.0,2,1.956,2,0.3,2
8.0,2,14.3027,2,32.0215,2,282.5,2,42.1,2,1.973,2,0.2,2
9.0,2,13.9101,2,32.0107,2,285.7,2,42.8,2,1.959,2,0.1,2
10.0,2,13.5928,2,32.0133,2,287.4,2,42.9,2,2.135,2,0.1,2
11.3,2,13.5415,2,32.0126,2,286.3,2,41.4,2,2.372,2,0.1,2
12.0,2,13.4778,2,32.0199,2,284.7,2,41.0,2,2.443,2,0.0,2
13.0,2,13.4039,2,32.0237,2,282.7,2,41.4,2,2.43,2,0.0,2
13.9,2,13.3114,2,32.0359,2,281.7,2,41.8,2,2.523,2,0.0,2
15.0,2,13.2438,2,32.0413,2,280.0,2,42.5,2,2.502,2,0.0,2
16.0,2,13.2165,2,32.0417,2,278.0,2,42.8,2,2.529,2,0.0,2
17.0,2,13.1109,2,32.0472,2,275.9,2,43.2,2,2.418,2,0.0,2
18.0,2,12.9587,2,32.0661,2,274.1,2,44.1,2,2.331,2,0.0,2
19.0,2,12.8819,2,32.0744,2,272.6,2,44.8,2,2.24,2,0.0,2
20.0,2,12.7781,2,32.0867,2,270.6,2,45.5,2,2.182,2,0.0,2
21.0,2,12.7528,2,32.0891,2,269.0,2,46.1,2,2.106,2,0.0,2
22.0,2,12.2532,2,32.1795,2,271.0,2,47.1,2,1.8780000000000001,2,0.0,2
23.0,2,12.1286,2,32.2165,2,272.6,2,50.1,2,1.659,2,0.0,2
24.0,2,11.9702,2,32.2531,2,273.7,2,52.0,2,1.501,2,0.0,2
25.0,2,11.8883,2,32.2632,2,273.0,2,52.7,2,1.4269999999999998,2,0.0,2
26.0,2,11.6738,2,32.2919,2,272.4,2,53.4,2,1.3019999999999998,2,0.0,2
27.0,2,11.4587,2,32.2963,2,271.8,2,54.5,2,1.2329999999999999,2,0.0,2
28.0,2,11.2617,2,32.3053,2,271.3,2,55.1,2,1.181,2,0.0,2
29.0,2,11.1992,2,32.3148,2,270.5,2,55.4,2,1.137,2,0.0,2
30.0,2,11.1195,2,32.3241,2,270.9,2,55.7,2,1.104,2,0.0,2
31.0,2,10.9874,2,32.3678,2,272.5,2,56.2,2,1.014,2,0.0,2
32.0,2,10.6519,2,32.4149,2,269.6,2,57.2,2,0.915,2,0.0,2
33.0,2,10.4226,2,32.3976,2,264.1,2,57.4,2,0.857,2,0.0,2
34.0,2,10.2044,2,32.4213,2,264.3,2,57.7,2,0.77,2,0.0,2
35.0,2,9.927999999999999,2,32.4535,2,263.6,2,58.4,2,0.733,2,0.0,2
36.0,2,9.841000000000001,2,32.4639,2,262.7,2,58.7,2,0.7170000000000001,2,0.0,2
37.0,2,9.7761,2,32.4738,2,262.4,2,58.8,2,0.677,2,0.0,2
38.0,2,9.6768,2,32.4961,2,262.9,2,59.1,2,0.636,2,0.0,2
39.0,2,9.6596,2,32.5015,2,262.9,2,59.5,2,0.628,2,0.0,2
40.0,2,9.6515,2,32.5039,2,262.4,2,59.6,2,0.618,2,0.0,2
41.0,2,9.6163,2,32.5089,2,261.5,2,59.7,2,0.608,2,0.0,2
42.0,2,9.567,2,32.5103,2,260.6,2,59.7,2,0.595,2,0.0,2
43.0,2,9.5018,2,32.5261,2,260.6,2,59.8,2,0.579,2,0.0,2
44.0,2,9.3558,2,32.5356,2,261.3,2,59.9,2,0.519,2,0.0,2
45.0,2,9.2561,2,32.5528,2,261.1,2,60.2,2,0.49,2,0.0,2
46.0,2,9.2083,2,32.571999999999996,2,260.8,2,60.5,2,0.45899999999999996,2,0.0,2
47.0,2,9.1217,2,32.5959,2,260.5,2,60.6,2,0.434,2,0.0,2
48.0,2,9.097000000000001,2,32.6028,2,259.6,2,60.8,2,0.41600000000000004,2,0.0,2
49.0,2,9.0626,2,32.6088,2,258.7,2,61.0,2,0.39799999999999996,2,0.0,2
50.0,2,8.9973,2,32.623000000000005,2,257.8,2,61.0,2,0.373,2,0.0,2
51.0,2,8.7914,2,32.64,2,257.1,2,61.3,2,0.319,2,0.0,2
52.0,2,8.696,2,32.6527,2,255.5,2,61.6,2,0.294,2,0.0,2
53.0,2,8.6621,2,32.6664,2,254.0,2,61.7,2,0.28,2,0.0,2
54.0,2,8.6461,2,32.6737,2,252.9,2,61.7,2,0.27699999999999997,2,0.0,2
55.0,2,8.6416,2,32.6759,2,252.3,2,61.7,2,0.266,2,0.0,2
56.0,2,8.6377,2,32.6786,2,251.8,2,61.8,2,0.266,2,0.0,2
57.0,2,8.6324,2,32.6818,2,250.9,2,61.9,2,0.256,2,0.0,2
58.0,2,8.6156,2,32.6903,2,248.3,2,61.9,2,0.244,2,0.0,2
59.0,2,8.5652,2,32.7144,2,245.1,2,62.0,2,0.23600000000000002,2,0.0,2
60.0,2,8.5103,2,32.7455,2,243.5,2,61.8,2,0.218,2,0.0,2
61.0,2,8.5101,2,32.7502,2,242.7,2,61.9,2,0.20600000000000002,2,0.0,2
62.0,2,8.5069,2,32.7518,2,242.2,2,62.0,2,0.205,2,0.0,2
63.0,2,8.5101,2,32.7609,2,241.5,2,62.1,2,0.2,2,0.0,2
64.0,2,8.5209,2,32.7951,2,238.7,2,62.1,2,0.196,2,0.0,2
65.1,2,8.7522,2,32.8994,2,230.2,2,62.1,2,0.21899999999999997,2,0.0,2
65.9,2,8.7893,2,32.97,2,222.9,2,62.2,2,0.225,2,0.0,2
67.0,2,8.7829,2,32.9928,2,219.0,2,62.3,2,0.23,2,0.0,2
68.0,2,8.7933,2,33.0149,2,215.8,2,62.3,2,0.218,2,0.0,2
69.0,2,8.7692,2,33.0827,2,212.2,2,62.3,2,0.23199999999999998,2,0.0,2
70.0,2,8.7587,2,33.1177,2,208.7,2,62.4,2,0.225,2,0.0,2
71.0,2,8.7605,2,33.1435,2,205.3,2,62.4,2,0.223,2,0.0,2
72.0,2,8.7592,2,33.1705,2,201.7,2,62.5,2,0.22,2,0.0,2
73.0,2,8.7967,2,33.2245,2,197.4,2,62.4,2,0.217,2,0.0,2
74.0,2,8.8296,2,33.2558,2,194.0,2,62.5,2,0.214,2,0.0,2
75.0,2,8.8407,2,33.2671,2,191.8,2,62.5,2,0.215,2,0.0,2
76.0,2,8.8502,2,33.2888,2,189.7,2,62.5,2,0.207,2,0.0,2
77.0,2,8.857999999999999,2,33.3008,2,187.8,2,62.6,2,0.20199999999999999,2,0.0,2
78.0,2,8.8678,2,33.3205,2,185.7,2,62.6,2,0.198,2,0.0,2
79.0,2,8.8682,2,33.344,2,183.9,2,62.7,2,0.19899999999999998,2,0.0,2
80.0,2,8.8691,2,33.35,2,182.6,2,62.7,2,0.184,2,0.0,2
81.0,2,8.8686,2,33.361999999999995,2,181.6,2,62.7,2,0.191,2,0.0,2
82.0,2,8.8663,2,33.3762,2,180.1,2,62.7,2,0.18,2,0.0,2
83.0,2,8.8507,2,33.425,2,177.7,2,62.7,2,0.18,2,0.0,2
84.0,2,8.8412,2,33.4561,2,175.3,2,62.7,2,0.18,2,0.0,2
85.0,2,8.8329,2,33.4664,2,173.1,2,62.7,2,0.177,2,0.0,2
86.0,2,8.8256,2,33.4769,2,171.4,2,62.7,2,0.17,2,0.0,2
87.0,2,8.8165,2,33.4929,2,170.0,2,62.7,2,0.168,2,0.0,2
88.0,2,8.8133,2,33.4965,2,169.1,2,62.7,2,0.158,2,0.0,2
89.0,2,8.8072,2,33.5037,2,168.0,2,62.7,2,0.16399999999999998,2,0.0,2
90.0,2,8.7811,2,33.5275,2,166.4,2,62.7,2,0.154,2,0.0,2
90.9,2,8.7332,2,33.5536,2,164.5,2,62.7,2,0.145,2,0.0,2
92.0,2,8.7074,2,33.5652,2,162.3,2,62.6,2,0.14800000000000002,2,0.0,2
93.0,2,8.6873,2,33.588,2,160.9,2,62.7,2,0.14400000000000002,2,0.0,2
94.0,2,8.6779,2,33.598,2,159.9,2,62.7,2,0.14,2,0.0,2
95.0,2,8.6703,2,33.6067,2,158.9,2,62.7,2,0.131,2,0.0,2
96.0,2,8.6694,2,33.6087,2,158.0,2,62.7,2,0.132,2,0.0,2
97.0,2,8.6665,2,33.6133,2,157.1,2,62.7,2,0.12300000000000001,2,0.0,2
98.0,2,8.6598,2,33.6241,2,155.7,2,62.8,2,0.12,2,0.0,2
99.0,2,8.6458,2,33.652,2,154.3,2,62.7,2,0.115,2,0.0,2
100.0,2,8.6395,2,33.6667,2,153.2,2,62.8,2,0.113,2,0.0,2
101.0,2,8.6321,2,33.6729,2,152.4,2,62.7,2,0.10099999999999999,2,0.0,2
102.1,2,8.6254,2,33.6744,2,152.1,2,62.7,2,0.10400000000000001,2,0.0,2
102.5,2,8.6216,2,33.6765,2,152.4,2,62.7,2,0.095,2,0.0,2
104.1,2,8.5334,2,33.6877,2,151.4,2,62.7,2,0.095,2,0.0,2
105.0,2,8.5194,2,33.7016,2,150.2,2,62.8,2,0.09,2,0.0,2
106.0,2,8.5081,2,33.7037,2,149.6,2,62.8,2,0.087,2,0.0,2
107.0,2,8.4723,2,33.7054,2,149.3,2,62.8,2,0.083,2,0.0,2
108.0,2,8.4578,2,33.7108,2,149.0,2,62.8,2,0.083,2,0.0,2
109.0,2,8.4124,2,33.7116,2,148.9,2,62.7,2,0.083,2,0.0,2
110.0,2,8.3694,2,33.7118,2,148.9,2,62.7,2,0.087,2,0.0,2
110.8,2,8.3412,2,33.7236,2,148.6,2,62.6,2,0.083,2,0.0,2
112.2,2,8.3047,2,33.7301,2,147.6,2,62.7,2,0.083,2,0.0,2
113.0,2,8.2931,2,33.7337,2,147.1,2,62.8,2,0.083,2,0.0,2
113.9,2,8.2846,2,33.7371,2,146.7,2,62.7,2,0.078,2,0.0,2
115.0,2,8.2745,2,33.7399,2,146.3,2,62.6,2,0.079,2,0.0,2
116.0,2,8.2593,2,33.746,2,145.9,2,62.7,2,0.07,2,0.0,2
117.0,2,8.2339,2,33.7518,2,145.7,2,62.7,2,0.07,2,0.0,2
118.0,2,8.2236,2,33.7565,2,145.7,2,62.7,2,0.07,2,0.0,2
119.0,2,8.2158,2,33.7593,2,145.6,2,62.7,2,0.07,2,0.0,2
120.0,2,8.1892,2,33.7666,2,145.5,2,62.7,2,0.07,2,0.0,2
121.0,2,8.1773,2,33.7686,2,145.3,2,62.7,2,0.07,2,0.0,2
122.0,2,8.1676,2,33.7719,2,145.2,2,62.6,2,0.07,2,0.0,2
122.8,2,8.1655,2,33.7735,2,145.1,2,62.7,2,0.07,2,0.0,2
124.0,2,8.1655,2,33.7735,2,144.7,2,62.7,2,0.065,2,0.0,2
125.0,2,8.1662,2,33.7733,2,144.4,2,62.7,2,0.069,2,0.0,2
126.0,2,8.1623,2,33.7763,2,144.1,2,62.7,2,0.065,2,0.0,2
127.0,2,8.1264,2,33.7832,2,143.9,2,62.7,2,0.062,2,0.0,2
128.0,2,8.0905,2,33.7898,2,143.6,2,62.7,2,0.063,2,0.0,2
129.0,2,8.0749,2,33.7919,2,143.6,2,62.7,2,0.057999999999999996,2,0.0,2
130.0,2,8.0465,2,33.7963,2,143.7,2,62.7,2,0.057999999999999996,2,0.0,2
131.0,2,8.0421,2,33.7979,2,143.5,2,62.7,2,0.057999999999999996,2,0.0,2
132.0,2,8.0441,2,33.8004,2,143.5,2,62.7,2,0.057999999999999996,2,0.0,2
133.0,2,8.0466,2,33.8015,2,143.4,2,62.7,2,0.057999999999999996,2,0.0,2
134.1,2,8.0526,2,33.8042,2,143.3,2,62.7,2,0.057999999999999996,2,0.0,2
135.2,2,8.0466,2,33.8131,2,142.8,2,62.6,2,0.057999999999999996,2,0.0,2
136.0,2,8.0338,2,33.8228,2,141.8,2,62.6,2,0.061,2,0.0,2
137.0,2,8.027000000000001,2,33.8297,2,141.1,2,62.6,2,0.06,2,0.0,2
138.0,2,8.0202,2,33.8385,2,140.7,2,62.5,2,0.057999999999999996,2,0.0,2
139.0,2,8.0128,2,33.8411,2,140.2,2,62.5,2,0.057999999999999996,2,0.0,2
140.0,2,8.0133,2,33.843,2,139.7,2,62.5,2,0.057999999999999996,2,0.0,2
141.0,2,8.0185,2,33.846,2,138.8,2,62.5,2,0.057999999999999996,2,0.0,2
142.0,2,8.0149,2,33.8543,2,137.5,2,62.4,2,0.057999999999999996,2,0.0,2
143.0,2,8.0037,2,33.8601,2,136.2,2,62.3,2,0.057999999999999996,2,0.0,2
143.9,2,7.9969,2,33.8636,2,135.2,2,62.4,2,0.057999999999999996,2,0.0,2
145.3,2,7.9856,2,33.8655,2,133.6,2,62.3,2,0.057999999999999996,2,0.0,2
146.0,2,7.9643,2,33.8675,2,132.1,2,62.4,2,0.057999999999999996,2,0.0,2
147.0,2,7.9425,2,33.872,2,131.3,2,62.4,2,0.057999999999999996,2,0.0,2
148.0,2,7.9222,2,33.872,2,132.2,2,62.3,2,0.057999999999999996,2,0.0,2
149.0,2,7.8755,2,33.8709,2,134.0,2,62.3,2,0.057999999999999996,2,0.0,2
150.0,2,7.864,2,33.8721,2,135.1,2,62.3,2,0.057999999999999996,2,0.0,2
151.0,2,7.8624,2,33.8737,2,135.5,2,62.4,2,0.057999999999999996,2,0.0,2
152.0,2,7.854,2,33.8754,2,135.4,2,62.4,2,0.057999999999999996,2,0.0,2
153.0,2,7.8328,2,33.8799,2,135.5,2,62.4,2,0.057999999999999996,2,0.0,2
154.0,2,7.8197,2,33.8798,2,135.4,2,62.5,2,0.057999999999999996,2,0.0,2
155.0,2,7.8201,2,33.8798,2,135.3,2,62.5,2,0.057999999999999996,2,0.0,2
156.0,2,7.8191,2,33.8805,2,135.0,2,62.5,2,0.057999999999999996,2,0.0,2
157.0,2,7.8191,2,33.8811,2,134.9,2,62.6,2,0.057999999999999996,2,0.0,2
158.0,2,7.8154,2,33.8822,2,134.5,2,62.5,2,0.057999999999999996,2,0.0,2
159.0,2,7.8068,2,33.8834,2,134.3,2,62.5,2,0.057999999999999996,2,0.0,2
160.0,2,7.7786,2,33.8828,2,134.0,2,62.5,2,0.057999999999999996,2,0.0,2
161.0,2,7.7555,2,33.8837,2,133.7,2,62.5,2,0.057999999999999996,2,0.0,2
162.0,2,7.7489,2,33.8849,2,133.4,2,62.5,2,0.057999999999999996,2,0.0,2
163.0,2,7.7364,2,33.887,2,132.9,2,62.5,2,0.057999999999999996,2,0.0,2
164.0,2,7.7209,2,33.8893,2,132.6,2,62.5,2,0.057999999999999996,2,0.0,2
165.0,2,7.7088,2,33.8908,2,132.5,2,62.5,2,0.057999999999999996,2,0.0,2
166.0,2,7.7024,2,33.8917,2,132.5,2,62.5,2,0.057999999999999996,2,0.0,2
166.7,2,7.6993,2,33.893,2,132.6,2,62.4,2,0.057999999999999996,2,0.0,2
168.4,2,7.6854,2,33.8943,2,132.3,2,62.4,2,0.057999999999999996,2,0.0,2
169.0,2,7.6453,2,33.8962,2,132.3,2,62.4,2,0.055,2,0.0,2
170.0,2,7.5992,2,33.8986,2,131.8,2,62.4,2,0.051,2,0.0,2
171.0,2,7.5858,2,33.8999,2,130.6,2,62.4,2,0.057999999999999996,2,0.0,2
172.0,2,7.5934,2,33.9034,2,128.7,2,62.4,2,0.057999999999999996,2,0.0,2
173.0,2,7.5985,2,33.9059,2,126.6,2,62.4,2,0.057999999999999996,2,0.0,2
174.0,2,7.5991,2,33.9071,2,124.6,2,62.3,2,0.057999999999999996,2,0.0,2
175.0,2,7.5885,2,33.9079,2,123.4,2,62.2,2,0.057999999999999996,2,0.0,2
175.6,2,7.5791,2,33.9111,2,123.6,2,62.2,2,0.057999999999999996,2,0.0,2
177.3,2,7.553999999999999,2,33.9105,2,123.4,2,62.3,2,0.057999999999999996,2,0.0,2
178.0,2,7.5232,2,33.9091,2,123.3,2,62.3,2,0.048,2,0.0,2
179.0,2,7.4974,2,33.9079,2,122.5,2,62.3,2,0.046,2,0.0,2
180.0,2,7.5104,2,33.9116,2,121.1,2,62.3,2,0.047,2,0.0,2
181.0,2,7.519,2,33.9142,2,119.5,2,62.3,2,0.057999999999999996,2,0.0,2
182.0,2,7.5114,2,33.9156,2,117.9,2,62.2,2,0.048,2,0.0,2
183.0,2,7.4943,2,33.9169,2,116.5,2,62.2,2,0.046,2,0.0,2
184.0,2,7.4823,2,33.9175,2,115.2,2,62.2,2,0.049,2,0.0,2
184.9,2,7.4727,2,33.9181,2,114.9,2,62.1,2,0.049,2,0.0,2
186.5,2,7.4616,2,33.9219,2,114.5,2,62.1,2,0.046,2,0.0,2
187.0,2,7.4539,2,33.9204,2,112.8,2,62.1,2,0.048,2,0.0,2
188.0,2,7.4412,2,33.9199,2,111.3,2,62.1,2,0.047,2,0.0,2
189.0,2,7.4345,2,33.9198,2,110.8,2,61.9,2,0.046,2,0.0,2
190.0,2,7.4234,2,33.9211,2,109.8,2,62.1,2,0.046,2,0.0,2
191.0,2,7.4021,2,33.9239,2,108.8,2,62.0,2,0.046,2,0.0,2
192.0,2,7.3859,2,33.9253,2,107.6,2,62.0,2,0.054000000000000006,2,0.0,2
193.0,2,7.3716,2,33.9255,2,106.5,2,61.9,2,0.046,2,0.0,2
194.0,2,7.3508,2,33.9273,2,105.0,2,62.0,2,0.049,2,0.0,2
195.0,2,7.3382,2,33.9285,2,103.2,2,62.0,2,0.049,2,0.0,2
196.0,2,7.3105,2,33.9317,2,101.6,2,61.9,2,0.046,2,0.0,2
196.8,2,7.295,2,33.9339,2,100.4,2,61.9,2,0.046,2,0.0,2
198.4,2,7.2816,2,33.9344,2,98.8,2,61.9,2,0.046,2,0.0,2
198.9,2,7.2765,2,33.9339,2,98.3,2,61.9,2,0.046,2,0.0,2
200.0,2,7.2666,2,33.9341,2,98.0,2,61.9,2,0.046,2,0.0,2
201.0,2,7.255,2,33.9353,2,97.8,2,61.9,2,0.046,2,0.0,2
202.0,2,7.2452,2,33.9361,2,97.7,2,61.9,2,0.046,2,0.0,2
203.0,2,7.2386,2,33.9366,2,97.5,2,61.9,2,0.046,2,0.0,2
204.0,2,7.2128,2,33.9382,2,97.4,2,61.9,2,0.046,2,0.0,2
205.0,2,7.1884,2,33.9403,2,97.2,2,62.0,2,0.046,2,0.0,2
206.0,2,7.1793,2,33.941,2,96.9,2,62.0,2,0.046,2,0.0,2
207.0,2,7.1758,2,33.941,2,96.6,2,61.9,2,0.046,2,0.0,2
207.8,2,7.1741,2,33.9413,2,96.6,2,61.9,2,0.046,2,0.0,2
210.2,2,7.1562,2,33.9421,2,96.3,2,61.9,2,0.046,2,0.0,2
211.0,2,7.1347,2,33.9424,2,96.5,2,61.9,2,0.046,2,0.0,2
212.0,2,7.1202,2,33.9417,2,97.2,2,61.9,2,0.046,2,0.0,2
213.0,2,7.1074,2,33.9403,2,98.2,2,61.9,2,0.046,2,0.0,2
214.0,2,7.0842,2,33.9374,2,99.8,2,61.9,2,0.046,2,0.0,2
215.0,2,7.0536,2,33.9347,2,101.3,2,62.0,2,0.046,2,0.0,2
216.0,2,7.0365,2,33.9373,2,101.7,2,62.1,2,0.046,2,0.0,2
217.1,2,7.0425,2,33.9415,2,100.2,2,62.1,2,0.046,2,0.0,2
218.1,2,7.035,2,33.948,2,97.1,2,62.1,2,0.046,2,0.0,2
218.9,2,6.9995,2,33.949,2,95.4,2,62.0,2,0.046,2,0.0,2
220.0,2,6.9888,2,33.9495,2,94.5,2,62.0,2,0.046,2,0.0,2
221.0,2,6.9838,2,33.9504,2,93.5,2,62.0,2,0.046,2,0.0,2
222.0,2,6.9791,2,33.9518,2,92.7,2,62.0,2,0.046,2,0.0,2
223.0,2,6.9759,2,33.9531,2,91.9,2,62.0,2,0.046,2,0.0,2
224.0,2,6.9742,2,33.954,2,91.4,2,62.0,2,0.046,2,0.0,2
225.0,2,6.9639999999999995,2,33.9542,2,91.3,2,62.0,2,0.046,2,0.0,2
226.0,2,6.9455,2,33.9547,2,91.3,2,62.0,2,0.046,2,0.0,2
227.0,2,6.939,2,33.9549,2,91.3,2,62.0,2,0.046,2,0.0,2
228.0,2,6.9346,2,33.9556,2,91.2,2,61.9,2,0.046,2,0.0,2
229.0,2,6.9270000000000005,2,33.9552,2,90.7,2,62.1,2,0.046,2,0.0,2
230.0,2,6.9087,2,33.9571,2,90.2,2,62.1,2,0.046,2,0.0,2
231.0,2,6.8967,2,33.9592,2,89.4,2,62.1,2,0.046,2,0.0,2
232.0,2,6.8865,2,33.9597,2,88.7,2,62.1,2,0.046,2,0.0,2
233.0,2,6.8762,2,33.9604,2,88.1,2,62.1,2,0.046,2,0.0,2
234.0,2,6.8644,2,33.9613,2,87.6,2,62.1,2,0.046,2,0.0,2
235.0,2,6.8575,2,33.9619,2,87.2,2,62.0,2,0.046,2,0.0,2
236.0,2,6.8335,2,33.963,2,86.5,2,62.0,2,0.046,2,0.0,2
237.0,2,6.8248,2,33.9642,2,86.1,2,62.0,2,0.046,2,0.0,2
238.0,2,6.8209,2,33.9647,2,85.7,2,61.9,2,0.046,2,0.0,2
239.0,2,6.819,2,33.9648,2,85.5,2,61.9,2,0.046,2,0.0,2
240.0,2,6.8157,2,33.9656,2,85.3,2,61.9,2,0.046,2,0.0,2
241.0,2,6.7998,2,33.9659,2,84.8,2,61.9,2,0.046,2,0.0,2
242.0,2,6.7815,2,33.9678,2,84.4,2,61.9,2,0.046,2,0.0,2
243.0,2,6.7786,2,33.9683,2,84.0,2,61.9,2,0.046,2,0.0,2
244.0,2,6.7746,2,33.9686,2,83.7,2,61.9,2,0.046,2,0.0,2
245.0,2,6.7677,2,33.9684,2,83.5,2,61.9,2,0.046,2,0.0,2
246.0,2,6.763,2,33.969,2,83.4,2,62.0,2,0.046,2,0.0,2
247.0,2,6.7613,2,33.9694,2,83.3,2,62.0,2,0.046,2,0.0,2
248.0,2,6.7561,2,33.9697,2,83.1,2,61.9,2,0.046,2,0.0,2
249.0,2,6.7439,2,33.9702,2,82.8,2,62.0,2,0.046,2,0.0,2
250.0,2,6.7346,2,33.971,2,82.4,2,62.0,2,0.046,2,0.0,2
251.0,2,6.7195,2,33.9716,2,82.1,2,61.9,2,0.046,2,0.0,2
252.0,2,6.6998,2,33.9728,2,81.7,2,62.0,2,0.046,2,0.0,2
253.0,2,6.6864,2,33.9731,2,81.2,2,61.9,2,0.046,2,0.0,2
254.0,2,6.678999999999999,2,33.9726,2,80.7,2,62.0,2,0.046,2,0.0,2
255.0,2,6.6649,2,33.974000000000004,2,80.3,2,61.9,2,0.046,2,0.0,2
256.0,2,6.6595,2,33.9743,2,80.0,2,61.9,2,0.046,2,0.0,2
257.0,2,6.6431,2,33.975,2,79.8,2,62.0,2,0.046,2,0.0,2
258.0,2,6.6335,2,33.9777,2,79.6,2,62.0,2,0.046,2,0.0,2
259.0,2,6.631,2,33.9774,2,79.5,2,62.0,2,0.046,2,0.0,2
260.0,2,6.6278,2,33.9769,2,79.4,2,61.9,2,0.046,2,0.0,2
261.0,2,6.6196,2,33.9771,2,79.1,2,61.9,2,0.046,2,0.0,2
262.0,2,6.5965,2,33.9784,2,79.0,2,61.9,2,0.046,2,0.0,2
263.0,2,6.5823,2,33.9793,2,78.6,2,61.9,2,0.046,2,0.0,2
264.0,2,6.5734,2,33.9801,2,78.3,2,62.0,2,0.046,2,0.0,2
265.0,2,6.5668,2,33.9802,2,78.0,2,62.0,2,0.046,2,0.0,2
266.0,2,6.5568,2,33.9808,2,77.8,2,61.9,2,0.046,2,0.0,2
267.0,2,6.555,2,33.981,2,77.7,2,61.9,2,0.046,2,0.0,2
268.0,2,6.5517,2,33.9814,2,77.5,2,61.9,2,0.046,2,0.0,2
269.0,2,6.5493,2,33.9812,2,77.4,2,62.0,2,0.046,2,0.0,2
270.0,2,6.5462,2,33.9816,2,77.3,2,61.9,2,0.046,2,0.0,2
271.0,2,6.5315,2,33.9825,2,77.1,2,61.9,2,0.046,2,0.0,2
272.0,2,6.5196,2,33.983000000000004,2,77.1,2,62.0,2,0.046,2,0.0,2
273.0,2,6.5061,2,33.985,2,76.8,2,62.1,2,0.046,2,0.0,2
274.0,2,6.4952,2,33.9846,2,76.6,2,62.0,2,0.046,2,0.0,2
275.0,2,6.4891,2,33.9847,2,76.3,2,62.1,2,0.046,2,0.0,2
276.0,2,6.4818,2,33.9851,2,76.1,2,62.1,2,0.046,2,0.0,2
277.0,2,6.4759,2,33.9857,2,76.1,2,62.1,2,0.046,2,0.0,2
278.0,2,6.4726,2,33.9867,2,76.0,2,62.1,2,0.04,2,0.0,2
279.0,2,6.4632,2,33.9867,2,76.1,2,62.1,2,0.045,2,0.0,2
280.0,2,6.4501,2,33.9868,2,75.8,2,62.1,2,0.046,2,0.0,2
280.9,2,6.428999999999999,2,33.9895,2,75.4,2,62.1,2,0.046,2,0.0,2
281.7,2,6.4111,2,33.992,2,75.0,2,62.1,2,0.046,2,0.0,2
283.3,2,6.3837,2,33.9898,2,74.2,2,62.1,2,0.046,2,0.0,2
284.0,2,6.3752,2,33.9901,2,73.8,2,62.2,2,0.046,2,0.0,2
285.0,2,6.365,2,33.9909,2,73.7,2,62.1,2,0.046,2,0.0,2
286.0,2,6.3444,2,33.9922,2,73.4,2,62.1,2,0.046,2,0.0,2
287.0,2,6.3341,2,33.9929,2,73.0,2,62.1,2,0.046,2,0.0,2
288.0,2,6.3258,2,33.9931,2,72.7,2,62.1,2,0.046,2,0.0,2
289.0,2,6.3141,2,33.9939,2,72.3,2,62.1,2,0.046,2,0.0,2
289.8,2,6.2931,2,33.996,2,71.8,2,62.1,2,0.046,2,0.0,2
291.0,2,6.2752,2,33.9957,2,71.0,2,62.1,2,0.045,2,0.0,2
292.0,2,6.2719,2,33.9965,2,70.7,2,62.1,2,0.046,2,0.0,2
293.0,2,6.269,2,33.9967,2,70.6,2,62.1,2,0.046,2,0.0,2
293.9,2,6.2612,2,33.998000000000005,2,70.4,2,62.1,2,0.046,2,0.0,2
295.3,2,6.2477,2,33.9994,2,69.7,2,62.1,2,0.046,2,0.0,2
296.0,2,6.235,2,33.9993,2,69.4,2,62.1,2,0.038,2,0.0,2
297.0,2,6.2259,2,34.0001,2,69.0,2,62.1,2,0.042,2,0.0,2
298.0,2,6.2176,2,34.0006,2,68.7,2,62.1,2,0.046,2,0.0,2
299.0,2,6.2106,2,34.0012,2,68.4,2,62.1,2,0.046,2,0.0,2
300.0,2,6.196000000000001,2,34.0021,2,68.2,2,62.0,2,0.046,2,0.0,2
301.0,2,6.19,2,34.0027,2,68.1,2,62.1,2,0.046,2,0.0,2
302.0,2,6.1886,2,34.0027,2,67.8,2,62.1,2,0.046,2,0.0,2
303.0,2,6.1849,2,34.0026,2,67.8,2,62.2,2,0.046,2,0.0,2
304.0,2,6.1755,2,34.0033,2,67.7,2,62.2,2,0.046,2,0.0,2
306.4,2,6.1656,2,34.0045,2,67.4,2,62.1,2,0.046,2,0.0,2
307.0,2,6.1619,2,34.0045,2,67.2,2,62.1,2,0.042,2,0.0,2
308.0,2,6.1577,2,34.0044,2,67.0,2,62.0,2,0.046,2,0.0,2
308.9,2,6.1521,2,34.0045,2,66.7,2,62.1,2,0.039,2,0.0,2
310.0,2,6.125,2,34.006,2,66.4,2,62.1,2,0.046,2,0.0,2
311.0,2,6.1055,2,34.0084,2,66.1,2,62.1,2,0.045,2,0.0,2
312.0,2,6.103,2,34.0085,2,65.8,2,62.3,2,0.044000000000000004,2,0.0,2
313.0,2,6.0998,2,34.0087,2,65.5,2,62.3,2,0.045,2,0.0,2
314.1,2,6.0859,2,34.0096,2,65.2,2,62.3,2,0.045,2,0.0,2
314.6,2,6.0801,2,34.0107,2,65.0,2,62.2,2,0.046,2,0.0,2
316.4,2,6.0774,2,34.0104,2,64.7,2,62.1,2,0.046,2,0.0,2
317.0,2,6.0726,2,34.0117,2,64.5,2,62.1,2,0.040999999999999995,2,0.0,2
318.0,2,6.0668,2,34.0122,2,64.0,2,62.1,2,0.04,2,0.0,2
319.0,2,6.0593,2,34.0126,2,63.6,2,62.1,2,0.037000000000000005,2,0.0,2
320.0,2,6.0492,2,34.0131,2,63.4,2,62.1,2,0.037000000000000005,2,0.0,2
321.0,2,6.0378,2,34.014,2,63.3,2,62.1,2,0.037000000000000005,2,0.0,2
322.0,2,6.0335,2,34.014,2,63.1,2,62.1,2,0.046,2,0.0,2
322.9,2,6.0278,2,34.0145,2,62.8,2,62.1,2,0.044000000000000004,2,0.0,2
325.2,2,6.0134,2,34.0146,2,62.4,2,62.0,2,0.046,2,0.0,2
326.0,2,6.0016,2,34.0153,2,62.2,2,62.1,2,0.039,2,0.0,2
327.0,2,5.9854,2,34.0153,2,61.8,2,62.1,2,0.034,2,0.0,2
328.0,2,5.9736,2,34.0157,2,61.7,2,62.1,2,0.034,2,0.0,2
329.0,2,5.9712,2,34.0154,2,61.6,2,62.1,2,0.034,2,0.0,2
330.0,2,5.9706,2,34.0154,2,61.4,2,62.2,2,0.034,2,0.0,2
330.9,2,5.9692,2,34.016,2,61.3,2,62.2,2,0.039,2,0.0,2
332.3,2,5.9606,2,34.0155,2,61.1,2,62.2,2,0.037000000000000005,2,0.0,2
332.9,2,5.9404,2,34.0139,2,61.0,2,62.3,2,0.046,2,0.0,2
334.0,2,5.9301,2,34.0151,2,61.0,2,62.3,2,0.038,2,0.0,2
335.0,2,5.9171,2,34.0141,2,61.1,2,62.2,2,0.046,2,0.0,2
336.0,2,5.8846,2,34.0102,2,61.4,2,62.3,2,0.038,2,0.0,2
337.0,2,5.8427,2,34.0055,2,61.8,2,62.3,2,0.035,2,0.0,2
337.8,2,5.8322,2,34.0083,2,61.8,2,62.4,2,0.039,2,0.0,2
340.0,2,5.8422,2,34.0131,2,61.0,2,62.4,2,0.038,2,0.0,2
341.0,2,5.8437,2,34.0141,2,60.5,2,62.4,2,0.034,2,0.0,2
342.0,2,5.847,2,34.0157,2,60.3,2,62.5,2,0.034,2,0.0,2
343.0,2,5.8455,2,34.0164,2,60.1,2,62.4,2,0.034,2,0.0,2
344.0,2,5.8465,2,34.0179,2,59.7,2,62.4,2,0.034,2,0.0,2
345.0,2,5.854,2,34.021,2,59.4,2,62.5,2,0.034,2,0.0,2
345.5,2,5.8545,2,34.0211,2,59.2,2,62.4,2,0.034,2,0.0,2
347.2,2,5.8574,2,34.0228,2,58.7,2,62.3,2,0.034,2,0.0,2
348.0,2,5.8573,2,34.0248,2,58.1,2,62.3,2,0.034,2,0.0,2
349.0,2,5.852,2,34.0256,2,57.7,2,62.3,2,0.034,2,0.0,2
350.0,2,5.8448,2,34.0273,2,57.2,2,62.4,2,0.034,2,0.0,2
351.0,2,5.8315,2,34.0275,2,56.8,2,62.4,2,0.035,2,0.0,2
352.0,2,5.8323,2,34.0295,2,56.5,2,62.2,2,0.037000000000000005,2,0.0,2
353.1,2,5.8321,2,34.0305,2,56.3,2,62.1,2,0.039,2,0.0,2
354.0,2,5.8174,2,34.0306,2,56.0,2,62.2,2,0.034,2,0.0,2
356.4,2,5.816,2,34.0332,2,55.2,2,62.3,2,0.034,2,0.0,2
357.0,2,5.8126,2,34.0345,2,54.7,2,62.3,2,0.039,2,0.0,2
358.0,2,5.812,2,34.0348,2,54.3,2,62.2,2,0.034,2,0.0,2
359.0,2,5.8111,2,34.0352,2,54.0,2,62.3,2,0.034,2,0.0,2
360.0,2,5.8092,2,34.0356,2,53.9,2,62.3,2,0.036000000000000004,2,0.0,2
361.0,2,5.8062,2,34.036,2,53.7,2,62.3,2,0.035,2,0.0,2
362.0,2,5.7975,2,34.0356,2,53.4,2,62.3,2,0.037000000000000005,2,0.0,2
363.0,2,5.7839,2,34.0367,2,53.3,2,62.3,2,0.038,2,0.0,2
364.0,2,5.7774,2,34.038000000000004,2,52.9,2,62.3,2,0.035,2,0.0,2
365.0,2,5.7708,2,34.0379,2,52.7,2,62.2,2,0.034,2,0.0,2
366.0,2,5.7634,2,34.0381,2,52.3,2,62.4,2,0.034,2,0.0,2
367.0,2,5.7493,2,34.039,2,52.0,2,62.3,2,0.034,2,0.0,2
368.0,2,5.7365,2,34.0412,2,51.6,2,62.4,2,0.034,2,0.0,2
369.0,2,5.7313,2,34.0431,2,51.0,2,62.4,2,0.034,2,0.0,2
370.0,2,5.7261,2,34.0443,2,50.6,2,62.5,2,0.034,2,0.0,2
371.0,2,5.7216,2,34.0445,2,50.3,2,62.5,2,0.039,2,0.0,2
372.0,2,5.7195,2,34.0449,2,50.3,2,62.4,2,0.035,2,0.0,2
373.0,2,5.7193,2,34.0452,2,50.0,2,62.4,2,0.035,2,0.0,2
374.0,2,5.7151,2,34.0451,2,49.9,2,62.4,2,0.040999999999999995,2,0.0,2
375.0,2,5.7098,2,34.0443,2,49.8,2,62.4,2,0.034,2,0.0,2
376.0,2,5.7019,2,34.0444,2,49.7,2,62.4,2,0.034,2,0.0,2
377.0,2,5.6955,2,34.0448,2,49.5,2,62.3,2,0.035,2,0.0,2
378.0,2,5.6922,2,34.0464,2,49.3,2,62.3,2,0.034,2,0.0,2
379.0,2,5.6866,2,34.0473,2,49.0,2,62.4,2,0.034,2,0.0,2
380.0,2,5.6744,2,34.0477,2,48.5,2,62.4,2,0.034,2,0.0,2
381.0,2,5.6579,2,34.0501,2,48.3,2,62.2,2,0.034,2,0.0,2
382.0,2,5.6549,2,34.0516,2,48.0,2,62.4,2,0.034,2,0.0,2
383.0,2,5.6527,2,34.0514,2,47.6,2,62.4,2,0.034,2,0.0,2
384.0,2,5.6436,2,34.0511,2,47.5,2,62.4,2,0.037000000000000005,2,0.0,2
385.0,2,5.6326,2,34.0519,2,47.3,2,62.3,2,0.051,2,0.0,2
385.9,2,5.6202,2,34.0529,2,47.1,2,62.4,2,0.040999999999999995,2,0.0,2
387.4,2,5.6123,2,34.0534,2,46.7,2,62.5,2,0.034,2,0.0,2
388.0,2,5.6133,2,34.0546,2,46.5,2,62.4,2,0.034,2,0.0,2
389.0,2,5.6168,2,34.0564,2,46.1,2,62.5,2,0.034,2,0.0,2
390.0,2,5.5972,2,34.0555,2,46.0,2,62.5,2,0.034,2,0.0,2
391.0,2,5.5817,2,34.055,2,45.9,2,62.5,2,0.034,2,0.0,2
392.0,2,5.5760000000000005,2,34.0547,2,45.6,2,62.5,2,0.034,2,0.0,2
393.0,2,5.5783,2,34.0557,2,45.6,2,62.5,2,0.034,2,0.0,2
393.9,2,5.5814,2,34.0566,2,45.7,2,62.5,2,0.034,2,0.0,2
395.3,2,5.5952,2,34.056999999999995,2,45.6,2,62.4,2,0.034,2,0.0,2
395.9,2,5.5858,2,34.0584,2,45.2,2,62.4,2,0.034,2,0.0,2
397.0,2,5.5712,2,34.0591,2,45.0,2,62.5,2,0.034,2,0.0,2
398.0,2,5.5583,2,34.0588,2,45.0,2,62.5,2,0.034,2,0.0,2
399.0,2,5.5309,2,34.0572,2,44.9,2,62.5,2,0.034,2,0.0,2
400.0,2,5.518,2,34.0581,2,44.6,2,62.6,2,0.034,2,0.0,2
401.0,2,5.5218,2,34.0612,2,44.3,2,62.6,2,0.034,2,0.0,2
402.0,2,5.5215,2,34.0622,2,44.1,2,62.6,2,0.034,2,0.0,2
403.0,2,5.5120000000000005,2,34.0612,2,44.0,2,62.5,2,0.034,2,0.0,2
405.0,2,5.4366,2,34.0506,2,44.7,2,62.6,2,0.034,2,0.0,2
406.0,2,5.3929,2,34.0442,2,45.0,2,62.7,2,0.034,2,0.0,2
406.9,2,5.3721,2,34.0419,2,45.4,2,62.9,2,0.034,2,0.0,2
408.1,2,5.3476,2,34.0408,2,46.0,2,62.9,2,0.034,2,0.0,2
409.0,2,5.3417,2,34.0387,2,46.0,2,63.0,2,0.034,2,0.0,2
410.0,2,5.3366,2,34.0392,2,46.0,2,63.1,2,0.034,2,0.0,2
411.0,2,5.3381,2,34.0403,2,45.9,2,63.1,2,0.034,2,0.0,2
412.0,2,5.343999999999999,2,34.0419,2,45.7,2,63.1,2,0.034,2,0.0,2
413.0,2,5.3525,2,34.044000000000004,2,45.6,2,63.1,2,0.034,2,0.0,2
414.0,2,5.367000000000001,2,34.0484,2,45.3,2,63.1,2,0.034,2,0.0,2
415.0,2,5.3697,2,34.0498,2,45.0,2,63.1,2,0.039,2,0.0,2
415.9,2,5.3668,2,34.0483,2,44.9,2,62.9,2,0.044000000000000004,2,0.0,2
417.0,2,5.3631,2,34.0477,2,44.9,2,63.0,2,0.038,2,0.0,2
418.0,2,5.3624,2,34.0497,2,44.6,2,63.1,2,0.037000000000000005,2,0.0,2
419.0,2,5.3549,2,34.0497,2,44.3,2,63.0,2,0.034,2,0.0,2
420.0,2,5.3404,2,34.0487,2,44.3,2,63.0,2,0.034,2,0.0,2
421.0,2,5.334,2,34.0486,2,44.2,2,63.1,2,0.034,2,0.0,2
422.0,2,5.3311,2,34.0482,2,44.1,2,63.1,2,0.034,2,0.0,2
423.0,2,5.3316,2,34.0481,2,44.2,2,63.1,2,0.034,2,0.0,2
423.9,2,5.3314,2,34.0486,2,44.2,2,63.1,2,0.034,2,0.0,2
425.1,2,5.3322,2,34.0489,2,44.0,2,63.0,2,0.034,2,0.0,2
426.0,2,5.3249,2,34.0486,2,43.8,2,62.7,2,0.034,2,0.0,2
427.0,2,5.3262,2,34.0526,2,43.6,2,63.1,2,0.034,2,0.0,2
428.0,2,5.3529,2,34.0611,2,42.7,2,63.1,2,0.034,2,0.0,2
428.8,2,5.3825,2,34.0667,2,42.1,2,63.1,2,0.034,2,0.0,2
430.0,2,5.3851,2,34.0692,2,41.2,2,62.9,2,0.034,2,0.0,2
431.0,2,5.3925,2,34.071999999999996,2,40.6,2,62.9,2,0.034,2,0.0,2
432.0,2,5.3986,2,34.0745,2,40.3,2,62.9,2,0.034,2,0.0,2
433.0,2,5.3955,2,34.0771,2,39.9,2,62.9,2,0.034,2,0.0,2
434.0,2,5.3893,2,34.0791,2,39.5,2,62.7,2,0.034,2,0.0,2
435.0,2,5.3874,2,34.08,2,39.3,2,62.7,2,0.034,2,0.0,2
436.0,2,5.3853,2,34.0807,2,38.9,2,62.7,2,0.034,2,0.0,2
437.1,2,5.3819,2,34.0817,2,38.6,2,62.6,2,0.034,2,0.0,2
437.6,2,5.3797,2,34.0825,2,38.5,2,62.6,2,0.034,2,0.0,2
440.0,2,5.3751,2,34.0834,2,38.2,2,62.6,2,0.034,2,0.0,2
441.0,2,5.3704,2,34.0847,2,37.7,2,62.5,2,0.034,2,0.0,2
442.0,2,5.3638,2,34.0865,2,37.6,2,62.6,2,0.034,2,0.0,2
443.0,2,5.3609,2,34.0876,2,37.3,2,62.6,2,0.034,2,0.0,2
444.0,2,5.3596,2,34.088,2,37.0,2,62.7,2,0.034,2,0.0,2
445.0,2,5.3583,2,34.0883,2,36.7,2,62.7,2,0.034,2,0.0,2
446.0,2,5.3564,2,34.0889,2,36.5,2,62.7,2,0.034,2,0.0,2
447.0,2,5.3548,2,34.0892,2,36.1,2,62.7,2,0.034,2,0.0,2
448.0,2,5.3536,2,34.0893,2,36.2,2,62.8,2,0.034,2,0.0,2
448.9,2,5.3513,2,34.09,2,36.0,2,62.7,2,0.034,2,0.0,2
450.2,2,5.3471,2,34.0905,2,35.7,2,62.7,2,0.034,2,0.0,2
451.0,2,5.3441,2,34.0908,2,35.6,2,62.7,2,0.034,2,0.0,2
452.0,2,5.3435,2,34.0908,2,35.5,2,62.8,2,0.034,2,0.0,2
453.0,2,5.3429,2,34.0908,2,35.5,2,62.7,2,0.034,2,0.0,2
454.0,2,5.3411,2,34.0908,2,35.4,2,62.7,2,0.034,2,0.0,2
455.0,2,5.3332,2,34.0914,2,35.3,2,62.7,2,0.034,2,0.0,2
456.0,2,5.3246,2,34.092,2,35.2,2,62.7,2,0.034,2,0.0,2
457.0,2,5.3169,2,34.0924,2,35.1,2,62.7,2,0.034,2,0.0,2
458.0,2,5.3085,2,34.0927,2,34.9,2,62.7,2,0.034,2,0.0,2
459.0,2,5.3023,2,34.0928,2,34.7,2,62.7,2,0.034,2,0.0,2
459.6,2,5.2959,2,34.0922,2,34.7,2,62.7,2,0.034,2,0.0,2
462.1,2,5.2598,2,34.0935,2,34.7,2,62.7,2,0.034,2,0.0,2
463.0,2,5.2439,2,34.0943,2,34.3,2,62.7,2,0.034,2,0.0,2
464.0,2,5.2433,2,34.0939,2,34.4,2,62.7,2,0.034,2,0.0,2
465.0,2,5.2408,2,34.0937,2,34.3,2,62.7,2,0.034,2,0.0,2
466.0,2,5.2362,2,34.0939,2,34.2,2,62.7,2,0.034,2,0.0,2
467.0,2,5.2326,2,34.0941,2,34.0,2,62.6,2,0.034,2,0.0,2
467.8,2,5.2295,2,34.0948,2,34.0,2,62.6,2,0.034,2,0.0,2
469.0,2,5.2264,2,34.0952,2,33.8,2,62.7,2,0.034,2,0.0,2
469.9,2,5.2229,2,34.0947,2,33.7,2,62.7,2,0.034,2,0.0,2
471.0,2,5.2229,2,34.0946,2,33.6,2,62.6,2,0.034,2,0.0,2
472.0,2,5.2208,2,34.0947,2,33.7,2,62.7,2,0.034,2,0.0,2
473.1,2,5.2186,2,34.095,2,33.7,2,62.7,2,0.034,2,0.0,2
474.0,2,5.2117,2,34.0958,2,33.6,2,62.7,2,0.034,2,0.0,2
475.0,2,5.2043,2,34.0958,2,33.4,2,62.7,2,0.034,2,0.0,2
476.0,2,5.2005,2,34.0958,2,33.3,2,62.7,2,0.034,2,0.0,2
477.0,2,5.1923,2,34.0961,2,33.1,2,62.7,2,0.034,2,0.0,2
478.0,2,5.1759,2,34.098,2,33.0,2,62.7,2,0.034,2,0.0,2
479.0,2,5.1722,2,34.099000000000004,2,32.8,2,62.7,2,0.034,2,0.0,2
480.0,2,5.166,2,34.1004,2,32.6,2,62.7,2,0.034,2,0.0,2
481.0,2,5.1607,2,34.1025,2,32.4,2,62.6,2,0.034,2,0.0,2
482.0,2,5.1581,2,34.1033,2,32.2,2,62.7,2,0.034,2,0.0,2
484.1,2,5.1548,2,34.1046,2,32.0,2,62.7,2,0.034,2,0.0,2
485.0,2,5.1504,2,34.1084,2,31.6,2,62.7,2,0.034,2,0.0,2
486.0,2,5.1496,2,34.1106,2,31.2,2,62.7,2,0.034,2,0.0,2
487.0,2,5.1488,2,34.1112,2,30.8,2,62.7,2,0.034,2,0.0,2
488.3,2,5.1487,2,34.1118,2,30.4,2,62.7,2,0.034,2,0.0,2
489.0,2,5.149,2,34.1121,2,30.3,2,62.7,2,0.034,2,0.0,2
490.0,2,5.1495,2,34.1121,2,30.2,2,62.7,2,0.034,2,0.0,2
491.0,2,5.1501,2,34.1126,2,30.1,2,62.7,2,0.034,2,0.0,2
492.0,2,5.1505,2,34.1131,2,30.0,2,62.7,2,0.034,2,0.0,2
493.0,2,5.1504,2,34.1132,2,29.8,2,62.7,2,0.034,2,0.0,2
494.0,2,5.1501,2,34.1135,2,29.8,2,62.7,2,0.034,2,0.0,2
494.8,2,5.15,2,34.1135,2,29.8,2,62.7,2,0.034,2,0.0,2
496.3,2,5.1498,2,34.114000000000004,2,29.7,2,62.7,2,0.034,2,0.0,2
497.0,2,5.1458,2,34.1154,2,29.6,2,62.7,2,0.034,2,0.0,2
498.0,2,5.1408,2,34.1166,2,29.3,2,62.7,2,0.034,2,0.0,2
499.0,2,5.1297,2,34.1192,2,29.3,2,62.7,2,0.034,2,0.0,2
500.0,2,5.1264,2,34.12,2,29.0,2,62.6,2,0.034,2,0.0,2
501.0,2,5.1242,2,34.1206,2,28.8,2,62.6,2,0.034,2,0.0,2
502.0,2,5.1198,2,34.1216,2,28.6,2,62.5,2,0.034,2,0.0,2
503.0,2,5.1168,2,34.1221,2,28.5,2,62.5,2,0.034,2,0.0,2
503.9,2,5.1142,2,34.1225,2,28.5,2,62.5,2,0.034,2,0.0,2
506.0,2,5.1063,2,34.1252,2,28.1,2,62.3,2,0.034,2,0.0,2
507.0,2,5.0989,2,34.1259,2,27.7,2,62.3,2,0.034,2,0.0,2
508.0,2,5.0952,2,34.1257,2,27.5,2,62.3,2,0.034,2,0.0,2
509.0,2,5.0917,2,34.1266,2,27.3,2,62.3,2,0.034,2,0.0,2
510.0,2,5.0904,2,34.1269,2,27.3,2,62.3,2,0.034,2,0.0,2
511.0,2,5.0895,2,34.1271,2,27.1,2,62.3,2,0.034,2,0.0,2
512.0,2,5.0866,2,34.1275,2,27.2,2,62.3,2,0.034,2,0.0,2
513.0,2,5.0822,2,34.1281,2,27.1,2,62.4,2,0.034,2,0.0,2
514.0,2,5.0813,2,34.1281,2,27.0,2,62.5,2,0.034,2,0.0,2
514.8,2,5.0809,2,34.1283,2,26.9,2,62.4,2,0.034,2,0.0,2
517.1,2,5.078,2,34.1285,2,26.8,2,62.3,2,0.039,2,0.0,2
518.0,2,5.074,2,34.129,2,26.6,2,62.5,2,0.044000000000000004,2,0.0,2
519.0,2,5.0724,2,34.1294,2,26.6,2,62.5,2,0.034,2,0.0,2
520.0,2,5.0699,2,34.13,2,26.5,2,62.5,2,0.034,2,0.0,2
521.0,2,5.0675,2,34.1304,2,26.4,2,62.6,2,0.034,2,0.0,2
522.0,2,5.0617,2,34.1308,2,26.4,2,62.6,2,0.034,2,0.0,2
522.8,2,5.0578,2,34.1315,2,26.2,2,62.6,2,0.034,2,0.0,2
524.2,2,5.0541,2,34.1316,2,26.1,2,62.5,2,0.034,2,0.0,2
525.0,2,5.0517,2,34.1315,2,26.0,2,62.5,2,0.034,2,0.0,2
526.0,2,5.0494,2,34.1317,2,25.8,2,62.7,2,0.034,2,0.0,2
527.0,2,5.0469,2,34.1326,2,25.8,2,62.6,2,0.034,2,0.0,2
528.0,2,5.0447,2,34.1317,2,25.8,2,62.7,2,0.034,2,0.0,2
529.0,2,5.0412,2,34.1319,2,25.7,2,62.5,2,0.034,2,0.0,2
530.0,2,5.0308,2,34.131,2,25.8,2,62.6,2,0.034,2,0.0,2
531.0,2,5.0251,2,34.1312,2,25.6,2,62.7,2,0.034,2,0.0,2
532.0,2,5.0245,2,34.1312,2,25.7,2,62.6,2,0.034,2,0.0,2
533.0,2,5.0231,2,34.1311,2,25.7,2,62.6,2,0.034,2,0.0,2
534.0,2,5.0184,2,34.131,2,25.6,2,62.6,2,0.034,2,0.0,2
535.0,2,5.018,2,34.1311,2,25.6,2,62.5,2,0.034,2,0.0,2
536.0,2,5.0167,2,34.131,2,25.6,2,62.6,2,0.034,2,0.0,2
537.0,2,5.0157,2,34.1311,2,25.6,2,62.5,2,0.034,2,0.0,2
538.0,2,5.0157,2,34.1311,2,25.5,2,62.5,2,0.034,2,0.0,2
539.0,2,5.0151,2,34.131,2,25.6,2,62.5,2,0.034,2,0.0,2
540.0,2,5.0129,2,34.1309,2,25.6,2,62.5,2,0.034,2,0.0,2
541.0,2,5.0032,2,34.1295,2,25.6,2,62.5,2,0.034,2,0.0,2
542.0,2,4.994,2,34.1289,2,25.5,2,62.5,2,0.034,2,0.0,2
543.0,2,4.9857,2,34.1283,2,25.6,2,62.6,2,0.034,2,0.0,2
544.0,2,4.9777,2,34.1284,2,25.6,2,62.6,2,0.034,2,0.0,2
545.0,2,4.9635,2,34.1264,2,25.6,2,62.7,2,0.034,2,0.0,2
546.0,2,4.9551,2,34.1256,2,25.6,2,62.7,2,0.034,2,0.0,2
547.0,2,4.9283,2,34.1231,2,25.8,2,62.8,2,0.034,2,0.0,2
548.0,2,4.8971,2,34.118,2,26.0,2,62.9,2,0.034,2,0.0,2
549.0,2,4.8509,2,34.1155,2,26.0,2,62.8,2,0.034,2,0.0,2
550.0,2,4.8404,2,34.1153,2,26.1,2,63.1,2,0.034,2,0.0,2
551.0,2,4.8324,2,34.1152,2,26.2,2,63.1,2,0.034,2,0.0,2
552.0,2,4.8268,2,34.1152,2,26.2,2,63.1,2,0.034,2,0.0,2
553.0,2,4.817,2,34.1155,2,26.3,2,63.1,2,0.034,2,0.0,2
554.0,2,4.8101,2,34.1181,2,26.0,2,63.1,2,0.034,2,0.0,2
555.0,2,4.8105,2,34.1174,2,26.0,2,63.1,2,0.034,2,0.0,2
556.0,2,4.8123,2,34.1185,2,25.8,2,63.0,2,0.034,2,0.0,2
557.0,2,4.8125,2,34.1189,2,25.8,2,63.1,2,0.034,2,0.0,2
558.0,2,4.8143,2,34.1189,2,25.7,2,63.1,2,0.034,2,0.0,2
559.0,2,4.8111,2,34.1191,2,25.6,2,63.1,2,0.034,2,0.0,2
560.0,2,4.8095,2,34.1192,2,25.6,2,63.1,2,0.034,2,0.0,2
561.0,2,4.8133,2,34.1199,2,25.6,2,63.1,2,0.034,2,0.0,2
562.0,2,4.8233,2,34.1216,2,25.6,2,63.1,2,0.034,2,0.0,2
563.0,2,4.8473,2,34.1262,2,25.4,2,63.1,2,0.034,2,0.0,2
564.0,2,4.8771,2,34.1329,2,25.1,2,63.0,2,0.034,2,0.0,2
565.0,2,4.9067,2,34.1397,2,24.6,2,62.9,2,0.034,2,0.0,2
565.6,2,4.9104,2,34.1414,2,24.6,2,62.8,2,0.034,2,0.0,2
568.3,2,4.8744,2,34.1402,2,24.1,2,62.9,2,0.034,2,0.0,2
569.0,2,4.8593,2,34.1398,2,24.0,2,62.9,2,0.034,2,0.0,2
570.0,2,4.8473,2,34.1407,2,23.8,2,62.9,2,0.034,2,0.0,2
571.0,2,4.8651,2,34.1461,2,23.5,2,62.9,2,0.034,2,0.0,2
572.0,2,4.8738,2,34.1486,2,23.3,2,62.8,2,0.034,2,0.0,2
573.0,2,4.8762,2,34.1495,2,23.1,2,62.5,2,0.034,2,0.0,2
574.0,2,4.8761,2,34.1497,2,22.9,2,62.4,2,0.034,2,0.0,2
574.8,2,4.8761,2,34.1499,2,22.6,2,62.3,2,0.034,2,0.0,2
577.3,2,4.8823,2,34.1513,2,22.6,2,62.5,2,0.034,2,0.0,2
578.0,2,4.8827,2,34.1515,2,22.5,2,62.5,2,0.034,2,0.0,2
579.0,2,4.8857,2,34.1522,2,22.5,2,62.4,2,0.034,2,0.0,2
580.0,2,4.8875,2,34.1527,2,22.3,2,62.3,2,0.034,2,0.0,2
581.0,2,4.888,2,34.153,2,22.2,2,62.2,2,0.034,2,0.0,2
582.0,2,4.8886,2,34.1535,2,22.1,2,62.2,2,0.037000000000000005,2,0.0,2
583.0,2,4.8886,2,34.1536,2,22.1,2,62.3,2,0.034,2,0.0,2
584.0,2,4.8881,2,34.1532,2,22.1,2,62.2,2,0.034,2,0.0,2
585.0,2,4.8892,2,34.154,2,22.0,2,62.2,2,0.034,2,0.0,2
586.0,2,4.8854,2,34.1541,2,21.9,2,62.2,2,0.034,2,0.0,2
587.0,2,4.877,2,34.1535,2,21.8,2,62.2,2,0.034,2,0.0,2
588.0,2,4.8454,2,34.153,2,21.7,2,62.3,2,0.034,2,0.0,2
589.0,2,4.8382,2,34.1545,2,21.6,2,62.5,2,0.034,2,0.0,2
590.0,2,4.8419,2,34.1563,2,21.3,2,62.5,2,0.034,2,0.0,2
591.0,2,4.8316,2,34.1546,2,21.2,2,62.3,2,0.034,2,0.0,2
592.0,2,4.8271,2,34.1551,2,21.1,2,62.2,2,0.034,2,0.0,2
593.0,2,4.8260000000000005,2,34.1555,2,21.2,2,62.4,2,0.034,2,0.0,2
594.0,2,4.8263,2,34.1564,2,21.1,2,62.4,2,0.034,2,0.0,2
595.0,2,4.823,2,34.1583,2,20.9,2,62.4,2,0.034,2,0.0,2
596.0,2,4.8089,2,34.1577,2,20.8,2,62.3,2,0.034,2,0.0,2
597.0,2,4.7932,2,34.1563,2,20.7,2,62.3,2,0.034,2,0.0,2
598.0,2,4.79,2,34.156,2,20.7,2,62.5,2,0.034,2,0.0,2
598.6,2,4.7873,2,34.1565,2,20.8,2,62.5,2,0.034,2,0.0,2
600.0,2,4.7796,2,34.1552,2,20.6,2,62.5,2,0.034,2,0.0,2
601.0,2,4.7693,2,34.1534,2,20.6,2,62.6,2,0.034,2,0.0,2
602.0,2,4.7562,2,34.150999999999996,2,20.7,2,62.7,2,0.034,2,0.0,2
603.0,2,4.7433,2,34.1497,2,20.7,2,62.7,2,0.034,2,0.0,2
604.0,2,4.7398,2,34.1496,2,20.8,2,62.8,2,0.034,2,0.0,2
605.0,2,4.7368,2,34.1493,2,20.8,2,62.8,2,0.034,2,0.0,2
606.0,2,4.7349,2,34.1491,2,20.8,2,62.8,2,0.034,2,0.0,2
607.0,2,4.7330000000000005,2,34.1492,2,20.8,2,62.8,2,0.034,2,0.0,2
608.1,2,4.7333,2,34.1493,2,20.7,2,62.8,2,0.034,2,0.0,2
608.9,2,4.7416,2,34.15,2,20.8,2,62.8,2,0.034,2,0.0,2
610.0,2,4.7249,2,34.1485,2,20.9,2,62.7,2,0.034,2,0.0,2
611.0,2,4.6908,2,34.1467,2,20.6,2,62.7,2,0.034,2,0.0,2
612.0,2,4.6644,2,34.1451,2,20.7,2,63.0,2,0.034,2,0.0,2
613.0,2,4.6454,2,34.1444,2,20.7,2,63.1,2,0.034,2,0.0,2
614.0,2,4.6377,2,34.1446,2,20.8,2,63.2,2,0.034,2,0.0,2
615.0,2,4.6346,2,34.1445,2,20.6,2,63.3,2,0.034,2,0.0,2
616.0,2,4.6321,2,34.1448,2,20.5,2,63.3,2,0.034,2,0.0,2
616.9,2,4.6281,2,34.1465,2,20.6,2,63.3,2,0.034,2,0.0,2
619.0,2,4.6396,2,34.156,2,20.0,2,63.2,2,0.034,2,0.0,2
620.0,2,4.6398,2,34.1568,2,19.7,2,63.3,2,0.034,2,0.0,2
621.0,2,4.6369,2,34.1571,2,19.5,2,63.4,2,0.034,2,0.0,2
622.0,2,4.6371,2,34.1583,2,19.2,2,63.3,2,0.034,2,0.0,2
623.0,2,4.6393,2,34.1603,2,18.9,2,63.4,2,0.034,2,0.0,2
624.0,2,4.6493,2,34.1653,2,18.7,2,63.5,2,0.034,2,0.0,2
625.0,2,4.6584,2,34.17,2,18.3,2,63.4,2,0.034,2,0.0,2
626.0,2,4.6577,2,34.17,2,18.0,2,63.4,2,0.034,2,0.0,2
627.0,2,4.6515,2,34.1706,2,17.8,2,63.4,2,0.034,2,0.0,2
628.0,2,4.6484,2,34.1706,2,17.6,2,63.4,2,0.034,2,0.0,2
629.0,2,4.6458,2,34.1705,2,17.6,2,63.5,2,0.034,2,0.0,2
630.0,2,4.641,2,34.1706,2,17.3,2,63.5,2,0.034,2,0.0,2
631.0,2,4.6379,2,34.1706,2,17.4,2,63.5,2,0.034,2,0.0,2
632.0,2,4.6367,2,34.1706,2,17.4,2,63.5,2,0.034,2,0.0,2
633.0,2,4.6339,2,34.1705,2,17.3,2,63.5,2,0.034,2,0.0,2
634.0,2,4.6257,2,34.1718,2,17.3,2,63.5,2,0.034,2,0.0,2
635.0,2,4.6251,2,34.1725,2,17.2,2,63.4,2,0.034,2,0.0,2
636.0,2,4.6248,2,34.173,2,17.2,2,63.5,2,0.034,2,0.0,2
636.8,2,4.6243,2,34.1736,2,17.1,2,63.5,2,0.034,2,0.0,2
638.3,2,4.6207,2,34.1759,2,17.0,2,63.5,2,0.034,2,0.0,2
639.0,2,4.6167,2,34.177,2,16.8,2,63.5,2,0.034,2,0.0,2
640.0,2,4.6159,2,34.1773,2,16.7,2,63.5,2,0.034,2,0.0,2
641.0,2,4.6149,2,34.1778,2,16.6,2,63.4,2,0.034,2,0.0,2
642.0,2,4.6137,2,34.178000000000004,2,16.6,2,63.4,2,0.034,2,0.0,2
643.0,2,4.6131,2,34.1783,2,16.4,2,63.5,2,0.034,2,0.0,2
644.0,2,4.6125,2,34.1786,2,16.6,2,63.4,2,0.034,2,0.0,2
645.0,2,4.6116,2,34.1793,2,16.6,2,63.5,2,0.034,2,0.0,2
646.0,2,4.6101,2,34.1799,2,16.5,2,63.5,2,0.034,2,0.0,2
647.0,2,4.6086,2,34.1806,2,16.4,2,63.4,2,0.034,2,0.0,2
648.0,2,4.6093,2,34.1803,2,16.3,2,63.5,2,0.034,2,0.0,2
648.5,2,4.6075,2,34.1814,2,16.4,2,63.4,2,0.034,2,0.0,2
650.2,2,4.6037,2,34.1824,2,16.3,2,63.4,2,0.034,2,0.0,2
651.0,2,4.5993,2,34.1837,2,16.2,2,63.4,2,0.034,2,0.0,2
652.0,2,4.5963,2,34.1845,2,16.3,2,63.4,2,0.034,2,0.0,2
653.0,2,4.5942,2,34.1848,2,16.1,2,63.5,2,0.034,2,0.0,2
654.0,2,4.5938,2,34.1851,2,16.1,2,63.3,2,0.034,2,0.0,2
654.9,2,4.593,2,34.1859,2,16.0,2,63.5,2,0.034,2,0.0,2
657.2,2,4.5883,2,34.1875,2,15.8,2,63.4,2,0.034,2,0.0,2
658.0,2,4.5864,2,34.1881,2,15.6,2,63.4,2,0.034,2,0.0,2
659.0,2,4.5843,2,34.1887,2,15.5,2,63.4,2,0.034,2,0.0,2
660.0,2,4.5799,2,34.1898,2,15.5,2,63.3,2,0.034,2,0.0,2
661.0,2,4.5713,2,34.1934,2,15.4,2,63.4,2,0.034,2,0.0,2
662.0,2,4.5695,2,34.1946,2,15.2,2,63.4,2,0.034,2,0.0,2
663.0,2,4.5685,2,34.1957,2,15.1,2,63.3,2,0.034,2,0.0,2
664.0,2,4.5680000000000005,2,34.1963,2,15.0,2,63.4,2,0.034,2,0.0,2
665.0,2,4.566,2,34.1969,2,15.2,2,63.3,2,0.034,2,0.0,2
666.0,2,4.564,2,34.1974,2,15.1,2,63.3,2,0.034,2,0.0,2
666.7,2,4.5626,2,34.1978,2,15.1,2,63.3,2,0.034,2,0.0,2
668.0,2,4.5588,2,34.1992,2,14.9,2,63.0,2,0.034,2,0.0,2
669.0,2,4.5584,2,34.2,2,14.9,2,63.2,2,0.034,2,0.0,2
670.0,2,4.5579,2,34.2002,2,14.9,2,63.2,2,0.034,2,0.0,2
671.0,2,4.5573,2,34.2004,2,14.9,2,63.2,2,0.034,2,0.0,2
672.0,2,4.5554,2,34.2009,2,14.6,2,63.2,2,0.034,2,0.0,2
673.0,2,4.5513,2,34.2021,2,14.9,2,63.2,2,0.034,2,0.0,2
674.0,2,4.55,2,34.2024,2,14.7,2,63.2,2,0.034,2,0.0,2
675.0,2,4.5427,2,34.2041,2,14.7,2,63.1,2,0.034,2,0.0,2
676.0,2,4.539,2,34.205,2,14.7,2,63.1,2,0.034,2,0.0,2
677.0,2,4.5375,2,34.2055,2,14.6,2,63.1,2,0.034,2,0.0,2
678.0,2,4.5371,2,34.2057,2,14.6,2,63.1,2,0.034,2,0.0,2
679.0,2,4.5345,2,34.2062,2,14.4,2,63.1,2,0.034,2,0.0,2
680.0,2,4.5292,2,34.207,2,14.4,2,63.1,2,0.034,2,0.0,2
681.0,2,4.5239,2,34.2079,2,14.4,2,63.1,2,0.034,2,0.0,2
682.0,2,4.5215,2,34.2086,2,14.5,2,63.1,2,0.034,2,0.0,2
683.0,2,4.5195,2,34.209,2,14.2,2,63.1,2,0.034,2,0.0,2
684.3,2,4.5186,2,34.2094,2,14.0,2,63.1,2,0.034,2,0.0,2
685.0,2,4.5122,2,34.2108,2,14.2,2,63.1,2,0.034,2,0.0,2
686.0,2,4.5077,2,34.2117,2,14.3,2,63.1,2,0.034,2,0.0,2
687.0,2,4.504,2,34.2126,2,14.2,2,63.0,2,0.034,2,0.0,2
688.0,2,4.5033,2,34.2126,2,14.1,2,63.0,2,0.034,2,0.0,2
689.0,2,4.5011,2,34.2132,2,14.1,2,63.1,2,0.034,2,0.0,2
690.0,2,4.4977,2,34.2138,2,13.9,2,63.1,2,0.034,2,0.0,2
691.0,2,4.496,2,34.2141,2,14.0,2,63.0,2,0.034,2,0.0,2
691.7,2,4.4927,2,34.2149,2,13.9,2,63.0,2,0.034,2,0.0,2
694.0,2,4.4783,2,34.2173,2,13.6,2,63.0,2,0.034,2,0.0,2
695.0,2,4.4721,2,34.2191,2,13.6,2,63.0,2,0.034,2,0.0,2
696.0,2,4.4673,2,34.2202,2,13.7,2,62.9,2,0.034,2,0.0,2
697.0,2,4.4659,2,34.2206,2,13.7,2,62.9,2,0.034,2,0.0,2
698.0,2,4.4647,2,34.2207,2,13.6,2,62.9,2,0.034,2,0.0,2
699.0,2,4.4615,2,34.2215,2,13.5,2,62.9,2,0.034,2,0.0,2
699.9,2,4.4583,2,34.2224,2,13.6,2,62.9,2,0.034,2,0.0,2
701.4,2,4.4518,2,34.2246,2,13.6,2,62.9,2,0.034,2,0.0,2
702.0,2,4.4466,2,34.2254,2,13.4,2,62.9,2,0.034,2,0.0,2
703.0,2,4.4396,2,34.2269,2,13.2,2,62.7,2,0.034,2,0.0,2
704.0,2,4.4366,2,34.2277,2,13.3,2,62.7,2,0.034,2,0.0,2
705.0,2,4.4356,2,34.2281,2,13.3,2,62.7,2,0.034,2,0.0,2
706.0,2,4.4343,2,34.2286,2,13.2,2,62.7,2,0.034,2,0.0,2
707.0,2,4.4327,2,34.2289,2,13.2,2,62.6,2,0.034,2,0.0,2
708.0,2,4.4299,2,34.2292,2,13.2,2,62.7,2,0.034,2,0.0,2
709.0,2,4.4204,2,34.2309,2,13.1,2,62.5,2,0.034,2,0.0,2
710.0,2,4.4129,2,34.2322,2,13.0,2,62.4,2,0.034,2,0.0,2
711.0,2,4.4035,2,34.2338,2,13.0,2,62.4,2,0.034,2,0.0,2
712.0,2,4.3999,2,34.2346,2,13.0,2,62.5,2,0.034,2,0.0,2
713.0,2,4.3982,2,34.2349,2,13.0,2,62.4,2,0.034,2,0.0,2
714.0,2,4.3965,2,34.2353,2,12.8,2,62.4,2,0.034,2,0.0,2
715.0,2,4.3945,2,34.2356,2,12.8,2,62.4,2,0.034,2,0.0,2
716.0,2,4.3943,2,34.2358,2,12.9,2,62.4,2,0.034,2,0.0,2
716.6,2,4.3934,2,34.2361,2,13.0,2,62.4,2,0.034,2,0.0,2
718.3,2,4.3927,2,34.2363,2,12.9,2,62.3,2,0.034,2,0.0,2
719.0,2,4.3912,2,34.2366,2,12.8,2,62.3,2,0.034,2,0.0,2
720.0,2,4.388,2,34.2372,2,12.9,2,62.4,2,0.034,2,0.0,2
721.0,2,4.3848,2,34.2377,2,12.9,2,62.3,2,0.034,2,0.0,2
722.0,2,4.3808,2,34.2381,2,12.8,2,62.3,2,0.034,2,0.0,2
723.0,2,4.377,2,34.2388,2,12.7,2,62.3,2,0.034,2,0.0,2
724.0,2,4.3757,2,34.2389,2,12.6,2,62.3,2,0.034,2,0.0,2
725.0,2,4.3685,2,34.24,2,12.8,2,62.2,2,0.034,2,0.0,2
725.8,2,4.362,2,34.2413,2,12.6,2,62.1,2,0.034,2,0.0,2
728.1,2,4.357,2,34.2424,2,12.6,2,62.2,2,0.034,2,0.0,2
729.0,2,4.3575,2,34.2422,2,12.6,2,62.3,2,0.034,2,0.0,2
730.0,2,4.354,2,34.2428,2,12.5,2,62.3,2,0.034,2,0.0,2
731.0,2,4.3504,2,34.2435,2,12.5,2,62.3,2,0.034,2,0.0,2
732.0,2,4.3466,2,34.2441,2,12.3,2,62.2,2,0.034,2,0.0,2
733.0,2,4.3439,2,34.2446,2,12.3,2,62.2,2,0.034,2,0.0,2
734.0,2,4.3393,2,34.2452,2,12.3,2,62.1,2,0.034,2,0.0,2
735.0,2,4.3357,2,34.2459,2,12.4,2,62.1,2,0.034,2,0.0,2
736.0,2,4.332,2,34.2466,2,12.4,2,62.1,2,0.034,2,0.0,2
737.0,2,4.3295,2,34.2473,2,12.3,2,62.0,2,0.034,2,0.0,2
738.0,2,4.3291,2,34.2474,2,12.3,2,62.1,2,0.034,2,0.0,2
739.0,2,4.3292,2,34.2471,2,12.3,2,62.1,2,0.034,2,0.0,2
740.0,2,4.3271,2,34.2474,2,12.1,2,62.1,2,0.034,2,0.0,2
741.0,2,4.3242,2,34.248000000000005,2,12.3,2,62.1,2,0.034,2,0.0,2
742.0,2,4.3194,2,34.2487,2,12.2,2,62.1,2,0.034,2,0.0,2
743.0,2,4.3162,2,34.2492,2,12.2,2,62.0,2,0.034,2,0.0,2
744.0,2,4.3145,2,34.2496,2,12.1,2,62.0,2,0.034,2,0.0,2
745.0,2,4.313,2,34.2497,2,12.0,2,62.0,2,0.034,2,0.0,2
746.0,2,4.3088,2,34.2504,2,12.1,2,62.1,2,0.034,2,0.0,2
747.0,2,4.3069999999999995,2,34.2508,2,12.1,2,62.0,2,0.034,2,0.0,2
748.0,2,4.3056,2,34.2511,2,12.0,2,62.0,2,0.034,2,0.0,2
749.0,2,4.3029,2,34.2515,2,12.0,2,62.0,2,0.034,2,0.0,2
750.0,2,4.3016,2,34.2516,2,12.0,2,61.9,2,0.034,2,0.0,2
751.0,2,4.3009,2,34.2518,2,12.0,2,61.9,2,0.034,2,0.0,2
752.0,2,4.3002,2,34.251999999999995,2,12.0,2,61.9,2,0.034,2,0.0,2
753.0,2,4.2986,2,34.2522,2,11.9,2,61.9,2,0.034,2,0.0,2
754.0,2,4.2951,2,34.2529,2,12.0,2,61.9,2,0.034,2,0.0,2
755.0,2,4.2917,2,34.2534,2,12.0,2,61.9,2,0.034,2,0.0,2
756.0,2,4.2865,2,34.2543,2,11.8,2,61.9,2,0.034,2,0.0,2
757.1,2,4.2843,2,34.2551,2,11.9,2,61.9,2,0.034,2,0.0,2
758.0,2,4.2828,2,34.2559,2,11.9,2,61.9,2,0.034,2,0.0,2
759.0,2,4.2767,2,34.2561,2,11.8,2,61.9,2,0.034,2,0.0,2
760.0,2,4.2693,2,34.2572,2,11.7,2,61.9,2,0.034,2,0.0,2
761.0,2,4.2643,2,34.258,2,11.7,2,61.9,2,0.034,2,0.0,2
762.0,2,4.2609,2,34.2587,2,11.7,2,61.8,2,0.034,2,0.0,2
763.0,2,4.2593,2,34.259,2,11.7,2,61.7,2,0.034,2,0.0,2
764.0,2,4.2578,2,34.2593,2,11.8,2,61.7,2,0.034,2,0.0,2
765.4,2,4.2574,2,34.2593,2,11.7,2,61.7,2,0.034,2,0.0,2
766.0,2,4.2563,2,34.2597,2,11.7,2,61.7,2,0.034,2,0.0,2
767.0,2,4.2531,2,34.2599,2,11.6,2,61.7,2,0.034,2,0.0,2
768.0,2,4.2442,2,34.2614,2,11.6,2,61.8,2,0.034,2,0.0,2
769.0,2,4.238,2,34.2628,2,11.6,2,61.7,2,0.039,2,0.0,2
770.0,2,4.2363,2,34.263000000000005,2,11.7,2,61.7,2,0.035,2,0.0,2
771.0,2,4.2352,2,34.2632,2,11.6,2,61.7,2,0.034,2,0.0,2
772.0,2,4.2323,2,34.2637,2,11.4,2,61.7,2,0.034,2,0.0,2
773.0,2,4.2269,2,34.2648,2,11.6,2,61.7,2,0.034,2,0.0,2
774.0,2,4.2233,2,34.2654,2,11.5,2,61.7,2,0.034,2,0.0,2
775.0,2,4.2199,2,34.266,2,11.5,2,61.6,2,0.034,2,0.0,2
776.0,2,4.2159,2,34.2669,2,11.5,2,61.7,2,0.034,2,0.0,2
777.4,2,4.2141,2,34.2675,2,11.5,2,61.6,2,0.034,2,0.0,2
778.0,2,4.2121,2,34.2677,2,11.4,2,61.7,2,0.034,2,0.0,2
779.0,2,4.2092,2,34.268,2,11.4,2,61.7,2,0.034,2,0.0,2
780.0,2,4.2064,2,34.2685,2,11.5,2,61.6,2,0.034,2,0.0,2
781.0,2,4.2038,2,34.2691,2,11.5,2,61.6,2,0.034,2,0.0,2
782.0,2,4.2001,2,34.2696,2,11.5,2,61.5,2,0.034,2,0.0,2
783.0,2,4.195,2,34.2705,2,11.3,2,61.5,2,0.034,2,0.0,2
784.0,2,4.1923,2,34.271,2,11.2,2,61.5,2,0.034,2,0.0,2
785.0,2,4.1903,2,34.2714,2,11.2,2,61.5,2,0.034,2,0.0,2
786.0,2,4.1883,2,34.2718,2,11.2,2,61.5,2,0.034,2,0.0,2
787.0,2,4.1868,2,34.2724,2,11.2,2,61.5,2,0.034,2,0.0,2
788.0,2,4.1859,2,34.2723,2,11.2,2,61.5,2,0.034,2,0.0,2
789.0,2,4.1822,2,34.2729,2,11.3,2,61.5,2,0.034,2,0.0,2
790.0,2,4.1775,2,34.274,2,11.2,2,61.5,2,0.034,2,0.0,2
791.0,2,4.1727,2,34.275,2,11.0,2,61.5,2,0.034,2,0.0,2
792.0,2,4.1691,2,34.2758,2,11.0,2,61.7,2,0.034,2,0.0,2
793.0,2,4.1683,2,34.2759,2,10.9,2,61.7,2,0.034,2,0.0,2
794.0,2,4.1622,2,34.2768,2,11.0,2,61.7,2,0.034,2,0.0,2
795.0,2,4.1552,2,34.2782,2,11.0,2,61.7,2,0.034,2,0.0,2
796.0,2,4.1512,2,34.2799,2,10.8,2,61.7,2,0.034,2,0.0,2
797.0,2,4.15,2,34.2804,2,10.9,2,61.8,2,0.034,2,0.0,2
798.0,2,4.1458,2,34.2809,2,10.9,2,62.1,2,0.034,2,0.0,2
800.1,2,4.1368,2,34.2826,2,10.6,2,61.9,2,0.034,2,0.0,2
801.0,2,4.1314,2,34.2831,2,10.6,2,62.0,2,0.034,2,0.0,2
802.0,2,4.1244,2,34.2843,2,10.6,2,61.9,2,0.034,2,0.0,2
803.0,2,4.1203,2,34.2856,2,10.6,2,61.8,2,0.034,2,0.0,2
804.0,2,4.1159,2,34.2867,2,10.5,2,61.9,2,0.034,2,0.0,2
805.0,2,4.1154,2,34.287,2,10.3,2,62.1,2,0.034,2,0.0,2
806.0,2,4.1115,2,34.2875,2,10.4,2,62.2,2,0.034,2,0.0,2
807.0,2,4.1068,2,34.2884,2,10.4,2,62.2,2,0.034,2,0.0,2
808.0,2,4.104,2,34.289,2,10.4,2,62.2,2,0.034,2,0.0,2
809.0,2,4.0998,2,34.2904,2,10.4,2,62.2,2,0.034,2,0.0,2
810.2,2,4.0938,2,34.291,2,10.2,2,62.1,2,0.034,2,0.0,2
810.9,2,4.093999999999999,2,34.291,2,10.2,2,62.2,2,0.034,2,0.0,2
812.0,2,4.0936,2,34.2911,2,10.3,2,62.2,2,0.034,2,0.0,2
813.0,2,4.0875,2,34.2921,2,10.2,2,62.2,2,0.034,2,0.0,2
814.0,2,4.0775,2,34.2944,2,10.1,2,62.2,2,0.034,2,0.0,2
815.0,2,4.0744,2,34.2955,2,10.1,2,62.2,2,0.034,2,0.0,2
816.0,2,4.0727,2,34.2955,2,10.1,2,62.2,2,0.034,2,0.0,2
817.0,2,4.0697,2,34.296,2,10.0,2,62.3,2,0.034,2,0.0,2
818.0,2,4.0663,2,34.2966,2,10.0,2,62.2,2,0.034,2,0.0,2
819.0,2,4.0614,2,34.2976,2,10.2,2,62.2,2,0.034,2,0.0,2
820.0,2,4.0539,2,34.299,2,10.0,2,62.2,2,0.034,2,0.0,2
821.0,2,4.0495,2,34.3004,2,9.9,2,62.3,2,0.034,2,0.0,2
821.7,2,4.0485,2,34.3009,2,10.0,2,62.3,2,0.034,2,0.0,2
823.1,2,4.0473,2,34.3013,2,9.9,2,62.3,2,0.034,2,0.0,2
824.0,2,4.0469,2,34.3013,2,9.8,2,62.4,2,0.034,2,0.0,2
825.0,2,4.0468,2,34.3012,2,9.9,2,62.4,2,0.034,2,0.0,2
826.0,2,4.0461,2,34.3016,2,9.8,2,62.3,2,0.034,2,0.0,2
827.0,2,4.0457,2,34.3017,2,9.8,2,62.4,2,0.034,2,0.0,2
828.0,2,4.0453,2,34.3018,2,9.7,2,62.4,2,0.034,2,0.0,2
829.0,2,4.0441,2,34.3021,2,9.7,2,62.3,2,0.034,2,0.0,2
830.0,2,4.0426,2,34.3024,2,9.8,2,62.4,2,0.034,2,0.0,2
831.0,2,4.0412,2,34.3025,2,9.9,2,62.3,2,0.034,2,0.0,2
832.0,2,4.0391,2,34.3031,2,9.8,2,62.4,2,0.034,2,0.0,2
833.0,2,4.038,2,34.3032,2,9.8,2,62.4,2,0.034,2,0.0,2
834.0,2,4.0369,2,34.3037,2,9.7,2,62.3,2,0.034,2,0.0,2
835.0,2,4.0354,2,34.3045,2,9.6,2,62.4,2,0.034,2,0.0,2
836.0,2,4.0347,2,34.3047,2,9.7,2,62.5,2,0.034,2,0.0,2
837.0,2,4.0337,2,34.3051,2,9.6,2,62.5,2,0.033,2,0.0,2
838.0,2,4.0315,2,34.3056,2,9.6,2,62.4,2,0.034,2,0.0,2
839.0,2,4.0301,2,34.3058,2,9.8,2,62.5,2,0.034,2,0.0,2
840.0,2,4.0292,2,34.3061,2,9.6,2,62.5,2,0.034,2,0.0,2
841.0,2,4.0282,2,34.3062,2,9.6,2,62.5,2,0.034,2,0.0,2
842.0,2,4.0273,2,34.3065,2,9.7,2,62.4,2,0.034,2,0.0,2
843.0,2,4.0265,2,34.3067,2,9.6,2,62.5,2,0.034,2,0.0,2
844.0,2,4.0249,2,34.3069,2,9.6,2,62.5,2,0.034,2,0.0,2
845.0,2,4.0208,2,34.308,2,9.4,2,62.5,2,0.034,2,0.0,2
846.0,2,4.0197,2,34.3083,2,9.7,2,62.6,2,0.034,2,0.0,2
847.0,2,4.019,2,34.3085,2,9.6,2,62.5,2,0.034,2,0.0,2
848.0,2,4.0179,2,34.3088,2,9.5,2,62.6,2,0.034,2,0.0,2
849.0,2,4.0171,2,34.3089,2,9.6,2,62.6,2,0.034,2,0.0,2
850.0,2,4.0162,2,34.3091,2,9.5,2,62.6,2,0.034,2,0.0,2
851.0,2,4.0159,2,34.3091,2,9.5,2,62.7,2,0.034,2,0.0,2
852.0,2,4.0156,2,34.3091,2,9.4,2,62.7,2,0.034,2,0.0,2
853.0,2,4.0138,2,34.3095,2,9.5,2,62.7,2,0.034,2,0.0,2
854.0,2,4.0119,2,34.31,2,9.6,2,62.7,2,0.034,2,0.0,2
855.0,2,4.0104,2,34.3101,2,9.5,2,62.7,2,0.033,2,0.0,2
855.9,2,4.0091,2,34.3105,2,9.5,2,62.7,2,0.034,2,0.0,2
857.3,2,4.0065,2,34.3109,2,9.5,2,62.4,2,0.034,2,0.0,2
858.0,2,4.0043,2,34.3113,2,9.5,2,62.3,2,0.033,2,0.0,2
859.0,2,4.0024,2,34.3118,2,9.4,2,62.7,2,0.032,2,0.0,2
860.0,2,4.002,2,34.312,2,9.6,2,62.7,2,0.034,2,0.0,2
861.0,2,3.9993,2,34.3122,2,9.5,2,62.7,2,0.034,2,0.0,2
861.9,2,3.997,2,34.3124,2,9.4,2,62.7,2,0.032,2,0.0,2
863.0,2,3.9947,2,34.3128,2,9.3,2,62.7,2,0.034,2,0.0,2
864.1,2,3.9929,2,34.3128,2,9.5,2,62.7,2,0.034,2,0.0,2
865.0,2,3.9886,2,34.3132,2,9.5,2,62.7,2,0.034,2,0.0,2
866.0,2,3.9863,2,34.3133,2,9.6,2,62.7,2,0.034,2,0.0,2
867.0,2,3.9836,2,34.3139,2,9.5,2,62.7,2,0.034,2,0.0,2
868.0,2,3.9827,2,34.314,2,9.6,2,62.6,2,0.034,2,0.0,2
869.0,2,3.9824,2,34.3139,2,9.5,2,62.7,2,0.034,2,0.0,2
870.0,2,3.98,2,34.3143,2,9.6,2,62.7,2,0.034,2,0.0,2
871.0,2,3.9744,2,34.3154,2,9.6,2,62.7,2,0.034,2,0.0,2
872.0,2,3.9686,2,34.3163,2,9.5,2,62.7,2,0.034,2,0.0,2
873.0,2,3.9633,2,34.3168,2,9.5,2,62.7,2,0.034,2,0.0,2
874.0,2,3.9583,2,34.3175,2,9.4,2,62.7,2,0.034,2,0.0,2
875.0,2,3.9552,2,34.318000000000005,2,9.5,2,62.7,2,0.034,2,0.0,2
876.0,2,3.9548,2,34.3178,2,9.5,2,62.7,2,0.034,2,0.0,2
877.0,2,3.9501,2,34.3186,2,9.6,2,62.7,2,0.034,2,0.0,2
878.0,2,3.9476,2,34.3188,2,9.4,2,62.6,2,0.034,2,0.0,2
879.0,2,3.9424,2,34.3201,2,9.5,2,62.6,2,0.033,2,0.0,2
880.0,2,3.9407,2,34.3211,2,9.5,2,62.6,2,0.034,2,0.0,2
881.0,2,3.9399,2,34.321999999999996,2,9.6,2,62.8,2,0.03,2,0.0,2
882.0,2,3.9379,2,34.3219,2,9.4,2,62.8,2,0.034,2,0.0,2
883.0,2,3.9349,2,34.321999999999996,2,9.3,2,62.8,2,0.034,2,0.0,2
884.0,2,3.9284,2,34.3228,2,9.4,2,62.7,2,0.033,2,0.0,2
885.0,2,3.9221,2,34.3237,2,9.5,2,62.7,2,0.034,2,0.0,2
886.0,2,3.9189999999999996,2,34.3242,2,9.5,2,62.7,2,0.034,2,0.0,2
887.0,2,3.9166,2,34.3248,2,9.6,2,62.7,2,0.034,2,0.0,2
888.0,2,3.9132,2,34.3256,2,9.4,2,62.7,2,0.034,2,0.0,2
889.0,2,3.9108,2,34.3257,2,9.5,2,62.7,2,0.034,2,0.0,2
890.0,2,3.91,2,34.3258,2,9.6,2,62.7,2,0.034,2,0.0,2
891.0,2,3.908,2,34.3263,2,9.5,2,62.7,2,0.034,2,0.0,2
892.0,2,3.9053,2,34.3271,2,9.4,2,62.6,2,0.034,2,0.0,2
893.0,2,3.9028,2,34.3279,2,9.5,2,62.7,2,0.034,2,0.0,2
894.0,2,3.9001,2,34.3286,2,9.4,2,62.8,2,0.031,2,0.0,2
895.0,2,3.8973,2,34.3294,2,9.4,2,62.8,2,0.033,2,0.0,2
896.0,2,3.8959,2,34.3299,2,9.5,2,62.9,2,0.034,2,0.0,2
897.0,2,3.8952,2,34.3301,2,9.4,2,62.8,2,0.034,2,0.0,2
898.0,2,3.8949,2,34.3302,2,9.4,2,62.8,2,0.032,2,0.0,2
899.0,2,3.8898,2,34.3318,2,9.4,2,62.9,2,0.034,2,0.0,2
900.0,2,3.8812,2,34.3338,2,9.3,2,62.9,2,0.034,2,0.0,2
901.0,2,3.8752,2,34.3348,2,9.3,2,62.9,2,0.034,2,0.0,2
902.0,2,3.8701,2,34.3359,2,9.3,2,63.0,2,0.034,2,0.0,2
903.0,2,3.8662,2,34.3368,2,9.3,2,63.0,2,0.031,2,0.0,2
904.0,2,3.8654,2,34.336999999999996,2,9.3,2,63.1,2,0.034,2,0.0,2
905.0,2,3.8646,2,34.3373,2,9.3,2,63.1,2,0.034,2,0.0,2
906.0,2,3.8627,2,34.3374,2,9.2,2,63.1,2,0.034,2,0.0,2
907.0,2,3.8599,2,34.3379,2,9.4,2,63.1,2,0.034,2,0.0,2
908.0,2,3.8576,2,34.3383,2,9.3,2,63.0,2,0.034,2,0.0,2
909.0,2,3.8555,2,34.3386,2,9.3,2,63.1,2,0.033,2,0.0,2
909.7,2,3.8533,2,34.3391,2,9.5,2,63.1,2,0.033,2,0.0,2
911.3,2,3.8527,2,34.3392,2,9.3,2,62.9,2,0.034,2,0.0,2
912.0,2,3.8519,2,34.3394,2,9.3,2,62.9,2,0.031,2,0.0,2
913.0,2,3.8506,2,34.3396,2,9.3,2,63.0,2,0.031,2,0.0,2
914.0,2,3.8494,2,34.3398,2,9.3,2,63.0,2,0.034,2,0.0,2
915.0,2,3.8484,2,34.34,2,9.3,2,63.0,2,0.034,2,0.0,2
916.0,2,3.846,2,34.3404,2,9.2,2,63.1,2,0.034,2,0.0,2
917.0,2,3.8438,2,34.3405,2,9.6,2,63.1,2,0.034,2,0.0,2
918.0,2,3.8429,2,34.3406,2,9.5,2,63.0,2,0.034,2,0.0,2
919.0,2,3.8421,2,34.3409,2,9.3,2,63.1,2,0.034,2,0.0,2
920.0,2,3.8397,2,34.3411,2,9.3,2,63.1,2,0.03,2,0.0,2
921.0,2,3.8377,2,34.3416,2,9.3,2,63.1,2,0.032,2,0.0,2
921.6,2,3.8376,2,34.342,2,9.3,2,63.1,2,0.034,2,0.0,2
923.2,2,3.8339,2,34.3427,2,9.4,2,63.0,2,0.034,2,0.0,2
924.0,2,3.8313,2,34.3431,2,9.3,2,63.1,2,0.034,2,0.0,2
925.0,2,3.8291,2,34.3435,2,9.4,2,63.1,2,0.034,2,0.0,2
926.0,2,3.8276,2,34.3438,2,9.3,2,63.1,2,0.034,2,0.0,2
927.0,2,3.8254,2,34.3442,2,9.6,2,63.1,2,0.034,2,0.0,2
928.0,2,3.821,2,34.3446,2,9.3,2,63.1,2,0.034,2,0.0,2
929.0,2,3.8182,2,34.3451,2,9.3,2,63.1,2,0.034,2,0.0,2
930.0,2,3.8167,2,34.3455,2,9.3,2,63.1,2,0.033,2,0.0,2
931.0,2,3.8159,2,34.3456,2,9.4,2,63.1,2,0.034,2,0.0,2
932.0,2,3.8144,2,34.3458,2,9.4,2,63.1,2,0.034,2,0.0,2
933.0,2,3.8135,2,34.346,2,9.4,2,63.1,2,0.034,2,0.0,2
935.0,2,3.8042,2,34.3473,2,9.5,2,63.0,2,0.034,2,0.0,2
936.0,2,3.8009,2,34.3478,2,9.3,2,63.0,2,0.034,2,0.0,2
937.0,2,3.8,2,34.3484,2,9.4,2,63.1,2,0.034,2,0.0,2
938.0,2,3.7996,2,34.3486,2,9.5,2,63.1,2,0.034,2,0.0,2
939.0,2,3.7972,2,34.3492,2,9.6,2,63.0,2,0.034,2,0.0,2
940.0,2,3.7942,2,34.3497,2,9.3,2,63.0,2,0.034,2,0.0,2
941.0,2,3.7907,2,34.3502,2,9.3,2,63.0,2,0.034,2,0.0,2
942.0,2,3.7866,2,34.3504,2,9.5,2,63.0,2,0.033,2,0.0,2
943.0,2,3.7848,2,34.3508,2,9.5,2,63.0,2,0.032,2,0.0,2
943.8,2,3.7837,2,34.3513,2,9.5,2,63.1,2,0.023,2,0.0,2
946.0,2,3.7769,2,34.3515,2,9.4,2,62.9,2,0.034,2,0.0,2
947.0,2,3.7737,2,34.3515,2,9.4,2,63.0,2,0.034,2,0.0,2
948.0,2,3.7722,2,34.3514,2,9.4,2,63.0,2,0.034,2,0.0,2
949.0,2,3.7678,2,34.3518,2,9.5,2,63.0,2,0.034,2,0.0,2
950.0,2,3.7659,2,34.3524,2,9.5,2,63.1,2,0.034,2,0.0,2
951.0,2,3.7647,2,34.3524,2,9.4,2,63.1,2,0.034,2,0.0,2
952.0,2,3.7616,2,34.3531,2,9.5,2,63.0,2,0.034,2,0.0,2
953.0,2,3.7579,2,34.3541,2,9.4,2,63.0,2,0.033,2,0.0,2
953.7,2,3.7566,2,34.3546,2,9.4,2,63.1,2,0.034,2,0.0,2
956.1,2,3.7475,2,34.3563,2,9.3,2,63.0,2,0.027000000000000003,2,0.0,2
957.0,2,3.7460000000000004,2,34.3565,2,9.5,2,63.1,2,0.034,2,0.0,2
958.0,2,3.7435,2,34.3567,2,9.5,2,63.0,2,0.034,2,0.0,2
959.0,2,3.7419,2,34.3569,2,9.6,2,63.0,2,0.034,2,0.0,2
960.0,2,3.7401,2,34.3573,2,9.5,2,63.1,2,0.033,2,0.0,2
961.0,2,3.736,2,34.3578,2,9.5,2,63.0,2,0.034,2,0.0,2
962.0,2,3.7332,2,34.3583,2,9.6,2,63.0,2,0.032,2,0.0,2
963.0,2,3.7311,2,34.3588,2,9.7,2,63.0,2,0.034,2,0.0,2
964.0,2,3.7297,2,34.3591,2,9.5,2,63.0,2,0.034,2,0.0,2
965.0,2,3.7289999999999996,2,34.3592,2,9.6,2,63.0,2,0.024,2,0.0,2
966.0,2,3.728,2,34.3593,2,9.6,2,63.0,2,0.034,2,0.0,2
967.0,2,3.7205,2,34.361,2,9.6,2,63.0,2,0.031,2,0.0,2
967.7,2,3.716,2,34.363,2,9.8,2,62.9,2,0.032,2,0.0,2
969.0,2,3.7122,2,34.3633,2,9.9,2,62.9,2,0.034,2,0.0,2
970.0,2,3.7108,2,34.3633,2,9.7,2,62.9,2,0.034,2,0.0,2
971.0,2,3.7097,2,34.3637,2,9.9,2,62.9,2,0.034,2,0.0,2
972.0,2,3.7093,2,34.3638,2,9.9,2,62.9,2,0.034,2,0.0,2
973.0,2,3.7063,2,34.3645,2,9.8,2,62.9,2,0.027000000000000003,2,0.0,2
974.0,2,3.7056,2,34.3645,2,9.8,2,62.8,2,0.032,2,0.0,2
975.0,2,3.7034,2,34.3649,2,9.9,2,62.8,2,0.028999999999999998,2,0.0,2
976.0,2,3.6978,2,34.3659,2,9.9,2,62.9,2,0.027000000000000003,2,0.0,2
977.0,2,3.6963,2,34.3663,2,10.0,2,62.8,2,0.034,2,0.0,2
978.0,2,3.6953,2,34.3666,2,9.8,2,62.8,2,0.031,2,0.0,2
978.6,2,3.6943,2,34.3671,2,9.9,2,62.8,2,0.033,2,0.0,2
980.3,2,3.6933,2,34.3672,2,9.8,2,62.7,2,0.034,2,0.0,2
981.0,2,3.693,2,34.3672,2,10.0,2,62.8,2,0.031,2,0.0,2
982.0,2,3.6917,2,34.3676,2,10.1,2,62.8,2,0.032,2,0.0,2
983.0,2,3.6877,2,34.3684,2,10.1,2,62.7,2,0.034,2,0.0,2
984.0,2,3.6859,2,34.3687,2,10.0,2,62.8,2,0.034,2,0.0,2
985.0,2,3.6857,2,34.3687,2,9.8,2,62.9,2,0.034,2,0.0,2
986.0,2,3.6854,2,34.3687,2,9.7,2,62.9,2,0.027000000000000003,2,0.0,2
987.0,2,3.6853,2,34.3688,2,9.8,2,62.9,2,0.032,2,0.0,2
987.5,2,3.687,2,34.3683,2,10.0,2,62.8,2,0.034,2,0.0,2
989.0,2,3.6868,2,34.3687,2,10.0,2,62.7,2,0.034,2,0.0,2
990.0,2,3.6803,2,34.3697,2,9.9,2,62.9,2,0.03,2,0.0,2
991.0,2,3.6738,2,34.3706,2,10.1,2,62.9,2,0.032,2,0.0,2
992.0,2,3.6719999999999997,2,34.371,2,9.9,2,62.9,2,0.027999999999999997,2,0.0,2
993.0,2,3.6656,2,34.3723,2,10.1,2,62.9,2,0.034,2,0.0,2
994.0,2,3.6616,2,34.3731,2,10.0,2,62.9,2,0.031,2,0.0,2
995.0,2,3.6588,2,34.3737,2,10.0,2,62.9,2,0.03,2,0.0,2
996.0,2,3.656,2,34.3741,2,10.1,2,62.9,2,0.034,2,0.0,2
997.0,2,3.6526,2,34.3745,2,10.1,2,62.9,2,0.034,2,0.0,2
998.0,2,3.6461,2,34.3757,2,10.1,2,62.9,2,0.031,2,0.0,2
999.0,2,3.6414,2,34.3771,2,10.1,2,62.9,2,0.033,2,0.0,2
1000.1,2,3.6397,2,34.3778,2,10.1,2,62.9,2,0.026000000000000002,2,0.0,2
1001.0,2,3.6385,2,34.3775,2,10.2,2,62.9,2,0.025,2,0.0,2
1002.0,2,3.6385,2,34.3773,2,10.3,2,62.9,2,0.034,2,0.0,2
1003.0,2,3.637,2,34.3778,2,10.2,2,62.9,2,0.034,2,0.0,2
1004.0,2,3.6339,2,34.3782,2,10.1,2,62.9,2,0.034,2,0.0,2
1005.0,2,3.6332,2,34.3785,2,10.2,2,62.9,2,0.031,2,0.0,2
1006.0,2,3.6326,2,34.3786,2,10.2,2,62.9,2,0.025,2,0.0,2
1007.0,2,3.6291,2,34.3791,2,10.3,2,62.9,2,0.03,2,0.0,2
1008.0,2,3.6269,2,34.3793,2,10.3,2,62.9,2,0.034,2,0.0,2
1008.8,2,3.6260000000000003,2,34.3798,2,10.3,2,62.9,2,0.032,2,0.0,2
1010.3,2,3.6245,2,34.3802,2,10.4,2,62.9,2,0.034,2,0.0,2
1011.0,2,3.6213,2,34.3807,2,10.4,2,62.9,2,0.033,2,0.0,2
1012.0,2,3.6177,2,34.3812,2,10.4,2,62.9,2,0.027000000000000003,2,0.0,2
1013.0,2,3.6149,2,34.3816,2,10.3,2,62.9,2,0.028999999999999998,2,0.0,2
1014.0,2,3.6123,2,34.3821,2,10.5,2,62.9,2,0.027999999999999997,2,0.0,2
1015.0,2,3.609,2,34.3825,2,10.4,2,62.9,2,0.034,2,0.0,2
1016.0,2,3.6045,2,34.3831,2,10.3,2,62.9,2,0.034,2,0.0,2
1017.0,2,3.6011,2,34.3836,2,10.4,2,62.9,2,0.03,2,0.0,2
1018.1,2,3.597,2,34.3843,2,10.5,2,62.9,2,0.027999999999999997,2,0.0,2
1018.6,2,3.5946,2,34.385,2,10.4,2,62.9,2,0.021,2,0.0,2
1020.0,2,3.5879,2,34.3859,2,10.4,2,62.9,2,0.025,2,0.0,2
1021.0,2,3.5866,2,34.3859,2,10.5,2,62.9,2,0.026000000000000002,2,0.0,2
1022.0,2,3.5857,2,34.3862,2,10.6,2,62.9,2,0.028999999999999998,2,0.0,2
1023.0,2,3.5823,2,34.3867,2,10.6,2,62.9,2,0.033,2,0.0,2
1024.0,2,3.5791,2,34.3876,2,10.6,2,62.9,2,0.028999999999999998,2,0.0,2
1025.0,2,3.5761,2,34.3879,2,10.7,2,62.9,2,0.032,2,0.0,2
1026.0,2,3.5729,2,34.3883,2,10.6,2,62.9,2,0.021,2,0.0,2
1027.0,2,3.571,2,34.3887,2,10.7,2,62.9,2,0.031,2,0.0,2
1028.0,2,3.5665,2,34.3892,2,10.7,2,62.9,2,0.034,2,0.0,2
1029.0,2,3.5593,2,34.3904,2,10.7,2,63.0,2,0.027999999999999997,2,0.0,2
1030.0,2,3.5561,2,34.3908,2,10.7,2,63.0,2,0.03,2,0.0,2
1031.0,2,3.5549,2,34.391,2,10.7,2,63.0,2,0.027999999999999997,2,0.0,2
1032.0,2,3.5528,2,34.3913,2,10.8,2,63.0,2,0.025,2,0.0,2
1033.0,2,3.5516,2,34.3916,2,10.8,2,63.0,2,0.028999999999999998,2,0.0,2
1034.0,2,3.5512,2,34.3918,2,10.8,2,63.0,2,0.034,2,0.0,2
1035.3,2,3.5509,2,34.3919,2,10.9,2,63.0,2,0.03,2,0.0,2
1036.0,2,3.551,2,34.3918,2,10.9,2,63.0,2,0.031,2,0.0,2
1037.0,2,3.5507,2,34.3918,2,10.7,2,63.0,2,0.034,2,0.0,2
1038.0,2,3.5501,2,34.3918,2,10.8,2,63.0,2,0.024,2,0.0,2
1039.0,2,3.5487,2,34.391999999999996,2,11.0,2,63.0,2,0.026000000000000002,2,0.0,2
1039.8,2,3.5445,2,34.3927,2,10.7,2,63.0,2,0.028999999999999998,2,0.0,2
1041.2,2,3.5382,2,34.3936,2,10.8,2,63.0,2,0.034,2,0.0,2
1042.0,2,3.5342,2,34.3943,2,10.9,2,63.0,2,0.034,2,0.0,2
1043.0,2,3.5301,2,34.3949,2,11.0,2,63.1,2,0.027999999999999997,2,0.0,2
1044.0,2,3.528,2,34.3951,2,10.9,2,63.1,2,0.034,2,0.0,2
1045.0,2,3.5272,2,34.3953,2,11.1,2,63.1,2,0.034,2,0.0,2
1045.6,2,3.5266,2,34.3953,2,11.0,2,63.1,2,0.034,2,0.0,2
1047.0,2,3.5249,2,34.3956,2,11.0,2,63.0,2,0.028999999999999998,2,0.0,2
1048.0,2,3.5244,2,34.3958,2,11.0,2,63.0,2,0.031,2,0.0,2
1049.0,2,3.5241,2,34.3958,2,11.0,2,63.1,2,0.03,2,0.0,2
1050.0,2,3.5233,2,34.3961,2,11.1,2,63.1,2,0.021,2,0.0,2
1051.0,2,3.5215,2,34.3964,2,11.1,2,63.0,2,0.026000000000000002,2,0.0,2
1052.0,2,3.5199,2,34.3966,2,11.1,2,63.0,2,0.026000000000000002,2,0.0,2
1053.0,2,3.5189999999999997,2,34.3969,2,11.0,2,63.1,2,0.034,2,0.0,2
1054.1,2,3.5184,2,34.3969,2,11.0,2,63.1,2,0.034,2,0.0,2
1055.0,2,3.5177,2,34.3971,2,11.0,2,63.1,2,0.027999999999999997,2,0.0,2
1056.0,2,3.5169,2,34.3973,2,11.1,2,63.0,2,0.025,2,0.0,2
1057.0,2,3.5165,2,34.3972,2,11.0,2,63.1,2,0.028999999999999998,2,0.0,2
1058.0,2,3.5135,2,34.3975,2,11.1,2,63.1,2,0.03,2,0.0,2
1059.0,2,3.5087,2,34.398,2,11.0,2,63.1,2,0.027000000000000003,2,0.0,2
1060.0,2,3.5074,2,34.3983,2,11.0,2,63.1,2,0.027000000000000003,2,0.0,2
1061.0,2,3.5069,2,34.3985,2,11.0,2,63.1,2,0.028999999999999998,2,0.0,2
1062.0,2,3.5062,2,34.3987,2,11.0,2,63.1,2,0.032,2,0.0,2
1063.0,2,3.5048,2,34.3991,2,11.1,2,63.1,2,0.028999999999999998,2,0.0,2
1063.6,2,3.505,2,34.3989,2,11.0,2,63.1,2,0.025,2,0.0,2
1065.2,2,3.5046,2,34.3994,2,11.1,2,63.1,2,0.021,2,0.0,2
1066.0,2,3.4982,2,34.4002,2,11.2,2,63.1,2,0.021,2,0.0,2
1067.0,2,3.4916,2,34.4011,2,11.0,2,63.1,2,0.027999999999999997,2,0.0,2
1068.0,2,3.4906,2,34.4009,2,11.1,2,63.0,2,0.034,2,0.0,2
1069.0,2,3.4876,2,34.4011,2,11.4,2,63.0,2,0.027999999999999997,2,0.0,2
1069.7,2,3.484,2,34.4011,2,11.3,2,63.1,2,0.025,2,0.0,2
1071.3,2,3.4765,2,34.400999999999996,2,11.1,2,63.1,2,0.032,2,0.0,2
1072.0,2,3.4737,2,34.4011,2,11.3,2,63.0,2,0.027999999999999997,2,0.0,2
1073.0,2,3.4709,2,34.400999999999996,2,11.1,2,63.2,2,0.032,2,0.0,2
1074.0,2,3.4645,2,34.400999999999996,2,11.2,2,63.2,2,0.03,2,0.0,2
1075.0,2,3.457,2,34.4007,2,11.1,2,63.3,2,0.027999999999999997,2,0.0,2
1076.0,2,3.4556,2,34.4009,2,11.0,2,63.3,2,0.031,2,0.0,2
1077.0,2,3.4546,2,34.4013,2,11.0,2,63.3,2,0.026000000000000002,2,0.0,2
1078.0,2,3.4598,2,34.4024,2,11.2,2,63.3,2,0.027999999999999997,2,0.0,2
1079.0,2,3.4639,2,34.4045,2,11.1,2,63.2,2,0.026000000000000002,2,0.0,2
1080.0,2,3.4647,2,34.4051,2,11.3,2,63.1,2,0.023,2,0.0,2
1081.0,2,3.4628,2,34.405,2,11.5,2,63.1,2,0.025,2,0.0,2
1082.0,2,3.4544,2,34.4057,2,11.4,2,63.1,2,0.021,2,0.0,2
1083.0,2,3.4494,2,34.4065,2,11.4,2,63.1,2,0.026000000000000002,2,0.0,2
1084.0,2,3.4459,2,34.4071,2,11.3,2,63.2,2,0.028999999999999998,2,0.0,2
1085.0,2,3.4416,2,34.4081,2,11.4,2,63.1,2,0.03,2,0.0,2
1085.7,2,3.4409,2,34.4088,2,11.5,2,63.1,2,0.034,2,0.0,2
1087.0,2,3.4392,2,34.409,2,11.5,2,63.1,2,0.027000000000000003,2,0.0,2
1088.0,2,3.4382,2,34.4091,2,11.6,2,63.1,2,0.025,2,0.0,2
1089.0,2,3.4353,2,34.4093,2,11.7,2,63.2,2,0.033,2,0.0,2
1090.0,2,3.4330000000000003,2,34.4096,2,11.6,2,63.2,2,0.027000000000000003,2,0.0,2
1091.0,2,3.4306,2,34.41,2,11.7,2,63.2,2,0.031,2,0.0,2
1092.0,2,3.43,2,34.4101,2,11.7,2,63.2,2,0.034,2,0.0,2
1093.0,2,3.4295,2,34.4101,2,11.6,2,63.3,2,0.034,2,0.0,2
1094.0,2,3.4279,2,34.4104,2,11.7,2,63.3,2,0.025,2,0.0,2
1094.8,2,3.426,2,34.4107,2,11.9,2,63.3,2,0.021,2,0.0,2
1096.3,2,3.4228,2,34.4109,2,11.7,2,63.1,2,0.03,2,0.0,2
1097.0,2,3.4198,2,34.4113,2,11.8,2,63.2,2,0.025,2,0.0,2
1098.0,2,3.4165,2,34.4117,2,11.6,2,63.3,2,0.027000000000000003,2,0.0,2
1099.0,2,3.4122,2,34.4122,2,11.8,2,63.3,2,0.025,2,0.0,2
1100.0,2,3.4115,2,34.4124,2,11.7,2,63.3,2,0.026000000000000002,2,0.0,2
1101.0,2,3.4072,2,34.4125,2,11.9,2,63.1,2,0.022000000000000002,2,0.0,2
1102.0,2,3.3948,2,34.4135,2,11.9,2,63.2,2,0.021,2,0.0,2
1103.0,2,3.3911,2,34.4137,2,11.6,2,63.3,2,0.032,2,0.0,2
1104.1,2,3.3889,2,34.4139,2,11.9,2,63.3,2,0.027999999999999997,2,0.0,2
1106.2,2,3.386,2,34.4142,2,11.9,2,63.2,2,0.031,2,0.0,2
1107.0,2,3.3832,2,34.4142,2,11.9,2,63.2,2,0.03,2,0.0,2
1108.0,2,3.3789999999999996,2,34.4146,2,12.0,2,63.3,2,0.021,2,0.0,2
1109.0,2,3.3725,2,34.415,2,11.8,2,63.3,2,0.034,2,0.0,2
1110.0,2,3.3683,2,34.4154,2,11.9,2,63.3,2,0.022000000000000002,2,0.0,2
1111.0,2,3.3663,2,34.4157,2,11.9,2,63.3,2,0.025,2,0.0,2
1112.0,2,3.3652,2,34.416,2,11.9,2,63.3,2,0.032,2,0.0,2
1112.8,2,3.3647,2,34.4161,2,11.9,2,63.3,2,0.021,2,0.0,2
1115.2,2,3.3625,2,34.4164,2,12.0,2,63.3,2,0.021,2,0.0,2
1116.0,2,3.3619,2,34.4164,2,11.9,2,63.3,2,0.027000000000000003,2,0.0,2
1117.0,2,3.3596,2,34.4165,2,11.9,2,63.3,2,0.034,2,0.0,2
1118.0,2,3.3565,2,34.4172,2,11.9,2,63.3,2,0.023,2,0.0,2
1119.0,2,3.3543,2,34.4174,2,12.0,2,63.3,2,0.027000000000000003,2,0.0,2
1120.0,2,3.3503,2,34.4183,2,12.0,2,63.3,2,0.023,2,0.0,2
1122.2,2,3.3463,2,34.4192,2,12.0,2,63.3,2,0.026000000000000002,2,0.0,2
1123.0,2,3.3438,2,34.4197,2,12.1,2,63.3,2,0.03,2,0.0,2
1124.0,2,3.3359,2,34.4203,2,12.3,2,63.3,2,0.026000000000000002,2,0.0,2
1125.0,2,3.3295,2,34.4211,2,12.3,2,63.3,2,0.033,2,0.0,2
1126.0,2,3.3252,2,34.4216,2,12.3,2,63.3,2,0.022000000000000002,2,0.0,2
1127.0,2,3.3233,2,34.4215,2,12.3,2,63.2,2,0.024,2,0.0,2
1128.0,2,3.3214,2,34.4216,2,12.5,2,63.3,2,0.023,2,0.0,2
1129.0,2,3.32,2,34.4217,2,12.4,2,63.2,2,0.027999999999999997,2,0.0,2
1130.0,2,3.3191,2,34.4218,2,12.5,2,63.2,2,0.034,2,0.0,2
1131.0,2,3.3189,2,34.4218,2,12.4,2,63.3,2,0.033,2,0.0,2
1131.8,2,3.3188,2,34.4219,2,12.5,2,63.3,2,0.021,2,0.0,2
1133.4,2,3.32,2,34.4218,2,12.6,2,63.2,2,0.021,2,0.0,2
1134.0,2,3.3187,2,34.4221,2,12.6,2,63.2,2,0.021,2,0.0,2
1135.0,2,3.3177,2,34.422,2,12.5,2,63.2,2,0.024,2,0.0,2
1136.0,2,3.3157,2,34.4222,2,12.4,2,63.2,2,0.028999999999999998,2,0.0,2
1137.0,2,3.3138,2,34.4223,2,12.5,2,63.3,2,0.021,2,0.0,2
1138.0,2,3.3112,2,34.4227,2,12.6,2,63.3,2,0.027000000000000003,2,0.0,2
1139.0,2,3.3092,2,34.4227,2,12.5,2,63.2,2,0.025,2,0.0,2
1140.0,2,3.3081,2,34.4226,2,12.6,2,63.0,2,0.027000000000000003,2,0.0,2
1141.0,2,3.3042,2,34.4229,2,12.6,2,63.3,2,0.022000000000000002,2,0.0,2
1142.0,2,3.3008,2,34.4235,2,12.6,2,63.2,2,0.027000000000000003,2,0.0,2
1143.0,2,3.2959,2,34.4239,2,12.6,2,63.1,2,0.027999999999999997,2,0.0,2
1144.0,2,3.2921,2,34.4245,2,12.7,2,63.2,2,0.026000000000000002,2,0.0,2
1144.7,2,3.2917,2,34.4244,2,12.7,2,63.2,2,0.022000000000000002,2,0.0,2
1147.2,2,3.2807,2,34.4249,2,12.7,2,63.2,2,0.022000000000000002,2,0.0,2
1148.0,2,3.2782,2,34.4252,2,12.7,2,63.2,2,0.022000000000000002,2,0.0,2
1149.0,2,3.2751,2,34.4257,2,12.7,2,63.1,2,0.021,2,0.0,2
1150.0,2,3.2694,2,34.4265,2,12.9,2,63.1,2,0.022000000000000002,2,0.0,2
1150.9,2,3.2672,2,34.4271,2,13.0,2,63.1,2,0.027000000000000003,2,0.0,2
1153.0,2,3.2646,2,34.4282,2,13.0,2,63.1,2,0.027000000000000003,2,0.0,2
1154.0,2,3.2637,2,34.4285,2,13.1,2,63.1,2,0.028999999999999998,2,0.0,2
1155.0,2,3.2607,2,34.4289,2,13.3,2,63.0,2,0.033,2,0.0,2
1156.0,2,3.2589,2,34.4291,2,13.1,2,63.0,2,0.022000000000000002,2,0.0,2
1157.0,2,3.2541,2,34.4301,2,13.2,2,62.9,2,0.034,2,0.0,2
1157.9,2,3.2510000000000003,2,34.4307,2,13.3,2,62.9,2,0.031,2,0.0,2
1159.3,2,3.2506,2,34.4309,2,13.5,2,62.9,2,0.024,2,0.0,2
1160.0,2,3.2495,2,34.4308,2,13.4,2,62.9,2,0.03,2,0.0,2
1161.0,2,3.2479,2,34.4308,2,13.4,2,62.9,2,0.022000000000000002,2,0.0,2
1162.0,2,3.2445,2,34.4312,2,13.4,2,62.9,2,0.021,2,0.0,2
1163.0,2,3.2432,2,34.4314,2,13.5,2,62.9,2,0.026000000000000002,2,0.0,2
1164.1,2,3.2435,2,34.4315,2,13.6,2,62.8,2,0.023,2,0.0,2
1165.0,2,3.2453,2,34.4313,2,13.6,2,62.8,2,0.025,2,0.0,2
1165.8,2,3.2403,2,34.4322,2,13.7,2,62.8,2,0.021,2,0.0,2
1167.0,2,3.2373,2,34.431999999999995,2,13.6,2,62.9,2,0.021,2,0.0,2
1168.0,2,3.2326,2,34.4319,2,13.7,2,62.9,2,0.021,2,0.0,2
1169.0,2,3.2306,2,34.4324,2,13.5,2,63.1,2,0.021,2,0.0,2
1170.0,2,3.2273,2,34.4328,2,13.6,2,63.1,2,0.021,2,0.0,2
1171.0,2,3.2249,2,34.4331,2,13.7,2,63.1,2,0.021,2,0.0,2
1172.0,2,3.2237,2,34.4333,2,13.6,2,63.1,2,0.021,2,0.0,2
1173.0,2,3.2230000000000003,2,34.4334,2,13.6,2,63.1,2,0.021,2,0.0,2
1174.0,2,3.2214,2,34.4337,2,13.6,2,63.1,2,0.027000000000000003,2,0.0,2
1176.4,2,3.2197,2,34.4337,2,13.7,2,63.1,2,0.03,2,0.0,2
1177.0,2,3.2161,2,34.4342,2,13.6,2,63.1,2,0.021,2,0.0,2
1178.0,2,3.2121,2,34.4349,2,13.7,2,63.1,2,0.024,2,0.0,2
1179.0,2,3.2094,2,34.4355,2,13.9,2,63.1,2,0.021,2,0.0,2
1180.0,2,3.2076,2,34.436,2,13.7,2,63.1,2,0.022000000000000002,2,0.0,2
1181.0,2,3.2060000000000004,2,34.4363,2,13.8,2,63.1,2,0.021,2,0.0,2
1182.0,2,3.2049,2,34.4366,2,14.0,2,63.1,2,0.027000000000000003,2,0.0,2
1183.0,2,3.2044,2,34.4367,2,13.9,2,63.1,2,0.025,2,0.0,2
1184.0,2,3.2029,2,34.4369,2,14.1,2,63.1,2,0.026000000000000002,2,0.0,2
1185.0,2,3.1953,2,34.4377,2,14.1,2,63.0,2,0.027999999999999997,2,0.0,2
1186.0,2,3.1888,2,34.4388,2,14.2,2,62.7,2,0.021,2,0.0,2
1187.0,2,3.1874,2,34.439,2,14.3,2,62.8,2,0.028999999999999998,2,0.0,2
1187.6,2,3.1867,2,34.4392,2,14.2,2,62.8,2,0.024,2,0.0,2
1189.0,2,3.1865,2,34.4392,2,14.3,2,62.8,2,0.023,2,0.0,2
1190.0,2,3.1863,2,34.4391,2,14.4,2,62.8,2,0.028999999999999998,2,0.0,2
1191.0,2,3.1836,2,34.4393,2,14.4,2,62.8,2,0.025,2,0.0,2
1192.0,2,3.1779,2,34.4398,2,14.3,2,62.9,2,0.022000000000000002,2,0.0,2
1193.0,2,3.1765,2,34.4401,2,14.5,2,62.9,2,0.021,2,0.0,2
1194.0,2,3.1741,2,34.4403,2,14.3,2,62.9,2,0.027000000000000003,2,0.0,2
1195.0,2,3.174,2,34.4403,2,14.5,2,62.8,2,0.021,2,0.0,2
1196.0,2,3.1738,2,34.4405,2,14.4,2,62.8,2,0.021,2,0.0,2
1197.0,2,3.1731,2,34.4406,2,14.4,2,62.7,2,0.027000000000000003,2,0.0,2
1198.0,2,3.1710000000000003,2,34.4412,2,14.5,2,62.7,2,0.023,2,0.0,2
1199.0,2,3.1698,2,34.4415,2,14.7,2,62.6,2,0.028999999999999998,2,0.0,2
1200.4,2,3.1715,2,34.4412,2,14.5,2,62.7,2,0.021,2,0.0,2
1201.0,2,3.168,2,34.4416,2,14.6,2,62.6,2,0.022000000000000002,2,0.0,2
1202.0,2,3.1607,2,34.4427,2,14.8,2,62.7,2,0.025,2,0.0,2
1203.0,2,3.1549,2,34.4436,2,14.8,2,62.6,2,0.031,2,0.0,2
1204.0,2,3.1498,2,34.4442,2,14.7,2,62.3,2,0.021,2,0.0,2
1205.0,2,3.1483,2,34.4444,2,14.8,2,61.9,2,0.021,2,0.0,2
1206.0,2,3.1464,2,34.4447,2,14.9,2,61.8,2,0.024,2,0.0,2
1207.0,2,3.1419,2,34.445,2,15.0,2,61.7,2,0.025,2,0.0,2
1208.0,2,3.1362,2,34.4457,2,15.2,2,61.9,2,0.021,2,0.0,2
1209.0,2,3.133,2,34.4463,2,15.3,2,61.8,2,0.026000000000000002,2,0.0,2
1211.4,2,3.1297,2,34.4469,2,15.3,2,61.9,2,0.021,2,0.0,2
1212.0,2,3.1222,2,34.4471,2,15.3,2,62.1,2,0.03,2,0.0,2
1213.0,2,3.1109,2,34.4476,2,15.3,2,62.3,2,0.025,2,0.0,2
1214.0,2,3.1013,2,34.4478,2,15.2,2,62.3,2,0.025,2,0.0,2
1215.0,2,3.0922,2,34.4484,2,15.6,2,62.7,2,0.021,2,0.0,2
1216.0,2,3.0886,2,34.4493,2,15.5,2,62.9,2,0.021,2,0.0,2
1217.0,2,3.0860000000000003,2,34.4496,2,15.5,2,63.0,2,0.021,2,0.0,2
1218.0,2,3.0827,2,34.4499,2,15.6,2,62.9,2,0.021,2,0.0,2
1219.0,2,3.0814,2,34.45,2,15.4,2,63.0,2,0.023,2,0.0,2
1219.7,2,3.0810000000000004,2,34.4506,2,15.5,2,63.0,2,0.021,2,0.0,2
1221.1,2,3.082,2,34.4508,2,15.6,2,62.8,2,0.025,2,0.0,2
1222.0,2,3.0724,2,34.4518,2,15.8,2,62.9,2,0.028999999999999998,2,0.0,2
1223.0,2,3.0659,2,34.4529,2,15.8,2,63.0,2,0.03,2,0.0,2
1224.0,2,3.0595,2,34.453,2,15.9,2,63.1,2,0.024,2,0.0,2
1225.0,2,3.0533,2,34.4535,2,16.2,2,63.1,2,0.021,2,0.0,2
1226.0,2,3.0438,2,34.4538,2,15.9,2,63.1,2,0.021,2,0.0,2
1227.0,2,3.0401,2,34.4541,2,15.8,2,63.1,2,0.021,2,0.0,2
1228.0,2,3.0341,2,34.4546,2,15.9,2,63.1,2,0.024,2,0.0,2
1229.0,2,3.0318,2,34.4547,2,15.9,2,63.1,2,0.021,2,0.0,2
1229.8,2,3.031,2,34.4549,2,16.0,2,63.1,2,0.021,2,0.0,2
1231.5,2,3.0308,2,34.4556,2,16.1,2,63.0,2,0.021,2,0.0,2
1232.0,2,3.0297,2,34.4554,2,16.2,2,63.0,2,0.026000000000000002,2,0.0,2
1233.0,2,3.0298,2,34.4552,2,16.2,2,63.1,2,0.023,2,0.0,2
1234.0,2,3.0302,2,34.4551,2,16.2,2,63.1,2,0.031,2,0.0,2
1235.0,2,3.0281,2,34.4552,2,16.3,2,63.1,2,0.039,2,0.0,2
1236.0,2,3.0248,2,34.4556,2,16.3,2,63.1,2,0.027000000000000003,2,0.0,2
1237.0,2,3.0214,2,34.455999999999996,2,16.4,2,63.1,2,0.025,2,0.0,2
1238.0,2,3.0192,2,34.4563,2,16.4,2,63.0,2,0.027000000000000003,2,0.0,2
1239.0,2,3.009,2,34.4574,2,16.4,2,63.1,2,0.022000000000000002,2,0.0,2
1239.7,2,3.0049,2,34.4585,2,16.6,2,63.0,2,0.021,2,0.0,2
1241.3,2,2.9968,2,34.4596,2,16.6,2,63.0,2,0.027000000000000003,2,0.0,2
1242.0,2,2.9926,2,34.4601,2,16.6,2,63.0,2,0.021,2,0.0,2
1243.0,2,2.9913,2,34.4603,2,16.7,2,63.0,2,0.021,2,0.0,2
1244.0,2,2.99,2,34.4606,2,16.9,2,63.0,2,0.021,2,0.0,2
1245.0,2,2.9875,2,34.4611,2,17.0,2,62.9,2,0.023,2,0.0,2
1246.0,2,2.9826,2,34.4618,2,17.1,2,63.0,2,0.023,2,0.0,2
1247.0,2,2.9791,2,34.4625,2,17.1,2,63.0,2,0.021,2,0.0,2
1248.0,2,2.9768,2,34.4627,2,17.2,2,62.9,2,0.021,2,0.0,2
1249.0,2,2.9759,2,34.4627,2,17.2,2,62.9,2,0.021,2,0.0,2
1250.0,2,2.9735,2,34.4628,2,17.2,2,62.9,2,0.022000000000000002,2,0.0,2
1251.0,2,2.9706,2,34.4633,2,17.4,2,62.9,2,0.021,2,0.0,2
1252.0,2,2.968,2,34.4637,2,17.4,2,62.9,2,0.024,2,0.0,2
1253.0,2,2.9668,2,34.4639,2,17.5,2,62.9,2,0.025,2,0.0,2
1254.0,2,2.9651,2,34.4641,2,17.5,2,62.8,2,0.021,2,0.0,2
1255.0,2,2.9631,2,34.4642,2,17.6,2,62.9,2,0.021,2,0.0,2
1256.0,2,2.9592,2,34.4647,2,17.6,2,62.8,2,0.022000000000000002,2,0.0,2
1257.0,2,2.958,2,34.465,2,17.8,2,62.8,2,0.021,2,0.0,2
1258.0,2,2.9554,2,34.4652,2,17.7,2,62.7,2,0.021,2,0.0,2
1259.0,2,2.9547,2,34.4654,2,17.7,2,62.8,2,0.027000000000000003,2,0.0,2
1260.0,2,2.9548,2,34.4655,2,17.7,2,62.7,2,0.022000000000000002,2,0.0,2
1261.0,2,2.9544,2,34.4655,2,17.7,2,62.8,2,0.021,2,0.0,2
1262.0,2,2.9538,2,34.4656,2,17.8,2,62.8,2,0.021,2,0.0,2
1263.0,2,2.9542,2,34.4656,2,17.9,2,62.8,2,0.021,2,0.0,2
1264.0,2,2.9545,2,34.4657,2,17.8,2,62.8,2,0.021,2,0.0,2
1265.0,2,2.9555,2,34.466,2,17.9,2,62.8,2,0.031,2,0.0,2
1266.0,2,2.9563,2,34.4665,2,17.9,2,62.7,2,0.024,2,0.0,2
1267.0,2,2.9568,2,34.4668,2,17.9,2,62.7,2,0.021,2,0.0,2
1268.0,2,2.9574,2,34.4669,2,17.8,2,62.7,2,0.024,2,0.0,2
1269.0,2,2.9574,2,34.4669,2,18.1,2,62.7,2,0.021,2,0.0,2
1270.0,2,2.9577,2,34.4669,2,18.0,2,62.7,2,0.021,2,0.0,2
1271.0,2,2.9573,2,34.4672,2,18.2,2,62.7,2,0.021,2,0.0,2
1272.0,2,2.9538,2,34.4681,2,18.1,2,62.6,2,0.021,2,0.0,2
1273.0,2,2.943,2,34.4698,2,18.2,2,62.4,2,0.024,2,0.0,2
1274.0,2,2.9367,2,34.4705,2,18.2,2,62.3,2,0.021,2,0.0,2
1275.0,2,2.9346,2,34.4708,2,18.5,2,62.1,2,0.026000000000000002,2,0.0,2
1276.0,2,2.9339,2,34.4707,2,18.5,2,62.1,2,0.024,2,0.0,2
1277.0,2,2.9327,2,34.471,2,18.5,2,62.1,2,0.021,2,0.0,2
1278.0,2,2.9319,2,34.4711,2,18.7,2,62.1,2,0.021,2,0.0,2
1279.0,2,2.9308,2,34.4714,2,18.7,2,62.1,2,0.021,2,0.0,2
1280.0,2,2.93,2,34.4715,2,18.6,2,62.1,2,0.021,2,0.0,2
1280.9,2,2.9281,2,34.4718,2,18.6,2,62.1,2,0.021,2,0.0,2
1282.4,2,2.9268,2,34.472,2,18.9,2,62.0,2,0.021,2,0.0,2
1283.0,2,2.9263,2,34.4721,2,18.8,2,62.1,2,0.023,2,0.0,2
1284.0,2,2.9255,2,34.4721,2,18.8,2,62.1,2,0.027000000000000003,2,0.0,2
1285.0,2,2.9214,2,34.4726,2,18.9,2,62.1,2,0.021,2,0.0,2
1286.0,2,2.9163,2,34.4731,2,18.9,2,62.0,2,0.027999999999999997,2,0.0,2
1287.0,2,2.9119,2,34.4734,2,18.9,2,61.9,2,0.025,2,0.0,2
1288.0,2,2.9095,2,34.4736,2,19.0,2,62.0,2,0.021,2,0.0,2
1289.0,2,2.904,2,34.4737,2,18.9,2,62.0,2,0.021,2,0.0,2
1290.0,2,2.8968,2,34.4741,2,19.0,2,61.9,2,0.022000000000000002,2,0.0,2
1291.0,2,2.8894,2,34.4752,2,19.2,2,61.9,2,0.027000000000000003,2,0.0,2
1291.9,2,2.8884,2,34.4756,2,19.2,2,61.9,2,0.021,2,0.0,2
1293.4,2,2.8865,2,34.4764,2,19.4,2,61.9,2,0.023,2,0.0,2
1294.0,2,2.8778,2,34.4783,2,19.4,2,61.8,2,0.034,2,0.0,2
1295.0,2,2.8767,2,34.4785,2,19.6,2,61.7,2,0.025,2,0.0,2
1296.0,2,2.8734,2,34.4791,2,19.7,2,61.7,2,0.022000000000000002,2,0.0,2
1297.0,2,2.8692,2,34.4798,2,19.7,2,61.7,2,0.023,2,0.0,2
1298.0,2,2.8643,2,34.4805,2,19.7,2,61.7,2,0.021,2,0.0,2
1299.0,2,2.8593,2,34.4809,2,20.0,2,61.7,2,0.024,2,0.0,2
1300.0,2,2.8509,2,34.4817,2,20.2,2,61.7,2,0.021,2,0.0,2
1300.8,2,2.8484,2,34.4821,2,20.2,2,61.6,2,0.021,2,0.0,2
1302.5,2,2.8452,2,34.482,2,20.1,2,61.6,2,0.021,2,0.0,2
1303.0,2,2.8384,2,34.4834,2,20.2,2,61.7,2,0.027000000000000003,2,0.0,2
1304.0,2,2.8322,2,34.4841,2,20.4,2,61.5,2,0.021,2,0.0,2
1305.0,2,2.8291,2,34.4847,2,20.6,2,61.5,2,0.021,2,0.0,2
1306.0,2,2.827,2,34.4851,2,21.0,2,61.5,2,0.021,2,0.0,2
1307.0,2,2.8242,2,34.4855,2,21.0,2,61.5,2,0.027000000000000003,2,0.0,2
1308.0,2,2.821,2,34.4858,2,21.0,2,61.6,2,0.021,2,0.0,2
1309.0,2,2.8181,2,34.4862,2,20.9,2,61.5,2,0.021,2,0.0,2
1310.0,2,2.815,2,34.4862,2,21.2,2,61.5,2,0.022000000000000002,2,0.0,2
1311.0,2,2.8076,2,34.4874,2,21.5,2,61.5,2,0.023,2,0.0,2
1312.0,2,2.8035,2,34.488,2,21.3,2,61.5,2,0.021,2,0.0,2
1312.9,2,2.7975,2,34.4896,2,21.5,2,61.6,2,0.027000000000000003,2,0.0,2
1313.9,2,2.7883,2,34.4892,2,22.0,2,61.8,2,0.025,2,0.0,2
END_DATA
