CTD,20190304CCHSIOLMM
#---------------------------------------------------------------------------------------------------,,,,,,,,,,,,,,,,,
#Transmissivity - Fluorescence - PAR data are nominal and unedited except that some records were removed in editing temperature and salinity.,,,,,,,,,,,,,,,,,
#---------------------------------------------------------------------------------------------------,,,,,,,,,,,,,,,,,
#The fluorometer values drifted during the cruise starting with slightly high dark values early in the cruise and rising to about 0.20 mg/m^3 by the end.,,,,,,,,,,,,,,,,,
#A time-dependent correction was applied based on values at 4000 m with an adjustment to ensure no negative values were produced.,,,,,,,,,,,,,,,,,
#This is an estimate and produces dark values at 2000 m ranging from 0.02 mg/m^3 to 0.09 mg/m^3.,,,,,,,,,,,,,,,,,
#---------------------------------------------------------------------------------------------------,,,,,,,,,,,,,,,,,
#NOTE: While the Fluorescence:CTD data are expressed in concentration units they do not always compare well to extracted chlorophyll samples particularly for casts far from shore.,,,,,,,,,,,,,,,,,
#It is recommended that users check extracted chlorophyll values where available.,,,,,,,,,,,,,,,,,
#---------------------------------------------------------------------------------------------------,,,,,,,,,,,,,,,,,
#Oxygen:Dissolved:CTD was calibrated using the method described in the Sea-Bird Application Note #64-2 of June 2012 (Sea-Bird_64-2_Jun2012.pdf) except that a small offset in the fit was allowed.,,,,,,,,,,,,,,,,,
#,,,,,,,,,,,,,,,,,
#The Oxygen:Dissolved:CTD sensor has a fairly long response time so data accuracy is not as high when it is in motion as it is during stops for bottles.,,,,,,,,,,,,,,,,,
#This will be especially true when vertical dissolved oxygen gradients are large. ,,,,,,,,,,,,,,,,,
#To get an estimate of the accuracy of the Oxygen:Dissolved:CTD data during downcasts (after recalibration) a rough comparison was made between downcast Oxygen:Dissolved:CTD data and upcast titrated samples. ,,,,,,,,,,,,,,,,,
#Some of the difference will be due to problems with flushing of Niskin bottles and/or analysis errors so the following statement likely underestimates Oxygen:Dissolved:CTD accuracy.,,,,,,,,,,,,,,,,,
#,,,,,,,,,,,,,,,,,
#Downcast (CTD files) Oxygen:Dissolved:CTD data are considered very roughly to be:,,,,,,,,,,,,,,,,,
#      • ±0.5 ml/l from 0 to 200 dbar,,,,,,,,,,,,,,,,,
#      • ±0.15 ml/l from 200 to 500 dbar,,,,,,,,,,,,,,,,,
#      • ±0.04 ml/l below 500 dbar,,,,,,,,,,,,,,,,,
#---------------------------------------------------------------------------------------------------,,,,,,,,,,,,,,,,,
#For details on the processing see the report 2017-08-proc.pdf,,,,,,,,,,,,,,,,,
#---------------------------------------------------------------------------------------------------,,,,,,,,,,,,,,,,,
#,,,,,,,,,,,,,,,,,
#File Name,Zone,FIL:START TIME YYYY/MM/DD, HH:MM,LOC:EVENT_NUMBER,LOC:LATITUDE,LOC:LONGITUDE,LOC:STATION,INS:LOCATION,Pressure:CTD [dbar],Temperature:CTD [deg_C_(ITS90)],Salinity:CTD [PSS-78],Sigma-t:CTD [kg/m^3],Transmissivity:CTD [*/m],Oxygen:Dissolved:CTD:Volume [ml/l],Oxygen:Dissolved:CTD:Mass [µmol/kg],Fluorescence:CTD:Seapoint [mg/m^3],PAR:CTD [µE/m^2/sec]
#,,,,,,,,,,,,,,,,,
NUMBER_HEADERS = 8
EXPOCODE = 18DD20170815
STNBR = P4
CASTNO = 2
DATE = 20170818
TIME =  00:42
LATITUDE = 48.65033
LONGITUDE = -126.66583
CTDPRS,CTDPRS_FLAG_W,CTDTMP,CTDTMP_FLAG_W,CTDSAL,CTDSAL_FLAG_W,CTDOXY,CTDOXY_FLAG_W,CTDXMISS,CTDXMISS_FLAG_W,CTDFLUOR,CTDFLUOR_FLAG_W,PAR,PAR_FLAG_W
DBAR,,ITS-90,,PSS-78,,UMOL/KG,,,,MG/M^3,,UE/m^2/sec,
2.1,2,15.6478,2,31.9953,2,278.5,2,41.7,2,0.945,2,311.9,2
3.0,2,15.5583,2,31.9977,2,278.4,2,42.0,2,0.998,2,256.9,2
4.0,2,15.3903,2,32.0009,2,279.4,2,42.2,2,1.1440000000000001,2,204.7,2
5.0,2,15.1396,2,32.0062,2,281.0,2,41.2,2,1.28,2,168.0,2
6.0,2,14.8896,2,32.0178,2,283.4,2,42.0,2,1.37,2,143.8,2
7.0,2,14.6685,2,32.0263,2,284.8,2,41.7,2,1.489,2,122.8,2
8.0,2,14.6,2,32.0271,2,285.3,2,41.0,2,1.672,2,99.9,2
9.0,2,14.5742,2,32.0246,2,285.4,2,40.7,2,1.744,2,82.2,2
10.0,2,14.5656,2,32.0219,2,284.9,2,40.8,2,1.8559999999999999,2,67.3,2
11.0,2,14.4621,2,32.012,2,285.0,2,41.0,2,1.9140000000000001,2,54.8,2
12.0,2,14.3154,2,32.0036,2,286.0,2,40.7,2,2.023,2,45.4,2
13.0,2,13.9738,2,31.9943,2,288.2,2,40.8,2,2.177,2,37.2,2
14.0,2,13.7925,2,31.9911,2,288.7,2,39.5,2,2.4330000000000003,2,31.2,2
15.0,2,13.6344,2,31.9971,2,287.5,2,38.2,2,2.681,2,27.1,2
16.0,2,13.4936,2,32.0153,2,284.4,2,38.0,2,2.906,2,23.4,2
17.0,2,13.3334,2,32.0286,2,280.0,2,38.5,2,2.747,2,19.7,2
18.0,2,13.0585,2,32.0521,2,277.0,2,39.9,2,2.5669999999999997,2,16.1,2
19.0,2,12.8716,2,32.0706,2,276.0,2,42.7,2,2.354,2,13.1,2
20.0,2,12.6549,2,32.104,2,276.5,2,45.3,2,2.249,2,10.9,2
21.0,2,12.5614,2,32.1209,2,276.2,2,46.1,2,2.106,2,9.1,2
22.0,2,12.5542,2,32.1248,2,275.3,2,43.2,2,2.024,2,7.7,2
23.0,2,12.5073,2,32.1374,2,274.8,2,48.2,2,1.944,2,6.5,2
24.0,2,12.3209,2,32.1789,2,275.5,2,49.5,2,1.78,2,5.6,2
25.0,2,12.142999999999999,2,32.2218,2,276.0,2,51.1,2,1.656,2,5.1,2
26.0,2,12.0535,2,32.2457,2,277.0,2,52.2,2,1.517,2,4.8,2
27.0,2,11.857000000000001,2,32.2977,2,278.2,2,53.1,2,1.338,2,4.4,2
28.0,2,11.7834,2,32.315,2,277.8,2,54.4,2,1.268,2,4.1,2
29.0,2,11.7172,2,32.3133,2,276.8,2,55.2,2,1.225,2,3.7,2
30.0,2,11.5118,2,32.2913,2,275.9,2,55.4,2,1.216,2,3.3,2
31.0,2,11.4157,2,32.2912,2,274.0,2,55.5,2,1.171,2,3.0,2
32.0,2,11.3798,2,32.2906,2,272.3,2,55.5,2,1.161,2,2.7,2
33.0,2,11.2874,2,32.2904,2,271.4,2,55.5,2,1.147,2,2.4,2
34.0,2,11.2261,2,32.3034,2,270.7,2,55.5,2,1.151,2,2.2,2
35.0,2,11.1872,2,32.314,2,269.7,2,55.4,2,1.122,2,2.0,2
36.0,2,11.0843,2,32.3363,2,268.8,2,55.7,2,1.0390000000000001,2,1.8,2
37.0,2,10.7029,2,32.3681,2,267.0,2,56.5,2,0.9420000000000001,2,1.7,2
38.0,2,10.3811,2,32.3843,2,262.9,2,57.3,2,0.905,2,1.6,2
39.0,2,10.1073,2,32.4006,2,259.2,2,57.7,2,0.871,2,1.5,2
40.0,2,9.9781,2,32.4193,2,257.1,2,57.8,2,0.8370000000000001,2,1.4,2
41.0,2,9.9413,2,32.4293,2,258.0,2,58.1,2,0.7879999999999999,2,1.3,2
42.0,2,9.7736,2,32.4701,2,260.9,2,58.4,2,0.737,2,1.2,2
43.0,2,9.6257,2,32.4913,2,262.0,2,59.0,2,0.6829999999999999,2,1.1,2
44.0,2,9.5335,2,32.4982,2,261.5,2,59.7,2,0.644,2,1.0,2
45.0,2,9.4913,2,32.5118,2,260.9,2,60.0,2,0.594,2,0.9,2
46.0,2,9.4213,2,32.531,2,260.8,2,60.2,2,0.56,2,0.8,2
47.0,2,9.37,2,32.5388,2,261.6,2,60.4,2,0.546,2,0.8,2
48.0,2,9.305,2,32.555,2,263.4,2,60.5,2,0.489,2,0.7,2
49.0,2,9.2583,2,32.5673,2,264.5,2,60.6,2,0.473,2,0.7,2
50.0,2,9.2064,2,32.5694,2,264.1,2,60.8,2,0.45799999999999996,2,0.6,2
51.0,2,9.1873,2,32.5735,2,263.2,2,60.7,2,0.455,2,0.6,2
52.0,2,9.1815,2,32.5733,2,261.8,2,60.7,2,0.439,2,0.6,2
53.0,2,9.1368,2,32.5681,2,260.1,2,60.8,2,0.419,2,0.5,2
54.0,2,9.0003,2,32.5698,2,258.0,2,60.8,2,0.396,2,0.5,2
55.0,2,8.9666,2,32.5754,2,255.5,2,60.9,2,0.38,2,0.5,2
56.0,2,8.8911,2,32.5844,2,252.6,2,61.0,2,0.34600000000000003,2,0.4,2
57.0,2,8.8082,2,32.6091,2,249.9,2,61.2,2,0.32,2,0.4,2
58.1,2,8.7387,2,32.6232,2,248.0,2,61.3,2,0.292,2,0.4,2
59.0,2,8.7147,2,32.643,2,247.4,2,61.4,2,0.28300000000000003,2,0.3,2
60.0,2,8.6369,2,32.6548,2,246.4,2,61.5,2,0.258,2,0.3,2
61.0,2,8.5853,2,32.6792,2,245.2,2,61.7,2,0.249,2,0.3,2
62.0,2,8.5435,2,32.7026,2,243.6,2,61.8,2,0.23199999999999998,2,0.3,2
63.0,2,8.4907,2,32.7408,2,241.7,2,61.9,2,0.218,2,0.3,2
64.0,2,8.4631,2,32.7689,2,239.7,2,61.9,2,0.207,2,0.2,2
65.0,2,8.4809,2,32.806999999999995,2,237.6,2,62.1,2,0.207,2,0.2,2
66.0,2,8.5337,2,32.8331,2,235.5,2,62.2,2,0.20800000000000002,2,0.2,2
67.0,2,8.599,2,32.8594,2,233.1,2,62.1,2,0.212,2,0.2,2
68.0,2,8.6762,2,32.8949,2,230.1,2,62.1,2,0.207,2,0.2,2
69.0,2,8.8119,2,32.9452,2,226.2,2,62.2,2,0.22,2,0.2,2
69.8,2,8.8523,2,32.9548,2,224.7,2,62.3,2,0.22,2,0.2,2
71.2,2,8.8745,2,33.006,2,219.5,2,62.3,2,0.231,2,0.1,2
72.0,2,8.8705,2,33.0255,2,217.0,2,62.3,2,0.23199999999999998,2,0.1,2
73.0,2,8.8642,2,33.0347,2,215.1,2,62.4,2,0.24,2,0.1,2
74.0,2,8.8552,2,33.0475,2,213.2,2,62.3,2,0.23199999999999998,2,0.1,2
75.0,2,8.834,2,33.0691,2,211.0,2,62.3,2,0.235,2,0.1,2
76.0,2,8.7681,2,33.1285,2,207.9,2,62.4,2,0.231,2,0.1,2
77.0,2,8.7612,2,33.1533,2,204.3,2,62.5,2,0.22699999999999998,2,0.1,2
78.0,2,8.777000000000001,2,33.2015,2,200.3,2,62.5,2,0.231,2,0.1,2
79.0,2,8.7968,2,33.2252,2,196.0,2,62.5,2,0.223,2,0.1,2
80.0,2,8.8322,2,33.2727,2,191.4,2,62.6,2,0.21899999999999997,2,0.1,2
81.0,2,8.8452,2,33.2964,2,188.4,2,62.7,2,0.21899999999999997,2,0.1,2
82.0,2,8.8589,2,33.316,2,186.2,2,62.7,2,0.21100000000000002,2,0.0,2
83.0,2,8.866,2,33.3303,2,184.6,2,62.6,2,0.207,2,0.0,2
84.0,2,8.8705,2,33.343,2,183.2,2,62.7,2,0.205,2,0.0,2
85.0,2,8.87,2,33.376,2,181.5,2,62.7,2,0.195,2,0.0,2
86.0,2,8.8572,2,33.4122,2,179.9,2,62.7,2,0.19,2,0.0,2
87.0,2,8.8522,2,33.4201,2,178.5,2,62.7,2,0.182,2,0.0,2
88.0,2,8.8507,2,33.4272,2,177.4,2,62.7,2,0.182,2,0.0,2
89.0,2,8.85,2,33.4313,2,176.6,2,62.7,2,0.177,2,0.0,2
90.0,2,8.8485,2,33.4341,2,176.1,2,62.7,2,0.175,2,0.0,2
91.0,2,8.8445,2,33.4425,2,175.5,2,62.6,2,0.16699999999999998,2,0.0,2
92.0,2,8.8397,2,33.4521,2,174.7,2,62.6,2,0.17,2,0.0,2
93.0,2,8.8349,2,33.4622,2,173.9,2,62.7,2,0.16399999999999998,2,0.0,2
94.0,2,8.8327,2,33.4677,2,173.1,2,62.7,2,0.16,2,0.0,2
95.0,2,8.8312,2,33.4741,2,172.1,2,62.7,2,0.158,2,0.0,2
96.0,2,8.8287,2,33.4862,2,170.9,2,62.7,2,0.158,2,0.0,2
97.0,2,8.8232,2,33.5057,2,169.4,2,62.7,2,0.151,2,0.0,2
98.0,2,8.8103,2,33.5257,2,167.4,2,62.7,2,0.154,2,0.0,2
99.0,2,8.7834,2,33.5588,2,164.9,2,62.7,2,0.146,2,0.0,2
100.0,2,8.7642,2,33.5841,2,162.6,2,62.7,2,0.133,2,0.0,2
101.0,2,8.761000000000001,2,33.5896,2,161.2,2,62.8,2,0.133,2,0.0,2
102.0,2,8.7562,2,33.5962,2,159.7,2,62.7,2,0.133,2,0.0,2
103.0,2,8.7464,2,33.607,2,158.5,2,62.8,2,0.133,2,0.0,2
104.0,2,8.7379,2,33.6163,2,157.7,2,62.8,2,0.121,2,0.0,2
105.0,2,8.7269,2,33.6248,2,156.8,2,62.7,2,0.121,2,0.0,2
106.0,2,8.7149,2,33.634,2,155.6,2,62.7,2,0.11199999999999999,2,0.0,2
107.0,2,8.7001,2,33.6522,2,154.1,2,62.8,2,0.109,2,0.0,2
108.0,2,8.6907,2,33.665,2,152.5,2,62.7,2,0.105,2,0.0,2
109.0,2,8.6657,2,33.6786,2,151.0,2,62.7,2,0.099,2,0.0,2
110.0,2,8.6387,2,33.692,2,149.6,2,62.7,2,0.09,2,0.0,2
111.0,2,8.6188,2,33.6998,2,148.5,2,62.7,2,0.085,2,0.0,2
112.0,2,8.5659,2,33.7154,2,147.8,2,62.7,2,0.085,2,0.0,2
113.0,2,8.5461,2,33.722,2,147.2,2,62.6,2,0.085,2,0.0,2
114.0,2,8.5297,2,33.7248,2,146.8,2,62.5,2,0.085,2,0.0,2
115.0,2,8.512,2,33.7286,2,146.8,2,62.6,2,0.085,2,0.0,2
116.0,2,8.4941,2,33.7301,2,146.6,2,62.6,2,0.079,2,0.0,2
117.0,2,8.4832,2,33.7308,2,146.4,2,62.6,2,0.076,2,0.0,2
118.0,2,8.4561,2,33.7292,2,146.7,2,62.7,2,0.08199999999999999,2,0.0,2
119.0,2,8.3733,2,33.7327,2,147.4,2,62.7,2,0.084,2,0.0,2
120.0,2,8.3328,2,33.7364,2,147.6,2,62.7,2,0.075,2,0.0,2
121.0,2,8.3206,2,33.7343,2,147.6,2,62.7,2,0.07200000000000001,2,0.0,2
122.0,2,8.279,2,33.7456,2,147.4,2,62.7,2,0.07200000000000001,2,0.0,2
123.0,2,8.2509,2,33.7564,2,147.0,2,62.7,2,0.07200000000000001,2,0.0,2
124.0,2,8.2347,2,33.7584,2,146.8,2,62.7,2,0.07400000000000001,2,0.0,2
125.0,2,8.2211,2,33.7643,2,146.5,2,62.7,2,0.07200000000000001,2,0.0,2
126.0,2,8.2082,2,33.7689,2,146.2,2,62.7,2,0.069,2,0.0,2
127.0,2,8.1914,2,33.7725,2,146.0,2,62.7,2,0.068,2,0.0,2
128.0,2,8.1831,2,33.7759,2,145.6,2,62.7,2,0.071,2,0.0,2
129.0,2,8.1688,2,33.7889,2,145.0,2,62.7,2,0.06,2,0.0,2
130.0,2,8.141,2,33.793,2,144.8,2,62.7,2,0.061,2,0.0,2
131.0,2,8.0993,2,33.7919,2,144.7,2,62.7,2,0.06,2,0.0,2
132.0,2,8.0902,2,33.798,2,144.0,2,62.7,2,0.06,2,0.0,2
133.0,2,8.1058,2,33.806999999999995,2,143.2,2,62.7,2,0.06,2,0.0,2
134.0,2,8.0999,2,33.8089,2,142.7,2,62.6,2,0.06,2,0.0,2
135.0,2,8.0974,2,33.8099,2,142.4,2,62.6,2,0.06,2,0.0,2
136.0,2,8.0929,2,33.8116,2,142.2,2,62.5,2,0.06,2,0.0,2
137.0,2,8.0685,2,33.8148,2,141.9,2,62.5,2,0.06,2,0.0,2
138.0,2,8.0511,2,33.8206,2,141.8,2,62.6,2,0.06,2,0.0,2
139.0,2,8.0459,2,33.8226,2,141.6,2,62.5,2,0.06,2,0.0,2
140.0,2,8.0234,2,33.8261,2,141.5,2,62.5,2,0.06,2,0.0,2
141.0,2,7.9863,2,33.8291,2,141.5,2,62.5,2,0.06,2,0.0,2
141.9,2,7.9733,2,33.8284,2,141.2,2,62.5,2,0.059000000000000004,2,0.0,2
142.9,2,7.9564,2,33.8308,2,140.8,2,62.6,2,0.06,2,0.0,2
144.0,2,7.9522,2,33.8386,2,140.2,2,62.6,2,0.057999999999999996,2,0.0,2
145.0,2,7.9039,2,33.8461,2,139.8,2,62.5,2,0.06,2,0.0,2
146.0,2,7.8969,2,33.8493,2,139.4,2,62.6,2,0.055,2,0.0,2
147.0,2,7.8983,2,33.8509,2,139.2,2,62.6,2,0.06,2,0.0,2
148.0,2,7.8921,2,33.8533,2,139.1,2,62.5,2,0.054000000000000006,2,0.0,2
149.0,2,7.8608,2,33.8557,2,139.2,2,62.5,2,0.054000000000000006,2,0.0,2
150.0,2,7.8376,2,33.8622,2,139.2,2,62.5,2,0.053,2,0.0,2
151.0,2,7.8197,2,33.8641,2,139.7,2,62.6,2,0.051,2,0.0,2
152.0,2,7.7901,2,33.8686,2,140.4,2,62.6,2,0.057,2,0.0,2
153.0,2,7.7803,2,33.8706,2,140.8,2,62.5,2,0.053,2,0.0,2
154.0,2,7.778,2,33.8705,2,141.1,2,62.6,2,0.055999999999999994,2,0.0,2
155.0,2,7.7757,2,33.8709,2,141.2,2,62.4,2,0.06,2,0.0,2
156.0,2,7.7663,2,33.8714,2,140.8,2,62.5,2,0.06,2,0.0,2
157.0,2,7.7466,2,33.8713,2,140.4,2,62.5,2,0.055999999999999994,2,0.0,2
158.0,2,7.7278,2,33.8745,2,140.2,2,62.5,2,0.055,2,0.0,2
159.0,2,7.7088,2,33.8751,2,140.0,2,62.5,2,0.054000000000000006,2,0.0,2
160.0,2,7.7017,2,33.8756,2,139.7,2,62.5,2,0.052000000000000005,2,0.0,2
161.0,2,7.6983,2,33.8763,2,139.0,2,62.4,2,0.048,2,0.0,2
162.0,2,7.6934,2,33.8771,2,138.5,2,62.4,2,0.051,2,0.0,2
163.0,2,7.6839,2,33.8775,2,138.4,2,62.5,2,0.054000000000000006,2,0.0,2
164.0,2,7.6712,2,33.8795,2,138.3,2,62.5,2,0.055999999999999994,2,0.0,2
165.0,2,7.6632,2,33.8831,2,137.6,2,62.5,2,0.055999999999999994,2,0.0,2
166.0,2,7.6465,2,33.8844,2,136.8,2,62.5,2,0.054000000000000006,2,0.0,2
167.0,2,7.6237,2,33.8884,2,135.5,2,62.5,2,0.054000000000000006,2,0.0,2
168.0,2,7.5997,2,33.8912,2,134.4,2,62.5,2,0.059000000000000004,2,0.0,2
169.0,2,7.5908,2,33.8919,2,133.5,2,62.5,2,0.055,2,0.0,2
170.0,2,7.5749,2,33.8922,2,132.8,2,62.5,2,0.055999999999999994,2,0.0,2
171.0,2,7.5565,2,33.895,2,132.4,2,62.5,2,0.05,2,0.0,2
172.0,2,7.537000000000001,2,33.8939,2,132.5,2,62.6,2,0.053,2,0.0,2
173.0,2,7.5074,2,33.8936,2,132.7,2,62.6,2,0.055,2,0.0,2
174.0,2,7.5012,2,33.8952,2,132.5,2,62.6,2,0.048,2,0.0,2
175.0,2,7.5097,2,33.8984,2,131.6,2,62.5,2,0.048,2,0.0,2
176.0,2,7.4949,2,33.9011,2,130.5,2,62.6,2,0.052000000000000005,2,0.0,2
177.0,2,7.4756,2,33.904,2,129.6,2,62.5,2,0.049,2,0.0,2
178.0,2,7.4654,2,33.9055,2,128.7,2,62.5,2,0.048,2,0.0,2
178.9,2,7.4415,2,33.9077,2,127.9,2,62.5,2,0.049,2,0.0,2
180.1,2,7.432,2,33.9084,2,127.2,2,62.5,2,0.052000000000000005,2,0.0,2
181.0,2,7.4245,2,33.9096,2,126.7,2,62.5,2,0.051,2,0.0,2
182.0,2,7.4174,2,33.9104,2,126.4,2,62.5,2,0.055999999999999994,2,0.0,2
183.0,2,7.4114,2,33.9107,2,126.0,2,62.5,2,0.049,2,0.0,2
184.0,2,7.3959,2,33.9111,2,125.6,2,62.5,2,0.053,2,0.0,2
185.0,2,7.3687,2,33.9125,2,125.4,2,62.5,2,0.048,2,0.0,2
186.0,2,7.3396,2,33.9143,2,125.3,2,62.5,2,0.048,2,0.0,2
187.0,2,7.3124,2,33.9157,2,125.0,2,62.4,2,0.05,2,0.0,2
188.0,2,7.2975,2,33.9164,2,124.8,2,62.4,2,0.059000000000000004,2,0.0,2
189.0,2,7.2831,2,33.9169,2,124.5,2,62.5,2,0.048,2,0.0,2
189.6,2,7.2634,2,33.9184,2,124.5,2,62.5,2,0.048,2,0.0,2
191.3,2,7.2305,2,33.919000000000004,2,123.9,2,62.5,2,0.05,2,0.0,2
191.9,2,7.2283,2,33.9181,2,123.8,2,62.5,2,0.048,2,0.0,2
193.0,2,7.2242,2,33.9187,2,123.5,2,62.6,2,0.048,2,0.0,2
194.0,2,7.2221,2,33.9192,2,123.2,2,62.5,2,0.048,2,0.0,2
195.0,2,7.2141,2,33.9204,2,123.0,2,62.5,2,0.048,2,0.0,2
196.0,2,7.21,2,33.9208,2,122.8,2,62.5,2,0.048,2,0.0,2
197.0,2,7.2039,2,33.9207,2,122.8,2,62.6,2,0.048,2,0.0,2
198.0,2,7.1893,2,33.9208,2,122.6,2,62.6,2,0.048,2,0.0,2
199.0,2,7.1777,2,33.9199,2,121.9,2,62.5,2,0.048,2,0.0,2
200.0,2,7.1576,2,33.9237,2,120.7,2,62.6,2,0.048,2,0.0,2
201.0,2,7.151,2,33.9264,2,118.6,2,62.6,2,0.048,2,0.0,2
202.0,2,7.1361,2,33.9263,2,117.3,2,62.6,2,0.048,2,0.0,2
203.1,2,7.1205,2,33.9262,2,116.3,2,62.6,2,0.048,2,0.0,2
204.0,2,7.1195,2,33.9266,2,115.6,2,62.6,2,0.048,2,0.0,2
205.0,2,7.1143,2,33.9281,2,114.9,2,62.5,2,0.048,2,0.0,2
206.0,2,7.0946,2,33.9287,2,114.8,2,62.6,2,0.048,2,0.0,2
207.0,2,7.0807,2,33.9285,2,115.3,2,62.6,2,0.048,2,0.0,2
208.0,2,7.0653,2,33.9286,2,115.5,2,62.6,2,0.048,2,0.0,2
209.0,2,7.0577,2,33.9293,2,115.3,2,62.6,2,0.048,2,0.0,2
210.0,2,7.0467,2,33.928000000000004,2,115.7,2,62.6,2,0.048,2,0.0,2
211.0,2,7.0308,2,33.9281,2,116.4,2,62.6,2,0.048,2,0.0,2
212.0,2,7.0215,2,33.9276,2,116.8,2,62.6,2,0.048,2,0.0,2
213.0,2,7.0157,2,33.9267,2,117.1,2,62.6,2,0.048,2,0.0,2
214.0,2,7.0021,2,33.9274,2,117.3,2,62.6,2,0.048,2,0.0,2
215.0,2,6.9948,2,33.9281,2,117.4,2,62.6,2,0.048,2,0.0,2
216.0,2,6.98,2,33.9279,2,117.6,2,62.7,2,0.048,2,0.0,2
217.0,2,6.9595,2,33.9284,2,117.7,2,62.7,2,0.048,2,0.0,2
218.0,2,6.9378,2,33.928000000000004,2,117.6,2,62.7,2,0.048,2,0.0,2
219.0,2,6.9156,2,33.9286,2,117.5,2,62.7,2,0.048,2,0.0,2
220.0,2,6.9058,2,33.9291,2,117.3,2,62.7,2,0.048,2,0.0,2
221.0,2,6.8985,2,33.9293,2,117.1,2,62.7,2,0.049,2,0.0,2
222.0,2,6.8908,2,33.9298,2,116.8,2,62.7,2,0.048,2,0.0,2
223.0,2,6.8809,2,33.9295,2,116.5,2,62.7,2,0.048,2,0.0,2
224.0,2,6.8638,2,33.9304,2,116.1,2,62.7,2,0.048,2,0.0,2
225.0,2,6.8546,2,33.9313,2,115.4,2,62.7,2,0.048,2,0.0,2
226.0,2,6.841,2,33.9324,2,114.8,2,62.7,2,0.05,2,0.0,2
227.0,2,6.8333,2,33.9335,2,114.3,2,62.7,2,0.05,2,0.0,2
228.0,2,6.8304,2,33.9335,2,113.8,2,62.7,2,0.048,2,0.0,2
229.0,2,6.8176,2,33.9336,2,113.2,2,62.7,2,0.049,2,0.0,2
230.1,2,6.8073,2,33.9366,2,112.4,2,62.7,2,0.052000000000000005,2,0.0,2
230.8,2,6.8038,2,33.9358,2,111.8,2,62.7,2,0.048,2,0.0,2
232.0,2,6.7977,2,33.9355,2,111.3,2,62.8,2,0.048,2,0.0,2
233.0,2,6.7897,2,33.9351,2,111.4,2,62.7,2,0.048,2,0.0,2
234.0,2,6.7798,2,33.9352,2,111.1,2,62.7,2,0.048,2,0.0,2
235.0,2,6.7686,2,33.9365,2,110.3,2,62.5,2,0.048,2,0.0,2
236.0,2,6.7538,2,33.9376,2,109.3,2,62.6,2,0.048,2,0.0,2
237.0,2,6.7404,2,33.939,2,108.5,2,62.7,2,0.048,2,0.0,2
238.0,2,6.7362,2,33.9392,2,108.1,2,62.7,2,0.048,2,0.0,2
239.0,2,6.7199,2,33.9401,2,107.8,2,62.7,2,0.048,2,0.0,2
240.0,2,6.7216,2,33.9398,2,107.5,2,62.7,2,0.048,2,0.0,2
241.0,2,6.7244,2,33.9409,2,106.9,2,62.7,2,0.048,2,0.0,2
242.1,2,6.7533,2,33.9476,2,103.3,2,62.7,2,0.048,2,0.0,2
242.9,2,6.7859,2,33.9575,2,97.6,2,62.6,2,0.048,2,0.0,2
244.0,2,6.801,2,33.9626,2,93.4,2,62.3,2,0.048,2,0.0,2
245.0,2,6.7875,2,33.965,2,91.4,2,61.9,2,0.048,2,0.0,2
246.0,2,6.7614,2,33.9649,2,90.2,2,62.0,2,0.048,2,0.0,2
247.0,2,6.74,2,33.964,2,89.8,2,62.0,2,0.048,2,0.0,2
248.0,2,6.7177,2,33.9618,2,90.0,2,62.0,2,0.048,2,0.0,2
249.0,2,6.7044,2,33.9604,2,90.3,2,62.1,2,0.048,2,0.0,2
250.0,2,6.7032,2,33.9602,2,91.1,2,62.2,2,0.048,2,0.0,2
251.0,2,6.6826,2,33.9556,2,92.8,2,62.1,2,0.048,2,0.0,2
251.6,2,6.6068,2,33.9437,2,94.4,2,62.3,2,0.048,2,0.0,2
255.5,2,6.5287,2,33.9428,2,96.3,2,62.3,2,0.036000000000000004,2,0.0,2
255.6,2,6.5112,2,33.9422,2,96.2,2,62.3,2,0.039,2,0.0,2
257.4,2,6.4664,2,33.9413,2,97.2,2,62.6,2,0.048,2,0.0,2
258.0,2,6.4505,2,33.9411,2,97.8,2,62.7,2,0.043,2,0.0,2
259.0,2,6.4237,2,33.9395,2,98.7,2,62.7,2,0.048,2,0.0,2
260.0,2,6.4054,2,33.9376,2,99.4,2,62.7,2,0.047,2,0.0,2
261.0,2,6.392,2,33.9366,2,100.1,2,62.6,2,0.048,2,0.0,2
262.0,2,6.3813,2,33.9364,2,100.8,2,62.8,2,0.048,2,0.0,2
263.0,2,6.3685,2,33.9371,2,101.1,2,62.9,2,0.047,2,0.0,2
264.0,2,6.3614,2,33.9359,2,101.4,2,62.9,2,0.048,2,0.0,2
265.0,2,6.359,2,33.9347,2,101.6,2,62.9,2,0.048,2,0.0,2
266.0,2,6.3573,2,33.9357,2,101.5,2,62.9,2,0.048,2,0.0,2
267.0,2,6.3572,2,33.9364,2,101.2,2,62.8,2,0.048,2,0.0,2
268.0,2,6.3598,2,33.9376,2,101.1,2,62.8,2,0.048,2,0.0,2
269.0,2,6.3365,2,33.9366,2,100.9,2,62.9,2,0.048,2,0.0,2
270.0,2,6.3108,2,33.9351,2,101.0,2,62.8,2,0.048,2,0.0,2
271.0,2,6.3013,2,33.9343,2,100.9,2,62.8,2,0.048,2,0.0,2
272.0,2,6.2803,2,33.9335,2,100.6,2,62.8,2,0.045,2,0.0,2
273.0,2,6.2602,2,33.9373,2,99.9,2,62.9,2,0.048,2,0.0,2
274.0,2,6.2527,2,33.9403,2,98.9,2,62.8,2,0.048,2,0.0,2
275.0,2,6.2628,2,33.9424,2,97.4,2,62.7,2,0.048,2,0.0,2
276.0,2,6.2587,2,33.9434,2,96.6,2,62.7,2,0.048,2,0.0,2
277.0,2,6.2439,2,33.9422,2,96.2,2,62.7,2,0.048,2,0.0,2
278.0,2,6.2223,2,33.9392,2,96.4,2,62.7,2,0.048,2,0.0,2
279.0,2,6.2061,2,33.9381,2,96.4,2,62.7,2,0.048,2,0.0,2
280.0,2,6.194,2,33.941,2,95.7,2,62.8,2,0.048,2,0.0,2
281.0,2,6.1822,2,33.9431,2,95.1,2,62.7,2,0.047,2,0.0,2
282.0,2,6.1729,2,33.9453,2,94.4,2,62.7,2,0.048,2,0.0,2
283.0,2,6.1399,2,33.943000000000005,2,93.7,2,62.7,2,0.048,2,0.0,2
284.0,2,6.1446,2,33.9476,2,92.9,2,62.8,2,0.048,2,0.0,2
285.0,2,6.1723,2,33.9524,2,91.4,2,62.7,2,0.048,2,0.0,2
286.0,2,6.1914,2,33.957,2,89.7,2,62.6,2,0.048,2,0.0,2
287.0,2,6.2327,2,33.9655,2,86.7,2,62.6,2,0.048,2,0.0,2
288.0,2,6.2671,2,33.9743,2,83.7,2,62.5,2,0.048,2,0.0,2
289.0,2,6.2653,2,33.9753,2,82.2,2,62.5,2,0.048,2,0.0,2
290.0,2,6.2662,2,33.9759,2,81.4,2,62.5,2,0.048,2,0.0,2
291.0,2,6.2647,2,33.9764,2,80.9,2,62.5,2,0.048,2,0.0,2
292.0,2,6.2351,2,33.9723,2,81.1,2,62.4,2,0.045,2,0.0,2
293.0,2,6.1924,2,33.9644,2,82.1,2,62.4,2,0.046,2,0.0,2
294.0,2,6.1487,2,33.9598,2,83.4,2,62.5,2,0.047,2,0.0,2
295.0,2,6.1017,2,33.9511,2,85.4,2,62.6,2,0.043,2,0.0,2
296.0,2,6.0035,2,33.9402,2,87.6,2,62.7,2,0.047,2,0.0,2
297.0,2,5.9786,2,33.9384,2,89.1,2,62.8,2,0.040999999999999995,2,0.0,2
298.0,2,5.9738,2,33.9378,2,90.0,2,62.8,2,0.038,2,0.0,2
299.0,2,5.9686,2,33.938,2,90.3,2,62.9,2,0.036000000000000004,2,0.0,2
300.0,2,5.9665,2,33.9401,2,90.0,2,62.9,2,0.04,2,0.0,2
301.0,2,5.9581,2,33.9413,2,89.4,2,62.8,2,0.039,2,0.0,2
302.0,2,5.9517,2,33.9431,2,89.2,2,62.7,2,0.039,2,0.0,2
303.0,2,5.945,2,33.9436,2,89.1,2,62.8,2,0.040999999999999995,2,0.0,2
304.0,2,5.919,2,33.9419,2,89.1,2,62.8,2,0.040999999999999995,2,0.0,2
305.0,2,5.9049,2,33.9415,2,89.2,2,62.8,2,0.036000000000000004,2,0.0,2
306.0,2,5.8935,2,33.9395,2,89.4,2,62.8,2,0.040999999999999995,2,0.0,2
307.0,2,5.8813,2,33.9413,2,89.4,2,62.9,2,0.036000000000000004,2,0.0,2
308.0,2,5.8718,2,33.9416,2,89.1,2,62.9,2,0.040999999999999995,2,0.0,2
309.0,2,5.8614,2,33.9401,2,88.8,2,62.9,2,0.036000000000000004,2,0.0,2
310.0,2,5.8409,2,33.942,2,88.4,2,62.9,2,0.036000000000000004,2,0.0,2
311.0,2,5.8361,2,33.943000000000005,2,88.1,2,62.6,2,0.038,2,0.0,2
312.0,2,5.8351,2,33.9433,2,87.7,2,62.9,2,0.047,2,0.0,2
313.0,2,5.8344,2,33.9436,2,87.4,2,62.9,2,0.042,2,0.0,2
314.0,2,5.8403,2,33.946999999999996,2,86.9,2,62.9,2,0.042,2,0.0,2
315.0,2,5.8333,2,33.9478,2,86.4,2,62.9,2,0.037000000000000005,2,0.0,2
316.0,2,5.803999999999999,2,33.9458,2,86.1,2,62.9,2,0.037000000000000005,2,0.0,2
317.0,2,5.797999999999999,2,33.9464,2,85.7,2,62.9,2,0.036000000000000004,2,0.0,2
318.0,2,5.7985,2,33.9479,2,85.4,2,62.9,2,0.04,2,0.0,2
319.0,2,5.8001,2,33.9489,2,85.0,2,62.8,2,0.043,2,0.0,2
320.0,2,5.8002,2,33.9493,2,84.6,2,62.9,2,0.043,2,0.0,2
321.0,2,5.8131,2,33.9536,2,83.6,2,62.8,2,0.037000000000000005,2,0.0,2
322.0,2,5.8474,2,33.9633,2,81.8,2,62.7,2,0.044000000000000004,2,0.0,2
323.0,2,5.7864,2,33.9595,2,81.1,2,62.7,2,0.036000000000000004,2,0.0,2
324.0,2,5.7442,2,33.9537,2,81.3,2,62.7,2,0.036000000000000004,2,0.0,2
325.0,2,5.7474,2,33.9555,2,81.0,2,62.8,2,0.036000000000000004,2,0.0,2
326.0,2,5.7624,2,33.9604,2,80.3,2,62.8,2,0.036000000000000004,2,0.0,2
327.0,2,5.766,2,33.9613,2,79.9,2,62.8,2,0.036000000000000004,2,0.0,2
328.0,2,5.7736,2,33.9636,2,79.2,2,62.7,2,0.036000000000000004,2,0.0,2
329.0,2,5.7929,2,33.9686,2,78.0,2,62.8,2,0.036000000000000004,2,0.0,2
330.0,2,5.8186,2,33.9755,2,76.3,2,62.8,2,0.036000000000000004,2,0.0,2
331.0,2,5.8487,2,33.9838,2,74.7,2,62.6,2,0.036000000000000004,2,0.0,2
332.0,2,5.8576,2,33.9858,2,73.6,2,62.3,2,0.036000000000000004,2,0.0,2
333.0,2,5.8404,2,33.9847,2,72.7,2,62.5,2,0.036000000000000004,2,0.0,2
334.0,2,5.8232,2,33.9849,2,72.0,2,62.7,2,0.037000000000000005,2,0.0,2
335.0,2,5.7913,2,33.9835,2,71.7,2,62.6,2,0.040999999999999995,2,0.0,2
336.0,2,5.7835,2,33.983000000000004,2,71.1,2,62.6,2,0.036000000000000004,2,0.0,2
337.0,2,5.7501,2,33.9827,2,70.7,2,62.6,2,0.036000000000000004,2,0.0,2
338.0,2,5.7462,2,33.9849,2,70.1,2,62.7,2,0.036000000000000004,2,0.0,2
339.0,2,5.7607,2,33.9923,2,69.0,2,62.7,2,0.036000000000000004,2,0.0,2
340.0,2,5.7726,2,33.9984,2,67.7,2,62.7,2,0.04,2,0.0,2
341.0,2,5.8015,2,34.0081,2,65.8,2,62.7,2,0.045,2,0.0,2
342.0,2,5.8187,2,34.0137,2,64.1,2,62.6,2,0.038,2,0.0,2
343.0,2,5.8161,2,34.0135,2,63.0,2,62.6,2,0.036000000000000004,2,0.0,2
344.0,2,5.7836,2,34.0094,2,62.6,2,62.5,2,0.036000000000000004,2,0.0,2
344.9,2,5.7559,2,34.0036,2,62.8,2,62.5,2,0.036000000000000004,2,0.0,2
346.0,2,5.7315,2,34.0003,2,63.3,2,62.5,2,0.036000000000000004,2,0.0,2
347.0,2,5.7118,2,33.9972,2,63.8,2,62.6,2,0.036000000000000004,2,0.0,2
348.0,2,5.6626,2,33.9906,2,64.4,2,62.6,2,0.036000000000000004,2,0.0,2
349.0,2,5.6338,2,33.9879,2,65.0,2,62.5,2,0.036000000000000004,2,0.0,2
350.0,2,5.6419,2,33.9893,2,65.2,2,62.7,2,0.036000000000000004,2,0.0,2
351.0,2,5.6435,2,33.9888,2,65.4,2,62.7,2,0.036000000000000004,2,0.0,2
352.0,2,5.6122,2,33.9864,2,65.8,2,62.7,2,0.036000000000000004,2,0.0,2
353.0,2,5.565,2,33.983000000000004,2,65.9,2,62.7,2,0.036000000000000004,2,0.0,2
354.0,2,5.5646,2,33.9835,2,66.1,2,62.8,2,0.036000000000000004,2,0.0,2
355.0,2,5.5663,2,33.9867,2,66.0,2,62.8,2,0.036000000000000004,2,0.0,2
356.0,2,5.5671,2,33.9857,2,65.9,2,62.8,2,0.036000000000000004,2,0.0,2
357.0,2,5.587000000000001,2,33.9913,2,65.2,2,62.7,2,0.036000000000000004,2,0.0,2
358.0,2,5.6069,2,33.9959,2,64.0,2,62.8,2,0.036000000000000004,2,0.0,2
359.0,2,5.6418,2,34.0051,2,62.9,2,62.7,2,0.036000000000000004,2,0.0,2
360.0,2,5.69,2,34.0135,2,61.3,2,62.7,2,0.036000000000000004,2,0.0,2
361.0,2,5.6832,2,34.013000000000005,2,60.4,2,62.6,2,0.036000000000000004,2,0.0,2
362.0,2,5.6632,2,34.0114,2,60.1,2,62.6,2,0.036000000000000004,2,0.0,2
363.0,2,5.62,2,34.0049,2,60.5,2,62.6,2,0.036000000000000004,2,0.0,2
364.0,2,5.5044,2,33.9893,2,61.4,2,62.6,2,0.036000000000000004,2,0.0,2
365.0,2,5.4349,2,33.9825,2,62.7,2,62.8,2,0.036000000000000004,2,0.0,2
366.0,2,5.4079,2,33.9787,2,63.7,2,62.9,2,0.036000000000000004,2,0.0,2
367.0,2,5.3944,2,33.977,2,64.4,2,63.0,2,0.036000000000000004,2,0.0,2
368.0,2,5.3918,2,33.9748,2,64.9,2,63.0,2,0.036000000000000004,2,0.0,2
369.0,2,5.3871,2,33.9762,2,65.1,2,63.0,2,0.036000000000000004,2,0.0,2
370.0,2,5.3713,2,33.9753,2,65.3,2,63.0,2,0.036000000000000004,2,0.0,2
371.0,2,5.3672,2,33.9763,2,65.3,2,63.1,2,0.036000000000000004,2,0.0,2
372.0,2,5.3618,2,33.9772,2,65.1,2,63.1,2,0.036000000000000004,2,0.0,2
373.0,2,5.3574,2,33.9779,2,65.0,2,63.0,2,0.036000000000000004,2,0.0,2
374.0,2,5.3519,2,33.9779,2,65.1,2,63.0,2,0.036000000000000004,2,0.0,2
375.0,2,5.3468,2,33.9775,2,65.0,2,63.1,2,0.036000000000000004,2,0.0,2
376.0,2,5.3453,2,33.9782,2,64.8,2,63.1,2,0.036000000000000004,2,0.0,2
377.0,2,5.3464,2,33.9797,2,64.6,2,63.1,2,0.036000000000000004,2,0.0,2
378.0,2,5.3337,2,33.9788,2,64.6,2,63.1,2,0.036000000000000004,2,0.0,2
379.0,2,5.353,2,33.985,2,63.9,2,63.1,2,0.036000000000000004,2,0.0,2
380.0,2,5.3627,2,33.9888,2,63.1,2,63.0,2,0.036000000000000004,2,0.0,2
381.0,2,5.3556,2,33.9882,2,62.6,2,63.0,2,0.036000000000000004,2,0.0,2
382.0,2,5.3271,2,33.9849,2,62.5,2,63.0,2,0.036000000000000004,2,0.0,2
383.0,2,5.3055,2,33.9853,2,62.4,2,63.1,2,0.036000000000000004,2,0.0,2
384.0,2,5.2835,2,33.9849,2,62.2,2,62.9,2,0.036000000000000004,2,0.0,2
385.0,2,5.2853,2,33.9874,2,61.8,2,63.0,2,0.036000000000000004,2,0.0,2
386.0,2,5.2755,2,33.9878,2,61.6,2,63.0,2,0.036000000000000004,2,0.0,2
387.0,2,5.263999999999999,2,33.9877,2,61.3,2,63.0,2,0.036000000000000004,2,0.0,2
388.1,2,5.2624,2,33.9907,2,60.9,2,62.9,2,0.036000000000000004,2,0.0,2
389.0,2,5.2668,2,33.993,2,60.0,2,63.0,2,0.036000000000000004,2,0.0,2
390.0,2,5.2807,2,33.9978,2,59.1,2,63.0,2,0.036000000000000004,2,0.0,2
391.0,2,5.2912,2,34.0018,2,58.2,2,63.1,2,0.036000000000000004,2,0.0,2
392.0,2,5.2886,2,34.0032,2,57.4,2,63.1,2,0.036000000000000004,2,0.0,2
393.0,2,5.2863,2,34.0039,2,57.0,2,63.2,2,0.036000000000000004,2,0.0,2
394.0,2,5.2741,2,34.0029,2,56.9,2,63.1,2,0.036000000000000004,2,0.0,2
395.0,2,5.2725,2,34.0033,2,56.6,2,63.1,2,0.036000000000000004,2,0.0,2
396.0,2,5.2727,2,34.0037,2,56.5,2,63.2,2,0.036000000000000004,2,0.0,2
397.0,2,5.2621,2,34.0024,2,56.4,2,63.1,2,0.036000000000000004,2,0.0,2
398.0,2,5.2536,2,34.0024,2,56.2,2,63.2,2,0.036000000000000004,2,0.0,2
399.0,2,5.2573,2,34.0063,2,55.9,2,63.1,2,0.036000000000000004,2,0.0,2
400.0,2,5.2593,2,34.0077,2,55.5,2,63.0,2,0.036000000000000004,2,0.0,2
401.0,2,5.2598,2,34.0085,2,55.0,2,63.2,2,0.036000000000000004,2,0.0,2
402.0,2,5.2563,2,34.0085,2,54.7,2,63.1,2,0.036000000000000004,2,0.0,2
403.0,2,5.2697,2,34.0155,2,54.2,2,63.2,2,0.036000000000000004,2,0.0,2
404.0,2,5.2874,2,34.0204,2,53.2,2,63.2,2,0.036000000000000004,2,0.0,2
405.0,2,5.2892,2,34.0212,2,52.5,2,63.1,2,0.036000000000000004,2,0.0,2
406.0,2,5.3082,2,34.0263,2,51.9,2,63.1,2,0.036000000000000004,2,0.0,2
407.0,2,5.3163,2,34.0291,2,51.3,2,63.1,2,0.036000000000000004,2,0.0,2
408.0,2,5.319,2,34.0304,2,50.6,2,63.1,2,0.036000000000000004,2,0.0,2
409.0,2,5.3326,2,34.035,2,50.0,2,63.1,2,0.036000000000000004,2,0.0,2
410.0,2,5.3466,2,34.0385,2,49.2,2,63.1,2,0.036000000000000004,2,0.0,2
411.0,2,5.3801,2,34.0473,2,48.1,2,62.9,2,0.036000000000000004,2,0.0,2
412.0,2,5.3695,2,34.0462,2,47.3,2,62.9,2,0.036000000000000004,2,0.0,2
413.0,2,5.3669,2,34.0466,2,46.7,2,62.9,2,0.036000000000000004,2,0.0,2
414.0,2,5.3586,2,34.0459,2,46.4,2,62.4,2,0.036000000000000004,2,0.0,2
415.0,2,5.3651,2,34.0486,2,45.9,2,63.0,2,0.036000000000000004,2,0.0,2
416.0,2,5.3694,2,34.0508,2,45.5,2,63.1,2,0.036000000000000004,2,0.0,2
417.0,2,5.3613,2,34.051,2,45.1,2,62.9,2,0.036000000000000004,2,0.0,2
418.0,2,5.3787,2,34.0571,2,44.4,2,63.0,2,0.036000000000000004,2,0.0,2
419.0,2,5.4132,2,34.0675,2,43.5,2,62.9,2,0.036000000000000004,2,0.0,2
420.0,2,5.4137,2,34.0695,2,42.8,2,62.9,2,0.036000000000000004,2,0.0,2
421.0,2,5.4224,2,34.0735,2,42.1,2,62.8,2,0.036000000000000004,2,0.0,2
422.0,2,5.4241,2,34.0746,2,41.5,2,62.7,2,0.036000000000000004,2,0.0,2
422.8,2,5.4209,2,34.0766,2,41.0,2,62.7,2,0.036000000000000004,2,0.0,2
424.0,2,5.4139,2,34.0786,2,40.0,2,62.7,2,0.036000000000000004,2,0.0,2
425.0,2,5.4119,2,34.0794,2,39.7,2,62.7,2,0.036000000000000004,2,0.0,2
426.0,2,5.41,2,34.0802,2,39.3,2,62.7,2,0.036000000000000004,2,0.0,2
427.0,2,5.4061,2,34.0811,2,39.0,2,62.6,2,0.036000000000000004,2,0.0,2
428.0,2,5.4014,2,34.0824,2,38.6,2,62.7,2,0.036000000000000004,2,0.0,2
429.0,2,5.3981,2,34.0832,2,38.4,2,62.8,2,0.036000000000000004,2,0.0,2
430.0,2,5.3952,2,34.0839,2,38.1,2,62.8,2,0.036000000000000004,2,0.0,2
431.0,2,5.3934,2,34.0843,2,38.0,2,62.8,2,0.036000000000000004,2,0.0,2
432.0,2,5.3892,2,34.0844,2,37.8,2,62.9,2,0.036000000000000004,2,0.0,2
433.0,2,5.386,2,34.0844,2,37.8,2,62.9,2,0.036000000000000004,2,0.0,2
434.0,2,5.3851,2,34.0845,2,37.6,2,62.9,2,0.036000000000000004,2,0.0,2
435.0,2,5.3817,2,34.0845,2,37.5,2,62.8,2,0.036000000000000004,2,0.0,2
436.0,2,5.3774,2,34.0843,2,37.6,2,62.8,2,0.036000000000000004,2,0.0,2
437.0,2,5.3737,2,34.0844,2,37.4,2,62.7,2,0.036000000000000004,2,0.0,2
438.0,2,5.3581,2,34.0844,2,37.3,2,62.8,2,0.036000000000000004,2,0.0,2
439.0,2,5.3563,2,34.0844,2,37.3,2,62.9,2,0.036000000000000004,2,0.0,2
440.0,2,5.3513,2,34.0843,2,37.2,2,62.7,2,0.036000000000000004,2,0.0,2
441.0,2,5.35,2,34.0844,2,37.3,2,62.7,2,0.036000000000000004,2,0.0,2
442.0,2,5.3477,2,34.0847,2,37.0,2,62.7,2,0.036000000000000004,2,0.0,2
443.0,2,5.3418,2,34.0856,2,36.8,2,62.7,2,0.036000000000000004,2,0.0,2
444.0,2,5.3295,2,34.086999999999996,2,36.6,2,62.6,2,0.036000000000000004,2,0.0,2
445.0,2,5.3015,2,34.086999999999996,2,36.4,2,62.6,2,0.036000000000000004,2,0.0,2
446.0,2,5.2879,2,34.0866,2,36.2,2,62.5,2,0.036000000000000004,2,0.0,2
447.0,2,5.2706,2,34.0855,2,36.3,2,62.5,2,0.036000000000000004,2,0.0,2
448.0,2,5.2635,2,34.0854,2,36.3,2,62.6,2,0.036000000000000004,2,0.0,2
449.0,2,5.2620000000000005,2,34.0856,2,36.0,2,62.6,2,0.040999999999999995,2,0.0,2
450.0,2,5.26,2,34.086,2,36.1,2,62.2,2,0.036000000000000004,2,0.0,2
451.0,2,5.2591,2,34.086,2,36.1,2,62.2,2,0.036000000000000004,2,0.0,2
452.0,2,5.2588,2,34.0863,2,36.0,2,62.6,2,0.036000000000000004,2,0.0,2
453.0,2,5.2591,2,34.0865,2,35.9,2,62.6,2,0.036000000000000004,2,0.0,2
454.0,2,5.2585,2,34.0865,2,36.0,2,62.6,2,0.036000000000000004,2,0.0,2
455.0,2,5.2566,2,34.0868,2,35.9,2,62.6,2,0.036000000000000004,2,0.0,2
456.0,2,5.2557,2,34.0869,2,35.8,2,62.5,2,0.036000000000000004,2,0.0,2
457.0,2,5.2555,2,34.0868,2,35.8,2,62.6,2,0.036000000000000004,2,0.0,2
458.0,2,5.2551,2,34.0869,2,35.8,2,62.5,2,0.036000000000000004,2,0.0,2
459.0,2,5.2509,2,34.0871,2,35.8,2,62.6,2,0.036000000000000004,2,0.0,2
460.0,2,5.2441,2,34.0883,2,35.5,2,62.6,2,0.036000000000000004,2,0.0,2
461.0,2,5.2437,2,34.089,2,35.5,2,62.5,2,0.036000000000000004,2,0.0,2
462.0,2,5.2418,2,34.0907,2,35.2,2,62.5,2,0.036000000000000004,2,0.0,2
463.0,2,5.2398,2,34.0925,2,35.1,2,62.6,2,0.036000000000000004,2,0.0,2
464.0,2,5.2368,2,34.0935,2,34.8,2,62.5,2,0.036000000000000004,2,0.0,2
465.0,2,5.232,2,34.0941,2,34.4,2,62.5,2,0.036000000000000004,2,0.0,2
466.0,2,5.2313,2,34.0944,2,34.3,2,62.5,2,0.036000000000000004,2,0.0,2
467.0,2,5.2312,2,34.0947,2,34.1,2,62.5,2,0.036000000000000004,2,0.0,2
468.0,2,5.2316,2,34.0949,2,34.1,2,62.5,2,0.036000000000000004,2,0.0,2
469.0,2,5.2314,2,34.0966,2,33.9,2,62.5,2,0.036000000000000004,2,0.0,2
470.0,2,5.2289,2,34.0988,2,33.6,2,62.6,2,0.036000000000000004,2,0.0,2
471.0,2,5.2274,2,34.0996,2,33.4,2,62.7,2,0.036000000000000004,2,0.0,2
472.0,2,5.2241,2,34.1004,2,33.1,2,62.6,2,0.036000000000000004,2,0.0,2
473.0,2,5.2221,2,34.1011,2,33.1,2,62.7,2,0.036000000000000004,2,0.0,2
474.0,2,5.2201,2,34.1014,2,32.9,2,62.7,2,0.036000000000000004,2,0.0,2
475.0,2,5.2147,2,34.1022,2,32.5,2,62.7,2,0.036000000000000004,2,0.0,2
476.0,2,5.2107,2,34.1026,2,32.4,2,62.7,2,0.036000000000000004,2,0.0,2
477.0,2,5.2085,2,34.1029,2,32.3,2,62.7,2,0.036000000000000004,2,0.0,2
478.0,2,5.2058,2,34.1037,2,32.2,2,62.7,2,0.036000000000000004,2,0.0,2
479.0,2,5.2036,2,34.1041,2,32.0,2,62.6,2,0.036000000000000004,2,0.0,2
480.0,2,5.2007,2,34.1045,2,32.0,2,62.7,2,0.036000000000000004,2,0.0,2
481.0,2,5.196000000000001,2,34.1052,2,31.7,2,62.7,2,0.036000000000000004,2,0.0,2
482.0,2,5.192,2,34.1055,2,31.5,2,62.7,2,0.036000000000000004,2,0.0,2
483.0,2,5.1862,2,34.1062,2,31.4,2,62.8,2,0.036000000000000004,2,0.0,2
484.0,2,5.18,2,34.1071,2,31.3,2,62.6,2,0.036000000000000004,2,0.0,2
485.0,2,5.1777,2,34.1076,2,31.3,2,62.7,2,0.036000000000000004,2,0.0,2
486.0,2,5.1753,2,34.1081,2,31.2,2,62.6,2,0.036000000000000004,2,0.0,2
487.0,2,5.1702,2,34.1088,2,31.0,2,62.7,2,0.036000000000000004,2,0.0,2
488.0,2,5.1639,2,34.1098,2,30.8,2,62.6,2,0.036000000000000004,2,0.0,2
489.0,2,5.1584,2,34.1106,2,30.6,2,62.6,2,0.036000000000000004,2,0.0,2
490.0,2,5.1538,2,34.1127,2,30.4,2,62.7,2,0.036000000000000004,2,0.0,2
491.0,2,5.1522,2,34.114000000000004,2,30.1,2,62.4,2,0.036000000000000004,2,0.0,2
492.0,2,5.152,2,34.1146,2,30.1,2,62.0,2,0.036000000000000004,2,0.0,2
493.0,2,5.1515,2,34.1154,2,29.9,2,62.3,2,0.036000000000000004,2,0.0,2
494.0,2,5.1508,2,34.116,2,29.8,2,62.2,2,0.036000000000000004,2,0.0,2
495.0,2,5.1495,2,34.1165,2,29.8,2,62.0,2,0.036000000000000004,2,0.0,2
496.0,2,5.1461,2,34.1177,2,29.4,2,62.1,2,0.036000000000000004,2,0.0,2
497.0,2,5.1424,2,34.1185,2,29.3,2,62.0,2,0.036000000000000004,2,0.0,2
498.0,2,5.1385,2,34.1191,2,29.3,2,61.9,2,0.036000000000000004,2,0.0,2
499.0,2,5.1366,2,34.1196,2,29.2,2,61.9,2,0.036000000000000004,2,0.0,2
500.0,2,5.1363,2,34.1197,2,29.0,2,62.0,2,0.036000000000000004,2,0.0,2
501.0,2,5.1363,2,34.1199,2,29.0,2,62.1,2,0.036000000000000004,2,0.0,2
502.0,2,5.1335,2,34.1202,2,28.9,2,62.1,2,0.036000000000000004,2,0.0,2
503.0,2,5.1273,2,34.1216,2,28.5,2,61.9,2,0.036000000000000004,2,0.0,2
504.0,2,5.1188,2,34.1229,2,28.3,2,61.8,2,0.036000000000000004,2,0.0,2
505.0,2,5.1099,2,34.1244,2,28.0,2,62.4,2,0.036000000000000004,2,0.0,2
506.0,2,5.1,2,34.1251,2,28.0,2,62.5,2,0.036000000000000004,2,0.0,2
507.0,2,5.0937,2,34.1263,2,27.7,2,62.5,2,0.036000000000000004,2,0.0,2
508.0,2,5.0925,2,34.1264,2,27.4,2,62.5,2,0.036000000000000004,2,0.0,2
509.0,2,5.0828,2,34.1278,2,27.1,2,62.5,2,0.036000000000000004,2,0.0,2
510.0,2,5.0788,2,34.1284,2,27.0,2,62.6,2,0.036000000000000004,2,0.0,2
511.0,2,5.0768,2,34.1288,2,26.9,2,62.7,2,0.036000000000000004,2,0.0,2
512.0,2,5.0760000000000005,2,34.129,2,26.9,2,62.7,2,0.036000000000000004,2,0.0,2
513.0,2,5.0755,2,34.1291,2,26.7,2,62.8,2,0.036000000000000004,2,0.0,2
514.0,2,5.0736,2,34.1294,2,26.6,2,62.8,2,0.036000000000000004,2,0.0,2
515.0,2,5.071000000000001,2,34.1298,2,26.6,2,62.7,2,0.036000000000000004,2,0.0,2
516.0,2,5.0665,2,34.1306,2,26.4,2,62.7,2,0.036000000000000004,2,0.0,2
517.0,2,5.058,2,34.1322,2,26.2,2,62.6,2,0.036000000000000004,2,0.0,2
518.0,2,5.0542,2,34.1328,2,26.1,2,62.6,2,0.036000000000000004,2,0.0,2
519.0,2,5.0535,2,34.1328,2,26.1,2,62.6,2,0.036000000000000004,2,0.0,2
520.0,2,5.0526,2,34.133,2,26.0,2,62.5,2,0.036000000000000004,2,0.0,2
521.0,2,5.0514,2,34.1332,2,25.8,2,62.6,2,0.036000000000000004,2,0.0,2
522.0,2,5.0493,2,34.1333,2,25.8,2,62.6,2,0.036000000000000004,2,0.0,2
523.0,2,5.0456,2,34.1336,2,25.8,2,62.6,2,0.036000000000000004,2,0.0,2
524.0,2,5.0317,2,34.1342,2,25.6,2,62.6,2,0.036000000000000004,2,0.0,2
525.0,2,5.018,2,34.1345,2,25.5,2,62.6,2,0.036000000000000004,2,0.0,2
526.0,2,5.0145,2,34.1347,2,25.3,2,62.5,2,0.036000000000000004,2,0.0,2
527.0,2,5.0135,2,34.1356,2,25.2,2,62.5,2,0.036000000000000004,2,0.0,2
528.0,2,5.0133,2,34.1367,2,25.1,2,62.6,2,0.036000000000000004,2,0.0,2
529.0,2,5.0087,2,34.1376,2,25.0,2,62.6,2,0.036000000000000004,2,0.0,2
530.0,2,4.9892,2,34.1388,2,24.9,2,62.6,2,0.036000000000000004,2,0.0,2
531.0,2,4.9823,2,34.1393,2,24.5,2,62.6,2,0.036000000000000004,2,0.0,2
532.0,2,4.9815,2,34.1393,2,24.6,2,62.6,2,0.036000000000000004,2,0.0,2
533.0,2,4.9811,2,34.1395,2,24.4,2,62.5,2,0.036000000000000004,2,0.0,2
534.0,2,4.9809,2,34.1406,2,24.3,2,62.5,2,0.036000000000000004,2,0.0,2
535.0,2,4.9792,2,34.1414,2,24.3,2,62.5,2,0.036000000000000004,2,0.0,2
536.0,2,4.9767,2,34.1427,2,24.2,2,62.5,2,0.036000000000000004,2,0.0,2
537.0,2,4.9746,2,34.1434,2,24.0,2,62.3,2,0.036000000000000004,2,0.0,2
538.0,2,4.9666,2,34.1447,2,23.9,2,62.4,2,0.036000000000000004,2,0.0,2
539.0,2,4.9531,2,34.1472,2,23.7,2,62.4,2,0.036000000000000004,2,0.0,2
540.0,2,4.9491,2,34.1481,2,23.4,2,62.3,2,0.036000000000000004,2,0.0,2
541.0,2,4.9457,2,34.1483,2,23.3,2,62.3,2,0.036000000000000004,2,0.0,2
542.0,2,4.9401,2,34.1486,2,23.3,2,62.2,2,0.036000000000000004,2,0.0,2
543.0,2,4.9351,2,34.1493,2,23.2,2,62.2,2,0.036000000000000004,2,0.0,2
544.0,2,4.9297,2,34.1499,2,23.0,2,62.3,2,0.036000000000000004,2,0.0,2
545.0,2,4.9262,2,34.1504,2,22.9,2,62.2,2,0.036000000000000004,2,0.0,2
546.0,2,4.9221,2,34.150999999999996,2,22.9,2,62.2,2,0.036000000000000004,2,0.0,2
547.0,2,4.9193,2,34.1512,2,22.7,2,62.2,2,0.036000000000000004,2,0.0,2
548.0,2,4.9173,2,34.1515,2,22.6,2,62.1,2,0.036000000000000004,2,0.0,2
549.0,2,4.9159,2,34.1519,2,22.4,2,62.3,2,0.036000000000000004,2,0.0,2
550.0,2,4.9111,2,34.1523,2,22.5,2,62.2,2,0.036000000000000004,2,0.0,2
551.0,2,4.906000000000001,2,34.1531,2,22.5,2,62.3,2,0.036000000000000004,2,0.0,2
552.0,2,4.899,2,34.154,2,22.3,2,62.3,2,0.036000000000000004,2,0.0,2
553.0,2,4.8968,2,34.1548,2,22.0,2,62.3,2,0.036000000000000004,2,0.0,2
554.0,2,4.8915,2,34.1551,2,21.9,2,62.3,2,0.036000000000000004,2,0.0,2
555.0,2,4.8856,2,34.1561,2,21.9,2,62.3,2,0.036000000000000004,2,0.0,2
556.0,2,4.8819,2,34.1562,2,21.6,2,62.4,2,0.036000000000000004,2,0.0,2
557.0,2,4.8794,2,34.1569,2,21.5,2,62.4,2,0.036000000000000004,2,0.0,2
558.0,2,4.8774,2,34.1573,2,21.5,2,62.4,2,0.036000000000000004,2,0.0,2
559.0,2,4.871,2,34.1581,2,21.4,2,62.4,2,0.036000000000000004,2,0.0,2
560.0,2,4.8678,2,34.1584,2,21.4,2,62.4,2,0.036000000000000004,2,0.0,2
561.0,2,4.8665,2,34.1583,2,21.2,2,62.4,2,0.036000000000000004,2,0.0,2
562.0,2,4.8532,2,34.1574,2,21.0,2,62.4,2,0.036000000000000004,2,0.0,2
563.0,2,4.8476,2,34.1576,2,21.1,2,62.4,2,0.036000000000000004,2,0.0,2
564.0,2,4.8334,2,34.1572,2,21.0,2,62.4,2,0.036000000000000004,2,0.0,2
565.0,2,4.8231,2,34.1585,2,20.9,2,62.5,2,0.036000000000000004,2,0.0,2
566.0,2,4.8208,2,34.1607,2,20.8,2,62.5,2,0.036000000000000004,2,0.0,2
567.0,2,4.8211,2,34.161,2,20.7,2,62.4,2,0.036000000000000004,2,0.0,2
568.0,2,4.8214,2,34.1612,2,20.7,2,62.3,2,0.036000000000000004,2,0.0,2
569.0,2,4.8227,2,34.1618,2,20.6,2,62.3,2,0.036000000000000004,2,0.0,2
570.0,2,4.8242,2,34.1622,2,20.6,2,62.0,2,0.036000000000000004,2,0.0,2
571.0,2,4.8229,2,34.1624,2,20.6,2,62.1,2,0.036000000000000004,2,0.0,2
572.0,2,4.8216,2,34.1624,2,20.6,2,61.9,2,0.036000000000000004,2,0.0,2
573.0,2,4.8183,2,34.1624,2,20.5,2,61.7,2,0.036000000000000004,2,0.0,2
574.0,2,4.8088,2,34.1621,2,20.6,2,62.2,2,0.036000000000000004,2,0.0,2
575.0,2,4.7781,2,34.1588,2,20.4,2,62.3,2,0.036000000000000004,2,0.0,2
576.0,2,4.7598,2,34.1574,2,20.4,2,62.3,2,0.036000000000000004,2,0.0,2
577.0,2,4.754,2,34.1566,2,20.5,2,62.4,2,0.036000000000000004,2,0.0,2
578.0,2,4.7441,2,34.1555,2,20.3,2,62.4,2,0.036000000000000004,2,0.0,2
579.0,2,4.7316,2,34.1544,2,20.5,2,62.5,2,0.036000000000000004,2,0.0,2
580.0,2,4.7205,2,34.1531,2,20.6,2,62.6,2,0.036000000000000004,2,0.0,2
581.0,2,4.7,2,34.1508,2,20.4,2,62.7,2,0.036000000000000004,2,0.0,2
582.0,2,4.6749,2,34.1484,2,20.5,2,62.8,2,0.036000000000000004,2,0.0,2
583.0,2,4.6577,2,34.1464,2,20.6,2,62.9,2,0.036000000000000004,2,0.0,2
584.0,2,4.6557,2,34.1476,2,20.5,2,63.0,2,0.036000000000000004,2,0.0,2
585.0,2,4.6548,2,34.149,2,20.3,2,63.1,2,0.036000000000000004,2,0.0,2
586.0,2,4.6497,2,34.1496,2,20.4,2,63.2,2,0.036000000000000004,2,0.0,2
587.0,2,4.6482,2,34.1498,2,20.3,2,63.3,2,0.036000000000000004,2,0.0,2
588.0,2,4.6485,2,34.1507,2,20.0,2,63.3,2,0.03,2,0.0,2
589.0,2,4.6482,2,34.1522,2,20.0,2,63.1,2,0.036000000000000004,2,0.0,2
590.0,2,4.6489,2,34.1532,2,19.7,2,63.3,2,0.036000000000000004,2,0.0,2
591.0,2,4.6508,2,34.154,2,19.7,2,63.3,2,0.036000000000000004,2,0.0,2
592.0,2,4.6572,2,34.1573,2,19.5,2,63.4,2,0.036000000000000004,2,0.0,2
593.0,2,4.6622,2,34.1599,2,19.3,2,63.4,2,0.036000000000000004,2,0.0,2
594.0,2,4.6664,2,34.1634,2,19.1,2,63.4,2,0.036000000000000004,2,0.0,2
595.0,2,4.6665,2,34.1652,2,18.7,2,63.3,2,0.036000000000000004,2,0.0,2
596.0,2,4.666,2,34.1652,2,18.6,2,63.3,2,0.036000000000000004,2,0.0,2
597.0,2,4.6647,2,34.166,2,18.3,2,63.3,2,0.036000000000000004,2,0.0,2
598.0,2,4.6557,2,34.1676,2,18.2,2,63.3,2,0.036000000000000004,2,0.0,2
599.0,2,4.6478,2,34.1679,2,18.1,2,63.4,2,0.036000000000000004,2,0.0,2
600.0,2,4.6429,2,34.1684,2,17.9,2,63.5,2,0.035,2,0.0,2
601.0,2,4.6365,2,34.1692,2,17.8,2,63.5,2,0.036000000000000004,2,0.0,2
602.0,2,4.6347,2,34.1697,2,17.7,2,63.5,2,0.036000000000000004,2,0.0,2
603.0,2,4.6341,2,34.1703,2,17.7,2,63.5,2,0.036000000000000004,2,0.0,2
604.0,2,4.6335,2,34.1715,2,17.6,2,63.5,2,0.036000000000000004,2,0.0,2
605.0,2,4.6328,2,34.1716,2,17.6,2,63.5,2,0.036000000000000004,2,0.0,2
606.0,2,4.6316,2,34.1718,2,17.5,2,63.5,2,0.036000000000000004,2,0.0,2
607.0,2,4.6295,2,34.1723,2,17.3,2,63.3,2,0.036000000000000004,2,0.0,2
608.0,2,4.6247,2,34.1741,2,17.3,2,63.4,2,0.036000000000000004,2,0.0,2
609.0,2,4.6191,2,34.1758,2,17.0,2,63.5,2,0.036000000000000004,2,0.0,2
610.0,2,4.6158,2,34.177,2,17.1,2,63.5,2,0.034,2,0.0,2
611.0,2,4.6144,2,34.1777,2,16.9,2,63.4,2,0.036000000000000004,2,0.0,2
612.0,2,4.6143,2,34.178000000000004,2,16.8,2,63.5,2,0.036000000000000004,2,0.0,2
613.0,2,4.6139,2,34.1787,2,16.7,2,63.5,2,0.036000000000000004,2,0.0,2
614.0,2,4.6135,2,34.1796,2,16.7,2,63.4,2,0.036000000000000004,2,0.0,2
615.0,2,4.6137,2,34.1798,2,16.5,2,63.4,2,0.028999999999999998,2,0.0,2
616.0,2,4.6125,2,34.1802,2,16.6,2,63.5,2,0.036000000000000004,2,0.0,2
617.0,2,4.6098,2,34.181,2,16.6,2,63.5,2,0.036000000000000004,2,0.0,2
618.0,2,4.6077,2,34.1817,2,16.3,2,63.5,2,0.036000000000000004,2,0.0,2
619.0,2,4.6069,2,34.1821,2,16.4,2,63.5,2,0.036000000000000004,2,0.0,2
620.0,2,4.6063,2,34.1824,2,16.4,2,63.5,2,0.036000000000000004,2,0.0,2
621.0,2,4.6047,2,34.1831,2,16.3,2,63.5,2,0.033,2,0.0,2
622.0,2,4.6035,2,34.1836,2,16.3,2,63.5,2,0.036000000000000004,2,0.0,2
623.0,2,4.6024,2,34.1839,2,16.3,2,63.5,2,0.036000000000000004,2,0.0,2
624.0,2,4.6017,2,34.184,2,16.1,2,63.4,2,0.035,2,0.0,2
625.0,2,4.6002,2,34.1843,2,16.0,2,63.5,2,0.036000000000000004,2,0.0,2
626.0,2,4.5969,2,34.1852,2,16.1,2,63.4,2,0.035,2,0.0,2
627.0,2,4.5945,2,34.1857,2,16.0,2,63.5,2,0.033,2,0.0,2
628.0,2,4.5877,2,34.1878,2,16.0,2,63.5,2,0.036000000000000004,2,0.0,2
629.0,2,4.5807,2,34.1899,2,15.8,2,63.4,2,0.036000000000000004,2,0.0,2
630.0,2,4.5777,2,34.191,2,15.6,2,63.4,2,0.036000000000000004,2,0.0,2
631.0,2,4.575,2,34.1923,2,15.4,2,63.4,2,0.036000000000000004,2,0.0,2
632.0,2,4.5724,2,34.1933,2,15.3,2,63.3,2,0.036000000000000004,2,0.0,2
633.0,2,4.5684,2,34.1943,2,15.5,2,63.3,2,0.036000000000000004,2,0.0,2
634.0,2,4.5655,2,34.1948,2,15.4,2,63.3,2,0.036000000000000004,2,0.0,2
635.0,2,4.5647,2,34.1954,2,15.2,2,63.4,2,0.036000000000000004,2,0.0,2
636.0,2,4.5643,2,34.1957,2,15.2,2,63.4,2,0.036000000000000004,2,0.0,2
637.0,2,4.564,2,34.1976,2,15.1,2,63.3,2,0.032,2,0.0,2
638.0,2,4.5627,2,34.1984,2,15.1,2,63.3,2,0.035,2,0.0,2
639.0,2,4.562,2,34.199,2,15.2,2,63.3,2,0.036000000000000004,2,0.0,2
640.0,2,4.5626,2,34.1997,2,15.2,2,63.3,2,0.032,2,0.0,2
641.0,2,4.5599,2,34.1999,2,15.1,2,63.3,2,0.025,2,0.0,2
642.0,2,4.5576,2,34.2005,2,15.0,2,63.3,2,0.036000000000000004,2,0.0,2
643.0,2,4.5555,2,34.2011,2,15.0,2,63.2,2,0.036000000000000004,2,0.0,2
644.0,2,4.5539,2,34.2013,2,15.0,2,63.1,2,0.036000000000000004,2,0.0,2
645.0,2,4.5533,2,34.2014,2,15.0,2,63.1,2,0.034,2,0.0,2
646.0,2,4.553,2,34.2016,2,14.8,2,63.2,2,0.034,2,0.0,2
647.0,2,4.5498,2,34.2022,2,14.9,2,63.1,2,0.035,2,0.0,2
648.0,2,4.5473,2,34.2028,2,14.8,2,63.1,2,0.032,2,0.0,2
649.0,2,4.5447,2,34.2034,2,14.9,2,63.1,2,0.03,2,0.0,2
650.0,2,4.5426,2,34.2038,2,14.7,2,63.1,2,0.035,2,0.0,2
651.0,2,4.5415,2,34.204,2,14.8,2,63.2,2,0.036000000000000004,2,0.0,2
652.0,2,4.537,2,34.2049,2,14.7,2,63.2,2,0.036000000000000004,2,0.0,2
653.0,2,4.5344,2,34.2056,2,14.6,2,63.1,2,0.036000000000000004,2,0.0,2
654.0,2,4.5336,2,34.2057,2,14.6,2,63.1,2,0.036000000000000004,2,0.0,2
655.0,2,4.5324,2,34.205999999999996,2,14.5,2,63.1,2,0.036000000000000004,2,0.0,2
656.0,2,4.5305,2,34.2063,2,14.6,2,63.1,2,0.027999999999999997,2,0.0,2
657.0,2,4.5255,2,34.2073,2,14.6,2,63.1,2,0.036000000000000004,2,0.0,2
658.0,2,4.518,2,34.2091,2,14.4,2,63.1,2,0.035,2,0.0,2
659.0,2,4.5152,2,34.2096,2,14.3,2,63.1,2,0.036000000000000004,2,0.0,2
660.0,2,4.5139,2,34.2098,2,14.3,2,63.1,2,0.036000000000000004,2,0.0,2
661.0,2,4.5112,2,34.2103,2,14.3,2,63.1,2,0.036000000000000004,2,0.0,2
662.0,2,4.5075,2,34.2112,2,14.1,2,63.1,2,0.036000000000000004,2,0.0,2
663.0,2,4.5048,2,34.2118,2,14.3,2,63.0,2,0.036000000000000004,2,0.0,2
664.0,2,4.5018,2,34.2125,2,14.1,2,62.9,2,0.034,2,0.0,2
665.0,2,4.5015,2,34.2126,2,14.1,2,63.1,2,0.036000000000000004,2,0.0,2
666.0,2,4.4991,2,34.2131,2,14.0,2,63.1,2,0.036000000000000004,2,0.0,2
667.0,2,4.4958,2,34.2138,2,14.0,2,63.1,2,0.026000000000000002,2,0.0,2
668.0,2,4.4942,2,34.2141,2,14.1,2,63.0,2,0.025,2,0.0,2
669.0,2,4.4922,2,34.2144,2,13.9,2,63.1,2,0.023,2,0.0,2
670.0,2,4.484,2,34.2163,2,13.9,2,63.1,2,0.023,2,0.0,2
671.0,2,4.4799,2,34.217,2,13.7,2,63.1,2,0.036000000000000004,2,0.0,2
672.0,2,4.475,2,34.2182,2,13.8,2,63.1,2,0.035,2,0.0,2
673.0,2,4.4719999999999995,2,34.2189,2,13.5,2,63.0,2,0.035,2,0.0,2
674.0,2,4.4717,2,34.219,2,13.8,2,63.0,2,0.035,2,0.0,2
675.0,2,4.4719,2,34.219,2,13.7,2,62.9,2,0.036000000000000004,2,0.0,2
676.0,2,4.4719999999999995,2,34.219,2,13.6,2,63.0,2,0.036000000000000004,2,0.0,2
677.0,2,4.4723,2,34.2189,2,13.7,2,63.0,2,0.033,2,0.0,2
678.0,2,4.4724,2,34.219,2,13.7,2,63.0,2,0.03,2,0.0,2
679.0,2,4.4719,2,34.2191,2,13.6,2,63.0,2,0.026000000000000002,2,0.0,2
680.0,2,4.4711,2,34.2193,2,13.7,2,63.0,2,0.034,2,0.0,2
681.0,2,4.4698,2,34.2198,2,13.6,2,63.0,2,0.035,2,0.0,2
682.0,2,4.4691,2,34.22,2,13.6,2,63.0,2,0.036000000000000004,2,0.0,2
683.0,2,4.4555,2,34.2237,2,13.5,2,63.0,2,0.033,2,0.0,2
684.0,2,4.4518,2,34.2247,2,13.4,2,62.9,2,0.034,2,0.0,2
685.0,2,4.4515,2,34.2247,2,13.5,2,62.9,2,0.036000000000000004,2,0.0,2
686.0,2,4.4517,2,34.2245,2,13.5,2,62.8,2,0.034,2,0.0,2
687.0,2,4.4512,2,34.2247,2,13.5,2,62.8,2,0.031,2,0.0,2
688.0,2,4.4509,2,34.2248,2,13.4,2,62.8,2,0.036000000000000004,2,0.0,2
689.0,2,4.4503,2,34.225,2,13.5,2,62.8,2,0.032,2,0.0,2
690.0,2,4.45,2,34.225,2,13.3,2,62.8,2,0.034,2,0.0,2
690.9,2,4.45,2,34.2251,2,13.3,2,62.8,2,0.027000000000000003,2,0.0,2
692.0,2,4.4477,2,34.2257,2,13.3,2,62.8,2,0.035,2,0.0,2
693.0,2,4.4444,2,34.2267,2,13.3,2,62.7,2,0.036000000000000004,2,0.0,2
694.0,2,4.4441,2,34.2266,2,13.4,2,62.7,2,0.036000000000000004,2,0.0,2
695.0,2,4.4407,2,34.2272,2,13.3,2,62.7,2,0.036000000000000004,2,0.0,2
696.0,2,4.4382,2,34.2279,2,13.4,2,62.6,2,0.036000000000000004,2,0.0,2
697.0,2,4.4362,2,34.2283,2,13.2,2,62.6,2,0.036000000000000004,2,0.0,2
698.0,2,4.4324,2,34.229,2,13.3,2,62.6,2,0.036000000000000004,2,0.0,2
698.9,2,4.4283,2,34.23,2,13.3,2,62.5,2,0.032,2,0.0,2
700.3,2,4.4168,2,34.2316,2,13.3,2,62.5,2,0.03,2,0.0,2
701.0,2,4.4156,2,34.2318,2,13.2,2,62.5,2,0.033,2,0.0,2
702.0,2,4.4163,2,34.2317,2,13.2,2,62.5,2,0.031,2,0.0,2
703.0,2,4.4138,2,34.2322,2,13.1,2,62.5,2,0.027999999999999997,2,0.0,2
704.0,2,4.4113,2,34.2326,2,13.1,2,62.5,2,0.031,2,0.0,2
705.0,2,4.4085,2,34.2329,2,13.0,2,62.4,2,0.023,2,0.0,2
706.0,2,4.4045,2,34.2336,2,13.2,2,62.4,2,0.035,2,0.0,2
707.0,2,4.4015,2,34.2343,2,13.1,2,62.3,2,0.036000000000000004,2,0.0,2
708.0,2,4.3963,2,34.2354,2,12.9,2,62.3,2,0.033,2,0.0,2
709.0,2,4.3941,2,34.2356,2,13.0,2,62.2,2,0.031,2,0.0,2
710.0,2,4.3908,2,34.2361,2,12.9,2,62.4,2,0.032,2,0.0,2
711.0,2,4.3857,2,34.2367,2,12.9,2,62.3,2,0.036000000000000004,2,0.0,2
712.0,2,4.3743,2,34.2386,2,12.7,2,62.4,2,0.036000000000000004,2,0.0,2
713.0,2,4.3669,2,34.2398,2,12.7,2,62.4,2,0.036000000000000004,2,0.0,2
714.0,2,4.362,2,34.2409,2,12.6,2,62.4,2,0.034,2,0.0,2
715.0,2,4.3581,2,34.2418,2,12.5,2,62.4,2,0.033,2,0.0,2
716.0,2,4.3531,2,34.2429,2,12.5,2,62.3,2,0.036000000000000004,2,0.0,2
717.0,2,4.3428,2,34.2446,2,12.4,2,62.1,2,0.036000000000000004,2,0.0,2
718.0,2,4.3366,2,34.2457,2,12.5,2,62.1,2,0.036000000000000004,2,0.0,2
719.0,2,4.335,2,34.2458,2,12.5,2,62.1,2,0.036000000000000004,2,0.0,2
720.0,2,4.3324,2,34.2461,2,12.3,2,62.0,2,0.036000000000000004,2,0.0,2
721.0,2,4.3314,2,34.2464,2,12.4,2,62.0,2,0.035,2,0.0,2
722.0,2,4.3297,2,34.2466,2,12.4,2,62.0,2,0.028999999999999998,2,0.0,2
723.0,2,4.3275,2,34.2469,2,12.3,2,62.0,2,0.025,2,0.0,2
724.0,2,4.3244,2,34.2474,2,12.4,2,62.0,2,0.03,2,0.0,2
725.0,2,4.3197,2,34.2482,2,12.3,2,62.0,2,0.027999999999999997,2,0.0,2
726.0,2,4.3129,2,34.2493,2,12.3,2,62.0,2,0.028999999999999998,2,0.0,2
727.0,2,4.3085,2,34.25,2,12.2,2,62.0,2,0.033,2,0.0,2
728.0,2,4.3036,2,34.2508,2,12.3,2,61.9,2,0.023,2,0.0,2
729.0,2,4.2963,2,34.2523,2,12.2,2,61.9,2,0.023,2,0.0,2
730.0,2,4.2887,2,34.2536,2,12.0,2,62.0,2,0.023,2,0.0,2
731.0,2,4.285,2,34.2543,2,12.0,2,62.0,2,0.035,2,0.0,2
732.0,2,4.283,2,34.2546,2,12.0,2,62.1,2,0.025,2,0.0,2
733.0,2,4.2812,2,34.255,2,11.9,2,62.1,2,0.031,2,0.0,2
734.0,2,4.2809,2,34.255,2,11.8,2,62.1,2,0.032,2,0.0,2
735.0,2,4.2806,2,34.2552,2,11.9,2,62.1,2,0.036000000000000004,2,0.0,2
736.0,2,4.2786,2,34.2556,2,11.9,2,62.1,2,0.031,2,0.0,2
737.0,2,4.2773,2,34.2558,2,11.9,2,62.1,2,0.032,2,0.0,2
738.0,2,4.2748,2,34.2563,2,11.8,2,62.1,2,0.036000000000000004,2,0.0,2
739.0,2,4.2682,2,34.2574,2,11.8,2,62.1,2,0.033,2,0.0,2
740.0,2,4.2643,2,34.2582,2,11.8,2,62.0,2,0.025,2,0.0,2
741.0,2,4.2638,2,34.2582,2,11.8,2,62.0,2,0.031,2,0.0,2
742.0,2,4.2636,2,34.2582,2,11.8,2,62.0,2,0.032,2,0.0,2
743.0,2,4.263,2,34.2584,2,11.8,2,61.9,2,0.028999999999999998,2,0.0,2
744.0,2,4.2629,2,34.2583,2,11.7,2,61.9,2,0.031,2,0.0,2
745.0,2,4.263,2,34.2584,2,11.7,2,61.9,2,0.027000000000000003,2,0.0,2
746.0,2,4.2624,2,34.2585,2,11.8,2,61.9,2,0.027000000000000003,2,0.0,2
747.0,2,4.2618,2,34.2587,2,11.6,2,61.9,2,0.03,2,0.0,2
748.0,2,4.2594,2,34.2591,2,11.8,2,61.8,2,0.033,2,0.0,2
749.0,2,4.2565,2,34.2596,2,11.7,2,61.8,2,0.033,2,0.0,2
750.0,2,4.2491,2,34.2607,2,11.7,2,61.9,2,0.033,2,0.0,2
751.0,2,4.2449,2,34.2614,2,11.8,2,61.8,2,0.024,2,0.0,2
752.0,2,4.2436,2,34.2617,2,11.8,2,61.7,2,0.034,2,0.0,2
753.0,2,4.2426,2,34.2619,2,11.6,2,61.7,2,0.028999999999999998,2,0.0,2
754.0,2,4.2409,2,34.2622,2,11.7,2,61.7,2,0.034,2,0.0,2
755.0,2,4.2396,2,34.2625,2,11.6,2,61.7,2,0.033,2,0.0,2
756.0,2,4.2378,2,34.2628,2,11.6,2,61.8,2,0.035,2,0.0,2
757.0,2,4.2359,2,34.2632,2,11.6,2,61.9,2,0.032,2,0.0,2
758.0,2,4.2331,2,34.2635,2,11.5,2,61.9,2,0.036000000000000004,2,0.0,2
759.0,2,4.2318,2,34.2638,2,11.6,2,61.9,2,0.035,2,0.0,2
760.0,2,4.2301,2,34.2641,2,11.6,2,61.9,2,0.027999999999999997,2,0.0,2
761.0,2,4.2279,2,34.2646,2,11.6,2,61.8,2,0.032,2,0.0,2
762.0,2,4.2275,2,34.2647,2,11.4,2,61.7,2,0.023,2,0.0,2
763.0,2,4.2265,2,34.2647,2,11.4,2,61.7,2,0.027999999999999997,2,0.0,2
764.0,2,4.2231,2,34.2653,2,11.6,2,61.8,2,0.035,2,0.0,2
765.0,2,4.2186,2,34.2662,2,11.5,2,61.7,2,0.036000000000000004,2,0.0,2
766.0,2,4.218,2,34.2661,2,11.5,2,61.7,2,0.031,2,0.0,2
767.0,2,4.2166,2,34.2664,2,11.5,2,61.7,2,0.034,2,0.0,2
768.0,2,4.2103,2,34.2679,2,11.3,2,61.6,2,0.028999999999999998,2,0.0,2
769.0,2,4.2035,2,34.2697,2,11.3,2,61.8,2,0.025,2,0.0,2
770.0,2,4.1998,2,34.2703,2,11.3,2,62.0,2,0.023,2,0.0,2
771.0,2,4.1923,2,34.2718,2,11.0,2,62.3,2,0.023,2,0.0,2
772.0,2,4.1865,2,34.2729,2,11.1,2,62.3,2,0.023,2,0.0,2
773.0,2,4.1831,2,34.2735,2,11.0,2,62.2,2,0.023,2,0.0,2
774.0,2,4.1812,2,34.2739,2,10.9,2,62.2,2,0.026000000000000002,2,0.0,2
775.0,2,4.1779,2,34.2746,2,10.9,2,62.2,2,0.03,2,0.0,2
776.0,2,4.175,2,34.275,2,10.8,2,62.2,2,0.025,2,0.0,2
777.0,2,4.1712,2,34.2755,2,10.9,2,62.2,2,0.031,2,0.0,2
778.0,2,4.1654,2,34.2764,2,10.8,2,62.0,2,0.023,2,0.0,2
779.0,2,4.1631,2,34.2769,2,10.9,2,62.0,2,0.033,2,0.0,2
780.0,2,4.1597,2,34.2782,2,10.8,2,62.0,2,0.025,2,0.0,2
781.0,2,4.1553,2,34.2793,2,10.7,2,62.2,2,0.031,2,0.0,2
782.0,2,4.1522,2,34.2797,2,10.7,2,62.3,2,0.031,2,0.0,2
783.0,2,4.1455,2,34.2803,2,10.6,2,62.3,2,0.028999999999999998,2,0.0,2
784.0,2,4.1421,2,34.2812,2,10.6,2,62.1,2,0.024,2,0.0,2
785.0,2,4.1385,2,34.2819,2,10.6,2,62.0,2,0.026000000000000002,2,0.0,2
786.0,2,4.1352,2,34.2827,2,10.6,2,62.0,2,0.036000000000000004,2,0.0,2
787.0,2,4.1342,2,34.2826,2,10.6,2,62.1,2,0.036000000000000004,2,0.0,2
788.0,2,4.1337,2,34.2828,2,10.5,2,62.1,2,0.036000000000000004,2,0.0,2
789.0,2,4.1331,2,34.283,2,10.5,2,62.0,2,0.036000000000000004,2,0.0,2
790.0,2,4.1324,2,34.2832,2,10.6,2,62.1,2,0.035,2,0.0,2
791.0,2,4.1306,2,34.2837,2,10.5,2,62.1,2,0.036000000000000004,2,0.0,2
792.0,2,4.1254,2,34.285,2,10.5,2,62.1,2,0.036000000000000004,2,0.0,2
793.0,2,4.124,2,34.2853,2,10.4,2,62.2,2,0.033,2,0.0,2
794.0,2,4.1211,2,34.2859,2,10.5,2,62.0,2,0.024,2,0.0,2
795.0,2,4.1186,2,34.2863,2,10.3,2,62.3,2,0.032,2,0.0,2
796.0,2,4.1184,2,34.2863,2,10.3,2,62.1,2,0.023,2,0.0,2
797.0,2,4.1178,2,34.2864,2,10.3,2,61.7,2,0.023,2,0.0,2
798.0,2,4.1172,2,34.2867,2,10.4,2,62.2,2,0.027000000000000003,2,0.0,2
799.0,2,4.1166,2,34.2868,2,10.3,2,62.2,2,0.024,2,0.0,2
800.0,2,4.1151,2,34.2871,2,10.2,2,62.2,2,0.023,2,0.0,2
801.0,2,4.1109,2,34.2881,2,10.3,2,62.2,2,0.03,2,0.0,2
802.0,2,4.1084,2,34.2887,2,10.2,2,62.2,2,0.03,2,0.0,2
803.0,2,4.1059,2,34.2895,2,10.2,2,62.3,2,0.034,2,0.0,2
804.0,2,4.1032,2,34.2901,2,10.3,2,62.3,2,0.023,2,0.0,2
805.0,2,4.1011,2,34.2906,2,10.3,2,62.3,2,0.031,2,0.0,2
806.0,2,4.0912,2,34.2927,2,10.1,2,62.4,2,0.028999999999999998,2,0.0,2
807.0,2,4.0886,2,34.2933,2,10.0,2,62.4,2,0.032,2,0.0,2
808.0,2,4.0875,2,34.2936,2,10.1,2,62.5,2,0.032,2,0.0,2
809.0,2,4.0869,2,34.2936,2,10.0,2,62.5,2,0.027000000000000003,2,0.0,2
810.0,2,4.0832,2,34.294000000000004,2,10.0,2,62.5,2,0.023,2,0.0,2
811.0,2,4.0734,2,34.2959,2,10.0,2,62.4,2,0.025,2,0.0,2
812.0,2,4.066,2,34.2979,2,10.0,2,62.5,2,0.034,2,0.0,2
813.0,2,4.0569999999999995,2,34.2991,2,9.9,2,62.5,2,0.026000000000000002,2,0.0,2
814.0,2,4.052,2,34.2997,2,10.0,2,62.5,2,0.03,2,0.0,2
815.0,2,4.0501,2,34.3002,2,9.9,2,62.5,2,0.027000000000000003,2,0.0,2
816.0,2,4.0489999999999995,2,34.3003,2,9.8,2,62.5,2,0.024,2,0.0,2
817.0,2,4.0459,2,34.3019,2,9.9,2,62.5,2,0.024,2,0.0,2
818.0,2,4.0444,2,34.3022,2,9.8,2,62.5,2,0.03,2,0.0,2
819.0,2,4.0439,2,34.3021,2,9.8,2,62.5,2,0.031,2,0.0,2
820.0,2,4.0422,2,34.3027,2,9.7,2,62.6,2,0.028999999999999998,2,0.0,2
821.0,2,4.0401,2,34.3033,2,9.8,2,62.5,2,0.033,2,0.0,2
822.0,2,4.0393,2,34.3035,2,9.7,2,62.5,2,0.036000000000000004,2,0.0,2
823.0,2,4.0383,2,34.3036,2,9.6,2,62.5,2,0.036000000000000004,2,0.0,2
824.0,2,4.0368,2,34.3041,2,9.9,2,62.6,2,0.024,2,0.0,2
825.0,2,4.0362,2,34.3043,2,9.8,2,62.6,2,0.024,2,0.0,2
826.0,2,4.0357,2,34.3045,2,9.6,2,62.6,2,0.033,2,0.0,2
827.1,2,4.0341,2,34.3048,2,9.6,2,62.6,2,0.024,2,0.0,2
828.1,2,4.0332,2,34.3049,2,9.7,2,62.6,2,0.027000000000000003,2,0.0,2
828.9,2,4.0315,2,34.3053,2,9.7,2,62.7,2,0.025,2,0.0,2
830.0,2,4.0288,2,34.3059,2,9.6,2,62.6,2,0.027999999999999997,2,0.0,2
831.0,2,4.0239,2,34.3069,2,9.6,2,62.6,2,0.026000000000000002,2,0.0,2
832.0,2,4.0159,2,34.3084,2,9.6,2,62.7,2,0.036000000000000004,2,0.0,2
833.0,2,4.0126,2,34.3092,2,9.5,2,62.8,2,0.025,2,0.0,2
834.0,2,4.0087,2,34.3103,2,9.7,2,62.8,2,0.023,2,0.0,2
835.0,2,4.0049,2,34.3112,2,9.6,2,62.7,2,0.027000000000000003,2,0.0,2
836.0,2,4.0022,2,34.3117,2,9.5,2,62.8,2,0.028999999999999998,2,0.0,2
837.0,2,3.9992,2,34.3123,2,9.6,2,62.8,2,0.024,2,0.0,2
838.0,2,3.9976,2,34.3127,2,9.4,2,62.7,2,0.028999999999999998,2,0.0,2
839.0,2,3.9972,2,34.3126,2,9.4,2,62.9,2,0.023,2,0.0,2
840.0,2,3.9952,2,34.3131,2,9.6,2,62.8,2,0.023,2,0.0,2
841.0,2,3.9930000000000003,2,34.3136,2,9.5,2,62.8,2,0.023,2,0.0,2
842.0,2,3.9925,2,34.3137,2,9.4,2,62.8,2,0.023,2,0.0,2
843.0,2,3.9869,2,34.3147,2,9.4,2,62.8,2,0.023,2,0.0,2
844.0,2,3.9835,2,34.3154,2,9.5,2,62.8,2,0.024,2,0.0,2
844.8,2,3.9833,2,34.3156,2,9.5,2,62.8,2,0.026000000000000002,2,0.0,2
846.0,2,3.9822,2,34.3156,2,9.5,2,62.9,2,0.03,2,0.0,2
847.0,2,3.9801,2,34.3158,2,9.5,2,62.9,2,0.026000000000000002,2,0.0,2
848.0,2,3.9671,2,34.3174,2,9.4,2,62.9,2,0.023,2,0.0,2
849.0,2,3.9628,2,34.3183,2,9.4,2,62.8,2,0.025,2,0.0,2
850.0,2,3.9602,2,34.3186,2,9.6,2,62.9,2,0.027999999999999997,2,0.0,2
851.0,2,3.9572,2,34.3188,2,9.5,2,62.9,2,0.023,2,0.0,2
852.0,2,3.9546,2,34.3192,2,9.3,2,62.9,2,0.023,2,0.0,2
853.0,2,3.9489,2,34.3197,2,9.4,2,62.9,2,0.023,2,0.0,2
854.0,2,3.9358,2,34.3209,2,9.4,2,62.9,2,0.023,2,0.0,2
855.0,2,3.9333,2,34.3214,2,9.5,2,62.9,2,0.023,2,0.0,2
855.8,2,3.9328,2,34.3216,2,9.5,2,62.8,2,0.023,2,0.0,2
857.4,2,3.9328,2,34.3217,2,9.5,2,62.9,2,0.023,2,0.0,2
858.0,2,3.9324,2,34.3218,2,9.4,2,62.9,2,0.024,2,0.0,2
859.0,2,3.9305,2,34.3219,2,9.6,2,62.8,2,0.033,2,0.0,2
860.0,2,3.924,2,34.3228,2,9.6,2,62.9,2,0.023,2,0.0,2
861.0,2,3.9216,2,34.323,2,9.5,2,62.8,2,0.024,2,0.0,2
862.0,2,3.92,2,34.3233,2,9.7,2,62.8,2,0.023,2,0.0,2
863.0,2,3.9173,2,34.3243,2,9.4,2,62.7,2,0.024,2,0.0,2
864.0,2,3.9165,2,34.3246,2,9.4,2,62.8,2,0.028999999999999998,2,0.0,2
865.0,2,3.9151,2,34.3251,2,9.6,2,62.8,2,0.023,2,0.0,2
866.0,2,3.9144,2,34.3251,2,9.7,2,62.9,2,0.024,2,0.0,2
867.0,2,3.9135,2,34.3254,2,9.5,2,62.8,2,0.028999999999999998,2,0.0,2
868.0,2,3.9131,2,34.3254,2,9.6,2,62.8,2,0.024,2,0.0,2
868.8,2,3.9081,2,34.326,2,9.5,2,62.6,2,0.025,2,0.0,2
870.0,2,3.9032,2,34.3268,2,9.6,2,62.8,2,0.023,2,0.0,2
871.0,2,3.9019999999999997,2,34.3271,2,9.5,2,62.7,2,0.024,2,0.0,2
872.0,2,3.9014,2,34.3271,2,9.6,2,62.8,2,0.023,2,0.0,2
873.0,2,3.9002,2,34.3273,2,9.5,2,62.8,2,0.025,2,0.0,2
874.0,2,3.9016,2,34.3272,2,9.4,2,62.8,2,0.023,2,0.0,2
875.0,2,3.9024,2,34.3271,2,9.5,2,62.8,2,0.023,2,0.0,2
876.0,2,3.9019,2,34.3271,2,9.5,2,62.7,2,0.023,2,0.0,2
877.0,2,3.9006,2,34.3275,2,9.5,2,62.7,2,0.026000000000000002,2,0.0,2
878.0,2,3.8964,2,34.3279,2,9.6,2,62.7,2,0.027999999999999997,2,0.0,2
878.9,2,3.8896,2,34.3294,2,9.6,2,62.7,2,0.033,2,0.0,2
879.9,2,3.8876,2,34.3293,2,9.6,2,62.7,2,0.025,2,0.0,2
881.0,2,3.8872,2,34.3295,2,9.6,2,62.4,2,0.023,2,0.0,2
882.0,2,3.8873,2,34.3293,2,9.5,2,62.7,2,0.023,2,0.0,2
883.0,2,3.8873,2,34.3293,2,9.5,2,62.7,2,0.023,2,0.0,2
884.0,2,3.8874,2,34.3294,2,9.5,2,62.7,2,0.023,2,0.0,2
885.0,2,3.8865,2,34.3297,2,9.4,2,62.8,2,0.023,2,0.0,2
886.0,2,3.8846,2,34.3298,2,9.5,2,62.7,2,0.024,2,0.0,2
887.0,2,3.8843,2,34.33,2,9.6,2,62.7,2,0.027999999999999997,2,0.0,2
888.0,2,3.8843,2,34.33,2,9.6,2,62.7,2,0.023,2,0.0,2
889.0,2,3.8841,2,34.3302,2,9.3,2,62.7,2,0.023,2,0.0,2
890.0,2,3.8836,2,34.3303,2,9.6,2,62.6,2,0.024,2,0.0,2
891.0,2,3.8837,2,34.3303,2,9.6,2,62.6,2,0.024,2,0.0,2
892.0,2,3.883,2,34.3307,2,9.5,2,62.7,2,0.031,2,0.0,2
893.0,2,3.8802,2,34.3316,2,9.5,2,62.8,2,0.033,2,0.0,2
894.0,2,3.8768,2,34.3321,2,9.5,2,62.7,2,0.023,2,0.0,2
895.0,2,3.8731,2,34.333,2,9.4,2,62.8,2,0.023,2,0.0,2
896.0,2,3.8674,2,34.3345,2,9.4,2,62.8,2,0.027999999999999997,2,0.0,2
897.0,2,3.8618,2,34.3366,2,9.5,2,62.7,2,0.023,2,0.0,2
898.0,2,3.859,2,34.3369,2,9.6,2,62.8,2,0.027000000000000003,2,0.0,2
899.0,2,3.8571,2,34.336999999999996,2,9.4,2,62.9,2,0.034,2,0.0,2
900.0,2,3.8536,2,34.3373,2,9.3,2,62.9,2,0.024,2,0.0,2
901.0,2,3.8522,2,34.3384,2,9.4,2,62.8,2,0.024,2,0.0,2
902.0,2,3.8498,2,34.3392,2,9.5,2,62.7,2,0.023,2,0.0,2
903.0,2,3.8478,2,34.3397,2,9.4,2,62.9,2,0.025,2,0.0,2
904.0,2,3.8449,2,34.3402,2,9.3,2,62.9,2,0.023,2,0.0,2
905.0,2,3.8399,2,34.3413,2,9.4,2,63.0,2,0.027999999999999997,2,0.0,2
906.0,2,3.8374,2,34.3417,2,9.3,2,63.0,2,0.027000000000000003,2,0.0,2
907.0,2,3.8337,2,34.3423,2,9.4,2,63.0,2,0.03,2,0.0,2
908.0,2,3.827,2,34.3437,2,9.5,2,63.0,2,0.026000000000000002,2,0.0,2
909.0,2,3.8239,2,34.3442,2,9.3,2,63.1,2,0.023,2,0.0,2
910.0,2,3.8211,2,34.3447,2,9.3,2,63.0,2,0.024,2,0.0,2
911.0,2,3.8196,2,34.345,2,9.5,2,63.0,2,0.023,2,0.0,2
912.0,2,3.8195,2,34.345,2,9.6,2,63.0,2,0.023,2,0.0,2
913.0,2,3.8186,2,34.3452,2,9.3,2,62.9,2,0.023,2,0.0,2
914.0,2,3.8178,2,34.3454,2,9.5,2,62.9,2,0.023,2,0.0,2
915.0,2,3.8169,2,34.3456,2,9.4,2,63.0,2,0.023,2,0.0,2
916.0,2,3.8160000000000003,2,34.3458,2,9.4,2,63.0,2,0.023,2,0.0,2
917.0,2,3.8143,2,34.346,2,9.5,2,63.0,2,0.026000000000000002,2,0.0,2
918.0,2,3.8133,2,34.3462,2,9.5,2,63.0,2,0.023,2,0.0,2
919.0,2,3.8123,2,34.3464,2,9.4,2,63.1,2,0.024,2,0.0,2
920.0,2,3.8094,2,34.3468,2,9.4,2,63.0,2,0.028999999999999998,2,0.0,2
921.0,2,3.8073,2,34.3472,2,9.4,2,63.0,2,0.023,2,0.0,2
922.0,2,3.8024,2,34.348,2,9.5,2,63.0,2,0.035,2,0.0,2
923.0,2,3.7975,2,34.3489,2,9.5,2,63.0,2,0.032,2,0.0,2
923.8,2,3.7946,2,34.3496,2,9.5,2,62.9,2,0.023,2,0.0,2
925.0,2,3.7889999999999997,2,34.3501,2,9.5,2,62.9,2,0.024,2,0.0,2
926.0,2,3.7862,2,34.3507,2,9.3,2,62.9,2,0.025,2,0.0,2
927.0,2,3.7851,2,34.3508,2,9.6,2,62.9,2,0.023,2,0.0,2
928.0,2,3.7836,2,34.3512,2,9.7,2,63.0,2,0.023,2,0.0,2
929.1,2,3.7806,2,34.3518,2,9.5,2,62.9,2,0.023,2,0.0,2
930.0,2,3.7781,2,34.3521,2,9.5,2,63.0,2,0.023,2,0.0,2
931.0,2,3.7764,2,34.3522,2,9.5,2,63.0,2,0.023,2,0.0,2
932.0,2,3.7705,2,34.3535,2,9.7,2,63.0,2,0.023,2,0.0,2
933.0,2,3.7665,2,34.3544,2,9.6,2,63.0,2,0.023,2,0.0,2
934.0,2,3.7626,2,34.3549,2,9.6,2,63.0,2,0.023,2,0.0,2
935.0,2,3.7595,2,34.3554,2,9.6,2,63.0,2,0.023,2,0.0,2
936.0,2,3.7588,2,34.3556,2,9.6,2,63.0,2,0.023,2,0.0,2
937.0,2,3.7533,2,34.3562,2,9.6,2,63.0,2,0.023,2,0.0,2
938.0,2,3.7507,2,34.3566,2,9.6,2,63.0,2,0.023,2,0.0,2
938.8,2,3.7504,2,34.3568,2,9.7,2,63.0,2,0.023,2,0.0,2
940.2,2,3.748,2,34.357,2,9.6,2,63.0,2,0.023,2,0.0,2
941.0,2,3.7434,2,34.3574,2,9.6,2,63.0,2,0.023,2,0.0,2
942.0,2,3.7348,2,34.3581,2,9.7,2,63.0,2,0.023,2,0.0,2
943.0,2,3.7312,2,34.3586,2,9.7,2,63.0,2,0.023,2,0.0,2
944.0,2,3.7298,2,34.3586,2,9.7,2,63.0,2,0.023,2,0.0,2
945.0,2,3.727,2,34.3587,2,9.6,2,63.0,2,0.023,2,0.0,2
946.0,2,3.7251,2,34.359,2,9.7,2,63.1,2,0.025,2,0.0,2
947.0,2,3.7243,2,34.3591,2,9.7,2,63.0,2,0.023,2,0.0,2
948.0,2,3.7239,2,34.3592,2,9.6,2,63.0,2,0.023,2,0.0,2
949.0,2,3.7211,2,34.3596,2,9.7,2,63.0,2,0.023,2,0.0,2
950.0,2,3.7189,2,34.3603,2,9.7,2,63.1,2,0.023,2,0.0,2
951.0,2,3.7133,2,34.3619,2,9.6,2,63.1,2,0.023,2,0.0,2
952.0,2,3.7089999999999996,2,34.3629,2,9.7,2,63.0,2,0.024,2,0.0,2
953.0,2,3.7053,2,34.364000000000004,2,9.8,2,63.1,2,0.023,2,0.0,2
954.0,2,3.7037,2,34.3644,2,9.8,2,63.0,2,0.023,2,0.0,2
955.0,2,3.7015,2,34.3652,2,9.8,2,63.1,2,0.023,2,0.0,2
956.0,2,3.7005,2,34.3653,2,9.7,2,62.9,2,0.025,2,0.0,2
957.0,2,3.6981,2,34.3656,2,9.8,2,63.0,2,0.023,2,0.0,2
958.0,2,3.6966,2,34.3657,2,9.8,2,63.0,2,0.023,2,0.0,2
959.0,2,3.696,2,34.3662,2,9.9,2,63.0,2,0.023,2,0.0,2
960.0,2,3.695,2,34.3665,2,9.9,2,63.0,2,0.023,2,0.0,2
961.0,2,3.6934,2,34.3668,2,9.9,2,63.0,2,0.023,2,0.0,2
962.0,2,3.6907,2,34.3675,2,9.9,2,63.0,2,0.023,2,0.0,2
963.0,2,3.6882,2,34.3679,2,10.0,2,63.1,2,0.023,2,0.0,2
964.0,2,3.6844,2,34.3689,2,9.9,2,63.1,2,0.023,2,0.0,2
965.0,2,3.6822,2,34.3693,2,9.9,2,63.1,2,0.023,2,0.0,2
966.0,2,3.6806,2,34.3697,2,9.8,2,63.1,2,0.023,2,0.0,2
967.0,2,3.679,2,34.37,2,10.0,2,63.1,2,0.023,2,0.0,2
968.0,2,3.6763,2,34.3705,2,10.0,2,63.0,2,0.023,2,0.0,2
969.0,2,3.6718,2,34.3712,2,10.0,2,63.0,2,0.023,2,0.0,2
970.0,2,3.6687,2,34.3716,2,10.0,2,63.0,2,0.025,2,0.0,2
970.9,2,3.6625,2,34.3726,2,10.0,2,63.0,2,0.023,2,0.0,2
972.4,2,3.6542,2,34.3745,2,10.0,2,63.0,2,0.023,2,0.0,2
973.0,2,3.6506,2,34.3752,2,10.0,2,62.9,2,0.023,2,0.0,2
974.0,2,3.6483,2,34.3755,2,10.1,2,62.9,2,0.023,2,0.0,2
975.0,2,3.647,2,34.3755,2,10.0,2,63.0,2,0.023,2,0.0,2
976.0,2,3.6455,2,34.3759,2,10.1,2,63.0,2,0.023,2,0.0,2
977.0,2,3.6448,2,34.376,2,10.2,2,63.0,2,0.023,2,0.0,2
978.0,2,3.6445,2,34.3759,2,10.1,2,62.9,2,0.023,2,0.0,2
979.0,2,3.6426,2,34.3761,2,10.1,2,63.0,2,0.023,2,0.0,2
980.0,2,3.639,2,34.3768,2,10.1,2,63.0,2,0.023,2,0.0,2
981.0,2,3.6377,2,34.376999999999995,2,10.2,2,62.9,2,0.025,2,0.0,2
982.0,2,3.6363,2,34.3773,2,10.3,2,63.0,2,0.023,2,0.0,2
983.0,2,3.6356,2,34.3774,2,10.2,2,62.9,2,0.023,2,0.0,2
984.0,2,3.6325,2,34.3778,2,10.4,2,62.9,2,0.023,2,0.0,2
985.0,2,3.6285,2,34.3783,2,10.2,2,63.0,2,0.023,2,0.0,2
986.0,2,3.6237,2,34.3793,2,10.2,2,63.0,2,0.023,2,0.0,2
987.0,2,3.6207,2,34.3797,2,10.2,2,63.0,2,0.023,2,0.0,2
988.0,2,3.6159,2,34.3805,2,10.3,2,63.0,2,0.023,2,0.0,2
989.0,2,3.6111,2,34.3814,2,10.4,2,63.0,2,0.023,2,0.0,2
990.0,2,3.609,2,34.3818,2,10.3,2,63.0,2,0.023,2,0.0,2
991.0,2,3.6072,2,34.3822,2,10.3,2,62.9,2,0.023,2,0.0,2
992.0,2,3.6033,2,34.3831,2,10.4,2,62.9,2,0.025,2,0.0,2
993.0,2,3.602,2,34.3832,2,10.4,2,62.9,2,0.023,2,0.0,2
994.0,2,3.5989999999999998,2,34.3837,2,10.5,2,62.8,2,0.023,2,0.0,2
995.0,2,3.5937,2,34.3846,2,10.4,2,62.9,2,0.023,2,0.0,2
996.1,2,3.591,2,34.3853,2,10.6,2,62.9,2,0.023,2,0.0,2
997.0,2,3.5889,2,34.3856,2,10.5,2,62.9,2,0.023,2,0.0,2
998.0,2,3.5865,2,34.3859,2,10.6,2,62.9,2,0.023,2,0.0,2
999.0,2,3.5842,2,34.3863,2,10.5,2,62.9,2,0.023,2,0.0,2
1000.0,2,3.5819,2,34.3866,2,10.7,2,62.9,2,0.023,2,0.0,2
1001.0,2,3.5801,2,34.3868,2,10.7,2,62.9,2,0.023,2,0.0,2
1002.0,2,3.5726,2,34.3881,2,10.8,2,62.9,2,0.023,2,0.0,2
1003.0,2,3.5693,2,34.389,2,10.6,2,62.9,2,0.023,2,0.0,2
1004.0,2,3.569,2,34.3887,2,10.7,2,62.8,2,0.023,2,0.0,2
1005.0,2,3.5691,2,34.3887,2,10.7,2,62.9,2,0.023,2,0.0,2
1006.0,2,3.5691,2,34.3888,2,10.7,2,62.9,2,0.023,2,0.0,2
1007.0,2,3.5691,2,34.3888,2,10.7,2,63.0,2,0.023,2,0.0,2
1008.0,2,3.5689,2,34.389,2,10.8,2,63.0,2,0.023,2,0.0,2
1009.0,2,3.5689,2,34.3889,2,10.7,2,63.0,2,0.023,2,0.0,2
1010.0,2,3.5687,2,34.3889,2,10.8,2,62.9,2,0.023,2,0.0,2
1011.0,2,3.5689,2,34.389,2,10.8,2,62.9,2,0.023,2,0.0,2
1012.0,2,3.5677,2,34.3892,2,10.7,2,62.9,2,0.023,2,0.0,2
1013.0,2,3.5659,2,34.3895,2,10.7,2,62.9,2,0.023,2,0.0,2
1014.0,2,3.5646,2,34.3896,2,10.7,2,62.9,2,0.023,2,0.0,2
1015.0,2,3.5625,2,34.3901,2,10.9,2,62.9,2,0.023,2,0.0,2
1016.0,2,3.5609,2,34.3904,2,10.9,2,62.9,2,0.023,2,0.0,2
1017.0,2,3.5597,2,34.3906,2,10.9,2,62.9,2,0.023,2,0.0,2
1018.0,2,3.5587,2,34.3906,2,10.8,2,63.0,2,0.023,2,0.0,2
1019.0,2,3.5571,2,34.391,2,10.8,2,62.9,2,0.023,2,0.0,2
1020.0,2,3.5547,2,34.3914,2,10.9,2,63.0,2,0.023,2,0.0,2
1021.0,2,3.5469999999999997,2,34.3923,2,10.9,2,63.0,2,0.025,2,0.0,2
1022.0,2,3.5379,2,34.3935,2,10.9,2,62.9,2,0.023,2,0.0,2
1023.0,2,3.5318,2,34.3943,2,10.9,2,63.0,2,0.023,2,0.0,2
1024.0,2,3.5285,2,34.3946,2,11.0,2,63.0,2,0.023,2,0.0,2
1025.0,2,3.5252,2,34.395,2,10.9,2,63.0,2,0.023,2,0.0,2
1026.0,2,3.5212,2,34.3957,2,10.9,2,63.0,2,0.023,2,0.0,2
1027.0,2,3.5206,2,34.3964,2,11.0,2,63.1,2,0.023,2,0.0,2
1028.0,2,3.5178,2,34.3968,2,11.0,2,63.1,2,0.023,2,0.0,2
1029.0,2,3.5102,2,34.3969,2,11.0,2,63.1,2,0.023,2,0.0,2
1030.0,2,3.5046,2,34.396,2,11.0,2,63.1,2,0.023,2,0.0,2
1031.0,2,3.5039999999999996,2,34.396,2,10.9,2,63.1,2,0.023,2,0.0,2
1032.0,2,3.4969,2,34.3947,2,10.9,2,63.1,2,0.023,2,0.0,2
1033.0,2,3.4776,2,34.3932,2,10.8,2,63.1,2,0.023,2,0.0,2
1034.0,2,3.4715,2,34.3935,2,11.0,2,63.2,2,0.023,2,0.0,2
1035.0,2,3.4702,2,34.3953,2,10.9,2,63.3,2,0.023,2,0.0,2
1036.0,2,3.4701,2,34.3967,2,10.8,2,63.3,2,0.023,2,0.0,2
1037.0,2,3.4705,2,34.3972,2,10.9,2,63.3,2,0.023,2,0.0,2
1038.0,2,3.4688,2,34.3977,2,10.8,2,63.3,2,0.023,2,0.0,2
1039.0,2,3.4659,2,34.3984,2,11.0,2,63.3,2,0.023,2,0.0,2
1040.0,2,3.464,2,34.3993,2,11.0,2,63.3,2,0.023,2,0.0,2
1041.0,2,3.465,2,34.4003,2,11.0,2,63.3,2,0.023,2,0.0,2
1042.0,2,3.4653,2,34.4012,2,11.0,2,63.3,2,0.023,2,0.0,2
1043.0,2,3.4635,2,34.4011,2,11.0,2,63.3,2,0.023,2,0.0,2
1044.0,2,3.4618,2,34.4009,2,11.0,2,63.3,2,0.023,2,0.0,2
1045.0,2,3.4610000000000003,2,34.400999999999996,2,11.1,2,63.3,2,0.023,2,0.0,2
1046.0,2,3.4574,2,34.4007,2,11.1,2,63.3,2,0.023,2,0.0,2
1047.0,2,3.4544,2,34.4012,2,11.0,2,63.3,2,0.023,2,0.0,2
1048.0,2,3.4477,2,34.400999999999996,2,11.0,2,63.3,2,0.023,2,0.0,2
1049.0,2,3.4423,2,34.4011,2,11.0,2,63.3,2,0.023,2,0.0,2
1050.0,2,3.4378,2,34.4011,2,11.0,2,63.3,2,0.023,2,0.0,2
1051.0,2,3.4339,2,34.4012,2,11.0,2,63.3,2,0.023,2,0.0,2
1052.0,2,3.4321,2,34.4012,2,11.0,2,63.3,2,0.023,2,0.0,2
1053.0,2,3.4312,2,34.4011,2,11.1,2,63.3,2,0.023,2,0.0,2
1054.0,2,3.4316,2,34.4015,2,11.0,2,63.3,2,0.023,2,0.0,2
1055.0,2,3.4294,2,34.4012,2,11.0,2,63.3,2,0.023,2,0.0,2
1056.0,2,3.4269,2,34.4016,2,11.1,2,63.3,2,0.023,2,0.0,2
1057.0,2,3.4268,2,34.4016,2,11.0,2,63.3,2,0.023,2,0.0,2
1058.0,2,3.4252,2,34.4014,2,11.0,2,63.3,2,0.023,2,0.0,2
1059.0,2,3.4225,2,34.4015,2,11.1,2,63.3,2,0.023,2,0.0,2
1060.0,2,3.4210000000000003,2,34.4021,2,11.1,2,63.3,2,0.023,2,0.0,2
1061.0,2,3.4211,2,34.4026,2,10.9,2,63.3,2,0.023,2,0.0,2
1062.0,2,3.4211,2,34.4028,2,11.1,2,63.3,2,0.023,2,0.0,2
1063.0,2,3.4216,2,34.4029,2,11.0,2,63.4,2,0.023,2,0.0,2
1064.0,2,3.4231,2,34.4036,2,11.1,2,63.4,2,0.023,2,0.0,2
1065.0,2,3.4184,2,34.4037,2,11.2,2,63.4,2,0.023,2,0.0,2
1066.0,2,3.415,2,34.4043,2,11.2,2,63.3,2,0.023,2,0.0,2
1067.0,2,3.4114,2,34.4043,2,11.2,2,63.3,2,0.023,2,0.0,2
1068.0,2,3.4094,2,34.4049,2,11.3,2,63.3,2,0.023,2,0.0,2
1069.0,2,3.4063,2,34.406,2,11.3,2,63.3,2,0.023,2,0.0,2
1070.0,2,3.4065,2,34.4071,2,11.5,2,63.3,2,0.023,2,0.0,2
1071.0,2,3.4061,2,34.4073,2,11.3,2,63.3,2,0.023,2,0.0,2
1072.0,2,3.4010000000000002,2,34.4074,2,11.3,2,63.3,2,0.023,2,0.0,2
1073.0,2,3.392,2,34.4073,2,11.4,2,63.3,2,0.023,2,0.0,2
1074.0,2,3.3863,2,34.4079,2,11.3,2,63.3,2,0.023,2,0.0,2
1075.0,2,3.3844,2,34.4084,2,11.5,2,63.3,2,0.023,2,0.0,2
1076.0,2,3.3869,2,34.4096,2,11.6,2,63.4,2,0.023,2,0.0,2
1077.0,2,3.3876,2,34.4101,2,11.5,2,63.3,2,0.023,2,0.0,2
1078.1,2,3.3856,2,34.4103,2,11.6,2,63.2,2,0.023,2,0.0,2
1079.3,2,3.3822,2,34.4101,2,11.6,2,63.3,2,0.023,2,0.0,2
1080.0,2,3.3819,2,34.4101,2,11.5,2,63.3,2,0.023,2,0.0,2
1081.0,2,3.3828,2,34.4106,2,11.6,2,63.3,2,0.023,2,0.0,2
1082.0,2,3.3824,2,34.4107,2,11.8,2,63.3,2,0.023,2,0.0,2
1083.0,2,3.3779,2,34.4111,2,11.6,2,63.4,2,0.023,2,0.0,2
1084.0,2,3.3674,2,34.4118,2,11.6,2,63.4,2,0.023,2,0.0,2
1085.0,2,3.365,2,34.4116,2,11.6,2,63.3,2,0.023,2,0.0,2
1086.0,2,3.3633,2,34.4118,2,11.6,2,63.4,2,0.023,2,0.0,2
1087.0,2,3.3612,2,34.4124,2,11.8,2,63.3,2,0.023,2,0.0,2
1088.0,2,3.3583,2,34.413000000000004,2,11.7,2,63.4,2,0.023,2,0.0,2
1089.0,2,3.3569999999999998,2,34.4133,2,11.7,2,63.4,2,0.023,2,0.0,2
1090.0,2,3.3566,2,34.4131,2,11.7,2,63.3,2,0.023,2,0.0,2
1091.0,2,3.3564,2,34.4135,2,11.8,2,63.4,2,0.023,2,0.0,2
1092.0,2,3.3544,2,34.4138,2,11.7,2,63.4,2,0.023,2,0.0,2
1093.0,2,3.352,2,34.4138,2,11.7,2,63.4,2,0.023,2,0.0,2
1094.0,2,3.3508,2,34.4139,2,11.9,2,63.4,2,0.023,2,0.0,2
1095.0,2,3.3493,2,34.4141,2,11.8,2,63.3,2,0.023,2,0.0,2
1096.0,2,3.3484,2,34.4142,2,11.9,2,63.4,2,0.023,2,0.0,2
1097.0,2,3.3473,2,34.4144,2,11.9,2,63.3,2,0.023,2,0.0,2
1098.0,2,3.3442,2,34.4152,2,11.8,2,63.3,2,0.023,2,0.0,2
1099.0,2,3.3422,2,34.4162,2,11.9,2,63.3,2,0.023,2,0.0,2
1100.0,2,3.34,2,34.4166,2,11.9,2,63.3,2,0.023,2,0.0,2
1101.0,2,3.3383,2,34.4169,2,12.1,2,63.4,2,0.023,2,0.0,2
1102.0,2,3.3377,2,34.4172,2,12.0,2,63.4,2,0.023,2,0.0,2
1103.0,2,3.3381,2,34.4176,2,12.1,2,63.4,2,0.023,2,0.0,2
1104.0,2,3.3369999999999997,2,34.4179,2,12.2,2,63.3,2,0.023,2,0.0,2
1105.0,2,3.3302,2,34.4191,2,12.1,2,63.3,2,0.023,2,0.0,2
1106.0,2,3.3284,2,34.4189,2,11.9,2,63.3,2,0.023,2,0.0,2
1107.0,2,3.3271,2,34.4192,2,12.2,2,63.3,2,0.023,2,0.0,2
1108.0,2,3.3175,2,34.4182,2,12.3,2,63.3,2,0.023,2,0.0,2
1109.0,2,3.3139999999999996,2,34.418,2,12.2,2,63.3,2,0.023,2,0.0,2
1110.0,2,3.3052,2,34.418,2,12.3,2,63.3,2,0.023,2,0.0,2
1110.7,2,3.2958,2,34.4193,2,12.1,2,63.3,2,0.023,2,0.0,2
1112.0,2,3.2938,2,34.4194,2,12.3,2,63.3,2,0.023,2,0.0,2
1113.0,2,3.2927,2,34.4198,2,12.2,2,63.3,2,0.023,2,0.0,2
1114.0,2,3.293,2,34.4205,2,12.4,2,63.3,2,0.023,2,0.0,2
1115.0,2,3.2906,2,34.4209,2,12.4,2,63.3,2,0.023,2,0.0,2
1116.0,2,3.2834,2,34.4214,2,12.2,2,63.4,2,0.023,2,0.0,2
1117.0,2,3.2785,2,34.4218,2,12.3,2,63.3,2,0.023,2,0.0,2
1118.0,2,3.2753,2,34.4223,2,12.6,2,63.4,2,0.023,2,0.0,2
1119.0,2,3.2748,2,34.4222,2,12.6,2,63.4,2,0.023,2,0.0,2
1120.0,2,3.2745,2,34.4224,2,12.5,2,63.3,2,0.023,2,0.0,2
1121.0,2,3.2722,2,34.4227,2,12.3,2,63.3,2,0.023,2,0.0,2
1122.0,2,3.2706,2,34.423,2,12.4,2,63.3,2,0.023,2,0.0,2
1123.0,2,3.2698,2,34.4234,2,12.7,2,63.2,2,0.023,2,0.0,2
1124.0,2,3.2687,2,34.4235,2,12.5,2,63.3,2,0.023,2,0.0,2
1125.0,2,3.2597,2,34.4245,2,12.6,2,63.3,2,0.023,2,0.0,2
1126.0,2,3.2536,2,34.4252,2,12.5,2,63.4,2,0.023,2,0.0,2
1127.0,2,3.2487,2,34.4262,2,12.8,2,63.3,2,0.023,2,0.0,2
1128.0,2,3.2451,2,34.4269,2,13.0,2,63.3,2,0.023,2,0.0,2
1129.0,2,3.2408,2,34.4277,2,12.6,2,63.3,2,0.023,2,0.0,2
1130.0,2,3.238,2,34.4279,2,12.7,2,63.4,2,0.023,2,0.0,2
1131.0,2,3.2367,2,34.4281,2,12.8,2,63.4,2,0.023,2,0.0,2
1132.0,2,3.2353,2,34.4284,2,12.9,2,63.3,2,0.023,2,0.0,2
1133.0,2,3.2339,2,34.4285,2,12.8,2,63.3,2,0.023,2,0.0,2
1134.0,2,3.2322,2,34.4288,2,12.9,2,63.3,2,0.023,2,0.0,2
1135.0,2,3.2319999999999998,2,34.4289,2,13.1,2,63.3,2,0.023,2,0.0,2
1136.0,2,3.2319999999999998,2,34.4289,2,12.9,2,63.3,2,0.023,2,0.0,2
1137.0,2,3.2319999999999998,2,34.429,2,13.0,2,63.4,2,0.023,2,0.0,2
1138.0,2,3.2308,2,34.4292,2,13.1,2,63.3,2,0.023,2,0.0,2
1139.0,2,3.2286,2,34.4297,2,12.9,2,63.4,2,0.023,2,0.0,2
1140.0,2,3.2258,2,34.4299,2,13.1,2,63.4,2,0.023,2,0.0,2
1141.0,2,3.2144,2,34.4308,2,13.1,2,63.3,2,0.023,2,0.0,2
1142.0,2,3.2084,2,34.4318,2,13.2,2,63.3,2,0.023,2,0.0,2
1143.0,2,3.2082,2,34.4317,2,13.3,2,63.3,2,0.023,2,0.0,2
1144.0,2,3.2078,2,34.4318,2,13.3,2,63.3,2,0.023,2,0.0,2
1145.0,2,3.2061,2,34.4321,2,13.3,2,63.3,2,0.023,2,0.0,2
1146.0,2,3.2025,2,34.4326,2,13.5,2,63.3,2,0.023,2,0.0,2
1147.0,2,3.1991,2,34.4332,2,13.5,2,63.3,2,0.023,2,0.0,2
1148.0,2,3.1973,2,34.4334,2,13.3,2,63.3,2,0.023,2,0.0,2
1149.0,2,3.1923,2,34.4342,2,13.4,2,63.2,2,0.023,2,0.0,2
1150.0,2,3.1887,2,34.4349,2,13.4,2,63.3,2,0.023,2,0.0,2
1151.0,2,3.1859,2,34.4357,2,13.5,2,63.3,2,0.023,2,0.0,2
1152.0,2,3.1856,2,34.4358,2,13.6,2,63.3,2,0.023,2,0.0,2
1153.0,2,3.1856,2,34.4358,2,13.6,2,63.3,2,0.023,2,0.0,2
1154.0,2,3.1849,2,34.4359,2,13.9,2,63.3,2,0.023,2,0.0,2
1155.0,2,3.1841,2,34.4361,2,13.8,2,63.4,2,0.023,2,0.0,2
1156.0,2,3.1839999999999997,2,34.4362,2,13.7,2,63.3,2,0.023,2,0.0,2
1157.0,2,3.1838,2,34.4366,2,13.8,2,63.3,2,0.023,2,0.0,2
1158.0,2,3.1842,2,34.4368,2,13.6,2,63.3,2,0.023,2,0.0,2
1159.0,2,3.1839,2,34.437,2,13.7,2,63.3,2,0.023,2,0.0,2
1160.0,2,3.1823,2,34.4372,2,13.8,2,63.3,2,0.023,2,0.0,2
1161.0,2,3.1802,2,34.4376,2,13.9,2,63.3,2,0.023,2,0.0,2
1162.0,2,3.1785,2,34.4386,2,13.8,2,63.3,2,0.023,2,0.0,2
1163.0,2,3.1749,2,34.4395,2,14.0,2,63.2,2,0.023,2,0.0,2
1164.0,2,3.1737,2,34.4401,2,14.0,2,63.2,2,0.023,2,0.0,2
1165.4,2,3.1734,2,34.4403,2,14.2,2,63.2,2,0.023,2,0.0,2
1166.0,2,3.1723,2,34.4405,2,14.3,2,63.2,2,0.023,2,0.0,2
1167.0,2,3.1709,2,34.4407,2,14.2,2,63.2,2,0.023,2,0.0,2
1168.0,2,3.1689999999999996,2,34.4411,2,14.3,2,63.2,2,0.023,2,0.0,2
1169.0,2,3.1677,2,34.4412,2,14.4,2,63.1,2,0.023,2,0.0,2
1170.0,2,3.1665,2,34.4414,2,14.3,2,63.1,2,0.023,2,0.0,2
1171.0,2,3.1653,2,34.4415,2,14.5,2,63.1,2,0.023,2,0.0,2
1172.0,2,3.1617,2,34.4418,2,14.5,2,63.1,2,0.023,2,0.0,2
1173.0,2,3.1609,2,34.4422,2,14.4,2,63.0,2,0.023,2,0.0,2
1174.0,2,3.1591,2,34.4422,2,14.6,2,62.9,2,0.023,2,0.0,2
1175.0,2,3.1554,2,34.4421,2,14.6,2,62.9,2,0.023,2,0.0,2
1176.0,2,3.1516,2,34.4423,2,14.6,2,63.1,2,0.023,2,0.0,2
1177.0,2,3.1505,2,34.4425,2,14.6,2,63.3,2,0.023,2,0.0,2
1178.0,2,3.1488,2,34.4426,2,14.5,2,63.2,2,0.023,2,0.0,2
1179.0,2,3.1476,2,34.443000000000005,2,14.6,2,63.3,2,0.026000000000000002,2,0.0,2
1180.0,2,3.1475,2,34.4436,2,14.6,2,63.3,2,0.023,2,0.0,2
1181.0,2,3.145,2,34.4443,2,14.8,2,63.3,2,0.023,2,0.0,2
1182.0,2,3.142,2,34.4442,2,14.7,2,63.2,2,0.023,2,0.0,2
1183.0,2,3.1379,2,34.444,2,14.6,2,63.2,2,0.023,2,0.0,2
1184.0,2,3.1303,2,34.4439,2,14.8,2,63.2,2,0.023,2,0.0,2
1185.0,2,3.1255,2,34.4447,2,14.8,2,63.1,2,0.023,2,0.0,2
1186.0,2,3.1243,2,34.4448,2,14.8,2,63.0,2,0.023,2,0.0,2
1187.0,2,3.1235,2,34.4452,2,14.7,2,63.1,2,0.023,2,0.0,2
1188.0,2,3.1242,2,34.4459,2,15.0,2,63.1,2,0.023,2,0.0,2
1189.0,2,3.125,2,34.4461,2,14.9,2,63.1,2,0.023,2,0.0,2
1190.0,2,3.1258,2,34.4469,2,15.1,2,63.1,2,0.023,2,0.0,2
1191.0,2,3.1261,2,34.4477,2,15.2,2,63.1,2,0.023,2,0.0,2
1192.0,2,3.1256,2,34.4478,2,15.1,2,63.1,2,0.023,2,0.0,2
1193.0,2,3.1239999999999997,2,34.448,2,15.2,2,62.9,2,0.023,2,0.0,2
1194.0,2,3.1219,2,34.4483,2,15.3,2,63.0,2,0.023,2,0.0,2
1195.0,2,3.1185,2,34.4485,2,15.3,2,63.0,2,0.023,2,0.0,2
1196.0,2,3.1129,2,34.4485,2,15.4,2,63.1,2,0.023,2,0.0,2
1197.0,2,3.1104,2,34.4487,2,15.3,2,63.1,2,0.023,2,0.0,2
1198.0,2,3.109,2,34.4487,2,15.3,2,63.1,2,0.023,2,0.0,2
1199.0,2,3.1056,2,34.4486,2,15.3,2,63.1,2,0.023,2,0.0,2
1200.0,2,3.1025,2,34.4484,2,15.3,2,63.1,2,0.023,2,0.0,2
1201.0,2,3.0976,2,34.4484,2,15.4,2,63.1,2,0.023,2,0.0,2
1202.0,2,3.095,2,34.4483,2,15.3,2,63.0,2,0.023,2,0.0,2
1203.0,2,3.0908,2,34.4481,2,15.4,2,63.1,2,0.023,2,0.0,2
1204.0,2,3.0857,2,34.4486,2,15.3,2,63.1,2,0.023,2,0.0,2
1205.0,2,3.082,2,34.4491,2,15.5,2,63.1,2,0.023,2,0.0,2
1206.0,2,3.0783,2,34.4493,2,15.6,2,63.1,2,0.023,2,0.0,2
1207.0,2,3.0718,2,34.4501,2,15.5,2,63.1,2,0.023,2,0.0,2
1208.0,2,3.0656,2,34.4509,2,15.5,2,63.1,2,0.023,2,0.0,2
1209.0,2,3.0623,2,34.4511,2,15.6,2,63.1,2,0.023,2,0.0,2
1210.0,2,3.0554,2,34.4522,2,15.7,2,63.1,2,0.023,2,0.0,2
1211.0,2,3.0532,2,34.4521,2,15.7,2,63.0,2,0.023,2,0.0,2
1212.0,2,3.0514,2,34.4524,2,16.0,2,63.1,2,0.023,2,0.0,2
1213.0,2,3.0507,2,34.4525,2,16.0,2,63.1,2,0.023,2,0.0,2
1214.0,2,3.0459,2,34.4528,2,15.7,2,63.0,2,0.023,2,0.0,2
1215.0,2,3.0284,2,34.4552,2,15.9,2,63.1,2,0.023,2,0.0,2
1216.0,2,3.0265,2,34.4552,2,16.2,2,63.1,2,0.023,2,0.0,2
1217.0,2,3.0242,2,34.4554,2,16.3,2,63.0,2,0.023,2,0.0,2
1218.0,2,3.0229,2,34.4558,2,16.3,2,63.1,2,0.023,2,0.0,2
1219.0,2,3.0164,2,34.4566,2,16.2,2,63.1,2,0.023,2,0.0,2
1220.0,2,3.0148,2,34.4569,2,16.3,2,63.0,2,0.023,2,0.0,2
1221.0,2,3.0144,2,34.457,2,16.5,2,63.0,2,0.023,2,0.0,2
1222.0,2,3.014,2,34.4571,2,16.4,2,63.1,2,0.023,2,0.0,2
1223.0,2,3.0117,2,34.4574,2,16.5,2,63.1,2,0.023,2,0.0,2
1224.0,2,3.0088,2,34.4578,2,16.5,2,63.0,2,0.023,2,0.0,2
1225.0,2,3.0069,2,34.4581,2,16.5,2,63.0,2,0.023,2,0.0,2
1226.0,2,3.0071,2,34.458,2,16.6,2,63.1,2,0.023,2,0.0,2
1227.0,2,3.0071,2,34.4581,2,16.8,2,63.0,2,0.023,2,0.0,2
1228.0,2,3.0029,2,34.4586,2,16.6,2,63.0,2,0.023,2,0.0,2
1229.0,2,2.9975,2,34.4593,2,16.7,2,63.0,2,0.023,2,0.0,2
1230.0,2,2.9924,2,34.4598,2,16.8,2,63.0,2,0.023,2,0.0,2
1231.0,2,2.9887,2,34.4603,2,17.0,2,63.0,2,0.023,2,0.0,2
1232.0,2,2.9884,2,34.4605,2,16.9,2,63.0,2,0.023,2,0.0,2
1233.0,2,2.9885,2,34.4606,2,16.9,2,62.9,2,0.023,2,0.0,2
1234.0,2,2.988,2,34.4608,2,17.1,2,62.9,2,0.023,2,0.0,2
1235.0,2,2.9878,2,34.461,2,17.1,2,62.9,2,0.023,2,0.0,2
1236.0,2,2.9882,2,34.461,2,17.0,2,62.9,2,0.023,2,0.0,2
1237.0,2,2.9883,2,34.4611,2,17.1,2,62.9,2,0.023,2,0.0,2
1238.0,2,2.9872,2,34.4614,2,17.0,2,62.9,2,0.023,2,0.0,2
1239.0,2,2.9866,2,34.4617,2,17.1,2,62.9,2,0.023,2,0.0,2
1240.0,2,2.9837,2,34.461999999999996,2,17.2,2,62.9,2,0.023,2,0.0,2
1241.0,2,2.9812,2,34.4624,2,17.2,2,62.9,2,0.023,2,0.0,2
1242.0,2,2.9803,2,34.4626,2,17.2,2,62.9,2,0.023,2,0.0,2
1243.0,2,2.9762,2,34.4628,2,17.3,2,62.9,2,0.023,2,0.0,2
1244.0,2,2.9708,2,34.4636,2,17.5,2,62.9,2,0.023,2,0.0,2
1245.0,2,2.9648,2,34.4644,2,17.4,2,62.9,2,0.023,2,0.0,2
1245.8,2,2.9616,2,34.4648,2,17.4,2,62.9,2,0.023,2,0.0,2
1247.0,2,2.9604,2,34.4646,2,17.6,2,62.8,2,0.023,2,0.0,2
1248.0,2,2.9587,2,34.4648,2,17.8,2,62.8,2,0.023,2,0.0,2
1249.0,2,2.9577,2,34.465,2,17.6,2,62.8,2,0.023,2,0.0,2
1250.0,2,2.9563,2,34.4651,2,17.7,2,62.8,2,0.023,2,0.0,2
1251.0,2,2.9547,2,34.4652,2,17.6,2,62.9,2,0.023,2,0.0,2
1252.0,2,2.9377,2,34.468,2,17.9,2,62.9,2,0.023,2,0.0,2
1253.0,2,2.9304,2,34.4689,2,18.1,2,62.9,2,0.023,2,0.0,2
1254.0,2,2.9287,2,34.4692,2,18.0,2,62.7,2,0.023,2,0.0,2
1255.0,2,2.9278,2,34.4694,2,18.3,2,62.7,2,0.023,2,0.0,2
1256.0,2,2.9273,2,34.4696,2,18.4,2,62.7,2,0.023,2,0.0,2
1257.0,2,2.9269,2,34.4697,2,18.4,2,62.6,2,0.023,2,0.0,2
1258.0,2,2.9272,2,34.4697,2,18.5,2,62.7,2,0.023,2,0.0,2
1259.0,2,2.9274,2,34.4698,2,18.4,2,62.7,2,0.023,2,0.0,2
1260.0,2,2.9273,2,34.4699,2,18.4,2,62.6,2,0.023,2,0.0,2
1261.0,2,2.9274,2,34.4702,2,18.6,2,62.5,2,0.023,2,0.0,2
1262.0,2,2.9276,2,34.4703,2,18.5,2,62.6,2,0.023,2,0.0,2
1263.0,2,2.9274,2,34.4706,2,18.7,2,62.5,2,0.023,2,0.0,2
1264.0,2,2.9272,2,34.4706,2,18.6,2,62.5,2,0.023,2,0.0,2
1265.0,2,2.9269,2,34.4706,2,18.7,2,62.5,2,0.023,2,0.0,2
1266.0,2,2.9258,2,34.471,2,18.7,2,62.5,2,0.023,2,0.0,2
1267.0,2,2.9239,2,34.4716,2,18.9,2,62.4,2,0.023,2,0.0,2
1268.0,2,2.9236,2,34.4721,2,18.8,2,62.3,2,0.023,2,0.0,2
1269.0,2,2.9235,2,34.4722,2,18.6,2,62.2,2,0.023,2,0.0,2
1270.0,2,2.9225,2,34.4726,2,18.9,2,62.1,2,0.023,2,0.0,2
1271.0,2,2.9215,2,34.4727,2,19.1,2,62.0,2,0.023,2,0.0,2
1272.0,2,2.9206,2,34.4729,2,18.8,2,61.9,2,0.023,2,0.0,2
1273.0,2,2.9197,2,34.4731,2,18.8,2,61.9,2,0.023,2,0.0,2
1274.0,2,2.9167,2,34.4734,2,18.9,2,61.9,2,0.023,2,0.0,2
1275.0,2,2.9141,2,34.4735,2,19.1,2,61.9,2,0.023,2,0.0,2
1276.0,2,2.9125,2,34.4735,2,19.1,2,61.9,2,0.023,2,0.0,2
1277.0,2,2.9103,2,34.4735,2,19.0,2,62.0,2,0.023,2,0.0,2
1278.0,2,2.9099,2,34.4736,2,19.1,2,62.0,2,0.023,2,0.0,2
1279.0,2,2.9097,2,34.4736,2,19.2,2,62.0,2,0.023,2,0.0,2
1280.0,2,2.8995,2,34.4742,2,19.2,2,62.0,2,0.023,2,0.0,2
1281.0,2,2.8858,2,34.4754,2,19.2,2,62.1,2,0.023,2,0.0,2
1282.0,2,2.8831,2,34.4757,2,19.1,2,61.9,2,0.023,2,0.0,2
1283.0,2,2.8832,2,34.4757,2,19.3,2,61.9,2,0.023,2,0.0,2
1284.0,2,2.8834,2,34.4756,2,19.5,2,61.9,2,0.023,2,0.0,2
1285.0,2,2.8814,2,34.4759,2,19.4,2,61.9,2,0.023,2,0.0,2
1286.0,2,2.8794,2,34.4762,2,19.5,2,61.9,2,0.023,2,0.0,2
1287.0,2,2.8785,2,34.4762,2,19.4,2,61.9,2,0.023,2,0.0,2
1288.0,2,2.8763,2,34.4767,2,19.6,2,61.9,2,0.023,2,0.0,2
1289.0,2,2.8695,2,34.478,2,19.6,2,61.9,2,0.023,2,0.0,2
1290.0,2,2.8625,2,34.4797,2,19.8,2,61.9,2,0.023,2,0.0,2
1291.0,2,2.8602,2,34.4802,2,19.9,2,61.7,2,0.023,2,0.0,2
1292.0,2,2.8596,2,34.4806,2,20.0,2,61.7,2,0.023,2,0.0,2
1293.0,2,2.858,2,34.4812,2,20.2,2,61.6,2,0.023,2,0.0,2
1294.0,2,2.8571,2,34.4814,2,20.2,2,61.5,2,0.023,2,0.0,2
1295.0,2,2.8562,2,34.4812,2,20.2,2,61.5,2,0.023,2,0.0,2
1295.6,2,2.8555,2,34.4812,2,20.1,2,61.6,2,0.023,2,0.0,2
1297.2,2,2.8556,2,34.4812,2,20.4,2,61.6,2,0.023,2,0.0,2
1298.0,2,2.8549,2,34.4817,2,20.4,2,61.5,2,0.023,2,0.0,2
1299.0,2,2.8551,2,34.4817,2,20.3,2,61.6,2,0.023,2,0.0,2
1300.0,2,2.8554,2,34.4818,2,20.6,2,61.4,2,0.023,2,0.0,2
1301.0,2,2.8548,2,34.482,2,20.5,2,61.4,2,0.023,2,0.0,2
1302.0,2,2.8532,2,34.4821,2,20.5,2,61.5,2,0.023,2,0.0,2
1303.0,2,2.8494,2,34.4826,2,20.7,2,61.4,2,0.023,2,0.0,2
1304.0,2,2.8445,2,34.483000000000004,2,20.6,2,61.5,2,0.023,2,0.0,2
1305.0,2,2.8422,2,34.4834,2,20.7,2,61.4,2,0.023,2,0.0,2
1306.0,2,2.8384,2,34.4837,2,20.7,2,61.5,2,0.023,2,0.0,2
1307.0,2,2.8296,2,34.4846,2,20.7,2,61.5,2,0.023,2,0.0,2
1308.0,2,2.8197,2,34.4855,2,20.9,2,61.5,2,0.023,2,0.0,2
1309.0,2,2.8159,2,34.4859,2,21.0,2,61.4,2,0.023,2,0.0,2
1310.0,2,2.8036,2,34.4875,2,21.2,2,61.5,2,0.023,2,0.0,2
1311.0,2,2.7981,2,34.4879,2,21.5,2,61.4,2,0.023,2,0.0,2
1312.0,2,2.7971,2,34.4879,2,21.4,2,61.4,2,0.023,2,0.0,2
1313.0,2,2.7971,2,34.488,2,21.5,2,61.3,2,0.023,2,0.0,2
1314.0,2,2.7972,2,34.488,2,21.6,2,61.4,2,0.023,2,0.0,2
1315.0,2,2.7969,2,34.4882,2,21.8,2,61.3,2,0.023,2,0.0,2
1316.0,2,2.7969,2,34.4882,2,21.7,2,61.4,2,0.023,2,0.0,2
1317.0,2,2.7963,2,34.4883,2,21.6,2,61.4,2,0.023,2,0.0,2
1318.0,2,2.7961,2,34.4884,2,21.7,2,61.4,2,0.023,2,0.0,2
1319.0,2,2.7953,2,34.4885,2,21.9,2,61.4,2,0.023,2,0.0,2
1320.0,2,2.7889,2,34.4892,2,21.9,2,61.4,2,0.023,2,0.0,2
1320.9,2,2.7826,2,34.4898,2,21.9,2,61.5,2,0.023,2,0.0,2
1322.2,2,2.7751,2,34.4908,2,22.1,2,61.6,2,0.023,2,0.0,2
1322.5,2,2.7712,2,34.492,2,22.2,2,61.5,2,0.023,2,0.0,2
END_DATA
