CTD,20190304CCHSIOLMM
#---------------------------------------------------------------------------------------------------,,,,,,,,,,,,,,,,,
#Transmissivity - Fluorescence - PAR data are nominal and unedited except that some records were removed in editing temperature and salinity.,,,,,,,,,,,,,,,,,
#---------------------------------------------------------------------------------------------------,,,,,,,,,,,,,,,,,
#The fluorometer values drifted during the cruise starting with slightly high dark values early in the cruise and rising to about 0.20 mg/m^3 by the end.,,,,,,,,,,,,,,,,,
#A time-dependent correction was applied based on values at 4000 m with an adjustment to ensure no negative values were produced.,,,,,,,,,,,,,,,,,
#This is an estimate and produces dark values at 2000 m ranging from 0.02 mg/m^3 to 0.09 mg/m^3.,,,,,,,,,,,,,,,,,
#---------------------------------------------------------------------------------------------------,,,,,,,,,,,,,,,,,
#NOTE: While the Fluorescence:CTD data are expressed in concentration units they do not always compare well to extracted chlorophyll samples particularly for casts far from shore.,,,,,,,,,,,,,,,,,
#It is recommended that users check extracted chlorophyll values where available.,,,,,,,,,,,,,,,,,
#---------------------------------------------------------------------------------------------------,,,,,,,,,,,,,,,,,
#Oxygen:Dissolved:CTD was calibrated using the method described in the Sea-Bird Application Note #64-2 of June 2012 (Sea-Bird_64-2_Jun2012.pdf) except that a small offset in the fit was allowed.,,,,,,,,,,,,,,,,,
#,,,,,,,,,,,,,,,,,
#The Oxygen:Dissolved:CTD sensor has a fairly long response time so data accuracy is not as high when it is in motion as it is during stops for bottles.,,,,,,,,,,,,,,,,,
#This will be especially true when vertical dissolved oxygen gradients are large. ,,,,,,,,,,,,,,,,,
#To get an estimate of the accuracy of the Oxygen:Dissolved:CTD data during downcasts (after recalibration) a rough comparison was made between downcast Oxygen:Dissolved:CTD data and upcast titrated samples. ,,,,,,,,,,,,,,,,,
#Some of the difference will be due to problems with flushing of Niskin bottles and/or analysis errors so the following statement likely underestimates Oxygen:Dissolved:CTD accuracy.,,,,,,,,,,,,,,,,,
#,,,,,,,,,,,,,,,,,
#Downcast (CTD files) Oxygen:Dissolved:CTD data are considered very roughly to be:,,,,,,,,,,,,,,,,,
#      • ±0.5 ml/l from 0 to 200 dbar,,,,,,,,,,,,,,,,,
#      • ±0.15 ml/l from 200 to 500 dbar,,,,,,,,,,,,,,,,,
#      • ±0.04 ml/l below 500 dbar,,,,,,,,,,,,,,,,,
#---------------------------------------------------------------------------------------------------,,,,,,,,,,,,,,,,,
#For details on the processing see the report 2017-08-proc.pdf,,,,,,,,,,,,,,,,,
#---------------------------------------------------------------------------------------------------,,,,,,,,,,,,,,,,,
#,,,,,,,,,,,,,,,,,
#File Name,Zone,FIL:START TIME YYYY/MM/DD, HH:MM,LOC:EVENT_NUMBER,LOC:LATITUDE,LOC:LONGITUDE,LOC:STATION,INS:LOCATION,Pressure:CTD [dbar],Temperature:CTD [deg_C_(ITS90)],Salinity:CTD [PSS-78],Sigma-t:CTD [kg/m^3],Transmissivity:CTD [*/m],Oxygen:Dissolved:CTD:Volume [ml/l],Oxygen:Dissolved:CTD:Mass [µmol/kg],Fluorescence:CTD:Seapoint [mg/m^3],PAR:CTD [µE/m^2/sec]
#,,,,,,,,,,,,,,,,,
NUMBER_HEADERS = 8
EXPOCODE = 18DD20170815
STNBR = P3
CASTNO = 1
DATE = 20170817
TIME =  17:53
LATITUDE = 48.623999999999995
LONGITUDE = -126.33366000000001
CTDPRS,CTDPRS_FLAG_W,CTDTMP,CTDTMP_FLAG_W,CTDSAL,CTDSAL_FLAG_W,CTDOXY,CTDOXY_FLAG_W,CTDXMISS,CTDXMISS_FLAG_W,CTDFLUOR,CTDFLUOR_FLAG_W,PAR,PAR_FLAG_W
DBAR,,ITS-90,,PSS-78,,UMOL/KG,,,,MG/M^3,,UE/m^2/sec,
6.2,2,14.0938,2,32.0269,2,281.4,2,42.2,2,1.682,2,165.6,2
7.0,2,13.9628,2,32.0476,2,280.9,2,42.3,2,1.8330000000000002,2,146.0,2
8.0,2,13.8148,2,32.049,2,281.8,2,42.4,2,1.8980000000000001,2,119.7,2
9.0,2,13.5856,2,32.0538,2,282.8,2,42.6,2,2.012,2,97.9,2
10.0,2,13.5092,2,32.0575,2,281.8,2,42.9,2,2.1069999999999998,2,82.3,2
11.0,2,13.2056,2,32.0677,2,281.9,2,43.2,2,2.2880000000000003,2,69.4,2
12.0,2,12.8152,2,32.0823,2,281.2,2,43.3,2,2.525,2,56.5,2
13.0,2,12.7344,2,32.0826,2,279.1,2,42.9,2,2.6210000000000004,2,44.0,2
14.0,2,12.5717,2,32.0945,2,277.6,2,42.8,2,2.642,2,34.2,2
15.0,2,12.4693,2,32.1015,2,275.9,2,43.0,2,2.641,2,27.7,2
16.0,2,12.2485,2,32.1196,2,274.4,2,43.6,2,2.623,2,23.9,2
17.0,2,12.1717,2,32.1277,2,269.9,2,44.2,2,2.5810000000000004,2,21.7,2
18.0,2,11.8354,2,32.1562,2,265.9,2,45.1,2,2.306,2,19.3,2
19.0,2,11.4733,2,32.1983,2,263.2,2,47.2,2,2.075,2,16.3,2
20.0,2,11.1357,2,32.2359,2,261.3,2,49.2,2,1.935,2,13.6,2
21.0,2,11.0559,2,32.241,2,258.6,2,51.0,2,1.795,2,11.3,2
22.1,2,10.9647,2,32.253,2,254.6,2,52.0,2,1.6540000000000001,2,9.4,2
22.7,2,10.7356,2,32.3242,2,250.8,2,52.3,2,1.5730000000000002,2,8.3,2
24.2,2,9.9833,2,32.3952,2,231.9,2,55.3,2,1.0490000000000002,2,6.8,2
25.0,2,9.9469,2,32.4006,2,228.9,2,56.0,2,1.005,2,6.4,2
26.0,2,9.9285,2,32.4051,2,226.7,2,56.5,2,0.95,2,5.9,2
27.0,2,9.9156,2,32.4085,2,225.3,2,56.5,2,0.9309999999999999,2,5.4,2
28.0,2,9.8906,2,32.4131,2,223.9,2,56.6,2,0.9059999999999999,2,5.0,2
29.0,2,9.8644,2,32.4185,2,222.3,2,56.7,2,0.878,2,4.6,2
30.0,2,9.8387,2,32.4232,2,220.4,2,56.9,2,0.847,2,4.3,2
31.0,2,9.8221,2,32.4263,2,217.7,2,57.1,2,0.825,2,3.9,2
32.0,2,9.7707,2,32.4375,2,213.7,2,57.4,2,0.767,2,3.5,2
33.0,2,9.6466,2,32.4659,2,207.7,2,57.8,2,0.682,2,3.0,2
34.0,2,9.5072,2,32.4997,2,202.9,2,58.4,2,0.62,2,2.5,2
35.0,2,9.4667,2,32.5039,2,200.1,2,58.7,2,0.5870000000000001,2,2.3,2
36.0,2,9.4541,2,32.5034,2,198.7,2,58.8,2,0.581,2,2.2,2
37.0,2,9.4386,2,32.5075,2,197.8,2,58.8,2,0.575,2,2.0,2
38.0,2,9.4204,2,32.5111,2,197.2,2,58.8,2,0.5479999999999999,2,1.9,2
39.0,2,9.4082,2,32.514,2,196.7,2,59.0,2,0.534,2,1.8,2
40.0,2,9.4019,2,32.5159,2,196.6,2,59.1,2,0.529,2,1.7,2
41.0,2,9.3837,2,32.5187,2,197.0,2,59.2,2,0.511,2,1.5,2
42.0,2,9.359,2,32.5234,2,197.7,2,59.3,2,0.491,2,1.4,2
43.0,2,9.3433,2,32.5258,2,197.7,2,59.5,2,0.475,2,1.2,2
44.0,2,9.2374,2,32.5525,2,197.7,2,59.8,2,0.413,2,1.1,2
45.0,2,9.1164,2,32.5924,2,205.5,2,60.2,2,0.36700000000000005,2,1.0,2
46.0,2,9.0937,2,32.6121,2,216.0,2,60.7,2,0.34,2,0.9,2
47.0,2,9.0394,2,32.6267,2,222.8,2,61.1,2,0.327,2,0.8,2
48.0,2,9.004,2,32.6412,2,230.1,2,61.2,2,0.321,2,0.8,2
49.0,2,8.8921,2,32.6673,2,237.1,2,61.4,2,0.316,2,0.8,2
50.0,2,8.8532,2,32.6829,2,241.0,2,61.6,2,0.316,2,0.7,2
51.0,2,8.772,2,32.698,2,242.7,2,61.6,2,0.302,2,0.7,2
52.0,2,8.7095,2,32.7113,2,242.9,2,61.5,2,0.28800000000000003,2,0.6,2
53.0,2,8.6782,2,32.7225,2,242.4,2,61.7,2,0.285,2,0.6,2
54.0,2,8.6601,2,32.7288,2,241.8,2,61.8,2,0.29100000000000004,2,0.5,2
55.0,2,8.6328,2,32.7366,2,241.0,2,61.8,2,0.267,2,0.5,2
56.0,2,8.6053,2,32.7426,2,239.8,2,61.9,2,0.263,2,0.5,2
57.0,2,8.5824,2,32.7536,2,238.6,2,61.9,2,0.255,2,0.5,2
58.0,2,8.562999999999999,2,32.7632,2,237.8,2,61.9,2,0.243,2,0.4,2
59.0,2,8.5343,2,32.766999999999996,2,237.6,2,61.9,2,0.225,2,0.4,2
60.0,2,8.5112,2,32.7994,2,234.6,2,62.1,2,0.218,2,0.4,2
61.0,2,8.5906,2,32.871,2,229.4,2,62.1,2,0.209,2,0.3,2
62.0,2,8.6059,2,32.8873,2,226.2,2,62.1,2,0.201,2,0.3,2
63.0,2,8.5786,2,32.9046,2,223.7,2,62.1,2,0.198,2,0.3,2
64.0,2,8.4963,2,32.9219,2,220.1,2,62.1,2,0.184,2,0.3,2
65.0,2,8.5298,2,32.9873,2,214.9,2,62.1,2,0.183,2,0.3,2
66.0,2,8.5964,2,33.0419,2,209.8,2,62.3,2,0.177,2,0.3,2
67.0,2,8.6623,2,33.0866,2,204.1,2,62.3,2,0.172,2,0.2,2
68.0,2,8.7855,2,33.2307,2,197.8,2,62.3,2,0.172,2,0.2,2
69.0,2,8.8303,2,33.3429,2,192.3,2,62.4,2,0.172,2,0.2,2
70.0,2,8.8188,2,33.354,2,188.1,2,62.5,2,0.162,2,0.2,2
70.8,2,8.8168,2,33.3644,2,185.5,2,62.5,2,0.16699999999999998,2,0.2,2
72.2,2,8.8069,2,33.3886,2,180.9,2,62.5,2,0.156,2,0.2,2
73.0,2,8.8,2,33.408,2,179.0,2,62.5,2,0.14800000000000002,2,0.2,2
74.0,2,8.7988,2,33.4216,2,176.8,2,62.5,2,0.14800000000000002,2,0.1,2
75.0,2,8.7709,2,33.4588,2,175.0,2,62.5,2,0.14400000000000002,2,0.1,2
76.0,2,8.7443,2,33.4937,2,173.2,2,62.6,2,0.136,2,0.1,2
77.0,2,8.7299,2,33.5048,2,171.7,2,62.6,2,0.135,2,0.1,2
78.0,2,8.7152,2,33.5173,2,170.7,2,62.6,2,0.135,2,0.1,2
79.0,2,8.7046,2,33.5337,2,169.7,2,62.6,2,0.125,2,0.1,2
80.0,2,8.7032,2,33.5401,2,168.8,2,62.6,2,0.13,2,0.1,2
81.0,2,8.7031,2,33.5408,2,168.0,2,62.6,2,0.12300000000000001,2,0.1,2
82.0,2,8.7023,2,33.5435,2,167.3,2,62.6,2,0.12300000000000001,2,0.1,2
82.7,2,8.7037,2,33.5472,2,167.2,2,62.6,2,0.13,2,0.1,2
84.1,2,8.7304,2,33.5852,2,163.3,2,62.6,2,0.122,2,0.1,2
85.0,2,8.722000000000001,2,33.5995,2,160.8,2,62.5,2,0.11599999999999999,2,0.0,2
86.0,2,8.6989,2,33.6177,2,159.2,2,62.4,2,0.111,2,0.0,2
87.0,2,8.6624,2,33.6361,2,157.8,2,62.5,2,0.10099999999999999,2,0.0,2
88.0,2,8.6213,2,33.6602,2,156.5,2,62.5,2,0.099,2,0.0,2
89.0,2,8.59,2,33.6743,2,155.5,2,62.6,2,0.099,2,0.0,2
90.0,2,8.5713,2,33.6838,2,154.5,2,62.6,2,0.08800000000000001,2,0.0,2
91.0,2,8.5631,2,33.6873,2,153.8,2,62.5,2,0.087,2,0.0,2
92.0,2,8.5608,2,33.6876,2,153.2,2,62.5,2,0.091,2,0.0,2
93.0,2,8.5528,2,33.6911,2,152.7,2,62.5,2,0.086,2,0.0,2
94.0,2,8.5139,2,33.7039,2,152.1,2,62.5,2,0.078,2,0.0,2
95.0,2,8.487,2,33.7159,2,151.6,2,62.5,2,0.07400000000000001,2,0.0,2
95.6,2,8.4599,2,33.7287,2,151.5,2,62.5,2,0.07400000000000001,2,0.0,2
97.0,2,8.4412,2,33.7309,2,151.0,2,62.4,2,0.071,2,0.0,2
98.0,2,8.4248,2,33.7355,2,150.6,2,62.4,2,0.07400000000000001,2,0.0,2
99.0,2,8.4168,2,33.7408,2,150.2,2,62.5,2,0.07200000000000001,2,0.0,2
100.0,2,8.4044,2,33.7452,2,149.8,2,62.5,2,0.062,2,0.0,2
101.0,2,8.3721,2,33.7528,2,149.9,2,62.5,2,0.067,2,0.0,2
102.0,2,8.3589,2,33.7552,2,149.9,2,62.4,2,0.07400000000000001,2,0.0,2
103.0,2,8.3532,2,33.7563,2,150.0,2,62.4,2,0.064,2,0.0,2
104.0,2,8.3472,2,33.7575,2,149.9,2,62.4,2,0.066,2,0.0,2
105.0,2,8.3448,2,33.7582,2,149.9,2,62.4,2,0.07,2,0.0,2
106.0,2,8.3428,2,33.7592,2,149.8,2,62.4,2,0.062,2,0.0,2
107.0,2,8.34,2,33.7611,2,149.6,2,62.4,2,0.066,2,0.0,2
107.8,2,8.3359,2,33.7647,2,149.3,2,62.4,2,0.062,2,0.0,2
108.9,2,8.3006,2,33.7805,2,147.3,2,62.4,2,0.062,2,0.0,2
110.0,2,8.2847,2,33.7877,2,145.8,2,62.3,2,0.062,2,0.0,2
111.0,2,8.2619,2,33.7984,2,144.1,2,62.4,2,0.061,2,0.0,2
112.0,2,8.2283,2,33.8109,2,142.4,2,62.3,2,0.054000000000000006,2,0.0,2
113.0,2,8.198,2,33.819,2,140.8,2,62.3,2,0.055999999999999994,2,0.0,2
114.0,2,8.185,2,33.821,2,139.5,2,62.3,2,0.053,2,0.0,2
115.0,2,8.1621,2,33.8258,2,138.4,2,62.3,2,0.061,2,0.0,2
116.0,2,8.1455,2,33.8299,2,136.9,2,62.3,2,0.051,2,0.0,2
117.0,2,8.1358,2,33.8327,2,135.5,2,62.3,2,0.055999999999999994,2,0.0,2
118.0,2,8.1313,2,33.8356,2,134.2,2,62.3,2,0.05,2,0.0,2
119.0,2,8.1308,2,33.8367,2,133.2,2,62.2,2,0.06,2,0.0,2
120.0,2,8.1309,2,33.8371,2,132.4,2,62.3,2,0.055999999999999994,2,0.0,2
121.0,2,8.1283,2,33.8389,2,131.9,2,62.2,2,0.05,2,0.0,2
122.1,2,8.1113,2,33.8425,2,130.1,2,62.2,2,0.05,2,0.0,2
123.0,2,8.0793,2,33.8453,2,128.4,2,62.2,2,0.05,2,0.0,2
124.0,2,8.0085,2,33.8551,2,126.3,2,62.1,2,0.05,2,0.0,2
125.0,2,7.9233,2,33.8675,2,124.2,2,62.1,2,0.05,2,0.0,2
126.0,2,7.9257,2,33.8668,2,122.6,2,62.0,2,0.05,2,0.0,2
127.0,2,7.9164,2,33.8673,2,121.6,2,62.0,2,0.05,2,0.0,2
128.0,2,7.9108,2,33.8692,2,120.7,2,61.9,2,0.05,2,0.0,2
129.0,2,7.9009,2,33.8703,2,120.0,2,61.9,2,0.05,2,0.0,2
130.0,2,7.8896,2,33.8718,2,119.3,2,61.9,2,0.05,2,0.0,2
131.0,2,7.8822,2,33.8742,2,118.6,2,61.9,2,0.05,2,0.0,2
132.0,2,7.8652,2,33.8782,2,117.8,2,61.9,2,0.05,2,0.0,2
133.0,2,7.8443,2,33.883,2,116.5,2,61.9,2,0.05,2,0.0,2
133.9,2,7.7929,2,33.8882,2,114.4,2,62.0,2,0.05,2,0.0,2
135.0,2,7.7515,2,33.8895,2,112.2,2,61.9,2,0.05,2,0.0,2
136.0,2,7.7347,2,33.8911,2,111.0,2,61.8,2,0.05,2,0.0,2
137.0,2,7.731,2,33.891999999999996,2,110.2,2,61.8,2,0.05,2,0.0,2
138.0,2,7.7253,2,33.8926,2,109.6,2,61.7,2,0.05,2,0.0,2
139.0,2,7.7168,2,33.8936,2,108.9,2,61.7,2,0.05,2,0.0,2
140.0,2,7.6991,2,33.8947,2,107.8,2,61.7,2,0.05,2,0.0,2
141.0,2,7.6727,2,33.8976,2,106.6,2,61.7,2,0.05,2,0.0,2
142.0,2,7.6617,2,33.8992,2,105.6,2,61.5,2,0.05,2,0.0,2
143.0,2,7.6597,2,33.8996,2,104.9,2,61.5,2,0.05,2,0.0,2
144.0,2,7.6457,2,33.9008,2,104.3,2,61.5,2,0.05,2,0.0,2
145.0,2,7.6382,2,33.9019,2,103.8,2,61.5,2,0.05,2,0.0,2
146.0,2,7.6355,2,33.9026,2,103.3,2,61.5,2,0.05,2,0.0,2
147.0,2,7.6345,2,33.9025,2,103.0,2,61.5,2,0.05,2,0.0,2
148.0,2,7.6328,2,33.9027,2,102.5,2,61.5,2,0.05,2,0.0,2
149.0,2,7.601,2,33.9042,2,101.7,2,61.4,2,0.049,2,0.0,2
150.0,2,7.5602,2,33.908,2,100.8,2,61.3,2,0.05,2,0.0,2
151.0,2,7.558,2,33.9084,2,100.1,2,61.2,2,0.05,2,0.0,2
152.0,2,7.557,2,33.9085,2,99.7,2,61.2,2,0.05,2,0.0,2
153.0,2,7.5493,2,33.9093,2,99.2,2,61.1,2,0.05,2,0.0,2
154.0,2,7.5366,2,33.9108,2,98.6,2,61.1,2,0.05,2,0.0,2
155.0,2,7.5068,2,33.9133,2,97.6,2,61.1,2,0.045,2,0.0,2
156.0,2,7.4494,2,33.9178,2,96.3,2,61.0,2,0.045,2,0.0,2
157.0,2,7.4138,2,33.9224,2,95.7,2,61.0,2,0.05,2,0.0,2
158.0,2,7.3914,2,33.9254,2,95.6,2,61.0,2,0.045,2,0.0,2
159.0,2,7.3826,2,33.926,2,95.8,2,61.2,2,0.038,2,0.0,2
160.0,2,7.3673,2,33.9273,2,96.1,2,61.2,2,0.038,2,0.0,2
161.0,2,7.3521,2,33.9283,2,96.3,2,61.4,2,0.038,2,0.0,2
162.0,2,7.3416,2,33.9289,2,96.3,2,61.4,2,0.047,2,0.0,2
162.9,2,7.331,2,33.931,2,96.3,2,61.5,2,0.046,2,0.0,2
164.3,2,7.3176,2,33.931999999999995,2,95.8,2,61.5,2,0.038,2,0.0,2
165.0,2,7.3101,2,33.9321,2,95.5,2,61.4,2,0.038,2,0.0,2
166.0,2,7.3,2,33.933,2,95.3,2,61.4,2,0.039,2,0.0,2
167.0,2,7.2972,2,33.933,2,94.9,2,61.4,2,0.043,2,0.0,2
168.0,2,7.2933,2,33.933,2,94.5,2,61.4,2,0.038,2,0.0,2
169.0,2,7.2819,2,33.9338,2,94.4,2,61.4,2,0.04,2,0.0,2
170.0,2,7.2713,2,33.9349,2,94.2,2,61.3,2,0.038,2,0.0,2
171.0,2,7.2508,2,33.9358,2,94.3,2,61.4,2,0.039,2,0.0,2
172.0,2,7.2253,2,33.9376,2,94.2,2,61.4,2,0.046,2,0.0,2
173.0,2,7.2054,2,33.9393,2,94.2,2,61.4,2,0.038,2,0.0,2
174.0,2,7.1969,2,33.9401,2,94.3,2,61.5,2,0.040999999999999995,2,0.0,2
175.0,2,7.1926,2,33.9404,2,94.2,2,61.5,2,0.04,2,0.0,2
176.0,2,7.1869,2,33.9414,2,94.2,2,61.5,2,0.038,2,0.0,2
177.0,2,7.1841,2,33.9417,2,94.0,2,61.5,2,0.038,2,0.0,2
178.0,2,7.1838,2,33.9414,2,94.0,2,61.5,2,0.042,2,0.0,2
179.0,2,7.1803,2,33.9416,2,93.9,2,61.5,2,0.038,2,0.0,2
180.0,2,7.1584,2,33.942,2,93.8,2,61.5,2,0.038,2,0.0,2
181.0,2,7.127999999999999,2,33.9439,2,94.0,2,61.5,2,0.039,2,0.0,2
182.0,2,7.1003,2,33.9453,2,94.1,2,61.5,2,0.040999999999999995,2,0.0,2
183.0,2,7.0835,2,33.9468,2,94.2,2,61.5,2,0.04,2,0.0,2
184.0,2,7.0724,2,33.9468,2,94.2,2,61.7,2,0.038,2,0.0,2
185.0,2,7.0575,2,33.9477,2,94.3,2,61.6,2,0.047,2,0.0,2
186.0,2,7.0332,2,33.9502,2,94.4,2,61.7,2,0.038,2,0.0,2
187.0,2,7.0088,2,33.9515,2,94.3,2,61.8,2,0.038,2,0.0,2
187.9,2,6.9908,2,33.9521,2,93.8,2,61.7,2,0.038,2,0.0,2
189.0,2,6.965,2,33.9515,2,93.0,2,61.7,2,0.038,2,0.0,2
190.0,2,6.9359,2,33.9517,2,92.6,2,61.6,2,0.040999999999999995,2,0.0,2
191.0,2,6.9053,2,33.9529,2,91.9,2,61.6,2,0.038,2,0.0,2
192.0,2,6.9,2,33.9543,2,91.1,2,61.6,2,0.038,2,0.0,2
193.0,2,6.9009,2,33.9546,2,90.3,2,61.5,2,0.038,2,0.0,2
194.0,2,6.9016,2,33.9551,2,89.6,2,61.5,2,0.038,2,0.0,2
195.0,2,6.9004,2,33.9553,2,89.1,2,61.4,2,0.038,2,0.0,2
196.0,2,6.8968,2,33.9558,2,88.3,2,61.4,2,0.038,2,0.0,2
197.0,2,6.8896,2,33.9568,2,87.9,2,61.4,2,0.038,2,0.0,2
198.0,2,6.8836,2,33.9571,2,87.8,2,61.4,2,0.038,2,0.0,2
199.0,2,6.8672,2,33.9561,2,87.8,2,61.4,2,0.038,2,0.0,2
200.0,2,6.8144,2,33.9578,2,87.9,2,61.4,2,0.038,2,0.0,2
201.0,2,6.8005,2,33.9586,2,87.8,2,61.5,2,0.038,2,0.0,2
202.0,2,6.7897,2,33.9588,2,88.0,2,61.5,2,0.038,2,0.0,2
203.0,2,6.7818,2,33.959,2,87.8,2,61.5,2,0.038,2,0.0,2
204.0,2,6.7706,2,33.9591,2,87.9,2,61.5,2,0.038,2,0.0,2
205.0,2,6.7684,2,33.9592,2,88.0,2,61.5,2,0.038,2,0.0,2
206.0,2,6.7683,2,33.9592,2,88.2,2,61.5,2,0.038,2,0.0,2
207.0,2,6.7556,2,33.9582,2,89.0,2,61.5,2,0.038,2,0.0,2
208.0,2,6.7391,2,33.957,2,90.1,2,61.6,2,0.038,2,0.0,2
209.0,2,6.7297,2,33.957,2,91.3,2,61.8,2,0.038,2,0.0,2
210.0,2,6.7171,2,33.9559,2,92.2,2,61.8,2,0.038,2,0.0,2
211.0,2,6.7129,2,33.9561,2,92.8,2,61.9,2,0.038,2,0.0,2
212.0,2,6.6882,2,33.955999999999996,2,92.1,2,62.0,2,0.038,2,0.0,2
213.0,2,6.6432,2,33.9671,2,88.9,2,62.0,2,0.038,2,0.0,2
214.0,2,6.6116,2,33.9766,2,84.2,2,61.7,2,0.038,2,0.0,2
215.0,2,6.5782,2,33.9799,2,80.7,2,61.6,2,0.038,2,0.0,2
216.0,2,6.5587,2,33.9812,2,78.7,2,61.5,2,0.038,2,0.0,2
217.0,2,6.5438,2,33.9821,2,77.4,2,61.4,2,0.038,2,0.0,2
218.0,2,6.5291,2,33.9831,2,76.7,2,61.4,2,0.038,2,0.0,2
219.0,2,6.5168,2,33.9839,2,76.1,2,61.3,2,0.038,2,0.0,2
220.0,2,6.5076,2,33.9846,2,75.7,2,60.7,2,0.038,2,0.0,2
221.0,2,6.4952,2,33.985,2,75.3,2,61.1,2,0.038,2,0.0,2
221.9,2,6.487,2,33.9863,2,74.9,2,61.2,2,0.038,2,0.0,2
223.2,2,6.4769,2,33.9877,2,74.1,2,61.2,2,0.038,2,0.0,2
224.0,2,6.4731,2,33.986999999999995,2,74.0,2,61.2,2,0.038,2,0.0,2
225.0,2,6.4708,2,33.9869,2,73.8,2,61.2,2,0.038,2,0.0,2
226.0,2,6.4698,2,33.986999999999995,2,73.7,2,61.1,2,0.038,2,0.0,2
227.0,2,6.468999999999999,2,33.9872,2,73.6,2,61.1,2,0.038,2,0.0,2
228.0,2,6.4669,2,33.9875,2,73.4,2,61.1,2,0.038,2,0.0,2
229.0,2,6.4656,2,33.9877,2,73.4,2,61.1,2,0.038,2,0.0,2
230.0,2,6.4649,2,33.9879,2,73.4,2,61.2,2,0.038,2,0.0,2
231.0,2,6.4641,2,33.9879,2,73.4,2,61.2,2,0.038,2,0.0,2
232.0,2,6.4632,2,33.9879,2,73.2,2,61.3,2,0.038,2,0.0,2
233.0,2,6.4564,2,33.9887,2,73.0,2,61.2,2,0.038,2,0.0,2
234.0,2,6.4542,2,33.9882,2,73.0,2,61.2,2,0.038,2,0.0,2
234.8,2,6.452999999999999,2,33.9882,2,73.0,2,61.2,2,0.038,2,0.0,2
236.3,2,6.4522,2,33.9888,2,73.1,2,61.2,2,0.038,2,0.0,2
237.0,2,6.4510000000000005,2,33.9886,2,73.1,2,61.2,2,0.038,2,0.0,2
238.0,2,6.4507,2,33.9886,2,72.9,2,61.2,2,0.038,2,0.0,2
239.0,2,6.4501,2,33.9887,2,72.8,2,61.2,2,0.038,2,0.0,2
240.0,2,6.4468,2,33.9887,2,72.8,2,61.2,2,0.038,2,0.0,2
241.0,2,6.4428,2,33.9887,2,72.8,2,61.2,2,0.038,2,0.0,2
242.0,2,6.4412,2,33.9889,2,72.6,2,61.1,2,0.038,2,0.0,2
243.0,2,6.4407,2,33.989000000000004,2,72.6,2,61.1,2,0.038,2,0.0,2
244.0,2,6.4406,2,33.9891,2,72.5,2,61.1,2,0.038,2,0.0,2
245.0,2,6.4401,2,33.9892,2,72.5,2,61.1,2,0.038,2,0.0,2
246.1,2,6.4392,2,33.9893,2,72.6,2,61.1,2,0.038,2,0.0,2
246.5,2,6.4391,2,33.9894,2,72.6,2,61.0,2,0.038,2,0.0,2
248.1,2,6.4385,2,33.9895,2,72.4,2,61.0,2,0.038,2,0.0,2
249.0,2,6.4377,2,33.9894,2,72.4,2,61.0,2,0.038,2,0.0,2
250.0,2,6.4362,2,33.9895,2,72.4,2,61.0,2,0.038,2,0.0,2
251.0,2,6.4361,2,33.9895,2,72.4,2,61.0,2,0.038,2,0.0,2
252.0,2,6.435,2,33.9896,2,72.3,2,61.0,2,0.038,2,0.0,2
253.0,2,6.4334,2,33.9897,2,72.2,2,61.0,2,0.038,2,0.0,2
254.0,2,6.4323,2,33.9898,2,72.3,2,61.0,2,0.038,2,0.0,2
255.0,2,6.431,2,33.99,2,72.4,2,61.0,2,0.038,2,0.0,2
256.0,2,6.4292,2,33.99,2,72.1,2,61.0,2,0.038,2,0.0,2
257.0,2,6.4268,2,33.9903,2,72.1,2,61.0,2,0.038,2,0.0,2
258.0,2,6.4251,2,33.9903,2,72.0,2,61.0,2,0.038,2,0.0,2
259.0,2,6.422999999999999,2,33.9903,2,72.0,2,61.0,2,0.038,2,0.0,2
260.0,2,6.4217,2,33.9905,2,72.0,2,61.1,2,0.038,2,0.0,2
261.0,2,6.4219,2,33.9904,2,72.0,2,61.0,2,0.038,2,0.0,2
262.0,2,6.4219,2,33.9904,2,71.9,2,61.0,2,0.038,2,0.0,2
263.0,2,6.421,2,33.9906,2,71.9,2,61.0,2,0.038,2,0.0,2
264.0,2,6.4207,2,33.9907,2,71.9,2,61.0,2,0.038,2,0.0,2
265.0,2,6.4204,2,33.9908,2,72.0,2,61.0,2,0.038,2,0.0,2
266.0,2,6.4199,2,33.9908,2,71.8,2,60.7,2,0.038,2,0.0,2
267.0,2,6.4195,2,33.9906,2,71.9,2,60.6,2,0.038,2,0.0,2
268.0,2,6.4186,2,33.9906,2,71.8,2,61.0,2,0.038,2,0.0,2
269.0,2,6.4188,2,33.9905,2,71.7,2,61.0,2,0.038,2,0.0,2
270.0,2,6.4186,2,33.9905,2,71.8,2,61.0,2,0.038,2,0.0,2
271.0,2,6.4138,2,33.9907,2,71.7,2,61.0,2,0.038,2,0.0,2
272.0,2,6.406000000000001,2,33.9909,2,71.7,2,61.0,2,0.038,2,0.0,2
273.0,2,6.4051,2,33.9911,2,71.6,2,61.0,2,0.038,2,0.0,2
273.6,2,6.4043,2,33.9914,2,71.5,2,61.0,2,0.038,2,0.0,2
275.1,2,6.4037,2,33.9912,2,71.3,2,61.0,2,0.038,2,0.0,2
276.0,2,6.4027,2,33.9911,2,71.3,2,60.8,2,0.038,2,0.0,2
277.0,2,6.4018,2,33.9911,2,71.3,2,61.0,2,0.038,2,0.0,2
278.0,2,6.4015,2,33.9911,2,71.3,2,61.1,2,0.038,2,0.0,2
279.0,2,6.4009,2,33.9912,2,71.2,2,61.1,2,0.038,2,0.0,2
280.0,2,6.399,2,33.9911,2,71.1,2,61.0,2,0.038,2,0.0,2
281.0,2,6.3936,2,33.9915,2,71.0,2,61.0,2,0.038,2,0.0,2
282.0,2,6.386,2,33.9917,2,70.8,2,60.9,2,0.038,2,0.0,2
283.1,2,6.3796,2,33.9922,2,70.7,2,60.9,2,0.038,2,0.0,2
283.6,2,6.3783,2,33.9927,2,70.9,2,60.9,2,0.038,2,0.0,2
285.1,2,6.3654,2,33.9929,2,70.2,2,60.8,2,0.038,2,0.0,2
286.0,2,6.3629,2,33.9929,2,69.9,2,60.8,2,0.038,2,0.0,2
287.0,2,6.3615,2,33.993,2,69.7,2,60.9,2,0.038,2,0.0,2
288.0,2,6.3605,2,33.9931,2,69.7,2,60.9,2,0.038,2,0.0,2
289.0,2,6.3603,2,33.9932,2,69.7,2,60.9,2,0.038,2,0.0,2
290.0,2,6.3601,2,33.9932,2,69.5,2,60.9,2,0.038,2,0.0,2
291.0,2,6.36,2,33.9933,2,69.6,2,60.9,2,0.038,2,0.0,2
292.0,2,6.3597,2,33.9933,2,69.6,2,61.0,2,0.038,2,0.0,2
293.0,2,6.3576,2,33.9936,2,69.6,2,60.8,2,0.038,2,0.0,2
294.0,2,6.355,2,33.9941,2,69.6,2,60.8,2,0.038,2,0.0,2
295.0,2,6.3526,2,33.9944,2,69.6,2,60.9,2,0.038,2,0.0,2
296.0,2,6.3496,2,33.9944,2,69.5,2,60.9,2,0.038,2,0.0,2
297.0,2,6.3485,2,33.9946,2,69.4,2,61.0,2,0.038,2,0.0,2
298.0,2,6.3495,2,33.9948,2,69.5,2,61.0,2,0.038,2,0.0,2
299.0,2,6.3496,2,33.9948,2,69.6,2,60.9,2,0.038,2,0.0,2
300.0,2,6.3498,2,33.9949,2,69.6,2,60.9,2,0.038,2,0.0,2
301.0,2,6.349,2,33.995,2,69.5,2,61.0,2,0.038,2,0.0,2
302.0,2,6.3446,2,33.9952,2,69.5,2,61.0,2,0.038,2,0.0,2
303.0,2,6.3338,2,33.9959,2,69.5,2,60.9,2,0.038,2,0.0,2
304.1,2,6.3302,2,33.9959,2,69.1,2,60.8,2,0.038,2,0.0,2
305.0,2,6.3289,2,33.9957,2,68.9,2,60.9,2,0.038,2,0.0,2
306.0,2,6.3273,2,33.9956,2,69.0,2,60.8,2,0.038,2,0.0,2
307.0,2,6.3261,2,33.9957,2,68.8,2,61.0,2,0.038,2,0.0,2
308.0,2,6.3241,2,33.9957,2,68.7,2,61.0,2,0.038,2,0.0,2
309.0,2,6.3217,2,33.9959,2,68.5,2,61.0,2,0.038,2,0.0,2
310.0,2,6.3208,2,33.996,2,68.5,2,61.0,2,0.038,2,0.0,2
311.0,2,6.3199,2,33.9961,2,68.6,2,61.0,2,0.038,2,0.0,2
312.0,2,6.3182,2,33.9961,2,68.4,2,61.0,2,0.038,2,0.0,2
313.0,2,6.307,2,33.9971,2,68.2,2,61.0,2,0.038,2,0.0,2
314.0,2,6.3029,2,33.9976,2,68.0,2,61.0,2,0.038,2,0.0,2
315.0,2,6.3020000000000005,2,33.9978,2,68.0,2,61.0,2,0.038,2,0.0,2
316.0,2,6.3018,2,33.9975,2,67.9,2,61.0,2,0.038,2,0.0,2
317.0,2,6.3003,2,33.9977,2,67.8,2,61.1,2,0.038,2,0.0,2
318.0,2,6.2982,2,33.9978,2,67.7,2,61.1,2,0.038,2,0.0,2
319.0,2,6.2952,2,33.9981,2,67.8,2,61.1,2,0.038,2,0.0,2
320.0,2,6.292999999999999,2,33.9984,2,67.7,2,61.0,2,0.038,2,0.0,2
321.0,2,6.2916,2,33.9984,2,67.4,2,61.0,2,0.038,2,0.0,2
322.0,2,6.2879,2,33.9987,2,67.4,2,61.2,2,0.038,2,0.0,2
323.0,2,6.282,2,33.999,2,67.3,2,61.1,2,0.038,2,0.0,2
324.0,2,6.2762,2,33.9995,2,67.1,2,61.0,2,0.038,2,0.0,2
325.0,2,6.2722,2,34.0,2,67.1,2,61.0,2,0.038,2,0.0,2
326.0,2,6.2724,2,34.0,2,67.0,2,61.2,2,0.038,2,0.0,2
327.0,2,6.2716,2,34.0,2,66.9,2,61.0,2,0.038,2,0.0,2
328.0,2,6.2712,2,34.0,2,66.9,2,61.0,2,0.038,2,0.0,2
329.0,2,6.2705,2,34.0003,2,67.0,2,61.0,2,0.038,2,0.0,2
330.0,2,6.266,2,34.0015,2,66.7,2,61.0,2,0.038,2,0.0,2
331.0,2,6.2617,2,34.0018,2,66.6,2,60.9,2,0.038,2,0.0,2
332.0,2,6.2614,2,34.0014,2,66.5,2,61.0,2,0.038,2,0.0,2
333.0,2,6.2599,2,34.0012,2,66.4,2,61.0,2,0.038,2,0.0,2
334.0,2,6.2593,2,34.0012,2,66.4,2,61.1,2,0.038,2,0.0,2
335.0,2,6.2563,2,34.0014,2,66.1,2,61.0,2,0.038,2,0.0,2
336.0,2,6.2537,2,34.0015,2,66.1,2,61.0,2,0.038,2,0.0,2
337.0,2,6.2397,2,34.0025,2,66.0,2,60.9,2,0.038,2,0.0,2
338.0,2,6.2348,2,34.0033,2,65.9,2,60.9,2,0.038,2,0.0,2
339.0,2,6.2343,2,34.0034,2,65.7,2,61.0,2,0.038,2,0.0,2
340.0,2,6.2335,2,34.0038,2,65.6,2,60.9,2,0.038,2,0.0,2
341.0,2,6.2331,2,34.0038,2,65.7,2,60.9,2,0.038,2,0.0,2
342.0,2,6.2316,2,34.0041,2,65.8,2,61.0,2,0.038,2,0.0,2
343.0,2,6.2287,2,34.0045,2,65.6,2,61.0,2,0.038,2,0.0,2
344.0,2,6.2245,2,34.005,2,65.7,2,61.0,2,0.038,2,0.0,2
345.0,2,6.2225,2,34.0051,2,65.7,2,61.1,2,0.038,2,0.0,2
346.0,2,6.2224,2,34.0051,2,65.6,2,61.1,2,0.038,2,0.0,2
347.0,2,6.2223,2,34.0053,2,65.6,2,61.0,2,0.038,2,0.0,2
348.0,2,6.2214,2,34.0055,2,65.6,2,61.0,2,0.038,2,0.0,2
349.0,2,6.2202,2,34.0053,2,65.6,2,61.1,2,0.038,2,0.0,2
350.0,2,6.2172,2,34.0054,2,65.6,2,61.1,2,0.038,2,0.0,2
351.0,2,6.2161,2,34.0054,2,65.5,2,61.0,2,0.038,2,0.0,2
352.0,2,6.2128,2,34.0058,2,65.5,2,61.1,2,0.038,2,0.0,2
353.0,2,6.2014,2,34.0066,2,65.4,2,61.2,2,0.038,2,0.0,2
354.0,2,6.1924,2,34.0067,2,65.1,2,61.2,2,0.038,2,0.0,2
355.0,2,6.189,2,34.007,2,64.9,2,61.2,2,0.038,2,0.0,2
356.0,2,6.1859,2,34.0071,2,64.8,2,61.1,2,0.038,2,0.0,2
357.0,2,6.1801,2,34.0076,2,64.5,2,61.1,2,0.038,2,0.0,2
358.0,2,6.1683,2,34.0084,2,64.3,2,61.2,2,0.038,2,0.0,2
359.0,2,6.1647,2,34.009,2,64.1,2,61.2,2,0.038,2,0.0,2
359.9,2,6.1589,2,34.0093,2,64.0,2,61.2,2,0.038,2,0.0,2
361.1,2,6.1563,2,34.0101,2,63.8,2,61.0,2,0.038,2,0.0,2
362.1,2,6.1522,2,34.0105,2,63.5,2,61.1,2,0.038,2,0.0,2
363.0,2,6.1509,2,34.0105,2,63.4,2,61.0,2,0.038,2,0.0,2
364.0,2,6.1511,2,34.0105,2,63.3,2,61.2,2,0.038,2,0.0,2
365.0,2,6.149,2,34.0106,2,63.2,2,61.1,2,0.038,2,0.0,2
366.0,2,6.1438,2,34.0112,2,63.1,2,61.2,2,0.038,2,0.0,2
367.0,2,6.1435,2,34.0113,2,63.1,2,61.2,2,0.038,2,0.0,2
368.0,2,6.1412,2,34.0113,2,62.9,2,61.1,2,0.038,2,0.0,2
369.0,2,6.1317,2,34.0119,2,62.8,2,61.1,2,0.038,2,0.0,2
370.0,2,6.1291,2,34.0125,2,62.7,2,61.1,2,0.038,2,0.0,2
371.0,2,6.1259,2,34.0129,2,62.6,2,61.2,2,0.038,2,0.0,2
372.0,2,6.1249,2,34.013000000000005,2,62.4,2,61.2,2,0.038,2,0.0,2
373.0,2,6.1245,2,34.0131,2,62.4,2,61.1,2,0.038,2,0.0,2
373.8,2,6.1233,2,34.0133,2,62.4,2,61.1,2,0.038,2,0.0,2
375.2,2,6.1182,2,34.0137,2,62.3,2,61.0,2,0.038,2,0.0,2
376.0,2,6.1177,2,34.0137,2,62.2,2,61.0,2,0.038,2,0.0,2
377.0,2,6.1185,2,34.0133,2,62.3,2,61.1,2,0.038,2,0.0,2
378.0,2,6.1196,2,34.0149,2,62.1,2,61.1,2,0.038,2,0.0,2
379.0,2,6.1194,2,34.0152,2,62.0,2,61.1,2,0.038,2,0.0,2
380.0,2,6.1195,2,34.0144,2,62.1,2,61.1,2,0.038,2,0.0,2
381.0,2,6.1188,2,34.0143,2,62.0,2,61.1,2,0.038,2,0.0,2
382.0,2,6.1159,2,34.0141,2,61.9,2,61.0,2,0.038,2,0.0,2
383.0,2,6.1132,2,34.0142,2,61.8,2,61.0,2,0.038,2,0.0,2
384.0,2,6.1125,2,34.0145,2,61.7,2,61.0,2,0.038,2,0.0,2
384.9,2,6.1126,2,34.0145,2,61.8,2,61.0,2,0.038,2,0.0,2
386.2,2,6.1131,2,34.0142,2,61.8,2,61.0,2,0.038,2,0.0,2
387.0,2,6.1124,2,34.0143,2,61.7,2,61.1,2,0.038,2,0.0,2
388.0,2,6.1112,2,34.0144,2,61.5,2,61.1,2,0.038,2,0.0,2
388.9,2,6.1116,2,34.0142,2,61.6,2,61.1,2,0.038,2,0.0,2
390.0,2,6.1084,2,34.0144,2,61.6,2,61.2,2,0.038,2,0.0,2
391.0,2,6.1062,2,34.0147,2,61.7,2,61.1,2,0.038,2,0.0,2
392.0,2,6.105,2,34.0147,2,61.5,2,61.1,2,0.038,2,0.0,2
393.0,2,6.1037,2,34.0147,2,61.3,2,61.0,2,0.038,2,0.0,2
394.0,2,6.0982,2,34.0145,2,61.3,2,61.0,2,0.038,2,0.0,2
394.5,2,6.0889,2,34.0154,2,61.6,2,60.9,2,0.038,2,0.0,2
396.2,2,6.0861,2,34.015,2,61.0,2,61.0,2,0.038,2,0.0,2
397.0,2,6.0749,2,34.0154,2,60.8,2,61.0,2,0.038,2,0.0,2
398.0,2,6.0665,2,34.016,2,60.6,2,61.0,2,0.038,2,0.0,2
399.0,2,6.063,2,34.016,2,60.5,2,61.1,2,0.038,2,0.0,2
400.0,2,6.0618,2,34.0164,2,60.3,2,61.0,2,0.038,2,0.0,2
401.0,2,6.0555,2,34.0165,2,60.2,2,61.0,2,0.038,2,0.0,2
402.0,2,6.0478,2,34.0176,2,60.0,2,61.1,2,0.038,2,0.0,2
403.0,2,6.0341,2,34.0188,2,59.7,2,61.2,2,0.038,2,0.0,2
404.0,2,6.0213,2,34.0202,2,59.3,2,61.2,2,0.038,2,0.0,2
405.0,2,6.0127,2,34.0212,2,59.0,2,60.9,2,0.038,2,0.0,2
406.0,2,6.0103,2,34.0216,2,58.8,2,60.7,2,0.037000000000000005,2,0.0,2
407.0,2,6.0043,2,34.0235,2,58.5,2,60.9,2,0.038,2,0.0,2
408.0,2,5.9987,2,34.0235,2,58.3,2,61.0,2,0.038,2,0.0,2
409.0,2,5.9912,2,34.0238,2,57.8,2,61.2,2,0.038,2,0.0,2
410.0,2,5.9904,2,34.0242,2,57.7,2,61.3,2,0.038,2,0.0,2
411.0,2,5.9905,2,34.0243,2,57.7,2,61.2,2,0.038,2,0.0,2
412.0,2,5.9904,2,34.0243,2,57.6,2,61.2,2,0.038,2,0.0,2
413.0,2,5.99,2,34.0243,2,57.6,2,61.2,2,0.038,2,0.0,2
414.0,2,5.9896,2,34.0244,2,57.5,2,61.2,2,0.038,2,0.0,2
414.7,2,5.9894,2,34.0245,2,57.5,2,61.2,2,0.038,2,0.0,2
416.4,2,5.9893,2,34.0247,2,57.2,2,61.2,2,0.038,2,0.0,2
417.0,2,5.9892,2,34.0248,2,57.3,2,61.2,2,0.038,2,0.0,2
418.0,2,5.9888,2,34.0246,2,57.3,2,61.3,2,0.038,2,0.0,2
419.0,2,5.9882,2,34.0248,2,57.2,2,61.3,2,0.038,2,0.0,2
420.0,2,5.9879999999999995,2,34.0247,2,57.3,2,61.3,2,0.038,2,0.0,2
421.0,2,5.9877,2,34.0247,2,57.1,2,61.3,2,0.038,2,0.0,2
422.0,2,5.9874,2,34.0249,2,57.3,2,61.4,2,0.038,2,0.0,2
423.1,2,5.9869,2,34.0249,2,57.2,2,61.4,2,0.038,2,0.0,2
423.5,2,5.9863,2,34.0249,2,57.1,2,61.4,2,0.038,2,0.0,2
425.1,2,5.9831,2,34.0253,2,57.2,2,61.2,2,0.038,2,0.0,2
426.0,2,5.9786,2,34.0257,2,57.1,2,61.3,2,0.038,2,0.0,2
427.0,2,5.9768,2,34.0258,2,57.0,2,61.3,2,0.038,2,0.0,2
428.0,2,5.9759,2,34.0258,2,57.0,2,61.2,2,0.038,2,0.0,2
429.0,2,5.9749,2,34.0259,2,56.9,2,61.3,2,0.038,2,0.0,2
430.0,2,5.9737,2,34.0261,2,56.7,2,61.3,2,0.038,2,0.0,2
431.0,2,5.9733,2,34.025999999999996,2,56.7,2,61.3,2,0.038,2,0.0,2
432.0,2,5.9721,2,34.0262,2,56.7,2,61.2,2,0.038,2,0.0,2
433.0,2,5.9713,2,34.0262,2,56.7,2,61.3,2,0.038,2,0.0,2
434.0,2,5.968999999999999,2,34.0264,2,56.6,2,61.3,2,0.038,2,0.0,2
434.8,2,5.9662,2,34.0269,2,56.6,2,61.3,2,0.038,2,0.0,2
436.1,2,5.9638,2,34.0269,2,56.4,2,61.1,2,0.038,2,0.0,2
437.0,2,5.9608,2,34.0272,2,56.3,2,61.2,2,0.038,2,0.0,2
438.0,2,5.96,2,34.0272,2,56.2,2,61.2,2,0.038,2,0.0,2
439.0,2,5.9566,2,34.0274,2,56.1,2,61.2,2,0.038,2,0.0,2
440.0,2,5.9510000000000005,2,34.0278,2,56.0,2,61.2,2,0.038,2,0.0,2
441.0,2,5.9478,2,34.0281,2,55.8,2,61.1,2,0.038,2,0.0,2
442.0,2,5.9455,2,34.0283,2,55.7,2,61.1,2,0.038,2,0.0,2
443.0,2,5.9436,2,34.0283,2,55.6,2,61.0,2,0.038,2,0.0,2
444.0,2,5.9408,2,34.0286,2,55.5,2,61.1,2,0.038,2,0.0,2
445.0,2,5.9365,2,34.0288,2,55.4,2,61.1,2,0.035,2,0.0,2
446.0,2,5.9328,2,34.0293,2,55.3,2,61.0,2,0.038,2,0.0,2
446.6,2,5.9317,2,34.0297,2,55.3,2,61.0,2,0.038,2,0.0,2
448.1,2,5.9291,2,34.03,2,55.1,2,61.0,2,0.038,2,0.0,2
449.0,2,5.9267,2,34.0299,2,54.9,2,61.0,2,0.037000000000000005,2,0.0,2
450.0,2,5.9264,2,34.0299,2,54.7,2,61.0,2,0.035,2,0.0,2
451.0,2,5.925,2,34.0301,2,54.8,2,61.0,2,0.038,2,0.0,2
452.0,2,5.9244,2,34.03,2,54.7,2,61.0,2,0.038,2,0.0,2
453.0,2,5.9232,2,34.0301,2,54.6,2,61.0,2,0.038,2,0.0,2
454.0,2,5.9222,2,34.0302,2,54.7,2,61.0,2,0.035,2,0.0,2
455.0,2,5.9219,2,34.0304,2,54.7,2,61.0,2,0.034,2,0.0,2
456.0,2,5.9217,2,34.0304,2,54.8,2,61.0,2,0.038,2,0.0,2
457.0,2,5.921,2,34.0306,2,54.7,2,60.9,2,0.033,2,0.0,2
458.0,2,5.9208,2,34.0307,2,54.7,2,60.9,2,0.037000000000000005,2,0.0,2
459.0,2,5.9198,2,34.0308,2,54.5,2,61.0,2,0.033,2,0.0,2
460.0,2,5.919,2,34.0308,2,54.7,2,61.0,2,0.035,2,0.0,2
461.0,2,5.9146,2,34.031,2,54.4,2,60.8,2,0.035,2,0.0,2
462.0,2,5.9073,2,34.0321,2,54.3,2,61.0,2,0.038,2,0.0,2
463.0,2,5.9051,2,34.0321,2,54.1,2,60.9,2,0.038,2,0.0,2
464.0,2,5.8949,2,34.0329,2,53.9,2,60.8,2,0.038,2,0.0,2
465.0,2,5.8908,2,34.0333,2,53.6,2,60.8,2,0.037000000000000005,2,0.0,2
466.0,2,5.886,2,34.0338,2,53.6,2,60.9,2,0.038,2,0.0,2
467.0,2,5.885,2,34.0338,2,53.5,2,60.9,2,0.038,2,0.0,2
468.0,2,5.8845,2,34.0339,2,53.3,2,60.9,2,0.038,2,0.0,2
469.0,2,5.8836,2,34.0338,2,53.2,2,60.8,2,0.035,2,0.0,2
470.0,2,5.8777,2,34.0345,2,53.2,2,60.8,2,0.032,2,0.0,2
470.7,2,5.8714,2,34.036,2,53.0,2,60.8,2,0.036000000000000004,2,0.0,2
472.1,2,5.8602,2,34.0359,2,52.7,2,60.8,2,0.037000000000000005,2,0.0,2
473.0,2,5.8415,2,34.0379,2,52.3,2,60.8,2,0.034,2,0.0,2
474.0,2,5.8386,2,34.0382,2,52.0,2,60.8,2,0.038,2,0.0,2
475.0,2,5.8209,2,34.0396,2,51.8,2,60.7,2,0.038,2,0.0,2
476.0,2,5.8182,2,34.04,2,51.5,2,60.6,2,0.03,2,0.0,2
477.0,2,5.8191,2,34.0401,2,51.3,2,60.6,2,0.036000000000000004,2,0.0,2
478.0,2,5.8164,2,34.0405,2,51.2,2,60.4,2,0.038,2,0.0,2
479.0,2,5.8096,2,34.0411,2,51.0,2,60.3,2,0.038,2,0.0,2
480.0,2,5.8020000000000005,2,34.0418,2,50.9,2,60.2,2,0.038,2,0.0,2
480.6,2,5.7883,2,34.0443,2,50.7,2,60.2,2,0.038,2,0.0,2
482.1,2,5.7761,2,34.0447,2,50.2,2,59.9,2,0.032,2,0.0,2
483.0,2,5.7698,2,34.0454,2,50.0,2,60.0,2,0.033,2,0.0,2
484.0,2,5.7674,2,34.0454,2,49.7,2,59.9,2,0.036000000000000004,2,0.0,2
485.0,2,5.7638,2,34.0459,2,49.3,2,59.9,2,0.032,2,0.0,2
486.0,2,5.7617,2,34.046,2,49.3,2,59.8,2,0.026000000000000002,2,0.0,2
487.0,2,5.7588,2,34.0464,2,49.2,2,59.8,2,0.027999999999999997,2,0.0,2
488.0,2,5.7535,2,34.0468,2,49.0,2,59.8,2,0.038,2,0.0,2
489.0,2,5.7349,2,34.0487,2,48.6,2,59.7,2,0.028999999999999998,2,0.0,2
490.0,2,5.7205,2,34.0501,2,48.3,2,59.7,2,0.027000000000000003,2,0.0,2
491.0,2,5.7113,2,34.0517,2,48.1,2,59.7,2,0.025,2,0.0,2
492.0,2,5.7069,2,34.0522,2,47.9,2,59.6,2,0.038,2,0.0,2
493.0,2,5.7025,2,34.0525,2,47.5,2,59.6,2,0.035,2,0.0,2
494.0,2,5.6947,2,34.053000000000004,2,47.3,2,59.7,2,0.033,2,0.0,2
495.0,2,5.6919,2,34.0532,2,47.0,2,59.7,2,0.037000000000000005,2,0.0,2
496.0,2,5.6841,2,34.0541,2,46.7,2,59.7,2,0.03,2,0.0,2
497.0,2,5.6783,2,34.0546,2,46.6,2,59.6,2,0.032,2,0.0,2
498.0,2,5.6715,2,34.0555,2,46.4,2,59.4,2,0.038,2,0.0,2
499.0,2,5.6658,2,34.0568,2,46.3,2,59.3,2,0.038,2,0.0,2
500.0,2,5.6539,2,34.0574,2,46.0,2,59.4,2,0.038,2,0.0,2
501.0,2,5.6408,2,34.0585,2,45.6,2,59.3,2,0.032,2,0.0,2
502.0,2,5.6116,2,34.0617,2,45.0,2,59.4,2,0.032,2,0.0,2
503.0,2,5.6,2,34.0631,2,44.6,2,59.6,2,0.031,2,0.0,2
504.1,2,5.5897,2,34.0651,2,44.2,2,59.6,2,0.038,2,0.0,2
505.0,2,5.5812,2,34.066,2,43.6,2,59.4,2,0.035,2,0.0,2
506.0,2,5.5646,2,34.0672,2,43.2,2,59.5,2,0.038,2,0.0,2
507.0,2,5.5583,2,34.068000000000005,2,42.9,2,59.4,2,0.028999999999999998,2,0.0,2
508.0,2,5.5506,2,34.0686,2,42.6,2,59.5,2,0.025,2,0.0,2
509.0,2,5.5373,2,34.0703,2,42.3,2,59.4,2,0.035,2,0.0,2
510.0,2,5.5303,2,34.0714,2,42.0,2,59.4,2,0.025,2,0.0,2
511.0,2,5.5215,2,34.0719,2,41.6,2,59.3,2,0.025,2,0.0,2
512.0,2,5.5055,2,34.0737,2,41.2,2,59.3,2,0.028999999999999998,2,0.0,2
513.0,2,5.4951,2,34.0745,2,41.1,2,59.4,2,0.033,2,0.0,2
514.0,2,5.4773,2,34.0764,2,40.8,2,59.3,2,0.038,2,0.0,2
515.0,2,5.4543,2,34.0789,2,40.3,2,59.3,2,0.038,2,0.0,2
516.0,2,5.4389,2,34.0814,2,39.6,2,59.1,2,0.031,2,0.0,2
517.0,2,5.4121,2,34.0852,2,39.1,2,59.0,2,0.032,2,0.0,2
518.0,2,5.399,2,34.0864,2,38.3,2,59.1,2,0.032,2,0.0,2
519.0,2,5.3837,2,34.0893,2,37.8,2,59.2,2,0.027999999999999997,2,0.0,2
520.0,2,5.3681,2,34.09,2,37.3,2,59.2,2,0.032,2,0.0,2
521.0,2,5.3626,2,34.0907,2,36.6,2,59.2,2,0.027000000000000003,2,0.0,2
522.0,2,5.3535,2,34.0918,2,36.5,2,59.2,2,0.03,2,0.0,2
523.0,2,5.3415,2,34.0934,2,36.1,2,59.3,2,0.026000000000000002,2,0.0,2
524.0,2,5.3262,2,34.094,2,35.8,2,59.3,2,0.025,2,0.0,2
525.0,2,5.2768,2,34.0953,2,35.5,2,59.3,2,0.028999999999999998,2,0.0,2
526.0,2,5.2736,2,34.0966,2,35.1,2,59.7,2,0.035,2,0.0,2
527.0,2,5.2751,2,34.0981,2,34.8,2,59.8,2,0.025,2,0.0,2
527.8,2,5.2678,2,34.099000000000004,2,34.8,2,59.7,2,0.026000000000000002,2,0.0,2
529.4,2,5.2558,2,34.0979,2,34.6,2,59.3,2,0.025,2,0.0,2
530.0,2,5.2455,2,34.0978,2,34.3,2,59.3,2,0.027999999999999997,2,0.0,2
531.0,2,5.2302,2,34.0985,2,34.0,2,60.0,2,0.025,2,0.0,2
532.0,2,5.2238,2,34.0999,2,33.8,2,60.2,2,0.03,2,0.0,2
533.0,2,5.2224,2,34.1004,2,33.5,2,60.2,2,0.028999999999999998,2,0.0,2
534.0,2,5.2197,2,34.1014,2,33.3,2,60.2,2,0.025,2,0.0,2
535.0,2,5.2179,2,34.1037,2,33.0,2,60.2,2,0.025,2,0.0,2
536.0,2,5.2189,2,34.1045,2,32.9,2,60.0,2,0.025,2,0.0,2
537.0,2,5.2186,2,34.1056,2,32.5,2,59.9,2,0.033,2,0.0,2
538.0,2,5.2139999999999995,2,34.1097,2,32.3,2,59.8,2,0.027999999999999997,2,0.0,2
539.0,2,5.1938,2,34.1116,2,31.7,2,59.7,2,0.026000000000000002,2,0.0,2
540.0,2,5.1744,2,34.113,2,31.4,2,59.8,2,0.025,2,0.0,2
541.0,2,5.1698,2,34.1133,2,31.2,2,59.9,2,0.025,2,0.0,2
541.8,2,5.1675,2,34.114000000000004,2,30.9,2,60.0,2,0.025,2,0.0,2
543.0,2,5.164,2,34.1141,2,30.8,2,59.9,2,0.025,2,0.0,2
544.0,2,5.1562,2,34.1157,2,30.6,2,60.0,2,0.025,2,0.0,2
545.0,2,5.1535,2,34.1163,2,30.3,2,59.9,2,0.025,2,0.0,2
546.0,2,5.1529,2,34.1167,2,30.2,2,59.9,2,0.025,2,0.0,2
547.0,2,5.1511,2,34.1172,2,30.1,2,60.1,2,0.025,2,0.0,2
548.0,2,5.1455,2,34.119,2,29.9,2,60.0,2,0.025,2,0.0,2
549.0,2,5.1452,2,34.1191,2,29.8,2,60.0,2,0.025,2,0.0,2
550.0,2,5.145,2,34.119,2,29.7,2,60.0,2,0.025,2,0.0,2
551.0,2,5.1445,2,34.1193,2,29.6,2,59.9,2,0.025,2,0.0,2
552.0,2,5.135,2,34.1212,2,29.4,2,60.0,2,0.027999999999999997,2,0.0,2
553.0,2,5.129,2,34.1215,2,29.3,2,60.1,2,0.025,2,0.0,2
554.0,2,5.1282,2,34.1212,2,29.0,2,60.1,2,0.03,2,0.0,2
555.0,2,5.1257,2,34.1217,2,29.0,2,60.2,2,0.025,2,0.0,2
556.0,2,5.1194,2,34.1225,2,28.9,2,60.2,2,0.025,2,0.0,2
557.0,2,5.1142,2,34.1234,2,28.7,2,60.0,2,0.025,2,0.0,2
558.0,2,5.112,2,34.1237,2,28.7,2,60.1,2,0.025,2,0.0,2
559.0,2,5.1113,2,34.1237,2,28.6,2,60.2,2,0.025,2,0.0,2
560.0,2,5.1017,2,34.1261,2,28.4,2,60.1,2,0.025,2,0.0,2
561.0,2,5.0958,2,34.1268,2,28.3,2,60.0,2,0.028999999999999998,2,0.0,2
562.0,2,5.0882,2,34.1279,2,28.0,2,60.0,2,0.025,2,0.0,2
563.0,2,5.0863,2,34.1283,2,27.9,2,59.9,2,0.028999999999999998,2,0.0,2
564.0,2,5.0848,2,34.1286,2,27.7,2,60.0,2,0.028999999999999998,2,0.0,2
565.0,2,5.0793,2,34.1292,2,27.8,2,60.1,2,0.027999999999999997,2,0.0,2
566.0,2,5.0733,2,34.1304,2,27.6,2,60.1,2,0.025,2,0.0,2
567.0,2,5.0697,2,34.1306,2,27.5,2,60.1,2,0.025,2,0.0,2
568.0,2,5.0623,2,34.1319,2,27.3,2,60.1,2,0.025,2,0.0,2
569.0,2,5.0609,2,34.1322,2,27.3,2,60.0,2,0.026000000000000002,2,0.0,2
570.0,2,5.0506,2,34.1333,2,27.0,2,59.9,2,0.025,2,0.0,2
571.0,2,5.0451,2,34.1344,2,26.9,2,60.0,2,0.026000000000000002,2,0.0,2
572.0,2,5.043,2,34.1346,2,26.8,2,60.0,2,0.027000000000000003,2,0.0,2
573.0,2,5.0355,2,34.1351,2,26.6,2,59.9,2,0.025,2,0.0,2
574.0,2,5.0214,2,34.1375,2,26.4,2,59.9,2,0.025,2,0.0,2
575.0,2,5.0154,2,34.1383,2,26.2,2,60.0,2,0.025,2,0.0,2
576.0,2,5.0102,2,34.139,2,25.9,2,59.9,2,0.025,2,0.0,2
577.0,2,5.0056,2,34.1396,2,25.9,2,60.0,2,0.025,2,0.0,2
578.0,2,5.0057,2,34.1397,2,25.8,2,60.0,2,0.025,2,0.0,2
579.0,2,5.0055,2,34.1398,2,25.6,2,60.0,2,0.025,2,0.0,2
580.0,2,4.9921,2,34.1413,2,25.5,2,60.1,2,0.025,2,0.0,2
581.0,2,4.981,2,34.143,2,25.4,2,60.1,2,0.028999999999999998,2,0.0,2
582.0,2,4.9803,2,34.1432,2,25.3,2,60.1,2,0.025,2,0.0,2
582.8,2,4.975,2,34.1443,2,25.2,2,60.1,2,0.025,2,0.0,2
584.2,2,4.9681,2,34.1453,2,25.0,2,60.1,2,0.025,2,0.0,2
585.0,2,4.9599,2,34.1463,2,25.0,2,60.0,2,0.025,2,0.0,2
586.0,2,4.9572,2,34.1466,2,24.7,2,60.1,2,0.025,2,0.0,2
587.0,2,4.954,2,34.147,2,24.6,2,60.2,2,0.025,2,0.0,2
588.0,2,4.9507,2,34.1476,2,24.5,2,60.2,2,0.025,2,0.0,2
589.0,2,4.9506,2,34.1475,2,24.3,2,60.2,2,0.025,2,0.0,2
590.0,2,4.9467,2,34.1479,2,24.3,2,60.2,2,0.025,2,0.0,2
591.0,2,4.9405,2,34.1486,2,24.2,2,60.2,2,0.025,2,0.0,2
592.0,2,4.9289,2,34.1505,2,24.1,2,60.2,2,0.025,2,0.0,2
592.8,2,4.9236,2,34.1521,2,24.0,2,60.1,2,0.025,2,0.0,2
594.3,2,4.9206,2,34.1524,2,23.9,2,60.0,2,0.025,2,0.0,2
595.0,2,4.9186,2,34.1523,2,23.7,2,60.0,2,0.025,2,0.0,2
596.0,2,4.9172,2,34.1525,2,23.6,2,60.2,2,0.025,2,0.0,2
597.0,2,4.9161,2,34.1528,2,23.6,2,60.2,2,0.025,2,0.0,2
598.0,2,4.9138,2,34.153,2,23.6,2,60.1,2,0.025,2,0.0,2
599.0,2,4.913,2,34.1531,2,23.5,2,60.1,2,0.025,2,0.0,2
600.0,2,4.9104,2,34.1535,2,23.5,2,60.2,2,0.025,2,0.0,2
601.1,2,4.9069,2,34.154,2,23.4,2,60.1,2,0.025,2,0.0,2
602.0,2,4.9063,2,34.1545,2,23.3,2,60.0,2,0.025,2,0.0,2
603.0,2,4.9061,2,34.1543,2,23.3,2,60.1,2,0.025,2,0.0,2
604.0,2,4.9026,2,34.1548,2,23.1,2,60.1,2,0.025,2,0.0,2
605.0,2,4.9002,2,34.1551,2,23.1,2,60.2,2,0.025,2,0.0,2
606.0,2,4.8991,2,34.1553,2,23.1,2,60.2,2,0.025,2,0.0,2
607.0,2,4.8987,2,34.1553,2,23.1,2,60.3,2,0.025,2,0.0,2
608.0,2,4.8963,2,34.1556,2,22.8,2,60.2,2,0.025,2,0.0,2
609.0,2,4.8944,2,34.1559,2,22.8,2,60.2,2,0.025,2,0.0,2
610.0,2,4.8937,2,34.1562,2,23.0,2,60.1,2,0.025,2,0.0,2
611.0,2,4.8901,2,34.1564,2,22.7,2,60.2,2,0.031,2,0.0,2
612.0,2,4.876,2,34.1583,2,22.7,2,60.3,2,0.031,2,0.0,2
613.0,2,4.8566,2,34.1614,2,22.4,2,60.2,2,0.026000000000000002,2,0.0,2
614.0,2,4.8474,2,34.1628,2,22.3,2,60.4,2,0.025,2,0.0,2
615.0,2,4.8447,2,34.1631,2,22.1,2,60.2,2,0.025,2,0.0,2
615.6,2,4.8437,2,34.1636,2,22.0,2,60.2,2,0.025,2,0.0,2
617.2,2,4.8434,2,34.1636,2,22.0,2,60.2,2,0.025,2,0.0,2
618.0,2,4.8435,2,34.1635,2,21.9,2,60.1,2,0.025,2,0.0,2
619.0,2,4.8427,2,34.1634,2,21.8,2,60.2,2,0.025,2,0.0,2
620.0,2,4.8415,2,34.1636,2,21.9,2,60.3,2,0.025,2,0.0,2
621.0,2,4.8352,2,34.1645,2,21.8,2,60.2,2,0.025,2,0.0,2
622.1,2,4.8257,2,34.1663,2,21.8,2,60.1,2,0.025,2,0.0,2
623.4,2,4.821000000000001,2,34.1679,2,21.4,2,60.0,2,0.025,2,0.0,2
624.0,2,4.8174,2,34.1676,2,21.4,2,60.1,2,0.025,2,0.0,2
625.0,2,4.8105,2,34.1685,2,21.3,2,60.2,2,0.025,2,0.0,2
626.0,2,4.8071,2,34.169000000000004,2,21.2,2,60.2,2,0.025,2,0.0,2
627.0,2,4.8041,2,34.1695,2,21.1,2,60.2,2,0.025,2,0.0,2
628.0,2,4.8045,2,34.1694,2,21.0,2,60.3,2,0.025,2,0.0,2
629.0,2,4.7939,2,34.1706,2,20.9,2,60.2,2,0.025,2,0.0,2
630.0,2,4.7778,2,34.1735,2,20.8,2,60.2,2,0.025,2,0.0,2
631.0,2,4.7642,2,34.176,2,20.5,2,60.1,2,0.025,2,0.0,2
632.0,2,4.7488,2,34.1771,2,20.1,2,60.1,2,0.025,2,0.0,2
633.0,2,4.7331,2,34.1795,2,20.0,2,60.2,2,0.025,2,0.0,2
634.0,2,4.7294,2,34.18,2,19.8,2,60.2,2,0.025,2,0.0,2
635.0,2,4.7264,2,34.1805,2,19.9,2,60.2,2,0.025,2,0.0,2
636.0,2,4.725,2,34.1811,2,19.7,2,60.2,2,0.025,2,0.0,2
637.0,2,4.7217,2,34.1817,2,19.5,2,60.2,2,0.025,2,0.0,2
638.0,2,4.7106,2,34.183,2,19.3,2,60.2,2,0.025,2,0.0,2
639.0,2,4.7039,2,34.1842,2,19.2,2,60.2,2,0.025,2,0.0,2
640.0,2,4.6951,2,34.1851,2,19.1,2,60.3,2,0.025,2,0.0,2
641.0,2,4.6783,2,34.1879,2,18.9,2,60.2,2,0.025,2,0.0,2
642.0,2,4.6645,2,34.1907,2,18.8,2,60.2,2,0.025,2,0.0,2
643.0,2,4.6491,2,34.1931,2,18.4,2,60.2,2,0.025,2,0.0,2
644.0,2,4.6478,2,34.1924,2,18.3,2,60.2,2,0.025,2,0.0,2
645.0,2,4.6444,2,34.1928,2,18.2,2,60.3,2,0.025,2,0.0,2
646.0,2,4.6354,2,34.194,2,18.1,2,60.3,2,0.025,2,0.0,2
647.0,2,4.6338,2,34.1943,2,17.9,2,60.4,2,0.025,2,0.0,2
648.0,2,4.6313,2,34.1947,2,17.8,2,60.4,2,0.025,2,0.0,2
649.0,2,4.6303,2,34.1949,2,17.6,2,60.4,2,0.025,2,0.0,2
650.0,2,4.6269,2,34.1952,2,17.5,2,60.5,2,0.025,2,0.0,2
651.0,2,4.6254,2,34.1954,2,17.5,2,60.6,2,0.025,2,0.0,2
652.0,2,4.6226,2,34.1957,2,17.3,2,60.5,2,0.025,2,0.0,2
653.0,2,4.6213,2,34.1959,2,17.3,2,60.6,2,0.025,2,0.0,2
654.0,2,4.6211,2,34.1961,2,17.2,2,60.6,2,0.025,2,0.0,2
655.0,2,4.6199,2,34.1963,2,17.2,2,60.7,2,0.025,2,0.0,2
656.0,2,4.6191,2,34.1964,2,17.1,2,60.7,2,0.025,2,0.0,2
657.0,2,4.617,2,34.1967,2,17.1,2,60.6,2,0.025,2,0.0,2
658.0,2,4.6146,2,34.1971,2,17.1,2,60.6,2,0.025,2,0.0,2
659.0,2,4.6086,2,34.1986,2,17.0,2,60.7,2,0.025,2,0.0,2
660.0,2,4.5986,2,34.1997,2,16.9,2,60.7,2,0.025,2,0.0,2
661.0,2,4.5923,2,34.2004,2,16.7,2,60.8,2,0.025,2,0.0,2
662.0,2,4.5892,2,34.201,2,16.5,2,61.0,2,0.025,2,0.0,2
663.0,2,4.586,2,34.2014,2,16.5,2,61.0,2,0.025,2,0.0,2
664.0,2,4.5772,2,34.2027,2,16.4,2,61.0,2,0.025,2,0.0,2
665.0,2,4.5739,2,34.2032,2,16.3,2,61.0,2,0.025,2,0.0,2
666.0,2,4.5721,2,34.2038,2,16.2,2,61.0,2,0.025,2,0.0,2
667.0,2,4.5707,2,34.2039,2,16.1,2,60.9,2,0.025,2,0.0,2
668.0,2,4.5685,2,34.2045,2,16.1,2,60.9,2,0.025,2,0.0,2
669.0,2,4.5673,2,34.2048,2,16.3,2,61.0,2,0.025,2,0.0,2
670.0,2,4.5648,2,34.2054,2,16.2,2,60.9,2,0.025,2,0.0,2
671.0,2,4.5637,2,34.2056,2,16.2,2,60.8,2,0.025,2,0.0,2
672.0,2,4.5626,2,34.2058,2,16.2,2,60.8,2,0.025,2,0.0,2
673.0,2,4.562,2,34.205999999999996,2,16.0,2,60.7,2,0.025,2,0.0,2
674.0,2,4.5605,2,34.2063,2,16.0,2,60.8,2,0.025,2,0.0,2
675.0,2,4.5591,2,34.2067,2,16.1,2,60.8,2,0.025,2,0.0,2
676.0,2,4.5566,2,34.2069,2,16.1,2,60.8,2,0.025,2,0.0,2
677.0,2,4.5542,2,34.2073,2,15.9,2,60.9,2,0.025,2,0.0,2
678.0,2,4.5527,2,34.2076,2,15.9,2,60.6,2,0.025,2,0.0,2
679.0,2,4.5509,2,34.2079,2,15.9,2,60.6,2,0.025,2,0.0,2
680.0,2,4.5432,2,34.2091,2,15.7,2,60.7,2,0.025,2,0.0,2
681.0,2,4.5327,2,34.2108,2,15.6,2,60.6,2,0.025,2,0.0,2
682.0,2,4.5299,2,34.2114,2,15.7,2,60.7,2,0.025,2,0.0,2
683.0,2,4.5238,2,34.2125,2,15.6,2,60.6,2,0.025,2,0.0,2
684.0,2,4.5178,2,34.2136,2,15.3,2,60.6,2,0.025,2,0.0,2
685.0,2,4.5167,2,34.2138,2,15.4,2,60.6,2,0.025,2,0.0,2
686.0,2,4.5159,2,34.2137,2,15.4,2,60.7,2,0.025,2,0.0,2
687.0,2,4.5149,2,34.2139,2,15.3,2,60.6,2,0.025,2,0.0,2
688.0,2,4.5102,2,34.2144,2,15.3,2,60.6,2,0.025,2,0.0,2
689.0,2,4.4977,2,34.2166,2,15.3,2,60.8,2,0.025,2,0.0,2
690.0,2,4.4939,2,34.2174,2,15.1,2,60.7,2,0.025,2,0.0,2
691.0,2,4.4908,2,34.2178,2,15.0,2,60.6,2,0.025,2,0.0,2
692.0,2,4.4883,2,34.2182,2,15.0,2,60.6,2,0.025,2,0.0,2
693.0,2,4.4857,2,34.2186,2,14.9,2,60.7,2,0.025,2,0.0,2
693.9,2,4.4817,2,34.2197,2,14.8,2,60.8,2,0.025,2,0.0,2
695.0,2,4.4754,2,34.221,2,14.8,2,60.8,2,0.025,2,0.0,2
696.0,2,4.4747,2,34.2209,2,14.8,2,60.8,2,0.025,2,0.0,2
697.0,2,4.4739,2,34.2213,2,14.7,2,60.8,2,0.025,2,0.0,2
698.0,2,4.4735,2,34.2213,2,14.6,2,60.6,2,0.025,2,0.0,2
699.0,2,4.468999999999999,2,34.2222,2,14.7,2,60.6,2,0.025,2,0.0,2
700.0,2,4.4669,2,34.2225,2,14.6,2,60.6,2,0.025,2,0.0,2
701.0,2,4.4654,2,34.223,2,14.8,2,60.4,2,0.025,2,0.0,2
702.0,2,4.4635,2,34.2233,2,14.6,2,60.4,2,0.025,2,0.0,2
703.0,2,4.4627,2,34.2235,2,14.7,2,60.4,2,0.025,2,0.0,2
704.0,2,4.4624,2,34.2235,2,14.6,2,60.4,2,0.025,2,0.0,2
705.0,2,4.4609,2,34.2238,2,14.6,2,60.4,2,0.025,2,0.0,2
706.0,2,4.46,2,34.2239,2,14.6,2,60.4,2,0.025,2,0.0,2
707.0,2,4.4591,2,34.2243,2,14.6,2,60.3,2,0.025,2,0.0,2
707.9,2,4.4591,2,34.2243,2,14.6,2,60.1,2,0.025,2,0.0,2
709.0,2,4.4595,2,34.2243,2,14.6,2,60.3,2,0.025,2,0.0,2
710.0,2,4.4573,2,34.2248,2,14.6,2,60.2,2,0.025,2,0.0,2
711.0,2,4.4559,2,34.225,2,14.7,2,60.1,2,0.025,2,0.0,2
712.0,2,4.4543,2,34.2255,2,14.6,2,60.1,2,0.025,2,0.0,2
713.0,2,4.4474,2,34.2266,2,14.3,2,60.0,2,0.025,2,0.0,2
714.0,2,4.4467,2,34.2266,2,14.6,2,60.1,2,0.025,2,0.0,2
715.0,2,4.444,2,34.2272,2,14.4,2,60.1,2,0.025,2,0.0,2
716.0,2,4.4422,2,34.2274,2,14.4,2,60.1,2,0.025,2,0.0,2
717.0,2,4.4296,2,34.2289,2,14.3,2,60.1,2,0.025,2,0.0,2
718.0,2,4.4214,2,34.2305,2,14.3,2,60.2,2,0.025,2,0.0,2
718.9,2,4.4203,2,34.2308,2,14.3,2,60.5,2,0.025,2,0.0,2
720.5,2,4.4167,2,34.2313,2,14.3,2,60.1,2,0.025,2,0.0,2
721.0,2,4.416,2,34.2315,2,14.0,2,60.2,2,0.025,2,0.0,2
722.0,2,4.4147,2,34.2317,2,14.0,2,60.6,2,0.025,2,0.0,2
723.0,2,4.414,2,34.2319,2,14.0,2,60.7,2,0.025,2,0.0,2
724.0,2,4.4144,2,34.2317,2,13.9,2,60.7,2,0.025,2,0.0,2
725.0,2,4.4138,2,34.2318,2,14.0,2,60.7,2,0.025,2,0.0,2
726.0,2,4.412,2,34.2322,2,13.7,2,60.5,2,0.025,2,0.0,2
727.0,2,4.4109,2,34.2324,2,13.8,2,60.4,2,0.025,2,0.0,2
728.0,2,4.4045,2,34.2337,2,13.8,2,60.7,2,0.025,2,0.0,2
729.0,2,4.4019,2,34.2344,2,13.9,2,60.6,2,0.025,2,0.0,2
730.0,2,4.3966,2,34.2348,2,13.7,2,60.5,2,0.025,2,0.0,2
731.0,2,4.3941,2,34.2355,2,13.7,2,60.6,2,0.025,2,0.0,2
732.0,2,4.3941,2,34.2355,2,13.6,2,60.5,2,0.025,2,0.0,2
733.0,2,4.3932,2,34.2358,2,13.7,2,60.5,2,0.025,2,0.0,2
734.0,2,4.3899,2,34.2363,2,13.6,2,60.5,2,0.025,2,0.0,2
735.0,2,4.3889,2,34.2366,2,13.6,2,60.4,2,0.025,2,0.0,2
736.0,2,4.3863,2,34.236999999999995,2,13.6,2,60.4,2,0.025,2,0.0,2
737.0,2,4.3845,2,34.2374,2,13.6,2,60.4,2,0.025,2,0.0,2
738.0,2,4.3791,2,34.2386,2,13.6,2,60.3,2,0.025,2,0.0,2
739.0,2,4.3759,2,34.239000000000004,2,13.6,2,60.2,2,0.025,2,0.0,2
740.0,2,4.3676,2,34.2404,2,13.3,2,60.1,2,0.025,2,0.0,2
741.0,2,4.362,2,34.2414,2,13.4,2,60.1,2,0.025,2,0.0,2
742.0,2,4.3558,2,34.2425,2,13.3,2,60.1,2,0.025,2,0.0,2
743.0,2,4.3534,2,34.2428,2,13.3,2,60.3,2,0.025,2,0.0,2
744.0,2,4.3514,2,34.2433,2,13.3,2,60.4,2,0.025,2,0.0,2
745.0,2,4.3493,2,34.2439,2,13.1,2,60.5,2,0.025,2,0.0,2
746.0,2,4.3486,2,34.2438,2,13.1,2,60.5,2,0.025,2,0.0,2
747.0,2,4.3465,2,34.2442,2,13.1,2,60.6,2,0.025,2,0.0,2
748.0,2,4.3456,2,34.2444,2,13.0,2,60.5,2,0.025,2,0.0,2
749.0,2,4.3451,2,34.2446,2,13.1,2,60.4,2,0.025,2,0.0,2
750.0,2,4.3434,2,34.2449,2,13.1,2,60.4,2,0.025,2,0.0,2
751.0,2,4.3393,2,34.2456,2,12.9,2,60.4,2,0.025,2,0.0,2
752.0,2,4.3344,2,34.2463,2,13.0,2,60.3,2,0.025,2,0.0,2
753.0,2,4.322,2,34.2494,2,12.9,2,60.2,2,0.025,2,0.0,2
754.0,2,4.309,2,34.2517,2,12.8,2,60.0,2,0.025,2,0.0,2
755.0,2,4.3047,2,34.2519,2,12.9,2,59.6,2,0.025,2,0.0,2
756.0,2,4.301,2,34.2525,2,12.7,2,59.7,2,0.025,2,0.0,2
757.0,2,4.2982,2,34.253,2,12.6,2,59.8,2,0.025,2,0.0,2
758.0,2,4.2967,2,34.2534,2,12.7,2,59.9,2,0.025,2,0.0,2
759.0,2,4.2948,2,34.2539,2,12.6,2,59.9,2,0.025,2,0.0,2
760.0,2,4.2919,2,34.2544,2,12.5,2,59.9,2,0.025,2,0.0,2
761.0,2,4.2887,2,34.255,2,12.6,2,60.0,2,0.025,2,0.0,2
762.0,2,4.2865,2,34.2554,2,12.5,2,60.1,2,0.025,2,0.0,2
763.0,2,4.2821,2,34.2562,2,12.5,2,60.1,2,0.025,2,0.0,2
764.0,2,4.277,2,34.2572,2,12.4,2,60.1,2,0.025,2,0.0,2
765.0,2,4.2753,2,34.2576,2,12.4,2,60.1,2,0.025,2,0.0,2
766.0,2,4.2733,2,34.2578,2,12.4,2,60.1,2,0.025,2,0.0,2
767.1,2,4.2708,2,34.2587,2,12.4,2,60.0,2,0.025,2,0.0,2
768.0,2,4.2669999999999995,2,34.2592,2,12.4,2,59.9,2,0.025,2,0.0,2
769.0,2,4.2625,2,34.2598,2,12.1,2,59.9,2,0.025,2,0.0,2
770.0,2,4.2472,2,34.2626,2,12.1,2,60.1,2,0.025,2,0.0,2
771.0,2,4.2354,2,34.2647,2,12.2,2,60.1,2,0.025,2,0.0,2
772.0,2,4.2145,2,34.2684,2,12.2,2,59.9,2,0.025,2,0.0,2
773.0,2,4.2113,2,34.2692,2,12.0,2,59.9,2,0.025,2,0.0,2
773.7,2,4.2098,2,34.2702,2,11.9,2,59.8,2,0.025,2,0.0,2
775.0,2,4.2054,2,34.2703,2,11.9,2,59.8,2,0.025,2,0.0,2
776.0,2,4.2017,2,34.271,2,11.8,2,59.8,2,0.025,2,0.0,2
777.0,2,4.2008,2,34.2712,2,11.8,2,59.7,2,0.025,2,0.0,2
778.0,2,4.2005,2,34.2713,2,11.7,2,59.7,2,0.025,2,0.0,2
779.0,2,4.1997,2,34.2715,2,11.7,2,59.8,2,0.025,2,0.0,2
780.0,2,4.1962,2,34.2721,2,11.8,2,59.8,2,0.025,2,0.0,2
781.0,2,4.1873,2,34.2737,2,11.7,2,59.7,2,0.025,2,0.0,2
782.0,2,4.1754,2,34.2758,2,11.6,2,59.7,2,0.025,2,0.0,2
783.0,2,4.1725,2,34.2765,2,11.6,2,59.5,2,0.025,2,0.0,2
784.0,2,4.1702,2,34.2771,2,11.5,2,59.2,2,0.025,2,0.0,2
785.0,2,4.1637,2,34.2784,2,11.6,2,59.2,2,0.025,2,0.0,2
786.0,2,4.1508,2,34.2804,2,11.4,2,59.2,2,0.025,2,0.0,2
787.0,2,4.1195,2,34.2855,2,11.5,2,58.9,2,0.025,2,0.0,2
788.0,2,4.0961,2,34.2901,2,11.3,2,58.5,2,0.025,2,0.0,2
789.0,2,4.0925,2,34.2909,2,11.1,2,58.3,2,0.025,2,0.0,2
790.0,2,4.0872,2,34.2917,2,11.2,2,58.2,2,0.025,2,0.0,2
791.0,2,4.0906,2,34.2914,2,11.1,2,58.3,2,0.025,2,0.0,2
792.0,2,4.0455,2,34.2986,2,11.1,2,58.3,2,0.025,2,0.0,2
793.0,2,4.0167,2,34.3044,2,11.1,2,58.5,2,0.025,2,0.0,2
793.8,2,4.0149,2,34.3053,2,10.8,2,58.6,2,0.025,2,0.0,2
795.3,2,4.0122,2,34.306,2,11.0,2,58.2,2,0.025,2,0.0,2
796.0,2,4.0111,2,34.3059,2,10.9,2,58.5,2,0.025,2,0.0,2
797.0,2,4.0114,2,34.3058,2,10.9,2,58.8,2,0.025,2,0.0,2
798.0,2,4.0103,2,34.306,2,11.0,2,58.8,2,0.025,2,0.0,2
799.0,2,4.0099,2,34.3061,2,10.9,2,58.9,2,0.025,2,0.0,2
800.0,2,4.0092,2,34.3063,2,10.9,2,58.9,2,0.025,2,0.0,2
801.0,2,4.0076,2,34.3066,2,10.8,2,58.8,2,0.025,2,0.0,2
802.0,2,4.0045,2,34.3073,2,10.8,2,58.8,2,0.025,2,0.0,2
803.0,2,4.0048,2,34.308,2,10.9,2,58.8,2,0.025,2,0.0,2
804.0,2,4.0034,2,34.3078,2,10.7,2,58.9,2,0.025,2,0.0,2
805.0,2,4.0018,2,34.3081,2,10.8,2,59.0,2,0.025,2,0.0,2
806.0,2,4.0,2,34.3085,2,10.8,2,59.0,2,0.025,2,0.0,2
807.0,2,3.9952,2,34.3093,2,10.8,2,59.0,2,0.025,2,0.0,2
808.0,2,3.9899,2,34.3103,2,10.9,2,58.9,2,0.025,2,0.0,2
809.0,2,3.9867,2,34.3108,2,10.8,2,58.9,2,0.025,2,0.0,2
810.0,2,3.9789,2,34.312,2,10.8,2,59.0,2,0.025,2,0.0,2
811.0,2,3.9658,2,34.3148,2,10.8,2,58.8,2,0.025,2,0.0,2
811.9,2,3.9481,2,34.319,2,10.8,2,58.5,2,0.025,2,0.0,2
813.0,2,3.9443,2,34.3184,2,10.6,2,58.5,2,0.025,2,0.0,2
813.8,2,3.9259,2,34.3217,2,10.7,2,58.6,2,0.025,2,0.0,2
815.2,2,3.9083,2,34.3245,2,10.7,2,58.4,2,0.025,2,0.0,2
815.9,2,3.9084,2,34.3247,2,10.6,2,58.4,2,0.025,2,0.0,2
817.0,2,3.9078,2,34.3249,2,10.7,2,58.4,2,0.025,2,0.0,2
818.0,2,3.9073,2,34.325,2,10.6,2,58.2,2,0.025,2,0.0,2
818.8,2,3.9048,2,34.3256,2,10.6,2,58.3,2,0.025,2,0.0,2
END_DATA
