CTD,20190304CCHSIOLMM
#---------------------------------------------------------------------------------------------------,,,,,,,,,,,,,,,,,
#Transmissivity - Fluorescence - PAR data are nominal and unedited except that some records were removed in editing temperature and salinity.,,,,,,,,,,,,,,,,,
#---------------------------------------------------------------------------------------------------,,,,,,,,,,,,,,,,,
#The fluorometer values drifted during the cruise starting with slightly high dark values early in the cruise and rising to about 0.20 mg/m^3 by the end.,,,,,,,,,,,,,,,,,
#A time-dependent correction was applied based on values at 4000 m with an adjustment to ensure no negative values were produced.,,,,,,,,,,,,,,,,,
#This is an estimate and produces dark values at 2000 m ranging from 0.02 mg/m^3 to 0.09 mg/m^3.,,,,,,,,,,,,,,,,,
#---------------------------------------------------------------------------------------------------,,,,,,,,,,,,,,,,,
#NOTE: While the Fluorescence:CTD data are expressed in concentration units they do not always compare well to extracted chlorophyll samples particularly for casts far from shore.,,,,,,,,,,,,,,,,,
#It is recommended that users check extracted chlorophyll values where available.,,,,,,,,,,,,,,,,,
#---------------------------------------------------------------------------------------------------,,,,,,,,,,,,,,,,,
#Oxygen:Dissolved:CTD was calibrated using the method described in the Sea-Bird Application Note #64-2 of June 2012 (Sea-Bird_64-2_Jun2012.pdf) except that a small offset in the fit was allowed.,,,,,,,,,,,,,,,,,
#,,,,,,,,,,,,,,,,,
#The Oxygen:Dissolved:CTD sensor has a fairly long response time so data accuracy is not as high when it is in motion as it is during stops for bottles.,,,,,,,,,,,,,,,,,
#This will be especially true when vertical dissolved oxygen gradients are large. ,,,,,,,,,,,,,,,,,
#To get an estimate of the accuracy of the Oxygen:Dissolved:CTD data during downcasts (after recalibration) a rough comparison was made between downcast Oxygen:Dissolved:CTD data and upcast titrated samples. ,,,,,,,,,,,,,,,,,
#Some of the difference will be due to problems with flushing of Niskin bottles and/or analysis errors so the following statement likely underestimates Oxygen:Dissolved:CTD accuracy.,,,,,,,,,,,,,,,,,
#,,,,,,,,,,,,,,,,,
#Downcast (CTD files) Oxygen:Dissolved:CTD data are considered very roughly to be:,,,,,,,,,,,,,,,,,
#      • ±0.5 ml/l from 0 to 200 dbar,,,,,,,,,,,,,,,,,
#      • ±0.15 ml/l from 200 to 500 dbar,,,,,,,,,,,,,,,,,
#      • ±0.04 ml/l below 500 dbar,,,,,,,,,,,,,,,,,
#---------------------------------------------------------------------------------------------------,,,,,,,,,,,,,,,,,
#For details on the processing see the report 2017-08-proc.pdf,,,,,,,,,,,,,,,,,
#---------------------------------------------------------------------------------------------------,,,,,,,,,,,,,,,,,
#,,,,,,,,,,,,,,,,,
#File Name,Zone,FIL:START TIME YYYY/MM/DD, HH:MM,LOC:EVENT_NUMBER,LOC:LATITUDE,LOC:LONGITUDE,LOC:STATION,INS:LOCATION,Pressure:CTD [dbar],Temperature:CTD [deg_C_(ITS90)],Salinity:CTD [PSS-78],Sigma-t:CTD [kg/m^3],Transmissivity:CTD [*/m],Oxygen:Dissolved:CTD:Volume [ml/l],Oxygen:Dissolved:CTD:Mass [µmol/kg],Fluorescence:CTD:Seapoint [mg/m^3],PAR:CTD [µE/m^2/sec]
#,,,,,,,,,,,,,,,,,
NUMBER_HEADERS = 8
EXPOCODE = 18DD20170815
STNBR = P4
CASTNO = 6
DATE = 20170829
TIME =  14:32
LATITUDE = 48.651
LONGITUDE = -126.66717
CTDPRS,CTDPRS_FLAG_W,CTDTMP,CTDTMP_FLAG_W,CTDSAL,CTDSAL_FLAG_W,CTDOXY,CTDOXY_FLAG_W,CTDXMISS,CTDXMISS_FLAG_W,CTDFLUOR,CTDFLUOR_FLAG_W,PAR,PAR_FLAG_W
DBAR,,ITS-90,,PSS-78,,UMOL/KG,,,,MG/M^3,,UE/m^2/sec,
4.1,2,16.0037,2,31.8368,2,269.3,2,41.6,2,1.42,2,24.2,2
5.0,2,15.9123,2,31.8458,2,269.1,2,41.0,2,1.44,2,20.7,2
6.0,2,15.8292,2,31.8445,2,270.0,2,41.2,2,1.469,2,16.6,2
7.0,2,15.7239,2,31.842,2,271.7,2,41.5,2,1.454,2,14.1,2
7.9,2,15.6764,2,31.8373,2,272.4,2,40.7,2,1.433,2,12.3,2
9.0,2,15.6499,2,31.8407,2,272.7,2,40.5,2,1.4040000000000001,2,10.4,2
10.0,2,15.6224,2,31.8406,2,273.1,2,41.2,2,1.402,2,8.8,2
11.0,2,15.609000000000002,2,31.8411,2,272.8,2,41.4,2,1.38,2,7.6,2
12.0,2,15.5971,2,31.8398,2,271.7,2,41.6,2,1.3880000000000001,2,6.5,2
13.0,2,15.5524,2,31.8476,2,272.3,2,42.0,2,1.506,2,5.5,2
14.0,2,15.1127,2,31.9171,2,276.5,2,43.9,2,1.6909999999999998,2,4.6,2
15.0,2,14.9443,2,31.9487,2,278.6,2,45.1,2,1.824,2,3.9,2
16.0,2,14.8211,2,31.9585,2,278.2,2,45.2,2,1.942,2,3.4,2
17.0,2,14.5351,2,31.9727,2,280.2,2,45.2,2,2.153,2,3.1,2
18.0,2,13.7933,2,32.025999999999996,2,283.5,2,44.9,2,2.983,2,2.7,2
19.0,2,13.4504,2,32.0647,2,282.9,2,43.2,2,3.3689999999999998,2,2.4,2
20.0,2,13.155999999999999,2,32.0911,2,281.3,2,42.2,2,3.49,2,2.1,2
21.0,2,12.8788,2,32.1196,2,279.2,2,41.8,2,3.3819999999999997,2,1.7,2
22.0,2,12.5857,2,32.1492,2,275.8,2,43.3,2,3.138,2,1.4,2
22.7,2,12.1726,2,32.2255,2,273.3,2,44.5,2,2.84,2,1.2,2
24.0,2,11.7303,2,32.239000000000004,2,267.5,2,47.7,2,2.286,2,1.0,2
25.0,2,11.6634,2,32.2416,2,263.3,2,50.3,2,2.0909999999999997,2,0.9,2
26.0,2,11.4589,2,32.2582,2,262.3,2,51.6,2,1.915,2,0.8,2
27.0,2,11.0054,2,32.3044,2,263.5,2,52.4,2,1.5659999999999998,2,0.7,2
28.0,2,10.6058,2,32.3443,2,265.3,2,54.5,2,1.348,2,0.6,2
29.0,2,10.5295,2,32.3621,2,265.9,2,56.2,2,1.237,2,0.5,2
29.9,2,10.5234,2,32.3687,2,264.8,2,56.9,2,1.195,2,0.4,2
31.3,2,10.512,2,32.3929,2,264.9,2,56.5,2,1.065,2,0.4,2
32.0,2,10.4485,2,32.4117,2,266.0,2,56.7,2,0.978,2,0.4,2
33.0,2,10.2221,2,32.4409,2,267.1,2,57.9,2,0.8959999999999999,2,0.3,2
34.0,2,10.1519,2,32.4481,2,267.4,2,58.8,2,0.8420000000000001,2,0.3,2
35.0,2,10.0099,2,32.4617,2,268.9,2,59.0,2,0.77,2,0.3,2
36.0,2,9.861,2,32.486,2,271.2,2,59.2,2,0.7070000000000001,2,0.3,2
37.0,2,9.8157,2,32.4983,2,273.6,2,59.7,2,0.6679999999999999,2,0.2,2
38.0,2,9.7422,2,32.5139,2,276.9,2,60.0,2,0.636,2,0.2,2
39.0,2,9.6792,2,32.5271,2,279.8,2,60.3,2,0.609,2,0.2,2
39.7,2,9.6347,2,32.5365,2,278.9,2,60.4,2,0.614,2,0.2,2
41.2,2,9.375,2,32.574,2,277.1,2,60.3,2,0.598,2,0.2,2
42.0,2,9.2965,2,32.5896,2,276.6,2,60.6,2,0.583,2,0.2,2
43.0,2,9.3119,2,32.5949,2,275.7,2,60.9,2,0.584,2,0.1,2
44.0,2,9.3204,2,32.6042,2,275.2,2,61.0,2,0.579,2,0.1,2
45.0,2,9.2982,2,32.6142,2,274.6,2,60.8,2,0.591,2,0.1,2
46.0,2,9.2724,2,32.6175,2,274.2,2,61.0,2,0.573,2,0.1,2
47.0,2,9.2327,2,32.6253,2,273.5,2,61.0,2,0.5710000000000001,2,0.1,2
47.8,2,9.2125,2,32.6338,2,272.8,2,61.0,2,0.556,2,0.1,2
49.2,2,9.1985,2,32.6537,2,267.8,2,60.9,2,0.547,2,0.1,2
50.0,2,9.1885,2,32.6615,2,264.7,2,60.9,2,0.502,2,0.1,2
51.0,2,9.1469,2,32.6663,2,262.1,2,58.5,2,0.479,2,0.1,2
52.0,2,9.0451,2,32.6792,2,260.2,2,56.4,2,0.45799999999999996,2,0.1,2
53.0,2,8.9406,2,32.7012,2,258.4,2,61.6,2,0.452,2,0.0,2
54.1,2,8.8801,2,32.7124,2,256.4,2,61.7,2,0.449,2,0.0,2
55.2,2,8.8531,2,32.7193,2,253.8,2,61.8,2,0.435,2,0.0,2
56.0,2,8.8402,2,32.7231,2,251.7,2,61.8,2,0.43799999999999994,2,0.0,2
57.0,2,8.8248,2,32.729,2,249.9,2,61.8,2,0.433,2,0.0,2
58.0,2,8.8097,2,32.7398,2,248.4,2,61.8,2,0.42200000000000004,2,0.0,2
59.0,2,8.7991,2,32.7553,2,246.7,2,61.9,2,0.41600000000000004,2,0.0,2
60.0,2,8.8019,2,32.7746,2,244.9,2,61.9,2,0.406,2,0.0,2
61.0,2,8.8224,2,32.7964,2,241.4,2,61.9,2,0.406,2,0.0,2
62.0,2,8.8302,2,32.8695,2,233.6,2,62.0,2,0.408,2,0.0,2
63.0,2,8.8291,2,32.9602,2,225.6,2,62.2,2,0.37200000000000005,2,0.0,2
64.0,2,8.8112,2,32.9923,2,220.7,2,62.3,2,0.37200000000000005,2,0.0,2
65.0,2,8.7807,2,33.0152,2,216.1,2,62.3,2,0.358,2,0.0,2
66.0,2,8.7748,2,33.0701,2,211.4,2,62.3,2,0.34299999999999997,2,0.0,2
67.0,2,8.7802,2,33.0841,2,207.5,2,62.5,2,0.326,2,0.0,2
68.0,2,8.7793,2,33.1133,2,204.4,2,62.4,2,0.315,2,0.0,2
69.0,2,8.775,2,33.1499,2,202.1,2,62.5,2,0.32,2,0.0,2
70.0,2,8.7731,2,33.158,2,200.0,2,62.4,2,0.317,2,0.0,2
71.0,2,8.7887,2,33.1776,2,197.5,2,62.5,2,0.306,2,0.0,2
72.0,2,8.8329,2,33.2441,2,193.5,2,62.5,2,0.299,2,0.0,2
73.0,2,8.8356,2,33.2635,2,189.5,2,62.5,2,0.295,2,0.0,2
74.0,2,8.8256,2,33.304,2,185.4,2,62.5,2,0.281,2,0.0,2
75.0,2,8.8095,2,33.3404,2,182.4,2,62.5,2,0.27899999999999997,2,0.0,2
76.0,2,8.7936,2,33.3732,2,180.0,2,62.6,2,0.266,2,0.0,2
77.0,2,8.7865,2,33.391999999999996,2,178.1,2,62.6,2,0.271,2,0.0,2
78.0,2,8.785,2,33.4014,2,176.5,2,62.7,2,0.261,2,0.0,2
79.0,2,8.7855,2,33.4173,2,174.8,2,62.7,2,0.253,2,0.0,2
80.0,2,8.8047,2,33.4426,2,173.1,2,62.7,2,0.254,2,0.0,2
81.0,2,8.8243,2,33.4584,2,171.5,2,62.7,2,0.25,2,0.0,2
82.0,2,8.8342,2,33.4769,2,170.7,2,62.8,2,0.23600000000000002,2,0.0,2
83.3,2,8.8105,2,33.4955,2,168.5,2,62.8,2,0.225,2,0.0,2
84.0,2,8.7979,2,33.5001,2,167.3,2,62.8,2,0.23199999999999998,2,0.0,2
85.0,2,8.7766,2,33.5061,2,166.5,2,62.8,2,0.225,2,0.0,2
86.0,2,8.7388,2,33.5182,2,166.0,2,62.8,2,0.225,2,0.0,2
87.0,2,8.7058,2,33.5379,2,165.5,2,62.8,2,0.225,2,0.0,2
88.0,2,8.679,2,33.5609,2,164.9,2,62.8,2,0.215,2,0.0,2
89.0,2,8.672,2,33.5662,2,164.5,2,62.7,2,0.20199999999999999,2,0.0,2
90.4,2,8.6624,2,33.5723,2,163.6,2,62.7,2,0.201,2,0.0,2
91.0,2,8.6542,2,33.5759,2,162.8,2,62.8,2,0.204,2,0.0,2
92.0,2,8.6457,2,33.5803,2,161.6,2,62.8,2,0.201,2,0.0,2
93.0,2,8.6324,2,33.5923,2,160.6,2,62.7,2,0.201,2,0.0,2
94.0,2,8.6273,2,33.6006,2,159.3,2,62.8,2,0.195,2,0.0,2
95.0,2,8.6207,2,33.6076,2,157.9,2,62.7,2,0.18899999999999997,2,0.0,2
96.0,2,8.6071,2,33.6187,2,156.5,2,62.7,2,0.183,2,0.0,2
97.0,2,8.5969,2,33.6253,2,155.0,2,62.7,2,0.17600000000000002,2,0.0,2
98.0,2,8.5858,2,33.6332,2,153.7,2,62.7,2,0.17600000000000002,2,0.0,2
99.0,2,8.5801,2,33.6376,2,152.9,2,62.7,2,0.17600000000000002,2,0.0,2
100.0,2,8.5711,2,33.6439,2,152.1,2,62.7,2,0.174,2,0.0,2
101.0,2,8.5536,2,33.6536,2,151.4,2,62.6,2,0.17,2,0.0,2
102.0,2,8.5281,2,33.6642,2,151.1,2,62.7,2,0.166,2,0.0,2
103.0,2,8.4977,2,33.676,2,150.9,2,62.7,2,0.171,2,0.0,2
104.0,2,8.4807,2,33.6829,2,150.9,2,62.7,2,0.16399999999999998,2,0.0,2
105.0,2,8.472000000000001,2,33.6868,2,150.6,2,62.6,2,0.163,2,0.0,2
106.2,2,8.4682,2,33.6892,2,149.8,2,62.7,2,0.152,2,0.0,2
106.9,2,8.4558,2,33.6939,2,149.3,2,62.7,2,0.152,2,0.0,2
108.0,2,8.4377,2,33.7011,2,149.2,2,62.7,2,0.152,2,0.0,2
109.0,2,8.4261,2,33.7059,2,149.1,2,62.7,2,0.152,2,0.0,2
110.0,2,8.4131,2,33.7112,2,149.0,2,62.7,2,0.152,2,0.0,2
111.0,2,8.4058,2,33.7132,2,148.8,2,62.7,2,0.152,2,0.0,2
112.0,2,8.3962,2,33.7157,2,148.6,2,62.7,2,0.152,2,0.0,2
113.0,2,8.3855,2,33.7195,2,148.1,2,62.8,2,0.152,2,0.0,2
114.0,2,8.3624,2,33.7275,2,147.9,2,62.7,2,0.14800000000000002,2,0.0,2
115.0,2,8.3488,2,33.7333,2,148.0,2,62.6,2,0.14,2,0.0,2
116.0,2,8.3408,2,33.736999999999995,2,148.1,2,62.7,2,0.14,2,0.0,2
117.0,2,8.3386,2,33.7392,2,148.1,2,62.7,2,0.14,2,0.0,2
118.0,2,8.3217,2,33.7453,2,148.1,2,62.8,2,0.14,2,0.0,2
119.0,2,8.2797,2,33.7597,2,148.2,2,62.8,2,0.14,2,0.0,2
120.0,2,8.2621,2,33.7647,2,148.0,2,62.7,2,0.139,2,0.0,2
121.0,2,8.2553,2,33.7665,2,147.8,2,62.7,2,0.128,2,0.0,2
122.0,2,8.2376,2,33.7719,2,147.3,2,62.7,2,0.135,2,0.0,2
123.0,2,8.2175,2,33.7784,2,146.7,2,62.7,2,0.131,2,0.0,2
124.0,2,8.199,2,33.7838,2,146.2,2,62.6,2,0.133,2,0.0,2
125.0,2,8.1833,2,33.7889,2,145.9,2,62.6,2,0.129,2,0.0,2
126.0,2,8.179,2,33.7901,2,145.5,2,62.5,2,0.138,2,0.0,2
126.7,2,8.1752,2,33.792,2,145.5,2,62.5,2,0.128,2,0.0,2
128.0,2,8.163,2,33.7945,2,144.9,2,62.5,2,0.128,2,0.0,2
129.0,2,8.1545,2,33.797,2,144.8,2,62.5,2,0.128,2,0.0,2
130.0,2,8.1409,2,33.8005,2,144.5,2,62.5,2,0.128,2,0.0,2
131.0,2,8.1229,2,33.8055,2,144.5,2,62.5,2,0.128,2,0.0,2
132.0,2,8.1134,2,33.8078,2,144.2,2,62.5,2,0.128,2,0.0,2
133.0,2,8.1016,2,33.8112,2,143.9,2,62.5,2,0.128,2,0.0,2
134.0,2,8.0972,2,33.8125,2,143.5,2,62.5,2,0.128,2,0.0,2
135.0,2,8.0922,2,33.8141,2,143.5,2,62.5,2,0.128,2,0.0,2
136.0,2,8.0883,2,33.8155,2,143.4,2,62.5,2,0.128,2,0.0,2
137.0,2,8.0842,2,33.8167,2,143.3,2,62.5,2,0.128,2,0.0,2
138.0,2,8.0636,2,33.8212,2,143.0,2,62.5,2,0.128,2,0.0,2
139.0,2,8.0388,2,33.827,2,142.4,2,62.6,2,0.128,2,0.0,2
140.0,2,8.029,2,33.8285,2,141.7,2,62.5,2,0.128,2,0.0,2
141.0,2,8.0139,2,33.8313,2,141.2,2,62.6,2,0.128,2,0.0,2
142.0,2,7.9898,2,33.8361,2,140.9,2,62.6,2,0.128,2,0.0,2
143.0,2,7.9761,2,33.8388,2,140.7,2,62.5,2,0.128,2,0.0,2
144.0,2,7.971,2,33.8399,2,140.6,2,62.5,2,0.128,2,0.0,2
145.0,2,7.9652,2,33.8411,2,140.3,2,62.6,2,0.11900000000000001,2,0.0,2
146.0,2,7.9582,2,33.8421,2,140.0,2,62.6,2,0.12300000000000001,2,0.0,2
147.0,2,7.9531,2,33.8428,2,139.8,2,62.5,2,0.12300000000000001,2,0.0,2
148.0,2,7.9489,2,33.8433,2,139.5,2,62.5,2,0.126,2,0.0,2
149.0,2,7.9451,2,33.8444,2,139.4,2,62.6,2,0.115,2,0.0,2
150.0,2,7.9397,2,33.8454,2,139.1,2,62.5,2,0.115,2,0.0,2
151.0,2,7.9324,2,33.8465,2,138.8,2,62.5,2,0.115,2,0.0,2
152.0,2,7.9242,2,33.8477,2,138.6,2,62.5,2,0.115,2,0.0,2
153.0,2,7.8968,2,33.8509,2,138.4,2,62.4,2,0.11699999999999999,2,0.0,2
154.0,2,7.8419,2,33.8605,2,138.2,2,62.4,2,0.115,2,0.0,2
155.0,2,7.8388,2,33.861,2,137.7,2,62.5,2,0.11800000000000001,2,0.0,2
156.0,2,7.8352,2,33.8617,2,137.4,2,62.5,2,0.11900000000000001,2,0.0,2
157.0,2,7.8283,2,33.8616,2,137.1,2,62.5,2,0.115,2,0.0,2
158.0,2,7.822,2,33.8637,2,136.8,2,62.5,2,0.115,2,0.0,2
159.0,2,7.8202,2,33.8691,2,136.5,2,62.4,2,0.115,2,0.0,2
160.0,2,7.8147,2,33.8702,2,136.2,2,62.4,2,0.125,2,0.0,2
161.0,2,7.8046,2,33.8725,2,135.7,2,62.5,2,0.115,2,0.0,2
162.2,2,7.7725,2,33.8763,2,134.5,2,62.5,2,0.115,2,0.0,2
163.0,2,7.7588,2,33.8772,2,133.9,2,62.5,2,0.115,2,0.0,2
164.0,2,7.727,2,33.8792,2,133.4,2,62.5,2,0.115,2,0.0,2
165.0,2,7.712000000000001,2,33.8801,2,133.1,2,62.5,2,0.115,2,0.0,2
166.0,2,7.7018,2,33.8804,2,133.0,2,62.5,2,0.115,2,0.0,2
167.0,2,7.6896,2,33.8813,2,132.7,2,62.5,2,0.115,2,0.0,2
168.0,2,7.6652,2,33.884,2,132.0,2,62.5,2,0.115,2,0.0,2
169.0,2,7.6554,2,33.8897,2,131.2,2,62.5,2,0.115,2,0.0,2
170.0,2,7.6454,2,33.8918,2,130.6,2,62.5,2,0.115,2,0.0,2
171.0,2,7.6398,2,33.8948,2,130.2,2,62.5,2,0.115,2,0.0,2
172.0,2,7.6378,2,33.8945,2,129.5,2,62.6,2,0.115,2,0.0,2
173.0,2,7.6332,2,33.8961,2,128.9,2,62.5,2,0.115,2,0.0,2
174.0,2,7.6241,2,33.8975,2,128.6,2,62.5,2,0.115,2,0.0,2
175.0,2,7.6166,2,33.8978,2,128.4,2,62.5,2,0.115,2,0.0,2
176.0,2,7.5985,2,33.8979,2,128.3,2,62.5,2,0.115,2,0.0,2
177.0,2,7.5842,2,33.9,2,128.0,2,62.0,2,0.115,2,0.0,2
178.0,2,7.5757,2,33.9017,2,126.8,2,62.4,2,0.115,2,0.0,2
179.0,2,7.5531,2,33.9078,2,125.0,2,62.5,2,0.115,2,0.0,2
180.0,2,7.5395,2,33.9123,2,123.6,2,62.5,2,0.115,2,0.0,2
181.0,2,7.5359,2,33.9126,2,122.6,2,62.4,2,0.115,2,0.0,2
182.0,2,7.5352,2,33.9116,2,121.9,2,62.4,2,0.115,2,0.0,2
183.0,2,7.5323,2,33.9123,2,121.6,2,62.5,2,0.115,2,0.0,2
184.0,2,7.5267,2,33.9126,2,121.6,2,62.5,2,0.115,2,0.0,2
185.0,2,7.5152,2,33.9128,2,121.6,2,62.5,2,0.115,2,0.0,2
186.0,2,7.5045,2,33.9122,2,121.9,2,62.5,2,0.115,2,0.0,2
187.0,2,7.4929,2,33.911,2,122.3,2,62.5,2,0.115,2,0.0,2
188.0,2,7.4726,2,33.9109,2,123.1,2,62.5,2,0.115,2,0.0,2
189.1,2,7.4542,2,33.9104,2,123.7,2,62.5,2,0.11,2,0.0,2
190.0,2,7.4425,2,33.9102,2,123.7,2,62.2,2,0.11199999999999999,2,0.0,2
191.0,2,7.4249,2,33.9094,2,123.6,2,62.5,2,0.115,2,0.0,2
192.0,2,7.4078,2,33.9094,2,123.6,2,62.5,2,0.114,2,0.0,2
193.0,2,7.3675,2,33.9112,2,123.1,2,62.4,2,0.113,2,0.0,2
194.0,2,7.3366,2,33.9162,2,122.1,2,62.6,2,0.115,2,0.0,2
195.0,2,7.3322,2,33.9189,2,121.0,2,62.5,2,0.107,2,0.0,2
196.0,2,7.3291,2,33.9212,2,119.8,2,62.5,2,0.115,2,0.0,2
197.0,2,7.3288,2,33.9255,2,118.6,2,62.5,2,0.115,2,0.0,2
198.0,2,7.3247,2,33.9281,2,117.5,2,62.6,2,0.113,2,0.0,2
198.7,2,7.3151,2,33.93,2,117.1,2,62.6,2,0.115,2,0.0,2
201.1,2,7.2755,2,33.9303,2,114.3,2,62.5,2,0.13,2,0.0,2
202.0,2,7.2769,2,33.9338,2,113.1,2,62.5,2,0.107,2,0.0,2
203.0,2,7.2303,2,33.9291,2,112.7,2,62.5,2,0.105,2,0.0,2
204.0,2,7.1964,2,33.9311,2,112.3,2,62.5,2,0.10300000000000001,2,0.0,2
205.0,2,7.2003,2,33.9344,2,111.6,2,62.5,2,0.10300000000000001,2,0.0,2
206.0,2,7.2012,2,33.9349,2,111.0,2,62.5,2,0.10300000000000001,2,0.0,2
207.0,2,7.2017,2,33.9358,2,110.2,2,62.5,2,0.10300000000000001,2,0.0,2
208.0,2,7.1705,2,33.9382,2,109.2,2,62.5,2,0.10300000000000001,2,0.0,2
209.0,2,7.1454,2,33.9401,2,108.5,2,62.5,2,0.10300000000000001,2,0.0,2
210.0,2,7.1244,2,33.9394,2,107.8,2,62.6,2,0.10300000000000001,2,0.0,2
211.0,2,7.1191,2,33.9393,2,107.2,2,62.6,2,0.10300000000000001,2,0.0,2
212.0,2,7.114,2,33.9405,2,106.8,2,62.6,2,0.10300000000000001,2,0.0,2
213.0,2,7.1049,2,33.9407,2,106.4,2,62.6,2,0.10300000000000001,2,0.0,2
214.0,2,7.0704,2,33.938,2,106.4,2,62.7,2,0.10300000000000001,2,0.0,2
215.0,2,7.0520000000000005,2,33.9378,2,106.3,2,62.7,2,0.10300000000000001,2,0.0,2
216.0,2,7.0393,2,33.9381,2,106.2,2,62.7,2,0.10300000000000001,2,0.0,2
217.0,2,7.0406,2,33.9402,2,105.8,2,62.7,2,0.10300000000000001,2,0.0,2
218.0,2,7.0328,2,33.9409,2,105.2,2,62.7,2,0.10300000000000001,2,0.0,2
219.0,2,7.039,2,33.9445,2,104.5,2,62.7,2,0.10300000000000001,2,0.0,2
220.0,2,7.0285,2,33.9463,2,103.9,2,62.7,2,0.10300000000000001,2,0.0,2
221.0,2,7.0239,2,33.9476,2,103.1,2,62.7,2,0.10300000000000001,2,0.0,2
222.0,2,7.0228,2,33.9484,2,102.5,2,62.7,2,0.10300000000000001,2,0.0,2
223.0,2,7.0224,2,33.9479,2,102.3,2,62.7,2,0.10300000000000001,2,0.0,2
224.0,2,7.019,2,33.948,2,101.9,2,62.7,2,0.10300000000000001,2,0.0,2
225.0,2,7.0054,2,33.9482,2,101.8,2,62.7,2,0.10300000000000001,2,0.0,2
226.0,2,6.9855,2,33.9488,2,101.5,2,62.7,2,0.10300000000000001,2,0.0,2
227.0,2,6.9709,2,33.9499,2,100.8,2,62.7,2,0.10300000000000001,2,0.0,2
228.0,2,6.9547,2,33.9517,2,99.8,2,62.5,2,0.10300000000000001,2,0.0,2
229.0,2,6.9333,2,33.9544,2,98.6,2,62.6,2,0.10300000000000001,2,0.0,2
230.0,2,6.9232,2,33.9556,2,97.7,2,62.7,2,0.10300000000000001,2,0.0,2
231.0,2,6.9213,2,33.9558,2,97.1,2,62.7,2,0.10300000000000001,2,0.0,2
232.0,2,6.9178,2,33.9559,2,96.7,2,62.7,2,0.10300000000000001,2,0.0,2
233.0,2,6.916,2,33.9562,2,96.5,2,62.7,2,0.10300000000000001,2,0.0,2
234.0,2,6.9107,2,33.9565,2,95.9,2,62.7,2,0.10300000000000001,2,0.0,2
234.9,2,6.8836,2,33.9605,2,95.5,2,62.7,2,0.10300000000000001,2,0.0,2
236.2,2,6.8628,2,33.9586,2,94.1,2,62.6,2,0.10300000000000001,2,0.0,2
237.0,2,6.8432,2,33.96,2,93.6,2,62.7,2,0.10300000000000001,2,0.0,2
238.0,2,6.8307,2,33.9622,2,93.1,2,62.7,2,0.10300000000000001,2,0.0,2
239.0,2,6.8283,2,33.9629,2,92.8,2,62.8,2,0.10300000000000001,2,0.0,2
240.0,2,6.8277,2,33.963,2,92.4,2,62.8,2,0.10300000000000001,2,0.0,2
241.0,2,6.8268,2,33.9633,2,92.2,2,62.7,2,0.10300000000000001,2,0.0,2
242.0,2,6.8246,2,33.9635,2,91.9,2,62.7,2,0.10300000000000001,2,0.0,2
243.0,2,6.8138,2,33.9644,2,91.5,2,62.6,2,0.10300000000000001,2,0.0,2
244.0,2,6.8047,2,33.9653,2,91.3,2,62.7,2,0.10300000000000001,2,0.0,2
244.7,2,6.8012,2,33.9668,2,91.1,2,62.8,2,0.10300000000000001,2,0.0,2
246.0,2,6.7866,2,33.9671,2,90.4,2,62.8,2,0.10300000000000001,2,0.0,2
247.0,2,6.7712,2,33.9675,2,89.7,2,62.8,2,0.10300000000000001,2,0.0,2
248.0,2,6.7614,2,33.9684,2,89.3,2,62.8,2,0.10300000000000001,2,0.0,2
249.0,2,6.7552,2,33.9689,2,88.9,2,62.8,2,0.10300000000000001,2,0.0,2
250.0,2,6.7515,2,33.969,2,88.5,2,62.8,2,0.10300000000000001,2,0.0,2
251.0,2,6.7458,2,33.9698,2,88.1,2,62.8,2,0.10300000000000001,2,0.0,2
252.0,2,6.7316,2,33.9698,2,87.8,2,62.7,2,0.10300000000000001,2,0.0,2
253.0,2,6.7128,2,33.9711,2,87.4,2,62.7,2,0.10300000000000001,2,0.0,2
254.0,2,6.707000000000001,2,33.9724,2,87.0,2,62.7,2,0.10300000000000001,2,0.0,2
255.0,2,6.6971,2,33.9726,2,86.5,2,62.7,2,0.10300000000000001,2,0.0,2
256.0,2,6.6693,2,33.9724,2,85.7,2,62.7,2,0.10300000000000001,2,0.0,2
257.0,2,6.645,2,33.9737,2,85.3,2,62.7,2,0.10300000000000001,2,0.0,2
258.0,2,6.635,2,33.9739,2,84.7,2,62.7,2,0.10300000000000001,2,0.0,2
259.0,2,6.6284,2,33.9742,2,84.2,2,62.7,2,0.10300000000000001,2,0.0,2
260.0,2,6.6262,2,33.9751,2,83.9,2,62.6,2,0.10300000000000001,2,0.0,2
261.0,2,6.6248,2,33.9755,2,83.8,2,62.7,2,0.10300000000000001,2,0.0,2
262.0,2,6.6187,2,33.9755,2,83.6,2,62.7,2,0.10300000000000001,2,0.0,2
263.0,2,6.603,2,33.9757,2,83.3,2,62.7,2,0.10300000000000001,2,0.0,2
263.9,2,6.577000000000001,2,33.9769,2,83.0,2,62.7,2,0.10099999999999999,2,0.0,2
265.0,2,6.5704,2,-99.0,2,-99.0,2,62.7,2,0.096,2,0.0,2
266.3,2,6.5632,2,33.9766,2,82.1,2,62.7,2,0.09300000000000001,2,0.0,2
267.0,2,6.5513,2,33.9763,2,82.0,2,62.7,2,0.096,2,0.0,2
268.0,2,6.5182,2,33.976,2,81.7,2,62.7,2,0.091,2,0.0,2
269.0,2,6.5088,2,33.9777,2,81.4,2,62.7,2,0.091,2,0.0,2
270.0,2,6.502000000000001,2,33.9781,2,81.1,2,62.7,2,0.09699999999999999,2,0.0,2
271.0,2,6.4863,2,33.9782,2,80.9,2,62.7,2,0.099,2,0.0,2
272.0,2,6.4624,2,33.9782,2,80.6,2,62.7,2,0.096,2,0.0,2
273.0,2,6.445,2,33.9785,2,80.4,2,62.7,2,0.102,2,0.0,2
273.6,2,6.4426,2,33.9795,2,80.3,2,62.7,2,0.10300000000000001,2,0.0,2
275.3,2,6.4252,2,33.9797,2,79.6,2,62.5,2,0.09300000000000001,2,0.0,2
276.0,2,6.4181,2,33.9806,2,79.4,2,62.6,2,0.096,2,0.0,2
277.0,2,6.4105,2,33.9815,2,79.1,2,62.7,2,0.091,2,0.0,2
278.0,2,6.4041,2,33.982,2,78.8,2,62.7,2,0.092,2,0.0,2
279.0,2,6.3995,2,33.982,2,78.6,2,62.6,2,0.091,2,0.0,2
280.0,2,6.3945,2,33.9825,2,78.5,2,62.7,2,0.095,2,0.0,2
281.0,2,6.3922,2,33.9828,2,78.4,2,62.6,2,0.098,2,0.0,2
282.0,2,6.3843,2,33.983000000000004,2,78.0,2,62.6,2,0.094,2,0.0,2
283.0,2,6.3758,2,33.983000000000004,2,77.8,2,62.6,2,0.091,2,0.0,2
284.0,2,6.3715,2,33.9835,2,77.6,2,62.6,2,0.094,2,0.0,2
285.0,2,6.3681,2,33.9836,2,77.3,2,62.5,2,0.092,2,0.0,2
286.0,2,6.3454,2,33.9843,2,77.0,2,62.6,2,0.091,2,0.0,2
287.0,2,6.3285,2,33.9853,2,76.5,2,62.6,2,0.091,2,0.0,2
288.0,2,6.3194,2,33.986,2,76.0,2,62.5,2,0.091,2,0.0,2
289.0,2,6.3121,2,33.9866,2,75.5,2,62.5,2,0.091,2,0.0,2
290.0,2,6.305,2,33.9864,2,75.4,2,62.5,2,0.091,2,0.0,2
291.0,2,6.2858,2,33.9876,2,75.1,2,62.5,2,0.095,2,0.0,2
291.9,2,6.285,2,33.9885,2,74.7,2,62.6,2,0.091,2,0.0,2
292.9,2,6.2802,2,33.9881,2,74.3,2,62.6,2,0.091,2,0.0,2
294.0,2,6.2663,2,33.9889,2,73.8,2,62.6,2,0.091,2,0.0,2
295.0,2,6.2533,2,33.9905,2,73.3,2,62.6,2,0.091,2,0.0,2
296.0,2,6.2347,2,33.9908,2,73.0,2,62.6,2,0.091,2,0.0,2
297.0,2,6.2215,2,33.9908,2,72.9,2,62.6,2,0.091,2,0.0,2
297.9,2,6.212000000000001,2,33.9909,2,72.7,2,62.6,2,0.091,2,0.0,2
300.1,2,6.2011,2,33.992,2,71.9,2,62.6,2,0.096,2,0.0,2
301.0,2,6.1933,2,33.9925,2,71.6,2,62.6,2,0.09300000000000001,2,0.0,2
302.0,2,6.186,2,33.9935,2,71.2,2,62.6,2,0.091,2,0.0,2
303.0,2,6.1799,2,33.9941,2,70.9,2,62.5,2,0.091,2,0.0,2
304.0,2,6.1783,2,33.9949,2,70.7,2,62.6,2,0.091,2,0.0,2
305.2,2,6.1735,2,33.9965,2,69.9,2,62.6,2,0.091,2,0.0,2
306.0,2,6.1694,2,33.9966,2,69.7,2,62.6,2,0.091,2,0.0,2
307.0,2,6.16,2,33.9967,2,69.4,2,62.5,2,0.091,2,0.0,2
308.0,2,6.1469,2,33.9978,2,69.1,2,62.5,2,0.091,2,0.0,2
309.0,2,6.1370000000000005,2,34.0003,2,68.5,2,62.5,2,0.091,2,0.0,2
310.0,2,6.1243,2,34.0011,2,68.0,2,62.5,2,0.091,2,0.0,2
311.0,2,6.1160000000000005,2,34.0004,2,67.8,2,62.5,2,0.091,2,0.0,2
312.0,2,6.099,2,33.9992,2,67.4,2,62.5,2,0.091,2,0.0,2
313.0,2,6.0881,2,33.999,2,67.2,2,62.5,2,0.091,2,0.0,2
314.0,2,6.0922,2,34.0026,2,66.9,2,62.5,2,0.091,2,0.0,2
315.0,2,6.0838,2,34.0029,2,66.5,2,62.5,2,0.091,2,0.0,2
316.0,2,6.072,2,34.0033,2,66.1,2,62.5,2,0.091,2,0.0,2
317.0,2,6.0569,2,34.003,2,65.9,2,62.5,2,0.091,2,0.0,2
318.0,2,6.0451,2,34.0017,2,65.7,2,62.5,2,0.091,2,0.0,2
319.0,2,6.0397,2,34.0013,2,65.6,2,62.5,2,0.091,2,0.0,2
320.0,2,6.0347,2,34.001,2,65.6,2,62.5,2,0.091,2,0.0,2
321.0,2,6.0188,2,34.0002,2,65.6,2,62.5,2,0.091,2,0.0,2
322.0,2,6.0138,2,34.001,2,65.4,2,62.5,2,0.091,2,0.0,2
323.0,2,6.015,2,34.0023,2,65.3,2,62.6,2,0.091,2,0.0,2
324.0,2,6.0163,2,34.0033,2,65.1,2,62.5,2,0.091,2,0.0,2
325.0,2,6.0167,2,34.0039,2,64.9,2,62.6,2,0.091,2,0.0,2
326.0,2,6.0132,2,34.0041,2,64.8,2,62.6,2,0.091,2,0.0,2
327.0,2,6.0034,2,34.0044,2,64.4,2,62.6,2,0.091,2,0.0,2
328.0,2,5.9733,2,34.006,2,64.1,2,62.6,2,0.091,2,0.0,2
329.0,2,5.9596,2,34.0045,2,63.8,2,62.6,2,0.091,2,0.0,2
330.0,2,5.9582,2,34.0052,2,63.6,2,62.7,2,0.091,2,0.0,2
331.0,2,5.9568,2,34.0057,2,63.5,2,62.6,2,0.091,2,0.0,2
332.0,2,5.9541,2,34.0063,2,63.3,2,62.5,2,0.091,2,0.0,2
333.0,2,5.943,2,34.0087,2,62.9,2,62.5,2,0.091,2,0.0,2
334.0,2,5.9169,2,34.0069,2,62.6,2,62.5,2,0.091,2,0.0,2
335.0,2,5.8933,2,34.0053,2,62.5,2,62.5,2,0.091,2,0.0,2
336.0,2,5.8868,2,34.0047,2,62.5,2,62.6,2,0.091,2,0.0,2
337.0,2,5.8807,2,34.0037,2,62.4,2,62.6,2,0.091,2,0.0,2
338.0,2,5.8732,2,34.0043,2,62.3,2,62.6,2,0.091,2,0.0,2
339.1,2,5.8653,2,34.0055,2,62.4,2,62.5,2,0.091,2,0.0,2
340.2,2,5.8427,2,34.0055,2,62.3,2,62.5,2,0.091,2,0.0,2
341.0,2,5.8358,2,34.0037,2,62.1,2,62.5,2,0.091,2,0.0,2
342.0,2,5.8236,2,34.0043,2,61.9,2,62.6,2,0.091,2,0.0,2
343.0,2,5.813,2,34.0056,2,61.7,2,62.6,2,0.091,2,0.0,2
344.0,2,5.8046,2,34.0058,2,61.4,2,62.6,2,0.091,2,0.0,2
345.0,2,5.7985,2,34.0055,2,61.3,2,62.7,2,0.091,2,0.0,2
346.1,2,5.7811,2,34.0049,2,61.1,2,62.7,2,0.091,2,0.0,2
346.7,2,5.7722,2,34.0061,2,61.0,2,62.6,2,0.091,2,0.0,2
348.0,2,5.7644,2,34.0074,2,60.7,2,62.7,2,0.095,2,0.0,2
349.0,2,5.7567,2,34.0068,2,60.3,2,62.7,2,0.091,2,0.0,2
350.0,2,5.752000000000001,2,34.0072,2,59.9,2,62.6,2,0.091,2,0.0,2
351.0,2,5.7486,2,34.0076,2,59.8,2,62.7,2,0.091,2,0.0,2
352.0,2,5.7453,2,34.0079,2,59.6,2,62.6,2,0.091,2,0.0,2
353.0,2,5.7373,2,34.008,2,59.5,2,62.7,2,0.091,2,0.0,2
354.0,2,5.7317,2,34.0089,2,59.3,2,62.7,2,0.091,2,0.0,2
355.0,2,5.7299,2,34.0102,2,59.1,2,62.7,2,0.091,2,0.0,2
356.0,2,5.7308,2,34.0103,2,59.0,2,62.7,2,0.091,2,0.0,2
357.0,2,5.7275,2,34.0109,2,58.5,2,62.6,2,0.091,2,0.0,2
358.0,2,5.7216,2,34.0121,2,58.5,2,62.7,2,0.091,2,0.0,2
359.0,2,5.7119,2,34.0133,2,58.3,2,62.6,2,0.091,2,0.0,2
359.9,2,5.7039,2,34.0141,2,58.0,2,62.5,2,0.091,2,0.0,2
361.3,2,5.6945,2,34.0146,2,57.7,2,62.6,2,0.091,2,0.0,2
362.0,2,5.6934,2,34.0143,2,57.5,2,62.6,2,0.091,2,0.0,2
363.0,2,5.6962,2,34.0155,2,57.2,2,62.6,2,0.091,2,0.0,2
364.0,2,5.6938,2,34.0155,2,57.1,2,62.6,2,0.091,2,0.0,2
365.0,2,5.6923,2,34.0157,2,57.0,2,62.5,2,0.091,2,0.0,2
366.0,2,5.6918,2,34.0159,2,56.9,2,62.5,2,0.09,2,0.0,2
367.0,2,5.6917,2,34.0176,2,56.5,2,62.5,2,0.091,2,0.0,2
368.0,2,5.6929,2,34.0194,2,56.4,2,62.5,2,0.09,2,0.0,2
369.0,2,5.6932,2,34.02,2,56.0,2,62.5,2,0.091,2,0.0,2
370.0,2,5.6925,2,34.0204,2,55.7,2,62.5,2,0.08900000000000001,2,0.0,2
371.0,2,5.6841,2,34.022,2,55.4,2,62.5,2,0.08800000000000001,2,0.0,2
372.0,2,5.6819,2,34.0229,2,55.2,2,62.5,2,0.091,2,0.0,2
373.0,2,5.6772,2,34.0232,2,55.0,2,62.4,2,0.091,2,0.0,2
374.0,2,5.6708,2,34.0235,2,54.8,2,62.4,2,0.091,2,0.0,2
375.0,2,5.6658,2,34.0237,2,54.4,2,62.4,2,0.087,2,0.0,2
376.0,2,5.6532,2,34.0247,2,54.4,2,62.5,2,0.086,2,0.0,2
377.0,2,5.6399,2,34.0248,2,53.9,2,62.5,2,0.079,2,0.0,2
378.0,2,5.6247,2,34.0257,2,53.6,2,62.5,2,0.091,2,0.0,2
379.0,2,5.6214,2,34.0258,2,53.4,2,62.5,2,0.096,2,0.0,2
380.0,2,5.6143,2,34.025999999999996,2,53.3,2,62.5,2,0.091,2,0.0,2
381.0,2,5.6105,2,34.0268,2,53.1,2,62.5,2,0.091,2,0.0,2
382.0,2,5.6062,2,34.0273,2,52.9,2,62.5,2,0.081,2,0.0,2
383.0,2,5.6006,2,34.0269,2,52.7,2,62.5,2,0.081,2,0.0,2
384.0,2,5.5942,2,34.027,2,52.6,2,62.6,2,0.079,2,0.0,2
385.0,2,5.5905,2,34.027,2,52.6,2,62.6,2,0.087,2,0.0,2
386.0,2,5.586,2,34.0268,2,52.6,2,62.6,2,0.09,2,0.0,2
387.0,2,5.5847,2,34.0269,2,52.5,2,62.5,2,0.079,2,0.0,2
388.0,2,5.5843,2,34.0269,2,52.4,2,62.6,2,0.079,2,0.0,2
389.0,2,5.5832,2,34.0272,2,52.4,2,62.6,2,0.085,2,0.0,2
390.0,2,5.5772,2,34.0277,2,52.3,2,62.5,2,0.086,2,0.0,2
391.0,2,5.5743,2,34.0279,2,52.2,2,62.3,2,0.08199999999999999,2,0.0,2
392.0,2,5.5716,2,34.0277,2,52.0,2,62.6,2,0.081,2,0.0,2
393.0,2,5.5674,2,34.0279,2,51.9,2,62.5,2,0.085,2,0.0,2
394.0,2,5.5552,2,34.0294,2,51.7,2,62.6,2,0.08800000000000001,2,0.0,2
395.0,2,5.5531,2,34.0297,2,51.5,2,62.6,2,0.079,2,0.0,2
396.0,2,5.5515,2,34.0297,2,51.2,2,62.7,2,0.079,2,0.0,2
397.0,2,5.547000000000001,2,34.0299,2,51.3,2,62.7,2,0.079,2,0.0,2
398.0,2,5.539,2,34.0308,2,51.0,2,62.6,2,0.079,2,0.0,2
399.0,2,5.5312,2,34.0301,2,50.8,2,62.7,2,0.079,2,0.0,2
400.0,2,5.527,2,34.0302,2,50.8,2,62.6,2,0.079,2,0.0,2
401.0,2,5.5236,2,34.0304,2,50.5,2,62.6,2,0.079,2,0.0,2
402.0,2,5.5202,2,34.0306,2,50.4,2,62.6,2,0.079,2,0.0,2
403.0,2,5.5161,2,34.0308,2,50.4,2,62.6,2,0.079,2,0.0,2
404.0,2,5.5072,2,34.0313,2,50.3,2,62.6,2,0.079,2,0.0,2
405.0,2,5.4979,2,34.0309,2,49.9,2,62.7,2,0.079,2,0.0,2
406.0,2,5.4908,2,34.0305,2,49.9,2,62.6,2,0.079,2,0.0,2
407.0,2,5.4836,2,34.0304,2,49.7,2,62.7,2,0.079,2,0.0,2
408.0,2,5.4797,2,34.0301,2,49.5,2,62.7,2,0.079,2,0.0,2
409.0,2,5.4703,2,34.0299,2,49.4,2,62.7,2,0.079,2,0.0,2
410.0,2,5.459,2,34.0315,2,49.1,2,62.7,2,0.079,2,0.0,2
411.0,2,5.4617,2,34.035,2,48.9,2,62.7,2,0.079,2,0.0,2
412.0,2,5.4683,2,34.0362,2,48.4,2,62.7,2,0.079,2,0.0,2
413.0,2,5.4644,2,34.0371,2,48.3,2,62.7,2,0.079,2,0.0,2
414.0,2,5.4625,2,34.038000000000004,2,48.0,2,62.7,2,0.079,2,0.0,2
415.0,2,5.4563,2,34.0385,2,47.7,2,62.7,2,0.079,2,0.0,2
416.0,2,5.4493,2,34.0388,2,47.6,2,62.7,2,0.079,2,0.0,2
417.0,2,5.4447,2,34.0384,2,47.4,2,62.7,2,0.079,2,0.0,2
418.0,2,5.4419,2,34.0383,2,47.3,2,62.7,2,0.079,2,0.0,2
419.0,2,5.4372,2,34.0384,2,47.3,2,62.8,2,0.079,2,0.0,2
420.0,2,5.4342,2,34.0381,2,47.0,2,62.8,2,0.079,2,0.0,2
421.0,2,5.4281,2,34.0382,2,46.9,2,62.8,2,0.079,2,0.0,2
422.0,2,5.4162,2,34.0396,2,46.7,2,62.8,2,0.079,2,0.0,2
423.0,2,5.4088,2,34.0394,2,46.4,2,62.9,2,0.079,2,0.0,2
424.0,2,5.4042,2,34.0391,2,46.4,2,62.9,2,0.079,2,0.0,2
425.0,2,5.3964,2,34.0386,2,46.1,2,62.9,2,0.079,2,0.0,2
426.0,2,5.385,2,34.0383,2,46.0,2,62.9,2,0.079,2,0.0,2
427.0,2,5.377000000000001,2,34.039,2,45.8,2,62.9,2,0.079,2,0.0,2
428.0,2,5.3841,2,34.0425,2,45.6,2,63.0,2,0.079,2,0.0,2
429.0,2,5.3826,2,34.0446,2,45.2,2,63.0,2,0.079,2,0.0,2
430.0,2,5.3658,2,34.044000000000004,2,44.7,2,62.9,2,0.079,2,0.0,2
431.0,2,5.3579,2,34.0429,2,44.6,2,63.0,2,0.079,2,0.0,2
432.0,2,5.3438,2,34.0416,2,44.3,2,62.9,2,0.079,2,0.0,2
433.0,2,5.3289,2,34.0401,2,44.4,2,63.0,2,0.079,2,0.0,2
434.0,2,5.3137,2,34.0417,2,44.1,2,63.0,2,0.079,2,0.0,2
435.0,2,5.3077,2,34.0435,2,43.9,2,63.0,2,0.079,2,0.0,2
436.0,2,5.3064,2,34.0439,2,43.6,2,63.0,2,0.079,2,0.0,2
437.0,2,5.2975,2,34.0438,2,43.5,2,63.0,2,0.079,2,0.0,2
438.0,2,5.2875,2,34.0435,2,43.3,2,63.0,2,0.079,2,0.0,2
439.0,2,5.2748,2,34.0449,2,43.1,2,63.0,2,0.079,2,0.0,2
440.0,2,5.273,2,34.045,2,43.0,2,63.0,2,0.079,2,0.0,2
441.0,2,5.2725,2,34.0451,2,42.9,2,63.0,2,0.079,2,0.0,2
442.0,2,5.2723,2,34.0451,2,42.8,2,63.1,2,0.079,2,0.0,2
443.0,2,5.2716,2,34.0453,2,42.7,2,63.1,2,0.079,2,0.0,2
444.0,2,5.2685,2,34.046,2,42.6,2,63.0,2,0.079,2,0.0,2
445.0,2,5.2652,2,34.0472,2,42.4,2,63.0,2,0.079,2,0.0,2
446.0,2,5.2574,2,34.0479,2,42.2,2,63.1,2,0.079,2,0.0,2
447.0,2,5.2527,2,34.0487,2,41.9,2,63.1,2,0.079,2,0.0,2
448.0,2,5.2506,2,34.0489,2,41.8,2,63.1,2,0.079,2,0.0,2
449.0,2,5.2498,2,34.0491,2,41.7,2,63.1,2,0.079,2,0.0,2
450.0,2,5.2496,2,34.0491,2,41.6,2,63.1,2,0.079,2,0.0,2
451.0,2,5.2438,2,34.0489,2,41.5,2,63.1,2,0.079,2,0.0,2
452.0,2,5.2387,2,34.0489,2,41.6,2,63.1,2,0.079,2,0.0,2
453.0,2,5.2368,2,34.0492,2,41.6,2,63.1,2,0.079,2,0.0,2
454.0,2,5.235,2,34.0498,2,41.4,2,63.1,2,0.079,2,0.0,2
455.0,2,5.234,2,34.0509,2,41.1,2,63.1,2,0.079,2,0.0,2
456.0,2,5.2205,2,34.052,2,41.0,2,63.1,2,0.079,2,0.0,2
457.0,2,5.2089,2,34.0532,2,40.5,2,63.1,2,0.079,2,0.0,2
458.0,2,5.2017,2,34.054,2,40.3,2,63.1,2,0.079,2,0.0,2
459.0,2,5.1967,2,34.0543,2,40.2,2,63.1,2,0.08199999999999999,2,0.0,2
460.0,2,5.1918,2,34.0546,2,40.0,2,63.2,2,0.079,2,0.0,2
461.0,2,5.1836,2,34.0557,2,39.7,2,63.2,2,0.079,2,0.0,2
462.0,2,5.1759,2,34.0574,2,39.5,2,63.2,2,0.079,2,0.0,2
463.0,2,5.1655,2,34.0582,2,39.2,2,63.2,2,0.079,2,0.0,2
464.0,2,5.1428,2,34.0576,2,38.9,2,63.2,2,0.079,2,0.0,2
465.0,2,5.1248,2,34.0568,2,38.8,2,63.2,2,0.079,2,0.0,2
466.0,2,5.1057,2,34.0558,2,38.9,2,63.2,2,0.079,2,0.0,2
467.0,2,5.0721,2,34.0539,2,39.0,2,63.2,2,0.079,2,0.0,2
468.0,2,5.0562,2,34.0531,2,39.1,2,63.2,2,0.079,2,0.0,2
469.0,2,5.0505,2,34.0549,2,39.2,2,63.2,2,0.079,2,0.0,2
470.0,2,5.0467,2,34.0559,2,38.7,2,63.2,2,0.079,2,0.0,2
471.0,2,5.0444,2,34.0571,2,38.6,2,63.3,2,0.079,2,0.0,2
472.0,2,5.0436,2,34.0585,2,38.5,2,63.1,2,0.079,2,0.0,2
473.0,2,5.043,2,34.0601,2,38.1,2,63.2,2,0.079,2,0.0,2
474.0,2,5.0474,2,34.0639,2,37.6,2,63.2,2,0.079,2,0.0,2
475.0,2,5.0518,2,34.068000000000005,2,37.0,2,63.2,2,0.079,2,0.0,2
476.0,2,5.0414,2,34.0682,2,36.6,2,63.2,2,0.083,2,0.0,2
477.0,2,5.0419,2,34.0688,2,36.3,2,63.1,2,0.079,2,0.0,2
478.0,2,5.0449,2,34.071,2,36.0,2,63.1,2,0.079,2,0.0,2
479.0,2,5.0434,2,34.0729,2,35.6,2,63.1,2,0.079,2,0.0,2
480.0,2,5.0413,2,34.0732,2,35.4,2,63.1,2,0.079,2,0.0,2
481.0,2,5.0416,2,34.0734,2,35.1,2,63.1,2,0.079,2,0.0,2
482.0,2,5.0388,2,34.0738,2,35.0,2,63.1,2,0.079,2,0.0,2
483.0,2,5.0363,2,34.074,2,34.9,2,63.1,2,0.079,2,0.0,2
484.0,2,5.0287,2,34.0742,2,34.8,2,63.1,2,0.079,2,0.0,2
485.0,2,5.0251,2,34.0749,2,34.7,2,63.2,2,0.079,2,0.0,2
486.0,2,5.0229,2,34.0762,2,34.5,2,63.1,2,0.079,2,0.0,2
487.0,2,5.0213,2,34.0768,2,34.3,2,63.1,2,0.079,2,0.0,2
488.0,2,5.0182,2,34.0777,2,34.1,2,63.2,2,0.079,2,0.0,2
489.0,2,5.0167,2,34.0777,2,33.9,2,63.2,2,0.079,2,0.0,2
490.0,2,5.001,2,34.078,2,33.8,2,63.2,2,0.079,2,0.0,2
491.0,2,4.9899,2,34.0785,2,33.9,2,63.2,2,0.079,2,0.0,2
492.0,2,4.9843,2,34.0778,2,33.6,2,63.2,2,0.079,2,0.0,2
493.0,2,4.9776,2,34.0771,2,33.6,2,63.2,2,0.079,2,0.0,2
494.0,2,4.9742,2,34.0774,2,33.6,2,63.2,2,0.079,2,0.0,2
495.0,2,4.9732,2,34.0773,2,33.6,2,63.3,2,0.079,2,0.0,2
496.0,2,4.9732,2,34.0773,2,33.6,2,63.2,2,0.079,2,0.0,2
497.0,2,4.9727,2,34.0774,2,33.6,2,63.3,2,0.079,2,0.0,2
498.0,2,4.973,2,34.0776,2,33.6,2,63.3,2,0.079,2,0.0,2
499.0,2,4.973,2,34.0777,2,33.6,2,63.2,2,0.079,2,0.0,2
500.0,2,4.9719,2,34.0775,2,33.6,2,63.2,2,0.079,2,0.0,2
501.0,2,4.9692,2,34.0775,2,33.4,2,63.3,2,0.079,2,0.0,2
502.0,2,4.9677,2,34.078,2,33.5,2,63.3,2,0.079,2,0.0,2
503.0,2,4.9654,2,34.0787,2,33.4,2,63.3,2,0.08199999999999999,2,0.0,2
504.0,2,4.9561,2,34.0788,2,33.3,2,63.3,2,0.079,2,0.0,2
505.0,2,4.9549,2,34.0805,2,33.1,2,63.2,2,0.079,2,0.0,2
506.0,2,4.9509,2,34.0812,2,33.0,2,63.3,2,0.079,2,0.0,2
507.0,2,4.9408,2,34.0808,2,32.7,2,63.2,2,0.079,2,0.0,2
508.0,2,4.9334,2,34.0808,2,32.6,2,63.3,2,0.079,2,0.0,2
509.0,2,4.9292,2,34.0814,2,32.5,2,63.3,2,0.079,2,0.0,2
510.0,2,4.9404,2,34.0862,2,32.2,2,63.3,2,0.079,2,0.0,2
511.0,2,4.9430000000000005,2,34.0873,2,31.8,2,63.3,2,0.079,2,0.0,2
512.0,2,4.9425,2,34.0881,2,31.6,2,63.0,2,0.079,2,0.0,2
513.0,2,4.9395,2,34.0886,2,31.4,2,63.3,2,0.079,2,0.0,2
514.0,2,4.9285,2,34.0893,2,31.2,2,63.3,2,0.079,2,0.0,2
515.0,2,4.9192,2,34.0899,2,31.0,2,63.3,2,0.079,2,0.0,2
516.0,2,4.9146,2,34.0904,2,30.9,2,63.3,2,0.079,2,0.0,2
517.0,2,4.9105,2,34.0908,2,30.6,2,63.3,2,0.079,2,0.0,2
518.0,2,4.9088,2,34.091,2,30.6,2,63.3,2,0.079,2,0.0,2
519.0,2,4.9057,2,34.091,2,30.5,2,63.3,2,0.079,2,0.0,2
520.0,2,4.8981,2,34.0913,2,30.4,2,63.2,2,0.079,2,0.0,2
521.0,2,4.8961,2,34.0916,2,30.4,2,63.3,2,0.079,2,0.0,2
522.0,2,4.8944,2,34.0918,2,30.3,2,63.3,2,0.079,2,0.0,2
523.0,2,4.8898,2,34.092,2,30.3,2,63.3,2,0.079,2,0.0,2
524.0,2,4.8794,2,34.092,2,30.3,2,63.2,2,0.079,2,0.0,2
525.0,2,4.868,2,34.0929,2,30.1,2,63.2,2,0.079,2,0.0,2
526.0,2,4.8586,2,34.0936,2,29.8,2,63.3,2,0.079,2,0.0,2
527.0,2,4.8522,2,34.0939,2,29.8,2,63.3,2,0.079,2,0.0,2
528.0,2,4.8501,2,34.094,2,29.8,2,63.2,2,0.079,2,0.0,2
529.0,2,4.8464,2,34.0945,2,29.5,2,63.2,2,0.079,2,0.0,2
530.0,2,4.8378,2,34.0951,2,29.3,2,63.2,2,0.079,2,0.0,2
531.0,2,4.8159,2,34.0978,2,29.2,2,63.3,2,0.079,2,0.0,2
532.0,2,4.81,2,34.0991,2,28.9,2,63.3,2,0.079,2,0.0,2
533.0,2,4.8086,2,34.0994,2,28.6,2,63.2,2,0.079,2,0.0,2
534.0,2,4.8073,2,34.0998,2,28.4,2,63.3,2,0.079,2,0.0,2
535.0,2,4.8046,2,34.1007,2,28.3,2,63.3,2,0.079,2,0.0,2
536.0,2,4.8016,2,34.1018,2,28.1,2,63.3,2,0.079,2,0.0,2
537.0,2,4.7974,2,34.1032,2,28.0,2,63.3,2,0.078,2,0.0,2
538.0,2,4.7956,2,34.1038,2,27.7,2,63.2,2,0.079,2,0.0,2
539.0,2,4.7949,2,34.1039,2,27.6,2,63.3,2,0.075,2,0.0,2
540.0,2,4.7945,2,34.1038,2,27.6,2,63.3,2,0.079,2,0.0,2
541.0,2,4.7937,2,34.1039,2,27.5,2,63.3,2,0.079,2,0.0,2
542.0,2,4.7901,2,34.105,2,27.5,2,63.3,2,0.079,2,0.0,2
543.0,2,4.7860000000000005,2,34.1063,2,27.3,2,63.2,2,0.079,2,0.0,2
544.0,2,4.7842,2,34.107,2,27.0,2,63.2,2,0.078,2,0.0,2
545.0,2,4.7832,2,34.1073,2,27.0,2,63.3,2,0.079,2,0.0,2
546.0,2,4.7821,2,34.1076,2,26.9,2,63.2,2,0.076,2,0.0,2
547.0,2,4.7812,2,34.1079,2,27.0,2,63.2,2,0.078,2,0.0,2
547.8,2,4.7803,2,34.1083,2,26.8,2,63.3,2,0.079,2,0.0,2
549.0,2,4.7794,2,34.1084,2,26.6,2,63.3,2,0.079,2,0.0,2
550.0,2,4.7776,2,34.1089,2,26.6,2,63.3,2,0.079,2,0.0,2
551.0,2,4.7762,2,34.1093,2,26.5,2,63.4,2,0.079,2,0.0,2
552.0,2,4.7751,2,34.1096,2,26.6,2,63.4,2,0.078,2,0.0,2
553.0,2,4.7746,2,34.1097,2,26.5,2,63.3,2,0.07400000000000001,2,0.0,2
554.0,2,4.7741,2,34.1098,2,26.4,2,63.4,2,0.07200000000000001,2,0.0,2
555.0,2,4.7732,2,34.11,2,26.3,2,63.3,2,0.073,2,0.0,2
556.0,2,4.7726,2,34.1102,2,26.4,2,63.3,2,0.079,2,0.0,2
557.0,2,4.7722,2,34.1103,2,26.3,2,63.4,2,0.076,2,0.0,2
558.0,2,4.7716,2,34.1104,2,26.2,2,63.3,2,0.075,2,0.0,2
559.0,2,4.7707,2,34.1106,2,26.2,2,63.3,2,0.077,2,0.0,2
560.0,2,4.7695,2,34.111,2,26.1,2,63.3,2,0.078,2,0.0,2
561.0,2,4.7678,2,34.1114,2,26.0,2,63.4,2,0.086,2,0.0,2
562.0,2,4.7636,2,34.1119,2,26.0,2,63.3,2,0.079,2,0.0,2
563.0,2,4.755,2,34.1142,2,25.9,2,63.3,2,0.07400000000000001,2,0.0,2
564.0,2,4.7514,2,34.1159,2,25.6,2,63.3,2,0.07400000000000001,2,0.0,2
565.0,2,4.7518,2,34.1165,2,25.5,2,63.3,2,0.077,2,0.0,2
566.0,2,4.7523,2,34.1169,2,25.3,2,63.3,2,0.067,2,0.0,2
567.0,2,4.7528,2,34.1171,2,25.1,2,63.3,2,0.076,2,0.0,2
568.0,2,4.7527,2,34.1194,2,25.1,2,63.3,2,0.075,2,0.0,2
569.0,2,4.7524,2,34.1226,2,24.8,2,63.3,2,0.076,2,0.0,2
570.0,2,4.7515,2,34.1243,2,24.6,2,63.1,2,0.077,2,0.0,2
571.0,2,4.7529,2,34.126,2,24.4,2,63.1,2,0.073,2,0.0,2
572.0,2,4.7573,2,34.1286,2,24.2,2,63.1,2,0.07200000000000001,2,0.0,2
573.0,2,4.7621,2,34.1306,2,24.0,2,63.0,2,0.079,2,0.0,2
574.0,2,4.7633,2,34.131,2,23.9,2,62.9,2,0.079,2,0.0,2
575.0,2,4.7658,2,34.1314,2,23.6,2,62.9,2,0.078,2,0.0,2
576.0,2,4.7691,2,34.1326,2,23.5,2,62.9,2,0.075,2,0.0,2
577.0,2,4.7735,2,34.1339,2,23.6,2,62.7,2,0.07400000000000001,2,0.0,2
578.0,2,4.776,2,34.1348,2,23.3,2,62.8,2,0.069,2,0.0,2
579.0,2,4.7817,2,34.1371,2,23.2,2,62.7,2,0.07200000000000001,2,0.0,2
580.0,2,4.798,2,34.1421,2,23.0,2,62.7,2,0.071,2,0.0,2
581.0,2,4.8195,2,34.1499,2,22.7,2,62.5,2,0.073,2,0.0,2
582.0,2,4.8231,2,34.1516,2,22.3,2,62.4,2,0.07400000000000001,2,0.0,2
583.0,2,4.8206,2,34.1518,2,21.8,2,62.3,2,0.081,2,0.0,2
583.7,2,4.8157,2,34.1513,2,21.9,2,62.3,2,0.077,2,0.0,2
585.0,2,4.7955,2,34.1498,2,21.7,2,62.4,2,0.07200000000000001,2,0.0,2
586.0,2,4.7884,2,34.1498,2,21.5,2,62.5,2,0.068,2,0.0,2
587.0,2,4.7853,2,34.1501,2,21.4,2,62.5,2,0.07,2,0.0,2
588.0,2,4.7763,2,34.1494,2,21.3,2,62.6,2,0.07200000000000001,2,0.0,2
589.0,2,4.7701,2,34.1493,2,21.2,2,62.7,2,0.067,2,0.0,2
590.0,2,4.7679,2,34.1494,2,21.2,2,62.7,2,0.07,2,0.0,2
591.0,2,4.7667,2,34.1499,2,21.1,2,62.7,2,0.067,2,0.0,2
592.0,2,4.7694,2,34.1509,2,21.0,2,62.8,2,0.067,2,0.0,2
593.0,2,4.7732,2,34.152,2,20.8,2,62.8,2,0.067,2,0.0,2
594.0,2,4.7802,2,34.1543,2,20.8,2,62.8,2,0.067,2,0.0,2
595.0,2,4.7864,2,34.1573,2,20.5,2,62.7,2,0.067,2,0.0,2
596.0,2,4.7849,2,34.1581,2,20.5,2,62.6,2,0.075,2,0.0,2
597.0,2,4.7821,2,34.1596,2,20.3,2,62.7,2,0.069,2,0.0,2
598.0,2,4.7813,2,34.1597,2,20.2,2,62.7,2,0.07,2,0.0,2
599.0,2,4.7807,2,34.1601,2,20.1,2,62.6,2,0.07,2,0.0,2
600.0,2,4.7798,2,34.1609,2,20.0,2,62.7,2,0.067,2,0.0,2
601.0,2,4.7773,2,34.1617,2,20.1,2,62.7,2,0.067,2,0.0,2
602.0,2,4.7744,2,34.1621,2,19.9,2,62.7,2,0.071,2,0.0,2
603.0,2,4.7696,2,34.1632,2,19.8,2,62.6,2,0.07200000000000001,2,0.0,2
604.0,2,4.7608,2,34.1648,2,19.7,2,62.6,2,0.068,2,0.0,2
605.0,2,4.7549,2,34.1662,2,19.3,2,62.7,2,0.067,2,0.0,2
606.0,2,4.7542,2,34.1681,2,19.2,2,62.7,2,0.067,2,0.0,2
607.0,2,4.7518,2,34.1687,2,19.2,2,62.6,2,0.067,2,0.0,2
608.0,2,4.7473,2,34.1688,2,18.9,2,62.6,2,0.067,2,0.0,2
609.0,2,4.7416,2,34.1693,2,18.8,2,62.6,2,0.067,2,0.0,2
610.0,2,4.7394,2,34.1696,2,19.0,2,62.5,2,0.067,2,0.0,2
611.0,2,4.7403,2,34.1698,2,18.9,2,62.5,2,0.067,2,0.0,2
612.0,2,4.7402,2,34.17,2,18.8,2,62.5,2,0.076,2,0.0,2
613.0,2,4.7404,2,34.1701,2,18.7,2,62.5,2,0.077,2,0.0,2
614.0,2,4.7339,2,34.1704,2,18.7,2,62.5,2,0.067,2,0.0,2
615.0,2,4.7291,2,34.1709,2,18.5,2,61.7,2,0.067,2,0.0,2
616.0,2,4.7289,2,34.1709,2,18.4,2,62.3,2,0.067,2,0.0,2
617.0,2,4.7288,2,34.1709,2,18.5,2,62.5,2,0.067,2,0.0,2
618.0,2,4.729,2,34.1712,2,18.5,2,62.5,2,0.067,2,0.0,2
619.0,2,4.7279,2,34.1717,2,18.5,2,62.5,2,0.067,2,0.0,2
620.0,2,4.7257,2,34.1719,2,18.4,2,62.5,2,0.068,2,0.0,2
621.0,2,4.7197,2,34.1721,2,18.4,2,62.5,2,0.069,2,0.0,2
622.0,2,4.7111,2,34.1734,2,18.2,2,62.5,2,0.067,2,0.0,2
623.0,2,4.7067,2,34.1741,2,18.2,2,62.5,2,0.067,2,0.0,2
624.0,2,4.705,2,34.174,2,18.0,2,62.5,2,0.073,2,0.0,2
625.0,2,4.7041,2,34.1742,2,18.0,2,62.5,2,0.071,2,0.0,2
626.0,2,4.7027,2,34.174,2,18.1,2,62.5,2,0.067,2,0.0,2
627.0,2,4.6971,2,34.1744,2,17.9,2,62.5,2,0.08,2,0.0,2
628.0,2,4.6955,2,34.1746,2,18.0,2,62.5,2,0.07,2,0.0,2
629.0,2,4.6915,2,34.1758,2,17.9,2,62.5,2,0.067,2,0.0,2
630.0,2,4.6891,2,34.1771,2,17.8,2,62.5,2,0.068,2,0.0,2
631.0,2,4.6862,2,34.1775,2,17.6,2,62.5,2,0.067,2,0.0,2
632.0,2,4.6783,2,34.1788,2,17.4,2,62.4,2,0.079,2,0.0,2
633.0,2,4.6762,2,34.1792,2,17.5,2,62.5,2,0.095,2,0.0,2
634.0,2,4.6742,2,34.1795,2,17.4,2,62.5,2,0.067,2,0.0,2
635.0,2,4.6727,2,34.1794,2,17.3,2,62.5,2,0.073,2,0.0,2
636.0,2,4.6717,2,34.1796,2,17.3,2,62.5,2,0.071,2,0.0,2
637.0,2,4.6715,2,34.1796,2,17.3,2,62.4,2,0.067,2,0.0,2
638.0,2,4.6705,2,34.1798,2,17.2,2,62.5,2,0.067,2,0.0,2
639.0,2,4.6669,2,34.1803,2,17.2,2,62.5,2,0.067,2,0.0,2
640.0,2,4.66,2,34.1813,2,17.2,2,62.5,2,0.067,2,0.0,2
641.0,2,4.6586,2,34.1816,2,17.0,2,62.5,2,0.067,2,0.0,2
642.0,2,4.6568,2,34.1818,2,17.1,2,62.5,2,0.067,2,0.0,2
643.0,2,4.6527,2,34.1824,2,17.0,2,62.5,2,0.067,2,0.0,2
644.0,2,4.6483,2,34.1832,2,17.0,2,62.5,2,0.067,2,0.0,2
645.0,2,4.6468,2,34.1834,2,16.8,2,62.5,2,0.067,2,0.0,2
646.0,2,4.6435,2,34.1838,2,16.9,2,62.5,2,0.067,2,0.0,2
647.0,2,4.638999999999999,2,34.1849,2,16.7,2,62.5,2,0.067,2,0.0,2
648.0,2,4.6298,2,34.187,2,16.6,2,62.4,2,0.067,2,0.0,2
649.0,2,4.6199,2,34.1882,2,16.6,2,62.3,2,0.067,2,0.0,2
650.0,2,4.6177,2,34.1886,2,16.4,2,62.5,2,0.067,2,0.0,2
651.0,2,4.6148,2,34.1895,2,16.3,2,62.5,2,0.067,2,0.0,2
652.0,2,4.6059,2,34.1914,2,16.3,2,62.4,2,0.067,2,0.0,2
653.0,2,4.6021,2,34.1921,2,16.1,2,62.3,2,0.071,2,0.0,2
654.0,2,4.5958,2,34.1935,2,16.1,2,62.4,2,0.067,2,0.0,2
655.0,2,4.588,2,34.1955,2,16.0,2,62.3,2,0.071,2,0.0,2
656.0,2,4.5847,2,34.1964,2,15.9,2,62.3,2,0.067,2,0.0,2
657.0,2,4.5846,2,34.1962,2,15.7,2,62.3,2,0.067,2,0.0,2
658.0,2,4.5844,2,34.1963,2,15.6,2,62.3,2,0.067,2,0.0,2
659.0,2,4.5823,2,34.1964,2,15.6,2,62.3,2,0.067,2,0.0,2
660.0,2,4.5766,2,34.1969,2,15.6,2,62.3,2,0.067,2,0.0,2
661.0,2,4.5703,2,34.1979,2,15.6,2,62.3,2,0.067,2,0.0,2
662.0,2,4.5678,2,34.1983,2,15.5,2,62.3,2,0.067,2,0.0,2
663.0,2,4.5648,2,34.1985,2,15.4,2,62.3,2,0.067,2,0.0,2
664.0,2,4.5606,2,34.1989,2,15.3,2,62.4,2,0.067,2,0.0,2
665.0,2,4.5533,2,34.1989,2,15.3,2,62.3,2,0.067,2,0.0,2
666.0,2,4.5482,2,34.1993,2,15.2,2,62.4,2,0.067,2,0.0,2
667.0,2,4.5461,2,34.2,2,15.2,2,62.5,2,0.067,2,0.0,2
668.0,2,4.5445,2,34.2004,2,15.2,2,62.4,2,0.067,2,0.0,2
669.0,2,4.5443,2,34.2008,2,15.0,2,62.5,2,0.067,2,0.0,2
670.0,2,4.5439,2,34.2014,2,15.0,2,62.5,2,0.067,2,0.0,2
671.0,2,4.5431,2,34.2019,2,15.0,2,62.5,2,0.067,2,0.0,2
672.0,2,4.5416,2,34.2023,2,14.9,2,62.4,2,0.067,2,0.0,2
673.0,2,4.5392,2,34.2026,2,14.8,2,62.5,2,0.067,2,0.0,2
674.0,2,4.5327,2,34.2023,2,14.8,2,62.5,2,0.067,2,0.0,2
675.0,2,4.5227,2,34.2029,2,14.8,2,62.5,2,0.067,2,0.0,2
676.0,2,4.5122,2,34.2047,2,14.6,2,62.5,2,0.067,2,0.0,2
677.0,2,4.5025,2,34.2067,2,14.5,2,62.5,2,0.067,2,0.0,2
678.0,2,4.499,2,34.2076,2,14.4,2,62.6,2,0.067,2,0.0,2
679.0,2,4.498,2,34.2077,2,14.3,2,62.6,2,0.067,2,0.0,2
680.0,2,4.4965,2,34.208,2,14.3,2,62.6,2,0.067,2,0.0,2
681.0,2,4.4915,2,34.2091,2,14.2,2,62.7,2,0.067,2,0.0,2
682.0,2,4.4776,2,34.2115,2,14.1,2,62.7,2,0.067,2,0.0,2
683.0,2,4.4694,2,34.2132,2,14.0,2,62.7,2,0.067,2,0.0,2
683.5,2,4.4676,2,34.2139,2,13.8,2,62.7,2,0.067,2,0.0,2
684.9,2,4.4638,2,34.2142,2,13.8,2,62.7,2,0.067,2,0.0,2
686.0,2,4.4622,2,34.2144,2,13.7,2,62.7,2,0.067,2,0.0,2
687.0,2,4.4619,2,34.2144,2,13.7,2,62.7,2,0.067,2,0.0,2
688.0,2,4.4615,2,34.2145,2,13.6,2,62.7,2,0.067,2,0.0,2
689.0,2,4.4614,2,34.2144,2,13.6,2,62.7,2,0.067,2,0.0,2
690.0,2,4.4615,2,34.2144,2,13.5,2,62.7,2,0.067,2,0.0,2
691.0,2,4.4589,2,34.2146,2,13.6,2,62.7,2,0.067,2,0.0,2
692.0,2,4.4551,2,34.2149,2,13.4,2,62.7,2,0.067,2,0.0,2
693.0,2,4.4519,2,34.215,2,13.5,2,62.7,2,0.067,2,0.0,2
694.0,2,4.4455,2,34.2157,2,13.5,2,62.7,2,0.067,2,0.0,2
695.0,2,4.4426,2,34.216,2,13.4,2,62.8,2,0.067,2,0.0,2
696.0,2,4.4346,2,34.2175,2,13.2,2,62.8,2,0.067,2,0.0,2
697.0,2,4.433,2,34.2179,2,13.3,2,62.9,2,0.067,2,0.0,2
698.0,2,4.4323,2,34.2181,2,13.2,2,62.9,2,0.067,2,0.0,2
699.0,2,4.4299,2,34.2186,2,13.2,2,62.8,2,0.067,2,0.0,2
700.0,2,4.4248,2,34.2197,2,13.0,2,62.9,2,0.067,2,0.0,2
701.0,2,4.4144,2,34.2221,2,13.0,2,62.7,2,0.067,2,0.0,2
701.9,2,4.4115,2,34.2232,2,12.8,2,62.8,2,0.067,2,0.0,2
703.0,2,4.4102,2,34.2232,2,12.8,2,62.8,2,0.295,2,0.0,2
704.0,2,4.4088,2,34.2235,2,12.8,2,62.9,2,0.069,2,0.0,2
705.0,2,4.4072,2,34.224000000000004,2,12.8,2,62.9,2,0.067,2,0.0,2
706.0,2,4.4056,2,34.2244,2,12.7,2,62.8,2,0.067,2,0.0,2
707.0,2,4.4045,2,34.2246,2,12.7,2,62.8,2,0.067,2,0.0,2
708.0,2,4.4019,2,34.2252,2,12.6,2,62.8,2,0.067,2,0.0,2
709.0,2,4.3868,2,34.229,2,12.6,2,62.7,2,0.067,2,0.0,2
710.0,2,4.3755,2,34.2317,2,12.4,2,62.7,2,0.067,2,0.0,2
711.0,2,4.3684,2,34.2341,2,12.4,2,62.7,2,0.067,2,0.0,2
712.0,2,4.3659,2,34.2338,2,12.3,2,62.7,2,0.067,2,0.0,2
713.0,2,4.3634,2,34.2345,2,12.3,2,62.6,2,0.069,2,0.0,2
714.0,2,4.362,2,34.235,2,12.2,2,62.6,2,0.068,2,0.0,2
715.0,2,4.3599,2,34.2354,2,12.2,2,62.6,2,0.067,2,0.0,2
716.0,2,4.3555,2,34.2364,2,12.3,2,62.5,2,0.067,2,0.0,2
717.0,2,4.3538,2,34.2368,2,12.2,2,62.5,2,0.067,2,0.0,2
718.0,2,4.3509,2,34.2374,2,12.2,2,62.6,2,0.067,2,0.0,2
719.0,2,4.3458,2,34.2391,2,12.2,2,62.5,2,0.067,2,0.0,2
720.0,2,4.3384,2,34.2414,2,12.2,2,62.4,2,0.067,2,0.0,2
721.0,2,4.331,2,34.2424,2,12.1,2,62.3,2,0.067,2,0.0,2
722.0,2,4.3285,2,34.2427,2,12.2,2,62.3,2,0.067,2,0.0,2
723.0,2,4.3268,2,34.2432,2,12.0,2,62.3,2,0.067,2,0.0,2
724.0,2,4.3221,2,34.2439,2,12.0,2,62.3,2,0.067,2,0.0,2
725.0,2,4.3156,2,34.2453,2,12.0,2,62.3,2,0.067,2,0.0,2
726.0,2,4.3152,2,34.2453,2,11.9,2,62.3,2,0.067,2,0.0,2
727.0,2,4.3141,2,34.2456,2,11.9,2,62.3,2,0.067,2,0.0,2
728.0,2,4.3121,2,34.2459,2,11.9,2,62.3,2,0.067,2,0.0,2
729.0,2,4.3102,2,34.2464,2,11.8,2,62.4,2,0.067,2,0.0,2
730.0,2,4.3076,2,34.2471,2,11.9,2,62.4,2,0.067,2,0.0,2
731.0,2,4.3056,2,34.2476,2,11.8,2,62.3,2,0.067,2,0.0,2
732.0,2,4.3024,2,34.2481,2,11.9,2,62.3,2,0.07,2,0.0,2
733.0,2,4.3011,2,34.2485,2,11.7,2,62.4,2,0.067,2,0.0,2
734.0,2,4.3009,2,34.2486,2,11.8,2,62.5,2,0.067,2,0.0,2
735.0,2,4.3006,2,34.2486,2,11.6,2,62.5,2,0.067,2,0.0,2
736.0,2,4.2993,2,34.2488,2,11.6,2,62.5,2,0.067,2,0.0,2
737.0,2,4.2952,2,34.2498,2,11.6,2,62.5,2,0.067,2,0.0,2
738.0,2,4.2909,2,34.251,2,11.7,2,62.5,2,0.067,2,0.0,2
739.0,2,4.2887,2,34.2514,2,11.6,2,62.3,2,0.069,2,0.0,2
739.9,2,4.2834,2,34.253,2,11.6,2,62.4,2,0.067,2,0.0,2
741.3,2,4.2702,2,34.2557,2,11.6,2,62.4,2,0.067,2,0.0,2
742.0,2,4.2643,2,34.257,2,11.5,2,62.3,2,0.067,2,0.0,2
743.0,2,4.2605,2,34.2579,2,11.5,2,62.3,2,0.067,2,0.0,2
744.0,2,4.2523,2,34.2594,2,11.5,2,62.3,2,0.067,2,0.0,2
745.0,2,4.2471,2,34.2605,2,11.4,2,62.3,2,0.067,2,0.0,2
746.0,2,4.2434,2,34.2614,2,11.3,2,62.3,2,0.069,2,0.0,2
747.0,2,4.2404,2,34.262,2,11.4,2,62.3,2,0.068,2,0.0,2
748.0,2,4.238,2,34.2623,2,11.3,2,62.3,2,0.067,2,0.0,2
749.0,2,4.2359,2,34.2626,2,11.1,2,62.3,2,0.067,2,0.0,2
750.0,2,4.2319,2,34.2637,2,11.3,2,62.3,2,0.067,2,0.0,2
751.0,2,4.2289,2,34.2645,2,11.1,2,62.2,2,0.067,2,0.0,2
752.0,2,4.2267,2,34.2649,2,11.3,2,62.2,2,0.067,2,0.0,2
753.0,2,4.2224,2,34.2659,2,11.1,2,62.3,2,0.067,2,0.0,2
754.0,2,4.2203,2,34.2663,2,11.1,2,62.3,2,0.067,2,0.0,2
755.0,2,4.2172,2,34.2668,2,11.3,2,62.3,2,0.067,2,0.0,2
756.0,2,4.2127,2,34.2679,2,11.1,2,62.2,2,0.067,2,0.0,2
757.0,2,4.2101,2,34.2686,2,11.1,2,62.3,2,0.067,2,0.0,2
758.0,2,4.2083,2,34.2687,2,11.2,2,62.2,2,0.067,2,0.0,2
759.0,2,4.2048,2,34.2692,2,10.9,2,62.2,2,0.067,2,0.0,2
760.0,2,4.1947,2,34.2709,2,11.0,2,62.2,2,0.067,2,0.0,2
761.0,2,4.1846,2,34.2731,2,11.2,2,62.1,2,0.067,2,0.0,2
762.2,2,4.1818,2,34.274,2,11.0,2,62.0,2,0.067,2,0.0,2
763.0,2,4.1806,2,34.2741,2,11.0,2,62.1,2,0.109,2,0.0,2
764.0,2,4.1802,2,34.2743,2,10.9,2,62.1,2,0.067,2,0.0,2
765.0,2,4.1803,2,34.2743,2,10.9,2,62.1,2,0.067,2,0.0,2
766.0,2,4.1803,2,34.2743,2,11.0,2,62.1,2,0.067,2,0.0,2
767.0,2,4.1802,2,34.2744,2,10.9,2,62.1,2,0.067,2,0.0,2
768.1,2,4.1793,2,34.2746,2,10.9,2,62.1,2,0.067,2,0.0,2
769.0,2,4.1787,2,34.2748,2,10.9,2,62.1,2,0.067,2,0.0,2
770.0,2,4.1785,2,34.2749,2,10.9,2,62.1,2,0.067,2,0.0,2
771.0,2,4.1785,2,34.275,2,10.9,2,62.1,2,0.067,2,0.0,2
772.0,2,4.1783,2,34.275,2,10.8,2,62.1,2,0.067,2,0.0,2
773.0,2,4.1768,2,34.2754,2,10.8,2,62.1,2,0.067,2,0.0,2
774.0,2,4.175,2,34.2759,2,10.9,2,62.2,2,0.067,2,0.0,2
775.0,2,4.1705,2,34.2766,2,10.7,2,62.2,2,0.067,2,0.0,2
776.0,2,4.1664,2,34.2773,2,10.8,2,62.2,2,0.067,2,0.0,2
777.0,2,4.1594,2,34.2788,2,10.7,2,62.1,2,0.067,2,0.0,2
778.0,2,4.1536,2,34.2796,2,10.8,2,62.1,2,0.067,2,0.0,2
779.0,2,4.1498,2,34.28,2,10.8,2,62.1,2,0.067,2,0.0,2
780.0,2,4.1439,2,34.2812,2,10.6,2,62.1,2,0.067,2,0.0,2
781.0,2,4.1363,2,34.2825,2,10.6,2,62.2,2,0.067,2,0.0,2
782.0,2,4.1281,2,34.2838,2,10.5,2,62.1,2,0.067,2,0.0,2
783.0,2,4.1224,2,34.285,2,10.6,2,62.1,2,0.067,2,0.0,2
784.0,2,4.1208,2,34.2853,2,10.6,2,62.1,2,0.067,2,0.0,2
786.0,2,4.1188,2,34.2858,2,10.5,2,62.1,2,0.067,2,0.0,2
787.0,2,4.1182,2,34.2857,2,10.5,2,62.1,2,0.067,2,0.0,2
788.0,2,4.1179,2,34.2859,2,10.5,2,62.1,2,0.067,2,0.0,2
789.0,2,4.1163,2,34.2862,2,10.4,2,62.1,2,0.067,2,0.0,2
790.0,2,4.113,2,34.2868,2,10.3,2,62.1,2,0.067,2,0.0,2
791.0,2,4.1102,2,34.2873,2,10.4,2,62.1,2,0.067,2,0.0,2
792.0,2,4.1087,2,34.2877,2,10.4,2,62.1,2,0.067,2,0.0,2
793.0,2,4.1056,2,34.2882,2,10.4,2,62.1,2,0.067,2,0.0,2
794.0,2,4.1012,2,34.2889,2,10.3,2,62.2,2,0.067,2,0.0,2
795.0,2,4.0926,2,34.2904,2,10.3,2,62.1,2,0.067,2,0.0,2
796.0,2,4.0874,2,34.2914,2,10.3,2,62.1,2,0.067,2,0.0,2
797.0,2,4.0831,2,34.2922,2,10.3,2,62.1,2,0.067,2,0.0,2
798.0,2,4.0826,2,34.2926,2,10.3,2,62.1,2,0.067,2,0.0,2
799.0,2,4.0821,2,34.2924,2,10.2,2,62.1,2,0.067,2,0.0,2
800.0,2,4.0806,2,34.2927,2,10.2,2,62.1,2,0.067,2,0.0,2
801.0,2,4.077,2,34.2935,2,10.2,2,62.1,2,0.067,2,0.0,2
802.0,2,4.0729,2,34.2942,2,10.2,2,62.1,2,0.067,2,0.0,2
803.0,2,4.0674,2,34.295,2,10.2,2,62.0,2,0.067,2,0.0,2
804.0,2,4.0632,2,34.2958,2,10.2,2,62.0,2,0.067,2,0.0,2
805.0,2,4.0588,2,34.2966,2,10.1,2,62.0,2,0.067,2,0.0,2
805.9,2,4.0551,2,34.2976,2,10.1,2,62.0,2,0.067,2,0.0,2
807.2,2,4.0523,2,34.2981,2,10.1,2,62.1,2,0.067,2,0.0,2
808.0,2,4.0465,2,34.2992,2,10.0,2,62.0,2,0.067,2,0.0,2
809.0,2,4.0418,2,34.3,2,10.1,2,62.0,2,0.067,2,0.0,2
810.0,2,4.0392,2,34.3004,2,10.1,2,62.0,2,0.067,2,0.0,2
811.0,2,4.0364,2,34.3009,2,10.0,2,61.9,2,0.067,2,0.0,2
812.0,2,4.0357,2,34.3012,2,10.1,2,62.0,2,0.067,2,0.0,2
813.0,2,4.0355,2,34.3012,2,10.1,2,62.0,2,0.067,2,0.0,2
814.0,2,4.0353,2,34.3012,2,10.0,2,62.0,2,0.067,2,0.0,2
815.0,2,4.034,2,34.3015,2,10.0,2,61.9,2,0.067,2,0.0,2
816.0,2,4.0297,2,34.3024,2,10.0,2,61.9,2,0.067,2,0.0,2
817.0,2,4.0247,2,34.3031,2,10.1,2,61.9,2,0.067,2,0.0,2
818.0,2,4.0201,2,34.3041,2,10.0,2,61.9,2,0.067,2,0.0,2
819.0,2,4.0151,2,34.3048,2,9.9,2,61.9,2,0.067,2,0.0,2
820.0,2,4.012,2,34.3054,2,10.1,2,61.9,2,0.067,2,0.0,2
820.8,2,4.0107,2,34.3058,2,10.1,2,61.9,2,0.067,2,0.0,2
822.1,2,4.0056,2,34.3066,2,10.0,2,61.8,2,0.067,2,0.0,2
823.0,2,3.9957,2,34.3087,2,10.0,2,61.8,2,0.067,2,0.0,2
824.0,2,3.9912,2,34.3095,2,10.0,2,61.7,2,0.067,2,0.0,2
825.0,2,3.9891,2,34.3099,2,10.1,2,61.6,2,0.067,2,0.0,2
826.0,2,3.9885,2,34.3101,2,10.0,2,61.6,2,0.067,2,0.0,2
827.2,2,3.9866,2,34.3101,2,10.0,2,61.5,2,0.067,2,0.0,2
828.0,2,3.9853,2,34.3105,2,10.1,2,61.5,2,0.067,2,0.0,2
829.0,2,3.9841,2,34.3108,2,10.0,2,61.6,2,0.067,2,0.0,2
830.0,2,3.9819999999999998,2,34.3113,2,10.0,2,61.6,2,0.067,2,0.0,2
831.0,2,3.98,2,34.3117,2,10.0,2,61.5,2,0.067,2,0.0,2
832.0,2,3.9766,2,34.3123,2,10.0,2,61.5,2,0.067,2,0.0,2
833.0,2,3.9719,2,34.3134,2,10.1,2,61.5,2,0.067,2,0.0,2
834.3,2,3.9599,2,34.3153,2,10.0,2,61.3,2,0.067,2,0.0,2
835.0,2,3.9554,2,34.3164,2,10.1,2,61.4,2,0.067,2,0.0,2
836.0,2,3.9527,2,34.3168,2,10.1,2,61.4,2,0.067,2,0.0,2
837.0,2,3.9523,2,34.3169,2,10.1,2,61.4,2,0.067,2,0.0,2
838.0,2,3.9516,2,34.3169,2,10.2,2,61.4,2,0.067,2,0.0,2
839.0,2,3.9508,2,34.3171,2,10.0,2,61.4,2,0.067,2,0.0,2
840.1,2,3.9509,2,34.317,2,10.0,2,61.4,2,0.067,2,0.0,2
841.0,2,3.9507,2,34.3171,2,10.0,2,61.4,2,0.067,2,0.0,2
842.0,2,3.9498,2,34.3173,2,10.1,2,61.4,2,0.067,2,0.0,2
843.0,2,3.9498,2,34.3174,2,10.1,2,61.4,2,0.067,2,0.0,2
844.0,2,3.949,2,34.3175,2,10.0,2,61.4,2,0.067,2,0.0,2
845.0,2,3.9486,2,34.3177,2,10.1,2,61.4,2,0.067,2,0.0,2
846.0,2,3.9486,2,34.3178,2,10.0,2,61.4,2,0.067,2,0.0,2
847.0,2,3.9492,2,34.3177,2,10.0,2,61.4,2,0.067,2,0.0,2
848.0,2,3.9493,2,34.3176,2,10.1,2,61.4,2,0.067,2,0.0,2
849.0,2,3.9487,2,34.3178,2,10.1,2,61.4,2,0.064,2,0.0,2
849.5,2,3.9493,2,34.3177,2,10.0,2,61.4,2,0.067,2,0.0,2
851.0,2,3.9479,2,34.318000000000005,2,10.1,2,61.4,2,0.067,2,0.0,2
852.0,2,3.9456,2,34.3184,2,10.0,2,61.4,2,0.067,2,0.0,2
853.0,2,3.9435,2,34.3187,2,10.1,2,61.4,2,0.067,2,0.0,2
854.0,2,3.9416,2,34.3191,2,10.1,2,61.3,2,0.067,2,0.0,2
855.0,2,3.9393,2,34.3197,2,10.1,2,61.3,2,0.067,2,0.0,2
856.0,2,3.9367,2,34.32,2,10.1,2,61.3,2,0.067,2,0.0,2
857.0,2,3.9349,2,34.3203,2,10.0,2,61.4,2,0.067,2,0.0,2
858.0,2,3.9327,2,34.3206,2,10.1,2,61.4,2,0.067,2,0.0,2
859.0,2,3.929,2,34.3213,2,10.0,2,61.4,2,0.067,2,0.0,2
860.0,2,3.9216,2,34.3226,2,10.0,2,61.4,2,0.067,2,0.0,2
860.8,2,3.9174,2,34.3235,2,10.0,2,61.5,2,0.067,2,0.0,2
862.0,2,3.9128,2,34.324,2,9.9,2,61.7,2,0.065,2,0.0,2
863.0,2,3.909,2,34.3248,2,9.9,2,61.9,2,0.067,2,0.0,2
864.0,2,3.9071,2,34.3251,2,9.8,2,62.0,2,0.066,2,0.0,2
865.0,2,3.9047,2,34.3256,2,9.9,2,62.1,2,0.067,2,0.0,2
866.0,2,3.9005,2,34.3262,2,9.7,2,62.0,2,0.067,2,0.0,2
867.0,2,3.8952,2,34.3273,2,9.7,2,62.1,2,0.067,2,0.0,2
868.0,2,3.8933,2,34.3275,2,9.9,2,62.1,2,0.067,2,0.0,2
869.0,2,3.8929,2,34.3277,2,9.7,2,62.1,2,0.064,2,0.0,2
870.0,2,3.8914,2,34.328,2,9.8,2,62.1,2,0.067,2,0.0,2
871.0,2,3.8891,2,34.3285,2,9.7,2,62.1,2,0.065,2,0.0,2
872.0,2,3.8877,2,34.3287,2,9.7,2,62.0,2,0.067,2,0.0,2
873.0,2,3.8857,2,34.3292,2,9.7,2,62.0,2,0.067,2,0.0,2
874.0,2,3.884,2,34.3294,2,9.8,2,62.1,2,0.067,2,0.0,2
875.0,2,3.8809,2,34.3299,2,9.8,2,62.0,2,0.067,2,0.0,2
876.0,2,3.8799,2,34.3302,2,9.8,2,62.1,2,0.067,2,0.0,2
877.0,2,3.8776,2,34.3306,2,9.7,2,61.9,2,0.067,2,0.0,2
878.0,2,3.8773,2,34.3307,2,9.8,2,62.0,2,0.067,2,0.0,2
879.0,2,3.8774,2,34.3306,2,9.7,2,62.0,2,0.067,2,0.0,2
880.0,2,3.8773,2,34.3307,2,9.8,2,62.0,2,0.067,2,0.0,2
881.0,2,3.8775,2,34.3307,2,9.7,2,62.0,2,0.067,2,0.0,2
882.0,2,3.877,2,34.3309,2,9.9,2,62.0,2,0.067,2,0.0,2
883.0,2,3.8764,2,34.330999999999996,2,9.9,2,62.0,2,0.067,2,0.0,2
884.0,2,3.8741,2,34.3314,2,9.7,2,62.0,2,0.067,2,0.0,2
885.0,2,3.8706,2,34.332,2,9.7,2,61.9,2,0.067,2,0.0,2
886.0,2,3.8691,2,34.3323,2,9.8,2,62.0,2,0.067,2,0.0,2
887.0,2,3.8684,2,34.3326,2,9.7,2,61.9,2,0.06,2,0.0,2
888.0,2,3.8680000000000003,2,34.3325,2,9.9,2,61.9,2,0.062,2,0.0,2
889.0,2,3.8681,2,34.3325,2,9.9,2,62.0,2,0.067,2,0.0,2
890.0,2,3.8681,2,34.3326,2,9.8,2,61.9,2,0.067,2,0.0,2
891.0,2,3.8666,2,34.3328,2,9.7,2,61.9,2,0.061,2,0.0,2
892.0,2,3.8601,2,34.3339,2,9.9,2,61.8,2,0.066,2,0.0,2
893.0,2,3.859,2,34.3341,2,9.8,2,61.8,2,0.067,2,0.0,2
894.0,2,3.8575,2,34.3343,2,9.9,2,61.8,2,0.067,2,0.0,2
895.0,2,3.8488,2,34.3361,2,9.8,2,61.8,2,0.067,2,0.0,2
896.0,2,3.8424,2,34.3371,2,10.0,2,61.8,2,0.067,2,0.0,2
897.0,2,3.8377,2,34.338,2,9.9,2,61.7,2,0.062,2,0.0,2
898.0,2,3.8337,2,34.3387,2,10.0,2,61.7,2,0.066,2,0.0,2
899.0,2,3.8264,2,34.3402,2,9.9,2,61.7,2,0.067,2,0.0,2
900.0,2,3.8217,2,34.3408,2,9.8,2,61.7,2,0.067,2,0.0,2
901.0,2,3.8145,2,34.3419,2,10.0,2,61.7,2,0.067,2,0.0,2
902.0,2,3.8108,2,34.3427,2,10.0,2,61.7,2,0.06,2,0.0,2
903.0,2,3.8099,2,34.3429,2,9.9,2,61.7,2,0.059000000000000004,2,0.0,2
904.0,2,3.8098,2,34.343,2,10.0,2,61.6,2,0.067,2,0.0,2
905.0,2,3.8094,2,34.343,2,10.0,2,61.7,2,0.066,2,0.0,2
906.0,2,3.8091,2,34.3431,2,9.9,2,61.6,2,0.067,2,0.0,2
907.0,2,3.8068,2,34.3435,2,10.0,2,61.6,2,0.064,2,0.0,2
908.0,2,3.8021,2,34.3443,2,10.0,2,61.6,2,0.064,2,0.0,2
909.0,2,3.7957,2,34.3455,2,10.0,2,61.5,2,0.067,2,0.0,2
910.0,2,3.7936,2,34.3461,2,10.0,2,61.5,2,0.06,2,0.0,2
911.0,2,3.7929,2,34.3459,2,10.1,2,61.5,2,0.061,2,0.0,2
912.0,2,3.7926,2,34.3461,2,10.0,2,61.5,2,0.065,2,0.0,2
913.0,2,3.7916,2,34.3463,2,10.0,2,61.5,2,0.064,2,0.0,2
914.0,2,3.7899,2,34.3466,2,10.1,2,61.5,2,0.066,2,0.0,2
915.0,2,3.7894,2,34.3468,2,10.1,2,61.5,2,0.065,2,0.0,2
916.0,2,3.7886,2,34.347,2,10.1,2,61.5,2,0.059000000000000004,2,0.0,2
917.0,2,3.7878,2,34.3473,2,10.1,2,61.4,2,0.067,2,0.0,2
918.0,2,3.7877,2,34.3472,2,10.0,2,61.4,2,0.067,2,0.0,2
919.0,2,3.7877,2,34.3473,2,10.1,2,61.4,2,0.061,2,0.0,2
920.0,2,3.7866,2,34.3475,2,10.2,2,61.4,2,0.057,2,0.0,2
921.0,2,3.7843,2,34.348,2,10.2,2,61.4,2,0.055,2,0.0,2
922.0,2,3.7807,2,34.349000000000004,2,10.1,2,61.3,2,0.055999999999999994,2,0.0,2
923.0,2,3.778,2,34.3494,2,10.2,2,61.2,2,0.067,2,0.0,2
924.0,2,3.7729,2,34.3502,2,10.2,2,61.2,2,0.059000000000000004,2,0.0,2
925.0,2,3.7706,2,34.3503,2,10.3,2,61.2,2,0.057,2,0.0,2
926.0,2,3.7696,2,34.3504,2,10.2,2,61.1,2,0.059000000000000004,2,0.0,2
927.0,2,3.7669,2,34.3507,2,10.2,2,61.2,2,0.065,2,0.0,2
928.0,2,3.764,2,34.3513,2,10.3,2,61.3,2,0.057999999999999996,2,0.0,2
929.0,2,3.7594,2,34.3521,2,10.1,2,61.4,2,0.067,2,0.0,2
930.0,2,3.7564,2,34.3526,2,10.1,2,61.3,2,0.067,2,0.0,2
931.0,2,3.7547,2,34.353,2,10.3,2,61.2,2,0.062,2,0.0,2
932.0,2,3.7532,2,34.3533,2,10.3,2,61.2,2,0.06,2,0.0,2
933.0,2,3.7521,2,34.3534,2,10.2,2,61.3,2,0.057999999999999996,2,0.0,2
933.6,2,3.7510000000000003,2,34.3537,2,10.2,2,61.3,2,0.055,2,0.0,2
935.0,2,3.7494,2,34.3537,2,10.2,2,61.4,2,0.063,2,0.0,2
936.0,2,3.7483,2,34.354,2,10.1,2,61.4,2,0.066,2,0.0,2
937.0,2,3.7474,2,34.3542,2,10.1,2,61.5,2,0.064,2,0.0,2
938.0,2,3.747,2,34.3543,2,10.2,2,61.5,2,0.061,2,0.0,2
939.0,2,3.7462,2,34.3544,2,10.3,2,61.5,2,0.064,2,0.0,2
940.0,2,3.7457,2,34.3545,2,10.3,2,61.5,2,0.059000000000000004,2,0.0,2
941.0,2,3.7451,2,34.3546,2,10.2,2,61.5,2,0.062,2,0.0,2
942.0,2,3.7439,2,34.3549,2,10.1,2,61.5,2,0.066,2,0.0,2
943.0,2,3.7417,2,34.3553,2,10.2,2,61.5,2,0.054000000000000006,2,0.0,2
944.0,2,3.7375,2,34.356,2,10.1,2,61.5,2,0.057999999999999996,2,0.0,2
945.0,2,3.7354,2,34.3563,2,10.2,2,61.4,2,0.061,2,0.0,2
946.0,2,3.7348,2,34.3566,2,10.1,2,61.5,2,0.066,2,0.0,2
947.0,2,3.7346,2,34.3565,2,10.2,2,61.6,2,0.055999999999999994,2,0.0,2
948.0,2,3.7346,2,34.3565,2,10.3,2,61.6,2,0.061,2,0.0,2
949.0,2,3.7338,2,34.3566,2,10.2,2,61.6,2,0.054000000000000006,2,0.0,2
950.0,2,3.7329,2,34.3568,2,10.0,2,61.7,2,0.059000000000000004,2,0.0,2
951.0,2,3.7315,2,34.3569,2,10.0,2,61.7,2,0.057,2,0.0,2
952.0,2,3.7281,2,34.3574,2,10.3,2,61.7,2,0.055999999999999994,2,0.0,2
953.0,2,3.7223,2,34.3581,2,10.0,2,61.8,2,0.057999999999999996,2,0.0,2
954.0,2,3.7198,2,34.3583,2,10.2,2,62.0,2,0.054000000000000006,2,0.0,2
955.0,2,3.7188,2,34.3585,2,10.2,2,61.9,2,0.055,2,0.0,2
956.0,2,3.7184,2,34.3587,2,10.2,2,61.4,2,0.061,2,0.0,2
957.0,2,3.7178,2,34.3586,2,10.2,2,61.9,2,0.057,2,0.0,2
958.0,2,3.7164,2,34.3589,2,10.2,2,61.9,2,0.055999999999999994,2,0.0,2
959.0,2,3.7127,2,34.3596,2,10.3,2,61.8,2,0.064,2,0.0,2
960.0,2,3.7065,2,34.3606,2,10.4,2,61.8,2,0.057,2,0.0,2
961.0,2,3.7004,2,34.3617,2,10.1,2,61.8,2,0.054000000000000006,2,0.0,2
962.0,2,3.6926,2,34.3629,2,10.1,2,61.8,2,0.054000000000000006,2,0.0,2
963.0,2,3.6855,2,34.3642,2,10.3,2,61.7,2,0.055999999999999994,2,0.0,2
964.0,2,3.6741,2,34.3661,2,10.3,2,61.9,2,0.054000000000000006,2,0.0,2
965.0,2,3.6682,2,34.367,2,10.4,2,62.0,2,0.054000000000000006,2,0.0,2
966.1,2,3.6626,2,34.3681,2,10.2,2,62.1,2,0.054000000000000006,2,0.0,2
966.9,2,3.6588,2,34.3687,2,10.3,2,62.0,2,0.054000000000000006,2,0.0,2
968.0,2,3.6519,2,34.3698,2,10.3,2,62.1,2,0.054000000000000006,2,0.0,2
969.0,2,3.648,2,34.3707,2,10.3,2,62.1,2,0.054000000000000006,2,0.0,2
970.0,2,3.6451,2,34.3712,2,10.3,2,62.0,2,0.054000000000000006,2,0.0,2
971.0,2,3.6436,2,34.3714,2,10.4,2,61.9,2,0.054000000000000006,2,0.0,2
972.0,2,3.6417,2,34.3717,2,10.3,2,61.9,2,0.054000000000000006,2,0.0,2
973.0,2,3.6383,2,34.3722,2,10.4,2,62.0,2,0.054000000000000006,2,0.0,2
974.0,2,3.6352,2,34.3724,2,10.4,2,62.1,2,0.054000000000000006,2,0.0,2
975.0,2,3.6324,2,34.3727,2,10.3,2,62.1,2,0.054000000000000006,2,0.0,2
976.0,2,3.6291,2,34.3734,2,10.4,2,62.3,2,0.054000000000000006,2,0.0,2
977.0,2,3.6219,2,34.3751,2,10.3,2,62.3,2,0.054000000000000006,2,0.0,2
978.0,2,3.6205,2,34.3754,2,10.5,2,62.1,2,0.054000000000000006,2,0.0,2
979.0,2,3.6189,2,34.3759,2,10.5,2,61.9,2,0.054000000000000006,2,0.0,2
980.0,2,3.615,2,34.3765,2,10.6,2,61.8,2,0.054000000000000006,2,0.0,2
981.0,2,3.6113,2,34.3772,2,10.8,2,61.7,2,0.054000000000000006,2,0.0,2
982.0,2,3.6087,2,34.3778,2,10.6,2,61.7,2,0.054000000000000006,2,0.0,2
983.0,2,3.6071,2,34.3779,2,10.8,2,61.6,2,0.054000000000000006,2,0.0,2
984.0,2,3.6032,2,34.3786,2,10.9,2,61.7,2,0.054000000000000006,2,0.0,2
985.0,2,3.6022,2,34.3789,2,10.7,2,61.7,2,0.059000000000000004,2,0.0,2
986.0,2,3.6019,2,34.3789,2,10.9,2,61.7,2,0.054000000000000006,2,0.0,2
987.0,2,3.6007,2,34.379,2,10.8,2,61.7,2,0.054000000000000006,2,0.0,2
988.0,2,3.5921,2,34.3805,2,10.8,2,61.7,2,0.054000000000000006,2,0.0,2
989.0,2,3.5878,2,34.3813,2,10.8,2,61.7,2,0.054000000000000006,2,0.0,2
990.0,2,3.5871,2,34.3813,2,11.0,2,61.7,2,0.054000000000000006,2,0.0,2
991.0,2,3.5856,2,34.3815,2,10.9,2,61.7,2,0.055999999999999994,2,0.0,2
992.0,2,3.5848,2,34.3818,2,10.9,2,61.8,2,0.059000000000000004,2,0.0,2
993.0,2,3.5846,2,34.3817,2,10.9,2,61.8,2,0.054000000000000006,2,0.0,2
994.0,2,3.5842,2,34.3816,2,10.9,2,61.8,2,0.054000000000000006,2,0.0,2
995.0,2,3.5833,2,34.382,2,10.8,2,61.8,2,0.054000000000000006,2,0.0,2
996.0,2,3.5821,2,34.3822,2,11.0,2,61.7,2,0.054000000000000006,2,0.0,2
997.0,2,3.5801,2,34.3826,2,11.0,2,61.9,2,0.057999999999999996,2,0.0,2
998.0,2,3.5780000000000003,2,34.383,2,10.7,2,61.8,2,0.06,2,0.0,2
999.0,2,3.5758,2,34.3833,2,11.0,2,61.9,2,0.055999999999999994,2,0.0,2
1000.0,2,3.5753,2,34.3835,2,11.0,2,61.9,2,0.054000000000000006,2,0.0,2
1001.0,2,3.5747,2,34.3835,2,11.0,2,61.9,2,0.054000000000000006,2,0.0,2
1002.0,2,3.5734,2,34.3837,2,10.9,2,61.9,2,0.054000000000000006,2,0.0,2
1003.0,2,3.5725,2,34.3839,2,11.0,2,61.8,2,0.055999999999999994,2,0.0,2
1004.0,2,3.5719,2,34.3841,2,11.0,2,61.8,2,0.054000000000000006,2,0.0,2
1005.0,2,3.5715,2,34.3841,2,11.0,2,61.7,2,0.054000000000000006,2,0.0,2
1006.0,2,3.571,2,34.3842,2,11.0,2,61.7,2,0.054000000000000006,2,0.0,2
1007.0,2,3.5655,2,34.3851,2,11.0,2,61.7,2,0.054000000000000006,2,0.0,2
1008.0,2,3.56,2,34.3859,2,11.0,2,61.6,2,0.054000000000000006,2,0.0,2
1009.0,2,3.5568,2,34.3866,2,11.1,2,61.7,2,0.054000000000000006,2,0.0,2
1010.0,2,3.5479,2,34.3878,2,11.1,2,61.6,2,0.054000000000000006,2,0.0,2
1011.0,2,3.5441,2,34.3884,2,11.1,2,61.7,2,0.055999999999999994,2,0.0,2
1012.0,2,3.5439,2,34.3884,2,11.1,2,61.7,2,0.054000000000000006,2,0.0,2
1013.0,2,3.5434,2,34.3885,2,11.2,2,61.7,2,0.054000000000000006,2,0.0,2
1014.0,2,3.5434,2,34.3886,2,11.3,2,61.8,2,0.054000000000000006,2,0.0,2
1015.0,2,3.5436,2,34.3888,2,11.2,2,61.8,2,0.054000000000000006,2,0.0,2
1016.0,2,3.5438,2,34.3888,2,11.0,2,61.8,2,0.054000000000000006,2,0.0,2
1017.0,2,3.5434,2,34.389,2,11.2,2,61.8,2,0.054000000000000006,2,0.0,2
1018.0,2,3.5428,2,34.3891,2,11.2,2,61.9,2,0.054000000000000006,2,0.0,2
1019.0,2,3.5402,2,34.3896,2,11.2,2,61.9,2,0.054000000000000006,2,0.0,2
1020.0,2,3.5347,2,34.3907,2,11.3,2,61.9,2,0.054000000000000006,2,0.0,2
1021.0,2,3.5297,2,34.3915,2,11.4,2,61.9,2,0.055,2,0.0,2
1022.0,2,3.5222,2,34.3928,2,11.3,2,61.9,2,0.054000000000000006,2,0.0,2
1023.0,2,3.5214,2,34.3931,2,11.4,2,61.9,2,0.054000000000000006,2,0.0,2
1024.0,2,3.5213,2,34.393,2,11.3,2,61.9,2,0.054000000000000006,2,0.0,2
1025.0,2,3.5181,2,34.3934,2,11.4,2,61.9,2,0.054000000000000006,2,0.0,2
1026.0,2,3.5145,2,34.394,2,11.6,2,61.9,2,0.054000000000000006,2,0.0,2
1027.0,2,3.5113,2,34.3946,2,11.5,2,61.8,2,0.054000000000000006,2,0.0,2
1028.0,2,3.5094,2,34.3949,2,11.3,2,61.8,2,0.054000000000000006,2,0.0,2
1029.0,2,3.5087,2,34.3949,2,11.6,2,61.9,2,0.054000000000000006,2,0.0,2
1030.0,2,3.5065,2,34.3952,2,11.6,2,61.7,2,0.054000000000000006,2,0.0,2
1031.0,2,3.5021,2,34.396,2,11.5,2,61.7,2,0.054000000000000006,2,0.0,2
1032.0,2,3.4987,2,34.3965,2,11.6,2,61.8,2,0.054000000000000006,2,0.0,2
1033.0,2,3.4955,2,34.397,2,11.6,2,61.8,2,0.054000000000000006,2,0.0,2
1034.0,2,3.4909,2,34.3977,2,11.6,2,61.8,2,0.054000000000000006,2,0.0,2
1035.0,2,3.4844,2,34.3983,2,11.7,2,61.8,2,0.054000000000000006,2,0.0,2
1036.0,2,3.4776,2,34.3993,2,11.6,2,61.7,2,0.054000000000000006,2,0.0,2
1037.0,2,3.477,2,34.3993,2,11.9,2,61.8,2,0.054000000000000006,2,0.0,2
1038.0,2,3.4764,2,34.3993,2,11.8,2,61.7,2,0.054000000000000006,2,0.0,2
1039.0,2,3.4766,2,34.3993,2,11.6,2,61.7,2,0.054000000000000006,2,0.0,2
1040.0,2,3.4766,2,34.3993,2,11.8,2,61.7,2,0.054000000000000006,2,0.0,2
1041.0,2,3.4768,2,34.3993,2,11.7,2,61.6,2,0.054000000000000006,2,0.0,2
1042.0,2,3.4772,2,34.399,2,11.8,2,61.7,2,0.054000000000000006,2,0.0,2
1043.0,2,3.4774,2,34.399,2,11.7,2,61.8,2,0.054000000000000006,2,0.0,2
1044.0,2,3.4776,2,34.3991,2,11.6,2,61.8,2,0.054000000000000006,2,0.0,2
1045.0,2,3.4758,2,34.399,2,11.7,2,61.8,2,0.054000000000000006,2,0.0,2
1046.0,2,3.4654,2,34.4005,2,11.9,2,61.8,2,0.054000000000000006,2,0.0,2
1047.0,2,3.4567,2,34.4017,2,11.8,2,61.9,2,0.054000000000000006,2,0.0,2
1048.0,2,3.4533,2,34.402,2,11.7,2,61.9,2,0.054000000000000006,2,0.0,2
1049.0,2,3.4524,2,34.4022,2,11.7,2,61.9,2,0.054000000000000006,2,0.0,2
1050.0,2,3.4506,2,34.4023,2,11.8,2,61.9,2,0.054000000000000006,2,0.0,2
1051.0,2,3.4467,2,34.4028,2,11.7,2,61.9,2,0.054000000000000006,2,0.0,2
1052.0,2,3.4410000000000003,2,34.4036,2,11.9,2,62.1,2,0.054000000000000006,2,0.0,2
1053.0,2,3.4373,2,34.4043,2,11.9,2,62.1,2,0.054000000000000006,2,0.0,2
1054.0,2,3.4343,2,34.405,2,11.8,2,62.1,2,0.054000000000000006,2,0.0,2
1055.0,2,3.4324,2,34.4055,2,11.8,2,62.0,2,0.054000000000000006,2,0.0,2
1056.0,2,3.4288,2,34.4061,2,12.0,2,61.9,2,0.054000000000000006,2,0.0,2
1057.0,2,3.4266,2,34.4067,2,12.0,2,61.9,2,0.054000000000000006,2,0.0,2
1058.0,2,3.424,2,34.4069,2,12.2,2,61.7,2,0.054000000000000006,2,0.0,2
1059.0,2,3.4223,2,34.4072,2,12.1,2,61.7,2,0.054000000000000006,2,0.0,2
1060.0,2,3.4207,2,34.4074,2,12.1,2,61.8,2,0.054000000000000006,2,0.0,2
1061.0,2,3.4183,2,34.408,2,12.1,2,61.7,2,0.054000000000000006,2,0.0,2
1062.0,2,3.4162,2,34.4086,2,12.3,2,61.8,2,0.054000000000000006,2,0.0,2
1063.0,2,3.4132,2,34.4092,2,12.2,2,61.7,2,0.054000000000000006,2,0.0,2
1064.0,2,3.4101,2,34.4097,2,12.3,2,61.5,2,0.054000000000000006,2,0.0,2
1065.0,2,3.4057,2,34.4104,2,12.5,2,61.5,2,0.054000000000000006,2,0.0,2
1066.0,2,3.4019,2,34.4113,2,12.5,2,61.6,2,0.054000000000000006,2,0.0,2
1067.0,2,3.4005,2,34.4116,2,12.4,2,61.6,2,0.054000000000000006,2,0.0,2
1068.0,2,3.3998,2,34.4116,2,12.5,2,61.7,2,0.054000000000000006,2,0.0,2
1069.0,2,3.3977,2,34.412,2,12.6,2,61.7,2,0.054000000000000006,2,0.0,2
1070.0,2,3.3930000000000002,2,34.4126,2,12.4,2,61.7,2,0.054000000000000006,2,0.0,2
1071.0,2,3.3872,2,34.4133,2,12.6,2,61.7,2,0.054000000000000006,2,0.0,2
1072.0,2,3.3832,2,34.4139,2,12.6,2,61.7,2,0.06,2,0.0,2
1073.0,2,3.3726,2,34.4153,2,12.7,2,61.7,2,0.055,2,0.0,2
1074.0,2,3.3707,2,34.4156,2,12.7,2,61.7,2,0.054000000000000006,2,0.0,2
1075.0,2,3.3683,2,34.4157,2,12.8,2,61.6,2,0.054000000000000006,2,0.0,2
1076.0,2,3.3645,2,34.4163,2,12.7,2,61.5,2,0.054000000000000006,2,0.0,2
1077.0,2,3.363,2,34.4167,2,12.8,2,61.6,2,0.057999999999999996,2,0.0,2
1078.0,2,3.3597,2,34.417,2,12.9,2,61.5,2,0.054000000000000006,2,0.0,2
1079.0,2,3.3571,2,34.4174,2,12.8,2,61.5,2,0.054000000000000006,2,0.0,2
1080.0,2,3.3566,2,34.4174,2,13.0,2,61.6,2,0.054000000000000006,2,0.0,2
1081.0,2,3.3568,2,34.4174,2,12.9,2,61.5,2,0.054000000000000006,2,0.0,2
1082.0,2,3.3565,2,34.4175,2,12.9,2,61.5,2,0.054000000000000006,2,0.0,2
1083.0,2,3.3551,2,34.4177,2,13.0,2,61.5,2,0.054000000000000006,2,0.0,2
1084.0,2,3.3487,2,34.4186,2,12.9,2,61.5,2,0.054000000000000006,2,0.0,2
1085.0,2,3.345,2,34.4192,2,13.1,2,61.6,2,0.054000000000000006,2,0.0,2
1086.0,2,3.345,2,34.4192,2,13.1,2,61.6,2,0.054000000000000006,2,0.0,2
1087.0,2,3.3446,2,34.4193,2,13.2,2,61.6,2,0.054000000000000006,2,0.0,2
1088.0,2,3.3452,2,34.4192,2,13.0,2,61.5,2,0.054000000000000006,2,0.0,2
1089.0,2,3.3453,2,34.4192,2,13.1,2,61.7,2,0.054000000000000006,2,0.0,2
1090.0,2,3.3448,2,34.4194,2,13.3,2,61.5,2,0.054000000000000006,2,0.0,2
1091.0,2,3.3426,2,34.4196,2,13.2,2,61.6,2,0.054000000000000006,2,0.0,2
1092.0,2,3.3401,2,34.42,2,13.2,2,61.7,2,0.054000000000000006,2,0.0,2
1093.0,2,3.339,2,34.4203,2,13.2,2,61.7,2,0.054000000000000006,2,0.0,2
1094.0,2,3.3385,2,34.4203,2,13.1,2,61.7,2,0.054000000000000006,2,0.0,2
1095.0,2,3.338,2,34.4203,2,13.3,2,61.6,2,0.054000000000000006,2,0.0,2
1096.0,2,3.3372,2,34.4205,2,13.3,2,61.6,2,0.054000000000000006,2,0.0,2
1097.0,2,3.3377,2,34.4206,2,13.2,2,61.6,2,0.054000000000000006,2,0.0,2
1098.0,2,3.3375,2,34.4206,2,13.2,2,61.6,2,0.054000000000000006,2,0.0,2
1099.0,2,3.3361,2,34.4206,2,13.2,2,61.6,2,0.054000000000000006,2,0.0,2
1100.0,2,3.3353,2,34.4207,2,13.3,2,61.7,2,0.054000000000000006,2,0.0,2
1101.0,2,3.332,2,34.4211,2,13.2,2,61.7,2,0.054000000000000006,2,0.0,2
1102.0,2,3.3216,2,34.4224,2,13.4,2,61.6,2,0.054000000000000006,2,0.0,2
1103.0,2,3.3169,2,34.423,2,13.3,2,61.7,2,0.054000000000000006,2,0.0,2
1104.0,2,3.3111,2,34.4239,2,13.3,2,61.7,2,0.054000000000000006,2,0.0,2
1105.2,2,3.307,2,34.4246,2,13.4,2,61.9,2,0.054000000000000006,2,0.0,2
1106.0,2,3.3062,2,34.4247,2,13.4,2,61.9,2,0.054000000000000006,2,0.0,2
1107.0,2,3.3057,2,34.4249,2,13.4,2,61.9,2,0.054000000000000006,2,0.0,2
1108.0,2,3.3039,2,34.4253,2,13.3,2,62.1,2,0.054000000000000006,2,0.0,2
1109.0,2,3.3005,2,34.426,2,13.4,2,62.1,2,0.054000000000000006,2,0.0,2
1110.0,2,3.2977,2,34.4265,2,13.6,2,62.1,2,0.054000000000000006,2,0.0,2
1111.0,2,3.2961,2,34.4269,2,13.5,2,62.1,2,0.054000000000000006,2,0.0,2
1112.0,2,3.2929,2,34.4272,2,13.4,2,62.0,2,0.054000000000000006,2,0.0,2
1113.0,2,3.2884,2,34.428000000000004,2,13.7,2,62.1,2,0.054000000000000006,2,0.0,2
1114.0,2,3.2847,2,34.4288,2,13.8,2,62.1,2,0.054000000000000006,2,0.0,2
1115.0,2,3.2832,2,34.429,2,13.6,2,62.1,2,0.054000000000000006,2,0.0,2
1116.0,2,3.2812,2,34.4292,2,13.8,2,62.1,2,0.054000000000000006,2,0.0,2
1117.0,2,3.2769,2,34.4297,2,13.8,2,62.2,2,0.054000000000000006,2,0.0,2
1118.0,2,3.2757,2,34.4299,2,14.1,2,62.2,2,0.054000000000000006,2,0.0,2
1119.0,2,3.2759,2,34.4298,2,13.8,2,62.1,2,0.054000000000000006,2,0.0,2
1120.0,2,3.2758,2,34.4299,2,13.8,2,62.1,2,0.054000000000000006,2,0.0,2
1121.0,2,3.275,2,34.4301,2,13.9,2,62.1,2,0.054000000000000006,2,0.0,2
1122.0,2,3.2743,2,34.4302,2,13.9,2,62.1,2,0.054000000000000006,2,0.0,2
1123.0,2,3.2712,2,34.4307,2,13.9,2,62.1,2,0.054000000000000006,2,0.0,2
1124.0,2,3.2713,2,34.4307,2,13.9,2,62.1,2,0.054000000000000006,2,0.0,2
1125.0,2,3.2714,2,34.4306,2,14.1,2,62.2,2,0.054000000000000006,2,0.0,2
1126.0,2,3.2701,2,34.4309,2,13.9,2,62.2,2,0.054000000000000006,2,0.0,2
1127.0,2,3.2682,2,34.4312,2,14.0,2,62.2,2,0.054000000000000006,2,0.0,2
1128.0,2,3.2683,2,34.4313,2,14.0,2,62.2,2,0.054000000000000006,2,0.0,2
1129.0,2,3.2673,2,34.4313,2,14.0,2,62.2,2,0.054000000000000006,2,0.0,2
1130.0,2,3.264,2,34.4316,2,14.2,2,62.2,2,0.054000000000000006,2,0.0,2
1131.0,2,3.2607,2,34.4321,2,14.1,2,62.2,2,0.054000000000000006,2,0.0,2
1132.0,2,3.258,2,34.4327,2,14.1,2,62.2,2,0.054000000000000006,2,0.0,2
1133.0,2,3.2569999999999997,2,34.4328,2,14.2,2,62.2,2,0.054000000000000006,2,0.0,2
1134.0,2,3.2573,2,34.4329,2,14.1,2,62.2,2,0.054000000000000006,2,0.0,2
1135.0,2,3.2574,2,34.4329,2,14.1,2,62.1,2,0.054000000000000006,2,0.0,2
1136.0,2,3.2573,2,34.4328,2,14.2,2,62.2,2,0.054000000000000006,2,0.0,2
1137.0,2,3.2573,2,34.4329,2,14.2,2,62.1,2,0.054000000000000006,2,0.0,2
1138.0,2,3.2569,2,34.4328,2,14.3,2,62.1,2,0.054000000000000006,2,0.0,2
1139.0,2,3.2568,2,34.4328,2,14.3,2,62.1,2,0.054000000000000006,2,0.0,2
1140.0,2,3.2569999999999997,2,34.4327,2,14.3,2,62.0,2,0.054000000000000006,2,0.0,2
1141.0,2,3.2571,2,34.4327,2,14.3,2,62.1,2,0.054000000000000006,2,0.0,2
1142.0,2,3.2573,2,34.4327,2,14.2,2,62.1,2,0.054000000000000006,2,0.0,2
1143.0,2,3.2569,2,34.4327,2,14.2,2,62.1,2,0.054000000000000006,2,0.0,2
1144.0,2,3.2544,2,34.4331,2,14.3,2,62.1,2,0.054000000000000006,2,0.0,2
1145.0,2,3.2527,2,34.4333,2,14.2,2,62.0,2,0.054000000000000006,2,0.0,2
1146.0,2,3.2494,2,34.4336,2,14.2,2,62.1,2,0.054000000000000006,2,0.0,2
1147.0,2,3.2486,2,34.4336,2,14.4,2,62.0,2,0.054000000000000006,2,0.0,2
1148.0,2,3.2464,2,34.4341,2,14.4,2,61.9,2,0.054000000000000006,2,0.0,2
1149.0,2,3.2432,2,34.4347,2,14.3,2,62.1,2,0.054000000000000006,2,0.0,2
1150.0,2,3.2405,2,34.4352,2,14.4,2,62.1,2,0.054000000000000006,2,0.0,2
1151.0,2,3.2396,2,34.4353,2,14.5,2,62.1,2,0.054000000000000006,2,0.0,2
1152.0,2,3.2376,2,34.4355,2,14.5,2,62.1,2,0.054000000000000006,2,0.0,2
1153.0,2,3.2366,2,34.4357,2,14.6,2,62.1,2,0.054000000000000006,2,0.0,2
1154.0,2,3.2356,2,34.4358,2,14.5,2,62.1,2,0.054000000000000006,2,0.0,2
1155.0,2,3.2352,2,34.4358,2,14.5,2,62.0,2,0.054000000000000006,2,0.0,2
1156.0,2,3.2343,2,34.436,2,14.5,2,62.0,2,0.054000000000000006,2,0.0,2
1157.0,2,3.2323,2,34.4363,2,14.6,2,62.0,2,0.054000000000000006,2,0.0,2
1158.0,2,3.2309,2,34.4365,2,14.5,2,62.1,2,0.054000000000000006,2,0.0,2
1159.0,2,3.2298,2,34.4366,2,14.6,2,62.0,2,0.054000000000000006,2,0.0,2
1160.0,2,3.2278,2,34.4368,2,14.6,2,62.0,2,0.054000000000000006,2,0.0,2
1161.0,2,3.2243,2,34.4376,2,14.8,2,62.1,2,0.054000000000000006,2,0.0,2
1162.0,2,3.2207,2,34.438,2,14.7,2,62.1,2,0.054000000000000006,2,0.0,2
1163.0,2,3.2187,2,34.4384,2,14.6,2,62.2,2,0.054000000000000006,2,0.0,2
1164.0,2,3.2176,2,34.4385,2,14.7,2,61.7,2,0.054000000000000006,2,0.0,2
1165.0,2,3.2167,2,34.4387,2,14.9,2,61.5,2,0.054000000000000006,2,0.0,2
1166.0,2,3.216,2,34.4388,2,14.9,2,61.7,2,0.054000000000000006,2,0.0,2
1167.0,2,3.2143,2,34.439,2,14.9,2,61.8,2,0.054000000000000006,2,0.0,2
1168.0,2,3.2121,2,34.4394,2,14.8,2,61.5,2,0.054000000000000006,2,0.0,2
1169.0,2,3.2109,2,34.4395,2,14.9,2,61.6,2,0.054000000000000006,2,0.0,2
1170.0,2,3.2107,2,34.4395,2,14.9,2,61.6,2,0.054000000000000006,2,0.0,2
1171.0,2,3.2107,2,34.4396,2,14.9,2,61.5,2,0.054000000000000006,2,0.0,2
1172.0,2,3.2097,2,34.4397,2,15.0,2,61.6,2,0.054000000000000006,2,0.0,2
1173.0,2,3.2055,2,34.4403,2,15.1,2,61.6,2,0.054000000000000006,2,0.0,2
1174.0,2,3.2037,2,34.4406,2,15.1,2,61.7,2,0.054000000000000006,2,0.0,2
1175.0,2,3.1996,2,34.4408,2,15.0,2,61.8,2,0.054000000000000006,2,0.0,2
1176.0,2,3.1962,2,34.4412,2,15.1,2,61.8,2,0.054000000000000006,2,0.0,2
1177.0,2,3.1966,2,34.4411,2,15.3,2,61.8,2,0.054000000000000006,2,0.0,2
1178.0,2,3.1969,2,34.4411,2,15.2,2,61.7,2,0.054000000000000006,2,0.0,2
1179.0,2,3.1976,2,34.4412,2,15.1,2,61.7,2,0.054000000000000006,2,0.0,2
1180.0,2,3.1975,2,34.4411,2,15.1,2,61.7,2,0.054000000000000006,2,0.0,2
1181.0,2,3.1951,2,34.4413,2,15.0,2,61.7,2,0.054000000000000006,2,0.0,2
1182.0,2,3.1919999999999997,2,34.4418,2,15.2,2,61.8,2,0.054000000000000006,2,0.0,2
1183.0,2,3.1897,2,34.4421,2,15.2,2,61.9,2,0.054000000000000006,2,0.0,2
1184.2,2,3.187,2,34.4424,2,15.3,2,62.0,2,0.054000000000000006,2,0.0,2
1185.0,2,3.1819,2,34.4426,2,15.2,2,61.9,2,0.054000000000000006,2,0.0,2
1186.0,2,3.1771,2,34.4426,2,15.2,2,61.9,2,0.054000000000000006,2,0.0,2
1187.0,2,3.1710000000000003,2,34.4428,2,15.3,2,62.1,2,0.054000000000000006,2,0.0,2
1188.0,2,3.1689,2,34.4429,2,15.1,2,62.2,2,0.054000000000000006,2,0.0,2
1189.0,2,3.1677,2,34.443000000000005,2,15.1,2,62.3,2,0.054000000000000006,2,0.0,2
1190.0,2,3.1669,2,34.4431,2,15.2,2,62.2,2,0.054000000000000006,2,0.0,2
1191.0,2,3.1649,2,34.4435,2,15.2,2,62.0,2,0.054000000000000006,2,0.0,2
1192.0,2,3.1629,2,34.4438,2,15.3,2,62.1,2,0.054000000000000006,2,0.0,2
1193.0,2,3.1599,2,34.4437,2,15.1,2,62.0,2,0.054000000000000006,2,0.0,2
1194.0,2,3.1573,2,34.4439,2,15.2,2,62.0,2,0.054000000000000006,2,0.0,2
1195.0,2,3.1564,2,34.4444,2,15.2,2,62.1,2,0.054000000000000006,2,0.0,2
1196.0,2,3.1556,2,34.4448,2,15.3,2,62.1,2,0.054000000000000006,2,0.0,2
1197.0,2,3.1546,2,34.4454,2,15.4,2,62.1,2,0.054000000000000006,2,0.0,2
1198.0,2,3.1511,2,34.4456,2,15.4,2,62.0,2,0.115,2,0.0,2
1199.0,2,3.1494,2,34.4456,2,15.3,2,62.0,2,0.07400000000000001,2,0.0,2
1200.0,2,3.1461,2,34.4456,2,15.5,2,62.1,2,0.06,2,0.0,2
1201.0,2,3.1436,2,34.446,2,15.5,2,62.1,2,0.054000000000000006,2,0.0,2
1202.0,2,3.1411,2,34.446,2,15.3,2,62.1,2,0.054000000000000006,2,0.0,2
1203.0,2,3.1386,2,34.4463,2,15.4,2,62.0,2,0.054000000000000006,2,0.0,2
1204.0,2,3.1335,2,34.4469,2,15.6,2,62.3,2,0.054000000000000006,2,0.0,2
1205.3,2,3.1263,2,34.4478,2,15.4,2,62.3,2,0.054000000000000006,2,0.0,2
1206.0,2,3.125,2,34.4476,2,15.6,2,62.3,2,0.054000000000000006,2,0.0,2
1207.0,2,3.1247,2,34.4479,2,15.7,2,62.3,2,0.054000000000000006,2,0.0,2
1208.0,2,3.1224,2,34.4479,2,15.4,2,62.3,2,0.054000000000000006,2,0.0,2
1209.0,2,3.1094,2,34.4481,2,15.6,2,62.3,2,0.054000000000000006,2,0.0,2
1210.0,2,3.1052,2,34.4485,2,15.7,2,62.4,2,0.054000000000000006,2,0.0,2
1211.0,2,3.1044,2,34.4494,2,15.6,2,62.5,2,0.054000000000000006,2,0.0,2
1212.0,2,3.1048,2,34.4495,2,15.6,2,62.4,2,0.054000000000000006,2,0.0,2
1213.0,2,3.1054,2,34.4496,2,15.9,2,62.2,2,0.054000000000000006,2,0.0,2
1214.0,2,3.105,2,34.4497,2,15.8,2,62.2,2,0.054000000000000006,2,0.0,2
1215.0,2,3.1043,2,34.4499,2,15.8,2,62.2,2,0.054000000000000006,2,0.0,2
1216.0,2,3.1038,2,34.4499,2,15.9,2,62.1,2,0.054000000000000006,2,0.0,2
1217.0,2,3.1032,2,34.45,2,15.9,2,62.1,2,0.054000000000000006,2,0.0,2
1218.0,2,3.1025,2,34.45,2,15.8,2,62.1,2,0.054000000000000006,2,0.0,2
1219.0,2,3.1010000000000004,2,34.45,2,15.9,2,62.1,2,0.054000000000000006,2,0.0,2
1220.0,2,3.0968,2,34.4502,2,15.9,2,62.2,2,0.054000000000000006,2,0.0,2
1221.0,2,3.0944,2,34.4506,2,15.9,2,62.2,2,0.054000000000000006,2,0.0,2
1222.0,2,3.0933,2,34.4508,2,15.9,2,62.1,2,0.054000000000000006,2,0.0,2
1223.0,2,3.0922,2,34.4507,2,15.8,2,62.1,2,0.054000000000000006,2,0.0,2
1224.0,2,3.0907,2,34.4507,2,15.9,2,62.1,2,0.054000000000000006,2,0.0,2
1225.0,2,3.0874,2,34.4507,2,15.8,2,62.3,2,0.054000000000000006,2,0.0,2
1226.0,2,3.0857,2,34.4506,2,15.9,2,62.2,2,0.054000000000000006,2,0.0,2
1227.0,2,3.0838,2,34.4505,2,15.9,2,62.4,2,0.054000000000000006,2,0.0,2
1228.0,2,3.0822,2,34.4506,2,15.7,2,62.5,2,0.054000000000000006,2,0.0,2
1229.0,2,3.0818,2,34.4508,2,15.7,2,62.5,2,0.054000000000000006,2,0.0,2
1230.0,2,3.0813,2,34.4507,2,15.9,2,62.5,2,0.054000000000000006,2,0.0,2
1231.0,2,3.0728,2,34.4517,2,15.8,2,62.5,2,0.054000000000000006,2,0.0,2
1232.0,2,3.0673,2,34.452,2,15.8,2,62.5,2,0.054000000000000006,2,0.0,2
1233.0,2,3.063,2,34.452,2,15.7,2,62.5,2,0.054000000000000006,2,0.0,2
1234.0,2,3.0613,2,34.4521,2,15.8,2,62.6,2,0.054000000000000006,2,0.0,2
1235.0,2,3.0569,2,34.4524,2,15.8,2,62.7,2,0.054000000000000006,2,0.0,2
1236.0,2,3.0561,2,34.4524,2,15.9,2,62.7,2,0.054000000000000006,2,0.0,2
1237.0,2,3.055,2,34.4525,2,15.8,2,62.7,2,0.054000000000000006,2,0.0,2
1238.0,2,3.0539,2,34.4528,2,15.7,2,62.7,2,0.054000000000000006,2,0.0,2
1239.0,2,3.0533,2,34.453,2,15.9,2,62.8,2,0.054000000000000006,2,0.0,2
1240.0,2,3.0537,2,34.4531,2,15.7,2,62.7,2,0.054000000000000006,2,0.0,2
1241.0,2,3.0542,2,34.4534,2,15.9,2,62.7,2,0.054000000000000006,2,0.0,2
1242.0,2,3.0538,2,34.4539,2,16.1,2,62.7,2,0.054000000000000006,2,0.0,2
1243.0,2,3.0514,2,34.4544,2,15.8,2,62.7,2,0.054000000000000006,2,0.0,2
1244.0,2,3.0506,2,34.4547,2,15.9,2,62.7,2,0.054000000000000006,2,0.0,2
1245.0,2,3.0494,2,34.4548,2,16.0,2,62.7,2,0.054000000000000006,2,0.0,2
1246.0,2,3.0482,2,34.4553,2,16.3,2,62.7,2,0.054000000000000006,2,0.0,2
1247.0,2,3.0476,2,34.4555,2,16.3,2,62.6,2,0.054000000000000006,2,0.0,2
1248.0,2,3.0460000000000003,2,34.4563,2,16.2,2,62.6,2,0.054000000000000006,2,0.0,2
1249.0,2,3.0453,2,34.457,2,16.3,2,62.5,2,0.054000000000000006,2,0.0,2
1250.0,2,3.045,2,34.4575,2,16.6,2,62.3,2,0.054000000000000006,2,0.0,2
1251.0,2,3.0448,2,34.4582,2,16.8,2,62.0,2,0.054000000000000006,2,0.0,2
1252.0,2,3.0431,2,34.4587,2,16.9,2,61.8,2,0.054000000000000006,2,0.0,2
1253.0,2,3.0405,2,34.4593,2,17.3,2,61.5,2,0.054000000000000006,2,0.0,2
1254.0,2,3.0399,2,34.4594,2,17.3,2,61.2,2,0.054000000000000006,2,0.0,2
1255.0,2,3.04,2,34.4593,2,17.2,2,61.1,2,0.054000000000000006,2,0.0,2
1256.0,2,3.0392,2,34.4593,2,17.5,2,61.0,2,0.054000000000000006,2,0.0,2
1257.0,2,3.0387,2,34.4593,2,17.5,2,60.9,2,0.054000000000000006,2,0.0,2
1258.0,2,3.0383,2,34.4595,2,17.6,2,61.0,2,0.054000000000000006,2,0.0,2
1259.0,2,3.0375,2,34.4594,2,17.5,2,60.9,2,0.054000000000000006,2,0.0,2
1260.0,2,3.0366,2,34.4596,2,17.5,2,60.9,2,0.054000000000000006,2,0.0,2
1261.0,2,3.0352,2,34.4598,2,17.6,2,60.8,2,0.054000000000000006,2,0.0,2
1262.0,2,3.0349,2,34.4599,2,17.6,2,60.8,2,0.054000000000000006,2,0.0,2
1263.0,2,3.0345,2,34.46,2,17.7,2,60.8,2,0.054000000000000006,2,0.0,2
1264.0,2,3.0326,2,34.4602,2,17.6,2,60.8,2,0.054000000000000006,2,0.0,2
1265.0,2,3.0296,2,34.4606,2,17.8,2,60.7,2,0.054000000000000006,2,0.0,2
1266.0,2,3.0253,2,34.4609,2,17.9,2,60.7,2,0.054000000000000006,2,0.0,2
1267.0,2,3.0204,2,34.4616,2,17.7,2,60.6,2,0.054000000000000006,2,0.0,2
1268.0,2,3.0191,2,34.4618,2,17.9,2,60.6,2,0.054000000000000006,2,0.0,2
1269.0,2,3.0151,2,34.4622,2,18.2,2,60.6,2,0.054000000000000006,2,0.0,2
1270.0,2,3.0091,2,34.463,2,18.1,2,60.6,2,0.054000000000000006,2,0.0,2
1271.0,2,3.0033,2,34.4636,2,18.2,2,60.8,2,0.054000000000000006,2,0.0,2
1272.0,2,2.9991,2,34.4641,2,18.3,2,60.8,2,0.054000000000000006,2,0.0,2
1273.0,2,2.998,2,34.4643,2,18.3,2,60.7,2,0.054000000000000006,2,0.0,2
1274.0,2,2.9967,2,34.4645,2,18.2,2,60.7,2,0.054000000000000006,2,0.0,2
1275.0,2,2.9949,2,34.4647,2,18.3,2,60.6,2,0.054000000000000006,2,0.0,2
1276.0,2,2.9942,2,34.4649,2,18.4,2,60.6,2,0.054000000000000006,2,0.0,2
1277.0,2,2.9939999999999998,2,34.4649,2,18.6,2,60.6,2,0.054000000000000006,2,0.0,2
1278.0,2,2.9925,2,34.465,2,18.6,2,60.6,2,0.057999999999999996,2,0.0,2
1279.0,2,2.9896,2,34.4654,2,18.4,2,60.6,2,0.054000000000000006,2,0.0,2
1280.0,2,2.988,2,34.4656,2,18.6,2,60.5,2,0.054000000000000006,2,0.0,2
1281.0,2,2.9846,2,34.466,2,18.6,2,60.6,2,0.054000000000000006,2,0.0,2
1282.0,2,2.9808,2,34.4665,2,18.7,2,60.6,2,0.054000000000000006,2,0.0,2
1283.0,2,2.9761,2,34.4672,2,18.7,2,60.6,2,0.054000000000000006,2,0.0,2
1284.0,2,2.9736,2,34.4674,2,18.8,2,60.6,2,0.054000000000000006,2,0.0,2
1285.0,2,2.9711,2,34.4676,2,19.0,2,60.8,2,0.054000000000000006,2,0.0,2
1286.0,2,2.967,2,34.468,2,18.8,2,60.8,2,0.054000000000000006,2,0.0,2
1287.0,2,2.9657,2,34.4683,2,19.0,2,60.8,2,0.054000000000000006,2,0.0,2
1288.0,2,2.965,2,34.4682,2,18.9,2,60.8,2,0.054000000000000006,2,0.0,2
1289.0,2,2.9634,2,34.4684,2,18.9,2,60.8,2,0.054000000000000006,2,0.0,2
1290.0,2,2.9623,2,34.4688,2,19.0,2,60.7,2,0.054000000000000006,2,0.0,2
1291.0,2,2.9579,2,34.4691,2,18.9,2,60.8,2,0.054000000000000006,2,0.0,2
1292.0,2,2.9536,2,34.4693,2,19.2,2,60.7,2,0.054000000000000006,2,0.0,2
1293.0,2,2.9505,2,34.4697,2,19.2,2,60.6,2,0.054000000000000006,2,0.0,2
1294.0,2,2.9503,2,34.4697,2,19.1,2,60.5,2,0.054000000000000006,2,0.0,2
1295.0,2,2.949,2,34.4698,2,19.3,2,60.7,2,0.054000000000000006,2,0.0,2
1296.0,2,2.9425,2,34.4703,2,19.4,2,60.8,2,0.054000000000000006,2,0.0,2
1297.0,2,2.9395,2,34.4707,2,19.5,2,60.8,2,0.054000000000000006,2,0.0,2
1298.0,2,2.9392,2,34.4707,2,19.2,2,60.8,2,0.054000000000000006,2,0.0,2
1299.0,2,2.9386,2,34.4708,2,19.3,2,60.9,2,0.054000000000000006,2,0.0,2
1300.0,2,2.938,2,34.4709,2,19.3,2,61.0,2,0.054000000000000006,2,0.0,2
1301.0,2,2.9367,2,34.4712,2,19.3,2,60.9,2,0.054000000000000006,2,0.0,2
1302.0,2,2.9355,2,34.4712,2,19.6,2,60.9,2,0.054000000000000006,2,0.0,2
1303.0,2,2.9335,2,34.4716,2,19.5,2,60.8,2,0.054000000000000006,2,0.0,2
1304.0,2,2.931,2,34.4717,2,19.4,2,60.8,2,0.054000000000000006,2,0.0,2
1305.0,2,2.9268,2,34.4722,2,19.5,2,60.8,2,0.054000000000000006,2,0.0,2
1306.0,2,2.924,2,34.4724,2,19.5,2,60.8,2,0.054000000000000006,2,0.0,2
1307.0,2,2.9227,2,34.4725,2,19.5,2,60.9,2,0.054000000000000006,2,0.0,2
1308.0,2,2.9216,2,34.4726,2,19.6,2,60.9,2,0.054000000000000006,2,0.0,2
1309.0,2,2.9203,2,34.4727,2,19.6,2,60.8,2,0.054000000000000006,2,0.0,2
1310.0,2,2.9161,2,34.4729,2,19.6,2,60.9,2,0.054000000000000006,2,0.0,2
1311.0,2,2.9135,2,34.4732,2,19.6,2,60.8,2,0.054000000000000006,2,0.0,2
1312.0,2,2.9105,2,34.4733,2,19.8,2,61.0,2,0.054000000000000006,2,0.0,2
1313.0,2,2.9071,2,34.4733,2,19.5,2,61.1,2,0.054000000000000006,2,0.0,2
1314.0,2,2.9022,2,34.4734,2,19.7,2,61.3,2,0.054000000000000006,2,0.0,2
1315.0,2,2.8944,2,34.4738,2,19.6,2,61.5,2,0.054000000000000006,2,0.0,2
1315.8,2,2.8907,2,34.4743,2,19.7,2,61.5,2,0.054000000000000006,2,0.0,2
1317.2,2,2.8872,2,34.4749,2,19.6,2,61.5,2,0.054000000000000006,2,0.0,2
1317.6,2,2.885,2,34.4757,2,19.8,2,61.6,2,0.054000000000000006,2,0.0,2
1319.3,2,2.8827,2,34.4756,2,19.7,2,61.1,2,0.054000000000000006,2,0.0,2
1319.6,2,2.8791,2,34.4759,2,19.7,2,61.2,2,0.054000000000000006,2,0.0,2
END_DATA
