CTD,20190304CCHSIOLMM
#---------------------------------------------------------------------------------------------------,,,,,,,,,,,,,,,,
#Fluorescence - Transmissivity and PAR data are nominal and unedited except that some records were removed in editing temperature and salinity.,,,,,,,,,,,,,,,,
#---------------------------------------------------------------------------------------------------,,,,,,,,,,,,,,,,
#For details on how the transmissivity calibration parameters were calculated see the document Transmissivity_Calculation.pdf.,,,,,,,,,,,,,,,,
#---------------------------------------------------------------------------------------------------,,,,,,,,,,,,,,,,
#The Oxygen:Dissolved:CTD calibration was done using the method described in the Sea-Bird Application Note #64-2 (Sea-Bird_64-2_Feb2010.pdf).,,,,,,,,,,,,,,,,
#,,,,,,,,,,,,,,,,
#A shift in the Oxygen:Dissolved:Bottle standardization parameters occurred between events 0032 and 0044; this was not investigated to determine if the resultant change in Thiosulfate normality was real or the result of a shift in lab temperature.,,,,,,,,,,,,,,,,
#Checks of the fit of Oxygen:Dissolved:CTD against titrated Oxygen:Dissolved:Bottle suggest that the titrated values from the first part of the cruise are lower than those of the latter part by about 0.02 ml/l.,,,,,,,,,,,,,,,,
#The Oxygen:Dissolved:CTD was recalibrated using titrated Oxygen:Dissolved:Bottle data from the whole cruise so any resultant error in the Oxygen:Dissolved:CTD is likely negligible compared to other sources of error (<0.01 ml/l).,,,,,,,,,,,,,,,,
#,,,,,,,,,,,,,,,,
#The Oxygen:Dissolved:CTD channel was corrupted for all or parts of events 0007 - 0010 - 0015 - 0017 - 0018 - 0019 - 0021.,,,,,,,,,,,,,,,,
#,,,,,,,,,,,,,,,,
#WARNING: The dissolved oxygen sensor was found to have a damaged membrane when it was examined at the factory shortly after this cruise.,,,,,,,,,,,,,,,,
#There is evidence of hysteresis which could not be corrected by adjusting the calibration parameters. ,,,,,,,,,,,,,,,,
#,,,,,,,,,,,,,,,,
#The Oxygen:Dissolved:CTD:Volume data are considered roughly to be:,,,,,,,,,,,,,,,,
#      • ±0.4 ml/l from 0 to 125 dbar,,,,,,,,,,,,,,,,
#      • ±0.3 ml/l from 125 dbar to 400 dbar,,,,,,,,,,,,,,,,
#      • ±0.1 ml/l below 400 dbar,,,,,,,,,,,,,,,,
#Below 1000 dbar the Oxygen:Dissolved:CTD reads consistently low by <0.01 ml/l.,,,,,,,,,,,,,,,,
#---------------------------------------------------------------------------------------------------,,,,,,,,,,,,,,,,
#For details on the processing see processing file 2011-01-proc.pdf,,,,,,,,,,,,,,,,
#---------------------------------------------------------------------------------------------------,,,,,,,,,,,,,,,,
#,,,,,,,,,,,,,,,,
#File Name,Zone,FIL:START TIME YYYY/MM/DD, HH:MM,LOC:EVENT_NUMBER,LOC:LATITUDE,LOC:LONGITUDE,LOC:STATION,Pressure:CTD [dbar],Temperature:CTD [deg_C_(ITS90)],Salinity:Practical:CTD [PSS-78],Sigma-t:CTD [kg/m^3],Transmissivity:CTD [*/m],Oxygen:Dissolved:CTD:Volume [ml/l],Oxygen:Dissolved:CTD:Mass [µmol/kg],Fluorescence:CTD [mg/m^3],PAR:CTD [µE/m^2/sec]
#,,,,,,,,,,,,,,,,
NUMBER_HEADERS = 8
EXPOCODE = 18DD20110208
STNBR = P18
CASTNO = 1
DATE = 13/02/2011
TIME =  18:47
LATITUDE = 49.433
LONGITUDE = -136.66484
CTDPRS,CTDPRS_FLAG_W,CTDTMP,CTDTMP_FLAG_W,CTDSAL,CTDSAL_FLAG_W,CTDOXY,CTDOXY_FLAG_W,CTDXMISS,CTDXMISS_FLAG_W,CTDFLUOR,CTDFLUOR_FLAG_W,PAR,PAR_FLAG_W
DBAR,,ITS-90,,PSS-78,,UMOL/KG,,,,MG/M^3,,UE/m^2/sec,
0.4,2,7.301,2,32.6133,2,295.8,2,59.2,2,0.537,2,,2
1.0,2,7.301,2,32.6131,2,295.9,2,59.0,2,0.542,2,,2
2.0,2,7.2992,2,32.6133,2,296.0,2,59.6,2,0.505,2,,2
3.0,2,7.2974,2,32.6133,2,296.0,2,61.0,2,0.46799999999999997,2,,2
4.1,2,7.2984,2,32.6133,2,295.9,2,61.7,2,0.48,2,,2
4.8,2,7.2991,2,32.6132,2,295.8,2,61.7,2,0.49,2,,2
6.0,2,7.3035,2,32.6131,2,295.7,2,61.7,2,0.5710000000000001,2,,2
7.0,2,7.3036,2,32.613,2,295.7,2,61.7,2,0.642,2,,2
8.0,2,7.3033,2,32.613,2,295.7,2,61.7,2,0.621,2,,2
9.0,2,7.3038,2,32.6132,2,295.7,2,61.7,2,0.6609999999999999,2,,2
10.0,2,7.3038,2,32.6132,2,295.8,2,61.7,2,0.705,2,,2
11.0,2,7.3042,2,32.6133,2,295.8,2,61.8,2,0.765,2,,2
12.0,2,7.3034,2,32.6131,2,295.7,2,61.7,2,0.762,2,,2
13.0,2,7.3045,2,32.6133,2,295.7,2,61.7,2,0.779,2,,2
14.0,2,7.3042,2,32.6131,2,295.7,2,61.8,2,0.8,2,,2
15.0,2,7.3064,2,32.6134,2,295.6,2,61.8,2,0.884,2,,2
16.0,2,7.3058,2,32.6136,2,295.6,2,61.8,2,0.927,2,,2
17.0,2,7.3054,2,32.6137,2,295.5,2,61.8,2,0.9790000000000001,2,,2
18.0,2,7.3055,2,32.6136,2,295.5,2,61.8,2,0.9740000000000001,2,,2
19.0,2,7.3065,2,32.6133,2,295.6,2,61.8,2,1.0170000000000001,2,,2
20.0,2,7.3061,2,32.6137,2,295.7,2,61.8,2,1.074,2,,2
21.0,2,7.3052,2,32.6133,2,295.8,2,61.8,2,1.058,2,,2
22.0,2,7.3043,2,32.6131,2,295.9,2,61.7,2,1.023,2,,2
23.0,2,7.3047,2,32.6132,2,296.1,2,61.8,2,1.038,2,,2
24.0,2,7.303,2,32.6129,2,296.1,2,61.7,2,1.043,2,,2
25.0,2,7.3035,2,32.6129,2,296.2,2,61.7,2,1.075,2,,2
26.0,2,7.3035,2,32.6128,2,296.1,2,61.7,2,1.074,2,,2
27.0,2,7.3032,2,32.6129,2,296.1,2,61.7,2,1.056,2,,2
28.0,2,7.3028,2,32.6128,2,295.6,2,61.7,2,1.104,2,,2
29.0,2,7.3021,2,32.6127,2,295.5,2,61.7,2,1.117,2,,2
30.0,2,7.3026,2,32.6125,2,295.4,2,61.7,2,1.129,2,,2
31.0,2,7.3023,2,32.6123,2,295.4,2,61.7,2,1.122,2,,2
32.0,2,7.3021,2,32.6121,2,295.3,2,61.7,2,1.107,2,,2
33.0,2,7.3023,2,32.6119,2,295.4,2,61.7,2,1.112,2,,2
34.0,2,7.3039,2,32.6123,2,295.6,2,61.7,2,1.122,2,,2
35.0,2,7.303999999999999,2,32.6123,2,295.6,2,61.7,2,1.141,2,,2
36.0,2,7.3038,2,32.6122,2,295.8,2,61.7,2,1.123,2,,2
37.0,2,7.3042,2,32.6124,2,295.8,2,61.7,2,1.123,2,,2
38.0,2,7.3036,2,32.6123,2,295.9,2,61.7,2,1.12,2,,2
39.0,2,7.3036,2,32.6122,2,296.0,2,61.7,2,1.097,2,,2
40.0,2,7.3035,2,32.6121,2,296.1,2,61.7,2,1.1059999999999999,2,,2
41.0,2,7.3046,2,32.6119,2,296.2,2,61.7,2,1.1079999999999999,2,,2
42.0,2,7.3053,2,32.6123,2,296.1,2,61.7,2,1.087,2,,2
43.0,2,7.3054,2,32.6122,2,296.4,2,61.7,2,1.0959999999999999,2,,2
44.0,2,7.3051,2,32.6128,2,296.4,2,61.7,2,1.099,2,,2
45.1,2,7.3041,2,32.6127,2,296.4,2,61.7,2,1.099,2,,2
48.1,2,7.3029,2,32.6127,2,296.1,2,61.8,2,1.075,2,,2
48.5,2,7.3035,2,32.6124,2,296.2,2,61.8,2,1.062,2,,2
50.9,2,7.3022,2,32.6122,2,296.0,2,61.7,2,1.0759999999999998,2,,2
52.0,2,7.3032,2,32.6123,2,295.8,2,61.8,2,1.064,2,,2
53.0,2,7.3029,2,32.6121,2,295.9,2,61.8,2,1.045,2,,2
54.0,2,7.3022,2,32.611999999999995,2,295.9,2,61.8,2,1.034,2,,2
55.0,2,7.3035,2,32.6122,2,296.0,2,61.7,2,1.036,2,,2
56.0,2,7.3023,2,32.6121,2,296.1,2,61.7,2,1.022,2,,2
57.1,2,7.3020000000000005,2,32.611999999999995,2,296.2,2,61.7,2,1.037,2,,2
57.9,2,7.3023,2,32.6121,2,296.0,2,61.8,2,1.065,2,,2
59.0,2,7.3032,2,32.611999999999995,2,295.7,2,61.7,2,1.0490000000000002,2,,2
60.0,2,7.3034,2,32.6119,2,295.8,2,61.7,2,1.051,2,,2
61.0,2,7.3049,2,32.6122,2,295.9,2,61.7,2,1.067,2,,2
62.0,2,7.3051,2,32.6124,2,296.0,2,61.8,2,1.053,2,,2
62.6,2,7.3047,2,32.6126,2,296.1,2,61.8,2,1.062,2,,2
65.0,2,7.3056,2,32.6126,2,295.8,2,61.8,2,1.0859999999999999,2,,2
66.0,2,7.3068,2,32.6127,2,295.9,2,61.8,2,1.0590000000000002,2,,2
67.0,2,7.3112,2,32.6136,2,295.9,2,61.8,2,1.031,2,,2
68.0,2,7.3133,2,32.6141,2,295.9,2,61.8,2,1.063,2,,2
68.6,2,7.3128,2,32.6141,2,295.9,2,61.8,2,1.099,2,,2
70.2,2,7.3134,2,32.6136,2,295.8,2,61.8,2,1.077,2,,2
71.0,2,7.3128,2,32.6135,2,295.8,2,61.8,2,1.081,2,,2
72.0,2,7.3152,2,32.6136,2,295.8,2,61.9,2,1.05,2,,2
73.1,2,7.3164,2,32.6143,2,295.9,2,61.8,2,1.03,2,,2
74.1,2,7.3158,2,32.6149,2,295.9,2,61.9,2,1.031,2,,2
74.9,2,7.3157,2,32.6147,2,295.8,2,61.9,2,1.046,2,,2
76.0,2,7.318,2,32.6148,2,295.7,2,61.9,2,1.036,2,,2
77.0,2,7.3175,2,32.6152,2,295.7,2,61.9,2,1.068,2,,2
78.1,2,7.3174,2,32.6155,2,295.7,2,61.9,2,1.0390000000000001,2,,2
79.0,2,7.3183,2,32.6158,2,295.7,2,61.9,2,1.0390000000000001,2,,2
80.0,2,7.3182,2,32.6159,2,295.7,2,61.9,2,1.031,2,,2
81.1,2,7.318,2,32.6159,2,295.6,2,61.9,2,1.044,2,,2
81.9,2,7.3171,2,32.6158,2,295.7,2,61.9,2,1.047,2,,2
83.0,2,7.3176,2,32.616,2,295.7,2,61.9,2,1.0759999999999998,2,,2
84.0,2,7.3174,2,32.6159,2,295.8,2,61.9,2,1.093,2,,2
85.1,2,7.3172,2,32.6155,2,295.8,2,61.9,2,1.041,2,,2
85.9,2,7.3168,2,32.6152,2,295.8,2,61.9,2,1.063,2,,2
87.0,2,7.3162,2,32.6149,2,295.7,2,61.9,2,1.056,2,,2
88.1,2,7.3147,2,32.6145,2,295.7,2,61.9,2,1.07,2,,2
88.9,2,7.3148,2,32.6146,2,295.7,2,61.9,2,1.058,2,,2
90.0,2,7.3171,2,32.617,2,295.6,2,61.9,2,1.0490000000000002,2,,2
91.0,2,7.3184,2,32.6208,2,295.2,2,61.9,2,1.0170000000000001,2,,2
91.9,2,7.3219,2,32.6244,2,294.7,2,62.0,2,1.01,2,,2
93.0,2,7.3199,2,32.6307,2,293.9,2,62.1,2,0.988,2,,2
94.0,2,7.3172,2,32.6352,2,292.8,2,62.1,2,0.977,2,,2
95.0,2,7.3151,2,32.6399,2,291.1,2,62.1,2,0.985,2,,2
96.0,2,7.3107,2,32.647,2,288.6,2,62.1,2,0.902,2,,2
97.0,2,7.2953,2,32.6763,2,285.3,2,62.4,2,0.795,2,,2
98.0,2,7.1885,2,32.8398,2,282.1,2,63.0,2,0.484,2,,2
99.1,2,7.0547,2,33.0143,2,278.6,2,63.8,2,0.242,2,,2
99.9,2,7.0188,2,33.0503,2,274.8,2,64.1,2,0.13699999999999998,2,,2
101.0,2,6.985,2,33.0818,2,272.0,2,64.2,2,0.10300000000000001,2,,2
102.0,2,6.9597,2,33.0991,2,269.4,2,64.2,2,0.092,2,,2
103.0,2,6.9217,2,33.1385,2,267.0,2,64.3,2,0.077,2,,2
104.0,2,6.9212,2,33.1869,2,264.5,2,64.4,2,0.057,2,,2
105.0,2,6.9164,2,33.2262,2,262.1,2,64.4,2,0.057,2,,2
106.0,2,6.9096,2,33.2541,2,260.1,2,64.5,2,0.044000000000000004,2,,2
107.0,2,6.9049,2,33.2722,2,258.5,2,64.5,2,0.037000000000000005,2,,2
108.0,2,6.9044,2,33.2893,2,257.3,2,64.5,2,0.037000000000000005,2,,2
109.0,2,6.9053,2,33.302,2,256.3,2,64.5,2,0.037000000000000005,2,,2
110.0,2,6.9061,2,33.3099,2,255.3,2,64.5,2,0.037000000000000005,2,,2
111.1,2,6.907,2,33.3181,2,253.9,2,64.5,2,0.037000000000000005,2,,2
111.9,2,6.9079999999999995,2,33.3263,2,252.2,2,64.5,2,0.033,2,,2
112.9,2,6.9092,2,33.3423,2,249.3,2,64.5,2,0.027000000000000003,2,,2
114.0,2,6.9089,2,33.3633,2,247.6,2,64.5,2,0.027999999999999997,2,,2
115.0,2,6.9111,2,33.3786,2,246.2,2,64.5,2,0.028999999999999998,2,,2
116.0,2,6.9159,2,33.3993,2,245.2,2,64.6,2,0.036000000000000004,2,,2
117.0,2,6.9205,2,33.4104,2,244.2,2,64.6,2,0.025,2,,2
118.0,2,6.9278,2,33.4273,2,243.5,2,64.5,2,0.024,2,,2
119.0,2,6.9356,2,33.4488,2,242.8,2,64.5,2,0.033,2,,2
120.0,2,6.9403,2,33.4579,2,242.3,2,64.5,2,0.024,2,,2
121.0,2,6.9429,2,33.4618,2,241.5,2,64.5,2,0.028999999999999998,2,,2
122.1,2,6.9447,2,33.4648,2,240.6,2,64.5,2,0.024,2,,2
123.0,2,6.9446,2,33.4695,2,239.2,2,64.5,2,0.024,2,,2
124.0,2,6.9485,2,33.4894,2,236.6,2,64.5,2,0.028999999999999998,2,,2
125.0,2,6.9573,2,33.516,2,233.7,2,64.5,2,0.024,2,,2
126.0,2,6.9676,2,33.571999999999996,2,230.9,2,64.5,2,0.021,2,,2
127.0,2,6.9344,2,33.5894,2,228.3,2,64.5,2,0.027000000000000003,2,,2
128.0,2,6.9364,2,33.5997,2,225.9,2,64.5,2,0.021,2,,2
129.0,2,6.9423,2,33.6124,2,224.3,2,64.5,2,0.024,2,,2
130.0,2,6.9347,2,33.6365,2,223.1,2,64.5,2,0.024,2,,2
131.0,2,6.9424,2,33.6684,2,222.0,2,64.5,2,0.024,2,,2
132.0,2,6.9474,2,33.6891,2,221.3,2,64.5,2,0.019,2,,2
133.0,2,6.9453,2,33.7017,2,220.8,2,64.4,2,0.024,2,,2
134.1,2,6.9434,2,33.7046,2,220.5,2,64.4,2,0.024,2,,2
134.9,2,6.9402,2,33.7089,2,220.2,2,64.4,2,0.024,2,,2
136.2,2,6.9262,2,33.7249,2,214.6,2,64.4,2,0.018000000000000002,2,,2
136.9,2,6.9168,2,33.7356,2,213.3,2,64.4,2,0.017,2,,2
138.0,2,6.9156,2,33.7383,2,212.1,2,64.4,2,0.013999999999999999,2,,2
139.0,2,6.9097,2,33.7488,2,211.3,2,64.4,2,0.016,2,,2
140.0,2,6.8991,2,33.7635,2,210.8,2,64.4,2,0.012,2,,2
141.0,2,6.8922,2,33.7689,2,210.5,2,64.4,2,0.019,2,,2
142.0,2,6.8872,2,33.7729,2,210.3,2,64.4,2,0.021,2,,2
143.1,2,6.8873,2,33.7756,2,210.1,2,64.4,2,0.017,2,,2
143.9,2,6.8893,2,33.777,2,208.7,2,64.4,2,0.017,2,,2
145.0,2,6.888,2,33.7824,2,206.8,2,64.4,2,0.016,2,,2
146.0,2,6.8841,2,33.79,2,205.8,2,64.4,2,0.013999999999999999,2,,2
147.0,2,6.882000000000001,2,33.795,2,205.1,2,64.4,2,0.012,2,,2
148.0,2,6.88,2,33.8014,2,204.4,2,64.4,2,0.012,2,,2
149.0,2,6.8674,2,33.8048,2,203.8,2,64.4,2,0.012,2,,2
150.0,2,6.8457,2,33.8092,2,203.1,2,64.4,2,0.013000000000000001,2,,2
151.0,2,6.8377,2,33.8127,2,202.4,2,64.4,2,0.019,2,,2
152.0,2,6.8233,2,33.8165,2,201.9,2,64.4,2,0.016,2,,2
153.0,2,6.8096,2,33.8196,2,201.5,2,64.4,2,0.015,2,,2
154.0,2,6.8032,2,33.8205,2,201.4,2,64.4,2,0.016,2,,2
154.8,2,6.7939,2,33.8216,2,201.6,2,64.4,2,0.012,2,,2
156.2,2,6.7682,2,33.8261,2,198.4,2,64.4,2,0.012,2,,2
157.0,2,6.7469,2,33.826,2,198.1,2,64.4,2,0.017,2,,2
158.0,2,6.729,2,33.830999999999996,2,197.7,2,64.4,2,0.015,2,,2
159.0,2,6.7142,2,33.8308,2,197.6,2,64.4,2,0.012,2,,2
160.0,2,6.7063,2,33.8313,2,197.5,2,64.4,2,0.012,2,,2
161.0,2,6.6924,2,33.8331,2,197.3,2,64.4,2,0.012,2,,2
162.0,2,6.659,2,33.8363,2,197.4,2,64.4,2,0.012,2,,2
163.0,2,6.6473,2,33.8337,2,197.4,2,64.4,2,0.012,2,,2
163.8,2,6.642,2,33.8322,2,197.2,2,64.4,2,0.012,2,,2
167.1,2,6.6151,2,33.8335,2,193.9,2,64.4,2,0.012,2,,2
168.0,2,6.5903,2,33.8334,2,193.3,2,64.3,2,0.012,2,,2
169.0,2,6.5729,2,33.8335,2,192.5,2,64.3,2,0.017,2,,2
170.0,2,6.5561,2,33.8343,2,191.8,2,64.3,2,0.018000000000000002,2,,2
171.0,2,6.5222,2,33.8349,2,191.3,2,64.3,2,0.012,2,,2
172.0,2,6.4883,2,33.835,2,190.8,2,64.3,2,0.023,2,,2
173.0,2,6.4814,2,33.8343,2,190.5,2,64.3,2,0.013999999999999999,2,,2
174.0,2,6.4766,2,33.8344,2,190.2,2,64.3,2,0.017,2,,2
175.0,2,6.4729,2,33.8346,2,189.9,2,64.3,2,0.015,2,,2
176.0,2,6.4702,2,33.8348,2,189.6,2,64.3,2,0.012,2,,2
177.0,2,6.4672,2,33.8349,2,189.3,2,64.3,2,0.012,2,,2
178.0,2,6.4629,2,33.8351,2,189.1,2,64.3,2,0.012,2,,2
179.0,2,6.4465,2,33.8354,2,188.9,2,64.3,2,0.012,2,,2
180.2,2,6.4271,2,33.8353,2,187.9,2,64.3,2,0.013999999999999999,2,,2
181.0,2,6.4038,2,33.8359,2,187.4,2,64.3,2,0.017,2,,2
182.0,2,6.3839,2,33.8361,2,187.0,2,64.3,2,0.012,2,,2
183.0,2,6.377000000000001,2,33.8362,2,186.6,2,64.2,2,0.012,2,,2
184.0,2,6.3632,2,33.8359,2,186.4,2,64.2,2,0.018000000000000002,2,,2
185.0,2,6.3497,2,33.8355,2,186.0,2,64.3,2,0.015,2,,2
186.1,2,6.3337,2,33.8355,2,185.5,2,64.3,2,0.017,2,,2
187.0,2,6.3151,2,33.8357,2,184.6,2,64.2,2,0.02,2,,2
187.9,2,6.2885,2,33.8352,2,183.9,2,64.2,2,0.013999999999999999,2,,2
189.0,2,6.2738,2,33.8349,2,183.4,2,64.2,2,0.022000000000000002,2,,2
190.0,2,6.2405,2,33.8352,2,183.2,2,64.2,2,0.013999999999999999,2,,2
191.0,2,6.2109,2,33.8352,2,182.9,2,64.2,2,0.016,2,,2
192.4,2,6.189,2,33.8348,2,180.3,2,64.2,2,0.012,2,,2
193.0,2,6.1914,2,33.8373,2,179.7,2,64.2,2,0.012,2,,2
194.0,2,6.1582,2,33.8395,2,179.2,2,64.3,2,0.012,2,,2
195.0,2,6.1401,2,33.8376,2,178.9,2,64.2,2,0.012,2,,2
196.0,2,6.119,2,33.8378,2,178.7,2,64.2,2,0.012,2,,2
197.0,2,6.1082,2,33.8362,2,178.5,2,64.2,2,0.013999999999999999,2,,2
198.0,2,6.1007,2,33.8357,2,178.3,2,64.2,2,0.017,2,,2
199.0,2,6.0691,2,33.8359,2,178.4,2,64.2,2,0.015,2,,2
200.1,2,6.0461,2,33.8338,2,178.6,2,64.2,2,0.017,2,,2
200.6,2,6.0443,2,33.8335,2,178.8,2,64.2,2,0.024,2,,2
203.2,2,6.0002,2,33.8369,2,174.4,2,64.1,2,0.013999999999999999,2,,2
204.0,2,5.99,2,33.8364,2,174.0,2,64.1,2,0.016,2,,2
205.0,2,5.9671,2,33.8374,2,173.6,2,64.1,2,0.012,2,,2
206.0,2,5.9452,2,33.8372,2,173.2,2,64.1,2,0.012,2,,2
207.0,2,5.9327,2,33.8358,2,173.0,2,64.1,2,0.02,2,,2
208.0,2,5.9185,2,33.8359,2,172.7,2,64.1,2,0.02,2,,2
209.0,2,5.9089,2,33.8355,2,172.6,2,64.1,2,0.024,2,,2
210.0,2,5.8931,2,33.8363,2,172.6,2,64.1,2,0.024,2,,2
211.0,2,5.8704,2,33.8351,2,172.6,2,64.1,2,0.024,2,,2
211.8,2,5.864,2,33.8335,2,172.7,2,64.1,2,0.019,2,,2
215.1,2,5.8314,2,33.8416,2,167.1,2,64.1,2,0.012,2,,2
216.0,2,5.7953,2,33.8372,2,166.9,2,64.2,2,0.016,2,,2
217.0,2,5.7769,2,33.8374,2,166.5,2,64.2,2,0.024,2,,2
218.0,2,5.7618,2,33.8361,2,166.2,2,64.1,2,0.024,2,,2
219.0,2,5.7501,2,33.8365,2,166.0,2,64.1,2,0.016,2,,2
220.0,2,5.7394,2,33.8357,2,165.9,2,64.2,2,0.012,2,,2
221.0,2,5.718999999999999,2,33.8368,2,165.9,2,64.2,2,0.012,2,,2
222.0,2,5.7042,2,33.8348,2,165.9,2,64.2,2,0.02,2,,2
222.7,2,5.6886,2,33.8342,2,165.9,2,64.2,2,0.012,2,,2
227.0,2,5.6232,2,33.8353,2,160.7,2,64.2,2,0.017,2,,2
228.0,2,5.6126,2,33.8342,2,160.4,2,64.2,2,0.021,2,,2
229.0,2,5.6026,2,33.8334,2,160.1,2,64.2,2,0.024,2,,2
230.1,2,5.5927,2,33.8329,2,160.1,2,64.2,2,0.019,2,,2
230.6,2,5.5911,2,33.8329,2,160.1,2,64.2,2,0.024,2,,2
232.0,2,5.5798,2,33.8343,2,156.4,2,64.2,2,0.024,2,,2
233.0,2,5.5286,2,33.8337,2,155.7,2,64.2,2,0.019,2,,2
234.0,2,5.4677,2,33.8319,2,155.1,2,64.2,2,0.015,2,,2
235.0,2,5.4533,2,33.8305,2,154.4,2,64.2,2,0.018000000000000002,2,,2
236.0,2,5.4504,2,33.83,2,153.8,2,64.2,2,0.021,2,,2
237.0,2,5.4374,2,33.8301,2,153.2,2,64.2,2,0.02,2,,2
238.0,2,5.4147,2,33.8299,2,152.7,2,64.2,2,0.018000000000000002,2,,2
239.0,2,5.4018,2,33.8303,2,151.7,2,64.2,2,0.02,2,,2
239.9,2,5.388,2,33.8308,2,151.0,2,64.2,2,0.019,2,,2
240.9,2,5.3833,2,33.8308,2,149.0,2,64.2,2,0.018000000000000002,2,,2
242.0,2,5.3759,2,33.8322,2,148.1,2,64.2,2,0.018000000000000002,2,,2
243.0,2,5.3594,2,33.8331,2,147.5,2,64.2,2,0.019,2,,2
244.0,2,5.3405,2,33.8347,2,147.0,2,64.2,2,0.024,2,,2
245.0,2,5.327000000000001,2,33.8357,2,146.7,2,64.2,2,0.015,2,,2
246.0,2,5.3133,2,33.835,2,146.5,2,64.3,2,0.012,2,,2
247.0,2,5.2984,2,33.8334,2,146.6,2,64.3,2,0.018000000000000002,2,,2
247.7,2,5.2681,2,33.8325,2,146.6,2,64.2,2,0.024,2,,2
249.2,2,5.2434,2,33.8318,2,144.8,2,64.2,2,0.024,2,,2
250.0,2,5.2287,2,33.8315,2,144.6,2,64.2,2,0.023,2,,2
251.0,2,5.2049,2,33.8292,2,144.2,2,64.2,2,0.015,2,,2
252.4,2,5.1795,2,33.8279,2,142.7,2,64.2,2,0.024,2,,2
252.9,2,5.162000000000001,2,33.8265,2,142.4,2,64.2,2,0.021,2,,2
254.0,2,5.1523,2,33.8263,2,141.9,2,64.2,2,0.012,2,,2
255.0,2,5.1443,2,33.8263,2,141.6,2,64.2,2,0.012,2,,2
256.0,2,5.1391,2,33.8262,2,141.4,2,64.2,2,0.019,2,,2
257.0,2,5.1273,2,33.8267,2,141.1,2,64.2,2,0.023,2,,2
258.0,2,5.1093,2,33.8264,2,140.8,2,64.2,2,0.018000000000000002,2,,2
259.0,2,5.1033,2,33.826,2,140.6,2,64.2,2,0.024,2,,2
260.0,2,5.09,2,33.8259,2,140.4,2,64.2,2,0.018000000000000002,2,,2
260.6,2,5.0841,2,33.8258,2,140.3,2,64.2,2,0.022000000000000002,2,,2
262.1,2,5.0677,2,33.8281,2,137.6,2,64.2,2,0.024,2,,2
263.0,2,5.0522,2,33.8283,2,137.1,2,64.2,2,0.013999999999999999,2,,2
264.0,2,5.0417,2,33.8287,2,136.5,2,64.2,2,0.012,2,,2
265.0,2,5.0305,2,33.8295,2,136.2,2,64.2,2,0.021,2,,2
266.0,2,5.0153,2,33.8302,2,135.9,2,64.2,2,0.023,2,,2
267.0,2,5.0002,2,33.8307,2,135.7,2,64.3,2,0.026000000000000002,2,,2
268.0,2,4.9876,2,33.8305,2,135.6,2,64.3,2,0.027000000000000003,2,,2
268.8,2,4.9847,2,33.8305,2,135.5,2,64.3,2,0.012,2,,2
270.3,2,4.9779,2,33.8319,2,133.0,2,64.3,2,0.024,2,,2
271.0,2,4.9665,2,33.8326,2,132.4,2,64.3,2,0.016,2,,2
272.0,2,4.9555,2,33.8333,2,131.9,2,64.3,2,0.012,2,,2
273.1,2,4.9481,2,33.833,2,131.3,2,64.3,2,0.021,2,,2
274.1,2,4.9363,2,33.8345,2,129.7,2,64.3,2,0.021,2,,2
274.9,2,4.9296,2,33.8352,2,128.9,2,64.3,2,0.016,2,,2
276.0,2,4.9276,2,33.8354,2,128.4,2,64.3,2,0.017,2,,2
277.0,2,4.9227,2,33.8362,2,128.3,2,64.3,2,0.012,2,,2
278.0,2,4.9178,2,33.8366,2,128.1,2,64.3,2,0.016,2,,2
279.0,2,4.9136,2,33.8366,2,127.8,2,64.3,2,0.012,2,,2
279.6,2,4.9127,2,33.8364,2,127.7,2,64.3,2,0.024,2,,2
281.0,2,4.9079,2,33.836999999999996,2,126.3,2,64.3,2,0.022000000000000002,2,,2
282.0,2,4.9001,2,33.8389,2,125.5,2,64.2,2,0.024,2,,2
283.0,2,4.8998,2,33.8396,2,124.9,2,64.3,2,0.024,2,,2
284.0,2,4.9077,2,33.842,2,124.2,2,64.3,2,0.021,2,,2
285.0,2,4.922,2,33.8454,2,123.4,2,64.3,2,0.024,2,,2
286.0,2,4.9427,2,33.8513,2,122.6,2,64.3,2,0.022000000000000002,2,,2
287.0,2,4.9428,2,33.8542,2,121.6,2,64.3,2,0.02,2,,2
288.0,2,4.9418,2,33.8551,2,120.7,2,64.3,2,0.022000000000000002,2,,2
289.0,2,4.9403,2,33.8563,2,120.0,2,64.3,2,0.018000000000000002,2,,2
290.0,2,4.9309,2,33.8576,2,119.6,2,64.3,2,0.015,2,,2
291.0,2,4.9261,2,33.8577,2,119.2,2,64.3,2,0.024,2,,2
292.0,2,4.9061,2,33.8574,2,118.7,2,64.3,2,0.018000000000000002,2,,2
293.3,2,4.8647,2,33.8549,2,117.3,2,64.3,2,0.02,2,,2
294.1,2,4.8456,2,33.8533,2,117.0,2,64.3,2,0.019,2,,2
295.0,2,4.8385,2,33.8527,2,116.5,2,64.3,2,0.02,2,,2
296.0,2,4.8334,2,33.8526,2,115.9,2,64.4,2,0.024,2,,2
296.9,2,4.8269,2,33.853,2,115.1,2,64.3,2,0.023,2,,2
298.0,2,4.8039,2,33.8549,2,114.6,2,64.3,2,0.024,2,,2
299.0,2,4.7938,2,33.8554,2,114.1,2,64.4,2,0.024,2,,2
300.0,2,4.7859,2,33.8554,2,113.8,2,64.4,2,0.015,2,,2
301.0,2,4.7780000000000005,2,33.8558,2,113.3,2,64.4,2,0.02,2,,2
302.0,2,4.7729,2,33.8566,2,112.5,2,64.4,2,0.022000000000000002,2,,2
303.0,2,4.7651,2,33.8588,2,111.9,2,64.4,2,0.024,2,,2
304.0,2,4.7638,2,33.8604,2,111.4,2,64.4,2,0.021,2,,2
304.9,2,4.7728,2,33.8644,2,-99.0,2,64.4,2,0.02,2,,2
306.0,2,4.7678,2,33.8698,2,106.6,2,64.3,2,0.022000000000000002,2,,2
307.0,2,4.7694,2,33.871,2,106.6,2,64.3,2,0.024,2,,2
308.0,2,4.7581,2,33.8712,2,106.3,2,64.4,2,0.024,2,,2
309.0,2,4.7522,2,33.8714,2,105.6,2,64.3,2,0.023,2,,2
310.0,2,4.7565,2,33.8732,2,105.1,2,64.3,2,0.012,2,,2
311.0,2,4.7491,2,33.8755,2,104.9,2,64.4,2,0.012,2,,2
312.0,2,4.7492,2,33.8778,2,104.7,2,64.4,2,0.023,2,,2
312.9,2,4.7411,2,33.8786,2,104.8,2,64.3,2,0.024,2,,2
315.0,2,4.7341,2,33.8795,2,103.1,2,64.4,2,0.017,2,,2
316.0,2,4.692,2,33.8789,2,103.0,2,64.3,2,0.012,2,,2
317.0,2,4.6728,2,33.8759,2,102.8,2,64.4,2,0.012,2,,2
318.0,2,4.6668,2,33.8748,2,102.6,2,64.4,2,0.013000000000000001,2,,2
319.0,2,4.6647,2,33.8744,2,102.5,2,64.4,2,0.024,2,,2
320.0,2,4.6634,2,33.8744,2,102.5,2,64.4,2,0.024,2,,2
321.0,2,4.6609,2,33.8748,2,102.5,2,64.4,2,0.024,2,,2
322.0,2,4.6586,2,33.8748,2,102.4,2,64.4,2,0.023,2,,2
322.6,2,4.6578,2,33.8745,2,102.4,2,64.4,2,0.012,2,,2
324.1,2,4.6603,2,33.8751,2,100.7,2,64.4,2,0.022000000000000002,2,,2
325.0,2,4.6686,2,33.8752,2,100.4,2,64.4,2,0.016,2,,2
326.0,2,4.6535,2,33.8765,2,100.2,2,64.4,2,0.024,2,,2
327.0,2,4.6554,2,33.8773,2,100.0,2,64.4,2,0.024,2,,2
328.0,2,4.6542,2,33.8787,2,99.8,2,64.4,2,0.024,2,,2
329.0,2,4.6594,2,33.8807,2,99.7,2,64.4,2,0.024,2,,2
330.0,2,4.6579,2,33.8837,2,99.5,2,64.4,2,0.024,2,,2
331.0,2,4.6618,2,33.8847,2,99.3,2,64.4,2,0.024,2,,2
331.9,2,4.6557,2,33.8864,2,99.3,2,64.4,2,0.024,2,,2
334.4,2,4.6379,2,33.8893,2,96.8,2,64.4,2,0.012,2,,2
335.0,2,4.6346,2,33.8898,2,96.4,2,64.4,2,0.015,2,,2
336.0,2,4.6259,2,33.891,2,96.0,2,64.4,2,0.019,2,,2
337.0,2,4.6221,2,33.8914,2,95.7,2,64.4,2,0.016,2,,2
338.0,2,4.6217,2,33.8932,2,95.3,2,64.4,2,0.02,2,,2
339.0,2,4.6218,2,33.894,2,95.0,2,64.4,2,0.024,2,,2
340.0,2,4.6102,2,33.8966,2,94.8,2,64.4,2,0.016,2,,2
341.0,2,4.5966,2,33.8954,2,94.4,2,64.4,2,0.012,2,,2
342.0,2,4.5917,2,33.8953,2,94.2,2,64.4,2,0.015,2,,2
343.0,2,4.6025,2,33.8978,2,93.9,2,64.4,2,0.024,2,,2
343.6,2,4.6112,2,33.9014,2,93.8,2,64.4,2,0.013000000000000001,2,,2
345.1,2,4.6152,2,33.9039,2,91.6,2,64.4,2,0.021,2,,2
346.0,2,4.6132,2,33.9051,2,91.1,2,64.4,2,0.024,2,,2
347.0,2,4.6045,2,33.9059,2,90.7,2,64.4,2,0.021,2,,2
348.0,2,4.588,2,33.9068,2,90.3,2,64.4,2,0.012,2,,2
349.0,2,4.5877,2,33.9109,2,89.9,2,64.4,2,0.012,2,,2
350.0,2,4.5871,2,33.9114,2,89.5,2,64.4,2,0.018000000000000002,2,,2
351.0,2,4.5862,2,33.9119,2,89.1,2,64.4,2,0.021,2,,2
352.0,2,4.5839,2,33.9121,2,88.7,2,64.4,2,0.018000000000000002,2,,2
353.0,2,4.5825,2,33.912,2,88.5,2,64.4,2,0.022000000000000002,2,,2
354.0,2,4.5811,2,33.9121,2,88.4,2,64.3,2,0.018000000000000002,2,,2
355.1,2,4.5809,2,33.9119,2,88.3,2,64.4,2,0.021,2,,2
355.6,2,4.5807,2,33.9119,2,88.3,2,64.4,2,0.019,2,,2
357.1,2,4.5776,2,33.9136,2,87.0,2,64.4,2,0.024,2,,2
357.9,2,4.5742,2,33.9161,2,86.7,2,64.4,2,0.013999999999999999,2,,2
359.0,2,4.5584,2,33.9182,2,86.3,2,64.4,2,0.012,2,,2
360.0,2,4.5582,2,33.9194,2,86.1,2,64.4,2,0.02,2,,2
361.0,2,4.5578,2,33.9194,2,85.9,2,64.4,2,0.016,2,,2
362.0,2,4.5575,2,33.9196,2,85.6,2,64.4,2,0.024,2,,2
363.0,2,4.5557,2,33.9202,2,85.2,2,64.4,2,0.024,2,,2
364.0,2,4.5537,2,33.9207,2,85.0,2,64.2,2,0.107,2,,2
365.0,2,4.5453,2,33.9222,2,84.7,2,64.1,2,0.062,2,,2
366.0,2,4.5334,2,33.9244,2,84.4,2,64.4,2,0.035,2,,2
366.8,2,4.5134,2,33.9239,2,84.4,2,64.4,2,0.08800000000000001,2,,2
368.4,2,4.5002,2,33.9241,2,83.2,2,64.4,2,0.024,2,,2
369.0,2,4.4896,2,33.9243,2,83.0,2,64.3,2,0.024,2,,2
370.0,2,4.479,2,33.9224,2,82.9,2,64.4,2,0.024,2,,2
371.0,2,4.4719,2,33.9225,2,82.7,2,64.4,2,0.024,2,,2
372.0,2,4.4721,2,33.924,2,82.4,2,64.4,2,0.019,2,,2
373.0,2,4.4728,2,33.9246,2,82.2,2,64.4,2,0.016,2,,2
374.1,2,4.4733,2,33.9262,2,82.0,2,64.4,2,0.024,2,,2
375.0,2,4.4713,2,33.9276,2,81.9,2,64.4,2,0.024,2,,2
375.8,2,4.4654,2,33.9275,2,81.9,2,64.4,2,0.024,2,,2
378.0,2,4.4367,2,33.9311,2,79.8,2,64.4,2,0.024,2,,2
379.0,2,4.4195,2,33.9336,2,78.9,2,64.4,2,0.024,2,,2
380.0,2,4.42,2,33.9359,2,78.4,2,64.4,2,0.024,2,,2
381.0,2,4.4172,2,33.9375,2,78.1,2,64.4,2,0.024,2,,2
382.0,2,4.4106,2,33.9388,2,77.8,2,64.4,2,0.024,2,,2
383.0,2,4.4096,2,33.9396,2,77.5,2,64.4,2,0.024,2,,2
384.0,2,4.4091,2,33.9403,2,77.2,2,64.4,2,0.024,2,,2
385.0,2,4.4074,2,33.9407,2,77.0,2,64.4,2,0.024,2,,2
386.0,2,4.4058,2,33.9407,2,76.6,2,64.4,2,0.027000000000000003,2,,2
387.0,2,4.4051,2,33.9413,2,76.2,2,64.4,2,0.024,2,,2
388.0,2,4.4031,2,33.9423,2,76.0,2,64.4,2,0.024,2,,2
389.0,2,4.4009,2,33.9427,2,75.8,2,64.4,2,0.024,2,,2
390.0,2,4.3961,2,33.9431,2,75.8,2,64.4,2,0.024,2,,2
390.8,2,4.3902,2,33.9442,2,75.7,2,64.4,2,0.012,2,,2
392.4,2,4.3889,2,33.9463,2,74.5,2,64.4,2,0.021,2,,2
393.0,2,4.3864,2,33.9469,2,74.4,2,64.4,2,0.024,2,,2
394.0,2,4.3821,2,33.9486,2,74.0,2,64.4,2,0.024,2,,2
395.0,2,4.378,2,33.9498,2,73.6,2,64.1,2,0.024,2,,2
396.0,2,4.3753,2,33.9504,2,73.3,2,64.3,2,0.024,2,,2
397.0,2,4.3753,2,33.9514,2,72.9,2,64.4,2,0.024,2,,2
398.0,2,4.3708,2,33.954,2,72.6,2,64.4,2,0.024,2,,2
399.0,2,4.3665,2,33.9555,2,72.2,2,64.4,2,0.024,2,,2
400.0,2,4.3637,2,33.9577,2,72.1,2,64.4,2,0.024,2,,2
401.0,2,4.3624,2,33.9581,2,71.9,2,64.4,2,0.024,2,,2
402.0,2,4.3617,2,33.9587,2,71.8,2,64.4,2,0.024,2,,2
403.0,2,4.3592,2,33.9602,2,71.8,2,64.4,2,0.018000000000000002,2,,2
403.7,2,4.3578,2,33.961,2,71.8,2,64.3,2,0.024,2,,2
407.0,2,4.3547,2,33.9656,2,69.6,2,64.4,2,0.024,2,,2
408.0,2,4.353,2,33.9667,2,69.3,2,64.4,2,0.024,2,,2
409.0,2,4.3515,2,33.9675,2,69.1,2,64.4,2,0.024,2,,2
410.0,2,4.3484,2,33.9695,2,68.8,2,64.4,2,0.024,2,,2
411.0,2,4.3427,2,33.9736,2,68.4,2,64.4,2,0.024,2,,2
412.1,2,4.3407,2,33.9756,2,68.0,2,64.4,2,0.024,2,,2
413.0,2,4.3407,2,33.9768,2,67.8,2,64.4,2,0.024,2,,2
414.0,2,4.3406,2,33.9777,2,67.9,2,64.4,2,0.024,2,,2
418.3,2,4.3403,2,33.9806,2,66.0,2,64.4,2,0.024,2,,2
419.0,2,4.3374,2,33.9831,2,65.6,2,64.4,2,0.024,2,,2
420.0,2,4.337,2,33.9836,2,65.6,2,64.4,2,0.024,2,,2
421.0,2,4.3361,2,33.9842,2,65.6,2,64.4,2,0.024,2,,2
421.6,2,4.3354,2,33.9844,2,65.5,2,64.4,2,0.024,2,,2
425.1,2,4.3341,2,33.9896,2,63.6,2,64.4,2,0.024,2,,2
426.0,2,4.3342,2,33.9906,2,63.2,2,64.4,2,0.024,2,,2
427.1,2,4.3344,2,33.9924,2,62.4,2,64.4,2,0.024,2,,2
428.0,2,4.3302,2,33.996,2,61.6,2,64.4,2,0.024,2,,2
429.0,2,4.3296,2,33.9982,2,61.1,2,64.4,2,0.024,2,,2
430.0,2,4.3274,2,33.9996,2,60.9,2,64.4,2,0.024,2,,2
430.5,2,4.3261,2,34.0002,2,61.1,2,64.4,2,0.024,2,,2
431.9,2,4.3247,2,34.0011,2,59.4,2,64.3,2,0.024,2,,2
433.0,2,4.3231,2,34.0019,2,59.0,2,64.0,2,0.024,2,,2
434.0,2,4.3191,2,34.0042,2,58.7,2,64.2,2,0.024,2,,2
435.0,2,4.3134,2,34.0073,2,58.6,2,64.4,2,0.024,2,,2
436.0,2,4.3069,2,34.0103,2,58.3,2,64.4,2,0.024,2,,2
437.0,2,4.3036,2,34.012,2,58.2,2,64.4,2,0.024,2,,2
438.0,2,4.2967,2,34.0135,2,57.9,2,64.4,2,0.024,2,,2
439.0,2,4.2936,2,34.014,2,57.6,2,64.4,2,0.024,2,,2
440.0,2,4.292,2,34.0143,2,57.4,2,64.4,2,0.024,2,,2
441.0,2,4.2893,2,34.0151,2,57.2,2,64.4,2,0.024,2,,2
442.2,2,4.2856,2,34.0162,2,56.5,2,64.4,2,0.024,2,,2
443.0,2,4.2814,2,34.0178,2,56.0,2,64.4,2,0.024,2,,2
443.9,2,4.2754,2,34.019,2,55.5,2,64.4,2,0.02,2,,2
445.0,2,4.2734,2,34.0197,2,55.1,2,64.4,2,0.024,2,,2
446.0,2,4.2723,2,34.0201,2,54.9,2,64.4,2,0.024,2,,2
447.0,2,4.2702,2,34.0203,2,54.6,2,64.4,2,0.024,2,,2
448.0,2,4.2639,2,34.022,2,54.4,2,64.4,2,0.024,2,,2
449.0,2,4.2561,2,34.0243,2,54.2,2,64.4,2,0.024,2,,2
450.0,2,4.254,2,34.0249,2,54.1,2,64.4,2,0.024,2,,2
451.0,2,4.2524,2,34.0254,2,53.9,2,64.4,2,0.018000000000000002,2,,2
452.0,2,4.251,2,34.0256,2,53.6,2,64.4,2,0.027000000000000003,2,,2
453.0,2,4.2486,2,34.0265,2,53.5,2,64.4,2,0.031,2,,2
454.0,2,4.2464,2,34.0272,2,53.2,2,64.4,2,0.024,2,,2
455.0,2,4.2438,2,34.0289,2,53.0,2,64.4,2,0.021,2,,2
455.8,2,4.2387,2,34.0309,2,53.0,2,64.4,2,0.024,2,,2
457.1,2,4.2364,2,34.0335,2,51.9,2,64.4,2,0.024,2,,2
458.0,2,4.2307,2,34.0372,2,51.3,2,64.4,2,0.024,2,,2
459.0,2,4.226,2,34.04,2,51.0,2,64.4,2,0.024,2,,2
460.0,2,4.2205,2,34.0431,2,50.7,2,64.4,2,0.024,2,,2
461.0,2,4.2162,2,34.0447,2,50.5,2,64.4,2,0.024,2,,2
462.0,2,4.2151,2,34.045,2,50.2,2,64.4,2,0.024,2,,2
463.0,2,4.2132,2,34.0458,2,50.0,2,64.4,2,0.024,2,,2
464.0,2,4.2103,2,34.047,2,49.6,2,64.4,2,0.024,2,,2
465.0,2,4.2086,2,34.0475,2,49.4,2,64.4,2,0.024,2,,2
466.0,2,4.2075,2,34.0481,2,49.1,2,64.4,2,0.024,2,,2
467.0,2,4.204,2,34.0496,2,48.9,2,64.4,2,0.024,2,,2
468.0,2,4.199,2,34.0519,2,48.7,2,64.4,2,0.024,2,,2
468.9,2,4.196000000000001,2,34.053000000000004,2,48.8,2,64.4,2,0.024,2,,2
471.3,2,4.1899,2,34.0573,2,47.6,2,64.4,2,0.024,2,,2
472.0,2,4.1861,2,34.0583,2,47.4,2,64.4,2,0.024,2,,2
473.0,2,4.1851,2,34.0586,2,47.2,2,64.4,2,0.024,2,,2
474.0,2,4.1845,2,34.0587,2,47.0,2,64.4,2,0.024,2,,2
475.0,2,4.1839,2,34.0589,2,46.8,2,64.4,2,0.024,2,,2
476.0,2,4.1821,2,34.0595,2,46.4,2,64.4,2,0.024,2,,2
477.0,2,4.1807,2,34.06,2,46.1,2,64.4,2,0.024,2,,2
478.0,2,4.177,2,34.0616,2,45.7,2,64.4,2,0.024,2,,2
479.0,2,4.1732,2,34.0632,2,45.2,2,64.4,2,0.024,2,,2
480.0,2,4.172,2,34.0637,2,45.0,2,64.4,2,0.024,2,,2
481.0,2,4.17,2,34.0647,2,44.9,2,64.4,2,0.024,2,,2
482.0,2,4.1676,2,34.0661,2,44.8,2,64.4,2,0.024,2,,2
483.0,2,4.1632,2,34.0681,2,44.6,2,64.4,2,0.024,2,,2
484.0,2,4.1612,2,34.0687,2,44.5,2,64.4,2,0.024,2,,2
485.0,2,4.1597,2,34.0692,2,44.6,2,64.4,2,0.024,2,,2
486.0,2,4.1576,2,34.0695,2,44.6,2,64.4,2,0.024,2,,2
488.4,2,4.1576,2,-99.0,2,-99.0,2,64.4,2,0.024,2,,2
489.0,2,4.1536,2,34.0721,2,43.5,2,64.4,2,0.024,2,,2
490.0,2,4.1518,2,34.0723,2,43.3,2,64.4,2,0.016,2,,2
491.0,2,4.151,2,34.0728,2,43.2,2,64.4,2,0.023,2,,2
492.0,2,4.1482,2,34.0741,2,43.1,2,64.4,2,0.024,2,,2
493.0,2,4.146,2,34.0749,2,42.9,2,64.4,2,0.024,2,,2
494.0,2,4.1446,2,34.0754,2,42.9,2,64.4,2,0.024,2,,2
495.0,2,4.1424,2,34.0763,2,42.8,2,64.4,2,0.024,2,,2
496.0,2,4.1379,2,34.0779,2,42.8,2,64.4,2,0.024,2,,2
497.0,2,4.1342,2,34.0789,2,42.8,2,64.4,2,0.019,2,,2
497.7,2,4.1324,2,34.0794,2,42.7,2,64.4,2,0.021,2,,2
501.2,2,4.127,2,34.0823,2,41.5,2,64.4,2,0.024,2,,2
502.0,2,4.1258,2,34.0824,2,41.4,2,64.4,2,0.024,2,,2
503.0,2,4.1254,2,34.0826,2,41.2,2,64.4,2,0.024,2,,2
503.9,2,4.123,2,34.0838,2,41.1,2,64.3,2,0.024,2,,2
505.0,2,4.1204,2,34.0849,2,40.9,2,64.4,2,0.024,2,,2
506.0,2,4.1172,2,34.0861,2,40.8,2,64.4,2,0.024,2,,2
507.0,2,4.1122,2,34.088,2,40.8,2,64.4,2,0.024,2,,2
508.0,2,4.1094,2,34.0888,2,40.7,2,64.4,2,0.024,2,,2
509.0,2,4.1069,2,34.0896,2,40.7,2,64.4,2,0.024,2,,2
509.9,2,4.104,2,34.0903,2,40.7,2,64.4,2,0.024,2,,2
513.2,2,4.0957,2,34.0937,2,39.2,2,64.4,2,0.024,2,,2
514.0,2,4.0875,2,34.0959,2,39.0,2,64.4,2,0.024,2,,2
515.0,2,4.0853,2,34.0967,2,38.6,2,64.4,2,0.024,2,,2
516.0,2,4.0836,2,34.0972,2,38.5,2,64.4,2,0.024,2,,2
517.0,2,4.0826,2,34.0975,2,38.3,2,64.5,2,0.024,2,,2
518.0,2,4.0801,2,34.0985,2,38.1,2,64.5,2,0.024,2,,2
519.0,2,4.0771,2,34.0994,2,37.9,2,64.5,2,0.024,2,,2
520.0,2,4.0713,2,34.1012,2,37.8,2,64.5,2,0.025,2,,2
521.0,2,4.0677,2,34.1023,2,37.5,2,64.4,2,0.039,2,,2
522.0,2,4.0629,2,34.104,2,37.3,2,64.5,2,0.024,2,,2
523.0,2,4.0601,2,34.1048,2,37.2,2,64.5,2,0.024,2,,2
524.0,2,4.0569999999999995,2,34.1058,2,37.0,2,64.5,2,0.024,2,,2
525.0,2,4.0538,2,34.1067,2,36.9,2,64.5,2,0.024,2,,2
526.0,2,4.0532,2,34.1068,2,36.8,2,64.5,2,0.024,2,,2
526.6,2,4.0531,2,34.1069,2,36.8,2,64.5,2,0.024,2,,2
528.1,2,4.0525,2,34.1074,2,36.5,2,64.5,2,0.024,2,,2
529.0,2,4.0496,2,34.1083,2,36.2,2,64.4,2,0.024,2,,2
530.0,2,4.0459,2,34.1097,2,36.1,2,64.1,2,0.024,2,,2
531.0,2,4.0456,2,34.1099,2,35.9,2,64.5,2,0.024,2,,2
532.0,2,4.043,2,34.1111,2,35.8,2,64.5,2,0.024,2,,2
533.0,2,4.0392,2,34.1121,2,35.6,2,64.5,2,0.021,2,,2
534.0,2,4.0379,2,34.1126,2,35.5,2,64.5,2,0.024,2,,2
535.0,2,4.0348,2,34.114000000000004,2,35.4,2,64.5,2,0.024,2,,2
536.0,2,4.0304,2,34.1149,2,35.3,2,64.5,2,0.024,2,,2
537.0,2,4.0279,2,34.1157,2,35.3,2,64.4,2,0.024,2,,2
538.0,2,4.0234,2,34.1172,2,35.2,2,64.5,2,0.024,2,,2
539.0,2,4.0206,2,34.1176,2,35.2,2,64.5,2,0.024,2,,2
540.0,2,4.0174,2,34.1184,2,35.2,2,64.3,2,0.024,2,,2
540.8,2,4.0117,2,34.1196,2,35.1,2,64.5,2,0.024,2,,2
544.2,2,4.0015,2,34.1253,2,33.7,2,64.5,2,0.024,2,,2
545.0,2,3.9918,2,34.1267,2,33.6,2,64.4,2,0.024,2,,2
546.0,2,3.9889,2,34.1263,2,33.6,2,64.5,2,0.024,2,,2
547.0,2,3.987,2,34.1269,2,33.5,2,64.5,2,0.024,2,,2
548.0,2,3.9867,2,34.1266,2,33.4,2,64.5,2,0.024,2,,2
549.0,2,3.9862,2,34.1267,2,33.3,2,64.5,2,0.024,2,,2
550.0,2,3.9837,2,34.1275,2,33.2,2,64.5,2,0.024,2,,2
551.0,2,3.9772,2,34.1289,2,33.1,2,64.5,2,0.024,2,,2
552.0,2,3.9705,2,34.1296,2,33.1,2,64.5,2,0.024,2,,2
552.5,2,3.9687,2,34.1298,2,33.2,2,64.5,2,0.024,2,,2
556.2,2,3.9681,2,34.1308,2,31.8,2,64.5,2,0.024,2,,2
557.0,2,3.9674,2,34.1304,2,31.7,2,64.5,2,0.024,2,,2
558.0,2,3.9674,2,34.1304,2,31.5,2,64.5,2,0.024,2,,2
559.0,2,3.9634,2,34.1322,2,31.4,2,64.5,2,0.024,2,,2
560.0,2,3.9579,2,34.1337,2,31.2,2,64.5,2,0.024,2,,2
561.0,2,3.9498,2,34.1362,2,31.0,2,64.5,2,0.024,2,,2
562.0,2,3.9417,2,34.138000000000005,2,31.0,2,64.5,2,0.024,2,,2
563.0,2,3.9339,2,34.1393,2,31.0,2,64.4,2,0.024,2,,2
564.0,2,3.9265,2,34.141,2,31.0,2,64.5,2,0.024,2,,2
565.0,2,3.9197,2,34.1416,2,30.9,2,64.4,2,0.024,2,,2
569.0,2,3.9098,2,34.1451,2,29.5,2,64.5,2,0.024,2,,2
570.0,2,3.9072,2,34.1451,2,29.3,2,64.4,2,0.024,2,,2
571.0,2,3.9044,2,34.1458,2,29.2,2,64.5,2,0.024,2,,2
572.0,2,3.8995,2,34.1468,2,29.2,2,64.5,2,0.024,2,,2
573.0,2,3.8969,2,34.1472,2,29.0,2,64.5,2,0.024,2,,2
574.0,2,3.8917,2,34.1486,2,28.9,2,64.5,2,0.024,2,,2
575.0,2,3.8909,2,34.148,2,29.0,2,64.5,2,0.024,2,,2
576.0,2,3.8911,2,34.148,2,28.8,2,64.5,2,0.024,2,,2
577.0,2,3.8904,2,34.1479,2,28.8,2,64.5,2,0.024,2,,2
578.0,2,3.8854,2,34.1495,2,28.7,2,64.5,2,0.024,2,,2
578.8,2,3.8818,2,34.1495,2,28.7,2,64.5,2,0.024,2,,2
580.2,2,3.8864,2,34.1492,2,28.0,2,64.5,2,0.024,2,,2
581.0,2,3.885,2,34.1498,2,28.0,2,64.5,2,0.024,2,,2
582.0,2,3.88,2,34.150999999999996,2,27.8,2,64.5,2,0.024,2,,2
583.0,2,3.8788,2,34.1508,2,27.8,2,64.5,2,0.024,2,,2
584.0,2,3.8759,2,34.1513,2,27.8,2,64.5,2,0.024,2,,2
585.0,2,3.873,2,34.1518,2,27.7,2,64.5,2,0.024,2,,2
585.7,2,3.8713,2,34.1518,2,27.8,2,64.5,2,0.024,2,,2
588.2,2,3.8727,2,34.1524,2,27.4,2,64.5,2,0.024,2,,2
589.0,2,3.867,2,34.1536,2,27.2,2,64.5,2,0.024,2,,2
590.0,2,3.8638,2,34.1542,2,27.2,2,64.5,2,0.024,2,,2
591.0,2,3.8599,2,34.155,2,27.1,2,64.5,2,0.024,2,,2
592.0,2,3.8567,2,34.1555,2,27.1,2,64.5,2,0.024,2,,2
592.8,2,3.855,2,34.1558,2,27.0,2,64.5,2,0.024,2,,2
594.2,2,3.8528,2,34.1563,2,26.8,2,64.5,2,0.024,2,,2
595.0,2,3.8503,2,34.1567,2,26.7,2,64.5,2,0.024,2,,2
596.0,2,3.8495,2,34.157,2,26.6,2,64.5,2,0.024,2,,2
597.0,2,3.8465,2,34.1577,2,26.5,2,64.6,2,0.024,2,,2
598.0,2,3.8443,2,34.1582,2,26.5,2,64.5,2,0.024,2,,2
599.0,2,3.8436,2,34.1585,2,26.3,2,64.5,2,0.024,2,,2
600.0,2,3.8433,2,34.1584,2,26.2,2,64.5,2,0.024,2,,2
601.0,2,3.8414,2,34.1588,2,26.2,2,64.5,2,0.024,2,,2
601.9,2,3.8393,2,34.1592,2,26.2,2,64.4,2,0.024,2,,2
603.0,2,3.8384,2,34.1597,2,26.1,2,64.5,2,0.024,2,,2
604.0,2,3.8369999999999997,2,34.16,2,26.0,2,64.5,2,0.024,2,,2
605.0,2,3.8348,2,34.1605,2,26.0,2,64.5,2,0.024,2,,2
606.0,2,3.8319,2,34.161,2,26.0,2,64.5,2,0.024,2,,2
607.1,2,3.8295,2,34.1615,2,25.9,2,64.6,2,0.024,2,,2
607.9,2,3.827,2,34.1623,2,25.9,2,64.5,2,0.024,2,,2
609.0,2,3.8253,2,34.1624,2,25.6,2,64.5,2,0.024,2,,2
610.0,2,3.8216,2,34.1631,2,25.5,2,64.5,2,0.024,2,,2
611.0,2,3.818,2,34.1637,2,25.4,2,64.5,2,0.024,2,,2
612.0,2,3.8143,2,34.1647,2,25.2,2,64.5,2,0.024,2,,2
613.0,2,3.8093,2,34.1659,2,25.1,2,64.5,2,0.024,2,,2
614.0,2,3.8075,2,34.1665,2,25.0,2,64.5,2,0.024,2,,2
615.0,2,3.8057,2,34.1669,2,25.0,2,64.5,2,0.024,2,,2
616.0,2,3.8037,2,34.1673,2,24.9,2,64.5,2,0.024,2,,2
617.0,2,3.8022,2,34.1678,2,25.0,2,64.5,2,0.024,2,,2
618.1,2,3.7973,2,34.1689,2,24.8,2,64.5,2,0.024,2,,2
618.7,2,3.7946,2,34.1694,2,24.9,2,64.5,2,0.024,2,,2
621.1,2,3.792,2,34.1701,2,24.3,2,64.5,2,0.024,2,,2
622.0,2,3.7876,2,34.1714,2,24.2,2,64.5,2,0.024,2,,2
623.0,2,3.782,2,34.1726,2,24.2,2,64.5,2,0.024,2,,2
624.0,2,3.7784,2,34.1737,2,24.1,2,64.5,2,0.024,2,,2
625.0,2,3.7754,2,34.1744,2,24.0,2,64.5,2,0.024,2,,2
626.0,2,3.7741,2,34.1746,2,24.0,2,64.5,2,0.024,2,,2
627.0,2,3.7734,2,34.1748,2,24.0,2,64.5,2,0.024,2,,2
628.0,2,3.7723,2,34.1751,2,24.0,2,64.5,2,0.024,2,,2
629.1,2,3.7710000000000004,2,34.1753,2,23.9,2,64.5,2,0.024,2,,2
629.7,2,3.7709,2,34.1751,2,23.9,2,64.5,2,0.024,2,,2
631.2,2,3.7705,2,34.1753,2,23.6,2,64.5,2,0.024,2,,2
632.0,2,3.7687,2,34.1758,2,23.6,2,60.8,2,0.024,2,,2
633.0,2,3.7674,2,34.1764,2,23.5,2,64.5,2,0.024,2,,2
634.0,2,3.7662,2,34.1766,2,23.4,2,64.5,2,0.024,2,,2
635.0,2,3.7645,2,34.1771,2,23.3,2,64.5,2,0.024,2,,2
636.0,2,3.7621,2,34.1777,2,23.3,2,64.5,2,0.024,2,,2
637.0,2,3.7599,2,34.1786,2,23.2,2,64.5,2,0.024,2,,2
638.0,2,3.7582,2,34.179,2,23.2,2,64.5,2,0.024,2,,2
639.0,2,3.7522,2,34.181,2,23.1,2,64.5,2,0.024,2,,2
640.0,2,3.7496,2,34.1816,2,23.1,2,64.5,2,0.024,2,,2
641.0,2,3.7489999999999997,2,34.1815,2,23.2,2,64.5,2,0.024,2,,2
642.0,2,3.7478,2,34.1819,2,23.1,2,64.5,2,0.024,2,,2
643.1,2,3.7456,2,34.1826,2,23.0,2,64.5,2,0.024,2,,2
644.1,2,3.7415,2,34.1836,2,23.1,2,64.5,2,0.024,2,,2
644.6,2,3.74,2,34.1836,2,23.1,2,64.5,2,0.024,2,,2
647.1,2,3.7374,2,34.185,2,22.7,2,64.5,2,0.024,2,,2
648.0,2,3.7367,2,34.1848,2,22.7,2,64.5,2,0.024,2,,2
649.0,2,3.7364,2,34.1849,2,22.7,2,64.4,2,0.024,2,,2
650.0,2,3.7356,2,34.1852,2,22.6,2,64.5,2,0.024,2,,2
651.0,2,3.7348,2,34.1853,2,22.6,2,64.5,2,0.024,2,,2
652.0,2,3.7322,2,34.186,2,22.5,2,64.5,2,0.024,2,,2
653.0,2,3.7295,2,34.1866,2,22.4,2,64.5,2,0.024,2,,2
654.0,2,3.7185,2,34.19,2,22.3,2,64.5,2,0.024,2,,2
655.0,2,3.7154,2,34.1906,2,22.4,2,64.5,2,0.024,2,,2
656.0,2,3.7147,2,34.1908,2,22.2,2,64.5,2,0.024,2,,2
657.0,2,3.7142,2,34.1911,2,22.2,2,64.5,2,0.024,2,,2
658.1,2,3.7141,2,34.1907,2,22.2,2,64.5,2,0.024,2,,2
660.0,2,3.7105,2,34.1921,2,22.0,2,64.5,2,0.024,2,,2
661.0,2,3.7033,2,34.1941,2,21.8,2,64.5,2,0.024,2,,2
662.0,2,3.7006,2,34.1949,2,21.8,2,64.5,2,0.024,2,,2
663.0,2,3.6967,2,34.196,2,21.8,2,64.5,2,0.024,2,,2
664.0,2,3.6958,2,34.1962,2,21.7,2,64.5,2,0.024,2,,2
665.0,2,3.6923,2,34.1975,2,21.7,2,64.5,2,0.024,2,,2
666.0,2,3.6888,2,34.1984,2,21.6,2,64.5,2,0.024,2,,2
667.0,2,3.6851,2,34.1996,2,21.6,2,64.5,2,0.024,2,,2
668.0,2,3.6836,2,34.1997,2,21.6,2,64.5,2,0.024,2,,2
669.0,2,3.6821,2,34.2001,2,21.6,2,64.5,2,0.024,2,,2
669.7,2,3.6807,2,34.2002,2,21.6,2,64.5,2,0.024,2,,2
672.0,2,3.681,2,34.2012,2,21.4,2,64.5,2,0.024,2,,2
673.0,2,3.6744,2,34.2028,2,21.4,2,64.5,2,0.024,2,,2
674.0,2,3.6718,2,34.203,2,21.3,2,64.5,2,0.024,2,,2
675.0,2,3.6708,2,34.2032,2,21.3,2,64.5,2,0.024,2,,2
676.0,2,3.6706,2,34.2033,2,21.2,2,64.5,2,0.024,2,,2
677.0,2,3.6704,2,34.2032,2,21.2,2,64.5,2,0.024,2,,2
678.1,2,3.6674,2,34.2039,2,21.3,2,64.5,2,0.024,2,,2
678.7,2,3.6663,2,34.204,2,21.2,2,64.5,2,0.024,2,,2
681.0,2,3.6632,2,34.2055,2,21.1,2,64.5,2,0.024,2,,2
682.0,2,3.6588,2,34.2068,2,21.0,2,64.5,2,0.024,2,,2
683.0,2,3.6536,2,34.2082,2,20.8,2,64.3,2,0.024,2,,2
684.0,2,3.6499,2,34.2089,2,20.9,2,64.4,2,0.024,2,,2
685.0,2,3.6475,2,34.2096,2,20.9,2,64.5,2,0.024,2,,2
686.0,2,3.6436,2,34.2106,2,20.8,2,64.5,2,0.024,2,,2
687.0,2,3.6430000000000002,2,34.2107,2,20.7,2,64.5,2,0.024,2,,2
688.0,2,3.6408,2,34.2112,2,20.7,2,64.5,2,0.024,2,,2
689.0,2,3.6374,2,34.211999999999996,2,20.8,2,64.5,2,0.024,2,,2
690.0,2,3.6355,2,34.2125,2,20.6,2,64.5,2,0.024,2,,2
691.0,2,3.6316,2,34.2134,2,20.6,2,64.5,2,0.024,2,,2
691.7,2,3.6295,2,34.214,2,20.6,2,64.5,2,0.024,2,,2
695.1,2,3.6282,2,34.215,2,20.5,2,64.5,2,0.024,2,,2
696.0,2,3.6256,2,34.2157,2,20.4,2,64.5,2,0.024,2,,2
697.0,2,3.6205,2,34.2169,2,20.5,2,64.5,2,0.024,2,,2
698.0,2,3.6182,2,34.2172,2,20.4,2,64.5,2,0.024,2,,2
699.0,2,3.6178,2,34.2172,2,20.4,2,64.5,2,0.024,2,,2
700.0,2,3.6172,2,34.2175,2,20.4,2,64.5,2,0.024,2,,2
701.0,2,3.6155,2,34.2178,2,20.4,2,64.5,2,0.024,2,,2
702.0,2,3.613,2,34.2185,2,20.4,2,64.5,2,0.024,2,,2
703.0,2,3.6107,2,34.2189,2,20.4,2,64.5,2,0.024,2,,2
703.7,2,3.6101,2,34.2187,2,20.4,2,64.5,2,0.024,2,,2
708.0,2,3.605,2,34.2209,2,20.2,2,64.5,2,0.024,2,,2
709.0,2,3.6012,2,34.2215,2,20.2,2,64.5,2,0.024,2,,2
710.0,2,3.5979,2,34.2221,2,20.2,2,64.5,2,0.024,2,,2
711.0,2,3.5972,2,34.2223,2,20.2,2,64.5,2,0.024,2,,2
712.0,2,3.5958,2,34.2227,2,20.2,2,64.5,2,0.024,2,,2
713.0,2,3.5937,2,34.223,2,20.2,2,64.5,2,0.024,2,,2
714.0,2,3.5931,2,34.2232,2,20.2,2,64.5,2,0.024,2,,2
715.0,2,3.5885,2,34.2246,2,20.2,2,64.5,2,0.024,2,,2
716.0,2,3.585,2,34.2251,2,20.2,2,64.5,2,0.024,2,,2
717.1,2,3.582,2,34.2254,2,20.2,2,64.5,2,0.024,2,,2
720.1,2,3.5753,2,34.2282,2,20.2,2,64.5,2,0.024,2,,2
721.0,2,3.572,2,34.2287,2,20.0,2,64.5,2,0.024,2,,2
722.0,2,3.571,2,34.2286,2,20.1,2,64.5,2,0.024,2,,2
723.0,2,3.5684,2,34.2292,2,20.1,2,64.5,2,0.024,2,,2
724.0,2,3.5653,2,34.2299,2,20.0,2,64.5,2,0.024,2,,2
725.0,2,3.5596,2,34.2319,2,20.2,2,64.5,2,0.024,2,,2
726.0,2,3.5522,2,34.2328,2,20.1,2,64.5,2,0.024,2,,2
727.0,2,3.5505,2,34.2328,2,20.1,2,64.5,2,0.024,2,,2
728.0,2,3.5471,2,34.2334,2,20.1,2,64.5,2,0.024,2,,2
728.6,2,3.5447,2,34.2338,2,20.1,2,64.5,2,0.024,2,,2
731.4,2,3.5365,2,34.2373,2,19.9,2,64.5,2,0.024,2,,2
732.0,2,3.5324,2,34.2375,2,19.9,2,64.5,2,0.024,2,,2
733.0,2,3.5319,2,34.2375,2,19.8,2,64.5,2,0.024,2,,2
734.0,2,3.5316,2,34.2376,2,19.8,2,64.5,2,0.024,2,,2
735.0,2,3.5308,2,34.2378,2,19.8,2,64.5,2,0.024,2,,2
736.0,2,3.528,2,34.2388,2,19.9,2,64.5,2,0.024,2,,2
737.0,2,3.5259,2,34.2393,2,19.9,2,64.5,2,0.024,2,,2
738.0,2,3.5215,2,34.2403,2,19.7,2,64.5,2,0.024,2,,2
739.0,2,3.5187,2,34.2404,2,19.8,2,64.5,2,0.024,2,,2
740.1,2,3.5151,2,34.2411,2,19.9,2,64.5,2,0.024,2,,2
740.7,2,3.5144,2,34.2412,2,19.8,2,64.5,2,0.024,2,,2
743.3,2,3.5121,2,34.2423,2,19.8,2,64.5,2,0.024,2,,2
744.0,2,3.5093,2,34.2429,2,19.7,2,64.5,2,0.024,2,,2
745.0,2,3.5062,2,34.2435,2,19.7,2,64.5,2,0.024,2,,2
746.0,2,3.5028,2,34.2441,2,19.8,2,64.5,2,0.024,2,,2
747.0,2,3.4998,2,34.2447,2,19.7,2,64.5,2,0.024,2,,2
748.0,2,3.4985,2,34.2451,2,19.8,2,64.5,2,0.024,2,,2
749.0,2,3.4952,2,34.2461,2,19.6,2,64.5,2,0.024,2,,2
750.0,2,3.4897,2,34.2471,2,19.6,2,64.5,2,0.024,2,,2
751.0,2,3.4872,2,34.2478,2,19.6,2,64.5,2,0.024,2,,2
752.0,2,3.4859,2,34.2481,2,19.6,2,64.5,2,0.024,2,,2
753.0,2,3.4841,2,34.2485,2,19.6,2,64.5,2,0.024,2,,2
754.0,2,3.4819999999999998,2,34.2488,2,19.6,2,64.5,2,0.024,2,,2
755.0,2,3.4813,2,34.2491,2,19.6,2,64.5,2,0.024,2,,2
756.0,2,3.4806,2,34.2494,2,19.6,2,64.5,2,0.024,2,,2
756.6,2,3.4789,2,34.25,2,19.6,2,64.5,2,0.024,2,,2
758.1,2,3.4759,2,34.2507,2,19.6,2,64.5,2,0.024,2,,2
759.0,2,3.4744,2,34.2508,2,19.5,2,64.5,2,0.024,2,,2
760.0,2,3.4743,2,34.2508,2,19.5,2,64.5,2,0.024,2,,2
761.0,2,3.4736,2,34.2511,2,19.5,2,64.5,2,0.024,2,,2
762.0,2,3.4726,2,34.2515,2,19.5,2,64.5,2,0.024,2,,2
763.0,2,3.4712,2,34.2519,2,19.5,2,64.5,2,0.024,2,,2
763.8,2,3.4703,2,34.2519,2,19.4,2,64.5,2,0.024,2,,2
765.3,2,3.4652,2,34.2529,2,19.6,2,64.5,2,0.024,2,,2
766.0,2,3.4619999999999997,2,34.2532,2,19.6,2,64.5,2,0.024,2,,2
767.0,2,3.4601,2,34.2536,2,19.6,2,64.2,2,0.024,2,,2
768.0,2,3.4574,2,34.254,2,19.7,2,64.5,2,0.024,2,,2
769.0,2,3.4547,2,34.2546,2,19.7,2,64.5,2,0.024,2,,2
770.0,2,3.4525,2,34.2551,2,19.8,2,64.5,2,0.024,2,,2
771.0,2,3.4517,2,34.2551,2,19.8,2,64.5,2,0.024,2,,2
772.0,2,3.4512,2,34.2553,2,19.7,2,64.5,2,0.024,2,,2
773.1,2,3.4489,2,34.2557,2,19.7,2,64.5,2,0.024,2,,2
773.9,2,3.4461,2,34.2563,2,19.8,2,64.5,2,0.024,2,,2
775.0,2,3.4441,2,34.2568,2,19.7,2,64.5,2,0.024,2,,2
776.0,2,3.4422,2,34.2574,2,19.8,2,64.5,2,0.024,2,,2
777.0,2,3.4405,2,34.2576,2,19.8,2,64.5,2,0.024,2,,2
778.0,2,3.4375,2,34.2582,2,19.8,2,64.5,2,0.024,2,,2
778.7,2,3.4362,2,34.2581,2,19.7,2,64.5,2,0.024,2,,2
780.1,2,3.4330000000000003,2,34.259,2,19.8,2,64.5,2,0.024,2,,2
781.0,2,3.4316,2,34.2591,2,19.9,2,64.5,2,0.024,2,,2
782.0,2,3.4309,2,34.2593,2,19.8,2,64.5,2,0.024,2,,2
783.0,2,3.4293,2,34.2599,2,19.9,2,64.5,2,0.024,2,,2
784.0,2,3.4286,2,34.2602,2,19.8,2,64.5,2,0.024,2,,2
785.0,2,3.4266,2,34.2607,2,19.8,2,64.5,2,0.024,2,,2
786.0,2,3.4231,2,34.2617,2,19.8,2,64.5,2,0.024,2,,2
787.0,2,3.4219,2,34.2622,2,19.9,2,64.5,2,0.024,2,,2
788.0,2,3.4214,2,34.2621,2,19.7,2,64.5,2,0.024,2,,2
789.1,2,3.4194,2,34.2624,2,19.7,2,64.4,2,0.024,2,,2
789.8,2,3.4233,2,34.2615,2,19.8,2,64.2,2,0.024,2,,2
791.0,2,3.4262,2,34.260999999999996,2,19.7,2,64.5,2,0.024,2,,2
792.0,2,3.4126,2,34.264,2,19.6,2,64.5,2,0.024,2,,2
793.0,2,3.4038,2,34.2656,2,19.7,2,64.5,2,0.024,2,,2
794.0,2,3.3989,2,34.2662,2,19.7,2,64.5,2,0.024,2,,2
795.0,2,3.3968,2,34.2666,2,19.7,2,64.5,2,0.024,2,,2
796.0,2,3.3956,2,34.2667,2,19.6,2,64.5,2,0.024,2,,2
797.0,2,3.3942,2,34.2672,2,19.6,2,64.5,2,0.024,2,,2
798.0,2,3.3885,2,34.2686,2,19.6,2,64.5,2,0.024,2,,2
799.1,2,3.3848,2,34.2689,2,19.7,2,64.5,2,0.024,2,,2
799.6,2,3.384,2,34.2687,2,19.7,2,64.5,2,0.024,2,,2
802.0,2,3.3828,2,34.2694,2,19.7,2,64.5,2,0.024,2,,2
803.0,2,3.3817,2,34.2698,2,19.7,2,64.5,2,0.024,2,,2
804.0,2,3.3806,2,34.27,2,19.5,2,64.5,2,0.024,2,,2
805.0,2,3.3706,2,34.2726,2,19.6,2,64.5,2,0.024,2,,2
806.0,2,3.365,2,34.2732,2,19.6,2,64.5,2,0.024,2,,2
807.0,2,3.3632,2,34.2736,2,19.6,2,64.5,2,0.024,2,,2
808.0,2,3.3609,2,34.2743,2,19.6,2,64.5,2,0.024,2,,2
809.0,2,3.3593,2,34.2748,2,19.6,2,64.5,2,0.024,2,,2
810.0,2,3.3579,2,34.2753,2,19.6,2,64.5,2,0.024,2,,2
811.0,2,3.3565,2,34.2757,2,19.6,2,64.5,2,0.024,2,,2
812.0,2,3.3546,2,34.275999999999996,2,19.6,2,64.5,2,0.024,2,,2
815.2,2,3.344,2,34.2787,2,19.6,2,64.5,2,0.024,2,,2
816.0,2,3.3408,2,34.2779,2,19.6,2,64.5,2,0.024,2,,2
817.0,2,3.3361,2,34.2785,2,19.7,2,64.5,2,0.024,2,,2
818.0,2,3.3333,2,34.2785,2,19.6,2,64.4,2,0.024,2,,2
819.0,2,3.332,2,34.2788,2,19.7,2,64.5,2,0.024,2,,2
820.0,2,3.3314,2,34.2788,2,19.7,2,64.5,2,0.024,2,,2
821.0,2,3.3313,2,34.2789,2,19.8,2,64.5,2,0.024,2,,2
822.0,2,3.3303,2,34.2792,2,19.8,2,64.5,2,0.024,2,,2
823.0,2,3.326,2,34.2799,2,19.7,2,64.5,2,0.024,2,,2
823.6,2,3.3234,2,34.2802,2,19.8,2,64.5,2,0.024,2,,2
826.1,2,3.3187,2,34.2821,2,19.8,2,64.5,2,0.024,2,,2
827.0,2,3.3158,2,34.2825,2,19.7,2,64.5,2,0.024,2,,2
828.0,2,3.3139,2,34.2826,2,19.8,2,64.5,2,0.024,2,,2
829.0,2,3.3131,2,34.2829,2,19.9,2,64.5,2,0.024,2,,2
830.0,2,3.3128,2,34.2827,2,19.7,2,64.5,2,0.024,2,,2
831.0,2,3.3119,2,34.2829,2,19.7,2,64.5,2,0.024,2,,2
832.0,2,3.3112,2,34.2829,2,19.8,2,64.5,2,0.024,2,,2
833.0,2,3.3108,2,34.2829,2,19.9,2,64.5,2,0.024,2,,2
833.8,2,3.3102,2,34.283,2,19.8,2,64.5,2,0.024,2,,2
837.1,2,3.3089999999999997,2,34.2837,2,19.7,2,64.5,2,0.024,2,,2
837.9,2,3.3085,2,34.2837,2,19.8,2,64.5,2,0.024,2,,2
839.0,2,3.3094,2,34.2832,2,19.9,2,64.5,2,0.024,2,,2
840.0,2,3.3097,2,34.2834,2,19.9,2,64.5,2,0.024,2,,2
841.0,2,3.3096,2,34.2834,2,19.9,2,64.5,2,0.024,2,,2
842.0,2,3.3092,2,34.2835,2,19.8,2,64.5,2,0.024,2,,2
843.0,2,3.3089,2,34.2836,2,19.8,2,64.5,2,0.024,2,,2
844.0,2,3.3080000000000003,2,34.2838,2,19.8,2,64.5,2,0.024,2,,2
844.9,2,3.3076,2,34.2838,2,19.9,2,64.5,2,0.024,2,,2
847.2,2,3.3006,2,34.2862,2,19.7,2,64.5,2,0.024,2,,2
848.0,2,3.295,2,34.287,2,19.7,2,64.5,2,0.024,2,,2
849.0,2,3.2911,2,34.2874,2,19.8,2,64.5,2,0.024,2,,2
850.0,2,3.2889,2,34.2878,2,19.8,2,64.5,2,0.024,2,,2
851.0,2,3.2873,2,34.288000000000004,2,19.8,2,64.5,2,0.024,2,,2
852.0,2,3.2858,2,34.2883,2,19.7,2,64.5,2,0.024,2,,2
853.0,2,3.2813,2,34.2894,2,19.7,2,64.5,2,0.024,2,,2
854.0,2,3.2764,2,34.2903,2,19.6,2,64.5,2,0.024,2,,2
855.0,2,3.2757,2,34.2904,2,19.6,2,64.5,2,0.024,2,,2
856.0,2,3.2735,2,34.291,2,19.6,2,64.5,2,0.024,2,,2
857.0,2,3.2734,2,34.291,2,19.6,2,64.5,2,0.024,2,,2
858.0,2,3.2705,2,34.2914,2,19.7,2,64.5,2,0.024,2,,2
859.0,2,3.2694,2,34.2918,2,19.6,2,64.5,2,0.024,2,,2
860.0,2,3.2680000000000002,2,34.2922,2,19.7,2,64.5,2,0.024,2,,2
861.0,2,3.2679,2,34.2922,2,19.6,2,64.5,2,0.024,2,,2
862.0,2,3.2682,2,34.2922,2,19.6,2,64.5,2,0.024,2,,2
863.0,2,3.2667,2,34.2927,2,19.6,2,64.5,2,0.024,2,,2
864.0,2,3.2649,2,34.2931,2,19.6,2,64.5,2,0.024,2,,2
865.0,2,3.2646,2,34.2931,2,19.6,2,64.5,2,0.024,2,,2
866.0,2,3.2646,2,34.2932,2,19.5,2,64.5,2,0.024,2,,2
867.0,2,3.2612,2,34.2939,2,19.5,2,64.5,2,0.024,2,,2
868.0,2,3.2551,2,34.2957,2,19.4,2,64.5,2,0.024,2,,2
868.9,2,3.2524,2,34.2963,2,19.5,2,64.5,2,0.024,2,,2
870.0,2,3.2522,2,34.2964,2,19.4,2,64.5,2,0.024,2,,2
871.0,2,3.2506,2,34.2968,2,19.4,2,64.2,2,0.024,2,,2
872.0,2,3.2491,2,34.2972,2,19.3,2,64.3,2,0.024,2,,2
873.0,2,3.2483,2,34.2975,2,19.3,2,64.5,2,0.024,2,,2
874.0,2,3.2478,2,34.2976,2,19.2,2,64.5,2,0.024,2,,2
875.0,2,3.2472,2,34.2978,2,19.4,2,64.5,2,0.024,2,,2
876.0,2,3.2462,2,34.2978,2,19.3,2,64.5,2,0.024,2,,2
877.0,2,3.2451,2,34.2984,2,19.2,2,64.5,2,0.024,2,,2
878.0,2,3.2436,2,34.2986,2,19.3,2,64.5,2,0.024,2,,2
879.0,2,3.2423,2,34.2988,2,19.2,2,64.5,2,0.024,2,,2
879.8,2,3.2412,2,34.299,2,19.3,2,64.5,2,0.024,2,,2
882.3,2,3.2385,2,34.3008,2,19.3,2,64.5,2,0.024,2,,2
883.0,2,3.2341,2,34.3012,2,19.2,2,64.5,2,0.024,2,,2
884.0,2,3.2299,2,34.3019,2,19.2,2,64.5,2,0.024,2,,2
885.0,2,3.2289999999999996,2,34.3018,2,19.2,2,64.5,2,0.024,2,,2
886.0,2,3.2281,2,34.302,2,19.2,2,64.5,2,0.024,2,,2
887.0,2,3.2247,2,34.3028,2,19.3,2,64.5,2,0.024,2,,2
888.0,2,3.2209,2,34.3032,2,19.3,2,64.5,2,0.024,2,,2
889.0,2,3.2166,2,34.3038,2,19.2,2,64.5,2,0.024,2,,2
889.6,2,3.2153,2,34.3037,2,19.2,2,64.5,2,0.024,2,,2
891.3,2,3.2122,2,34.3046,2,19.2,2,64.5,2,0.024,2,,2
892.0,2,3.2112,2,34.3046,2,19.2,2,64.5,2,0.024,2,,2
893.0,2,3.2101,2,34.3049,2,19.2,2,64.5,2,0.024,2,,2
894.0,2,3.2097,2,34.3049,2,19.2,2,64.5,2,0.024,2,,2
895.0,2,3.2089999999999996,2,34.3051,2,19.2,2,64.5,2,0.024,2,,2
896.0,2,3.2089999999999996,2,34.3052,2,19.2,2,64.5,2,0.024,2,,2
897.0,2,3.2071,2,34.3058,2,19.1,2,64.5,2,0.024,2,,2
898.0,2,3.2049,2,34.3061,2,19.2,2,64.5,2,0.024,2,,2
899.0,2,3.2004,2,34.3074,2,19.2,2,64.5,2,0.024,2,,2
900.0,2,3.1951,2,34.3084,2,19.1,2,64.5,2,0.024,2,,2
901.0,2,3.1911,2,34.3094,2,19.1,2,64.5,2,0.024,2,,2
902.0,2,3.1839,2,34.3109,2,19.1,2,64.5,2,0.024,2,,2
903.0,2,3.1833,2,34.3111,2,19.1,2,64.5,2,0.024,2,,2
904.0,2,3.1829,2,34.311,2,19.1,2,64.5,2,0.024,2,,2
905.0,2,3.1815,2,34.3115,2,19.0,2,64.5,2,0.024,2,,2
906.0,2,3.18,2,34.3119,2,19.1,2,64.5,2,0.024,2,,2
906.9,2,3.1788,2,34.312,2,19.0,2,64.5,2,0.024,2,,2
908.2,2,3.1778,2,34.3126,2,19.0,2,64.5,2,0.024,2,,2
909.0,2,3.1774,2,34.3126,2,19.0,2,64.5,2,0.024,2,,2
910.0,2,3.1762,2,34.313,2,19.0,2,64.5,2,0.024,2,,2
911.0,2,3.1745,2,34.3134,2,19.0,2,64.5,2,0.024,2,,2
912.0,2,3.1705,2,34.3145,2,18.9,2,64.5,2,0.024,2,,2
913.0,2,3.167,2,34.3151,2,18.9,2,64.5,2,0.024,2,,2
914.0,2,3.1649,2,34.3154,2,18.9,2,64.5,2,0.024,2,,2
915.0,2,3.1617,2,34.3161,2,18.9,2,64.5,2,0.024,2,,2
916.0,2,3.1567,2,34.3175,2,18.8,2,64.5,2,0.024,2,,2
917.0,2,3.1532,2,34.3184,2,18.8,2,64.5,2,0.024,2,,2
918.0,2,3.1507,2,34.3191,2,18.7,2,64.5,2,0.024,2,,2
919.0,2,3.1503,2,34.3193,2,18.8,2,64.5,2,0.024,2,,2
920.0,2,3.1492,2,34.3197,2,18.8,2,64.5,2,0.024,2,,2
921.0,2,3.1489,2,34.3197,2,18.8,2,64.5,2,0.024,2,,2
922.0,2,3.1476,2,34.3199,2,18.9,2,64.5,2,0.024,2,,2
923.0,2,3.1466,2,34.32,2,18.7,2,64.5,2,0.024,2,,2
924.0,2,3.1453,2,34.3204,2,18.8,2,64.5,2,0.024,2,,2
924.8,2,3.1447,2,34.3204,2,18.8,2,64.5,2,0.024,2,,2
928.1,2,3.1407,2,34.3221,2,18.7,2,64.5,2,0.024,2,,2
929.0,2,3.1377,2,34.3228,2,18.8,2,64.5,2,0.024,2,,2
930.0,2,3.1353,2,34.3232,2,18.6,2,64.5,2,0.024,2,,2
931.0,2,3.1332,2,34.3236,2,18.7,2,64.5,2,0.024,2,,2
932.0,2,3.1321,2,34.3236,2,18.6,2,64.5,2,0.024,2,,2
933.0,2,3.1308,2,34.324,2,18.8,2,64.5,2,0.024,2,,2
934.0,2,3.1301,2,34.324,2,18.6,2,64.5,2,0.024,2,,2
935.0,2,3.1298,2,34.3239,2,18.7,2,64.5,2,0.024,2,,2
936.0,2,3.1295,2,34.324,2,18.7,2,64.5,2,0.024,2,,2
937.0,2,3.1295,2,34.3242,2,18.7,2,64.5,2,0.024,2,,2
938.0,2,3.1281,2,34.3244,2,18.7,2,64.5,2,0.024,2,,2
938.9,2,3.1271,2,34.3247,2,18.6,2,64.5,2,0.024,2,,2
940.0,2,3.1276,2,34.325,2,18.7,2,64.5,2,0.024,2,,2
941.0,2,3.1263,2,34.3253,2,18.5,2,64.5,2,0.024,2,,2
942.0,2,3.1244,2,34.3259,2,18.6,2,64.5,2,0.024,2,,2
943.0,2,3.1214,2,34.3267,2,18.6,2,64.5,2,0.024,2,,2
944.0,2,3.1184,2,34.3272,2,18.4,2,64.5,2,0.024,2,,2
945.0,2,3.1154,2,34.3281,2,18.5,2,64.5,2,0.024,2,,2
946.0,2,3.1134,2,34.3285,2,18.6,2,64.5,2,0.024,2,,2
947.0,2,3.1105,2,34.3292,2,18.4,2,64.5,2,0.024,2,,2
948.0,2,3.1084,2,34.3298,2,18.4,2,64.5,2,0.024,2,,2
949.0,2,3.1069,2,34.3301,2,18.4,2,64.5,2,0.024,2,,2
950.0,2,3.1066,2,34.3302,2,18.4,2,64.5,2,0.024,2,,2
951.0,2,3.1058,2,34.3305,2,18.4,2,64.5,2,0.024,2,,2
951.7,2,3.1056,2,34.3305,2,18.4,2,64.5,2,0.024,2,,2
953.0,2,3.1076,2,34.3304,2,18.3,2,64.5,2,0.024,2,,2
954.0,2,3.1063,2,34.3307,2,18.3,2,64.4,2,0.024,2,,2
955.0,2,3.1062,2,34.3305,2,18.2,2,64.5,2,0.024,2,,2
956.0,2,3.1058,2,34.3307,2,18.3,2,64.4,2,0.024,2,,2
957.0,2,3.1053,2,34.3309,2,18.3,2,64.4,2,0.024,2,,2
958.0,2,3.1043,2,34.3312,2,18.4,2,64.5,2,0.024,2,,2
959.0,2,3.0984,2,34.3329,2,18.2,2,64.5,2,0.024,2,,2
960.0,2,3.0922,2,34.3339,2,18.3,2,64.5,2,0.024,2,,2
961.0,2,3.0848,2,34.3353,2,18.3,2,64.5,2,0.024,2,,2
961.8,2,3.0828,2,34.3358,2,18.3,2,64.5,2,0.024,2,,2
964.0,2,3.0768,2,34.3372,2,18.2,2,64.5,2,0.024,2,,2
965.0,2,3.0744,2,34.3374,2,18.3,2,64.5,2,0.024,2,,2
966.0,2,3.0738,2,34.3377,2,18.4,2,64.5,2,0.024,2,,2
967.0,2,3.0726,2,34.338,2,18.3,2,64.5,2,0.024,2,,2
968.0,2,3.0714,2,34.3382,2,18.4,2,64.5,2,0.024,2,,2
969.0,2,3.0697,2,34.3385,2,18.3,2,64.5,2,0.024,2,,2
970.0,2,3.068,2,34.339,2,18.2,2,64.5,2,0.024,2,,2
971.0,2,3.0649,2,34.3398,2,18.4,2,64.5,2,0.024,2,,2
972.0,2,3.0645,2,34.3399,2,18.4,2,64.5,2,0.024,2,,2
973.0,2,3.0638,2,34.34,2,18.4,2,64.5,2,0.024,2,,2
974.0,2,3.0633,2,34.3401,2,18.4,2,64.5,2,0.024,2,,2
974.8,2,3.0627,2,34.3401,2,18.4,2,64.5,2,0.024,2,,2
976.1,2,3.0624,2,34.3404,2,18.3,2,64.5,2,0.024,2,,2
977.0,2,3.0624,2,34.3406,2,18.4,2,64.5,2,0.024,2,,2
978.0,2,3.0622,2,34.3407,2,18.4,2,64.5,2,0.024,2,,2
979.0,2,3.0621,2,34.3407,2,18.3,2,64.5,2,0.024,2,,2
980.0,2,3.0621,2,34.3408,2,18.4,2,64.5,2,0.024,2,,2
981.0,2,3.0619,2,34.3406,2,18.4,2,64.5,2,0.024,2,,2
982.0,2,3.0616,2,34.3407,2,18.4,2,64.5,2,0.024,2,,2
983.1,2,3.0614,2,34.3407,2,18.3,2,64.5,2,0.024,2,,2
983.9,2,3.0614,2,34.3408,2,18.4,2,64.5,2,0.024,2,,2
984.9,2,3.0612,2,34.3409,2,18.3,2,64.5,2,0.024,2,,2
986.0,2,3.0607,2,34.3413,2,18.3,2,64.5,2,0.024,2,,2
987.0,2,3.0605,2,34.3414,2,18.3,2,64.5,2,0.024,2,,2
988.0,2,3.0607,2,34.3413,2,18.3,2,64.5,2,0.024,2,,2
989.0,2,3.0605,2,34.3412,2,18.3,2,64.5,2,0.024,2,,2
990.0,2,3.0589,2,34.342,2,18.4,2,64.5,2,0.024,2,,2
991.0,2,3.0563,2,34.3426,2,18.3,2,64.5,2,0.024,2,,2
992.0,2,3.0549,2,34.3429,2,18.3,2,64.5,2,0.024,2,,2
993.0,2,3.0539,2,34.3428,2,18.3,2,64.5,2,0.024,2,,2
994.0,2,3.0524,2,34.3432,2,18.2,2,64.4,2,0.024,2,,2
995.0,2,3.0507,2,34.3437,2,18.2,2,64.5,2,0.024,2,,2
996.0,2,3.0498,2,34.3439,2,18.2,2,64.5,2,0.024,2,,2
996.9,2,3.0482,2,34.3443,2,18.2,2,64.5,2,0.024,2,,2
1000.1,2,3.0445,2,34.3459,2,18.1,2,64.5,2,0.024,2,,2
1001.0,2,3.0436,2,34.3462,2,18.2,2,64.5,2,0.024,2,,2
1002.0,2,3.0405,2,34.3472,2,18.2,2,64.5,2,0.024,2,,2
1003.0,2,3.0371,2,34.3478,2,18.2,2,64.5,2,0.024,2,,2
1004.0,2,3.0352,2,34.348,2,18.2,2,64.5,2,0.024,2,,2
1004.6,2,3.0344,2,34.3479,2,18.2,2,64.5,2,0.027999999999999997,2,,2
END_DATA
