CTD,20190304CCHSIOLMM
#---------------------------------------------------------------------------------------------------,,,,,,,,,,,,,,,,
#Fluorescence - Transmissivity and PAR data are nominal and unedited except that some records were removed in editing temperature and salinity.,,,,,,,,,,,,,,,,
#---------------------------------------------------------------------------------------------------,,,,,,,,,,,,,,,,
#For details on how the transmissivity calibration parameters were calculated see the document Transmissivity_Calculation.pdf.,,,,,,,,,,,,,,,,
#---------------------------------------------------------------------------------------------------,,,,,,,,,,,,,,,,
#The Oxygen:Dissolved:CTD calibration was done using the method described in the Sea-Bird Application Note #64-2 (Sea-Bird_64-2_Feb2010.pdf).,,,,,,,,,,,,,,,,
#,,,,,,,,,,,,,,,,
#A shift in the Oxygen:Dissolved:Bottle standardization parameters occurred between events 0032 and 0044; this was not investigated to determine if the resultant change in Thiosulfate normality was real or the result of a shift in lab temperature.,,,,,,,,,,,,,,,,
#Checks of the fit of Oxygen:Dissolved:CTD against titrated Oxygen:Dissolved:Bottle suggest that the titrated values from the first part of the cruise are lower than those of the latter part by about 0.02 ml/l.,,,,,,,,,,,,,,,,
#The Oxygen:Dissolved:CTD was recalibrated using titrated Oxygen:Dissolved:Bottle data from the whole cruise so any resultant error in the Oxygen:Dissolved:CTD is likely negligible compared to other sources of error (<0.01 ml/l).,,,,,,,,,,,,,,,,
#,,,,,,,,,,,,,,,,
#The Oxygen:Dissolved:CTD channel was corrupted for all or parts of events 0007 - 0010 - 0015 - 0017 - 0018 - 0019 - 0021.,,,,,,,,,,,,,,,,
#,,,,,,,,,,,,,,,,
#WARNING: The dissolved oxygen sensor was found to have a damaged membrane when it was examined at the factory shortly after this cruise.,,,,,,,,,,,,,,,,
#There is evidence of hysteresis which could not be corrected by adjusting the calibration parameters. ,,,,,,,,,,,,,,,,
#,,,,,,,,,,,,,,,,
#The Oxygen:Dissolved:CTD:Volume data are considered roughly to be:,,,,,,,,,,,,,,,,
#      • ±0.4 ml/l from 0 to 125 dbar,,,,,,,,,,,,,,,,
#      • ±0.3 ml/l from 125 dbar to 400 dbar,,,,,,,,,,,,,,,,
#      • ±0.1 ml/l below 400 dbar,,,,,,,,,,,,,,,,
#Below 1000 dbar the Oxygen:Dissolved:CTD reads consistently low by <0.01 ml/l.,,,,,,,,,,,,,,,,
#---------------------------------------------------------------------------------------------------,,,,,,,,,,,,,,,,
#For details on the processing see processing file 2011-01-proc.pdf,,,,,,,,,,,,,,,,
#---------------------------------------------------------------------------------------------------,,,,,,,,,,,,,,,,
#,,,,,,,,,,,,,,,,
#File Name,Zone,FIL:START TIME YYYY/MM/DD, HH:MM,LOC:EVENT_NUMBER,LOC:LATITUDE,LOC:LONGITUDE,LOC:STATION,Pressure:CTD [dbar],Temperature:CTD [deg_C_(ITS90)],Salinity:Practical:CTD [PSS-78],Sigma-t:CTD [kg/m^3],Transmissivity:CTD [*/m],Oxygen:Dissolved:CTD:Volume [ml/l],Oxygen:Dissolved:CTD:Mass [µmol/kg],Fluorescence:CTD [mg/m^3],PAR:CTD [µE/m^2/sec]
#,,,,,,,,,,,,,,,,
NUMBER_HEADERS = 8
EXPOCODE = 18DD20110208
STNBR = P3
CASTNO = 1
DATE = 09/02/2011
TIME =  23:10
LATITUDE = 48.62634
LONGITUDE = -126.329
CTDPRS,CTDPRS_FLAG_W,CTDTMP,CTDTMP_FLAG_W,CTDSAL,CTDSAL_FLAG_W,CTDOXY,CTDOXY_FLAG_W,CTDXMISS,CTDXMISS_FLAG_W,CTDFLUOR,CTDFLUOR_FLAG_W,PAR,PAR_FLAG_W
DBAR,,ITS-90,,PSS-78,,UMOL/KG,,,,MG/M^3,,UE/m^2/sec,
3.1,2,7.6811,2,29.4785,2,299.8,2,56.0,2,1.036,2,75.6,2
3.8,2,7.6581,2,29.5019,2,299.9,2,55.9,2,1.036,2,62.7,2
4.9,2,7.6608,2,29.5003,2,300.0,2,55.8,2,1.0859999999999999,2,50.9,2
6.0,2,7.69,2,29.4835,2,299.9,2,56.1,2,1.071,2,43.3,2
6.8,2,7.6863,2,29.4825,2,299.8,2,56.1,2,1.056,2,37.7,2
8.4,2,7.6404,2,29.4583,2,299.4,2,56.2,2,1.032,2,28.5,2
9.0,2,7.6339,2,29.4797,2,299.4,2,55.9,2,1.037,2,25.6,2
10.0,2,7.5835,2,29.5638,2,299.6,2,55.2,2,1.165,2,22.3,2
11.0,2,7.5998,2,29.6103,2,299.3,2,55.3,2,1.224,2,20.3,2
12.0,2,7.64,2,29.6219,2,298.8,2,55.7,2,1.229,2,17.1,2
13.0,2,7.6796,2,29.6302,2,298.4,2,56.0,2,1.226,2,14.9,2
14.0,2,7.7252,2,29.6729,2,298.1,2,56.2,2,1.2329999999999999,2,12.9,2
15.0,2,7.7337,2,29.7433,2,298.2,2,56.0,2,1.3219999999999998,2,10.9,2
16.0,2,7.7211,2,29.7662,2,299.1,2,55.9,2,1.295,2,9.5,2
17.0,2,7.754,2,29.8631,2,299.6,2,56.0,2,1.348,2,8.6,2
18.0,2,7.7924,2,29.9094,2,299.1,2,56.5,2,1.305,2,7.7,2
19.0,2,7.9304,2,30.1482,2,297.4,2,57.3,2,1.245,2,6.8,2
20.0,2,8.126,2,30.5372,2,295.4,2,58.1,2,1.168,2,6.0,2
21.0,2,8.2519,2,30.7968,2,293.2,2,58.7,2,1.099,2,5.4,2
22.0,2,8.3522,2,30.9741,2,290.8,2,59.1,2,1.015,2,4.8,2
23.0,2,8.5285,2,31.2545,2,287.9,2,59.5,2,0.935,2,4.3,2
24.0,2,8.8362,2,31.7627,2,284.0,2,60.0,2,0.8390000000000001,2,3.9,2
25.0,2,8.8934,2,31.8615,2,283.7,2,60.1,2,0.79,2,3.6,2
26.0,2,8.9724,2,32.0049,2,283.8,2,59.8,2,0.835,2,3.4,2
27.0,2,8.9448,2,32.0966,2,284.6,2,60.4,2,0.883,2,3.1,2
28.0,2,8.9485,2,32.1675,2,284.9,2,60.8,2,0.903,2,2.9,2
29.0,2,8.929,2,32.2017,2,285.4,2,61.1,2,0.8540000000000001,2,2.7,2
30.0,2,8.8882,2,32.2133,2,285.8,2,61.3,2,0.821,2,2.6,2
31.0,2,8.8724,2,32.2172,2,286.0,2,61.4,2,0.8240000000000001,2,2.4,2
32.0,2,8.8513,2,32.224000000000004,2,286.4,2,61.5,2,0.8640000000000001,2,2.3,2
33.0,2,8.8403,2,32.2316,2,286.5,2,61.5,2,0.833,2,2.1,2
34.0,2,8.8213,2,32.2517,2,286.3,2,61.6,2,0.81,2,2.0,2
35.0,2,8.7983,2,32.2588,2,286.2,2,61.8,2,0.828,2,1.8,2
36.0,2,8.7888,2,32.2628,2,286.0,2,61.9,2,0.7759999999999999,2,1.8,2
37.0,2,8.7234,2,32.2744,2,286.6,2,62.2,2,0.7290000000000001,2,1.7,2
38.0,2,8.7008,2,32.277,2,287.1,2,62.3,2,0.691,2,1.6,2
39.0,2,8.6388,2,32.28,2,287.6,2,62.3,2,0.634,2,1.5,2
40.0,2,8.5994,2,32.281,2,287.7,2,62.6,2,0.58,2,1.4,2
41.0,2,8.5844,2,32.28,2,287.0,2,62.5,2,0.521,2,1.4,2
42.0,2,8.6324,2,32.2986,2,285.6,2,62.7,2,0.498,2,1.3,2
43.0,2,8.665,2,32.3109,2,284.1,2,62.7,2,0.473,2,1.2,2
44.0,2,8.6988,2,32.324,2,282.8,2,62.6,2,0.455,2,1.2,2
45.0,2,8.7221,2,32.3362,2,282.0,2,62.6,2,0.45799999999999996,2,1.1,2
46.0,2,8.721,2,32.3418,2,279.5,2,62.5,2,0.46299999999999997,2,1.0,2
47.0,2,8.6981,2,32.3512,2,275.0,2,62.5,2,0.445,2,1.0,2
48.0,2,8.7421,2,32.4049,2,270.4,2,62.5,2,0.39299999999999996,2,0.9,2
49.0,2,8.8807,2,32.4776,2,265.6,2,62.3,2,0.365,2,0.9,2
50.0,2,8.9167,2,32.5105,2,261.3,2,62.2,2,0.32,2,0.8,2
51.0,2,8.9224,2,32.5304,2,257.1,2,62.1,2,0.282,2,0.8,2
52.0,2,8.9396,2,32.5852,2,251.5,2,61.6,2,0.23,2,0.7,2
53.0,2,8.9467,2,32.6059,2,244.1,2,61.0,2,0.192,2,0.7,2
54.0,2,8.9588,2,32.6559,2,238.1,2,59.4,2,0.168,2,0.7,2
55.0,2,8.9866,2,32.7203,2,233.7,2,57.5,2,0.154,2,0.7,2
56.0,2,8.9923,2,32.7346,2,230.9,2,57.0,2,0.153,2,0.6,2
57.0,2,8.9938,2,32.7578,2,228.7,2,55.8,2,0.134,2,0.6,2
58.0,2,8.9913,2,32.7649,2,226.9,2,55.5,2,0.134,2,0.6,2
59.0,2,8.9789,2,32.7709,2,225.3,2,55.6,2,0.138,2,0.5,2
60.0,2,8.9503,2,32.7874,2,223.6,2,56.1,2,0.128,2,0.5,2
61.0,2,8.936,2,32.7973,2,221.5,2,56.4,2,0.122,2,0.4,2
62.0,2,8.922,2,32.8115,2,219.5,2,56.5,2,0.122,2,0.4,2
63.0,2,8.9116,2,32.8272,2,217.4,2,56.2,2,0.122,2,0.4,2
64.0,2,8.8991,2,32.8503,2,215.5,2,56.3,2,0.11,2,0.3,2
65.0,2,8.8922,2,32.8677,2,214.1,2,56.0,2,0.1,2,0.3,2
66.0,2,8.8915,2,32.8755,2,213.0,2,55.5,2,0.098,2,0.3,2
67.0,2,8.8916,2,32.8786,2,212.2,2,55.3,2,0.098,2,0.3,2
68.0,2,8.891,2,32.881,2,211.7,2,55.2,2,0.098,2,0.3,2
69.0,2,8.8903,2,32.8821,2,211.1,2,55.1,2,0.086,2,0.2,2
70.0,2,8.8897,2,32.883,2,210.7,2,55.0,2,0.091,2,0.2,2
71.0,2,8.8892,2,32.8837,2,210.2,2,54.9,2,0.085,2,0.2,2
72.0,2,8.8889,2,32.884,2,209.9,2,54.9,2,0.085,2,0.2,2
73.0,2,8.8885,2,32.8853,2,209.6,2,54.8,2,0.085,2,0.2,2
74.0,2,8.8882,2,32.8863,2,209.2,2,54.7,2,0.085,2,0.1,2
75.0,2,8.8894,2,32.8872,2,208.9,2,54.6,2,0.091,2,0.1,2
76.0,2,8.8912,2,32.8896,2,208.5,2,54.6,2,0.08800000000000001,2,0.1,2
77.0,2,8.8914,2,32.8911,2,208.0,2,54.6,2,0.085,2,0.1,2
78.0,2,8.8912,2,32.8933,2,207.3,2,54.6,2,0.085,2,0.1,2
79.0,2,8.8912,2,32.896,2,206.6,2,54.6,2,0.085,2,0.1,2
80.0,2,8.8842,2,32.9108,2,206.0,2,54.6,2,0.085,2,0.1,2
81.0,2,8.8704,2,32.9214,2,205.7,2,54.7,2,0.079,2,0.1,2
82.0,2,8.8553,2,32.9278,2,205.3,2,55.0,2,0.073,2,0.1,2
83.0,2,8.8366,2,32.937,2,204.8,2,55.4,2,0.08,2,0.1,2
84.0,2,8.834,2,32.9426,2,204.2,2,55.5,2,0.073,2,0.1,2
85.0,2,8.8321,2,32.9455,2,203.4,2,55.5,2,0.073,2,0.0,2
86.0,2,8.8307,2,32.952,2,202.6,2,55.4,2,0.073,2,0.0,2
87.0,2,8.8275,2,32.9588,2,201.4,2,55.3,2,0.078,2,0.0,2
88.0,2,8.815,2,32.9681,2,199.6,2,55.6,2,0.073,2,0.0,2
89.0,2,8.7957,2,32.9802,2,197.5,2,56.1,2,0.073,2,0.0,2
90.0,2,8.7673,2,33.0082,2,195.5,2,56.4,2,0.073,2,0.0,2
91.0,2,8.7314,2,33.0388,2,193.7,2,56.5,2,0.073,2,0.0,2
92.0,2,8.651,2,33.0788,2,191.7,2,56.8,2,0.066,2,0.0,2
93.0,2,8.556000000000001,2,33.1153,2,188.9,2,57.4,2,0.067,2,0.0,2
94.0,2,8.5301,2,33.15,2,185.0,2,57.4,2,0.067,2,0.0,2
95.0,2,8.5422,2,33.1974,2,180.6,2,57.4,2,0.061,2,0.0,2
96.0,2,8.5315,2,33.2193,2,178.3,2,57.2,2,0.061,2,0.0,2
97.0,2,8.527000000000001,2,33.2254,2,176.8,2,57.2,2,0.054000000000000006,2,0.0,2
98.0,2,8.4969,2,33.2576,2,175.8,2,57.3,2,0.055999999999999994,2,0.0,2
99.0,2,8.1442,2,33.33,2,176.0,2,59.5,2,0.055,2,0.0,2
100.0,2,8.0459,2,33.329,2,176.3,2,60.6,2,0.05,2,0.0,2
101.0,2,7.9781,2,33.3309,2,177.0,2,60.9,2,0.083,2,0.0,2
102.0,2,7.8597,2,33.3411,2,177.7,2,61.6,2,0.1,2,0.0,2
103.0,2,7.7081,2,33.351,2,178.3,2,62.5,2,0.09,2,0.0,2
104.0,2,7.6873,2,33.3574,2,178.1,2,62.8,2,0.10099999999999999,2,0.0,2
105.0,2,7.6751,2,33.3714,2,177.9,2,62.9,2,0.107,2,0.0,2
106.0,2,7.6786,2,33.382,2,177.6,2,63.0,2,0.08,2,0.0,2
107.0,2,7.6807,2,33.3847,2,177.2,2,63.1,2,0.08900000000000001,2,0.0,2
108.0,2,7.6823,2,33.3865,2,176.8,2,63.1,2,0.10300000000000001,2,0.0,2
109.0,2,7.6833,2,33.3886,2,176.2,2,63.1,2,0.102,2,0.0,2
110.0,2,7.6849,2,33.3922,2,175.5,2,63.1,2,0.11199999999999999,2,0.0,2
111.0,2,7.685,2,33.3954,2,174.5,2,63.0,2,0.095,2,0.0,2
112.0,2,7.669,2,33.4014,2,173.8,2,63.1,2,0.07400000000000001,2,0.0,2
113.0,2,7.6157,2,33.4467,2,173.4,2,63.3,2,0.061,2,0.0,2
114.0,2,7.6179,2,33.4827,2,173.1,2,63.5,2,0.055,2,0.0,2
115.0,2,7.5701,2,33.4928,2,173.1,2,63.5,2,0.033,2,0.0,2
116.0,2,7.5482,2,33.4913,2,173.3,2,63.5,2,0.038,2,0.0,2
117.0,2,7.525,2,33.4901,2,173.0,2,63.5,2,0.04,2,0.0,2
118.0,2,7.4994,2,33.4898,2,171.7,2,63.5,2,0.027000000000000003,2,0.0,2
119.0,2,7.5394,2,33.5106,2,168.7,2,63.6,2,0.024,2,0.0,2
120.0,2,7.5816,2,33.5277,2,165.4,2,63.6,2,0.024,2,0.0,2
121.0,2,7.6369,2,33.5637,2,162.1,2,63.5,2,0.027999999999999997,2,0.0,2
122.0,2,7.67,2,33.6063,2,158.5,2,63.6,2,0.024,2,0.0,2
123.0,2,7.6439,2,33.6502,2,154.8,2,63.6,2,0.024,2,0.0,2
124.0,2,7.6328,2,33.6798,2,150.9,2,63.7,2,0.024,2,0.0,2
125.0,2,7.6849,2,33.708,2,146.9,2,63.7,2,0.024,2,0.0,2
126.0,2,7.6934,2,33.7127,2,143.5,2,63.7,2,0.024,2,0.0,2
127.0,2,7.7006,2,33.7193,2,141.1,2,63.7,2,0.023,2,0.0,2
128.0,2,7.7053,2,33.7323,2,139.4,2,63.6,2,0.024,2,0.0,2
129.0,2,7.7052,2,33.734,2,138.2,2,63.6,2,0.018000000000000002,2,0.0,2
130.0,2,7.7057,2,33.7341,2,137.0,2,63.6,2,0.022000000000000002,2,0.0,2
131.0,2,7.7055,2,33.7353,2,135.9,2,63.5,2,0.024,2,0.0,2
132.0,2,7.7014,2,33.7381,2,134.9,2,63.5,2,0.024,2,0.0,2
133.0,2,7.6976,2,33.7423,2,133.7,2,63.5,2,0.023,2,0.0,2
134.0,2,7.6947,2,33.7464,2,132.0,2,63.5,2,0.023,2,0.0,2
135.0,2,7.6914,2,33.7507,2,130.1,2,63.5,2,0.021,2,0.0,2
136.0,2,7.6786,2,33.7686,2,128.5,2,63.4,2,0.022000000000000002,2,0.0,2
137.0,2,7.6465,2,33.7846,2,127.7,2,63.3,2,0.024,2,0.0,2
138.0,2,7.6199,2,33.7884,2,127.5,2,63.3,2,0.019,2,0.0,2
139.0,2,7.5999,2,33.7896,2,127.9,2,63.4,2,0.013999999999999999,2,0.0,2
140.0,2,7.5856,2,33.7882,2,128.7,2,63.4,2,0.02,2,0.0,2
141.0,2,7.5771,2,33.7874,2,129.6,2,63.5,2,0.023,2,0.0,2
142.0,2,7.5413,2,33.784,2,130.6,2,63.5,2,0.02,2,0.0,2
143.0,2,7.5124,2,33.7856,2,130.8,2,63.6,2,0.015,2,0.0,2
144.0,2,7.4695,2,33.7906,2,130.4,2,63.7,2,0.013999999999999999,2,0.0,2
145.0,2,7.4727,2,33.7949,2,129.5,2,63.7,2,0.017,2,0.0,2
146.0,2,7.4854,2,33.8029,2,128.1,2,63.6,2,0.017,2,0.0,2
147.0,2,7.4871,2,33.8057,2,126.0,2,63.5,2,0.02,2,0.0,2
148.0,2,7.4879999999999995,2,33.8078,2,123.6,2,63.5,2,0.025,2,0.0,2
149.0,2,7.5188,2,33.8189,2,121.3,2,63.4,2,0.035,2,0.0,2
150.0,2,7.5468,2,33.8337,2,119.0,2,63.3,2,0.019,2,0.0,2
151.0,2,7.5503,2,33.8347,2,117.2,2,63.3,2,0.026000000000000002,2,0.0,2
152.0,2,7.5626,2,33.8391,2,115.6,2,63.3,2,0.024,2,0.0,2
153.0,2,7.5637,2,33.8401,2,114.0,2,63.2,2,0.021,2,0.0,2
154.0,2,7.5655,2,33.8407,2,112.5,2,63.2,2,0.024,2,0.0,2
155.0,2,7.572,2,33.8427,2,111.1,2,63.2,2,0.034,2,0.0,2
156.0,2,7.5618,2,33.8512,2,109.9,2,63.1,2,0.032,2,0.0,2
157.0,2,7.5481,2,33.8604,2,108.9,2,63.1,2,0.038,2,0.0,2
158.0,2,7.5305,2,33.8699,2,107.7,2,63.0,2,0.038,2,0.0,2
159.0,2,7.5219,2,33.8727,2,106.4,2,63.0,2,0.027000000000000003,2,0.0,2
160.0,2,7.5115,2,33.8778,2,105.3,2,63.0,2,0.035,2,0.0,2
161.0,2,7.5015,2,33.8811,2,104.6,2,63.0,2,0.044000000000000004,2,0.0,2
162.0,2,7.499,2,33.8814,2,104.1,2,63.1,2,0.049,2,0.0,2
163.0,2,7.4983,2,33.8818,2,103.7,2,60.9,2,0.049,2,0.0,2
164.0,2,7.4916,2,33.8837,2,103.3,2,63.1,2,0.049,2,0.0,2
165.0,2,7.4787,2,33.885999999999996,2,102.9,2,63.1,2,0.04,2,0.0,2
166.0,2,7.4617,2,33.8889,2,102.6,2,63.1,2,0.037000000000000005,2,0.0,2
167.0,2,7.4415,2,33.8918,2,102.0,2,63.1,2,0.042,2,0.0,2
168.0,2,7.4267,2,33.8939,2,101.2,2,63.1,2,0.037000000000000005,2,0.0,2
169.0,2,7.4074,2,33.8972,2,100.3,2,63.2,2,0.028999999999999998,2,0.0,2
170.0,2,7.3809,2,33.9037,2,99.8,2,63.1,2,0.027999999999999997,2,0.0,2
171.0,2,7.3394,2,33.9103,2,99.4,2,63.2,2,0.033,2,0.0,2
172.0,2,7.3312,2,33.9103,2,99.0,2,63.2,2,0.037000000000000005,2,0.0,2
173.0,2,7.3167,2,33.9125,2,98.6,2,63.2,2,0.037000000000000005,2,0.0,2
174.0,2,7.3055,2,33.9141,2,98.2,2,63.2,2,0.031,2,0.0,2
175.0,2,7.3004,2,33.9142,2,97.7,2,63.2,2,0.045,2,0.0,2
176.0,2,7.3003,2,33.9142,2,97.1,2,63.2,2,0.057999999999999996,2,0.0,2
177.0,2,7.2946,2,33.9158,2,96.3,2,63.2,2,0.052000000000000005,2,0.0,2
178.0,2,7.2555,2,33.9228,2,95.5,2,63.3,2,0.047,2,0.0,2
179.0,2,7.2091,2,33.9286,2,94.7,2,63.3,2,0.037000000000000005,2,0.0,2
180.0,2,7.1636,2,33.9319,2,93.9,2,63.4,2,0.042,2,0.0,2
181.0,2,7.1389,2,33.9342,2,93.1,2,63.3,2,0.049,2,0.0,2
182.0,2,7.1155,2,33.9372,2,92.4,2,63.3,2,0.040999999999999995,2,0.0,2
183.0,2,7.098,2,33.9389,2,91.8,2,63.3,2,0.057,2,0.0,2
184.0,2,7.0901,2,33.94,2,91.1,2,63.3,2,0.06,2,0.0,2
185.0,2,7.0699,2,33.942,2,90.5,2,63.2,2,0.059000000000000004,2,0.0,2
186.0,2,7.0433,2,33.9444,2,89.8,2,63.3,2,0.042,2,0.0,2
187.0,2,7.0376,2,33.9445,2,89.1,2,63.2,2,0.044000000000000004,2,0.0,2
188.0,2,7.0291,2,33.9457,2,88.5,2,63.2,2,0.049,2,0.0,2
189.0,2,7.0202,2,33.9457,2,88.2,2,63.1,2,0.043,2,0.0,2
190.0,2,7.0093,2,33.9473,2,87.8,2,63.1,2,0.042,2,0.0,2
191.0,2,6.983,2,33.9503,2,87.7,2,63.1,2,0.055999999999999994,2,0.0,2
192.0,2,6.9527,2,33.9522,2,88.0,2,63.3,2,0.059000000000000004,2,0.0,2
193.0,2,6.9153,2,33.9518,2,88.4,2,63.4,2,0.062,2,0.0,2
194.0,2,6.8917,2,33.9501,2,88.7,2,63.6,2,0.068,2,0.0,2
195.0,2,6.8824,2,33.9493,2,88.9,2,63.7,2,0.059000000000000004,2,0.0,2
196.0,2,6.8778,2,33.9489,2,88.9,2,63.7,2,0.057999999999999996,2,0.0,2
197.0,2,6.8724,2,33.9494,2,88.6,2,63.7,2,0.052000000000000005,2,0.0,2
198.0,2,6.8657,2,33.9504,2,88.0,2,63.7,2,0.044000000000000004,2,0.0,2
199.0,2,6.8515,2,33.9534,2,87.1,2,63.7,2,0.032,2,0.0,2
200.0,2,6.8373,2,33.9567,2,86.2,2,63.7,2,0.03,2,0.0,2
201.0,2,6.8213,2,33.9598,2,85.2,2,63.6,2,0.024,2,0.0,2
202.0,2,6.7895,2,33.9642,2,84.3,2,63.5,2,0.034,2,0.0,2
203.0,2,6.7794,2,33.9647,2,83.0,2,63.5,2,0.027999999999999997,2,0.0,2
204.0,2,6.7572,2,33.9682,2,81.6,2,63.5,2,0.03,2,0.0,2
205.0,2,6.7157,2,33.9725,2,80.4,2,63.5,2,0.036000000000000004,2,0.0,2
206.0,2,6.692,2,33.9744,2,79.5,2,63.5,2,0.027000000000000003,2,0.0,2
207.0,2,6.6756,2,33.9769,2,78.5,2,63.5,2,0.037000000000000005,2,0.0,2
208.0,2,6.6665,2,33.9777,2,77.5,2,63.0,2,0.024,2,0.0,2
209.0,2,6.6566,2,33.98,2,76.7,2,63.3,2,0.024,2,0.0,2
210.0,2,6.6468,2,33.9811,2,76.1,2,63.3,2,0.024,2,0.0,2
211.0,2,6.6303,2,33.9822,2,75.8,2,63.3,2,0.024,2,0.0,2
212.0,2,6.6261,2,33.982,2,75.5,2,63.3,2,0.024,2,0.0,2
213.0,2,6.6251,2,33.982,2,75.2,2,63.3,2,0.038,2,0.0,2
214.0,2,6.622999999999999,2,33.9819,2,74.9,2,63.3,2,0.049,2,0.0,2
215.0,2,6.6224,2,33.9822,2,74.7,2,63.3,2,0.038,2,0.0,2
216.0,2,6.6222,2,33.9823,2,74.4,2,63.3,2,0.028999999999999998,2,0.0,2
217.0,2,6.6195,2,33.9827,2,74.4,2,63.3,2,0.024,2,0.0,2
218.0,2,6.6158,2,33.983000000000004,2,74.2,2,63.3,2,0.024,2,0.0,2
219.0,2,6.6124,2,33.9833,2,74.1,2,63.3,2,0.024,2,0.0,2
220.0,2,6.6092,2,33.9835,2,73.8,2,63.3,2,0.040999999999999995,2,0.0,2
221.0,2,6.5992,2,33.9847,2,73.6,2,63.3,2,0.049,2,0.0,2
222.0,2,6.5923,2,33.9849,2,73.4,2,63.3,2,0.040999999999999995,2,0.0,2
223.0,2,6.5912,2,33.9848,2,73.2,2,63.3,2,0.036000000000000004,2,0.0,2
224.0,2,6.5905,2,33.9849,2,73.0,2,63.3,2,0.024,2,0.0,2
225.0,2,6.5755,2,33.9865,2,72.8,2,63.3,2,0.024,2,0.0,2
226.0,2,6.5593,2,33.9873,2,72.7,2,63.3,2,0.024,2,0.0,2
227.0,2,6.5595,2,33.9871,2,72.5,2,63.3,2,0.024,2,0.0,2
228.0,2,6.5597,2,33.9869,2,72.4,2,63.3,2,0.025,2,0.0,2
229.0,2,6.5574,2,33.9874,2,72.2,2,63.3,2,0.024,2,0.0,2
230.0,2,6.553,2,33.9877,2,72.1,2,63.3,2,0.027000000000000003,2,0.0,2
231.0,2,6.5476,2,33.988,2,72.0,2,63.3,2,0.024,2,0.0,2
232.0,2,6.5457,2,33.9881,2,71.8,2,63.3,2,0.024,2,0.0,2
233.0,2,6.5435,2,33.9883,2,71.7,2,63.3,2,0.024,2,0.0,2
234.0,2,6.5395,2,33.9884,2,71.5,2,63.3,2,0.024,2,0.0,2
235.0,2,6.5394,2,33.9882,2,71.4,2,63.3,2,0.024,2,0.0,2
236.0,2,6.5382,2,33.9884,2,71.3,2,63.3,2,0.024,2,0.0,2
237.0,2,6.5383,2,33.9885,2,71.3,2,63.3,2,0.025,2,0.0,2
238.0,2,6.5349,2,33.9891,2,71.2,2,63.3,2,0.033,2,0.0,2
239.0,2,6.5331,2,33.9892,2,71.1,2,63.3,2,0.024,2,0.0,2
240.0,2,6.5287,2,33.9895,2,70.9,2,63.3,2,0.024,2,0.0,2
240.9,2,6.5267,2,33.9898,2,70.8,2,63.3,2,0.028999999999999998,2,0.0,2
242.1,2,6.5099,2,33.9916,2,70.3,2,63.3,2,0.037000000000000005,2,0.0,2
243.0,2,6.4997,2,33.9914,2,70.1,2,63.4,2,0.027000000000000003,2,0.0,2
244.0,2,6.494,2,33.9921,2,69.9,2,63.4,2,0.024,2,0.0,2
245.0,2,6.4836,2,33.9931,2,69.8,2,63.4,2,0.024,2,0.0,2
246.0,2,6.4765,2,33.9931,2,69.5,2,63.4,2,0.024,2,0.0,2
247.0,2,6.4724,2,33.9933,2,69.4,2,63.4,2,0.024,2,0.0,2
248.0,2,6.4702,2,33.9933,2,69.1,2,63.4,2,0.024,2,0.0,2
249.0,2,6.4641,2,33.9938,2,68.9,2,63.4,2,0.024,2,0.0,2
250.0,2,6.4547,2,33.9945,2,68.6,2,63.4,2,0.024,2,0.0,2
251.0,2,6.4487,2,33.9946,2,68.4,2,63.5,2,0.024,2,0.0,2
252.0,2,6.4393,2,33.9951,2,68.3,2,63.5,2,0.024,2,0.0,2
253.0,2,6.4311,2,33.9952,2,68.1,2,63.5,2,0.024,2,0.0,2
254.0,2,6.4198,2,33.9953,2,68.0,2,63.4,2,0.024,2,0.0,2
255.0,2,6.4139,2,33.9954,2,67.7,2,63.5,2,0.022000000000000002,2,0.0,2
256.0,2,6.4047,2,33.9961,2,67.5,2,63.4,2,0.024,2,0.0,2
257.0,2,6.3995,2,33.9964,2,67.3,2,63.5,2,0.024,2,0.0,2
258.0,2,6.3952,2,33.9965,2,67.1,2,63.5,2,0.024,2,0.0,2
259.0,2,6.3905,2,33.9968,2,67.1,2,63.5,2,0.024,2,0.0,2
260.0,2,6.3874,2,33.9969,2,67.0,2,63.5,2,0.024,2,0.0,2
261.0,2,6.3863,2,33.9969,2,67.0,2,63.5,2,0.024,2,0.0,2
262.0,2,6.3854,2,33.997,2,66.8,2,63.5,2,0.024,2,0.0,2
263.0,2,6.3846,2,33.9969,2,66.7,2,63.5,2,0.024,2,0.0,2
264.0,2,6.3835,2,33.997,2,66.7,2,63.5,2,0.024,2,0.0,2
265.0,2,6.3822,2,33.9973,2,66.6,2,63.5,2,0.024,2,0.0,2
266.0,2,6.3811,2,33.9973,2,66.4,2,63.5,2,0.037000000000000005,2,0.0,2
267.0,2,6.3793,2,33.9976,2,66.3,2,63.5,2,0.037000000000000005,2,0.0,2
268.0,2,6.377000000000001,2,33.9977,2,66.3,2,63.5,2,0.027999999999999997,2,0.0,2
269.0,2,6.3745,2,33.998000000000005,2,66.3,2,63.5,2,0.024,2,0.0,2
270.0,2,6.3727,2,33.9981,2,66.1,2,63.5,2,0.024,2,0.0,2
271.0,2,6.3683,2,33.9985,2,66.1,2,63.5,2,0.024,2,0.0,2
272.0,2,6.3660000000000005,2,33.9985,2,66.1,2,63.5,2,0.024,2,0.0,2
273.0,2,6.3662,2,33.9984,2,66.0,2,63.5,2,0.024,2,0.0,2
274.0,2,6.3665,2,33.9984,2,65.8,2,63.5,2,0.024,2,0.0,2
275.0,2,6.3641,2,33.9988,2,65.7,2,63.5,2,0.046,2,0.0,2
276.0,2,6.3604,2,33.9991,2,65.5,2,63.5,2,0.051,2,0.0,2
277.0,2,6.3473,2,34.0002,2,65.4,2,63.5,2,0.053,2,0.0,2
278.0,2,6.347,2,33.9992,2,65.2,2,63.5,2,0.053,2,0.0,2
279.0,2,6.3462,2,33.9995,2,65.2,2,63.5,2,0.049,2,0.0,2
280.0,2,6.3379,2,34.0003,2,64.9,2,63.5,2,0.057,2,0.0,2
281.0,2,6.3207,2,34.0011,2,64.7,2,63.5,2,0.049,2,0.0,2
282.0,2,6.312,2,34.001,2,64.4,2,63.5,2,0.048,2,0.0,2
283.0,2,6.3024,2,34.001999999999995,2,64.2,2,63.5,2,0.055999999999999994,2,0.0,2
284.0,2,6.2852,2,34.0029,2,64.0,2,63.5,2,0.049,2,0.0,2
285.0,2,6.2789,2,34.0022,2,63.8,2,63.5,2,0.047,2,0.0,2
285.8,2,6.2726,2,34.0028,2,63.7,2,63.5,2,0.038,2,0.0,2
287.4,2,6.2548,2,34.0043,2,63.1,2,63.6,2,0.049,2,0.0,2
288.0,2,6.2492,2,34.0038,2,63.0,2,63.6,2,0.040999999999999995,2,0.0,2
289.0,2,6.2476,2,34.0035,2,62.8,2,63.6,2,0.037000000000000005,2,0.0,2
290.0,2,6.2477,2,34.0037,2,62.7,2,63.6,2,0.039,2,0.0,2
291.0,2,6.2465,2,34.0036,2,62.7,2,63.6,2,0.039,2,0.0,2
292.0,2,6.2471,2,34.0036,2,62.6,2,63.6,2,0.037000000000000005,2,0.0,2
293.0,2,6.2462,2,34.0038,2,62.5,2,63.6,2,0.037000000000000005,2,0.0,2
294.0,2,6.2455,2,34.0039,2,62.4,2,63.6,2,0.048,2,0.0,2
295.0,2,6.2395,2,34.0041,2,62.3,2,63.6,2,0.04,2,0.0,2
296.0,2,6.2359,2,34.0044,2,62.3,2,63.6,2,0.027999999999999997,2,0.0,2
297.0,2,6.2362,2,34.0047,2,62.1,2,63.5,2,0.032,2,0.0,2
298.0,2,6.2325,2,34.0048,2,62.0,2,63.6,2,0.028999999999999998,2,0.0,2
299.0,2,6.2265,2,34.0055,2,61.8,2,63.5,2,0.024,2,0.0,2
300.0,2,6.2196,2,34.006,2,61.6,2,63.2,2,0.034,2,0.0,2
301.0,2,6.2136,2,34.0064,2,61.4,2,63.5,2,0.043,2,0.0,2
302.0,2,6.2062,2,34.0071,2,61.2,2,63.5,2,0.032,2,0.0,2
303.0,2,6.2003,2,34.0072,2,61.1,2,63.6,2,0.024,2,0.0,2
304.0,2,6.1992,2,34.0071,2,61.0,2,63.6,2,0.024,2,0.0,2
305.0,2,6.1998,2,34.0074,2,60.9,2,63.6,2,0.034,2,0.0,2
306.0,2,6.1945,2,34.0076,2,60.8,2,63.6,2,0.024,2,0.0,2
307.0,2,6.1919,2,34.0077,2,60.7,2,62.4,2,0.024,2,0.0,2
308.0,2,6.1899,2,34.0077,2,60.6,2,63.3,2,0.027999999999999997,2,0.0,2
309.0,2,6.1887,2,34.0078,2,60.6,2,63.6,2,0.033,2,0.0,2
310.0,2,6.1855,2,34.0078,2,60.5,2,63.5,2,0.037000000000000005,2,0.0,2
311.0,2,6.1813,2,34.0082,2,60.4,2,63.5,2,0.035,2,0.0,2
311.8,2,6.1799,2,34.0082,2,60.4,2,63.5,2,0.057,2,0.0,2
313.0,2,6.1758,2,34.0091,2,60.0,2,63.5,2,0.036000000000000004,2,0.0,2
314.0,2,6.1736,2,34.0094,2,59.7,2,63.6,2,0.038,2,0.0,2
315.0,2,6.1666,2,34.01,2,59.7,2,63.6,2,0.03,2,0.0,2
316.0,2,6.1651,2,34.0101,2,59.6,2,63.6,2,0.024,2,0.0,2
317.0,2,6.1651,2,34.0098,2,59.6,2,63.6,2,0.024,2,0.0,2
318.0,2,6.1624,2,34.0099,2,59.5,2,63.6,2,0.024,2,0.0,2
319.0,2,6.1605,2,34.0096,2,59.5,2,63.5,2,0.032,2,0.0,2
320.0,2,6.159,2,34.0098,2,59.5,2,63.5,2,0.037000000000000005,2,0.0,2
321.0,2,6.1568,2,34.0101,2,59.4,2,63.5,2,0.037000000000000005,2,0.0,2
322.0,2,6.1557,2,34.01,2,59.4,2,63.5,2,0.037000000000000005,2,0.0,2
323.0,2,6.1529,2,34.0099,2,59.2,2,63.5,2,0.037000000000000005,2,0.0,2
324.0,2,6.1463,2,34.0109,2,59.0,2,63.5,2,0.042,2,0.0,2
325.0,2,6.1338,2,34.0123,2,58.6,2,63.5,2,0.039,2,0.0,2
326.0,2,6.1281,2,34.0124,2,58.4,2,63.6,2,0.028999999999999998,2,0.0,2
327.0,2,6.1248,2,34.0126,2,58.2,2,63.6,2,0.037000000000000005,2,0.0,2
328.0,2,6.1166,2,34.0131,2,57.9,2,63.6,2,0.026000000000000002,2,0.0,2
329.0,2,6.1112,2,34.0134,2,57.7,2,63.6,2,0.028999999999999998,2,0.0,2
330.0,2,6.0875,2,34.0149,2,57.5,2,63.5,2,0.024,2,0.0,2
331.0,2,6.0783,2,34.015,2,57.2,2,63.5,2,0.024,2,0.0,2
332.0,2,6.0594,2,34.0154,2,57.0,2,63.5,2,0.024,2,0.0,2
333.0,2,6.0529,2,34.0155,2,56.7,2,63.5,2,0.024,2,0.0,2
334.0,2,6.0432,2,34.016,2,56.5,2,63.5,2,0.024,2,0.0,2
335.0,2,6.0352,2,34.0165,2,56.2,2,63.5,2,0.036000000000000004,2,0.0,2
336.0,2,6.0172,2,34.0171,2,56.0,2,63.5,2,0.049,2,0.0,2
337.0,2,6.0120000000000005,2,34.0166,2,55.7,2,63.5,2,0.048,2,0.0,2
338.0,2,5.997000000000001,2,34.0178,2,55.3,2,63.5,2,0.046,2,0.0,2
339.0,2,5.9692,2,34.019,2,55.0,2,63.5,2,0.040999999999999995,2,0.0,2
340.0,2,5.9471,2,34.0192,2,54.7,2,63.5,2,0.037000000000000005,2,0.0,2
341.0,2,5.9368,2,34.0192,2,54.4,2,63.6,2,0.027999999999999997,2,0.0,2
342.0,2,5.9277,2,34.0194,2,54.0,2,63.5,2,0.024,2,0.0,2
343.0,2,5.9134,2,34.0204,2,53.7,2,63.5,2,0.024,2,0.0,2
344.0,2,5.8847,2,34.0219,2,53.5,2,63.5,2,0.024,2,0.0,2
345.0,2,5.8739,2,34.0213,2,53.3,2,63.4,2,0.024,2,0.0,2
346.0,2,5.8662,2,34.0215,2,53.0,2,63.4,2,0.024,2,0.0,2
347.0,2,5.86,2,34.0215,2,52.9,2,63.4,2,0.024,2,0.0,2
348.0,2,5.8533,2,34.022,2,52.7,2,63.4,2,0.024,2,0.0,2
349.0,2,5.8338,2,34.0229,2,52.5,2,63.3,2,0.024,2,0.0,2
350.0,2,5.8161,2,34.0224,2,52.3,2,63.3,2,0.024,2,0.0,2
351.0,2,5.8123,2,34.0221,2,52.2,2,63.3,2,0.024,2,0.0,2
352.0,2,5.8113,2,34.022,2,52.1,2,63.2,2,0.024,2,0.0,2
353.0,2,5.8051,2,34.0228,2,52.1,2,63.2,2,0.024,2,0.0,2
354.0,2,5.7902,2,34.0232,2,52.0,2,63.1,2,0.024,2,0.0,2
355.0,2,5.7805,2,34.0232,2,51.9,2,63.1,2,0.024,2,0.0,2
356.0,2,5.7732,2,34.0228,2,51.9,2,63.1,2,0.024,2,0.0,2
356.9,2,5.7663,2,34.0226,2,51.8,2,63.0,2,0.024,2,0.0,2
358.2,2,5.7499,2,34.023,2,51.6,2,62.9,2,0.024,2,0.0,2
359.0,2,5.7483,2,34.0227,2,51.5,2,62.9,2,0.024,2,0.0,2
360.0,2,5.7458,2,34.0228,2,51.4,2,62.8,2,0.024,2,0.0,2
361.0,2,5.7352,2,34.0235,2,51.4,2,62.9,2,0.024,2,0.0,2
362.1,2,5.7243,2,34.0235,2,51.3,2,62.7,2,0.02,2,0.0,2
363.0,2,5.7221,2,34.0233,2,51.1,2,62.8,2,0.024,2,0.0,2
363.9,2,5.7198,2,34.0235,2,51.1,2,62.7,2,0.024,2,0.0,2
365.2,2,5.7171,2,34.0239,2,51.0,2,62.8,2,0.024,2,0.0,2
366.0,2,5.7135,2,34.0242,2,50.8,2,62.9,2,0.024,2,0.0,2
367.0,2,5.7097,2,34.0242,2,50.8,2,62.8,2,0.024,2,0.0,2
368.0,2,5.7170000000000005,2,34.0236,2,50.7,2,62.8,2,0.024,2,0.0,2
369.0,2,5.7164,2,34.0242,2,50.6,2,62.8,2,0.024,2,0.0,2
370.0,2,5.711,2,34.025,2,50.6,2,62.9,2,0.024,2,0.0,2
371.0,2,5.7102,2,34.025,2,50.5,2,62.9,2,0.024,2,0.0,2
372.0,2,5.707000000000001,2,34.0251,2,50.4,2,62.9,2,0.024,2,0.0,2
373.0,2,5.7065,2,34.0252,2,50.3,2,62.9,2,0.024,2,0.0,2
374.0,2,5.7012,2,34.0256,2,50.3,2,62.9,2,0.023,2,0.0,2
375.0,2,5.7003,2,34.0256,2,50.2,2,62.8,2,0.024,2,0.0,2
376.0,2,5.6993,2,34.0257,2,50.2,2,62.9,2,0.024,2,0.0,2
377.0,2,5.6986,2,34.0258,2,50.1,2,62.9,2,0.024,2,0.0,2
378.0,2,5.6979,2,34.0259,2,50.0,2,62.9,2,0.024,2,0.0,2
379.0,2,5.695,2,34.0259,2,50.0,2,62.9,2,0.023,2,0.0,2
380.0,2,5.6954,2,34.0258,2,50.0,2,62.9,2,0.022000000000000002,2,0.0,2
381.0,2,5.6916,2,34.0261,2,49.9,2,62.9,2,0.024,2,0.0,2
381.9,2,5.6886,2,34.0262,2,49.8,2,62.9,2,0.024,2,0.0,2
383.0,2,5.6877,2,34.0263,2,49.7,2,63.0,2,0.024,2,0.0,2
384.0,2,5.6843,2,34.0264,2,49.7,2,62.9,2,0.024,2,0.0,2
385.0,2,5.6839,2,34.0265,2,49.6,2,63.0,2,0.024,2,0.0,2
386.0,2,5.6821,2,34.0267,2,49.7,2,62.9,2,0.024,2,0.0,2
386.9,2,5.6787,2,34.0271,2,49.6,2,62.9,2,0.024,2,0.0,2
388.0,2,5.6703,2,34.0269,2,49.5,2,62.9,2,0.024,2,0.0,2
389.0,2,5.6693,2,34.0274,2,49.4,2,62.9,2,0.024,2,0.0,2
390.0,2,5.6623,2,34.0275,2,49.4,2,62.9,2,0.024,2,0.0,2
391.0,2,5.6602,2,34.0275,2,49.3,2,62.9,2,0.024,2,0.0,2
392.0,2,5.6585,2,34.0274,2,49.3,2,62.9,2,0.024,2,0.0,2
393.0,2,5.6574,2,34.0276,2,49.2,2,62.9,2,0.024,2,0.0,2
394.0,2,5.6528,2,34.028,2,49.1,2,63.0,2,0.024,2,0.0,2
395.0,2,5.6511,2,34.0279,2,49.0,2,63.0,2,0.024,2,0.0,2
396.0,2,5.6477,2,34.0283,2,49.0,2,63.0,2,0.024,2,0.0,2
396.9,2,5.6353,2,34.0294,2,48.9,2,62.9,2,0.024,2,0.0,2
398.0,2,5.6221,2,34.0296,2,48.4,2,62.9,2,0.024,2,0.0,2
399.0,2,5.6046,2,34.031,2,48.1,2,62.9,2,0.024,2,0.0,2
400.0,2,5.5891,2,34.0313,2,48.0,2,62.9,2,0.024,2,0.0,2
401.0,2,5.5753,2,34.0321,2,47.8,2,62.7,2,0.024,2,0.0,2
402.0,2,5.5614,2,34.0326,2,47.6,2,62.8,2,0.024,2,0.0,2
403.0,2,5.547999999999999,2,34.0334,2,47.3,2,62.9,2,0.022000000000000002,2,0.0,2
404.0,2,5.542999999999999,2,34.0332,2,47.0,2,62.9,2,0.023,2,0.0,2
405.0,2,5.5287,2,34.0348,2,46.6,2,62.9,2,0.024,2,0.0,2
406.0,2,5.5129,2,34.0359,2,46.3,2,62.9,2,0.024,2,0.0,2
407.0,2,5.5077,2,34.0362,2,46.2,2,62.9,2,0.024,2,0.0,2
408.0,2,5.5003,2,34.0366,2,45.9,2,62.9,2,0.024,2,0.0,2
408.9,2,5.5003,2,34.0363,2,45.6,2,62.8,2,0.024,2,0.0,2
410.0,2,5.4875,2,34.038000000000004,2,45.3,2,62.8,2,0.024,2,0.0,2
411.0,2,5.4825,2,34.0379,2,45.1,2,62.8,2,0.024,2,0.0,2
412.0,2,5.4741,2,34.0394,2,44.9,2,62.9,2,0.024,2,0.0,2
413.0,2,5.4551,2,34.0403,2,44.7,2,62.8,2,0.024,2,0.0,2
414.0,2,5.4442,2,34.0408,2,44.5,2,62.7,2,0.024,2,0.0,2
415.0,2,5.4325,2,34.0419,2,44.3,2,62.7,2,0.024,2,0.0,2
416.1,2,5.4189,2,34.0429,2,44.2,2,62.8,2,0.024,2,0.0,2
417.2,2,5.407,2,34.0448,2,43.6,2,62.7,2,0.024,2,0.0,2
418.0,2,5.3858,2,34.046,2,43.2,2,62.5,2,0.024,2,0.0,2
419.0,2,5.3761,2,34.0459,2,43.0,2,62.5,2,0.024,2,0.0,2
420.0,2,5.3728,2,34.0461,2,42.8,2,62.5,2,0.024,2,0.0,2
421.0,2,5.3673,2,34.0464,2,42.5,2,62.5,2,0.024,2,0.0,2
422.0,2,5.3597,2,34.0474,2,42.1,2,62.4,2,0.024,2,0.0,2
423.0,2,5.3368,2,34.0506,2,41.6,2,62.6,2,0.024,2,0.0,2
424.0,2,5.3148,2,34.0527,2,41.3,2,62.6,2,0.024,2,0.0,2
425.0,2,5.3044,2,34.0531,2,41.0,2,62.6,2,0.024,2,0.0,2
426.0,2,5.2959,2,34.0535,2,40.7,2,62.5,2,0.024,2,0.0,2
427.0,2,5.2866,2,34.0542,2,40.6,2,62.5,2,0.024,2,0.0,2
428.0,2,5.2814,2,34.0543,2,40.3,2,62.5,2,0.024,2,0.0,2
429.0,2,5.2785,2,34.0547,2,40.0,2,62.4,2,0.024,2,0.0,2
430.0,2,5.2758,2,34.055,2,40.0,2,62.3,2,0.024,2,0.0,2
431.0,2,5.2741,2,34.0551,2,39.8,2,62.4,2,0.024,2,0.0,2
432.0,2,5.2681,2,34.056,2,39.7,2,62.3,2,0.024,2,0.0,2
433.0,2,5.2619,2,34.0564,2,39.6,2,62.3,2,0.024,2,0.0,2
434.0,2,5.26,2,34.0564,2,39.4,2,62.3,2,0.024,2,0.0,2
435.0,2,5.2569,2,34.056999999999995,2,39.3,2,62.3,2,0.024,2,0.0,2
436.0,2,5.2456,2,34.0583,2,39.1,2,62.2,2,0.024,2,0.0,2
437.0,2,5.2398,2,34.0585,2,38.9,2,62.2,2,0.024,2,0.0,2
438.0,2,5.2239,2,34.0603,2,38.7,2,62.2,2,0.024,2,0.0,2
439.0,2,5.2153,2,34.0606,2,38.4,2,62.3,2,0.024,2,0.0,2
440.0,2,5.2127,2,34.0609,2,38.3,2,62.3,2,0.024,2,0.0,2
441.0,2,5.2104,2,34.061,2,38.3,2,62.3,2,0.024,2,0.0,2
442.0,2,5.2082,2,34.0614,2,38.1,2,62.3,2,0.024,2,0.0,2
443.0,2,5.2073,2,34.0614,2,38.0,2,62.3,2,0.024,2,0.0,2
444.0,2,5.2061,2,34.0614,2,37.9,2,62.3,2,0.024,2,0.0,2
445.0,2,5.205,2,34.0618,2,37.8,2,62.4,2,0.023,2,0.0,2
446.0,2,5.2005,2,34.0624,2,37.7,2,62.3,2,0.024,2,0.0,2
447.0,2,5.1965,2,34.063,2,37.6,2,62.3,2,0.024,2,0.0,2
448.0,2,5.1935,2,34.0629,2,37.6,2,62.4,2,0.024,2,0.0,2
449.0,2,5.1931,2,34.0629,2,37.5,2,62.4,2,0.024,2,0.0,2
450.0,2,5.1898,2,34.0633,2,37.4,2,62.3,2,0.024,2,0.0,2
451.0,2,5.189,2,34.0633,2,37.3,2,62.3,2,0.024,2,0.0,2
452.0,2,5.1868,2,34.0638,2,37.2,2,62.3,2,0.024,2,0.0,2
453.0,2,5.1819,2,34.0643,2,37.0,2,62.3,2,0.024,2,0.0,2
454.0,2,5.172000000000001,2,34.0659,2,36.7,2,62.6,2,0.024,2,0.0,2
455.0,2,5.1648,2,34.067,2,36.6,2,63.0,2,0.024,2,0.0,2
456.0,2,5.1614,2,34.0674,2,36.4,2,63.0,2,0.024,2,0.0,2
457.0,2,5.1517,2,34.0686,2,36.3,2,63.0,2,0.024,2,0.0,2
458.0,2,5.1443,2,34.0688,2,35.9,2,62.9,2,0.024,2,0.0,2
459.0,2,5.1352,2,34.0702,2,35.6,2,62.8,2,0.024,2,0.0,2
460.0,2,5.1278,2,34.0721,2,35.3,2,63.1,2,0.024,2,0.0,2
461.0,2,5.1133,2,34.0742,2,35.1,2,63.1,2,0.024,2,0.0,2
462.0,2,5.1045,2,34.0751,2,34.9,2,63.2,2,0.024,2,0.0,2
462.9,2,5.0969,2,34.0754,2,34.7,2,63.1,2,0.024,2,0.0,2
464.2,2,5.082,2,34.0764,2,34.4,2,63.1,2,0.024,2,0.0,2
465.0,2,5.0817,2,34.0761,2,34.2,2,63.1,2,0.024,2,0.0,2
466.0,2,5.0817,2,34.0761,2,34.0,2,63.1,2,0.024,2,0.0,2
467.0,2,5.0811,2,34.0764,2,33.9,2,63.1,2,0.024,2,0.0,2
468.0,2,5.0792,2,34.0769,2,33.8,2,63.1,2,0.024,2,0.0,2
469.0,2,5.0789,2,34.0769,2,33.7,2,63.1,2,0.024,2,0.0,2
470.0,2,5.0773,2,34.0772,2,33.6,2,63.1,2,0.024,2,0.0,2
471.0,2,5.0747,2,34.0777,2,33.5,2,63.2,2,0.024,2,0.0,2
472.0,2,5.0672,2,34.0788,2,33.5,2,63.2,2,0.024,2,0.0,2
473.0,2,5.0639,2,34.0791,2,33.4,2,63.1,2,0.024,2,0.0,2
474.0,2,5.0605,2,34.0795,2,33.3,2,63.1,2,0.024,2,0.0,2
475.0,2,5.0561,2,34.0796,2,33.3,2,63.1,2,0.024,2,0.0,2
476.1,2,5.0518,2,34.0802,2,33.0,2,63.2,2,0.024,2,0.0,2
477.0,2,5.047,2,34.0807,2,32.9,2,63.2,2,0.024,2,0.0,2
478.0,2,5.0454,2,34.0808,2,32.8,2,63.2,2,0.024,2,0.0,2
479.0,2,5.0445,2,34.0808,2,32.7,2,63.2,2,0.024,2,0.0,2
480.0,2,5.041,2,34.0814,2,32.7,2,63.2,2,0.024,2,0.0,2
481.0,2,5.0394,2,34.0814,2,32.6,2,63.2,2,0.024,2,0.0,2
482.0,2,5.037,2,34.0816,2,32.6,2,63.2,2,0.024,2,0.0,2
483.0,2,5.0344,2,34.0819,2,32.3,2,63.2,2,0.024,2,0.0,2
484.0,2,5.0307,2,34.0819,2,32.4,2,63.2,2,0.024,2,0.0,2
484.9,2,5.0261,2,34.0826,2,32.2,2,63.3,2,0.024,2,0.0,2
486.0,2,5.0189,2,34.0833,2,32.0,2,63.3,2,0.024,2,0.0,2
487.0,2,5.0146,2,34.0835,2,32.0,2,63.3,2,0.024,2,0.0,2
488.0,2,5.012,2,34.0839,2,31.9,2,63.3,2,0.024,2,0.0,2
489.0,2,5.0086,2,34.0846,2,31.7,2,63.3,2,0.024,2,0.0,2
490.0,2,5.0065,2,34.0848,2,31.6,2,63.3,2,0.024,2,0.0,2
491.0,2,5.0038,2,34.0852,2,31.4,2,63.3,2,0.024,2,0.0,2
492.0,2,4.9969,2,34.0864,2,31.3,2,63.3,2,0.024,2,0.0,2
493.0,2,4.9839,2,34.0884,2,31.1,2,63.3,2,0.024,2,0.0,2
494.0,2,4.9748,2,34.0892,2,31.0,2,63.3,2,0.024,2,0.0,2
495.0,2,4.9688,2,34.0897,2,30.8,2,63.3,2,0.024,2,0.0,2
496.0,2,4.9678,2,34.0899,2,30.6,2,63.3,2,0.024,2,0.0,2
497.0,2,4.9615,2,34.0911,2,30.4,2,63.2,2,0.024,2,0.0,2
498.0,2,4.956,2,34.0917,2,30.3,2,63.2,2,0.024,2,0.0,2
499.0,2,4.9549,2,34.0917,2,30.3,2,63.3,2,0.024,2,0.0,2
500.0,2,4.953,2,34.0921,2,30.1,2,63.3,2,0.024,2,0.0,2
501.0,2,4.9506,2,34.0923,2,30.1,2,63.2,2,0.024,2,0.0,2
502.0,2,4.9477,2,34.0928,2,30.1,2,63.2,2,0.024,2,0.0,2
503.0,2,4.9462,2,34.093,2,29.9,2,63.2,2,0.024,2,0.0,2
504.0,2,4.9427,2,34.0936,2,29.8,2,63.2,2,0.024,2,0.0,2
505.0,2,4.9401,2,34.0939,2,29.6,2,63.2,2,0.024,2,0.0,2
506.0,2,4.9381,2,34.0944,2,29.6,2,63.2,2,0.024,2,0.0,2
507.0,2,4.9337,2,34.0952,2,29.6,2,63.2,2,0.024,2,0.0,2
508.0,2,4.9304,2,34.0955,2,29.3,2,63.2,2,0.024,2,0.0,2
509.0,2,4.9292,2,34.0957,2,29.3,2,63.2,2,0.024,2,0.0,2
510.0,2,4.9262,2,34.0964,2,29.2,2,63.2,2,0.024,2,0.0,2
511.0,2,4.9224,2,34.0973,2,29.1,2,63.2,2,0.024,2,0.0,2
512.0,2,4.9185,2,34.0982,2,29.0,2,63.1,2,0.024,2,0.0,2
513.0,2,4.9166,2,34.0985,2,29.0,2,63.1,2,0.024,2,0.0,2
514.0,2,4.9159,2,34.0985,2,28.9,2,63.1,2,0.024,2,0.0,2
515.0,2,4.9157,2,34.0984,2,28.8,2,63.1,2,0.024,2,0.0,2
516.0,2,4.9149,2,34.0987,2,28.7,2,63.1,2,0.024,2,0.0,2
517.0,2,4.9079,2,34.1004,2,28.6,2,63.1,2,0.024,2,0.0,2
518.0,2,4.9014,2,34.1019,2,28.4,2,62.9,2,0.024,2,0.0,2
519.0,2,4.9007,2,34.1019,2,28.3,2,63.0,2,0.024,2,0.0,2
520.0,2,4.898,2,34.1024,2,28.2,2,62.9,2,0.024,2,0.0,2
521.0,2,4.8962,2,34.1025,2,28.0,2,62.9,2,0.024,2,0.0,2
522.0,2,4.8868,2,34.1045,2,27.9,2,62.9,2,0.024,2,0.0,2
523.0,2,4.8722,2,34.1066,2,27.8,2,62.9,2,0.024,2,0.0,2
524.0,2,4.8686,2,34.1066,2,27.6,2,62.9,2,0.024,2,0.0,2
525.0,2,4.8636,2,34.1075,2,27.5,2,62.9,2,0.024,2,0.0,2
526.0,2,4.8621,2,34.1079,2,27.4,2,62.9,2,0.024,2,0.0,2
527.0,2,4.8605,2,34.1081,2,27.3,2,62.9,2,0.024,2,0.0,2
528.0,2,4.8595,2,34.1082,2,27.2,2,62.8,2,0.024,2,0.0,2
529.0,2,4.859,2,34.1084,2,27.1,2,62.9,2,0.024,2,0.0,2
530.0,2,4.8583,2,34.1084,2,27.1,2,62.9,2,0.024,2,0.0,2
531.0,2,4.8588,2,34.1083,2,27.0,2,62.9,2,0.024,2,0.0,2
532.0,2,4.8587,2,34.1084,2,27.0,2,62.9,2,0.024,2,0.0,2
533.0,2,4.8586,2,34.1084,2,26.9,2,62.9,2,0.024,2,0.0,2
534.0,2,4.8582,2,34.1085,2,26.9,2,62.9,2,0.024,2,0.0,2
535.0,2,4.8586,2,34.1085,2,26.8,2,62.9,2,0.024,2,0.0,2
536.0,2,4.8575,2,34.1088,2,26.8,2,62.9,2,0.024,2,0.0,2
537.0,2,4.8567,2,34.109,2,26.8,2,62.9,2,0.024,2,0.0,2
538.0,2,4.8567,2,34.1093,2,26.7,2,62.9,2,0.024,2,0.0,2
539.0,2,4.8546,2,34.11,2,26.6,2,62.9,2,0.024,2,0.0,2
540.0,2,4.8513,2,34.111,2,34.4,2,62.8,2,0.024,2,0.0,2
540.9,2,4.8482,2,34.1118,2,22.4,2,62.8,2,0.024,2,0.0,2
542.0,2,4.8444,2,34.1125,2,28.3,2,62.8,2,0.024,2,0.0,2
543.0,2,4.8393,2,34.1135,2,27.4,2,62.8,2,0.024,2,0.0,2
544.0,2,4.8345,2,34.1143,2,25.9,2,62.8,2,0.024,2,0.0,2
545.0,2,4.8331,2,34.1146,2,28.2,2,62.8,2,0.024,2,0.0,2
546.0,2,4.8283,2,34.116,2,-99.0,2,62.9,2,0.024,2,0.0,2
547.1,2,4.824,2,34.1165,2,-99.0,2,62.8,2,0.024,2,0.0,2
548.0,2,4.8234,2,34.1163,2,-99.0,2,62.9,2,0.024,2,0.0,2
549.0,2,4.8231,2,34.1165,2,-99.0,2,62.8,2,0.024,2,0.0,2
550.0,2,4.8217,2,34.1169,2,-99.0,2,62.8,2,0.024,2,0.0,2
551.0,2,4.8202,2,34.1173,2,-99.0,2,62.8,2,0.024,2,0.0,2
552.0,2,4.8198,2,34.1173,2,-99.0,2,62.7,2,0.024,2,0.0,2
553.0,2,4.8195,2,34.1175,2,-99.0,2,62.7,2,0.024,2,0.0,2
554.0,2,4.8194,2,34.1175,2,-99.0,2,62.8,2,0.024,2,0.0,2
555.0,2,4.8187,2,34.1177,2,-99.0,2,62.8,2,0.024,2,0.0,2
556.0,2,4.817,2,34.1181,2,-99.0,2,62.8,2,0.024,2,0.0,2
557.0,2,4.8118,2,34.1195,2,-99.0,2,62.7,2,0.024,2,0.0,2
558.0,2,4.8107,2,34.1196,2,-99.0,2,62.7,2,0.024,2,0.0,2
559.0,2,4.8085,2,34.1202,2,-99.0,2,62.7,2,0.024,2,0.0,2
560.0,2,4.8053,2,34.1211,2,-99.0,2,62.7,2,0.024,2,0.0,2
561.0,2,4.802,2,34.1217,2,-99.0,2,62.7,2,0.024,2,0.0,2
562.0,2,4.7995,2,34.1222,2,-99.0,2,62.7,2,0.024,2,0.0,2
563.0,2,4.7958,2,34.123000000000005,2,-99.0,2,62.7,2,0.024,2,0.0,2
564.0,2,4.7905,2,34.1243,2,-99.0,2,62.7,2,0.024,2,0.0,2
565.0,2,4.7812,2,34.1268,2,-99.0,2,62.6,2,0.024,2,0.0,2
566.0,2,4.7768,2,34.1277,2,-99.0,2,62.5,2,0.024,2,0.0,2
567.0,2,4.768,2,34.1299,2,-99.0,2,62.4,2,0.024,2,0.0,2
568.1,2,4.7605,2,34.1312,2,-99.0,2,62.3,2,0.024,2,0.0,2
569.0,2,4.758,2,34.1315,2,-99.0,2,62.3,2,0.024,2,0.0,2
570.0,2,4.7577,2,34.1315,2,-99.0,2,62.3,2,0.024,2,0.0,2
571.0,2,4.7558,2,34.132,2,-99.0,2,62.3,2,0.024,2,0.0,2
572.0,2,4.7546,2,34.1324,2,-99.0,2,62.3,2,0.024,2,0.0,2
573.0,2,4.754,2,34.1326,2,-99.0,2,62.3,2,0.024,2,0.0,2
574.0,2,4.7519,2,34.1333,2,-99.0,2,62.3,2,0.024,2,0.0,2
575.0,2,4.7467,2,34.1347,2,-99.0,2,62.2,2,0.024,2,0.0,2
576.0,2,4.7422,2,34.1357,2,-99.0,2,62.2,2,0.024,2,0.0,2
577.0,2,4.7353,2,34.1374,2,-99.0,2,62.2,2,0.024,2,0.0,2
578.0,2,4.7315,2,34.1381,2,-99.0,2,62.2,2,0.024,2,0.0,2
579.0,2,4.7283,2,34.1391,2,-99.0,2,62.2,2,0.024,2,0.0,2
580.0,2,4.7266,2,34.1396,2,-99.0,2,62.1,2,0.024,2,0.0,2
581.0,2,4.7222,2,34.1401,2,-99.0,2,62.2,2,0.024,2,0.0,2
582.0,2,4.7194,2,34.1406,2,-99.0,2,62.2,2,0.024,2,0.0,2
583.0,2,4.709,2,34.141,2,-99.0,2,62.6,2,0.024,2,0.0,2
584.0,2,4.7089,2,34.1408,2,-99.0,2,62.6,2,0.024,2,0.0,2
585.0,2,4.7043,2,34.1411,2,-99.0,2,62.7,2,0.024,2,0.0,2
586.0,2,4.7022,2,34.1413,2,-99.0,2,62.9,2,0.024,2,0.0,2
587.0,2,4.6998,2,34.1416,2,-99.0,2,62.8,2,0.024,2,0.0,2
588.0,2,4.6996,2,34.1418,2,-99.0,2,62.8,2,0.024,2,0.0,2
589.0,2,4.6998,2,34.1418,2,-99.0,2,62.8,2,0.024,2,0.0,2
590.0,2,4.6997,2,34.1419,2,-99.0,2,62.9,2,0.024,2,0.0,2
591.0,2,4.6982,2,34.1421,2,-99.0,2,62.9,2,0.024,2,0.0,2
592.0,2,4.698,2,34.1422,2,-99.0,2,62.8,2,0.024,2,0.0,2
593.0,2,4.6951,2,34.1432,2,-99.0,2,62.8,2,0.024,2,0.0,2
594.0,2,4.6942,2,34.1432,2,-99.0,2,62.8,2,0.024,2,0.0,2
595.0,2,4.6943,2,34.1433,2,-99.0,2,62.9,2,0.024,2,0.0,2
596.0,2,4.6954,2,34.1433,2,-99.0,2,62.8,2,0.024,2,0.0,2
597.0,2,4.694,2,34.1444,2,-99.0,2,62.7,2,0.024,2,0.0,2
598.0,2,4.6936,2,34.1445,2,-99.0,2,62.7,2,0.024,2,0.0,2
599.0,2,4.6914,2,34.1454,2,-99.0,2,62.7,2,0.024,2,0.0,2
600.0,2,4.6861,2,34.147,2,-99.0,2,62.7,2,0.024,2,0.0,2
601.0,2,4.6819999999999995,2,34.148,2,-99.0,2,62.6,2,0.024,2,0.0,2
602.0,2,4.6769,2,34.1492,2,-99.0,2,62.6,2,0.024,2,0.0,2
603.0,2,4.6733,2,34.1499,2,-99.0,2,62.6,2,0.024,2,0.0,2
604.0,2,4.6723,2,34.1502,2,-99.0,2,62.6,2,0.024,2,0.0,2
605.0,2,4.6711,2,34.1506,2,-99.0,2,62.7,2,0.024,2,0.0,2
606.0,2,4.667,2,34.1517,2,-99.0,2,62.5,2,0.024,2,0.0,2
607.0,2,4.6647,2,34.1522,2,-99.0,2,62.6,2,0.024,2,0.0,2
608.0,2,4.6633,2,34.1525,2,-99.0,2,62.6,2,0.024,2,0.0,2
609.0,2,4.6592,2,34.1535,2,-99.0,2,62.7,2,0.024,2,0.0,2
610.0,2,4.6566,2,34.1537,2,-99.0,2,62.7,2,0.024,2,0.0,2
611.0,2,4.6557,2,34.1542,2,-99.0,2,62.7,2,0.024,2,0.0,2
612.0,2,4.6549,2,34.1544,2,-99.0,2,62.6,2,0.024,2,0.0,2
613.0,2,4.6546,2,34.1545,2,-99.0,2,62.6,2,0.024,2,0.0,2
614.0,2,4.6533,2,34.1555,2,-99.0,2,62.6,2,0.024,2,0.0,2
615.0,2,4.6528,2,34.1557,2,-99.0,2,62.6,2,0.024,2,0.0,2
616.0,2,4.6517,2,34.1561,2,-99.0,2,62.6,2,0.024,2,0.0,2
617.0,2,4.6518,2,34.1562,2,-99.0,2,62.6,2,0.024,2,0.0,2
618.0,2,4.6483,2,34.1572,2,-99.0,2,62.6,2,0.024,2,0.0,2
619.0,2,4.6456,2,34.1577,2,-99.0,2,62.6,2,0.024,2,0.0,2
620.0,2,4.643,2,34.1585,2,-99.0,2,62.6,2,0.024,2,0.0,2
621.0,2,4.6379,2,34.1599,2,-99.0,2,62.6,2,0.024,2,0.0,2
622.0,2,4.6344,2,34.1606,2,-99.0,2,62.5,2,0.024,2,0.0,2
623.0,2,4.6319,2,34.1614,2,-99.0,2,62.6,2,0.024,2,0.0,2
624.0,2,4.6275,2,34.1623,2,-99.0,2,62.7,2,0.024,2,0.0,2
625.0,2,4.6249,2,34.1629,2,-99.0,2,62.6,2,0.024,2,0.0,2
625.8,2,4.6242,2,34.1629,2,-99.0,2,62.6,2,0.024,2,0.0,2
627.0,2,4.6193,2,34.1642,2,-99.0,2,62.6,2,0.024,2,0.0,2
628.0,2,4.6102,2,34.1657,2,-99.0,2,62.7,2,0.024,2,0.0,2
629.0,2,4.6051,2,34.1665,2,-99.0,2,62.8,2,0.024,2,0.0,2
630.0,2,4.6039,2,34.1665,2,-99.0,2,62.8,2,0.024,2,0.0,2
631.0,2,4.5934,2,34.17,2,-99.0,2,62.9,2,0.024,2,0.0,2
632.1,2,4.5877,2,34.1706,2,-99.0,2,62.9,2,0.024,2,0.0,2
633.0,2,4.588,2,34.1703,2,-99.0,2,62.8,2,0.024,2,0.0,2
634.0,2,4.5838,2,34.1726,2,-99.0,2,62.7,2,0.024,2,0.0,2
635.0,2,4.578,2,34.1748,2,-99.0,2,62.6,2,0.024,2,0.0,2
636.0,2,4.572,2,34.1764,2,-99.0,2,62.5,2,0.024,2,0.0,2
637.0,2,4.5613,2,34.178000000000004,2,-99.0,2,62.7,2,0.024,2,0.0,2
638.0,2,4.5583,2,34.1781,2,-99.0,2,62.7,2,0.024,2,0.0,2
639.0,2,4.5578,2,34.178000000000004,2,-99.0,2,62.5,2,0.024,2,0.0,2
640.0,2,4.5518,2,34.1788,2,-99.0,2,62.8,2,0.024,2,0.0,2
641.0,2,4.5369,2,34.1799,2,-99.0,2,63.0,2,0.024,2,0.0,2
642.0,2,4.531000000000001,2,34.1812,2,-99.0,2,63.2,2,0.024,2,0.0,2
643.0,2,4.5231,2,34.1831,2,-99.0,2,63.2,2,0.024,2,0.0,2
644.0,2,4.5138,2,34.1846,2,-99.0,2,63.2,2,0.024,2,0.0,2
645.0,2,4.5103,2,34.1847,2,-99.0,2,63.3,2,0.024,2,0.0,2
646.0,2,4.5099,2,34.1847,2,-99.0,2,63.3,2,0.024,2,0.0,2
647.0,2,4.5098,2,34.1848,2,-99.0,2,63.3,2,0.024,2,0.0,2
648.0,2,4.5099,2,34.1846,2,-99.0,2,63.3,2,0.024,2,0.0,2
649.0,2,4.5065,2,34.1854,2,-99.0,2,63.3,2,0.024,2,0.0,2
650.0,2,4.5059,2,34.1855,2,-99.0,2,63.3,2,0.024,2,0.0,2
651.0,2,4.5048,2,34.1861,2,-99.0,2,63.3,2,0.024,2,0.0,2
652.0,2,4.5015,2,34.1872,2,-99.0,2,63.3,2,0.024,2,0.0,2
653.0,2,4.498,2,34.1886,2,-99.0,2,63.2,2,0.024,2,0.0,2
654.0,2,4.4927,2,34.1904,2,-99.0,2,63.2,2,0.024,2,0.0,2
655.0,2,4.4835,2,34.1938,2,-99.0,2,63.1,2,0.024,2,0.0,2
656.0,2,4.4805,2,34.1946,2,-99.0,2,63.1,2,0.024,2,0.0,2
657.0,2,4.4797,2,34.1948,2,-99.0,2,63.0,2,0.024,2,0.0,2
658.0,2,4.478,2,34.1955,2,-99.0,2,63.0,2,0.024,2,0.0,2
659.0,2,4.477,2,34.196,2,-99.0,2,63.0,2,0.024,2,0.0,2
660.0,2,4.4757,2,34.1966,2,-99.0,2,62.9,2,0.024,2,0.0,2
661.0,2,4.4721,2,34.1979,2,-99.0,2,62.8,2,0.024,2,0.0,2
662.0,2,4.4662,2,34.2008,2,-99.0,2,62.8,2,0.024,2,0.0,2
663.0,2,4.4623,2,34.2015,2,-99.0,2,62.7,2,0.024,2,0.0,2
664.0,2,4.4624,2,34.2017,2,-99.0,2,62.6,2,0.024,2,0.0,2
665.0,2,4.465,2,34.2006,2,-99.0,2,62.7,2,0.024,2,0.0,2
666.0,2,4.4639999999999995,2,34.2014,2,-99.0,2,62.7,2,0.024,2,0.0,2
667.0,2,4.4606,2,34.2025,2,-99.0,2,62.5,2,0.024,2,0.0,2
668.0,2,4.4593,2,34.2026,2,-99.0,2,62.7,2,0.024,2,0.0,2
669.0,2,4.4391,2,34.2082,2,-99.0,2,62.7,2,0.024,2,0.0,2
670.0,2,4.4307,2,34.2101,2,-99.0,2,62.6,2,0.024,2,0.0,2
671.0,2,4.4309,2,34.2099,2,-99.0,2,62.6,2,0.024,2,0.0,2
672.0,2,4.4272,2,34.211,2,-99.0,2,62.6,2,0.024,2,0.0,2
673.0,2,4.4257,2,34.211,2,-99.0,2,62.6,2,0.024,2,0.0,2
674.0,2,4.4211,2,34.2118,2,-99.0,2,62.7,2,0.024,2,0.0,2
675.0,2,4.4196,2,34.2118,2,-99.0,2,62.7,2,0.024,2,0.0,2
676.0,2,4.4196,2,34.211999999999996,2,-99.0,2,62.8,2,0.024,2,0.0,2
677.0,2,4.4148,2,34.2128,2,-99.0,2,62.8,2,0.024,2,0.0,2
678.0,2,4.4145,2,34.2128,2,-99.0,2,62.9,2,0.024,2,0.0,2
679.0,2,4.4134,2,34.2131,2,-99.0,2,62.9,2,0.024,2,0.0,2
680.0,2,4.4123,2,34.2134,2,-99.0,2,62.9,2,0.024,2,0.0,2
681.0,2,4.4113,2,34.2139,2,-99.0,2,62.9,2,0.024,2,0.0,2
682.0,2,4.4095,2,34.2142,2,-99.0,2,62.9,2,0.024,2,0.0,2
683.0,2,4.4068,2,34.2149,2,-99.0,2,62.8,2,0.024,2,0.0,2
684.0,2,4.4051,2,34.2153,2,-99.0,2,62.8,2,0.024,2,0.0,2
685.0,2,4.4036,2,34.2156,2,-99.0,2,62.9,2,0.024,2,0.0,2
686.0,2,4.4023,2,34.216,2,-99.0,2,62.9,2,0.024,2,0.0,2
687.0,2,4.3992,2,34.217,2,-99.0,2,62.8,2,0.024,2,0.0,2
688.0,2,4.3987,2,34.2169,2,-99.0,2,62.8,2,0.024,2,0.0,2
689.0,2,4.3987,2,34.2169,2,-99.0,2,62.8,2,0.024,2,0.0,2
690.0,2,4.398,2,34.2172,2,-99.0,2,62.9,2,0.024,2,0.0,2
691.0,2,4.3974,2,34.2174,2,-99.0,2,62.9,2,0.024,2,0.0,2
692.0,2,4.3966,2,34.2174,2,-99.0,2,62.6,2,0.024,2,0.0,2
693.0,2,4.3966,2,34.2176,2,-99.0,2,62.9,2,0.024,2,0.0,2
694.0,2,4.3964,2,34.2176,2,-99.0,2,62.9,2,0.024,2,0.0,2
695.0,2,4.397,2,34.2174,2,-99.0,2,62.9,2,0.024,2,0.0,2
696.0,2,4.3959,2,34.2179,2,-99.0,2,62.9,2,0.024,2,0.0,2
697.0,2,4.3943,2,34.2182,2,-99.0,2,62.8,2,0.024,2,0.0,2
698.0,2,4.3936,2,34.2184,2,-99.0,2,62.9,2,0.024,2,0.0,2
699.0,2,4.3925,2,34.2187,2,-99.0,2,62.9,2,0.024,2,0.0,2
700.0,2,4.3924,2,34.2187,2,-99.0,2,62.9,2,0.024,2,0.0,2
701.0,2,4.3919,2,34.2187,2,-99.0,2,62.9,2,0.024,2,0.0,2
702.0,2,4.3921,2,34.2188,2,-99.0,2,62.9,2,0.024,2,0.0,2
703.0,2,4.3919,2,34.2188,2,-99.0,2,62.9,2,0.024,2,0.0,2
704.0,2,4.3919,2,34.2189,2,-99.0,2,62.9,2,0.024,2,0.0,2
705.0,2,4.3904,2,34.2194,2,-99.0,2,62.9,2,0.024,2,0.0,2
706.0,2,4.3874,2,34.2199,2,-99.0,2,62.9,2,0.024,2,0.0,2
707.0,2,4.3861,2,34.2202,2,-99.0,2,62.9,2,0.024,2,0.0,2
708.0,2,4.3864,2,34.2201,2,-99.0,2,62.9,2,0.024,2,0.0,2
709.0,2,4.3852,2,34.2205,2,-99.0,2,62.9,2,0.024,2,0.0,2
710.0,2,4.3835,2,34.2208,2,-99.0,2,62.9,2,0.024,2,0.0,2
711.0,2,4.3832,2,34.2209,2,-99.0,2,62.9,2,0.024,2,0.0,2
712.0,2,4.3821,2,34.2212,2,-99.0,2,62.9,2,0.024,2,0.0,2
713.1,2,4.3795,2,34.2219,2,-99.0,2,62.9,2,0.024,2,0.0,2
714.0,2,4.38,2,34.222,2,-99.0,2,62.9,2,0.024,2,0.0,2
715.0,2,4.3772,2,34.2224,2,-99.0,2,62.9,2,0.024,2,0.0,2
716.0,2,4.3748,2,34.2232,2,-99.0,2,63.0,2,0.024,2,0.0,2
717.0,2,4.3737,2,34.2234,2,-99.0,2,63.0,2,0.024,2,0.0,2
718.0,2,4.3717,2,34.2239,2,-99.0,2,63.0,2,0.024,2,0.0,2
719.0,2,4.3685,2,34.2248,2,-99.0,2,63.0,2,0.024,2,0.0,2
720.0,2,4.3685,2,34.2245,2,-99.0,2,63.0,2,0.024,2,0.0,2
721.0,2,4.3661,2,34.2254,2,-99.0,2,63.0,2,0.024,2,0.0,2
722.0,2,4.3608,2,34.2269,2,-99.0,2,63.0,2,0.024,2,0.0,2
723.0,2,4.3563,2,34.228,2,-99.0,2,63.0,2,0.024,2,0.0,2
724.0,2,4.3538,2,34.2284,2,-99.0,2,63.1,2,0.024,2,0.0,2
725.0,2,4.3523,2,34.2288,2,-99.0,2,63.0,2,0.024,2,0.0,2
726.0,2,4.3504,2,34.2291,2,-99.0,2,63.1,2,0.024,2,0.0,2
727.0,2,4.3476,2,34.2299,2,-99.0,2,63.1,2,0.024,2,0.0,2
728.0,2,4.3444,2,34.2309,2,-99.0,2,63.1,2,0.024,2,0.0,2
729.0,2,4.3433,2,34.2312,2,-99.0,2,63.1,2,0.024,2,0.0,2
730.0,2,4.3414,2,34.2317,2,-99.0,2,63.0,2,0.024,2,0.0,2
731.0,2,4.3373,2,34.2328,2,-99.0,2,63.1,2,0.024,2,0.0,2
732.0,2,4.3299,2,34.235,2,-99.0,2,63.1,2,0.024,2,0.0,2
733.0,2,4.3228,2,34.2373,2,-99.0,2,63.0,2,0.024,2,0.0,2
734.0,2,4.3213,2,34.2379,2,-99.0,2,62.9,2,0.024,2,0.0,2
735.0,2,4.3214,2,34.2379,2,-99.0,2,62.9,2,0.024,2,0.0,2
736.0,2,4.3212,2,34.2381,2,-99.0,2,62.9,2,0.024,2,0.0,2
737.0,2,4.321000000000001,2,34.2381,2,-99.0,2,62.9,2,0.024,2,0.0,2
738.0,2,4.3205,2,34.2384,2,-99.0,2,62.9,2,0.024,2,0.0,2
739.0,2,4.3201,2,34.2387,2,-99.0,2,62.9,2,0.024,2,0.0,2
740.0,2,4.3191,2,34.2391,2,-99.0,2,62.9,2,0.024,2,0.0,2
741.0,2,4.3149,2,34.2406,2,-99.0,2,62.7,2,0.024,2,0.0,2
742.0,2,4.3102,2,34.2418,2,-99.0,2,62.7,2,0.024,2,0.0,2
743.0,2,4.3016,2,34.2443,2,-99.0,2,62.6,2,0.024,2,0.0,2
744.0,2,4.2949,2,34.2459,2,-99.0,2,62.6,2,0.024,2,0.0,2
745.0,2,4.2860000000000005,2,34.2485,2,-99.0,2,62.7,2,0.024,2,0.0,2
746.0,2,4.2779,2,34.251,2,-99.0,2,62.7,2,0.024,2,0.0,2
747.0,2,4.2686,2,34.2532,2,-99.0,2,62.7,2,0.024,2,0.0,2
748.0,2,4.263999999999999,2,34.2543,2,-99.0,2,62.8,2,0.024,2,0.0,2
749.1,2,4.2595,2,34.2553,2,-99.0,2,62.8,2,0.024,2,0.0,2
750.0,2,4.2517,2,34.2579,2,-99.0,2,62.7,2,0.024,2,0.0,2
751.0,2,4.2458,2,34.2588,2,-99.0,2,62.8,2,0.024,2,0.0,2
752.0,2,4.2428,2,34.2597,2,-99.0,2,62.8,2,0.024,2,0.0,2
753.0,2,4.2377,2,34.2612,2,-99.0,2,62.8,2,0.024,2,0.0,2
754.0,2,4.2298,2,34.2632,2,-99.0,2,62.5,2,0.024,2,0.0,2
755.0,2,4.229,2,34.2632,2,-99.0,2,62.5,2,0.024,2,0.0,2
756.0,2,4.2293,2,34.2632,2,-99.0,2,62.7,2,0.024,2,0.0,2
757.0,2,4.2286,2,34.2635,2,-99.0,2,62.5,2,0.024,2,0.0,2
758.0,2,4.2278,2,34.2638,2,-99.0,2,62.5,2,0.024,2,0.0,2
759.0,2,4.2263,2,34.2643,2,-99.0,2,62.6,2,0.024,2,0.0,2
760.0,2,4.2216,2,34.2658,2,-99.0,2,62.7,2,0.024,2,0.0,2
761.0,2,4.2129,2,34.2681,2,-99.0,2,62.7,2,0.024,2,0.0,2
762.0,2,4.2091,2,34.2691,2,-99.0,2,62.7,2,0.024,2,0.0,2
763.0,2,4.2076,2,34.2694,2,-99.0,2,62.7,2,0.027999999999999997,2,0.0,2
764.0,2,4.2076,2,34.2695,2,-99.0,2,62.7,2,0.024,2,0.0,2
765.0,2,4.2056,2,34.27,2,-99.0,2,62.7,2,0.024,2,0.0,2
765.9,2,4.2037,2,34.2704,2,-99.0,2,62.6,2,0.024,2,0.0,2
767.1,2,4.202,2,34.2711,2,-99.0,2,62.6,2,0.024,2,0.0,2
768.0,2,4.2,2,34.2715,2,-99.0,2,62.5,2,0.024,2,0.0,2
769.0,2,4.1973,2,34.2725,2,-99.0,2,62.5,2,0.024,2,0.0,2
770.0,2,4.1944,2,34.273,2,-99.0,2,62.5,2,0.024,2,0.0,2
771.0,2,4.1937,2,34.2732,2,-99.0,2,62.5,2,0.024,2,0.0,2
772.0,2,4.187,2,34.2751,2,-99.0,2,62.3,2,0.024,2,0.0,2
773.0,2,4.1863,2,34.275,2,-99.0,2,62.3,2,0.024,2,0.0,2
774.0,2,4.1818,2,34.2763,2,-99.0,2,62.3,2,0.024,2,0.0,2
775.0,2,4.1728,2,34.279,2,-99.0,2,62.3,2,0.024,2,0.0,2
776.0,2,4.1697,2,34.2795,2,-99.0,2,62.3,2,0.024,2,0.0,2
777.0,2,4.1643,2,34.281,2,-99.0,2,62.3,2,0.024,2,0.0,2
778.0,2,4.1543,2,34.2834,2,-99.0,2,62.3,2,0.024,2,0.0,2
779.0,2,4.1533,2,34.2834,2,-99.0,2,62.3,2,0.024,2,0.0,2
780.0,2,4.1546,2,34.2832,2,-99.0,2,62.3,2,0.024,2,0.0,2
781.1,2,4.1541,2,34.2835,2,-99.0,2,62.4,2,0.024,2,0.0,2
782.0,2,4.1536,2,34.2836,2,-99.0,2,62.3,2,0.024,2,0.0,2
783.3,2,4.1523,2,34.284,2,-99.0,2,62.3,2,0.024,2,0.0,2
784.0,2,4.151,2,34.2844,2,-99.0,2,62.3,2,0.024,2,0.0,2
785.0,2,4.1493,2,34.2848,2,-99.0,2,62.2,2,0.024,2,0.0,2
786.0,2,4.1487,2,34.2849,2,-99.0,2,62.2,2,0.024,2,0.0,2
787.0,2,4.1484,2,34.285,2,-99.0,2,62.2,2,0.024,2,0.0,2
788.0,2,4.148,2,34.2853,2,-99.0,2,62.3,2,0.024,2,0.0,2
789.0,2,4.1435,2,34.2865,2,-99.0,2,62.2,2,0.024,2,0.0,2
790.0,2,4.1418,2,34.2868,2,-99.0,2,62.3,2,0.024,2,0.0,2
791.0,2,4.1418,2,34.2868,2,-99.0,2,62.3,2,0.024,2,0.0,2
792.0,2,4.1423,2,34.2867,2,-99.0,2,62.2,2,0.024,2,0.0,2
793.2,2,4.1433,2,34.2863,2,-99.0,2,62.1,2,0.024,2,0.0,2
794.0,2,4.1427,2,34.2868,2,-99.0,2,62.1,2,0.024,2,0.0,2
795.0,2,4.1406,2,34.2872,2,-99.0,2,62.1,2,0.024,2,0.0,2
795.6,2,4.1415,2,34.2869,2,-99.0,2,62.1,2,0.024,2,0.0,2
END_DATA
