CTD,20190304CCHSIOLMM
#---------------------------------------------------------------------------------------------------,,,,,,,,,,,,,,,,
#Fluorescence - Transmissivity and PAR data are nominal and unedited except that some records were removed in editing temperature and salinity.,,,,,,,,,,,,,,,,
#---------------------------------------------------------------------------------------------------,,,,,,,,,,,,,,,,
#For details on how the transmissivity calibration parameters were calculated see the document Transmissivity_Calculation.pdf.,,,,,,,,,,,,,,,,
#---------------------------------------------------------------------------------------------------,,,,,,,,,,,,,,,,
#The Oxygen:Dissolved:CTD calibration was done using the method described in the Sea-Bird Application Note #64-2 (Sea-Bird_64-2_Feb2010.pdf).,,,,,,,,,,,,,,,,
#,,,,,,,,,,,,,,,,
#A shift in the Oxygen:Dissolved:Bottle standardization parameters occurred between events 0032 and 0044; this was not investigated to determine if the resultant change in Thiosulfate normality was real or the result of a shift in lab temperature.,,,,,,,,,,,,,,,,
#Checks of the fit of Oxygen:Dissolved:CTD against titrated Oxygen:Dissolved:Bottle suggest that the titrated values from the first part of the cruise are lower than those of the latter part by about 0.02 ml/l.,,,,,,,,,,,,,,,,
#The Oxygen:Dissolved:CTD was recalibrated using titrated Oxygen:Dissolved:Bottle data from the whole cruise so any resultant error in the Oxygen:Dissolved:CTD is likely negligible compared to other sources of error (<0.01 ml/l).,,,,,,,,,,,,,,,,
#,,,,,,,,,,,,,,,,
#The Oxygen:Dissolved:CTD channel was corrupted for all or parts of events 0007 - 0010 - 0015 - 0017 - 0018 - 0019 - 0021.,,,,,,,,,,,,,,,,
#,,,,,,,,,,,,,,,,
#WARNING: The dissolved oxygen sensor was found to have a damaged membrane when it was examined at the factory shortly after this cruise.,,,,,,,,,,,,,,,,
#There is evidence of hysteresis which could not be corrected by adjusting the calibration parameters. ,,,,,,,,,,,,,,,,
#,,,,,,,,,,,,,,,,
#The Oxygen:Dissolved:CTD:Volume data are considered roughly to be:,,,,,,,,,,,,,,,,
#      • ±0.4 ml/l from 0 to 125 dbar,,,,,,,,,,,,,,,,
#      • ±0.3 ml/l from 125 dbar to 400 dbar,,,,,,,,,,,,,,,,
#      • ±0.1 ml/l below 400 dbar,,,,,,,,,,,,,,,,
#Below 1000 dbar the Oxygen:Dissolved:CTD reads consistently low by <0.01 ml/l.,,,,,,,,,,,,,,,,
#---------------------------------------------------------------------------------------------------,,,,,,,,,,,,,,,,
#For details on the processing see processing file 2011-01-proc.pdf,,,,,,,,,,,,,,,,
#---------------------------------------------------------------------------------------------------,,,,,,,,,,,,,,,,
#,,,,,,,,,,,,,,,,
#File Name,Zone,FIL:START TIME YYYY/MM/DD, HH:MM,LOC:EVENT_NUMBER,LOC:LATITUDE,LOC:LONGITUDE,LOC:STATION,Pressure:CTD [dbar],Temperature:CTD [deg_C_(ITS90)],Salinity:Practical:CTD [PSS-78],Sigma-t:CTD [kg/m^3],Transmissivity:CTD [*/m],Oxygen:Dissolved:CTD:Volume [ml/l],Oxygen:Dissolved:CTD:Mass [µmol/kg],Fluorescence:CTD [mg/m^3],PAR:CTD [µE/m^2/sec]
#,,,,,,,,,,,,,,,,
NUMBER_HEADERS = 8
EXPOCODE = 18DD20110208
STNBR = P4
CASTNO = 3
DATE = 10/02/2011
TIME =  04:54
LATITUDE = 48.6475
LONGITUDE = -126.66683
CTDPRS,CTDPRS_FLAG_W,CTDTMP,CTDTMP_FLAG_W,CTDSAL,CTDSAL_FLAG_W,CTDOXY,CTDOXY_FLAG_W,CTDXMISS,CTDXMISS_FLAG_W,CTDFLUOR,CTDFLUOR_FLAG_W,PAR,PAR_FLAG_W
DBAR,,ITS-90,,PSS-78,,UMOL/KG,,,,MG/M^3,,UE/m^2/sec,
2.3,2,8.2127,2,31.4603,2,-99.0,2,53.6,2,1.8780000000000001,2,,2
3.0,2,8.2109,2,31.4602,2,-99.0,2,53.9,2,1.886,2,,2
3.7,2,8.2109,2,31.4605,2,-99.0,2,53.8,2,1.865,2,,2
5.0,2,8.2167,2,31.4619,2,-99.0,2,53.7,2,1.885,2,,2
6.0,2,8.2363,2,31.4765,2,-99.0,2,53.6,2,1.893,2,,2
7.0,2,8.2351,2,31.4795,2,-99.0,2,53.7,2,1.909,2,,2
8.0,2,8.2393,2,31.4837,2,-99.0,2,53.7,2,1.9040000000000001,2,,2
9.0,2,8.2645,2,31.4978,2,-99.0,2,53.5,2,1.91,2,,2
10.0,2,8.345,2,31.5598,2,-99.0,2,53.5,2,1.9240000000000002,2,,2
11.0,2,8.3674,2,31.5902,2,-99.0,2,53.7,2,1.9569999999999999,2,,2
12.0,2,8.367,2,31.601,2,-99.0,2,53.6,2,1.9469999999999998,2,,2
13.0,2,8.3712,2,31.6148,2,-99.0,2,53.9,2,1.943,2,,2
14.0,2,8.405,2,31.6411,2,-99.0,2,54.0,2,1.9580000000000002,2,,2
15.0,2,8.4252,2,31.6622,2,-99.0,2,54.1,2,1.931,2,,2
16.0,2,8.4802,2,31.7025,2,-99.0,2,54.2,2,1.9869999999999999,2,,2
17.0,2,8.5618,2,31.7788,2,-99.0,2,55.0,2,2.0540000000000003,2,,2
18.0,2,8.5648,2,31.7854,2,-99.0,2,55.1,2,2.061,2,,2
19.0,2,8.5661,2,31.7865,2,-99.0,2,55.1,2,2.063,2,,2
20.0,2,8.5695,2,31.7889,2,-99.0,2,55.2,2,2.062,2,,2
21.0,2,8.5702,2,31.794,2,-99.0,2,55.3,2,2.0340000000000003,2,,2
22.0,2,8.5581,2,31.8006,2,-99.0,2,55.9,2,1.9780000000000002,2,,2
23.0,2,8.5686,2,31.8094,2,-99.0,2,56.5,2,1.915,2,,2
24.0,2,8.5656,2,31.8126,2,-99.0,2,56.6,2,1.885,2,,2
25.0,2,8.55,2,31.8134,2,-99.0,2,56.5,2,1.8869999999999998,2,,2
26.0,2,8.5571,2,31.8209,2,-99.0,2,56.6,2,1.8769999999999998,2,,2
27.0,2,8.5669,2,31.8282,2,-99.0,2,56.7,2,1.867,2,,2
28.0,2,8.5954,2,31.8449,2,-99.0,2,56.7,2,1.864,2,,2
29.0,2,8.6081,2,31.8561,2,-99.0,2,57.0,2,1.8319999999999999,2,,2
30.0,2,8.6123,2,31.8676,2,-99.0,2,57.3,2,1.8419999999999999,2,,2
31.0,2,8.6108,2,31.872,2,-99.0,2,57.5,2,1.791,2,,2
32.0,2,8.6276,2,31.885,2,-99.0,2,57.8,2,1.7369999999999999,2,,2
33.0,2,8.654,2,31.9054,2,-99.0,2,58.6,2,1.625,2,,2
34.0,2,8.6633,2,31.9153,2,-99.0,2,59.0,2,1.525,2,,2
35.0,2,8.6714,2,31.9271,2,-99.0,2,59.2,2,1.4580000000000002,2,,2
36.0,2,8.6867,2,31.9535,2,-99.0,2,59.4,2,1.3940000000000001,2,,2
37.0,2,8.6921,2,31.978,2,-99.0,2,59.6,2,1.341,2,,2
38.0,2,8.6883,2,32.0278,2,-99.0,2,59.8,2,1.271,2,,2
39.0,2,8.7008,2,32.0725,2,-99.0,2,60.2,2,1.19,2,,2
40.0,2,8.65,2,32.1306,2,-99.0,2,60.4,2,1.128,2,,2
41.0,2,8.5563,2,32.2703,2,-99.0,2,61.1,2,1.0859999999999999,2,,2
42.0,2,8.5466,2,32.2831,2,-99.0,2,61.3,2,0.963,2,,2
43.0,2,8.5387,2,32.2873,2,-99.0,2,61.4,2,0.895,2,,2
44.0,2,8.5328,2,32.2891,2,-99.0,2,61.5,2,0.882,2,,2
45.0,2,8.5259,2,32.2907,2,-99.0,2,61.5,2,0.858,2,,2
46.0,2,8.5055,2,32.2954,2,-99.0,2,61.4,2,0.8390000000000001,2,,2
47.0,2,8.5029,2,32.3033,2,-99.0,2,61.3,2,0.8759999999999999,2,,2
48.0,2,8.501,2,32.3145,2,-99.0,2,61.6,2,0.795,2,,2
49.0,2,8.4968,2,32.3242,2,-99.0,2,61.7,2,0.797,2,,2
50.0,2,8.4935,2,32.3299,2,-99.0,2,61.8,2,0.73,2,,2
51.0,2,8.4882,2,32.3373,2,-99.0,2,61.8,2,0.7090000000000001,2,,2
52.0,2,8.4741,2,32.346,2,-99.0,2,61.9,2,0.733,2,,2
53.0,2,8.4519,2,32.3585,2,-99.0,2,61.9,2,0.695,2,,2
54.0,2,8.4335,2,32.3655,2,-99.0,2,61.8,2,0.7190000000000001,2,,2
55.0,2,8.4019,2,32.3884,2,-99.0,2,61.9,2,0.71,2,,2
56.0,2,8.3655,2,32.4083,2,-99.0,2,62.0,2,0.7140000000000001,2,,2
57.0,2,8.3529,2,32.4112,2,-99.0,2,62.0,2,0.73,2,,2
58.0,2,8.3423,2,32.4147,2,-99.0,2,62.0,2,0.742,2,,2
59.0,2,8.3371,2,32.4224,2,-99.0,2,62.1,2,0.6920000000000001,2,,2
60.0,2,8.3102,2,32.4716,2,-99.0,2,62.3,2,0.616,2,,2
61.0,2,8.2793,2,32.4905,2,-99.0,2,62.3,2,0.618,2,,2
62.0,2,8.2709,2,32.5073,2,339.8,2,62.3,2,0.564,2,,2
63.0,2,8.2635,2,32.5328,2,337.6,2,62.4,2,0.504,2,,2
64.0,2,8.2568,2,32.5627,2,332.4,2,62.5,2,0.47,2,,2
65.0,2,8.251,2,32.5874,2,280.7,2,62.6,2,0.425,2,,2
66.0,2,8.2456,2,32.6111,2,261.3,2,62.7,2,0.39399999999999996,2,,2
67.0,2,8.2419,2,32.6269,2,256.7,2,62.8,2,0.36200000000000004,2,,2
68.0,2,8.2378,2,32.6509,2,251.1,2,62.8,2,0.337,2,,2
69.0,2,8.2371,2,32.6651,2,243.8,2,62.8,2,0.287,2,,2
70.0,2,8.2019,2,32.7328,2,236.0,2,62.9,2,0.248,2,,2
71.0,2,7.999,2,32.8858,2,229.6,2,63.1,2,0.213,2,,2
72.0,2,7.8355,2,32.968,2,224.1,2,63.2,2,0.16399999999999998,2,,2
73.0,2,7.7594,2,33.048,2,219.0,2,63.3,2,0.138,2,,2
74.0,2,7.7274,2,33.0697,2,214.2,2,63.3,2,0.125,2,,2
75.0,2,7.7876,2,33.1262,2,210.5,2,63.3,2,0.12300000000000001,2,,2
76.0,2,7.7563,2,33.167,2,207.7,2,63.4,2,0.111,2,,2
77.0,2,7.6771,2,33.1837,2,202.4,2,63.4,2,0.102,2,,2
78.0,2,7.8455,2,33.2426,2,196.2,2,63.5,2,0.098,2,,2
79.0,2,7.936,2,33.302,2,191.3,2,63.5,2,0.098,2,,2
80.0,2,7.9283,2,33.3266,2,188.4,2,63.6,2,0.085,2,,2
81.0,2,7.9292,2,33.3375,2,186.0,2,63.5,2,0.08,2,,2
82.0,2,7.9301,2,33.3549,2,183.9,2,63.6,2,0.073,2,,2
83.0,2,7.9365,2,33.3731,2,182.2,2,63.5,2,0.067,2,,2
84.0,2,7.9471,2,33.3799,2,181.1,2,63.6,2,0.07,2,,2
85.0,2,7.956,2,33.3931,2,179.9,2,63.7,2,0.065,2,,2
86.0,2,7.9562,2,33.3967,2,178.6,2,63.7,2,0.069,2,,2
87.0,2,7.9543,2,33.3982,2,178.0,2,63.7,2,0.06,2,,2
88.0,2,7.9239999999999995,2,33.4125,2,176.6,2,63.7,2,0.052000000000000005,2,,2
89.0,2,7.8757,2,33.435,2,175.7,2,63.7,2,0.044000000000000004,2,,2
90.0,2,7.8564,2,33.4435,2,175.2,2,63.7,2,0.045,2,,2
91.0,2,7.8513,2,33.4462,2,173.5,2,63.7,2,0.04,2,,2
92.0,2,7.8374,2,33.4589,2,172.2,2,63.8,2,0.037000000000000005,2,,2
93.0,2,7.8202,2,33.4741,2,171.0,2,63.7,2,0.037000000000000005,2,,2
94.0,2,7.7941,2,33.4962,2,170.0,2,63.8,2,0.034,2,,2
95.0,2,7.7772,2,33.5091,2,169.3,2,63.8,2,0.037000000000000005,2,,2
96.0,2,7.7628,2,33.5161,2,168.6,2,63.9,2,0.03,2,,2
97.0,2,7.7618,2,33.5179,2,167.9,2,63.9,2,0.026000000000000002,2,,2
98.0,2,7.7619,2,33.5191,2,167.1,2,63.9,2,0.027999999999999997,2,,2
99.0,2,7.76,2,33.525999999999996,2,165.8,2,63.8,2,0.03,2,,2
100.0,2,7.7583,2,33.5331,2,164.5,2,63.9,2,0.024,2,,2
101.0,2,7.7498,2,33.5394,2,163.0,2,63.9,2,0.024,2,,2
102.0,2,7.7304,2,33.5496,2,161.8,2,63.9,2,0.024,2,,2
103.0,2,7.6849,2,33.5851,2,160.5,2,63.9,2,0.024,2,,2
104.0,2,7.6646,2,33.5992,2,159.2,2,63.9,2,0.027999999999999997,2,,2
105.0,2,7.6333,2,33.6222,2,157.7,2,63.9,2,0.028999999999999998,2,,2
106.0,2,7.6266,2,33.6325,2,156.1,2,63.9,2,0.024,2,,2
107.0,2,7.6254,2,33.641999999999996,2,153.5,2,63.9,2,0.024,2,,2
108.0,2,7.625,2,33.6488,2,150.4,2,63.9,2,0.024,2,,2
109.0,2,7.6368,2,33.6725,2,146.5,2,63.8,2,0.024,2,,2
110.0,2,7.65,2,33.6889,2,141.4,2,63.8,2,0.024,2,,2
111.0,2,7.6806,2,33.707,2,135.2,2,63.7,2,0.024,2,,2
112.0,2,7.7041,2,33.731,2,129.8,2,63.5,2,0.023,2,,2
113.0,2,7.7187,2,33.7478,2,126.2,2,63.3,2,0.024,2,,2
114.0,2,7.7214,2,33.7517,2,124.1,2,63.3,2,0.019,2,,2
115.0,2,7.7216,2,33.7534,2,122.5,2,63.3,2,0.024,2,,2
116.0,2,7.7208,2,33.7535,2,121.5,2,63.3,2,0.024,2,,2
117.0,2,7.7197,2,33.7538,2,119.8,2,63.3,2,0.024,2,,2
118.0,2,7.7197,2,33.7554,2,117.6,2,63.3,2,0.024,2,,2
119.0,2,7.7262,2,33.7651,2,115.3,2,63.3,2,0.024,2,,2
120.0,2,7.7331,2,33.7745,2,112.7,2,63.1,2,0.024,2,,2
121.0,2,7.7257,2,33.7865,2,111.1,2,63.0,2,0.021,2,,2
122.0,2,7.7193,2,33.791,2,109.6,2,63.0,2,0.021,2,,2
123.0,2,7.7172,2,33.7921,2,108.9,2,63.0,2,0.022000000000000002,2,,2
124.0,2,7.7083,2,33.795,2,108.5,2,63.0,2,0.021,2,,2
125.0,2,7.705,2,33.7954,2,108.4,2,63.0,2,0.024,2,,2
126.0,2,7.7001,2,33.7962,2,108.5,2,63.0,2,0.024,2,,2
127.0,2,7.6948,2,33.7963,2,108.7,2,63.1,2,0.02,2,,2
128.0,2,7.6852,2,33.7978,2,108.9,2,63.1,2,0.018000000000000002,2,,2
129.0,2,7.6772,2,33.8007,2,109.3,2,63.1,2,0.015,2,,2
130.0,2,7.6747,2,33.8011,2,109.4,2,63.1,2,0.019,2,,2
131.0,2,7.6739999999999995,2,33.8019,2,109.7,2,63.1,2,0.018000000000000002,2,,2
132.0,2,7.6652,2,33.8032,2,110.0,2,63.1,2,0.015,2,,2
133.0,2,7.6511,2,33.806,2,110.2,2,63.2,2,0.012,2,,2
134.0,2,7.65,2,33.8068,2,110.1,2,63.2,2,0.012,2,,2
135.0,2,7.6499,2,33.8074,2,110.2,2,63.2,2,0.018000000000000002,2,,2
136.0,2,7.6501,2,33.8074,2,110.0,2,63.2,2,0.019,2,,2
137.0,2,7.6497,2,33.8074,2,110.0,2,63.2,2,0.013999999999999999,2,,2
138.0,2,7.6509,2,33.8077,2,109.8,2,63.2,2,0.019,2,,2
139.0,2,7.6504,2,33.8087,2,109.5,2,63.2,2,0.019,2,,2
140.0,2,7.6357,2,33.8173,2,109.4,2,63.2,2,0.015,2,,2
141.0,2,7.6122,2,33.827,2,109.6,2,63.3,2,0.013999999999999999,2,,2
142.0,2,7.6102,2,33.8274,2,109.8,2,63.3,2,0.02,2,,2
143.0,2,7.6079,2,33.8283,2,109.9,2,63.3,2,0.012,2,,2
144.0,2,7.5981,2,33.8319,2,109.7,2,63.4,2,0.012,2,,2
145.0,2,7.585,2,33.8359,2,109.5,2,63.4,2,0.015,2,,2
146.0,2,7.5693,2,33.8413,2,109.3,2,63.3,2,0.013000000000000001,2,,2
147.0,2,7.5505,2,33.8464,2,109.2,2,63.4,2,0.012,2,,2
148.0,2,7.5416,2,33.8484,2,109.0,2,63.5,2,0.013999999999999999,2,,2
149.0,2,7.5359,2,33.8506,2,108.9,2,63.4,2,0.022000000000000002,2,,2
150.0,2,7.5344,2,33.8515,2,108.7,2,63.5,2,0.012,2,,2
151.0,2,7.5342,2,33.8518,2,108.5,2,63.5,2,0.012,2,,2
152.0,2,7.5339,2,33.8531,2,108.3,2,63.5,2,0.012,2,,2
153.0,2,7.5331,2,33.8564,2,108.0,2,63.5,2,0.016,2,,2
154.0,2,7.5296,2,33.8644,2,107.5,2,63.5,2,0.012,2,,2
155.0,2,7.5181,2,33.8715,2,106.7,2,63.5,2,0.016,2,,2
156.0,2,7.4866,2,33.8782,2,105.7,2,63.5,2,0.012,2,,2
157.0,2,7.4638,2,33.8811,2,104.9,2,63.6,2,0.012,2,,2
158.0,2,7.4442,2,33.8845,2,104.2,2,63.6,2,0.012,2,,2
159.0,2,7.431,2,33.8859,2,103.8,2,63.6,2,0.017,2,,2
160.0,2,7.4218,2,33.8864,2,103.6,2,63.5,2,0.017,2,,2
161.0,2,7.4154,2,33.8863,2,103.3,2,63.6,2,0.013000000000000001,2,,2
162.0,2,7.3914,2,33.8894,2,103.2,2,63.5,2,0.013000000000000001,2,,2
163.0,2,7.3633,2,33.8909,2,103.2,2,63.5,2,0.012,2,,2
164.0,2,7.3489,2,33.8931,2,102.8,2,63.5,2,0.013000000000000001,2,,2
165.0,2,7.3331,2,33.8963,2,102.6,2,63.6,2,0.02,2,,2
166.0,2,7.3324,2,33.8966,2,102.6,2,63.6,2,0.013999999999999999,2,,2
167.0,2,7.3347,2,33.898,2,101.8,2,63.6,2,0.012,2,,2
168.0,2,7.3336,2,33.8991,2,102.5,2,63.6,2,0.015,2,,2
169.0,2,7.336,2,33.9,2,102.6,2,63.6,2,0.012,2,,2
170.0,2,7.3379,2,33.900999999999996,2,100.4,2,63.7,2,0.02,2,,2
171.0,2,7.3421,2,33.9029,2,101.2,2,63.6,2,0.02,2,,2
172.0,2,7.346,2,33.9056,2,100.3,2,63.7,2,0.02,2,,2
173.0,2,7.3485,2,33.9094,2,99.3,2,63.7,2,0.013999999999999999,2,,2
174.0,2,7.3331,2,33.914,2,99.3,2,63.7,2,0.013999999999999999,2,,2
175.0,2,7.3194,2,33.9168,2,98.6,2,63.7,2,0.021,2,,2
176.0,2,7.2971,2,33.9194,2,98.3,2,63.7,2,0.016,2,,2
177.0,2,7.2922,2,33.9204,2,97.9,2,63.7,2,0.021,2,,2
178.0,2,7.2887,2,33.9212,2,97.6,2,63.7,2,0.012,2,,2
179.0,2,7.2841,2,33.9224,2,97.8,2,63.7,2,0.015,2,,2
180.0,2,7.2635,2,33.9274,2,98.2,2,63.8,2,0.024,2,,2
181.0,2,7.2336,2,33.9251,2,98.8,2,63.8,2,0.022000000000000002,2,,2
182.0,2,7.1994,2,33.9232,2,99.3,2,63.7,2,0.017,2,,2
183.0,2,7.1501,2,33.9178,2,99.9,2,63.8,2,0.018000000000000002,2,,2
184.0,2,7.1397,2,33.9162,2,100.4,2,63.8,2,0.016,2,,2
185.0,2,7.1331,2,33.9159,2,100.8,2,63.8,2,0.015,2,,2
186.1,2,7.1216,2,33.9155,2,101.3,2,63.8,2,0.012,2,,2
187.0,2,7.1147,2,33.915,2,101.5,2,63.8,2,0.012,2,,2
188.0,2,7.1094,2,33.9149,2,101.4,2,63.8,2,0.012,2,,2
189.0,2,7.104,2,33.9166,2,101.2,2,63.8,2,0.017,2,,2
190.0,2,7.0989,2,33.9175,2,101.2,2,63.8,2,0.015,2,,2
191.0,2,7.0848,2,33.9196,2,101.3,2,63.8,2,0.016,2,,2
192.0,2,7.0459,2,33.9198,2,101.3,2,63.8,2,0.012,2,,2
193.0,2,7.0386,2,33.9195,2,101.1,2,63.9,2,0.02,2,,2
194.0,2,7.0388,2,33.921,2,100.7,2,63.9,2,0.018000000000000002,2,,2
195.0,2,7.0371,2,33.9231,2,100.1,2,63.9,2,0.024,2,,2
196.0,2,7.0379,2,33.9245,2,99.2,2,63.9,2,0.016,2,,2
197.0,2,7.0386,2,33.9264,2,98.3,2,63.9,2,0.012,2,,2
198.0,2,7.0442,2,33.9298,2,97.5,2,63.8,2,0.023,2,,2
199.0,2,7.0471,2,33.931999999999995,2,96.7,2,63.7,2,0.016,2,,2
200.0,2,7.0425,2,33.9341,2,95.9,2,63.8,2,0.013999999999999999,2,,2
201.0,2,7.0392,2,33.9367,2,95.1,2,63.7,2,0.016,2,,2
202.0,2,7.0333,2,33.9374,2,94.8,2,63.8,2,0.015,2,,2
203.0,2,7.0196,2,33.9357,2,94.8,2,63.8,2,0.017,2,,2
204.0,2,7.0098,2,33.9357,2,94.7,2,63.8,2,0.018000000000000002,2,,2
205.0,2,7.0108,2,33.9364,2,94.5,2,63.8,2,0.013000000000000001,2,,2
206.0,2,6.9991,2,33.9381,2,93.9,2,63.8,2,0.024,2,,2
207.0,2,6.9715,2,33.9368,2,93.3,2,63.8,2,0.02,2,,2
208.0,2,6.9585,2,33.9404,2,92.6,2,63.7,2,0.015,2,,2
209.0,2,6.9453,2,33.9419,2,91.9,2,63.8,2,0.023,2,,2
210.0,2,6.9341,2,33.9435,2,91.4,2,63.7,2,0.016,2,,2
211.0,2,6.9196,2,33.9452,2,91.0,2,63.7,2,0.013999999999999999,2,,2
212.0,2,6.906000000000001,2,33.9462,2,90.7,2,63.7,2,0.015,2,,2
213.0,2,6.8981,2,33.9463,2,90.3,2,63.7,2,0.018000000000000002,2,,2
214.0,2,6.888999999999999,2,33.9474,2,89.8,2,63.7,2,0.017,2,,2
215.0,2,6.8653,2,33.9496,2,89.4,2,63.8,2,0.012,2,,2
216.0,2,6.8553,2,33.9498,2,88.8,2,63.7,2,0.019,2,,2
217.0,2,6.8447,2,33.9507,2,88.2,2,63.8,2,0.016,2,,2
218.0,2,6.8252,2,33.9521,2,87.8,2,63.8,2,0.013000000000000001,2,,2
219.0,2,6.8175,2,33.9528,2,87.3,2,63.8,2,0.013999999999999999,2,,2
220.0,2,6.7965,2,33.9547,2,86.9,2,63.8,2,0.02,2,,2
221.0,2,6.7843,2,33.9548,2,86.6,2,63.8,2,0.018000000000000002,2,,2
222.0,2,6.7779,2,33.9556,2,86.2,2,63.8,2,0.024,2,,2
223.0,2,6.7708,2,33.9561,2,86.0,2,63.8,2,0.016,2,,2
224.0,2,6.7654,2,33.9565,2,85.8,2,63.8,2,0.012,2,,2
225.0,2,6.763,2,33.9565,2,85.5,2,63.8,2,0.018000000000000002,2,,2
226.0,2,6.7589999999999995,2,33.9571,2,85.4,2,63.8,2,0.016,2,,2
227.0,2,6.7567,2,33.957,2,85.3,2,63.8,2,0.018000000000000002,2,,2
228.0,2,6.7561,2,33.9571,2,85.2,2,63.7,2,0.016,2,,2
229.0,2,6.7554,2,33.9573,2,85.0,2,63.8,2,0.012,2,,2
230.0,2,6.7506,2,33.9579,2,84.7,2,63.7,2,0.013000000000000001,2,,2
231.0,2,6.742000000000001,2,33.9588,2,84.4,2,63.8,2,0.013000000000000001,2,,2
232.0,2,6.7276,2,33.9601,2,84.0,2,63.7,2,0.024,2,,2
233.0,2,6.7223,2,33.96,2,83.7,2,63.7,2,0.015,2,,2
234.0,2,6.7163,2,33.9601,2,83.4,2,63.7,2,0.016,2,,2
235.0,2,6.7091,2,33.9608,2,83.2,2,63.7,2,0.012,2,,2
236.0,2,6.6988,2,33.9619,2,83.0,2,63.7,2,0.012,2,,2
237.0,2,6.6961,2,33.961999999999996,2,82.7,2,63.7,2,0.013000000000000001,2,,2
238.0,2,6.695,2,33.9622,2,82.4,2,63.7,2,0.012,2,,2
239.0,2,6.6911,2,33.9631,2,82.1,2,63.7,2,0.012,2,,2
240.0,2,6.6835,2,33.964,2,81.8,2,63.7,2,0.012,2,,2
241.0,2,6.6756,2,33.9653,2,81.4,2,63.7,2,0.012,2,,2
242.0,2,6.6663,2,33.9664,2,81.1,2,63.7,2,0.012,2,,2
243.0,2,6.6457,2,33.9688,2,80.7,2,63.7,2,0.013000000000000001,2,,2
244.0,2,6.6389,2,33.9685,2,80.4,2,63.8,2,0.012,2,,2
245.0,2,6.6349,2,33.9686,2,80.2,2,63.6,2,0.013000000000000001,2,,2
246.0,2,6.6184,2,33.9683,2,80.0,2,63.7,2,0.013999999999999999,2,,2
247.0,2,6.5981,2,33.9676,2,79.8,2,63.7,2,0.012,2,,2
248.0,2,6.596,2,33.9679,2,79.5,2,63.8,2,0.012,2,,2
249.0,2,6.5898,2,33.9685,2,79.3,2,63.7,2,0.012,2,,2
250.0,2,6.584,2,33.9689,2,79.1,2,63.7,2,0.012,2,,2
251.0,2,6.5799,2,33.9693,2,78.8,2,63.7,2,0.013000000000000001,2,,2
252.0,2,6.5753,2,33.9697,2,78.5,2,63.7,2,0.019,2,,2
253.0,2,6.5675,2,33.9706,2,78.2,2,63.7,2,0.013000000000000001,2,,2
254.0,2,6.5631,2,33.9712,2,78.0,2,63.8,2,0.012,2,,2
255.0,2,6.5557,2,33.9724,2,77.7,2,63.7,2,0.012,2,,2
256.0,2,6.5523,2,33.973,2,77.4,2,63.7,2,0.012,2,,2
257.0,2,6.5495,2,33.9736,2,77.1,2,63.7,2,0.012,2,,2
258.0,2,6.5473,2,33.9744,2,76.7,2,63.7,2,0.012,2,,2
259.0,2,6.5414,2,33.9754,2,76.1,2,63.7,2,0.015,2,,2
260.0,2,6.5328,2,33.9774,2,75.2,2,63.8,2,0.017,2,,2
261.0,2,6.5187,2,33.9805,2,74.1,2,63.8,2,0.019,2,,2
262.0,2,6.5077,2,33.9831,2,73.3,2,63.7,2,0.012,2,,2
263.0,2,6.4921,2,33.9854,2,72.5,2,63.8,2,0.012,2,,2
264.0,2,6.4772,2,33.986,2,71.9,2,63.7,2,0.012,2,,2
265.0,2,6.468999999999999,2,33.9867,2,71.3,2,63.7,2,0.018000000000000002,2,,2
266.0,2,6.4639,2,33.9875,2,71.0,2,63.7,2,0.013000000000000001,2,,2
267.0,2,6.4569,2,33.9883,2,70.6,2,63.7,2,0.015,2,,2
268.0,2,6.4537,2,33.9887,2,70.3,2,63.8,2,0.019,2,,2
269.0,2,6.452000000000001,2,33.9889,2,70.0,2,63.7,2,0.022000000000000002,2,,2
270.0,2,6.45,2,33.9893,2,69.6,2,63.7,2,0.013999999999999999,2,,2
271.0,2,6.4458,2,33.9901,2,69.1,2,63.7,2,0.016,2,,2
272.0,2,6.4308,2,33.9922,2,68.4,2,63.7,2,0.013999999999999999,2,,2
273.0,2,6.4184,2,33.9938,2,68.0,2,63.7,2,0.013000000000000001,2,,2
274.0,2,6.4133,2,33.9943,2,67.6,2,63.7,2,0.018000000000000002,2,,2
275.0,2,6.4088,2,33.9947,2,67.3,2,63.7,2,0.02,2,,2
276.0,2,6.4053,2,33.9952,2,67.0,2,63.7,2,0.015,2,,2
277.0,2,6.3991,2,33.9954,2,66.7,2,63.7,2,0.021,2,,2
278.0,2,6.3928,2,33.9957,2,66.5,2,63.7,2,0.016,2,,2
279.0,2,6.3882,2,33.9958,2,66.4,2,63.7,2,0.017,2,,2
280.0,2,6.3837,2,33.996,2,66.2,2,63.7,2,0.024,2,,2
281.0,2,6.3824,2,33.996,2,66.2,2,63.7,2,0.022000000000000002,2,,2
282.0,2,6.3762,2,33.9963,2,66.1,2,63.7,2,0.015,2,,2
283.0,2,6.3467,2,33.9956,2,66.1,2,63.7,2,0.018000000000000002,2,,2
284.0,2,6.3346,2,33.9958,2,66.0,2,63.7,2,0.017,2,,2
285.0,2,6.3314,2,33.9962,2,65.9,2,63.7,2,0.012,2,,2
286.0,2,6.3242,2,33.9963,2,65.8,2,63.7,2,0.013000000000000001,2,,2
287.0,2,6.3142,2,33.9966,2,65.7,2,63.8,2,0.024,2,,2
288.0,2,6.3033,2,33.9973,2,65.4,2,63.8,2,0.021,2,,2
289.0,2,6.2901,2,33.9979,2,65.1,2,63.8,2,0.021,2,,2
290.0,2,6.2807,2,33.9995,2,64.7,2,63.9,2,0.012,2,,2
291.0,2,6.2689,2,34.0001,2,64.3,2,63.9,2,0.017,2,,2
292.0,2,6.2618,2,33.9999,2,64.1,2,63.8,2,0.013999999999999999,2,,2
293.0,2,6.2507,2,34.0014,2,63.8,2,63.8,2,0.017,2,,2
294.0,2,6.2383,2,34.001999999999995,2,63.5,2,63.9,2,0.021,2,,2
295.0,2,6.234,2,34.0025,2,63.2,2,63.9,2,0.023,2,,2
296.0,2,6.231,2,34.0029,2,62.9,2,63.9,2,0.018000000000000002,2,,2
297.0,2,6.2157,2,34.0041,2,62.6,2,63.9,2,0.02,2,,2
298.0,2,6.1992,2,34.0041,2,62.2,2,63.9,2,0.021,2,,2
299.0,2,6.1745,2,34.0045,2,62.0,2,63.9,2,0.012,2,,2
300.0,2,6.166,2,34.0038,2,61.7,2,63.8,2,0.012,2,,2
301.0,2,6.1551,2,34.0045,2,61.4,2,63.8,2,0.017,2,,2
302.0,2,6.1437,2,34.0042,2,61.2,2,63.9,2,0.021,2,,2
303.0,2,6.1349,2,34.0055,2,60.8,2,63.8,2,0.024,2,,2
304.0,2,6.1285,2,34.0061,2,60.5,2,63.9,2,0.013999999999999999,2,,2
305.0,2,6.1204,2,34.0077,2,60.2,2,63.9,2,0.021,2,,2
306.0,2,6.1142,2,34.0086,2,59.7,2,64.0,2,0.02,2,,2
307.0,2,6.1132,2,34.01,2,58.9,2,64.0,2,0.02,2,,2
308.0,2,6.1113,2,34.0126,2,58.1,2,63.9,2,0.012,2,,2
309.0,2,6.1062,2,34.0181,2,57.4,2,64.0,2,0.018000000000000002,2,,2
310.0,2,6.0947,2,34.0192,2,56.9,2,64.0,2,0.024,2,,2
311.0,2,6.087000000000001,2,34.0193,2,56.4,2,64.0,2,0.022000000000000002,2,,2
312.0,2,6.0872,2,34.0191,2,56.0,2,64.0,2,0.017,2,,2
313.0,2,6.084,2,34.0194,2,55.7,2,64.0,2,0.015,2,,2
314.0,2,6.069,2,34.02,2,55.3,2,64.0,2,0.021,2,,2
315.0,2,6.0237,2,34.0208,2,55.0,2,64.0,2,0.024,2,,2
316.0,2,6.0206,2,34.02,2,54.8,2,64.0,2,0.018000000000000002,2,,2
317.0,2,6.0176,2,34.0203,2,54.8,2,64.0,2,0.023,2,,2
318.0,2,5.9998,2,34.0191,2,54.9,2,64.0,2,0.019,2,,2
319.0,2,5.9947,2,34.0181,2,55.0,2,64.0,2,0.023,2,,2
320.0,2,5.9714,2,34.0164,2,55.0,2,64.1,2,0.021,2,,2
321.0,2,5.9696,2,34.0159,2,55.0,2,64.1,2,0.017,2,,2
322.0,2,5.9695,2,34.0161,2,55.0,2,64.0,2,0.018000000000000002,2,,2
323.0,2,5.9697,2,34.0171,2,55.1,2,64.1,2,0.021,2,,2
324.0,2,5.9475,2,34.0164,2,55.0,2,64.1,2,0.024,2,,2
325.0,2,5.928,2,34.0129,2,54.7,2,64.1,2,0.021,2,,2
326.0,2,5.94,2,34.0141,2,54.3,2,64.1,2,0.013000000000000001,2,,2
327.0,2,5.9685,2,34.0216,2,53.9,2,64.1,2,0.016,2,,2
328.0,2,5.9534,2,34.0238,2,53.7,2,64.1,2,0.019,2,,2
329.0,2,5.9333,2,34.0216,2,53.6,2,64.1,2,0.021,2,,2
330.0,2,5.9192,2,34.0201,2,53.6,2,64.1,2,0.021,2,,2
331.0,2,5.9136,2,34.0186,2,53.9,2,64.1,2,0.021,2,,2
331.9,2,5.8906,2,34.0175,2,54.0,2,64.1,2,0.02,2,,2
333.0,2,5.8381,2,34.0136,2,54.3,2,64.2,2,0.024,2,,2
334.0,2,5.8319,2,34.0123,2,54.5,2,64.3,2,0.024,2,,2
335.0,2,5.8314,2,34.0119,2,54.7,2,64.3,2,0.024,2,,2
336.0,2,5.8292,2,34.0121,2,54.9,2,64.2,2,0.023,2,,2
337.0,2,5.8083,2,34.0102,2,55.0,2,64.3,2,0.017,2,,2
338.0,2,5.7999,2,34.0086,2,55.2,2,64.3,2,0.015,2,,2
339.0,2,5.8002,2,34.0084,2,55.3,2,64.3,2,0.022000000000000002,2,,2
340.0,2,5.8023,2,34.0087,2,55.4,2,64.3,2,0.012,2,,2
341.0,2,5.7959,2,34.0082,2,55.6,2,64.3,2,0.022000000000000002,2,,2
342.0,2,5.7934,2,34.008,2,55.8,2,64.3,2,0.02,2,,2
343.0,2,5.7773,2,34.0061,2,56.0,2,64.4,2,0.017,2,,2
344.0,2,5.777,2,34.0057,2,56.1,2,64.4,2,0.024,2,,2
345.0,2,5.7656,2,34.0052,2,56.3,2,64.4,2,0.018000000000000002,2,,2
346.0,2,5.7474,2,34.0034,2,56.3,2,64.4,2,0.02,2,,2
347.0,2,5.7235,2,34.0028,2,56.3,2,64.4,2,0.024,2,,2
348.0,2,5.7088,2,34.0022,2,56.0,2,64.4,2,0.02,2,,2
349.0,2,5.6995,2,34.0032,2,55.7,2,64.4,2,0.023,2,,2
350.0,2,5.7006,2,34.0048,2,55.3,2,64.4,2,0.024,2,,2
351.0,2,5.7068,2,34.0065,2,54.9,2,64.4,2,0.02,2,,2
352.0,2,5.7123,2,34.0086,2,54.3,2,64.4,2,0.019,2,,2
353.2,2,5.7274,2,34.0122,2,53.3,2,64.4,2,0.024,2,,2
354.0,2,5.7553,2,34.0188,2,52.8,2,64.4,2,0.024,2,,2
355.0,2,5.7578,2,34.0222,2,51.9,2,64.4,2,0.018000000000000002,2,,2
356.0,2,5.7673,2,34.0246,2,51.2,2,64.4,2,0.024,2,,2
357.0,2,5.7824,2,34.0284,2,50.6,2,64.4,2,0.024,2,,2
358.0,2,5.7872,2,34.03,2,50.1,2,64.4,2,0.021,2,,2
359.0,2,5.7842,2,34.0303,2,49.7,2,64.4,2,0.023,2,,2
360.0,2,5.774,2,34.0296,2,49.7,2,64.4,2,0.018000000000000002,2,,2
361.0,2,5.7638,2,34.0287,2,49.6,2,64.4,2,0.02,2,,2
362.0,2,5.7584,2,34.0292,2,49.5,2,64.4,2,0.021,2,,2
363.0,2,5.7442,2,34.0279,2,49.3,2,64.3,2,0.024,2,,2
364.0,2,5.7294,2,34.0278,2,49.4,2,64.4,2,0.024,2,,2
365.0,2,5.7095,2,34.0275,2,49.5,2,64.4,2,0.02,2,,2
366.0,2,5.6936,2,34.0256,2,49.4,2,64.4,2,0.023,2,,2
367.0,2,5.6843,2,34.0241,2,49.4,2,64.4,2,0.024,2,,2
368.0,2,5.6798,2,34.0239,2,49.3,2,64.4,2,0.016,2,,2
369.0,2,5.6807,2,34.0248,2,49.3,2,64.4,2,0.024,2,,2
370.0,2,5.6638,2,34.0259,2,49.4,2,64.4,2,0.024,2,,2
371.0,2,5.6258,2,34.022,2,49.6,2,64.4,2,0.012,2,,2
372.0,2,5.608,2,34.0198,2,49.7,2,64.4,2,0.017,2,,2
373.0,2,5.5853,2,34.0177,2,49.9,2,64.4,2,0.017,2,,2
374.0,2,5.559,2,34.0153,2,49.9,2,64.4,2,0.02,2,,2
375.0,2,5.5517,2,34.0163,2,49.7,2,64.4,2,0.024,2,,2
376.0,2,5.5556,2,34.0178,2,49.4,2,64.4,2,0.022000000000000002,2,,2
377.0,2,5.5608,2,34.0203,2,49.2,2,64.4,2,0.018000000000000002,2,,2
378.0,2,5.5609,2,34.0218,2,48.9,2,64.4,2,0.024,2,,2
379.0,2,5.5602,2,34.0224,2,48.5,2,64.4,2,0.023,2,,2
380.0,2,5.555,2,34.0231,2,48.3,2,64.4,2,0.023,2,,2
381.0,2,5.5559,2,34.0249,2,-99.0,2,64.4,2,0.024,2,,2
382.0,2,5.546,2,34.025999999999996,2,-99.0,2,64.4,2,0.015,2,,2
383.0,2,5.5289,2,34.0254,2,-99.0,2,64.4,2,0.023,2,,2
384.0,2,5.5246,2,34.0255,2,-99.0,2,64.4,2,0.02,2,,2
385.0,2,5.515,2,34.0274,2,-99.0,2,64.4,2,0.024,2,,2
386.0,2,5.5098,2,34.0284,2,-99.0,2,64.4,2,0.024,2,,2
387.0,2,5.5086,2,34.0293,2,-99.0,2,64.4,2,0.024,2,,2
388.0,2,5.5081,2,34.0294,2,-99.0,2,64.4,2,0.02,2,,2
389.0,2,5.5047,2,34.0311,2,-99.0,2,64.4,2,0.024,2,,2
390.0,2,5.4968,2,34.0336,2,-99.0,2,64.4,2,0.024,2,,2
391.0,2,5.4957,2,34.0338,2,-99.0,2,64.4,2,0.021,2,,2
392.0,2,5.4953,2,34.0341,2,-99.0,2,64.4,2,0.023,2,,2
393.0,2,5.4915,2,34.035,2,-99.0,2,64.4,2,0.021,2,,2
394.0,2,5.4822,2,34.0363,2,-99.0,2,64.4,2,0.02,2,,2
395.0,2,5.4734,2,34.0365,2,-99.0,2,64.4,2,0.024,2,,2
396.0,2,5.4693,2,34.0373,2,-99.0,2,64.4,2,0.021,2,,2
397.0,2,5.4667,2,34.0375,2,-99.0,2,64.4,2,0.024,2,,2
398.0,2,5.4639,2,34.0381,2,-99.0,2,64.4,2,0.024,2,,2
399.0,2,5.4611,2,34.0388,2,-99.0,2,64.4,2,0.024,2,,2
400.0,2,5.4529,2,34.0414,2,-99.0,2,64.4,2,0.024,2,,2
401.0,2,5.4417,2,34.0442,2,-99.0,2,64.4,2,0.024,2,,2
402.0,2,5.4413,2,34.0454,2,-99.0,2,64.4,2,0.022000000000000002,2,,2
403.0,2,5.442,2,34.0463,2,-99.0,2,64.4,2,0.02,2,,2
404.0,2,5.4353,2,34.0475,2,-99.0,2,64.4,2,0.021,2,,2
405.0,2,5.4295,2,34.0492,2,-99.0,2,64.4,2,0.024,2,,2
406.0,2,5.4235,2,34.0506,2,-99.0,2,64.4,2,0.024,2,,2
407.0,2,5.4177,2,34.0524,2,-99.0,2,64.4,2,0.021,2,,2
408.0,2,5.4216,2,34.055,2,-99.0,2,64.4,2,0.024,2,,2
409.0,2,5.4218,2,34.0565,2,-99.0,2,64.4,2,0.024,2,,2
410.0,2,5.4176,2,34.0571,2,-99.0,2,64.4,2,0.019,2,,2
411.0,2,5.4164,2,34.0572,2,-99.0,2,64.4,2,0.018000000000000002,2,,2
412.0,2,5.4158,2,34.0572,2,-99.0,2,64.4,2,0.024,2,,2
413.0,2,5.4142,2,34.0574,2,-99.0,2,64.4,2,0.024,2,,2
414.0,2,5.4158,2,34.0581,2,-99.0,2,64.4,2,0.022000000000000002,2,,2
415.0,2,5.4166,2,34.0588,2,-99.0,2,64.4,2,0.018000000000000002,2,,2
416.0,2,5.4056,2,34.0603,2,-99.0,2,64.5,2,0.021,2,,2
417.0,2,5.3979,2,34.0614,2,-99.0,2,64.4,2,0.022000000000000002,2,,2
418.0,2,5.3909,2,34.0621,2,-99.0,2,64.4,2,0.024,2,,2
419.0,2,5.3824,2,34.0618,2,-99.0,2,64.5,2,0.024,2,,2
420.0,2,5.3732,2,34.0614,2,-99.0,2,64.5,2,0.021,2,,2
421.0,2,5.3662,2,34.0608,2,-99.0,2,64.4,2,0.019,2,,2
422.0,2,5.3605,2,34.0609,2,-99.0,2,64.5,2,0.02,2,,2
423.0,2,5.3498,2,34.0606,2,-99.0,2,64.4,2,0.02,2,,2
424.0,2,5.3397,2,34.0599,2,-99.0,2,64.4,2,0.021,2,,2
425.0,2,5.3355,2,34.06,2,-99.0,2,64.4,2,0.024,2,,2
426.0,2,5.329,2,34.0601,2,-99.0,2,64.5,2,0.017,2,,2
427.0,2,5.3267,2,34.0599,2,-99.0,2,64.5,2,0.024,2,,2
428.0,2,5.3225,2,34.0602,2,-99.0,2,64.4,2,0.018000000000000002,2,,2
429.0,2,5.3147,2,34.0618,2,-99.0,2,64.4,2,0.024,2,,2
430.0,2,5.3101,2,34.0641,2,-99.0,2,64.5,2,0.024,2,,2
431.0,2,5.3079,2,34.066,2,-99.0,2,64.5,2,0.022000000000000002,2,,2
432.0,2,5.3068,2,34.067,2,-99.0,2,64.5,2,0.024,2,,2
433.0,2,5.3049,2,34.0676,2,-99.0,2,64.5,2,0.024,2,,2
434.0,2,5.2942,2,34.0684,2,-99.0,2,64.5,2,0.024,2,,2
435.0,2,5.2915,2,34.0682,2,-99.0,2,64.5,2,0.024,2,,2
436.0,2,5.2893,2,34.0692,2,-99.0,2,64.5,2,0.024,2,,2
437.0,2,5.2829999999999995,2,34.0729,2,-99.0,2,64.5,2,0.023,2,,2
438.0,2,5.2803,2,34.0754,2,-99.0,2,64.5,2,0.021,2,,2
439.0,2,5.28,2,34.0774,2,-99.0,2,64.5,2,0.024,2,,2
440.0,2,5.2803,2,34.0783,2,-99.0,2,64.5,2,0.024,2,,2
441.0,2,5.2822,2,34.0797,2,-99.0,2,64.5,2,0.022000000000000002,2,,2
442.0,2,5.2909,2,34.0822,2,-99.0,2,64.5,2,0.024,2,,2
443.0,2,5.2955,2,34.0845,2,-99.0,2,64.5,2,0.024,2,,2
444.0,2,5.2967,2,34.0853,2,-99.0,2,64.5,2,0.024,2,,2
445.0,2,5.2956,2,34.0872,2,-99.0,2,64.5,2,0.024,2,,2
446.0,2,5.2888,2,34.0898,2,-99.0,2,64.5,2,0.024,2,,2
447.0,2,5.2776,2,34.0917,2,-99.0,2,64.5,2,0.024,2,,2
448.0,2,5.2749,2,34.0917,2,-99.0,2,64.5,2,0.022000000000000002,2,,2
449.0,2,5.273,2,34.0922,2,-99.0,2,64.6,2,0.024,2,,2
450.0,2,5.2709,2,34.0929,2,-99.0,2,64.5,2,0.024,2,,2
451.0,2,5.2703,2,34.0933,2,-99.0,2,64.5,2,0.024,2,,2
452.0,2,5.27,2,34.0938,2,-99.0,2,64.5,2,0.024,2,,2
453.0,2,5.2701,2,34.0949,2,-99.0,2,64.5,2,0.024,2,,2
454.0,2,5.2701,2,34.0953,2,-99.0,2,64.5,2,0.024,2,,2
455.0,2,5.2625,2,34.1009,2,-99.0,2,64.5,2,0.023,2,,2
456.0,2,5.2542,2,34.104,2,-99.0,2,64.3,2,0.024,2,,2
457.0,2,5.2537,2,34.1049,2,-99.0,2,64.6,2,0.024,2,,2
458.0,2,5.2533,2,34.1049,2,-99.0,2,64.6,2,0.024,2,,2
459.0,2,5.2536,2,34.1051,2,-99.0,2,64.6,2,0.024,2,,2
460.0,2,5.2537,2,34.105,2,-99.0,2,64.4,2,0.024,2,,2
461.0,2,5.2526,2,34.1054,2,-99.0,2,64.6,2,0.024,2,,2
462.0,2,5.2489,2,34.1061,2,-99.0,2,64.6,2,0.024,2,,2
463.0,2,5.2432,2,34.1066,2,-99.0,2,64.6,2,0.024,2,,2
464.0,2,5.2410000000000005,2,34.1066,2,-99.0,2,64.6,2,0.024,2,,2
465.0,2,5.2315,2,34.1078,2,-99.0,2,64.6,2,0.024,2,,2
466.0,2,5.2275,2,34.1079,2,-99.0,2,64.6,2,0.024,2,,2
467.0,2,5.2256,2,34.108000000000004,2,-99.0,2,64.6,2,0.022000000000000002,2,,2
468.0,2,5.2224,2,34.1083,2,-99.0,2,64.6,2,0.024,2,,2
469.0,2,5.2145,2,34.1089,2,-99.0,2,64.5,2,0.024,2,,2
470.0,2,5.2132,2,34.109,2,-99.0,2,64.6,2,0.024,2,,2
471.0,2,5.209,2,34.1093,2,-99.0,2,64.6,2,0.024,2,,2
472.0,2,5.2062,2,34.1094,2,-99.0,2,64.6,2,0.024,2,,2
473.0,2,5.1943,2,34.1106,2,-99.0,2,64.6,2,0.024,2,,2
474.0,2,5.1775,2,34.1121,2,-99.0,2,64.6,2,0.024,2,,2
475.0,2,5.1709,2,34.1137,2,-99.0,2,64.6,2,0.024,2,,2
476.0,2,5.1653,2,34.1148,2,-99.0,2,64.6,2,0.024,2,,2
477.0,2,5.16,2,34.115,2,-99.0,2,64.6,2,0.024,2,,2
478.0,2,5.1564,2,34.1155,2,-99.0,2,64.6,2,0.024,2,,2
479.0,2,5.1531,2,34.1157,2,-99.0,2,64.6,2,0.024,2,,2
480.0,2,5.1461,2,34.1172,2,-99.0,2,64.6,2,0.024,2,,2
481.0,2,5.1383,2,34.1186,2,-99.0,2,64.6,2,0.024,2,,2
482.0,2,5.1344,2,34.1194,2,-99.0,2,64.6,2,0.024,2,,2
483.0,2,5.1318,2,34.1197,2,-99.0,2,64.6,2,0.024,2,,2
484.0,2,5.1277,2,34.1205,2,-99.0,2,64.6,2,0.024,2,,2
485.0,2,5.1248,2,34.1207,2,-99.0,2,64.6,2,0.024,2,,2
486.0,2,5.1225,2,34.1212,2,-99.0,2,64.6,2,0.024,2,,2
487.0,2,5.1166,2,34.1226,2,-99.0,2,64.6,2,0.024,2,,2
488.0,2,5.1152,2,34.1228,2,-99.0,2,64.4,2,0.024,2,,2
489.0,2,5.1149,2,34.1228,2,-99.0,2,64.6,2,0.024,2,,2
490.0,2,5.1147,2,34.123000000000005,2,-99.0,2,64.6,2,0.024,2,,2
491.0,2,5.1136,2,34.1238,2,-99.0,2,64.6,2,0.022000000000000002,2,,2
492.0,2,5.1085,2,34.1243,2,-99.0,2,64.6,2,0.023,2,,2
493.0,2,5.104,2,34.1244,2,-99.0,2,64.6,2,0.024,2,,2
494.0,2,5.0981,2,34.1254,2,-99.0,2,64.6,2,0.024,2,,2
495.0,2,5.0972,2,34.1263,2,-99.0,2,64.5,2,0.024,2,,2
496.0,2,5.0969,2,34.1264,2,-99.0,2,64.6,2,0.024,2,,2
497.0,2,5.0967,2,34.1267,2,-99.0,2,64.6,2,0.024,2,,2
498.0,2,5.0923,2,34.1276,2,-99.0,2,64.6,2,0.024,2,,2
499.0,2,5.0867,2,34.1274,2,-99.0,2,64.6,2,0.024,2,,2
500.0,2,5.0627,2,34.1273,2,-99.0,2,64.6,2,0.024,2,,2
501.0,2,5.0124,2,34.1246,2,-99.0,2,64.6,2,0.024,2,,2
502.0,2,4.9968,2,34.1229,2,-99.0,2,64.6,2,0.018000000000000002,2,,2
503.0,2,4.9912,2,34.1227,2,-99.0,2,64.6,2,0.024,2,,2
504.0,2,4.9858,2,34.1221,2,-99.0,2,64.6,2,0.024,2,,2
505.0,2,4.985,2,34.1218,2,-99.0,2,64.6,2,0.024,2,,2
506.0,2,4.982,2,34.1217,2,-99.0,2,64.6,2,0.024,2,,2
507.0,2,4.9817,2,34.1217,2,-99.0,2,64.6,2,0.024,2,,2
508.0,2,4.9783,2,34.122,2,-99.0,2,64.6,2,0.018000000000000002,2,,2
509.0,2,4.9354,2,34.1216,2,-99.0,2,64.6,2,0.024,2,,2
510.0,2,4.9239999999999995,2,34.1208,2,-99.0,2,64.6,2,0.024,2,,2
511.0,2,4.9193,2,34.1207,2,-99.0,2,64.6,2,0.024,2,,2
512.0,2,4.9144,2,34.1214,2,-99.0,2,64.5,2,0.024,2,,2
513.0,2,4.9103,2,34.1222,2,-99.0,2,64.5,2,0.023,2,,2
514.0,2,4.8936,2,34.1238,2,-99.0,2,64.6,2,0.024,2,,2
515.0,2,4.8921,2,34.1234,2,-99.0,2,64.6,2,0.024,2,,2
516.0,2,4.88,2,34.1227,2,-99.0,2,64.6,2,0.024,2,,2
517.0,2,4.8742,2,34.1215,2,-99.0,2,64.6,2,0.024,2,,2
518.0,2,4.8713,2,34.1217,2,-99.0,2,64.6,2,0.024,2,,2
519.0,2,4.8583,2,34.1208,2,-99.0,2,64.6,2,0.024,2,,2
520.0,2,4.8382,2,34.1203,2,-99.0,2,64.6,2,0.024,2,,2
521.0,2,4.823,2,34.1186,2,-99.0,2,64.6,2,0.024,2,,2
522.0,2,4.8222,2,34.1183,2,-99.0,2,64.6,2,0.024,2,,2
523.0,2,4.8153,2,34.1187,2,-99.0,2,64.6,2,0.024,2,,2
524.0,2,4.8053,2,34.1187,2,-99.0,2,64.6,2,0.024,2,,2
525.0,2,4.7994,2,34.119,2,-99.0,2,64.6,2,0.024,2,,2
526.0,2,4.798,2,34.1196,2,-99.0,2,64.6,2,0.024,2,,2
527.0,2,4.7967,2,34.1206,2,-99.0,2,64.5,2,0.024,2,,2
528.0,2,4.7964,2,34.1228,2,-99.0,2,64.6,2,0.02,2,,2
529.0,2,4.7935,2,34.1247,2,-99.0,2,64.6,2,0.024,2,,2
530.0,2,4.7921,2,34.1255,2,-99.0,2,64.6,2,0.024,2,,2
531.0,2,4.7911,2,34.1267,2,-99.0,2,64.6,2,0.024,2,,2
532.0,2,4.7767,2,34.1274,2,-99.0,2,64.6,2,0.024,2,,2
533.0,2,4.7578,2,34.1258,2,-99.0,2,64.6,2,0.024,2,,2
534.0,2,4.7459,2,34.1268,2,-99.0,2,64.6,2,0.024,2,,2
535.0,2,4.7491,2,34.129,2,-99.0,2,64.6,2,0.024,2,,2
536.0,2,4.7501,2,34.1304,2,-99.0,2,64.5,2,0.024,2,,2
537.0,2,4.7501,2,34.1311,2,-99.0,2,64.6,2,0.024,2,,2
538.0,2,4.7496,2,34.1319,2,-99.0,2,64.6,2,0.022000000000000002,2,,2
539.0,2,4.7491,2,34.1328,2,-99.0,2,64.6,2,0.024,2,,2
540.0,2,4.749,2,34.1334,2,-99.0,2,64.6,2,0.024,2,,2
541.0,2,4.7488,2,34.1341,2,-99.0,2,64.6,2,0.024,2,,2
542.0,2,4.751,2,34.1354,2,-99.0,2,64.6,2,0.024,2,,2
543.0,2,4.757,2,34.1378,2,-99.0,2,64.6,2,0.024,2,,2
544.0,2,4.7584,2,34.1388,2,-99.0,2,64.6,2,0.024,2,,2
545.0,2,4.757,2,34.1399,2,-99.0,2,64.6,2,0.024,2,,2
546.0,2,4.752,2,34.1409,2,-99.0,2,64.6,2,0.024,2,,2
547.0,2,4.748,2,34.1413,2,-99.0,2,64.6,2,0.024,2,,2
548.0,2,4.7426,2,34.1419,2,-99.0,2,64.6,2,0.024,2,,2
549.0,2,4.7316,2,34.1429,2,-99.0,2,64.6,2,0.024,2,,2
550.0,2,4.7113,2,34.146,2,-99.0,2,64.6,2,0.024,2,,2
551.0,2,4.6966,2,34.1463,2,-99.0,2,64.6,2,0.024,2,,2
552.0,2,4.6945,2,34.147,2,-99.0,2,64.6,2,0.024,2,,2
553.0,2,4.6898,2,34.1475,2,-99.0,2,64.6,2,0.024,2,,2
554.0,2,4.6833,2,34.1479,2,-99.0,2,64.6,2,0.024,2,,2
555.0,2,4.686,2,34.1503,2,-99.0,2,64.6,2,0.024,2,,2
556.0,2,4.6898,2,34.1546,2,-99.0,2,64.6,2,0.024,2,,2
557.0,2,4.6852,2,34.1553,2,-99.0,2,64.6,2,0.024,2,,2
558.0,2,4.6709,2,34.1546,2,-99.0,2,64.6,2,0.024,2,,2
559.0,2,4.6617,2,34.1541,2,-99.0,2,64.6,2,0.024,2,,2
560.0,2,4.6531,2,34.1545,2,-99.0,2,64.6,2,0.024,2,,2
561.0,2,4.6489,2,34.154,2,-99.0,2,64.6,2,0.024,2,,2
562.0,2,4.6439,2,34.1537,2,-99.0,2,64.6,2,0.024,2,,2
563.0,2,4.6439,2,34.1534,2,-99.0,2,64.6,2,0.024,2,,2
564.0,2,4.6437,2,34.1537,2,-99.0,2,64.6,2,0.024,2,,2
565.0,2,4.6358,2,34.1538,2,-99.0,2,64.5,2,0.024,2,,2
566.0,2,4.6337,2,34.1536,2,-99.0,2,64.6,2,0.024,2,,2
567.0,2,4.6314,2,34.1535,2,-99.0,2,64.6,2,0.024,2,,2
568.0,2,4.6307,2,34.1535,2,-99.0,2,64.6,2,0.024,2,,2
569.0,2,4.6274,2,34.1534,2,-99.0,2,64.6,2,0.024,2,,2
570.0,2,4.6217,2,34.1538,2,-99.0,2,64.6,2,0.024,2,,2
571.0,2,4.5998,2,34.1539,2,-99.0,2,64.6,2,0.024,2,,2
572.0,2,4.5942,2,34.1532,2,-99.0,2,64.6,2,0.024,2,,2
573.0,2,4.5926,2,34.1532,2,-99.0,2,64.6,2,0.024,2,,2
574.0,2,4.5879,2,34.1532,2,-99.0,2,64.6,2,0.024,2,,2
575.0,2,4.5799,2,34.1551,2,-99.0,2,64.6,2,0.024,2,,2
576.0,2,4.5756,2,34.1559,2,-99.0,2,64.6,2,0.024,2,,2
577.0,2,4.5766,2,34.1574,2,-99.0,2,64.6,2,0.024,2,,2
578.0,2,4.579,2,34.1588,2,-99.0,2,64.6,2,0.024,2,,2
579.0,2,4.5815,2,34.1596,2,-99.0,2,64.6,2,0.024,2,,2
580.0,2,4.5823,2,34.16,2,-99.0,2,64.6,2,0.024,2,,2
581.0,2,4.5760000000000005,2,34.1634,2,-99.0,2,64.6,2,0.024,2,,2
582.0,2,4.5722,2,34.1665,2,-99.0,2,64.6,2,0.024,2,,2
583.0,2,4.5658,2,34.1674,2,-99.0,2,64.6,2,0.024,2,,2
584.0,2,4.5538,2,34.1667,2,-99.0,2,64.6,2,0.024,2,,2
585.0,2,4.529,2,34.1658,2,-99.0,2,64.6,2,0.024,2,,2
586.0,2,4.4882,2,34.1626,2,-99.0,2,64.5,2,0.024,2,,2
587.0,2,4.47,2,34.161,2,-99.0,2,64.6,2,0.024,2,,2
588.0,2,4.4539,2,34.1595,2,-99.0,2,64.6,2,0.024,2,,2
589.0,2,4.4524,2,34.1594,2,-99.0,2,64.6,2,0.024,2,,2
590.0,2,4.4510000000000005,2,34.1598,2,-99.0,2,64.6,2,0.024,2,,2
591.0,2,4.4506,2,34.1601,2,-99.0,2,64.6,2,0.024,2,,2
592.0,2,4.4504,2,34.1603,2,-99.0,2,64.6,2,0.024,2,,2
593.0,2,4.4495,2,34.161,2,-99.0,2,64.5,2,0.024,2,,2
594.0,2,4.4493,2,34.1616,2,-99.0,2,64.6,2,0.024,2,,2
595.0,2,4.447,2,34.1626,2,-99.0,2,64.6,2,0.024,2,,2
596.0,2,4.4449,2,34.1638,2,-99.0,2,64.6,2,0.024,2,,2
597.0,2,4.4438,2,34.1642,2,-99.0,2,64.6,2,0.024,2,,2
598.0,2,4.4424,2,34.1651,2,-99.0,2,64.4,2,0.024,2,,2
599.0,2,4.4416,2,34.1664,2,-99.0,2,64.5,2,0.024,2,,2
600.0,2,4.4405,2,34.1673,2,-99.0,2,64.5,2,0.024,2,,2
601.0,2,4.4386,2,34.168,2,-99.0,2,64.6,2,0.024,2,,2
602.0,2,4.4374,2,34.1681,2,-99.0,2,64.6,2,0.024,2,,2
603.0,2,4.4369,2,34.1682,2,-99.0,2,64.6,2,0.024,2,,2
604.0,2,4.4343,2,34.1682,2,-99.0,2,64.6,2,0.024,2,,2
605.0,2,4.4292,2,34.1684,2,-99.0,2,64.5,2,0.024,2,,2
606.0,2,4.426,2,34.1693,2,-99.0,2,64.6,2,0.024,2,,2
607.0,2,4.4172,2,34.17,2,-99.0,2,64.6,2,0.024,2,,2
608.0,2,4.4115,2,34.1698,2,-99.0,2,64.6,2,0.024,2,,2
609.0,2,4.4084,2,34.1699,2,-99.0,2,64.5,2,0.024,2,,2
610.0,2,4.4097,2,34.1702,2,-99.0,2,64.6,2,0.024,2,,2
611.0,2,4.4266,2,34.173,2,-99.0,2,64.6,2,0.024,2,,2
612.0,2,4.4279,2,34.1772,2,-99.0,2,64.6,2,0.024,2,,2
613.0,2,4.4056,2,34.1759,2,-99.0,2,64.5,2,0.024,2,,2
614.0,2,4.3935,2,34.1747,2,-99.0,2,64.6,2,0.024,2,,2
615.0,2,4.3947,2,34.1751,2,-99.0,2,64.6,2,0.024,2,,2
616.0,2,4.3937,2,34.1757,2,-99.0,2,64.6,2,0.024,2,,2
617.0,2,4.3865,2,34.1754,2,-99.0,2,64.6,2,0.024,2,,2
618.0,2,4.3796,2,34.175,2,-99.0,2,64.6,2,0.024,2,,2
619.0,2,4.3825,2,34.1765,2,-99.0,2,64.6,2,0.024,2,,2
620.0,2,4.3784,2,34.1785,2,-99.0,2,64.6,2,0.024,2,,2
621.0,2,4.3748,2,34.1786,2,-99.0,2,64.6,2,0.024,2,,2
622.0,2,4.3685,2,34.1785,2,-99.0,2,64.6,2,0.024,2,,2
623.0,2,4.3639,2,34.1784,2,-99.0,2,64.4,2,0.024,2,,2
624.0,2,4.3527,2,34.1786,2,-99.0,2,64.6,2,0.024,2,,2
625.0,2,4.3437,2,34.1782,2,-99.0,2,64.6,2,0.024,2,,2
626.0,2,4.3369,2,34.1784,2,-99.0,2,64.6,2,0.024,2,,2
627.0,2,4.3343,2,34.1788,2,-99.0,2,64.5,2,0.024,2,,2
628.0,2,4.3323,2,34.1792,2,-99.0,2,64.6,2,0.024,2,,2
629.0,2,4.3278,2,34.1799,2,-99.0,2,64.5,2,0.024,2,,2
630.0,2,4.3248,2,34.1806,2,-99.0,2,64.6,2,0.024,2,,2
631.0,2,4.3237,2,34.1805,2,-99.0,2,64.6,2,0.024,2,,2
632.0,2,4.319,2,34.1812,2,-99.0,2,64.6,2,0.024,2,,2
633.0,2,4.3148,2,34.1814,2,-99.0,2,64.6,2,0.024,2,,2
634.1,2,4.3101,2,34.1818,2,-99.0,2,64.6,2,0.024,2,,2
634.9,2,4.3083,2,34.1819,2,-99.0,2,64.6,2,0.024,2,,2
636.0,2,4.3051,2,34.1824,2,-99.0,2,64.6,2,0.024,2,,2
637.0,2,4.3026,2,34.1829,2,-99.0,2,64.6,2,0.024,2,,2
638.0,2,4.2937,2,34.1839,2,-99.0,2,64.6,2,0.024,2,,2
639.0,2,4.2874,2,34.1844,2,-99.0,2,64.6,2,0.024,2,,2
640.0,2,4.2817,2,34.1865,2,-99.0,2,64.6,2,0.024,2,,2
641.0,2,4.2765,2,34.189,2,-99.0,2,64.6,2,0.024,2,,2
642.0,2,4.275,2,34.19,2,-99.0,2,64.6,2,0.024,2,,2
643.0,2,4.2746,2,34.1903,2,-99.0,2,64.6,2,0.024,2,,2
644.0,2,4.2757,2,34.1907,2,-99.0,2,64.6,2,0.024,2,,2
645.0,2,4.277,2,34.1911,2,-99.0,2,64.5,2,0.024,2,,2
646.0,2,4.2780000000000005,2,34.1917,2,-99.0,2,64.5,2,0.024,2,,2
647.0,2,4.2801,2,34.1927,2,-99.0,2,64.6,2,0.024,2,,2
648.0,2,4.2832,2,34.1941,2,-99.0,2,64.5,2,0.024,2,,2
649.0,2,4.2844,2,34.1947,2,-99.0,2,64.5,2,0.024,2,,2
650.0,2,4.2849,2,34.1948,2,-99.0,2,64.5,2,0.024,2,,2
651.0,2,4.2916,2,34.1967,2,-99.0,2,64.5,2,0.024,2,,2
652.0,2,4.2963,2,34.1984,2,-99.0,2,64.5,2,0.024,2,,2
653.0,2,4.3017,2,34.1998,2,-99.0,2,64.5,2,0.024,2,,2
654.0,2,4.311,2,34.202,2,-99.0,2,64.5,2,0.024,2,,2
655.0,2,4.3318,2,34.2071,2,-99.0,2,64.5,2,0.024,2,,2
656.0,2,4.3392,2,34.2096,2,-99.0,2,64.5,2,0.024,2,,2
657.0,2,4.3587,2,34.2138,2,-99.0,2,64.5,2,0.024,2,,2
658.0,2,4.3627,2,34.2166,2,-99.0,2,64.5,2,0.024,2,,2
659.0,2,4.3506,2,34.216,2,-99.0,2,64.4,2,0.024,2,,2
660.0,2,4.3479,2,34.2155,2,-99.0,2,64.4,2,0.024,2,,2
661.0,2,4.3469,2,34.2152,2,-99.0,2,64.5,2,0.024,2,,2
662.0,2,4.3471,2,34.2151,2,-99.0,2,64.5,2,0.024,2,,2
663.0,2,4.3478,2,34.215,2,-99.0,2,64.4,2,0.024,2,,2
664.0,2,4.3522,2,34.2161,2,-99.0,2,64.4,2,0.024,2,,2
665.0,2,4.3497,2,34.2162,2,-99.0,2,64.4,2,0.024,2,,2
666.0,2,4.3487,2,34.216,2,-99.0,2,64.4,2,0.024,2,,2
667.0,2,4.3489,2,34.2161,2,-99.0,2,64.4,2,0.024,2,,2
668.0,2,4.3478,2,34.2159,2,-99.0,2,64.4,2,0.024,2,,2
669.0,2,4.3449,2,34.2155,2,-99.0,2,64.4,2,0.024,2,,2
670.0,2,4.3448,2,34.2155,2,-99.0,2,64.5,2,0.024,2,,2
671.0,2,4.3417,2,34.2152,2,-99.0,2,64.4,2,0.024,2,,2
672.0,2,4.3416,2,34.2157,2,-99.0,2,64.4,2,0.024,2,,2
673.0,2,4.3384,2,34.216,2,-99.0,2,64.4,2,0.024,2,,2
674.0,2,4.3361,2,34.2161,2,-99.0,2,64.4,2,0.024,2,,2
675.0,2,4.3341,2,34.2167,2,-99.0,2,64.5,2,0.024,2,,2
676.0,2,4.3143,2,34.2163,2,-99.0,2,64.5,2,0.033,2,,2
677.0,2,4.3124,2,34.2188,2,-99.0,2,64.5,2,0.024,2,,2
678.0,2,4.3149,2,34.2198,2,-99.0,2,64.5,2,0.024,2,,2
679.0,2,4.3165,2,34.2207,2,-99.0,2,64.4,2,0.024,2,,2
680.0,2,4.317,2,34.2208,2,-99.0,2,64.5,2,0.024,2,,2
681.0,2,4.3179,2,34.2214,2,-99.0,2,64.5,2,0.024,2,,2
682.0,2,4.3179,2,34.2218,2,-99.0,2,64.4,2,0.024,2,,2
683.0,2,4.3179,2,34.2219,2,-99.0,2,64.4,2,0.024,2,,2
684.0,2,4.3186,2,34.2234,2,-99.0,2,64.4,2,0.024,2,,2
685.0,2,4.3217,2,34.2256,2,-99.0,2,64.4,2,0.024,2,,2
686.0,2,4.328,2,34.2286,2,-99.0,2,64.4,2,0.024,2,,2
687.0,2,4.3287,2,34.2292,2,-99.0,2,64.4,2,0.024,2,,2
688.0,2,4.3291,2,34.2296,2,-99.0,2,64.4,2,0.024,2,,2
689.0,2,4.3296,2,34.23,2,-99.0,2,64.4,2,0.024,2,,2
690.0,2,4.3331,2,34.2306,2,-99.0,2,64.4,2,0.024,2,,2
691.0,2,4.3468,2,34.2363,2,-99.0,2,64.4,2,0.024,2,,2
692.0,2,4.3419,2,34.238,2,-99.0,2,64.4,2,0.024,2,,2
693.0,2,4.3425,2,34.2388,2,-99.0,2,64.4,2,0.024,2,,2
694.0,2,4.3435,2,34.239000000000004,2,-99.0,2,64.4,2,0.024,2,,2
695.0,2,4.3513,2,34.2436,2,-99.0,2,64.4,2,0.024,2,,2
696.0,2,4.35,2,34.2449,2,-99.0,2,64.4,2,0.024,2,,2
697.0,2,4.3488,2,34.2452,2,-99.0,2,64.4,2,0.024,2,,2
698.0,2,4.3473,2,34.2454,2,-99.0,2,64.4,2,0.024,2,,2
699.0,2,4.3454,2,34.2458,2,-99.0,2,64.4,2,0.024,2,,2
700.0,2,4.3413,2,34.2464,2,-99.0,2,64.4,2,0.024,2,,2
701.0,2,4.3405,2,34.2468,2,-99.0,2,64.4,2,0.024,2,,2
702.0,2,4.3433,2,34.2481,2,-99.0,2,64.4,2,0.024,2,,2
703.0,2,4.3363,2,34.2493,2,-99.0,2,64.4,2,0.024,2,,2
704.0,2,4.3275,2,34.2487,2,-99.0,2,64.4,2,0.024,2,,2
705.0,2,4.3257,2,34.2488,2,-99.0,2,64.4,2,0.024,2,,2
706.0,2,4.3229,2,34.2526,2,-99.0,2,64.4,2,0.024,2,,2
707.0,2,4.3216,2,34.2538,2,-99.0,2,64.4,2,0.024,2,,2
708.0,2,4.3207,2,34.2547,2,-99.0,2,64.4,2,0.024,2,,2
709.0,2,4.3201,2,34.255,2,-99.0,2,64.4,2,0.024,2,,2
710.0,2,4.3199,2,34.2551,2,-99.0,2,64.4,2,0.024,2,,2
711.0,2,4.3197,2,34.2554,2,-99.0,2,64.4,2,0.024,2,,2
712.0,2,4.3193,2,34.2557,2,-99.0,2,64.4,2,0.024,2,,2
713.0,2,4.3185,2,34.256,2,-99.0,2,64.4,2,0.024,2,,2
714.0,2,4.3179,2,34.2564,2,-99.0,2,64.4,2,0.024,2,,2
715.0,2,4.3168,2,34.2567,2,-99.0,2,64.4,2,0.024,2,,2
716.0,2,4.3155,2,34.2573,2,-99.0,2,64.4,2,0.024,2,,2
717.0,2,4.3146,2,34.2575,2,-99.0,2,64.4,2,0.024,2,,2
718.0,2,4.3137,2,34.2577,2,-99.0,2,64.4,2,0.024,2,,2
719.0,2,4.3129,2,34.258,2,-99.0,2,64.4,2,0.024,2,,2
720.0,2,4.3115,2,34.2587,2,-99.0,2,64.4,2,0.024,2,,2
721.0,2,4.3097,2,34.2599,2,-99.0,2,64.3,2,0.024,2,,2
722.0,2,4.3057,2,34.2613,2,-99.0,2,64.4,2,0.024,2,,2
723.0,2,4.2978,2,34.2632,2,-99.0,2,64.4,2,0.024,2,,2
724.0,2,4.2935,2,34.2641,2,-99.0,2,64.4,2,0.024,2,,2
725.0,2,4.2905,2,34.2646,2,-99.0,2,64.4,2,0.024,2,,2
726.0,2,4.2886,2,34.2648,2,-99.0,2,64.4,2,0.024,2,,2
727.0,2,4.2869,2,34.2653,2,-99.0,2,64.4,2,0.024,2,,2
728.0,2,4.2845,2,34.2655,2,-99.0,2,64.4,2,0.024,2,,2
729.0,2,4.284,2,34.2657,2,-99.0,2,64.4,2,0.024,2,,2
730.0,2,4.283,2,34.2659,2,-99.0,2,64.4,2,0.024,2,,2
731.0,2,4.2802,2,34.2659,2,-99.0,2,64.4,2,0.024,2,,2
732.0,2,4.2787,2,34.2659,2,-99.0,2,64.4,2,0.024,2,,2
733.0,2,4.2774,2,34.2659,2,-99.0,2,64.4,2,0.024,2,,2
734.0,2,4.2743,2,34.2658,2,-99.0,2,64.4,2,0.024,2,,2
735.0,2,4.2698,2,34.2659,2,-99.0,2,64.4,2,0.024,2,,2
736.0,2,4.2625,2,34.2658,2,-99.0,2,64.4,2,0.024,2,,2
737.0,2,4.2528,2,34.2652,2,-99.0,2,64.4,2,0.024,2,,2
738.0,2,4.2425,2,34.2641,2,-99.0,2,64.4,2,0.024,2,,2
739.0,2,4.2347,2,34.2631,2,-99.0,2,64.4,2,0.024,2,,2
740.0,2,4.2273,2,34.262,2,-99.0,2,64.4,2,0.024,2,,2
741.0,2,4.2242,2,34.2616,2,-99.0,2,64.4,2,0.024,2,,2
742.0,2,4.2228,2,34.2617,2,-99.0,2,64.4,2,0.024,2,,2
743.0,2,4.2109,2,34.2608,2,-99.0,2,64.4,2,0.024,2,,2
744.0,2,4.197,2,34.259,2,-99.0,2,64.4,2,0.024,2,,2
745.0,2,4.183,2,34.2574,2,-99.0,2,64.4,2,0.024,2,,2
745.9,2,4.1454,2,34.2555,2,-99.0,2,64.4,2,0.024,2,,2
747.0,2,4.0879,2,34.248000000000005,2,-99.0,2,64.5,2,0.024,2,,2
748.0,2,4.0681,2,34.2456,2,-99.0,2,64.5,2,0.024,2,,2
749.0,2,4.0502,2,34.2443,2,-99.0,2,64.5,2,0.024,2,,2
750.0,2,4.0391,2,34.242,2,-99.0,2,64.5,2,0.024,2,,2
751.0,2,4.0277,2,34.2402,2,-99.0,2,64.6,2,0.024,2,,2
752.0,2,4.0206,2,34.2392,2,-99.0,2,64.6,2,0.024,2,,2
753.0,2,4.0179,2,34.239000000000004,2,-99.0,2,64.6,2,0.024,2,,2
754.0,2,4.0179,2,34.2394,2,-99.0,2,64.6,2,0.024,2,,2
755.0,2,4.0168,2,34.2397,2,-99.0,2,64.6,2,0.024,2,,2
756.0,2,4.0123,2,34.2399,2,-99.0,2,64.6,2,0.024,2,,2
757.0,2,4.0043,2,34.2392,2,-99.0,2,64.5,2,0.024,2,,2
758.0,2,3.9935,2,34.2398,2,-99.0,2,64.6,2,0.024,2,,2
759.0,2,3.99,2,34.2396,2,-99.0,2,64.6,2,0.024,2,,2
760.0,2,4.0195,2,34.2471,2,-99.0,2,64.6,2,0.024,2,,2
761.0,2,4.016,2,34.2497,2,-99.0,2,64.6,2,0.024,2,,2
762.0,2,4.013,2,34.2497,2,-99.0,2,64.6,2,0.024,2,,2
763.0,2,4.0122,2,34.2499,2,-99.0,2,64.6,2,0.024,2,,2
764.0,2,4.0125,2,34.2504,2,-99.0,2,64.5,2,0.024,2,,2
765.0,2,4.0133,2,34.2507,2,-99.0,2,64.6,2,0.024,2,,2
766.0,2,4.0138,2,34.2509,2,-99.0,2,64.6,2,0.024,2,,2
767.0,2,4.0148,2,34.2517,2,-99.0,2,64.6,2,0.024,2,,2
768.0,2,4.0148,2,34.2519,2,-99.0,2,64.6,2,0.024,2,,2
769.0,2,4.0127,2,34.2524,2,-99.0,2,64.5,2,0.024,2,,2
770.0,2,4.0122,2,34.2539,2,-99.0,2,64.6,2,0.024,2,,2
771.0,2,4.0082,2,34.2544,2,-99.0,2,64.5,2,0.024,2,,2
772.0,2,4.0069,2,34.2545,2,-99.0,2,64.6,2,0.027000000000000003,2,,2
773.0,2,4.0067,2,34.2545,2,-99.0,2,64.6,2,0.024,2,,2
774.0,2,4.0037,2,34.2547,2,-99.0,2,64.6,2,0.024,2,,2
775.0,2,3.9993,2,34.2544,2,-99.0,2,64.5,2,0.024,2,,2
776.0,2,3.9774,2,34.2532,2,-99.0,2,64.6,2,0.024,2,,2
777.0,2,3.9777,2,34.2546,2,-99.0,2,64.6,2,0.024,2,,2
778.0,2,3.958,2,34.2545,2,-99.0,2,64.6,2,0.024,2,,2
779.0,2,3.9519,2,34.2537,2,-99.0,2,64.6,2,0.024,2,,2
779.9,2,3.9539999999999997,2,34.254,2,-99.0,2,64.6,2,0.024,2,,2
781.0,2,3.9601,2,34.2557,2,-99.0,2,64.6,2,0.024,2,,2
782.0,2,3.9642,2,34.2579,2,-99.0,2,64.6,2,0.024,2,,2
783.0,2,3.9610000000000003,2,34.2582,2,-99.0,2,64.6,2,0.024,2,,2
784.0,2,3.9572,2,34.2586,2,-99.0,2,64.6,2,0.024,2,,2
785.0,2,3.9534,2,34.2602,2,-99.0,2,64.6,2,0.024,2,,2
786.0,2,3.9539999999999997,2,34.2608,2,-99.0,2,64.6,2,0.024,2,,2
787.0,2,3.9569,2,34.2618,2,-99.0,2,64.6,2,0.024,2,,2
788.0,2,3.9584,2,34.2623,2,-99.0,2,64.6,2,0.024,2,,2
789.0,2,3.9648,2,34.2634,2,-99.0,2,64.6,2,0.024,2,,2
790.0,2,3.9668,2,34.2639,2,-99.0,2,64.6,2,0.024,2,,2
791.0,2,3.9718,2,34.2651,2,-99.0,2,64.5,2,0.024,2,,2
792.0,2,3.9811,2,34.2674,2,-99.0,2,64.5,2,0.024,2,,2
793.0,2,3.9935,2,34.2715,2,-99.0,2,64.5,2,0.024,2,,2
794.0,2,3.9919,2,34.2723,2,-99.0,2,64.5,2,0.024,2,,2
795.0,2,3.9908,2,34.2723,2,-99.0,2,64.5,2,0.024,2,,2
796.0,2,3.9979,2,34.2735,2,-99.0,2,64.5,2,0.024,2,,2
797.0,2,4.0158,2,34.277,2,-99.0,2,64.5,2,0.024,2,,2
798.0,2,4.0584,2,34.2878,2,-99.0,2,64.4,2,0.024,2,,2
799.0,2,4.0751,2,34.2914,2,-99.0,2,64.4,2,0.024,2,,2
800.0,2,4.0818,2,34.2935,2,-99.0,2,64.4,2,0.024,2,,2
801.0,2,4.0929,2,34.2953,2,-99.0,2,64.4,2,0.024,2,,2
802.0,2,4.0948,2,34.2964,2,-99.0,2,64.4,2,0.024,2,,2
803.0,2,4.0965,2,34.2974,2,-99.0,2,64.4,2,0.024,2,,2
804.0,2,4.0983,2,34.2992,2,-99.0,2,64.3,2,0.024,2,,2
805.0,2,4.1014,2,34.3005,2,-99.0,2,64.4,2,0.024,2,,2
806.0,2,4.1008,2,34.3024,2,-99.0,2,64.4,2,0.024,2,,2
807.0,2,4.099,2,34.303000000000004,2,-99.0,2,64.4,2,0.024,2,,2
808.0,2,4.091,2,34.3049,2,-99.0,2,64.3,2,0.024,2,,2
809.0,2,4.0875,2,34.3051,2,-99.0,2,64.3,2,0.024,2,,2
810.0,2,4.0863,2,34.3051,2,-99.0,2,64.2,2,0.024,2,,2
811.0,2,4.0856,2,34.3052,2,-99.0,2,64.2,2,0.024,2,,2
812.0,2,4.085,2,34.3053,2,-99.0,2,64.2,2,0.024,2,,2
813.0,2,4.0845,2,34.3055,2,-99.0,2,64.2,2,0.024,2,,2
814.0,2,4.0835,2,34.3056,2,-99.0,2,64.2,2,0.024,2,,2
815.0,2,4.0813,2,34.3062,2,-99.0,2,64.3,2,0.024,2,,2
816.0,2,4.0796,2,34.3064,2,-99.0,2,64.3,2,0.024,2,,2
817.0,2,4.0728,2,34.3081,2,-99.0,2,64.3,2,0.024,2,,2
818.0,2,4.0724,2,34.308,2,-99.0,2,64.3,2,0.024,2,,2
819.0,2,4.0706,2,34.3086,2,-99.0,2,64.3,2,0.024,2,,2
820.0,2,4.0676,2,34.3092,2,-99.0,2,64.3,2,0.024,2,,2
821.0,2,4.0659,2,34.3096,2,-99.0,2,64.3,2,0.024,2,,2
822.0,2,4.061,2,34.3107,2,-99.0,2,64.3,2,0.024,2,,2
823.0,2,4.0542,2,34.312,2,-99.0,2,64.2,2,0.024,2,,2
823.7,2,4.0518,2,34.3124,2,-99.0,2,64.2,2,0.024,2,,2
825.1,2,4.0479,2,34.3133,2,-99.0,2,64.2,2,0.024,2,,2
826.0,2,4.0464,2,34.3134,2,-99.0,2,64.2,2,0.024,2,,2
827.0,2,4.0461,2,34.3135,2,-99.0,2,64.2,2,0.024,2,,2
828.0,2,4.0462,2,34.3135,2,-99.0,2,64.2,2,0.024,2,,2
829.0,2,4.046,2,34.3137,2,-99.0,2,64.2,2,0.024,2,,2
830.0,2,4.046,2,34.3136,2,-99.0,2,64.2,2,0.024,2,,2
831.0,2,4.045,2,34.3139,2,-99.0,2,64.2,2,0.024,2,,2
832.0,2,4.0423,2,34.3146,2,-99.0,2,64.2,2,0.024,2,,2
833.0,2,4.0374,2,34.3157,2,-99.0,2,64.2,2,0.024,2,,2
834.0,2,4.0311,2,34.3169,2,-99.0,2,64.1,2,0.024,2,,2
835.0,2,4.0307,2,34.3169,2,-99.0,2,64.1,2,0.024,2,,2
836.0,2,4.0291,2,34.3174,2,-99.0,2,64.1,2,0.024,2,,2
837.0,2,4.0267,2,34.3178,2,-99.0,2,64.1,2,0.024,2,,2
838.0,2,4.0254,2,34.318000000000005,2,-99.0,2,64.1,2,0.024,2,,2
839.0,2,4.0243,2,34.3182,2,-99.0,2,64.1,2,0.024,2,,2
840.0,2,4.0236,2,34.3184,2,-99.0,2,64.1,2,0.024,2,,2
841.0,2,4.0225,2,34.3186,2,-99.0,2,64.1,2,0.024,2,,2
842.0,2,4.022,2,34.3188,2,-99.0,2,64.1,2,0.024,2,,2
843.0,2,4.0207,2,34.3192,2,-99.0,2,64.1,2,0.024,2,,2
844.0,2,4.016,2,34.3204,2,-99.0,2,64.1,2,0.024,2,,2
845.0,2,4.0119,2,34.3209,2,-99.0,2,64.1,2,0.024,2,,2
846.0,2,4.0071,2,34.3219,2,-99.0,2,64.1,2,0.024,2,,2
847.0,2,4.0037,2,34.3225,2,-99.0,2,64.0,2,0.024,2,,2
848.0,2,4.0011,2,34.3229,2,-99.0,2,64.0,2,0.024,2,,2
849.0,2,3.9995,2,34.3233,2,-99.0,2,64.0,2,0.024,2,,2
850.0,2,3.9982,2,34.3236,2,-99.0,2,64.0,2,0.024,2,,2
851.0,2,3.9976,2,34.3237,2,-99.0,2,64.0,2,0.024,2,,2
852.0,2,3.9972,2,34.3239,2,-99.0,2,64.0,2,0.024,2,,2
853.0,2,3.9966,2,34.3242,2,-99.0,2,64.0,2,0.024,2,,2
854.0,2,3.9943,2,34.3247,2,-99.0,2,64.0,2,0.024,2,,2
855.0,2,3.9928,2,34.3249,2,-99.0,2,64.1,2,0.024,2,,2
856.0,2,3.9901,2,34.3257,2,-99.0,2,64.1,2,0.024,2,,2
857.0,2,3.9854,2,34.3267,2,-99.0,2,64.0,2,0.024,2,,2
858.0,2,3.9791,2,34.3281,2,-99.0,2,64.0,2,0.024,2,,2
859.0,2,3.9758,2,34.3286,2,-99.0,2,64.0,2,0.024,2,,2
860.0,2,3.9746,2,34.3288,2,-99.0,2,63.9,2,0.024,2,,2
861.0,2,3.9736,2,34.3289,2,-99.0,2,63.9,2,0.024,2,,2
862.0,2,3.9707,2,34.3296,2,-99.0,2,64.0,2,0.024,2,,2
863.0,2,3.9669,2,34.3304,2,-99.0,2,63.9,2,0.024,2,,2
864.0,2,3.9617,2,34.3315,2,-99.0,2,63.9,2,0.024,2,,2
865.0,2,3.9589,2,34.332,2,-99.0,2,63.9,2,0.024,2,,2
866.0,2,3.9573,2,34.332,2,-99.0,2,63.9,2,0.024,2,,2
867.0,2,3.9566,2,34.3322,2,-99.0,2,63.9,2,0.024,2,,2
868.0,2,3.9557,2,34.3325,2,-99.0,2,63.9,2,0.024,2,,2
869.0,2,3.9552,2,34.3328,2,-99.0,2,63.9,2,0.024,2,,2
870.0,2,3.9545,2,34.3329,2,-99.0,2,63.9,2,0.024,2,,2
871.0,2,3.9537,2,34.3331,2,-99.0,2,63.9,2,0.024,2,,2
872.0,2,3.9529,2,34.3333,2,-99.0,2,63.9,2,0.024,2,,2
873.0,2,3.9517,2,34.3334,2,-99.0,2,63.9,2,0.024,2,,2
874.0,2,3.9505,2,34.3337,2,-99.0,2,63.9,2,0.024,2,,2
875.0,2,3.9482,2,34.3344,2,-99.0,2,64.0,2,0.024,2,,2
876.0,2,3.9465,2,34.3349,2,-99.0,2,64.0,2,0.024,2,,2
877.0,2,3.9434,2,34.3356,2,-99.0,2,64.1,2,0.024,2,,2
878.0,2,3.9417,2,34.3358,2,-99.0,2,64.1,2,0.024,2,,2
879.0,2,3.9404,2,34.3362,2,-99.0,2,64.1,2,0.024,2,,2
880.0,2,3.9349,2,34.3373,2,-99.0,2,64.1,2,0.024,2,,2
881.0,2,3.931,2,34.3379,2,-99.0,2,64.1,2,0.024,2,,2
882.0,2,3.926,2,34.3388,2,-99.0,2,64.1,2,0.024,2,,2
883.0,2,3.9235,2,34.3391,2,-99.0,2,64.1,2,0.024,2,,2
884.0,2,3.9192,2,34.3399,2,-99.0,2,64.1,2,0.024,2,,2
885.0,2,3.9131,2,34.341,2,-99.0,2,64.1,2,0.024,2,,2
886.0,2,3.9097,2,34.3415,2,-99.0,2,64.0,2,0.024,2,,2
887.0,2,3.9045,2,34.3425,2,-99.0,2,64.0,2,0.024,2,,2
888.0,2,3.8983,2,34.3433,2,-99.0,2,64.0,2,0.024,2,,2
889.0,2,3.8939999999999997,2,34.344,2,-99.0,2,64.0,2,0.024,2,,2
890.0,2,3.8911,2,34.3443,2,-99.0,2,63.9,2,0.024,2,,2
891.0,2,3.8848,2,34.3454,2,-99.0,2,63.9,2,0.024,2,,2
892.0,2,3.8789,2,34.3463,2,-99.0,2,63.8,2,0.024,2,,2
893.0,2,3.8734,2,34.3475,2,-99.0,2,63.8,2,0.024,2,,2
894.0,2,3.8673,2,34.3486,2,-99.0,2,63.9,2,0.024,2,,2
895.0,2,3.8623,2,34.3495,2,-99.0,2,63.9,2,0.024,2,,2
896.0,2,3.8536,2,34.3508,2,-99.0,2,63.8,2,0.024,2,,2
897.0,2,3.8498,2,34.3511,2,-99.0,2,63.7,2,0.024,2,,2
898.0,2,3.8474,2,34.3516,2,-99.0,2,63.7,2,0.024,2,,2
899.0,2,3.8455,2,34.3517,2,-99.0,2,63.6,2,0.024,2,,2
900.0,2,3.8433,2,34.3521,2,-99.0,2,63.6,2,0.024,2,,2
900.8,2,3.8421,2,34.3521,2,-99.0,2,63.5,2,0.024,2,,2
902.3,2,3.8158,2,34.3574,2,-99.0,2,63.5,2,0.024,2,,2
903.0,2,3.8127,2,34.3574,2,-99.0,2,63.5,2,0.024,2,,2
904.0,2,3.8076,2,34.3581,2,-99.0,2,63.5,2,0.024,2,,2
905.0,2,3.8017,2,34.3592,2,-99.0,2,63.5,2,0.024,2,,2
906.0,2,3.7977,2,34.3597,2,-99.0,2,63.5,2,0.024,2,,2
907.0,2,3.7885,2,34.3615,2,-99.0,2,63.5,2,0.024,2,,2
908.0,2,3.7818,2,34.3625,2,-99.0,2,63.5,2,0.024,2,,2
909.0,2,3.7718,2,34.3642,2,-99.0,2,63.5,2,0.024,2,,2
910.0,2,3.7644,2,34.3654,2,-99.0,2,63.5,2,0.024,2,,2
911.0,2,3.7622,2,34.3657,2,-99.0,2,63.5,2,0.024,2,,2
912.0,2,3.7582,2,34.3664,2,-99.0,2,63.5,2,0.024,2,,2
913.0,2,3.7539999999999996,2,34.3672,2,-99.0,2,63.5,2,0.024,2,,2
914.0,2,3.7489999999999997,2,34.3681,2,-99.0,2,63.5,2,0.024,2,,2
915.0,2,3.7465,2,34.3684,2,-99.0,2,63.5,2,0.024,2,,2
916.0,2,3.7449,2,34.3687,2,-99.0,2,63.5,2,0.024,2,,2
917.0,2,3.7442,2,34.3687,2,-99.0,2,63.5,2,0.024,2,,2
918.0,2,3.7439,2,34.3688,2,-99.0,2,63.5,2,0.024,2,,2
919.0,2,3.7426,2,34.369,2,-99.0,2,63.5,2,0.024,2,,2
920.0,2,3.7412,2,34.3694,2,-99.0,2,63.5,2,0.024,2,,2
921.0,2,3.7388,2,34.37,2,-99.0,2,63.5,2,0.024,2,,2
922.0,2,3.7341,2,34.3711,2,-99.0,2,63.5,2,0.024,2,,2
923.0,2,3.7329,2,34.3711,2,-99.0,2,63.5,2,0.024,2,,2
924.0,2,3.7306,2,34.3717,2,-99.0,2,63.6,2,0.024,2,,2
925.0,2,3.7256,2,34.3727,2,-99.0,2,63.6,2,0.024,2,,2
926.0,2,3.7178,2,34.374,2,-99.0,2,63.6,2,0.024,2,,2
927.0,2,3.7109,2,34.3752,2,-99.0,2,63.7,2,0.024,2,,2
928.0,2,3.7049,2,34.3761,2,-99.0,2,63.7,2,0.024,2,,2
929.0,2,3.7017,2,34.3765,2,-99.0,2,63.7,2,0.024,2,,2
930.0,2,3.6989,2,34.376999999999995,2,-99.0,2,63.7,2,0.024,2,,2
931.0,2,3.6963,2,34.3774,2,-99.0,2,63.7,2,0.024,2,,2
932.0,2,3.6944,2,34.3778,2,-99.0,2,63.7,2,0.024,2,,2
933.0,2,3.6911,2,34.3785,2,-99.0,2,63.7,2,0.024,2,,2
933.6,2,3.6876,2,34.379,2,-99.0,2,63.8,2,0.024,2,,2
935.0,2,3.682,2,34.3798,2,-99.0,2,63.7,2,0.024,2,,2
936.0,2,3.6775,2,34.3805,2,-99.0,2,63.7,2,0.024,2,,2
937.0,2,3.6759,2,34.3806,2,-99.0,2,63.7,2,0.024,2,,2
938.0,2,3.6685,2,34.382,2,-99.0,2,63.7,2,0.024,2,,2
939.0,2,3.6652,2,34.3822,2,-99.0,2,63.6,2,0.024,2,,2
940.0,2,3.6636,2,34.3825,2,-99.0,2,63.6,2,0.024,2,,2
941.1,2,3.6621,2,34.3826,2,-99.0,2,63.6,2,0.024,2,,2
942.0,2,3.6572,2,34.3837,2,-99.0,2,63.6,2,0.024,2,,2
943.0,2,3.6528,2,34.3841,2,-99.0,2,63.6,2,0.024,2,,2
944.0,2,3.6498,2,34.3846,2,-99.0,2,63.6,2,0.024,2,,2
945.0,2,3.6476,2,34.385,2,-99.0,2,63.6,2,0.024,2,,2
946.0,2,3.6449,2,34.3854,2,-99.0,2,63.6,2,0.024,2,,2
947.0,2,3.6431,2,34.3856,2,-99.0,2,63.7,2,0.024,2,,2
948.0,2,3.6406,2,34.3861,2,-99.0,2,63.7,2,0.024,2,,2
949.0,2,3.6396,2,34.3863,2,-99.0,2,63.7,2,0.024,2,,2
950.0,2,3.6384,2,34.3866,2,-99.0,2,63.7,2,0.024,2,,2
951.0,2,3.6381,2,34.3866,2,-99.0,2,63.7,2,0.024,2,,2
952.0,2,3.6382,2,34.3866,2,-99.0,2,63.7,2,0.024,2,,2
953.0,2,3.6376,2,34.3869,2,-99.0,2,63.7,2,0.024,2,,2
954.0,2,3.6353,2,34.3875,2,-99.0,2,63.7,2,0.024,2,,2
955.0,2,3.6336,2,34.3877,2,-99.0,2,63.8,2,0.024,2,,2
956.0,2,3.6335,2,34.3878,2,-99.0,2,63.9,2,0.024,2,,2
957.0,2,3.63,2,34.3885,2,-99.0,2,63.9,2,0.024,2,,2
958.0,2,3.6263,2,34.3891,2,-99.0,2,63.9,2,0.024,2,,2
959.0,2,3.6224,2,34.3897,2,-99.0,2,63.9,2,0.024,2,,2
960.0,2,3.6202,2,34.39,2,-99.0,2,63.9,2,0.024,2,,2
961.0,2,3.6179,2,34.3902,2,-99.0,2,64.0,2,0.024,2,,2
962.0,2,3.6165,2,34.3904,2,-99.0,2,64.0,2,0.024,2,,2
963.0,2,3.6162,2,34.3904,2,-99.0,2,64.0,2,0.024,2,,2
964.0,2,3.6155,2,34.3906,2,-99.0,2,63.9,2,0.024,2,,2
965.0,2,3.6151,2,34.3907,2,-99.0,2,63.9,2,0.024,2,,2
966.0,2,3.615,2,34.3908,2,-99.0,2,63.9,2,0.024,2,,2
967.0,2,3.6142,2,34.3909,2,-99.0,2,63.9,2,0.024,2,,2
968.0,2,3.6118,2,34.3913,2,-99.0,2,64.0,2,0.024,2,,2
969.0,2,3.609,2,34.3917,2,-99.0,2,63.9,2,0.024,2,,2
970.0,2,3.6087,2,34.3919,2,-99.0,2,63.9,2,0.024,2,,2
971.0,2,3.6079,2,34.3921,2,-99.0,2,63.9,2,0.024,2,,2
972.0,2,3.6068,2,34.3922,2,-99.0,2,64.0,2,0.024,2,,2
973.0,2,3.6058,2,34.3924,2,-99.0,2,63.9,2,0.024,2,,2
974.1,2,3.6045,2,34.3924,2,-99.0,2,63.9,2,0.026000000000000002,2,,2
975.0,2,3.6038,2,34.3925,2,-99.0,2,63.9,2,0.024,2,,2
976.0,2,3.6031,2,34.3928,2,-99.0,2,64.0,2,0.024,2,,2
977.0,2,3.6013,2,34.393,2,-99.0,2,64.0,2,0.026000000000000002,2,,2
978.0,2,3.5987,2,34.3935,2,-99.0,2,63.9,2,0.024,2,,2
979.0,2,3.596,2,34.3939,2,-99.0,2,64.0,2,0.026000000000000002,2,,2
980.0,2,3.5922,2,34.3947,2,-99.0,2,63.9,2,0.024,2,,2
981.0,2,3.5885,2,34.3951,2,-99.0,2,63.9,2,0.024,2,,2
982.0,2,3.5869999999999997,2,34.3953,2,-99.0,2,63.9,2,0.024,2,,2
983.0,2,3.5857,2,34.3955,2,-99.0,2,63.9,2,0.024,2,,2
984.0,2,3.5815,2,34.3961,2,-99.0,2,63.9,2,0.024,2,,2
985.0,2,3.5785,2,34.3967,2,-99.0,2,63.9,2,0.024,2,,2
986.0,2,3.5728,2,34.3975,2,-99.0,2,63.9,2,0.024,2,,2
987.0,2,3.571,2,34.3977,2,-99.0,2,63.9,2,0.024,2,,2
988.0,2,3.568,2,34.3982,2,-99.0,2,63.9,2,0.024,2,,2
989.0,2,3.5660000000000003,2,34.3983,2,-99.0,2,63.9,2,0.024,2,,2
990.0,2,3.5639999999999996,2,34.3987,2,-99.0,2,63.9,2,0.024,2,,2
991.0,2,3.5586,2,34.3996,2,-99.0,2,63.9,2,0.024,2,,2
992.0,2,3.5516,2,34.4006,2,-99.0,2,64.0,2,0.027999999999999997,2,,2
993.0,2,3.548,2,34.4011,2,-99.0,2,64.1,2,0.024,2,,2
994.0,2,3.5453,2,34.4013,2,-99.0,2,64.1,2,0.024,2,,2
995.0,2,3.5447,2,34.4014,2,-99.0,2,64.1,2,0.024,2,,2
996.0,2,3.5435,2,34.4016,2,-99.0,2,64.1,2,0.024,2,,2
997.0,2,3.5410000000000004,2,34.4019,2,-99.0,2,64.1,2,0.024,2,,2
998.0,2,3.5373,2,34.4024,2,-99.0,2,64.1,2,0.024,2,,2
999.0,2,3.5356,2,34.4025,2,-99.0,2,64.1,2,0.024,2,,2
1000.0,2,3.5346,2,34.4027,2,-99.0,2,64.1,2,0.024,2,,2
1001.0,2,3.5343,2,34.4027,2,-99.0,2,64.1,2,0.024,2,,2
1002.0,2,3.533,2,34.4031,2,-99.0,2,64.1,2,0.024,2,,2
1003.0,2,3.5326,2,34.4031,2,-99.0,2,64.1,2,0.024,2,,2
1004.0,2,3.5324,2,34.4031,2,-99.0,2,64.1,2,0.024,2,,2
1005.0,2,3.5325,2,34.4031,2,-99.0,2,64.1,2,0.024,2,,2
1006.0,2,3.5318,2,34.4033,2,-99.0,2,64.1,2,0.025,2,,2
1007.0,2,3.5315,2,34.4033,2,-99.0,2,64.0,2,0.024,2,,2
1008.0,2,3.5309,2,34.4036,2,-99.0,2,64.1,2,0.024,2,,2
1009.0,2,3.5297,2,34.4038,2,-99.0,2,64.1,2,0.024,2,,2
1010.0,2,3.5278,2,34.4043,2,-99.0,2,64.1,2,0.024,2,,2
1011.0,2,3.5263,2,34.4046,2,-99.0,2,64.1,2,0.024,2,,2
1012.0,2,3.5232,2,34.4052,2,-99.0,2,64.2,2,0.024,2,,2
1013.0,2,3.5188,2,34.4061,2,-99.0,2,64.2,2,0.024,2,,2
1014.0,2,3.5161,2,34.4064,2,-99.0,2,64.2,2,0.024,2,,2
1015.0,2,3.5129,2,34.4069,2,-99.0,2,64.2,2,0.024,2,,2
1016.0,2,3.5112,2,34.407,2,-99.0,2,64.2,2,0.024,2,,2
1017.0,2,3.5071,2,34.4077,2,-99.0,2,64.2,2,0.024,2,,2
1018.0,2,3.5039999999999996,2,34.4081,2,-99.0,2,64.3,2,0.024,2,,2
1019.0,2,3.5019,2,34.4084,2,-99.0,2,64.3,2,0.024,2,,2
1020.0,2,3.4983,2,34.4091,2,-99.0,2,64.3,2,0.024,2,,2
1021.0,2,3.4916,2,34.4101,2,-99.0,2,64.2,2,0.024,2,,2
1022.0,2,3.4859,2,34.4108,2,-99.0,2,64.2,2,0.024,2,,2
1023.0,2,3.4817,2,34.4113,2,-99.0,2,64.2,2,0.024,2,,2
1024.0,2,3.4799,2,34.4115,2,-99.0,2,64.2,2,0.024,2,,2
1025.0,2,3.4789999999999996,2,34.4116,2,-99.0,2,64.2,2,0.024,2,,2
1026.0,2,3.4787,2,34.4116,2,-99.0,2,64.2,2,0.024,2,,2
1027.0,2,3.4787,2,34.4116,2,-99.0,2,64.2,2,0.024,2,,2
1028.0,2,3.4786,2,34.4116,2,-99.0,2,64.2,2,0.024,2,,2
1029.0,2,3.4735,2,34.4126,2,-99.0,2,64.1,2,0.024,2,,2
1030.0,2,3.4705,2,34.4129,2,-99.0,2,64.1,2,0.024,2,,2
1031.0,2,3.4694,2,34.4131,2,-99.0,2,64.1,2,0.024,2,,2
1032.0,2,3.4648,2,34.414,2,-99.0,2,64.2,2,0.024,2,,2
1033.0,2,3.4628,2,34.414,2,-99.0,2,64.1,2,0.024,2,,2
1034.0,2,3.4605,2,34.4143,2,-99.0,2,64.1,2,0.024,2,,2
1035.1,2,3.4569,2,34.4148,2,-99.0,2,64.1,2,0.024,2,,2
1036.0,2,3.4531,2,34.4153,2,-99.0,2,64.1,2,0.024,2,,2
1037.0,2,3.4495,2,34.4157,2,-99.0,2,64.1,2,0.024,2,,2
1038.0,2,3.4482,2,34.4158,2,-99.0,2,64.1,2,0.024,2,,2
1039.0,2,3.4451,2,34.4165,2,-99.0,2,64.1,2,0.024,2,,2
1040.0,2,3.4427,2,34.4168,2,-99.0,2,64.0,2,0.024,2,,2
1041.0,2,3.4417,2,34.4169,2,-99.0,2,64.1,2,0.024,2,,2
1042.0,2,3.44,2,34.4172,2,-99.0,2,64.1,2,0.024,2,,2
1043.0,2,3.4353,2,34.4179,2,-99.0,2,64.0,2,0.024,2,,2
1044.0,2,3.4307,2,34.4183,2,-99.0,2,63.9,2,0.024,2,,2
1045.0,2,3.4268,2,34.4186,2,-99.0,2,63.7,2,0.025,2,,2
1046.0,2,3.4243,2,34.4189,2,-99.0,2,63.7,2,0.024,2,,2
1047.0,2,3.4231,2,34.419000000000004,2,-99.0,2,63.8,2,0.024,2,,2
1048.0,2,3.4215,2,34.4192,2,-99.0,2,63.7,2,0.024,2,,2
1049.0,2,3.4196,2,34.4196,2,-99.0,2,63.7,2,0.024,2,,2
1050.0,2,3.4168,2,34.4199,2,-99.0,2,63.7,2,0.024,2,,2
1051.0,2,3.4162,2,34.42,2,-99.0,2,63.7,2,0.024,2,,2
1052.0,2,3.4134,2,34.4206,2,-99.0,2,63.7,2,0.024,2,,2
1053.0,2,3.4057,2,34.4217,2,-99.0,2,63.6,2,0.024,2,,2
1054.0,2,3.3931,2,34.4228,2,-99.0,2,63.4,2,0.024,2,,2
1055.0,2,3.3916,2,34.4227,2,-99.0,2,63.3,2,0.024,2,,2
1056.0,2,3.3899,2,34.423,2,-99.0,2,63.3,2,0.024,2,,2
1057.0,2,3.3888,2,34.4233,2,-99.0,2,63.3,2,0.024,2,,2
1058.0,2,3.3865,2,34.4238,2,-99.0,2,63.3,2,0.024,2,,2
1059.0,2,3.3846,2,34.4241,2,-99.0,2,63.4,2,0.024,2,,2
1060.0,2,3.3824,2,34.4244,2,-99.0,2,63.5,2,0.024,2,,2
1061.0,2,3.3824,2,34.4244,2,-99.0,2,63.5,2,0.025,2,,2
1062.0,2,3.3823,2,34.4245,2,-99.0,2,63.5,2,0.027000000000000003,2,,2
1063.0,2,3.3822,2,34.4246,2,-99.0,2,63.5,2,0.024,2,,2
1064.0,2,3.3822,2,34.4245,2,-99.0,2,63.5,2,0.024,2,,2
1065.0,2,3.3815,2,34.4248,2,-99.0,2,63.5,2,0.024,2,,2
1066.0,2,3.3804,2,34.4251,2,-99.0,2,63.5,2,0.024,2,,2
1067.0,2,3.3789,2,34.4252,2,-99.0,2,63.6,2,0.024,2,,2
1068.0,2,3.375,2,34.4258,2,-99.0,2,63.5,2,0.024,2,,2
1069.0,2,3.3721,2,34.426,2,-99.0,2,63.5,2,0.024,2,,2
1070.0,2,3.3712,2,34.4262,2,-99.0,2,63.6,2,0.024,2,,2
1071.0,2,3.3689999999999998,2,34.4268,2,-99.0,2,63.7,2,0.024,2,,2
1072.0,2,3.3662,2,34.4271,2,-99.0,2,63.7,2,0.024,2,,2
1073.0,2,3.3624,2,34.4276,2,-99.0,2,63.7,2,0.024,2,,2
1074.0,2,3.3591,2,34.4281,2,-99.0,2,63.7,2,0.024,2,,2
1075.0,2,3.3564,2,34.4283,2,-99.0,2,63.6,2,0.024,2,,2
1076.0,2,3.3539,2,34.4284,2,-99.0,2,63.4,2,0.024,2,,2
1077.0,2,3.3519,2,34.4285,2,-99.0,2,63.3,2,0.024,2,,2
1078.0,2,3.3516,2,34.4286,2,-99.0,2,63.4,2,0.024,2,,2
1079.0,2,3.3513,2,34.4286,2,-99.0,2,63.4,2,0.024,2,,2
1080.0,2,3.3505,2,34.4289,2,-99.0,2,63.4,2,0.024,2,,2
1081.0,2,3.3485,2,34.4289,2,-99.0,2,63.3,2,0.024,2,,2
1082.0,2,3.3468,2,34.4291,2,-99.0,2,63.3,2,0.024,2,,2
1083.0,2,3.3452,2,34.4293,2,-99.0,2,63.2,2,0.024,2,,2
1084.0,2,3.3423,2,34.4299,2,-99.0,2,63.3,2,0.027999999999999997,2,,2
1085.0,2,3.3414,2,34.43,2,-99.0,2,63.3,2,0.024,2,,2
1086.0,2,3.341,2,34.4302,2,-99.0,2,63.3,2,0.024,2,,2
1087.0,2,3.3403,2,34.4303,2,-99.0,2,63.3,2,0.024,2,,2
1088.0,2,3.3386,2,34.4305,2,-99.0,2,63.3,2,0.024,2,,2
1089.0,2,3.338,2,34.4305,2,-99.0,2,63.3,2,0.024,2,,2
1090.0,2,3.3369999999999997,2,34.4306,2,-99.0,2,63.3,2,0.024,2,,2
1091.0,2,3.3342,2,34.4311,2,-99.0,2,63.2,2,0.024,2,,2
1092.0,2,3.3329,2,34.4312,2,-99.0,2,63.2,2,0.024,2,,2
1093.0,2,3.3319,2,34.4313,2,-99.0,2,63.3,2,0.024,2,,2
1094.0,2,3.3315,2,34.4315,2,-99.0,2,63.3,2,0.024,2,,2
1095.0,2,3.3308,2,34.4315,2,-99.0,2,63.2,2,0.024,2,,2
1096.0,2,3.3294,2,34.4317,2,-99.0,2,63.2,2,0.024,2,,2
1097.0,2,3.3268,2,34.431999999999995,2,-99.0,2,63.1,2,0.024,2,,2
1098.0,2,3.3265,2,34.4318,2,-99.0,2,63.1,2,0.024,2,,2
1099.0,2,3.3265,2,34.4319,2,-99.0,2,63.1,2,0.024,2,,2
1100.0,2,3.326,2,34.4321,2,-99.0,2,63.2,2,0.024,2,,2
1101.0,2,3.3226,2,34.4326,2,-99.0,2,63.1,2,0.024,2,,2
1102.0,2,3.3195,2,34.4328,2,-99.0,2,63.1,2,0.024,2,,2
1103.0,2,3.3186,2,34.4328,2,-99.0,2,63.1,2,0.024,2,,2
1104.0,2,3.3179,2,34.4329,2,-99.0,2,63.1,2,0.024,2,,2
1105.0,2,3.3167,2,34.433,2,-99.0,2,63.1,2,0.024,2,,2
1106.0,2,3.3159,2,34.4331,2,-99.0,2,63.1,2,0.027999999999999997,2,,2
1107.0,2,3.3157,2,34.4334,2,-99.0,2,63.1,2,0.024,2,,2
1108.0,2,3.3147,2,34.4334,2,-99.0,2,63.1,2,0.024,2,,2
1109.0,2,3.3131,2,34.434,2,-99.0,2,63.2,2,0.024,2,,2
1110.0,2,3.3116,2,34.4343,2,-99.0,2,63.2,2,0.024,2,,2
1111.0,2,3.3109,2,34.4342,2,-99.0,2,63.2,2,0.028999999999999998,2,,2
1112.0,2,3.3107,2,34.4343,2,-99.0,2,63.2,2,0.024,2,,2
1113.0,2,3.3105,2,34.4344,2,-99.0,2,63.2,2,0.024,2,,2
1114.0,2,3.3099,2,34.4346,2,-99.0,2,63.3,2,0.024,2,,2
1115.0,2,3.3097,2,34.4345,2,-99.0,2,63.3,2,0.024,2,,2
1116.0,2,3.3093,2,34.4347,2,-99.0,2,63.3,2,0.024,2,,2
1117.0,2,3.3083,2,34.4348,2,-99.0,2,63.4,2,0.024,2,,2
1118.0,2,3.3067,2,34.4351,2,-99.0,2,63.4,2,0.026000000000000002,2,,2
1119.0,2,3.3038,2,34.4356,2,-99.0,2,63.3,2,0.026000000000000002,2,,2
1120.0,2,3.3017,2,34.4358,2,-99.0,2,63.4,2,0.024,2,,2
1121.0,2,3.3011,2,34.4358,2,-99.0,2,63.4,2,0.024,2,,2
1122.0,2,3.3005,2,34.4359,2,-99.0,2,63.3,2,0.024,2,,2
1123.0,2,3.2987,2,34.4363,2,-99.0,2,63.3,2,0.024,2,,2
1124.0,2,3.2949,2,34.4368,2,-99.0,2,63.3,2,0.024,2,,2
1125.0,2,3.292,2,34.437,2,-99.0,2,63.3,2,0.024,2,,2
1126.0,2,3.2914,2,34.4369,2,-99.0,2,63.3,2,0.024,2,,2
1127.0,2,3.2913,2,34.4369,2,-99.0,2,63.3,2,0.024,2,,2
1128.0,2,3.2908,2,34.4371,2,-99.0,2,63.3,2,0.024,2,,2
1129.0,2,3.2880000000000003,2,34.4374,2,-99.0,2,63.3,2,0.027000000000000003,2,,2
1130.0,2,3.2862,2,34.4376,2,-99.0,2,63.3,2,0.024,2,,2
1131.0,2,3.2851,2,34.4379,2,-99.0,2,63.3,2,0.024,2,,2
1132.0,2,3.2837,2,34.4381,2,-99.0,2,63.3,2,0.024,2,,2
1133.0,2,3.2831,2,34.4382,2,-99.0,2,63.3,2,0.025,2,,2
1134.0,2,3.2815,2,34.4386,2,-99.0,2,63.4,2,0.024,2,,2
1135.0,2,3.2789,2,34.4389,2,-99.0,2,63.5,2,0.024,2,,2
1136.0,2,3.2769,2,34.4392,2,-99.0,2,63.5,2,0.024,2,,2
1137.0,2,3.2754,2,34.4394,2,-99.0,2,63.5,2,0.024,2,,2
1138.0,2,3.2731,2,34.4398,2,-99.0,2,63.5,2,0.024,2,,2
1139.0,2,3.2716,2,34.44,2,-99.0,2,63.5,2,0.024,2,,2
1140.0,2,3.2715,2,34.4401,2,-99.0,2,63.5,2,0.024,2,,2
1141.0,2,3.2683,2,34.4405,2,-99.0,2,63.5,2,0.024,2,,2
1142.0,2,3.2655,2,34.4409,2,-99.0,2,63.5,2,0.024,2,,2
1143.0,2,3.2628,2,34.4412,2,-99.0,2,63.5,2,0.024,2,,2
1144.0,2,3.2602,2,34.4415,2,-99.0,2,63.5,2,0.024,2,,2
1145.0,2,3.2541,2,34.4425,2,-99.0,2,63.4,2,0.024,2,,2
1146.0,2,3.2495,2,34.4426,2,-99.0,2,63.3,2,0.024,2,,2
1146.8,2,3.2497,2,34.4426,2,-99.0,2,63.3,2,0.024,2,,2
1148.0,2,3.2491,2,34.4426,2,-99.0,2,63.3,2,0.024,2,,2
1149.0,2,3.2479,2,34.4428,2,-99.0,2,63.3,2,0.024,2,,2
1150.0,2,3.2455,2,34.4431,2,-99.0,2,63.2,2,0.027999999999999997,2,,2
1151.0,2,3.2414,2,34.444,2,-99.0,2,63.3,2,0.024,2,,2
1152.0,2,3.2305,2,34.445,2,-99.0,2,63.1,2,0.024,2,,2
1153.0,2,3.23,2,34.4448,2,-99.0,2,63.1,2,0.027999999999999997,2,,2
1154.0,2,3.2295,2,34.4448,2,-99.0,2,63.1,2,0.027999999999999997,2,,2
1155.0,2,3.2275,2,34.4451,2,-99.0,2,63.1,2,0.024,2,,2
1156.0,2,3.2284,2,34.445,2,-99.0,2,63.1,2,0.024,2,,2
1157.0,2,3.2269,2,34.4453,2,-99.0,2,63.0,2,0.024,2,,2
1158.0,2,3.2249,2,34.4455,2,-99.0,2,63.1,2,0.024,2,,2
1159.0,2,3.225,2,34.4454,2,-99.0,2,63.1,2,0.025,2,,2
1160.0,2,3.225,2,34.4454,2,-99.0,2,63.1,2,0.024,2,,2
1161.0,2,3.2251,2,34.4455,2,-99.0,2,63.1,2,0.024,2,,2
1162.0,2,3.2253,2,34.4453,2,-99.0,2,63.1,2,0.024,2,,2
1163.0,2,3.2253,2,34.4454,2,-99.0,2,63.1,2,0.024,2,,2
1164.0,2,3.2255,2,34.4454,2,-99.0,2,63.1,2,0.024,2,,2
1165.0,2,3.2256,2,34.4456,2,-99.0,2,63.0,2,0.024,2,,2
1166.0,2,3.2257,2,34.4456,2,-99.0,2,63.1,2,0.024,2,,2
1167.0,2,3.2257,2,34.4456,2,-99.0,2,63.1,2,0.024,2,,2
1168.0,2,3.2258,2,34.4457,2,-99.0,2,63.1,2,0.024,2,,2
1169.0,2,3.2261,2,34.4456,2,-99.0,2,63.1,2,0.027000000000000003,2,,2
1170.0,2,3.2262,2,34.4456,2,-99.0,2,63.1,2,0.024,2,,2
1171.0,2,3.2261,2,34.4456,2,-99.0,2,63.1,2,0.024,2,,2
1172.0,2,3.2257,2,34.4458,2,-99.0,2,63.1,2,0.024,2,,2
1173.0,2,3.2161,2,34.4471,2,-99.0,2,63.1,2,0.024,2,,2
1174.0,2,3.2105,2,34.4474,2,-99.0,2,63.1,2,0.024,2,,2
1175.0,2,3.2078,2,34.4478,2,-99.0,2,63.0,2,0.026000000000000002,2,,2
1176.0,2,3.202,2,34.4484,2,-99.0,2,63.0,2,0.027000000000000003,2,,2
1177.0,2,3.1993,2,34.4487,2,-99.0,2,63.0,2,0.024,2,,2
1178.0,2,3.1974,2,34.4487,2,-99.0,2,62.9,2,0.024,2,,2
1179.0,2,3.1977,2,34.4488,2,-99.0,2,62.9,2,0.027000000000000003,2,,2
1180.0,2,3.1907,2,34.4499,2,-99.0,2,62.9,2,0.027000000000000003,2,,2
1181.0,2,3.1859,2,34.4504,2,-99.0,2,62.9,2,0.027000000000000003,2,,2
1182.0,2,3.1731,2,34.4525,2,-99.0,2,63.0,2,0.024,2,,2
1183.0,2,3.1676,2,34.4529,2,-99.0,2,63.1,2,0.024,2,,2
1184.0,2,3.1660000000000004,2,34.4528,2,-99.0,2,63.1,2,0.03,2,,2
1185.0,2,3.1645,2,34.453,2,-99.0,2,63.0,2,0.024,2,,2
1186.0,2,3.1614,2,34.4535,2,-99.0,2,63.1,2,0.024,2,,2
1187.0,2,3.1588,2,34.454,2,-99.0,2,63.1,2,0.024,2,,2
1188.0,2,3.1552,2,34.4548,2,-99.0,2,63.2,2,0.024,2,,2
1189.0,2,3.1521,2,34.4551,2,-99.0,2,63.3,2,0.027999999999999997,2,,2
1190.0,2,3.1510000000000002,2,34.4555,2,-99.0,2,63.3,2,0.027000000000000003,2,,2
1191.0,2,3.1494,2,34.4556,2,-99.0,2,63.4,2,0.024,2,,2
1192.0,2,3.1461,2,34.4563,2,-99.0,2,63.5,2,0.024,2,,2
1193.0,2,3.1415,2,34.4568,2,-99.0,2,63.5,2,0.024,2,,2
1194.0,2,3.1406,2,34.4569,2,-99.0,2,63.6,2,0.027000000000000003,2,,2
1195.0,2,3.1402,2,34.457,2,-99.0,2,63.5,2,0.024,2,,2
1196.0,2,3.1394,2,34.4573,2,-99.0,2,63.6,2,0.028999999999999998,2,,2
1197.0,2,3.1392,2,34.4572,2,-99.0,2,63.6,2,0.024,2,,2
1198.0,2,3.1382,2,34.4574,2,-99.0,2,63.6,2,0.024,2,,2
1199.0,2,3.1361,2,34.4578,2,-99.0,2,63.6,2,0.024,2,,2
1200.0,2,3.1337,2,34.458,2,-99.0,2,63.6,2,0.024,2,,2
1201.0,2,3.1328,2,34.4581,2,-99.0,2,63.7,2,0.024,2,,2
1202.0,2,3.1316,2,34.4584,2,-99.0,2,63.1,2,0.024,2,,2
1203.0,2,3.1307,2,34.4584,2,-99.0,2,63.6,2,0.024,2,,2
1204.0,2,3.1307,2,34.4584,2,-99.0,2,63.7,2,0.026000000000000002,2,,2
1205.0,2,3.1307,2,34.4586,2,-99.0,2,63.7,2,0.026000000000000002,2,,2
1206.0,2,3.1303,2,34.4587,2,-99.0,2,63.7,2,0.025,2,,2
1207.0,2,3.1298,2,34.4588,2,-99.0,2,63.7,2,0.024,2,,2
1208.0,2,3.1297,2,34.4588,2,-99.0,2,63.7,2,0.024,2,,2
1209.0,2,3.1293,2,34.4589,2,-99.0,2,63.7,2,0.024,2,,2
1210.0,2,3.1289,2,34.459,2,-99.0,2,63.7,2,0.024,2,,2
1211.0,2,3.1267,2,34.4595,2,-99.0,2,63.7,2,0.031,2,,2
1212.0,2,3.1247,2,34.4599,2,-99.0,2,63.8,2,0.024,2,,2
1213.0,2,3.1245,2,34.4599,2,-99.0,2,63.9,2,0.024,2,,2
1214.0,2,3.1243,2,34.4599,2,-99.0,2,63.9,2,0.024,2,,2
1215.0,2,3.1239,2,34.46,2,-99.0,2,63.9,2,0.024,2,,2
1216.0,2,3.1237,2,34.4602,2,-99.0,2,63.9,2,0.024,2,,2
1217.0,2,3.1221,2,34.4604,2,-99.0,2,63.9,2,0.024,2,,2
1218.0,2,3.1207,2,34.4604,2,-99.0,2,63.9,2,0.024,2,,2
1219.0,2,3.1211,2,34.4605,2,-99.0,2,63.9,2,0.024,2,,2
1220.0,2,3.1185,2,34.4608,2,-99.0,2,63.9,2,0.024,2,,2
1221.0,2,3.1161,2,34.4609,2,-99.0,2,63.9,2,0.024,2,,2
1222.0,2,3.1149,2,34.4611,2,-99.0,2,63.9,2,0.024,2,,2
1223.0,2,3.1145,2,34.4611,2,-99.0,2,63.9,2,0.024,2,,2
1224.0,2,3.1142,2,34.4612,2,-99.0,2,63.9,2,0.025,2,,2
1225.0,2,3.1134,2,34.4613,2,-99.0,2,63.9,2,0.027000000000000003,2,,2
1226.0,2,3.1123,2,34.4613,2,-99.0,2,63.9,2,0.024,2,,2
1227.0,2,3.1111,2,34.4617,2,-99.0,2,63.8,2,0.024,2,,2
1228.0,2,3.1099,2,34.4618,2,-99.0,2,63.9,2,0.024,2,,2
1229.0,2,3.1096,2,34.4617,2,-99.0,2,63.9,2,0.024,2,,2
1230.0,2,3.109,2,34.4619,2,-99.0,2,63.9,2,0.024,2,,2
1231.0,2,3.1075,2,34.4622,2,-99.0,2,63.8,2,0.024,2,,2
1232.0,2,3.1056,2,34.4623,2,-99.0,2,63.9,2,0.024,2,,2
1233.0,2,3.097,2,34.4637,2,-99.0,2,63.9,2,0.024,2,,2
1234.0,2,3.0942,2,34.4635,2,-99.0,2,63.8,2,0.024,2,,2
1235.0,2,3.0923,2,34.4637,2,-99.0,2,63.8,2,0.024,2,,2
1236.0,2,3.0923,2,34.4635,2,-99.0,2,63.9,2,0.024,2,,2
1237.0,2,3.0901,2,34.4637,2,-99.0,2,63.8,2,0.024,2,,2
1238.0,2,3.0899,2,34.4638,2,-99.0,2,63.8,2,0.024,2,,2
1239.0,2,3.0896,2,34.4639,2,-99.0,2,63.7,2,0.024,2,,2
1240.0,2,3.0889,2,34.4641,2,-99.0,2,63.8,2,0.024,2,,2
1241.0,2,3.0887,2,34.464,2,-99.0,2,63.8,2,0.024,2,,2
1242.0,2,3.0885,2,34.4641,2,-99.0,2,63.7,2,0.024,2,,2
1243.0,2,3.0887,2,34.464,2,-99.0,2,63.8,2,0.024,2,,2
1244.0,2,3.089,2,34.4641,2,-99.0,2,63.8,2,0.024,2,,2
1245.0,2,3.0887,2,34.4641,2,-99.0,2,63.8,2,0.024,2,,2
1246.0,2,3.0891,2,34.464,2,-99.0,2,63.7,2,0.024,2,,2
1247.0,2,3.089,2,34.4642,2,-99.0,2,63.7,2,0.024,2,,2
1248.0,2,3.0859,2,34.4644,2,-99.0,2,63.7,2,0.024,2,,2
1249.0,2,3.0841,2,34.4646,2,-99.0,2,63.7,2,0.024,2,,2
1250.0,2,3.0823,2,34.4649,2,-99.0,2,63.7,2,0.024,2,,2
1251.0,2,3.0823,2,34.4648,2,-99.0,2,63.7,2,0.024,2,,2
1252.0,2,3.0822,2,34.4649,2,-99.0,2,63.7,2,0.024,2,,2
1253.0,2,3.0823,2,34.4647,2,-99.0,2,63.7,2,0.024,2,,2
1254.0,2,3.0819,2,34.4648,2,-99.0,2,63.7,2,0.024,2,,2
1255.0,2,3.0771,2,34.4653,2,-99.0,2,63.7,2,0.024,2,,2
1256.0,2,3.0759,2,34.4653,2,-99.0,2,63.5,2,0.024,2,,2
1257.0,2,3.0726,2,34.4657,2,-99.0,2,63.5,2,0.024,2,,2
1258.0,2,3.0714,2,34.4656,2,-99.0,2,63.5,2,0.024,2,,2
1259.0,2,3.0695,2,34.4658,2,-99.0,2,63.5,2,0.024,2,,2
1260.0,2,3.0703,2,34.4657,2,-99.0,2,63.5,2,0.024,2,,2
1261.0,2,3.0702,2,34.4658,2,-99.0,2,63.5,2,0.024,2,,2
1262.0,2,3.0703,2,34.4659,2,-99.0,2,63.5,2,0.024,2,,2
1263.0,2,3.0699,2,34.4659,2,-99.0,2,63.5,2,0.024,2,,2
1264.0,2,3.0692,2,34.466,2,-99.0,2,63.5,2,0.024,2,,2
1265.0,2,3.0681,2,34.4662,2,-99.0,2,63.5,2,0.024,2,,2
1266.0,2,3.0659,2,34.4665,2,-99.0,2,63.4,2,0.024,2,,2
1267.0,2,3.0592,2,34.4673,2,-99.0,2,63.2,2,0.024,2,,2
1268.0,2,3.0504,2,34.4684,2,-99.0,2,63.1,2,0.024,2,,2
1269.0,2,3.0428,2,34.4689,2,-99.0,2,63.1,2,0.024,2,,2
1270.0,2,3.0384,2,34.4694,2,-99.0,2,63.1,2,0.024,2,,2
1271.0,2,3.0273,2,34.4709,2,-99.0,2,63.2,2,0.024,2,,2
1272.0,2,3.0195,2,34.4717,2,-99.0,2,63.3,2,0.024,2,,2
1273.0,2,3.015,2,34.4723,2,-99.0,2,63.3,2,0.024,2,,2
1274.0,2,3.0073,2,34.4729,2,-99.0,2,63.3,2,0.024,2,,2
1275.0,2,3.002,2,34.4737,2,-99.0,2,63.3,2,0.024,2,,2
1276.0,2,2.9938,2,34.4747,2,-99.0,2,63.2,2,0.024,2,,2
1277.0,2,2.9904,2,34.4751,2,-99.0,2,63.2,2,0.024,2,,2
1278.0,2,2.9891,2,34.4751,2,-99.0,2,63.1,2,0.024,2,,2
1279.0,2,2.9856,2,34.4758,2,-99.0,2,63.1,2,0.024,2,,2
1280.0,2,2.9811,2,34.4761,2,-99.0,2,63.1,2,0.024,2,,2
1281.0,2,2.9785,2,34.4764,2,-99.0,2,63.1,2,0.024,2,,2
1282.0,2,2.9756,2,34.4768,2,-99.0,2,63.1,2,0.024,2,,2
1283.0,2,2.9749,2,34.4767,2,-99.0,2,63.1,2,0.024,2,,2
1284.0,2,2.9742,2,34.4768,2,-99.0,2,63.1,2,0.024,2,,2
1285.0,2,2.9707,2,34.4774,2,-99.0,2,63.1,2,0.024,2,,2
1286.0,2,2.9678,2,34.4775,2,-99.0,2,62.9,2,0.024,2,,2
1287.0,2,2.9657,2,34.4779,2,-99.0,2,62.9,2,0.024,2,,2
1288.0,2,2.9642,2,34.4781,2,-99.0,2,62.9,2,0.024,2,,2
1289.0,2,2.9619999999999997,2,34.4784,2,-99.0,2,62.8,2,0.024,2,,2
1290.0,2,2.9612,2,34.4785,2,-99.0,2,62.8,2,0.024,2,,2
1291.0,2,2.9611,2,34.4784,2,-99.0,2,62.7,2,0.024,2,,2
1292.0,2,2.9612,2,34.4785,2,-99.0,2,62.7,2,0.024,2,,2
1293.0,2,2.9611,2,34.4786,2,-99.0,2,62.7,2,0.024,2,,2
1294.0,2,2.9609,2,34.4786,2,-99.0,2,62.8,2,0.024,2,,2
1295.0,2,2.9609,2,34.4787,2,-99.0,2,62.7,2,0.028999999999999998,2,,2
1296.0,2,2.9609,2,34.4787,2,-99.0,2,62.7,2,0.024,2,,2
1297.0,2,2.9606,2,34.4788,2,-99.0,2,62.8,2,0.024,2,,2
1298.0,2,2.9605,2,34.4788,2,-99.0,2,62.7,2,0.024,2,,2
1299.0,2,2.9606,2,34.4787,2,-99.0,2,62.7,2,0.024,2,,2
1299.7,2,2.9605,2,34.4788,2,-99.0,2,62.7,2,0.024,2,,2
END_DATA
