CTD,20190304CCHSIOLMM
#---------------------------------------------------------------------------------------------------,,,,,,,,,,,,,,,,
#Fluorescence - Transmissivity and PAR data are nominal and unedited except that some records were removed in editing temperature and salinity.,,,,,,,,,,,,,,,,
#---------------------------------------------------------------------------------------------------,,,,,,,,,,,,,,,,
#For details on how the transmissivity calibration parameters were calculated see the document Transmissivity_Calculation.pdf.,,,,,,,,,,,,,,,,
#---------------------------------------------------------------------------------------------------,,,,,,,,,,,,,,,,
#The Oxygen:Dissolved:CTD calibration was done using the method described in the Sea-Bird Application Note #64-2 (Sea-Bird_64-2_Feb2010.pdf).,,,,,,,,,,,,,,,,
#,,,,,,,,,,,,,,,,
#A shift in the Oxygen:Dissolved:Bottle standardization parameters occurred between events 0032 and 0044; this was not investigated to determine if the resultant change in Thiosulfate normality was real or the result of a shift in lab temperature.,,,,,,,,,,,,,,,,
#Checks of the fit of Oxygen:Dissolved:CTD against titrated Oxygen:Dissolved:Bottle suggest that the titrated values from the first part of the cruise are lower than those of the latter part by about 0.02 ml/l.,,,,,,,,,,,,,,,,
#The Oxygen:Dissolved:CTD was recalibrated using titrated Oxygen:Dissolved:Bottle data from the whole cruise so any resultant error in the Oxygen:Dissolved:CTD is likely negligible compared to other sources of error (<0.01 ml/l).,,,,,,,,,,,,,,,,
#,,,,,,,,,,,,,,,,
#The Oxygen:Dissolved:CTD channel was corrupted for all or parts of events 0007 - 0010 - 0015 - 0017 - 0018 - 0019 - 0021.,,,,,,,,,,,,,,,,
#,,,,,,,,,,,,,,,,
#WARNING: The dissolved oxygen sensor was found to have a damaged membrane when it was examined at the factory shortly after this cruise.,,,,,,,,,,,,,,,,
#There is evidence of hysteresis which could not be corrected by adjusting the calibration parameters. ,,,,,,,,,,,,,,,,
#,,,,,,,,,,,,,,,,
#The Oxygen:Dissolved:CTD:Volume data are considered roughly to be:,,,,,,,,,,,,,,,,
#      • ±0.4 ml/l from 0 to 125 dbar,,,,,,,,,,,,,,,,
#      • ±0.3 ml/l from 125 dbar to 400 dbar,,,,,,,,,,,,,,,,
#      • ±0.1 ml/l below 400 dbar,,,,,,,,,,,,,,,,
#Below 1000 dbar the Oxygen:Dissolved:CTD reads consistently low by <0.01 ml/l.,,,,,,,,,,,,,,,,
#---------------------------------------------------------------------------------------------------,,,,,,,,,,,,,,,,
#For details on the processing see processing file 2011-01-proc.pdf,,,,,,,,,,,,,,,,
#---------------------------------------------------------------------------------------------------,,,,,,,,,,,,,,,,
#,,,,,,,,,,,,,,,,
#File Name,Zone,FIL:START TIME YYYY/MM/DD, HH:MM,LOC:EVENT_NUMBER,LOC:LATITUDE,LOC:LONGITUDE,LOC:STATION,Pressure:CTD [dbar],Temperature:CTD [deg_C_(ITS90)],Salinity:Practical:CTD [PSS-78],Sigma-t:CTD [kg/m^3],Transmissivity:CTD [*/m],Oxygen:Dissolved:CTD:Volume [ml/l],Oxygen:Dissolved:CTD:Mass [µmol/kg],Fluorescence:CTD [mg/m^3],PAR:CTD [µE/m^2/sec]
#,,,,,,,,,,,,,,,,
NUMBER_HEADERS = 8
EXPOCODE = 18DD20110208
STNBR = P4
CASTNO = 2
DATE = 10/02/2011
TIME =  02:25
LATITUDE = 48.65133
LONGITUDE = -126.66383
CTDPRS,CTDPRS_FLAG_W,CTDTMP,CTDTMP_FLAG_W,CTDSAL,CTDSAL_FLAG_W,CTDOXY,CTDOXY_FLAG_W,CTDXMISS,CTDXMISS_FLAG_W,CTDFLUOR,CTDFLUOR_FLAG_W,PAR,PAR_FLAG_W
DBAR,,ITS-90,,PSS-78,,UMOL/KG,,,,MG/M^3,,UE/m^2/sec,
3.2,2,8.4388,2,31.7051,2,295.9,2,53.7,2,1.9869999999999999,2,,2
4.0,2,8.4398,2,31.7052,2,295.9,2,53.7,2,2.002,2,,2
5.0,2,8.4383,2,31.7045,2,295.9,2,53.8,2,1.996,2,,2
6.0,2,8.4389,2,31.7047,2,295.9,2,53.8,2,2.009,2,,2
7.0,2,8.4399,2,31.7049,2,295.8,2,53.7,2,1.992,2,,2
8.0,2,8.4406,2,31.7054,2,295.8,2,53.8,2,1.982,2,,2
9.0,2,8.4408,2,31.7058,2,296.0,2,53.8,2,1.9680000000000002,2,,2
10.0,2,8.4413,2,31.7059,2,296.1,2,53.8,2,1.97,2,,2
11.0,2,8.4414,2,31.7059,2,296.1,2,53.8,2,1.995,2,,2
12.0,2,8.4411,2,31.7057,2,296.2,2,53.8,2,1.98,2,,2
13.0,2,8.4402,2,31.7053,2,296.1,2,53.8,2,1.982,2,,2
14.0,2,8.4401,2,31.7051,2,296.1,2,53.8,2,1.989,2,,2
15.0,2,8.4435,2,31.7066,2,296.2,2,53.8,2,1.982,2,,2
16.0,2,8.4495,2,31.7103,2,296.2,2,53.8,2,1.9809999999999999,2,,2
17.0,2,8.4494,2,31.7127,2,296.2,2,53.8,2,1.992,2,,2
18.0,2,8.4485,2,31.7126,2,296.3,2,53.8,2,1.984,2,,2
19.0,2,8.4491,2,31.7136,2,296.5,2,53.8,2,1.983,2,,2
20.0,2,8.4499,2,31.7145,2,296.6,2,53.8,2,2.0069999999999997,2,,2
21.0,2,8.4548,2,31.7161,2,296.4,2,53.8,2,2.001,2,,2
22.0,2,8.4761,2,31.7222,2,296.0,2,54.0,2,2.016,2,,2
23.0,2,8.5351,2,31.7495,2,295.2,2,54.3,2,2.025,2,,2
24.0,2,8.5508,2,31.7634,2,294.9,2,54.7,2,2.057,2,,2
25.0,2,8.5668,2,31.7885,2,294.4,2,55.2,2,2.066,2,,2
26.0,2,8.5714,2,31.809,2,294.1,2,55.6,2,2.053,2,,2
27.0,2,8.5744,2,31.820999999999998,2,293.9,2,56.0,2,1.995,2,,2
28.0,2,8.5766,2,31.829,2,293.5,2,56.3,2,1.989,2,,2
29.0,2,8.5775,2,31.8365,2,293.0,2,56.6,2,1.9380000000000002,2,,2
30.0,2,8.5872,2,31.85,2,292.4,2,56.9,2,1.913,2,,2
31.0,2,8.6022,2,31.8668,2,291.9,2,57.6,2,1.845,2,,2
32.0,2,8.6136,2,31.8753,2,291.3,2,58.0,2,1.766,2,,2
33.0,2,8.6251,2,31.8842,2,291.0,2,58.2,2,1.732,2,,2
34.0,2,8.6326,2,31.8907,2,290.6,2,58.4,2,1.673,2,,2
35.0,2,8.6379,2,31.8983,2,290.5,2,58.6,2,1.6230000000000002,2,,2
36.0,2,8.6396,2,31.9114,2,290.3,2,58.9,2,1.5490000000000002,2,,2
37.0,2,8.6392,2,31.9335,2,290.0,2,59.0,2,1.537,2,,2
38.0,2,8.6488,2,31.9482,2,289.5,2,59.1,2,1.466,2,,2
39.0,2,8.6627,2,31.9615,2,288.9,2,59.2,2,1.426,2,,2
40.0,2,8.6749,2,31.9972,2,288.3,2,59.5,2,1.344,2,,2
41.0,2,8.6677,2,32.0349,2,288.5,2,59.8,2,1.262,2,,2
42.0,2,8.6428,2,32.0793,2,289.1,2,60.0,2,1.222,2,,2
43.0,2,8.5584,2,32.2371,2,289.8,2,60.8,2,1.123,2,,2
44.0,2,8.5327,2,32.2782,2,289.9,2,61.0,2,1.025,2,,2
45.0,2,8.5143,2,32.2903,2,289.9,2,61.2,2,0.977,2,,2
46.0,2,8.4999,2,32.2975,2,289.8,2,61.3,2,0.919,2,,2
47.0,2,8.496,2,32.3069,2,289.4,2,61.5,2,0.8320000000000001,2,,2
48.0,2,8.4931,2,32.3145,2,289.2,2,61.5,2,0.794,2,,2
49.0,2,8.4899,2,32.3205,2,288.9,2,61.6,2,0.779,2,,2
50.0,2,8.4874,2,32.3238,2,288.6,2,61.6,2,0.773,2,,2
51.0,2,8.4829,2,32.3285,2,288.2,2,61.6,2,0.775,2,,2
52.0,2,8.4806,2,32.3322,2,287.1,2,61.7,2,0.795,2,,2
53.0,2,8.4771,2,32.3376,2,285.3,2,61.7,2,0.746,2,,2
54.0,2,8.4717,2,32.3434,2,283.6,2,61.8,2,0.7170000000000001,2,,2
55.0,2,8.4557,2,32.3903,2,281.5,2,62.1,2,0.622,2,,2
56.0,2,8.4073,2,32.4348,2,279.0,2,62.4,2,0.5529999999999999,2,,2
57.0,2,8.3854,2,32.4373,2,275.9,2,62.3,2,0.535,2,,2
58.0,2,8.3973,2,32.4683,2,273.1,2,62.4,2,0.45399999999999996,2,,2
59.0,2,8.3269,2,32.5301,2,271.5,2,62.6,2,0.449,2,,2
60.0,2,8.3015,2,32.5437,2,270.2,2,62.6,2,0.439,2,,2
61.0,2,8.2855,2,32.5537,2,268.8,2,62.5,2,0.433,2,,2
62.0,2,8.2723,2,32.562,2,267.2,2,62.5,2,0.40700000000000003,2,,2
63.0,2,8.2623,2,32.5737,2,264.7,2,62.5,2,0.39299999999999996,2,,2
64.0,2,8.2499,2,32.6002,2,260.7,2,62.5,2,0.392,2,,2
65.0,2,8.2385,2,32.6244,2,254.2,2,62.7,2,0.363,2,,2
66.0,2,8.2187,2,32.6668,2,247.3,2,62.8,2,0.34700000000000003,2,,2
67.0,2,8.1331,2,32.8024,2,242.0,2,62.9,2,0.335,2,,2
68.0,2,8.0605,2,32.8535,2,238.2,2,63.1,2,0.242,2,,2
69.0,2,8.0354,2,32.8591,2,235.1,2,63.1,2,0.203,2,,2
70.0,2,8.0148,2,32.8643,2,232.0,2,63.1,2,0.185,2,,2
71.0,2,7.9969,2,32.873000000000005,2,228.8,2,63.1,2,0.171,2,,2
72.0,2,7.9534,2,32.8924,2,225.5,2,63.1,2,0.17300000000000001,2,,2
73.0,2,7.8731,2,32.937,2,222.6,2,63.1,2,0.15,2,,2
74.0,2,7.7825,2,33.0027,2,220.4,2,63.2,2,0.133,2,,2
75.0,2,7.7873,2,33.0273,2,218.0,2,63.3,2,0.125,2,,2
76.0,2,7.7884,2,33.0507,2,215.2,2,63.3,2,0.11900000000000001,2,,2
77.0,2,7.7374,2,33.0823,2,211.9,2,63.3,2,0.11199999999999999,2,,2
78.0,2,7.7646,2,33.1111,2,208.1,2,63.3,2,0.098,2,,2
79.0,2,7.8663,2,33.1624,2,205.1,2,63.3,2,0.106,2,,2
80.0,2,7.7978,2,33.181,2,203.8,2,63.4,2,0.109,2,,2
81.0,2,7.7408,2,33.1898,2,201.3,2,63.4,2,0.1,2,,2
82.0,2,7.7075,2,33.2023,2,197.8,2,63.5,2,0.08900000000000001,2,,2
83.0,2,7.8867,2,33.2592,2,193.5,2,63.5,2,0.09699999999999999,2,,2
84.0,2,7.9615,2,33.2957,2,190.0,2,63.5,2,0.085,2,,2
85.0,2,7.9711,2,33.3274,2,187.3,2,63.5,2,0.08199999999999999,2,,2
86.0,2,7.9798,2,33.347,2,185.1,2,63.5,2,0.075,2,,2
87.0,2,7.9819,2,33.361,2,183.4,2,63.6,2,0.07,2,,2
88.0,2,7.9742,2,33.3739,2,181.9,2,63.6,2,0.069,2,,2
89.0,2,7.9734,2,33.3824,2,180.8,2,63.6,2,0.061,2,,2
90.0,2,7.9753,2,33.3916,2,179.8,2,63.6,2,0.06,2,,2
91.0,2,7.9688,2,33.3962,2,178.9,2,63.7,2,0.061,2,,2
92.0,2,7.9619,2,33.3984,2,178.0,2,63.6,2,0.052000000000000005,2,,2
93.0,2,7.943,2,33.403,2,177.1,2,63.7,2,0.055,2,,2
94.0,2,7.8989,2,33.4206,2,176.3,2,63.7,2,0.057999999999999996,2,,2
95.0,2,7.8729,2,33.4338,2,175.6,2,63.6,2,0.051,2,,2
96.0,2,7.8683,2,33.4425,2,174.8,2,63.7,2,0.051,2,,2
97.0,2,7.86,2,33.4488,2,173.9,2,63.7,2,0.042,2,,2
98.0,2,7.8535,2,33.4535,2,173.0,2,63.7,2,0.040999999999999995,2,,2
99.0,2,7.8483,2,33.4579,2,172.4,2,63.7,2,0.037000000000000005,2,,2
100.0,2,7.8401,2,33.4683,2,171.9,2,63.7,2,0.048,2,,2
101.0,2,7.8294,2,33.479,2,171.4,2,63.7,2,0.037000000000000005,2,,2
102.0,2,7.827000000000001,2,33.4813,2,170.5,2,63.7,2,0.035,2,,2
103.0,2,7.8278,2,33.4805,2,169.3,2,63.7,2,0.032,2,,2
104.0,2,7.7924,2,33.5078,2,168.3,2,63.8,2,0.024,2,,2
105.0,2,7.7724,2,33.5191,2,167.6,2,63.8,2,0.028999999999999998,2,,2
106.0,2,7.766,2,33.5229,2,167.1,2,63.8,2,0.024,2,,2
107.0,2,7.7577,2,33.5286,2,166.5,2,63.8,2,0.024,2,,2
108.0,2,7.7477,2,33.5326,2,166.1,2,63.8,2,0.024,2,,2
109.0,2,7.7425,2,33.5364,2,165.4,2,63.8,2,0.03,2,,2
110.0,2,7.7358,2,33.5413,2,164.7,2,63.9,2,0.024,2,,2
111.0,2,7.7235,2,33.5488,2,163.8,2,63.9,2,0.027999999999999997,2,,2
112.0,2,7.7147,2,33.5547,2,162.7,2,63.9,2,0.024,2,,2
113.0,2,7.6911,2,33.5739,2,161.7,2,63.9,2,0.024,2,,2
114.0,2,7.6757,2,33.5861,2,160.6,2,63.9,2,0.024,2,,2
115.0,2,7.6671,2,33.5955,2,159.4,2,63.9,2,0.024,2,,2
116.0,2,7.6429,2,33.6112,2,158.1,2,63.8,2,0.027000000000000003,2,,2
117.0,2,7.6273,2,33.6226,2,156.7,2,63.9,2,0.025,2,,2
118.0,2,7.6225,2,33.6357,2,155.3,2,63.9,2,0.024,2,,2
119.0,2,7.6212,2,33.6402,2,153.5,2,63.9,2,0.024,2,,2
120.0,2,7.6208,2,33.6468,2,151.3,2,63.8,2,0.028999999999999998,2,,2
121.0,2,7.6265,2,33.6568,2,148.8,2,63.9,2,0.024,2,,2
122.0,2,7.6459,2,33.6785,2,146.2,2,63.8,2,0.024,2,,2
123.0,2,7.656000000000001,2,33.6901,2,143.7,2,63.7,2,0.024,2,,2
124.0,2,7.6585,2,33.7,2,141.1,2,63.7,2,0.024,2,,2
125.0,2,7.6692,2,33.7048,2,138.4,2,63.7,2,0.012,2,,2
126.0,2,7.6855,2,33.7101,2,135.8,2,63.6,2,0.023,2,,2
127.0,2,7.6984,2,33.7169,2,133.3,2,63.5,2,0.019,2,,2
128.0,2,7.7007,2,33.7226,2,130.9,2,63.5,2,0.02,2,,2
129.0,2,7.7049,2,33.7319,2,129.0,2,63.5,2,0.021,2,,2
130.0,2,7.7094,2,33.7396,2,127.2,2,63.4,2,0.013000000000000001,2,,2
131.0,2,7.7119,2,33.7452,2,125.6,2,63.4,2,0.018000000000000002,2,,2
132.0,2,7.7063,2,33.7472,2,123.3,2,63.4,2,0.019,2,,2
133.0,2,7.7095,2,33.7502,2,121.1,2,63.4,2,0.027999999999999997,2,,2
134.0,2,7.7138,2,33.7637,2,119.1,2,63.3,2,0.025,2,,2
135.0,2,7.6799,2,33.7776,2,116.8,2,63.3,2,0.013000000000000001,2,,2
136.0,2,7.6694,2,33.7847,2,114.5,2,63.3,2,0.012,2,,2
137.0,2,7.6875,2,33.791,2,112.4,2,63.2,2,0.016,2,,2
138.0,2,7.6989,2,33.7962,2,111.0,2,63.0,2,0.018000000000000002,2,,2
139.0,2,7.6979999999999995,2,33.8,2,110.3,2,63.0,2,0.012,2,,2
140.0,2,7.6929,2,33.8024,2,110.0,2,63.0,2,0.016,2,,2
141.0,2,7.6809,2,33.8042,2,110.1,2,63.0,2,0.012,2,,2
142.0,2,7.6752,2,33.8043,2,110.3,2,63.1,2,0.015,2,,2
143.0,2,7.6604,2,33.8063,2,110.2,2,63.1,2,0.012,2,,2
144.0,2,7.6502,2,33.8102,2,109.9,2,63.2,2,0.012,2,,2
145.0,2,7.6507,2,33.8126,2,109.5,2,63.2,2,0.012,2,,2
146.0,2,7.6416,2,33.8183,2,109.2,2,63.1,2,0.016,2,,2
147.0,2,7.6355,2,33.8202,2,108.9,2,63.1,2,0.012,2,,2
148.0,2,7.6311,2,33.821999999999996,2,108.8,2,63.1,2,0.015,2,,2
149.0,2,7.6234,2,33.8247,2,108.7,2,63.1,2,0.013999999999999999,2,,2
150.0,2,7.6073,2,33.8309,2,108.5,2,63.2,2,0.012,2,,2
151.0,2,7.6013,2,33.8334,2,108.4,2,63.2,2,0.018000000000000002,2,,2
152.0,2,7.5957,2,33.8362,2,108.3,2,63.2,2,0.017,2,,2
153.0,2,7.5826,2,33.8419,2,108.3,2,63.3,2,0.012,2,,2
154.0,2,7.5692,2,33.8454,2,108.4,2,63.3,2,0.012,2,,2
155.0,2,7.5566,2,33.8473,2,108.4,2,63.3,2,0.012,2,,2
156.0,2,7.5395,2,33.851,2,108.2,2,63.4,2,0.012,2,,2
157.0,2,7.5071,2,33.8557,2,107.7,2,63.5,2,0.012,2,,2
158.0,2,7.502999999999999,2,33.8625,2,106.9,2,63.5,2,0.012,2,,2
159.0,2,7.4988,2,33.878,2,106.2,2,63.7,2,0.012,2,,2
160.0,2,7.4261,2,33.8863,2,105.9,2,63.7,2,0.012,2,,2
161.0,2,7.3953,2,33.8839,2,105.7,2,63.6,2,0.012,2,,2
162.0,2,7.3552,2,33.8846,2,105.6,2,63.6,2,0.012,2,,2
163.0,2,7.3335,2,33.8864,2,105.3,2,63.6,2,0.019,2,,2
164.0,2,7.3177,2,33.8892,2,105.0,2,63.6,2,0.016,2,,2
165.0,2,7.3148,2,33.891999999999996,2,104.4,2,63.6,2,0.012,2,,2
166.0,2,7.3182,2,33.8941,2,103.7,2,63.6,2,0.012,2,,2
167.0,2,7.3235,2,33.8968,2,103.1,2,63.6,2,0.012,2,,2
168.0,2,7.3302,2,33.9013,2,102.5,2,63.7,2,0.024,2,,2
169.0,2,7.3278,2,33.9046,2,101.9,2,63.6,2,0.012,2,,2
170.0,2,7.3278,2,33.9054,2,101.3,2,63.6,2,0.016,2,,2
171.0,2,7.3221,2,33.9082,2,100.6,2,63.7,2,0.012,2,,2
172.0,2,7.3082,2,33.91,2,100.2,2,63.7,2,0.012,2,,2
173.0,2,7.3085,2,33.9104,2,100.2,2,63.6,2,0.017,2,,2
174.0,2,7.3009,2,33.9113,2,100.2,2,63.7,2,0.012,2,,2
175.0,2,7.266,2,33.9124,2,100.1,2,63.7,2,0.012,2,,2
176.0,2,7.2442,2,33.9128,2,100.2,2,63.7,2,0.012,2,,2
177.0,2,7.2328,2,33.9134,2,100.3,2,63.7,2,0.012,2,,2
178.0,2,7.2239,2,33.913000000000004,2,100.3,2,63.7,2,0.012,2,,2
179.0,2,7.2113,2,33.9133,2,100.2,2,63.7,2,0.015,2,,2
180.0,2,7.1983,2,33.9143,2,100.1,2,63.7,2,0.012,2,,2
181.0,2,7.1927,2,33.9148,2,99.8,2,63.7,2,0.016,2,,2
182.0,2,7.1709,2,33.9171,2,99.7,2,63.7,2,0.016,2,,2
183.0,2,7.16,2,33.9193,2,99.7,2,63.7,2,0.012,2,,2
184.0,2,7.1555,2,33.9199,2,99.7,2,63.7,2,0.019,2,,2
185.0,2,7.1381,2,33.9197,2,99.7,2,63.7,2,0.012,2,,2
186.0,2,7.1314,2,33.9188,2,99.4,2,63.7,2,0.016,2,,2
187.0,2,7.1331,2,33.9199,2,99.1,2,63.7,2,0.02,2,,2
188.0,2,7.1368,2,33.9216,2,98.3,2,63.7,2,0.022000000000000002,2,,2
189.0,2,7.1398,2,33.9235,2,97.3,2,63.7,2,0.012,2,,2
190.0,2,7.1427,2,33.9251,2,96.2,2,63.7,2,0.012,2,,2
191.0,2,7.1491,2,33.9359,2,95.2,2,63.7,2,0.012,2,,2
192.0,2,7.1489,2,33.9386,2,94.3,2,63.7,2,0.017,2,,2
193.0,2,7.1448,2,33.9399,2,93.8,2,63.7,2,0.013999999999999999,2,,2
194.0,2,7.1284,2,33.9414,2,93.4,2,63.7,2,0.015,2,,2
195.0,2,7.1134,2,33.9407,2,93.2,2,63.7,2,0.012,2,,2
196.0,2,7.1041,2,33.9405,2,92.9,2,63.7,2,0.012,2,,2
197.0,2,7.0957,2,33.9394,2,92.6,2,63.7,2,0.015,2,,2
198.0,2,7.0856,2,33.9398,2,92.3,2,63.7,2,0.013000000000000001,2,,2
199.0,2,7.0625,2,33.9422,2,91.9,2,63.7,2,0.018000000000000002,2,,2
200.0,2,7.044,2,33.9422,2,91.7,2,63.6,2,0.013000000000000001,2,,2
201.0,2,7.042999999999999,2,33.9435,2,91.5,2,63.7,2,0.016,2,,2
202.0,2,7.0354,2,33.9437,2,91.6,2,63.7,2,0.012,2,,2
203.0,2,7.0245,2,33.944,2,91.6,2,63.7,2,0.012,2,,2
204.0,2,7.0037,2,33.9435,2,91.7,2,63.7,2,0.012,2,,2
205.0,2,6.9916,2,33.9426,2,91.8,2,63.7,2,0.012,2,,2
206.0,2,6.9791,2,33.9428,2,91.7,2,63.7,2,0.013999999999999999,2,,2
207.0,2,6.9433,2,33.9425,2,91.5,2,63.7,2,0.021,2,,2
208.0,2,6.9306,2,33.9438,2,91.2,2,63.7,2,0.012,2,,2
209.0,2,6.9085,2,33.9457,2,90.8,2,63.7,2,0.012,2,,2
210.0,2,6.8927,2,33.946999999999996,2,90.4,2,63.8,2,0.012,2,,2
211.0,2,6.8781,2,33.948,2,89.8,2,63.7,2,0.012,2,,2
212.0,2,6.8573,2,33.95,2,89.3,2,63.8,2,0.016,2,,2
213.0,2,6.8382,2,33.9508,2,88.8,2,63.8,2,0.012,2,,2
214.0,2,6.825,2,33.952,2,88.4,2,63.8,2,0.012,2,,2
215.0,2,6.8189,2,33.9519,2,88.2,2,63.8,2,0.012,2,,2
216.0,2,6.8164,2,33.952,2,87.8,2,63.8,2,0.013000000000000001,2,,2
217.0,2,6.8029,2,33.9528,2,87.4,2,63.8,2,0.012,2,,2
218.0,2,6.7931,2,33.9534,2,87.1,2,63.7,2,0.012,2,,2
219.0,2,6.775,2,33.9546,2,86.7,2,63.7,2,0.012,2,,2
220.0,2,6.7704,2,33.9551,2,86.3,2,63.7,2,0.013999999999999999,2,,2
221.0,2,6.7652,2,33.9561,2,85.9,2,63.7,2,0.012,2,,2
222.0,2,6.7585,2,33.9567,2,85.5,2,63.8,2,0.012,2,,2
223.0,2,6.7501,2,33.9576,2,85.3,2,63.7,2,0.012,2,,2
224.0,2,6.7453,2,33.9582,2,84.9,2,63.7,2,0.012,2,,2
225.0,2,6.7392,2,33.9587,2,84.7,2,63.7,2,0.02,2,,2
226.0,2,6.7327,2,33.9593,2,84.2,2,63.7,2,0.016,2,,2
227.0,2,6.7243,2,33.9604,2,83.8,2,63.7,2,0.012,2,,2
228.0,2,6.7075,2,33.9614,2,83.1,2,63.7,2,0.012,2,,2
229.0,2,6.6925,2,33.9634,2,82.8,2,63.7,2,0.012,2,,2
230.0,2,6.6811,2,33.965,2,82.3,2,63.7,2,0.012,2,,2
231.0,2,6.6763,2,33.9653,2,81.9,2,63.7,2,0.012,2,,2
232.0,2,6.6695,2,33.9663,2,81.4,2,63.7,2,0.015,2,,2
233.0,2,6.6532,2,33.9677,2,81.1,2,63.7,2,0.012,2,,2
234.0,2,6.6401,2,33.9675,2,80.8,2,63.7,2,0.012,2,,2
235.0,2,6.6227,2,33.9677,2,80.5,2,63.7,2,0.012,2,,2
236.0,2,6.5966,2,33.9675,2,80.2,2,63.7,2,0.012,2,,2
237.0,2,6.5883,2,33.9674,2,79.9,2,63.7,2,0.012,2,,2
238.0,2,6.5867,2,33.9688,2,79.7,2,63.7,2,0.013000000000000001,2,,2
239.0,2,6.5864,2,33.9689,2,79.5,2,63.7,2,0.012,2,,2
240.0,2,6.585,2,33.9692,2,79.2,2,63.7,2,0.012,2,,2
241.0,2,6.5825,2,33.9696,2,79.0,2,63.8,2,0.012,2,,2
242.0,2,6.5753,2,33.9705,2,78.6,2,63.7,2,0.012,2,,2
243.0,2,6.5663,2,33.9715,2,78.3,2,63.7,2,0.012,2,,2
244.0,2,6.5598,2,33.9719,2,77.8,2,63.7,2,0.012,2,,2
245.0,2,6.5495,2,33.9736,2,77.5,2,63.7,2,0.012,2,,2
246.0,2,6.544,2,33.9744,2,77.0,2,63.7,2,0.012,2,,2
247.0,2,6.5396,2,33.9751,2,76.6,2,63.6,2,0.017,2,,2
248.0,2,6.5363,2,33.9758,2,76.3,2,63.7,2,0.013000000000000001,2,,2
249.0,2,6.5301,2,33.9775,2,75.7,2,63.7,2,0.013000000000000001,2,,2
250.0,2,6.5254,2,33.9784,2,75.1,2,63.7,2,0.015,2,,2
251.0,2,6.5179,2,33.9797,2,74.4,2,63.7,2,0.012,2,,2
252.0,2,6.5068,2,33.9827,2,73.6,2,63.7,2,0.012,2,,2
253.0,2,6.4963,2,33.9847,2,73.0,2,63.7,2,0.012,2,,2
254.0,2,6.4872,2,33.985,2,72.4,2,63.7,2,0.012,2,,2
255.0,2,6.4735,2,33.9859,2,71.8,2,63.7,2,0.016,2,,2
256.0,2,6.4657,2,33.9871,2,71.4,2,63.7,2,0.013999999999999999,2,,2
257.0,2,6.4583,2,33.9881,2,71.0,2,63.7,2,0.012,2,,2
258.0,2,6.4533,2,33.9887,2,70.6,2,63.7,2,0.012,2,,2
259.0,2,6.4516,2,33.9889,2,70.3,2,63.7,2,0.013999999999999999,2,,2
260.0,2,6.4494,2,33.9894,2,70.1,2,63.7,2,0.012,2,,2
261.0,2,6.444,2,33.9902,2,69.7,2,63.7,2,0.012,2,,2
262.0,2,6.4415,2,33.9902,2,69.3,2,63.7,2,0.013999999999999999,2,,2
263.0,2,6.438,2,33.9912,2,68.9,2,63.7,2,0.016,2,,2
264.0,2,6.4234,2,33.993,2,68.4,2,63.7,2,0.016,2,,2
265.0,2,6.4168,2,33.993,2,68.1,2,63.7,2,0.012,2,,2
266.0,2,6.4136,2,33.9933,2,67.8,2,63.7,2,0.012,2,,2
267.0,2,6.4038,2,33.9947,2,67.7,2,63.7,2,0.013999999999999999,2,,2
268.0,2,6.392,2,33.9945,2,67.5,2,63.7,2,0.013999999999999999,2,,2
269.0,2,6.3825,2,33.9939,2,67.4,2,63.7,2,0.017,2,,2
270.0,2,6.3786,2,33.9935,2,67.3,2,63.7,2,0.017,2,,2
271.0,2,6.377999999999999,2,33.9934,2,67.2,2,63.7,2,0.012,2,,2
272.0,2,6.3784,2,33.9933,2,67.2,2,63.7,2,0.012,2,,2
273.0,2,6.3776,2,33.9935,2,67.2,2,63.6,2,0.013999999999999999,2,,2
274.0,2,6.3565,2,33.9934,2,67.3,2,63.7,2,0.012,2,,2
275.0,2,6.347,2,33.9931,2,67.2,2,63.7,2,0.013000000000000001,2,,2
276.0,2,6.3402,2,33.9932,2,67.1,2,63.8,2,0.012,2,,2
277.0,2,6.332999999999999,2,33.9936,2,67.0,2,63.8,2,0.012,2,,2
278.0,2,6.3261,2,33.9949,2,66.7,2,63.8,2,0.013000000000000001,2,,2
279.0,2,6.3175,2,33.9963,2,66.4,2,63.9,2,0.012,2,,2
280.0,2,6.3113,2,33.9966,2,66.2,2,63.9,2,0.012,2,,2
281.0,2,6.3066,2,33.9967,2,66.1,2,63.9,2,0.012,2,,2
282.0,2,6.2985,2,33.997,2,65.8,2,63.8,2,0.012,2,,2
283.0,2,6.2876,2,33.9984,2,65.7,2,63.9,2,0.012,2,,2
284.0,2,6.2812,2,33.998000000000005,2,65.6,2,63.9,2,0.022000000000000002,2,,2
285.0,2,6.2787,2,33.9977,2,65.5,2,63.9,2,0.019,2,,2
286.0,2,6.277,2,33.9977,2,65.3,2,63.9,2,0.019,2,,2
287.0,2,6.2752,2,33.9977,2,65.1,2,63.9,2,0.016,2,,2
288.0,2,6.2713,2,33.9978,2,64.8,2,63.9,2,0.012,2,,2
289.0,2,6.2583,2,33.9999,2,64.5,2,63.8,2,0.016,2,,2
290.0,2,6.2495,2,34.0004,2,64.3,2,63.8,2,0.021,2,,2
291.0,2,6.2488,2,34.0005,2,64.0,2,63.8,2,0.013000000000000001,2,,2
292.0,2,6.2462,2,34.0014,2,63.7,2,63.8,2,0.012,2,,2
293.0,2,6.2362,2,34.0021,2,63.5,2,63.8,2,0.012,2,,2
294.0,2,6.2318,2,34.0023,2,63.2,2,63.8,2,0.012,2,,2
295.0,2,6.2284,2,34.0025,2,63.0,2,63.8,2,0.012,2,,2
296.0,2,6.2248,2,34.0028,2,62.7,2,63.8,2,0.012,2,,2
297.0,2,6.218,2,34.0033,2,62.5,2,63.8,2,0.012,2,,2
298.0,2,6.2052,2,34.0041,2,62.3,2,63.8,2,0.012,2,,2
299.0,2,6.1838,2,34.0046,2,62.3,2,63.9,2,0.021,2,,2
300.0,2,6.1764,2,34.0038,2,62.1,2,63.8,2,0.015,2,,2
301.0,2,6.175,2,34.0034,2,62.0,2,63.8,2,0.015,2,,2
302.0,2,6.1741,2,34.0031,2,61.9,2,63.8,2,0.013999999999999999,2,,2
303.0,2,6.1734,2,34.0033,2,61.7,2,63.8,2,0.013000000000000001,2,,2
304.0,2,6.1635,2,34.0042,2,61.6,2,63.8,2,0.015,2,,2
305.0,2,6.1526,2,34.0049,2,61.4,2,63.8,2,0.013999999999999999,2,,2
306.0,2,6.1467,2,34.0048,2,61.1,2,63.9,2,0.016,2,,2
307.0,2,6.1358,2,34.006,2,60.8,2,63.9,2,0.013000000000000001,2,,2
308.0,2,6.1239,2,34.0071,2,60.5,2,63.9,2,0.012,2,,2
309.0,2,6.1243,2,34.0077,2,60.2,2,63.9,2,0.012,2,,2
310.0,2,6.1206,2,34.0083,2,59.8,2,63.9,2,0.012,2,,2
311.0,2,6.1096,2,34.0101,2,59.6,2,64.0,2,0.015,2,,2
312.0,2,6.1033,2,34.0102,2,59.2,2,64.0,2,0.017,2,,2
313.0,2,6.1062,2,34.010999999999996,2,58.7,2,63.9,2,0.012,2,,2
314.0,2,6.1137,2,34.0127,2,58.3,2,63.9,2,0.022000000000000002,2,,2
315.0,2,6.1183,2,34.0163,2,58.0,2,63.9,2,0.015,2,,2
316.0,2,6.1133,2,34.016,2,57.7,2,63.9,2,0.017,2,,2
317.0,2,6.1065,2,34.0153,2,57.5,2,63.9,2,0.019,2,,2
318.0,2,6.1059,2,34.0157,2,57.1,2,63.9,2,0.012,2,,2
319.0,2,6.0972,2,34.0167,2,57.0,2,64.0,2,0.013999999999999999,2,,2
320.0,2,6.086,2,34.019,2,57.0,2,64.0,2,0.017,2,,2
321.0,2,6.0501,2,34.0153,2,57.3,2,64.1,2,0.013000000000000001,2,,2
322.0,2,6.0363,2,34.0128,2,58.0,2,64.1,2,0.012,2,,2
323.0,2,6.0078,2,34.0105,2,58.9,2,64.1,2,0.012,2,,2
324.0,2,5.9374,2,34.0028,2,60.0,2,64.2,2,0.017,2,,2
325.0,2,5.861000000000001,2,33.9926,2,60.7,2,64.3,2,0.012,2,,2
326.0,2,5.8349,2,33.9889,2,61.2,2,64.3,2,0.012,2,,2
327.0,2,5.8297,2,33.989000000000004,2,61.4,2,64.4,2,0.015,2,,2
328.0,2,5.8245,2,33.9893,2,61.4,2,64.4,2,0.012,2,,2
329.0,2,5.8177,2,33.9903,2,61.0,2,64.4,2,0.012,2,,2
330.0,2,5.8203,2,33.9928,2,60.6,2,64.4,2,0.012,2,,2
331.0,2,5.8275,2,33.9964,2,60.2,2,64.3,2,0.015,2,,2
332.0,2,5.8259,2,33.9976,2,60.0,2,64.3,2,0.013000000000000001,2,,2
333.0,2,5.8261,2,33.998000000000005,2,59.8,2,64.3,2,0.015,2,,2
334.0,2,5.8235,2,33.9987,2,59.6,2,64.3,2,0.018000000000000002,2,,2
335.0,2,5.8216,2,33.9988,2,59.4,2,64.3,2,0.012,2,,2
336.0,2,5.8243,2,33.9996,2,59.2,2,64.3,2,0.018000000000000002,2,,2
337.0,2,5.8254,2,34.0,2,59.0,2,64.3,2,0.012,2,,2
338.0,2,5.8245,2,34.0,2,58.6,2,64.3,2,0.015,2,,2
339.0,2,5.8312,2,34.0012,2,57.9,2,64.3,2,0.013999999999999999,2,,2
340.0,2,5.8549,2,34.0054,2,57.4,2,64.2,2,0.012,2,,2
341.0,2,5.8614,2,34.0136,2,57.3,2,64.2,2,0.012,2,,2
342.0,2,5.8005,2,34.0074,2,57.6,2,64.2,2,0.013999999999999999,2,,2
343.0,2,5.7635,2,34.0009,2,57.8,2,64.3,2,0.012,2,,2
344.0,2,5.7594,2,33.9995,2,58.0,2,64.4,2,0.012,2,,2
345.0,2,5.7522,2,33.9986,2,57.8,2,64.4,2,0.012,2,,2
346.0,2,5.7522,2,33.999,2,57.3,2,64.4,2,0.012,2,,2
347.0,2,5.7524,2,34.001,2,56.5,2,64.4,2,0.012,2,,2
348.1,2,5.7661,2,34.007,2,55.2,2,64.4,2,0.012,2,,2
349.0,2,5.7912,2,34.0153,2,54.1,2,64.4,2,0.018000000000000002,2,,2
350.0,2,5.8235,2,34.0257,2,53.1,2,64.4,2,0.016,2,,2
351.0,2,5.7994,2,34.0265,2,52.3,2,64.3,2,0.013000000000000001,2,,2
352.0,2,5.785,2,34.0262,2,51.8,2,64.4,2,0.019,2,,2
353.0,2,5.7814,2,34.0267,2,51.3,2,64.4,2,0.022000000000000002,2,,2
354.0,2,5.7833,2,34.0294,2,50.9,2,64.4,2,0.017,2,,2
355.0,2,5.7566,2,34.0277,2,50.7,2,64.4,2,0.023,2,,2
356.0,2,5.7338,2,34.0267,2,50.5,2,64.4,2,0.017,2,,2
357.0,2,5.6988,2,34.0245,2,50.3,2,64.4,2,0.017,2,,2
358.0,2,5.686,2,34.0221,2,49.8,2,64.4,2,0.016,2,,2
359.0,2,5.685,2,34.0244,2,49.5,2,64.4,2,0.018000000000000002,2,,2
360.0,2,5.6835,2,34.0274,2,49.5,2,64.4,2,0.013000000000000001,2,,2
361.0,2,5.6373,2,34.0263,2,49.6,2,64.4,2,0.017,2,,2
362.0,2,5.5923,2,34.0209,2,49.6,2,64.3,2,0.016,2,,2
363.0,2,5.5726,2,34.019,2,49.6,2,64.4,2,0.017,2,,2
364.0,2,5.566,2,34.0189,2,49.5,2,64.4,2,0.017,2,,2
365.0,2,5.5468,2,34.02,2,49.5,2,64.4,2,0.017,2,,2
366.0,2,5.5409,2,34.0195,2,49.4,2,64.4,2,0.012,2,,2
367.0,2,5.5412,2,34.0195,2,49.2,2,64.4,2,0.015,2,,2
368.0,2,5.5442,2,34.0204,2,48.9,2,64.4,2,0.013999999999999999,2,,2
369.0,2,5.5385,2,34.0221,2,48.3,2,64.4,2,0.013000000000000001,2,,2
370.0,2,5.5435,2,34.0243,2,47.5,2,64.4,2,0.012,2,,2
371.0,2,5.5316,2,34.0309,2,46.9,2,64.4,2,0.013999999999999999,2,,2
372.0,2,5.5079,2,34.0319,2,46.4,2,64.4,2,0.022000000000000002,2,,2
373.0,2,5.5031,2,34.0336,2,45.9,2,64.4,2,0.017,2,,2
374.0,2,5.5065,2,34.0353,2,45.5,2,64.4,2,0.019,2,,2
375.0,2,5.5069,2,34.0363,2,44.9,2,64.4,2,0.024,2,,2
376.0,2,5.5132,2,34.0373,2,44.2,2,64.4,2,0.022000000000000002,2,,2
377.0,2,5.5357,2,34.0427,2,43.3,2,64.4,2,0.017,2,,2
378.0,2,5.5604,2,34.0517,2,42.4,2,64.4,2,0.016,2,,2
379.0,2,5.5723,2,34.0551,2,41.7,2,64.4,2,0.015,2,,2
380.0,2,5.5822,2,34.0567,2,41.0,2,64.4,2,0.016,2,,2
381.0,2,5.5939,2,34.0586,2,40.6,2,64.4,2,0.021,2,,2
382.0,2,5.6094,2,34.0643,2,40.3,2,64.4,2,0.023,2,,2
383.0,2,5.5933,2,34.0646,2,40.0,2,64.4,2,0.012,2,,2
384.0,2,5.5828,2,34.0636,2,39.8,2,64.4,2,0.013999999999999999,2,,2
385.0,2,5.5811,2,34.063,2,39.7,2,64.4,2,0.012,2,,2
386.0,2,5.5698,2,34.0633,2,39.5,2,64.4,2,0.018000000000000002,2,,2
387.0,2,5.5407,2,34.0612,2,39.4,2,64.4,2,0.024,2,,2
388.0,2,5.5354,2,34.0606,2,39.3,2,64.3,2,0.019,2,,2
389.0,2,5.5285,2,34.0603,2,39.3,2,64.4,2,0.017,2,,2
390.0,2,5.5258,2,34.0598,2,39.2,2,64.4,2,0.021,2,,2
391.0,2,5.5241,2,34.0596,2,39.2,2,64.4,2,0.02,2,,2
392.0,2,5.5125,2,34.0584,2,39.3,2,64.4,2,0.023,2,,2
393.0,2,5.4812,2,34.0559,2,39.5,2,64.4,2,0.012,2,,2
394.0,2,5.471,2,34.0546,2,39.5,2,64.4,2,0.019,2,,2
395.0,2,5.4566,2,34.0539,2,39.5,2,64.4,2,0.016,2,,2
396.0,2,5.4516,2,34.0533,2,39.6,2,64.4,2,0.018000000000000002,2,,2
397.0,2,5.4483,2,34.0542,2,39.5,2,64.4,2,0.018000000000000002,2,,2
398.0,2,5.4408,2,34.0539,2,39.4,2,64.4,2,0.02,2,,2
399.0,2,5.4249,2,34.0537,2,39.4,2,64.4,2,0.023,2,,2
400.0,2,5.4182,2,34.0535,2,39.3,2,64.4,2,0.015,2,,2
401.0,2,5.4022,2,34.0547,2,39.2,2,64.4,2,0.015,2,,2
402.0,2,5.3883,2,34.0536,2,39.3,2,64.4,2,0.012,2,,2
403.0,2,5.3775,2,34.0534,2,39.2,2,64.4,2,0.02,2,,2
404.0,2,5.3747,2,34.0529,2,39.1,2,64.4,2,0.019,2,,2
405.0,2,5.3602,2,34.0532,2,39.0,2,64.4,2,0.018000000000000002,2,,2
406.0,2,5.3314,2,34.0535,2,39.0,2,64.4,2,0.015,2,,2
407.0,2,5.3291,2,34.053000000000004,2,38.9,2,64.4,2,0.013999999999999999,2,,2
408.0,2,5.3253,2,34.0533,2,38.8,2,64.4,2,0.024,2,,2
409.0,2,5.3203,2,34.0542,2,38.6,2,64.4,2,0.022000000000000002,2,,2
410.0,2,5.3202,2,34.0552,2,38.4,2,64.4,2,0.017,2,,2
411.0,2,5.3185,2,34.0558,2,38.3,2,64.4,2,0.013000000000000001,2,,2
412.0,2,5.318,2,34.0563,2,38.1,2,64.4,2,0.024,2,,2
413.0,2,5.3153,2,34.0576,2,38.0,2,64.4,2,0.016,2,,2
414.0,2,5.3141,2,34.0582,2,37.8,2,64.4,2,0.024,2,,2
415.0,2,5.3123,2,34.059,2,37.7,2,64.4,2,0.017,2,,2
416.0,2,5.3081,2,34.0605,2,37.4,2,64.4,2,0.024,2,,2
417.0,2,5.3066,2,34.061,2,37.2,2,64.4,2,0.018000000000000002,2,,2
418.0,2,5.3036,2,34.0622,2,36.9,2,64.4,2,0.023,2,,2
419.0,2,5.3033,2,34.0639,2,36.7,2,64.4,2,0.024,2,,2
420.0,2,5.3041,2,34.0666,2,36.3,2,64.4,2,0.023,2,,2
421.0,2,5.2962,2,34.0684,2,36.1,2,64.4,2,0.016,2,,2
422.0,2,5.2924,2,34.0688,2,35.9,2,64.4,2,0.019,2,,2
423.0,2,5.2868,2,34.0696,2,35.7,2,64.4,2,0.018000000000000002,2,,2
424.0,2,5.2852,2,34.0708,2,35.4,2,64.4,2,0.013999999999999999,2,,2
425.0,2,5.2849,2,34.0715,2,35.0,2,64.5,2,0.021,2,,2
426.0,2,5.2811,2,34.0745,2,34.7,2,64.5,2,0.019,2,,2
427.0,2,5.2796,2,34.0761,2,34.3,2,64.4,2,0.015,2,,2
428.0,2,5.2794,2,34.0779,2,34.1,2,64.3,2,0.015,2,,2
429.0,2,5.2781,2,34.0781,2,33.8,2,64.5,2,0.024,2,,2
430.0,2,5.2783,2,34.0787,2,33.6,2,64.5,2,0.017,2,,2
431.0,2,5.2788,2,34.08,2,33.3,2,64.5,2,0.024,2,,2
432.0,2,5.2795,2,34.0815,2,33.1,2,64.5,2,0.013000000000000001,2,,2
433.0,2,5.2796,2,34.0827,2,32.9,2,64.5,2,0.023,2,,2
434.0,2,5.2789,2,34.0838,2,32.6,2,64.5,2,0.022000000000000002,2,,2
435.0,2,5.2799,2,34.0858,2,32.3,2,64.5,2,0.024,2,,2
436.0,2,5.2832,2,34.0872,2,31.9,2,64.5,2,0.016,2,,2
437.0,2,5.294,2,34.0904,2,31.6,2,64.5,2,0.013000000000000001,2,,2
438.0,2,5.2945,2,34.0913,2,31.2,2,64.5,2,0.02,2,,2
439.0,2,5.2821,2,34.0954,2,31.0,2,64.5,2,0.013000000000000001,2,,2
440.0,2,5.2752,2,34.0966,2,30.8,2,64.5,2,0.022000000000000002,2,,2
441.0,2,5.2735,2,34.0971,2,30.5,2,64.5,2,0.024,2,,2
442.0,2,5.2723,2,34.0973,2,30.3,2,64.5,2,0.024,2,,2
443.0,2,5.2721,2,34.0972,2,30.2,2,64.5,2,0.022000000000000002,2,,2
444.0,2,5.2721,2,34.0974,2,30.0,2,64.5,2,0.018000000000000002,2,,2
445.0,2,5.2719,2,34.0975,2,30.0,2,64.5,2,0.02,2,,2
446.0,2,5.2716,2,34.0974,2,29.8,2,64.5,2,0.017,2,,2
447.0,2,5.2723,2,34.0978,2,29.7,2,64.5,2,0.02,2,,2
448.0,2,5.273,2,34.0986,2,29.6,2,64.5,2,0.024,2,,2
449.0,2,5.274,2,34.0989,2,29.5,2,64.5,2,0.024,2,,2
450.0,2,5.2749,2,34.0998,2,29.3,2,64.5,2,0.024,2,,2
451.0,2,5.2761,2,34.1016,2,29.1,2,64.5,2,0.024,2,,2
452.0,2,5.2763,2,34.1027,2,29.0,2,64.3,2,0.021,2,,2
453.0,2,5.2742,2,34.1046,2,28.8,2,64.5,2,0.013000000000000001,2,,2
454.0,2,5.2689,2,34.1061,2,28.6,2,64.5,2,0.021,2,,2
455.0,2,5.2607,2,34.1067,2,28.6,2,64.5,2,0.024,2,,2
456.0,2,5.2567,2,34.1066,2,28.4,2,64.5,2,0.024,2,,2
457.0,2,5.242999999999999,2,34.1073,2,28.3,2,64.5,2,0.023,2,,2
458.0,2,5.2413,2,34.1068,2,28.2,2,64.5,2,0.013999999999999999,2,,2
459.0,2,5.2384,2,34.1068,2,28.0,2,64.5,2,0.022000000000000002,2,,2
460.0,2,5.2354,2,34.1066,2,28.0,2,64.6,2,0.024,2,,2
461.0,2,5.227,2,34.1065,2,27.8,2,64.6,2,0.024,2,,2
462.0,2,5.2207,2,34.1067,2,27.6,2,64.6,2,0.022000000000000002,2,,2
463.0,2,5.2012,2,34.1094,2,27.3,2,64.6,2,0.017,2,,2
464.0,2,5.1853,2,34.1099,2,27.1,2,64.6,2,0.021,2,,2
465.0,2,5.1824,2,34.1104,2,27.0,2,64.5,2,0.018000000000000002,2,,2
466.0,2,5.1804,2,34.1106,2,26.8,2,64.6,2,0.022000000000000002,2,,2
467.0,2,5.1784,2,34.1109,2,26.7,2,64.6,2,0.024,2,,2
468.0,2,5.1773,2,34.1109,2,26.7,2,64.5,2,0.019,2,,2
469.0,2,5.1761,2,34.111,2,26.6,2,64.6,2,0.023,2,,2
470.0,2,5.1716,2,34.1114,2,26.6,2,64.6,2,0.018000000000000002,2,,2
471.0,2,5.1655,2,34.1116,2,26.5,2,64.6,2,0.022000000000000002,2,,2
472.0,2,5.1591,2,34.111999999999995,2,26.4,2,64.6,2,0.023,2,,2
473.0,2,5.1573,2,34.1121,2,26.3,2,64.6,2,0.024,2,,2
474.0,2,5.1547,2,34.1123,2,26.1,2,64.6,2,0.022000000000000002,2,,2
475.0,2,5.1508,2,34.1124,2,26.0,2,64.6,2,0.024,2,,2
476.0,2,5.1423,2,34.1138,2,25.9,2,64.5,2,0.024,2,,2
477.0,2,5.1264,2,34.1153,2,25.8,2,64.6,2,0.02,2,,2
478.0,2,5.115,2,34.1157,2,25.6,2,64.6,2,0.018000000000000002,2,,2
479.0,2,5.1122,2,34.1157,2,25.6,2,64.6,2,0.022000000000000002,2,,2
480.0,2,5.1115,2,34.1156,2,-99.0,2,64.5,2,0.02,2,,2
481.0,2,5.1116,2,34.1157,2,-99.0,2,64.6,2,0.024,2,,2
482.0,2,5.1143,2,34.1155,2,25.3,2,64.5,2,0.017,2,,2
483.0,2,5.1191,2,34.1152,2,25.3,2,64.6,2,0.012,2,,2
484.0,2,5.1136,2,34.1166,2,-99.0,2,64.6,2,0.018000000000000002,2,,2
485.0,2,5.1075,2,34.1168,2,-99.0,2,64.6,2,0.023,2,,2
486.0,2,5.0966,2,34.118,2,-99.0,2,64.6,2,0.012,2,,2
487.0,2,5.0882,2,34.1189,2,-99.0,2,64.6,2,0.023,2,,2
488.0,2,5.0824,2,34.1187,2,-99.0,2,64.5,2,0.016,2,,2
489.0,2,5.0813,2,34.1188,2,-99.0,2,64.5,2,0.021,2,,2
490.0,2,5.08,2,34.1188,2,-99.0,2,64.4,2,0.024,2,,2
491.0,2,5.0772,2,34.1192,2,-99.0,2,64.6,2,0.024,2,,2
492.0,2,5.069,2,34.1194,2,-99.0,2,64.6,2,0.024,2,,2
493.0,2,5.0647,2,34.1194,2,-99.0,2,64.6,2,0.024,2,,2
494.0,2,5.0591,2,34.1196,2,-99.0,2,64.6,2,0.024,2,,2
495.0,2,5.0486,2,34.1198,2,-99.0,2,64.6,2,0.024,2,,2
495.9,2,5.0297,2,34.1188,2,-99.0,2,64.6,2,0.024,2,,2
497.0,2,5.0135,2,34.1191,2,-99.0,2,64.6,2,0.023,2,,2
498.0,2,4.9946,2,34.1187,2,-99.0,2,64.6,2,0.024,2,,2
499.0,2,4.9921,2,34.1182,2,-99.0,2,64.6,2,0.023,2,,2
500.0,2,4.986000000000001,2,34.1183,2,-99.0,2,64.6,2,0.024,2,,2
501.0,2,4.9815,2,34.1176,2,-99.0,2,64.6,2,0.02,2,,2
502.0,2,4.982,2,34.1177,2,-99.0,2,64.6,2,0.022000000000000002,2,,2
503.0,2,4.9745,2,34.1174,2,-99.0,2,64.6,2,0.022000000000000002,2,,2
504.0,2,4.9619,2,34.1179,2,-99.0,2,64.6,2,0.022000000000000002,2,,2
505.2,2,4.9511,2,34.1182,2,-99.0,2,64.6,2,0.02,2,,2
506.0,2,4.9525,2,34.1183,2,-99.0,2,64.6,2,0.021,2,,2
507.0,2,4.9443,2,34.1183,2,-99.0,2,64.6,2,0.024,2,,2
508.0,2,4.9353,2,34.118,2,-99.0,2,64.5,2,0.023,2,,2
509.0,2,4.934,2,34.1179,2,-99.0,2,64.5,2,0.024,2,,2
510.0,2,4.9314,2,34.118,2,-99.0,2,64.5,2,0.024,2,,2
511.0,2,4.9309,2,34.1189,2,-99.0,2,64.6,2,0.023,2,,2
512.0,2,4.9291,2,34.119,2,-99.0,2,64.6,2,0.024,2,,2
513.0,2,4.9279,2,34.119,2,-99.0,2,64.5,2,0.024,2,,2
514.0,2,4.9213,2,34.1188,2,-99.0,2,64.6,2,0.024,2,,2
515.0,2,4.9137,2,34.1181,2,-99.0,2,64.6,2,0.024,2,,2
516.0,2,4.9096,2,34.1177,2,-99.0,2,64.6,2,0.024,2,,2
517.0,2,4.9075,2,34.1176,2,-99.0,2,64.6,2,0.024,2,,2
518.0,2,4.9028,2,34.117,2,-99.0,2,64.6,2,0.024,2,,2
519.0,2,4.8825,2,34.1168,2,-99.0,2,64.6,2,0.024,2,,2
520.0,2,4.8693,2,34.116,2,-99.0,2,64.5,2,0.024,2,,2
521.0,2,4.8496,2,34.1156,2,-99.0,2,64.6,2,0.024,2,,2
522.0,2,4.8409,2,34.1145,2,-99.0,2,64.6,2,0.024,2,,2
523.0,2,4.8348,2,34.1147,2,-99.0,2,64.5,2,0.024,2,,2
524.0,2,4.8217,2,34.1138,2,-99.0,2,64.6,2,0.024,2,,2
525.0,2,4.8125,2,34.1124,2,-99.0,2,64.6,2,0.024,2,,2
526.0,2,4.8096,2,34.1119,2,-99.0,2,64.6,2,0.024,2,,2
527.0,2,4.8098,2,34.1122,2,-99.0,2,64.6,2,0.024,2,,2
528.0,2,4.8087,2,34.1123,2,-99.0,2,64.6,2,0.024,2,,2
529.0,2,4.8076,2,34.1123,2,-99.0,2,64.6,2,0.024,2,,2
530.0,2,4.8068,2,34.1125,2,-99.0,2,64.6,2,0.024,2,,2
531.0,2,4.8049,2,34.1127,2,-99.0,2,64.6,2,0.024,2,,2
532.0,2,4.8038,2,34.1126,2,154.8,2,64.6,2,0.024,2,,2
533.0,2,4.8001,2,34.1128,2,-99.0,2,64.6,2,0.024,2,,2
534.0,2,4.7979,2,34.1141,2,-99.0,2,64.6,2,0.024,2,,2
535.0,2,4.7953,2,34.1168,2,-99.0,2,64.6,2,0.024,2,,2
536.0,2,4.7957,2,34.1174,2,-99.0,2,64.6,2,0.024,2,,2
537.0,2,4.793,2,34.1177,2,23.0,2,64.6,2,0.024,2,,2
538.0,2,4.7759,2,34.1192,2,22.8,2,64.6,2,0.024,2,,2
539.0,2,4.7624,2,34.1209,2,22.4,2,64.6,2,0.024,2,,2
540.0,2,4.7736,2,34.1258,2,22.0,2,64.6,2,0.024,2,,2
541.0,2,4.7897,2,34.1305,2,21.8,2,64.6,2,0.024,2,,2
542.0,2,4.7935,2,34.1316,2,21.5,2,64.6,2,0.024,2,,2
543.0,2,4.7965,2,34.133,2,21.3,2,64.6,2,0.024,2,,2
544.0,2,4.7986,2,34.1342,2,21.1,2,64.6,2,0.024,2,,2
545.0,2,4.7994,2,34.1352,2,21.0,2,64.6,2,0.024,2,,2
546.0,2,4.7963,2,34.1361,2,20.8,2,64.6,2,0.024,2,,2
547.0,2,4.7951,2,34.1363,2,20.6,2,64.6,2,0.024,2,,2
548.0,2,4.7939,2,34.1368,2,20.5,2,64.6,2,0.024,2,,2
549.0,2,4.7906,2,34.1376,2,20.4,2,64.6,2,0.024,2,,2
550.0,2,4.7806,2,34.1393,2,20.1,2,64.6,2,0.024,2,,2
551.0,2,4.7687,2,34.1407,2,20.0,2,64.6,2,0.024,2,,2
552.0,2,4.7637,2,34.1412,2,19.9,2,64.6,2,0.024,2,,2
553.0,2,4.7584,2,34.141999999999996,2,19.7,2,64.6,2,0.024,2,,2
554.0,2,4.756,2,34.1424,2,19.6,2,64.6,2,0.024,2,,2
555.0,2,4.7535,2,34.143,2,19.5,2,64.6,2,0.024,2,,2
556.0,2,4.7444,2,34.1444,2,19.5,2,64.6,2,0.024,2,,2
557.0,2,4.7333,2,34.1441,2,19.4,2,64.5,2,0.024,2,,2
558.0,2,4.7229,2,34.1429,2,19.4,2,64.6,2,0.024,2,,2
559.0,2,4.7176,2,34.1419,2,19.5,2,64.6,2,0.024,2,,2
560.0,2,4.7108,2,34.1412,2,19.4,2,64.4,2,0.021,2,,2
561.0,2,4.7055,2,34.1408,2,19.4,2,64.6,2,0.024,2,,2
562.0,2,4.6957,2,34.141,2,19.3,2,64.5,2,0.024,2,,2
563.0,2,4.6849,2,34.1407,2,19.3,2,64.6,2,0.024,2,,2
564.0,2,4.6808,2,34.141,2,19.3,2,64.5,2,0.024,2,,2
565.0,2,4.6784,2,34.1415,2,19.2,2,64.5,2,0.024,2,,2
566.0,2,4.6687,2,34.1416,2,19.1,2,64.5,2,0.024,2,,2
567.0,2,4.6515,2,34.1415,2,19.0,2,64.5,2,0.024,2,,2
568.0,2,4.6598,2,34.1435,2,18.9,2,64.5,2,0.024,2,,2
569.0,2,4.6637,2,34.146,2,18.7,2,64.5,2,0.023,2,,2
570.0,2,4.666,2,34.1473,2,18.6,2,64.5,2,0.024,2,,2
571.0,2,4.6711,2,34.1485,2,18.5,2,64.5,2,0.024,2,,2
572.0,2,4.672,2,34.1492,2,18.4,2,64.6,2,0.024,2,,2
573.0,2,4.6725,2,34.1496,2,18.3,2,64.5,2,0.024,2,,2
574.0,2,4.6742,2,34.1502,2,18.3,2,64.5,2,0.024,2,,2
575.0,2,4.672,2,34.1506,2,18.2,2,64.5,2,0.024,2,,2
576.0,2,4.6672,2,34.1507,2,18.2,2,64.5,2,0.024,2,,2
577.0,2,4.6617,2,34.1501,2,18.2,2,64.5,2,0.024,2,,2
578.0,2,4.6602,2,34.1499,2,18.2,2,64.5,2,0.024,2,,2
579.0,2,4.6537,2,34.1497,2,18.1,2,64.5,2,0.024,2,,2
580.0,2,4.6526,2,34.1496,2,18.1,2,64.5,2,0.024,2,,2
581.0,2,4.6518,2,34.1501,2,18.0,2,64.5,2,0.024,2,,2
582.0,2,4.6536,2,34.1509,2,18.0,2,64.5,2,0.024,2,,2
583.0,2,4.6557,2,34.1521,2,17.9,2,64.5,2,0.024,2,,2
584.0,2,4.6542,2,34.1531,2,17.8,2,64.5,2,0.024,2,,2
585.0,2,4.6555,2,34.1538,2,17.8,2,64.5,2,0.024,2,,2
586.0,2,4.6576,2,34.1541,2,17.7,2,64.5,2,0.024,2,,2
587.0,2,4.6588,2,34.1546,2,17.7,2,64.5,2,0.024,2,,2
588.0,2,4.6588,2,34.1548,2,17.6,2,64.5,2,0.024,2,,2
589.0,2,4.6586,2,34.155,2,17.6,2,64.5,2,0.024,2,,2
590.0,2,4.6581,2,34.1551,2,18.5,2,64.5,2,0.024,2,,2
591.0,2,4.6547,2,34.1556,2,17.0,2,64.5,2,0.024,2,,2
592.0,2,4.6525,2,34.1559,2,17.5,2,64.5,2,0.024,2,,2
593.0,2,4.6511,2,34.156,2,17.5,2,64.5,2,0.024,2,,2
594.0,2,4.6494,2,34.1561,2,17.4,2,64.5,2,0.024,2,,2
595.0,2,4.6428,2,34.1567,2,17.3,2,64.5,2,0.024,2,,2
596.0,2,4.6316,2,34.1574,2,17.3,2,64.5,2,0.024,2,,2
597.0,2,4.6212,2,34.1574,2,17.3,2,64.5,2,0.024,2,,2
598.0,2,4.6139,2,34.1574,2,17.3,2,64.5,2,0.024,2,,2
599.0,2,4.6119,2,34.1573,2,17.1,2,64.5,2,0.024,2,,2
600.0,2,4.6093,2,34.1579,2,17.0,2,64.5,2,0.024,2,,2
601.0,2,4.5921,2,34.1623,2,16.9,2,64.5,2,0.024,2,,2
602.0,2,4.5642,2,34.162,2,16.9,2,64.5,2,0.024,2,,2
603.0,2,4.5523,2,34.1603,2,16.7,2,64.5,2,0.024,2,,2
604.0,2,4.5537,2,34.1604,2,16.7,2,64.5,2,0.024,2,,2
605.0,2,4.5571,2,34.1613,2,16.6,2,64.5,2,0.024,2,,2
606.0,2,4.5612,2,34.1621,2,16.5,2,64.5,2,0.024,2,,2
607.0,2,4.5632,2,34.1651,2,16.4,2,64.5,2,0.024,2,,2
608.0,2,4.5597,2,34.1661,2,16.3,2,64.5,2,0.024,2,,2
609.0,2,4.5544,2,34.1668,2,16.3,2,64.5,2,0.024,2,,2
610.0,2,4.5391,2,34.1661,2,16.2,2,64.5,2,0.024,2,,2
611.0,2,4.5301,2,34.1654,2,16.1,2,64.5,2,0.024,2,,2
612.0,2,4.5242,2,34.1665,2,16.1,2,64.5,2,0.024,2,,2
613.0,2,4.5196,2,34.1662,2,16.0,2,64.5,2,0.024,2,,2
614.0,2,4.5197,2,34.166,2,15.9,2,64.5,2,0.024,2,,2
615.0,2,4.5143,2,34.1668,2,15.9,2,64.5,2,0.024,2,,2
616.0,2,4.4821,2,34.1661,2,15.9,2,64.5,2,0.024,2,,2
617.0,2,4.476,2,34.1652,2,15.9,2,64.5,2,0.024,2,,2
618.0,2,4.4683,2,34.1647,2,15.8,2,64.5,2,0.024,2,,2
619.0,2,4.4626,2,34.1644,2,15.9,2,64.5,2,0.024,2,,2
620.0,2,4.4587,2,34.1653,2,15.7,2,64.5,2,0.024,2,,2
621.0,2,4.4537,2,34.167,2,15.7,2,64.5,2,0.024,2,,2
622.0,2,4.4514,2,34.1702,2,15.6,2,64.5,2,0.024,2,,2
623.0,2,4.441,2,34.1714,2,15.5,2,64.4,2,0.024,2,,2
624.0,2,4.4377,2,34.172,2,15.4,2,64.5,2,0.024,2,,2
625.0,2,4.4323,2,34.1721,2,15.3,2,64.5,2,0.024,2,,2
626.0,2,4.4246,2,34.1719,2,15.3,2,64.5,2,0.024,2,,2
627.0,2,4.4245,2,34.1727,2,-99.0,2,64.3,2,0.024,2,,2
628.0,2,4.4249,2,34.1735,2,-99.0,2,64.4,2,0.024,2,,2
629.0,2,4.4239,2,34.1737,2,-99.0,2,64.5,2,0.024,2,,2
630.0,2,4.4137,2,34.173,2,-99.0,2,64.5,2,0.024,2,,2
631.0,2,4.4003,2,34.172,2,15.5,2,64.5,2,0.024,2,,2
632.0,2,4.3975,2,34.173,2,15.3,2,64.5,2,0.024,2,,2
633.0,2,4.3991,2,34.1739,2,-99.0,2,64.5,2,0.024,2,,2
634.0,2,4.3947,2,34.1732,2,-99.0,2,64.5,2,0.024,2,,2
635.0,2,4.3953,2,34.1733,2,-99.0,2,64.5,2,0.024,2,,2
636.0,2,4.4048,2,34.1756,2,-99.0,2,64.5,2,0.024,2,,2
637.0,2,4.4116,2,34.178000000000004,2,-99.0,2,64.5,2,0.024,2,,2
638.0,2,4.4096,2,34.1811,2,-99.0,2,64.5,2,0.024,2,,2
639.0,2,4.3874,2,34.1807,2,-99.0,2,64.5,2,0.024,2,,2
640.0,2,4.3745,2,34.1793,2,-99.0,2,64.5,2,0.024,2,,2
641.0,2,4.3532,2,34.1801,2,-99.0,2,64.5,2,0.024,2,,2
642.0,2,4.3479,2,34.1793,2,-99.0,2,64.4,2,0.024,2,,2
643.0,2,4.3448,2,34.1792,2,-99.0,2,64.4,2,0.024,2,,2
644.0,2,4.343,2,34.179,2,-99.0,2,64.5,2,0.024,2,,2
645.0,2,4.3407,2,34.179,2,-99.0,2,64.5,2,0.024,2,,2
646.0,2,4.3372,2,34.1794,2,-99.0,2,64.5,2,0.024,2,,2
647.0,2,4.3357,2,34.1795,2,-99.0,2,64.5,2,0.024,2,,2
648.0,2,4.3361,2,34.1811,2,-99.0,2,64.5,2,0.024,2,,2
649.0,2,4.3392,2,34.1827,2,-99.0,2,64.5,2,0.024,2,,2
650.0,2,4.3569,2,34.1859,2,-99.0,2,64.5,2,0.024,2,,2
651.0,2,4.3697,2,34.1915,2,-99.0,2,64.3,2,0.024,2,,2
652.0,2,4.3784,2,34.1935,2,-99.0,2,64.4,2,0.024,2,,2
653.0,2,4.399,2,34.2001,2,-99.0,2,64.4,2,0.024,2,,2
654.0,2,4.4038,2,34.2028,2,-99.0,2,64.4,2,0.024,2,,2
655.0,2,4.4030000000000005,2,34.2032,2,-99.0,2,64.4,2,0.024,2,,2
656.0,2,4.3973,2,34.2032,2,-99.0,2,64.4,2,0.024,2,,2
657.0,2,4.3942,2,34.2026,2,-99.0,2,64.4,2,0.024,2,,2
658.0,2,4.3942,2,34.2025,2,-99.0,2,64.4,2,0.024,2,,2
659.0,2,4.3945,2,34.2026,2,-99.0,2,64.4,2,0.024,2,,2
660.0,2,4.3942,2,34.2024,2,-99.0,2,64.4,2,0.024,2,,2
661.0,2,4.3914,2,34.2021,2,-99.0,2,64.4,2,0.024,2,,2
662.0,2,4.3843,2,34.2018,2,-99.0,2,64.4,2,0.024,2,,2
663.0,2,4.3828,2,34.2018,2,-99.0,2,64.4,2,0.024,2,,2
664.0,2,4.3933,2,34.2043,2,-99.0,2,64.4,2,0.024,2,,2
665.0,2,4.3995,2,34.2068,2,-99.0,2,64.2,2,0.024,2,,2
666.0,2,4.4002,2,34.2081,2,-99.0,2,64.4,2,0.024,2,,2
667.0,2,4.3991,2,34.2091,2,-99.0,2,64.4,2,0.024,2,,2
668.0,2,4.3957,2,34.2112,2,-99.0,2,64.4,2,0.024,2,,2
669.0,2,4.3874,2,34.2111,2,-99.0,2,64.4,2,0.024,2,,2
670.0,2,4.3855,2,34.2111,2,-99.0,2,64.4,2,0.024,2,,2
671.0,2,4.3852,2,34.2114,2,-99.0,2,64.4,2,0.024,2,,2
672.0,2,4.3894,2,34.2135,2,-99.0,2,64.4,2,0.024,2,,2
673.0,2,4.3943,2,34.2199,2,-99.0,2,64.4,2,0.024,2,,2
674.0,2,4.3884,2,34.2213,2,-99.0,2,64.4,2,0.024,2,,2
675.0,2,4.3854,2,34.2217,2,-99.0,2,64.4,2,0.024,2,,2
676.0,2,4.3812,2,34.2223,2,-99.0,2,64.4,2,0.024,2,,2
677.0,2,4.3776,2,34.2234,2,-99.0,2,64.4,2,0.024,2,,2
678.0,2,4.3763,2,34.2238,2,-99.0,2,64.4,2,0.024,2,,2
679.0,2,4.3741,2,34.2248,2,-99.0,2,64.4,2,0.024,2,,2
680.0,2,4.3734,2,34.2253,2,-99.0,2,64.4,2,0.024,2,,2
681.0,2,4.3735,2,34.2252,2,-99.0,2,64.4,2,0.024,2,,2
682.0,2,4.3704,2,34.228,2,-99.0,2,64.4,2,0.024,2,,2
683.0,2,4.3668,2,34.2304,2,-99.0,2,64.4,2,0.024,2,,2
684.0,2,4.3627,2,34.2312,2,-99.0,2,64.4,2,0.024,2,,2
685.0,2,4.3571,2,34.2315,2,-99.0,2,64.4,2,0.024,2,,2
686.0,2,4.3531,2,34.2325,2,-99.0,2,64.4,2,0.024,2,,2
687.0,2,4.3521,2,34.2329,2,-99.0,2,64.4,2,0.024,2,,2
688.0,2,4.3522,2,34.2332,2,-99.0,2,64.4,2,0.024,2,,2
689.0,2,4.3508,2,34.2341,2,-99.0,2,64.4,2,0.024,2,,2
690.0,2,4.3488,2,34.2353,2,-99.0,2,64.4,2,0.024,2,,2
691.0,2,4.3476,2,34.2353,2,-99.0,2,64.4,2,0.024,2,,2
692.0,2,4.3459,2,34.2357,2,-99.0,2,64.4,2,0.024,2,,2
693.0,2,4.3451,2,34.236999999999995,2,-99.0,2,64.4,2,0.024,2,,2
694.0,2,4.3428,2,34.2371,2,-99.0,2,64.4,2,0.024,2,,2
695.0,2,4.3481,2,34.2384,2,-99.0,2,64.4,2,0.024,2,,2
696.0,2,4.3547,2,34.2419,2,-99.0,2,64.4,2,0.024,2,,2
697.0,2,4.3396,2,34.2422,2,-99.0,2,64.4,2,0.024,2,,2
698.0,2,4.3324,2,34.2418,2,-99.0,2,64.4,2,0.024,2,,2
699.0,2,4.3387,2,34.2431,2,-99.0,2,64.4,2,0.024,2,,2
700.0,2,4.3344,2,34.2442,2,-99.0,2,64.4,2,0.024,2,,2
701.0,2,4.3274,2,34.2441,2,-99.0,2,64.4,2,0.024,2,,2
702.0,2,4.3209,2,34.2444,2,-99.0,2,64.4,2,0.024,2,,2
703.0,2,4.3212,2,34.2461,2,-99.0,2,64.4,2,0.024,2,,2
704.0,2,4.3201,2,34.2467,2,-99.0,2,64.4,2,0.024,2,,2
705.0,2,4.3124,2,34.2464,2,-99.0,2,64.4,2,0.024,2,,2
706.0,2,4.3065,2,34.2456,2,-99.0,2,64.4,2,0.024,2,,2
707.0,2,4.3194,2,34.249,2,-99.0,2,64.4,2,0.024,2,,2
708.0,2,4.3238,2,34.2528,2,-99.0,2,64.4,2,0.024,2,,2
709.0,2,4.3225,2,34.254,2,-99.0,2,64.4,2,0.024,2,,2
710.0,2,4.3197,2,34.2545,2,-99.0,2,64.3,2,0.024,2,,2
711.0,2,4.3173,2,34.2552,2,-99.0,2,64.4,2,0.024,2,,2
712.0,2,4.3132,2,34.2555,2,-99.0,2,64.4,2,0.024,2,,2
713.0,2,4.3082,2,34.2557,2,-99.0,2,64.4,2,0.024,2,,2
714.0,2,4.3063,2,34.256,2,-99.0,2,64.4,2,0.024,2,,2
715.0,2,4.3079,2,34.2566,2,-99.0,2,64.4,2,0.024,2,,2
716.0,2,4.3117,2,34.257,2,-99.0,2,64.4,2,0.024,2,,2
717.0,2,4.3134,2,34.2592,2,-99.0,2,64.4,2,0.024,2,,2
718.0,2,4.3073,2,34.2601,2,-99.0,2,64.4,2,0.024,2,,2
719.0,2,4.3022,2,34.2604,2,-99.0,2,64.4,2,0.024,2,,2
720.0,2,4.3019,2,34.2605,2,-99.0,2,64.4,2,0.024,2,,2
721.0,2,4.3027,2,34.2606,2,-99.0,2,64.4,2,0.024,2,,2
722.0,2,4.303999999999999,2,34.2608,2,-99.0,2,64.4,2,0.024,2,,2
723.0,2,4.3047,2,34.2612,2,-99.0,2,64.4,2,0.024,2,,2
724.0,2,4.2986,2,34.2618,2,-99.0,2,64.4,2,0.024,2,,2
725.0,2,4.2856,2,34.2621,2,-99.0,2,64.4,2,0.024,2,,2
726.0,2,4.2753,2,34.2609,2,-99.0,2,64.4,2,0.024,2,,2
727.0,2,4.2741,2,34.2601,2,-99.0,2,64.4,2,0.024,2,,2
728.0,2,4.2741,2,34.2609,2,-99.0,2,64.4,2,0.024,2,,2
729.0,2,4.2649,2,34.2611,2,-99.0,2,64.4,2,0.024,2,,2
730.0,2,4.2339,2,34.2585,2,-99.0,2,64.4,2,0.024,2,,2
731.0,2,4.1894,2,34.2526,2,-99.0,2,64.4,2,0.024,2,,2
732.0,2,4.1817,2,34.2509,2,-99.0,2,64.4,2,0.024,2,,2
733.0,2,4.1766,2,34.2505,2,-99.0,2,64.4,2,0.024,2,,2
734.0,2,4.1452,2,34.2471,2,-99.0,2,64.4,2,0.024,2,,2
735.0,2,4.1271,2,34.2437,2,-99.0,2,64.5,2,0.024,2,,2
736.0,2,4.1059,2,34.2411,2,-99.0,2,64.5,2,0.024,2,,2
737.0,2,4.0789,2,34.2376,2,-99.0,2,64.5,2,0.024,2,,2
738.0,2,4.0602,2,34.2352,2,-99.0,2,64.5,2,0.024,2,,2
739.0,2,4.0568,2,34.2337,2,-99.0,2,64.5,2,0.024,2,,2
740.0,2,4.0605,2,34.2345,2,-99.0,2,64.5,2,0.024,2,,2
741.0,2,4.0623,2,34.2349,2,-99.0,2,64.3,2,0.024,2,,2
742.0,2,4.0607,2,34.2352,2,-99.0,2,64.5,2,0.024,2,,2
743.0,2,4.0545,2,34.2342,2,-99.0,2,64.5,2,0.024,2,,2
744.0,2,4.0567,2,34.2344,2,-99.0,2,64.5,2,0.024,2,,2
745.0,2,4.0571,2,34.2355,2,-99.0,2,64.5,2,0.024,2,,2
746.0,2,4.0498,2,34.2352,2,-99.0,2,64.5,2,0.024,2,,2
747.0,2,4.0487,2,34.2358,2,-99.0,2,64.5,2,0.024,2,,2
748.0,2,4.037,2,34.2354,2,-99.0,2,64.5,2,0.024,2,,2
749.0,2,4.029,2,34.2346,2,-99.0,2,64.5,2,0.024,2,,2
750.0,2,4.0256,2,34.2347,2,-99.0,2,64.6,2,0.024,2,,2
751.0,2,4.0141,2,34.2364,2,-99.0,2,64.6,2,0.024,2,,2
752.0,2,4.0047,2,34.2371,2,-99.0,2,64.6,2,0.024,2,,2
753.0,2,3.9997,2,34.2374,2,-99.0,2,64.6,2,0.024,2,,2
754.0,2,4.0015,2,34.238,2,-99.0,2,64.6,2,0.024,2,,2
755.0,2,4.0044,2,34.2387,2,-99.0,2,64.5,2,0.024,2,,2
756.0,2,4.0026,2,34.2395,2,-99.0,2,64.6,2,0.024,2,,2
757.0,2,4.0008,2,34.2391,2,-99.0,2,64.6,2,0.024,2,,2
758.0,2,4.0022,2,34.2396,2,-99.0,2,64.6,2,0.024,2,,2
759.0,2,4.0073,2,34.2408,2,-99.0,2,64.6,2,0.024,2,,2
760.0,2,4.0147,2,34.2425,2,-99.0,2,64.6,2,0.024,2,,2
761.0,2,4.0188,2,34.2445,2,-99.0,2,64.5,2,0.024,2,,2
762.0,2,4.0278,2,34.2469,2,-99.0,2,64.5,2,0.024,2,,2
763.0,2,4.0431,2,34.25,2,-99.0,2,64.5,2,0.024,2,,2
764.0,2,4.0854,2,34.2587,2,-99.0,2,64.5,2,0.024,2,,2
765.0,2,4.0938,2,34.262,2,-99.0,2,64.5,2,0.024,2,,2
766.0,2,4.0896,2,34.2616,2,-99.0,2,64.5,2,0.024,2,,2
767.0,2,4.085,2,34.2619,2,-99.0,2,64.5,2,0.024,2,,2
768.0,2,4.053999999999999,2,34.2592,2,-99.0,2,64.5,2,0.024,2,,2
769.0,2,4.0285,2,34.2554,2,-99.0,2,64.5,2,0.024,2,,2
770.0,2,4.012,2,34.2527,2,-99.0,2,64.5,2,0.024,2,,2
771.0,2,4.0389,2,34.2567,2,-99.0,2,64.5,2,0.024,2,,2
772.0,2,4.0686,2,34.2636,2,-99.0,2,64.5,2,0.024,2,,2
773.0,2,4.0844,2,34.268,2,-99.0,2,64.4,2,0.024,2,,2
774.0,2,4.1064,2,34.2718,2,-99.0,2,64.4,2,0.024,2,,2
775.0,2,4.112,2,34.2742,2,-99.0,2,64.4,2,0.024,2,,2
776.0,2,4.1148,2,34.2746,2,-99.0,2,64.4,2,0.024,2,,2
777.0,2,4.1259,2,34.2785,2,-99.0,2,64.4,2,0.024,2,,2
778.0,2,4.13,2,34.2807,2,-99.0,2,64.4,2,0.024,2,,2
779.0,2,4.13,2,34.2812,2,-99.0,2,64.4,2,0.024,2,,2
780.0,2,4.1295,2,34.2817,2,-99.0,2,64.4,2,0.024,2,,2
781.0,2,4.1252,2,34.2816,2,-99.0,2,64.4,2,0.024,2,,2
782.0,2,4.1217,2,34.282,2,-99.0,2,64.4,2,0.024,2,,2
783.0,2,4.1177,2,34.2832,2,-99.0,2,64.4,2,0.024,2,,2
784.0,2,4.1165,2,34.2844,2,-99.0,2,64.4,2,0.024,2,,2
785.0,2,4.1174,2,34.2877,2,-99.0,2,64.4,2,0.024,2,,2
786.0,2,4.1160000000000005,2,34.2914,2,-99.0,2,64.3,2,0.024,2,,2
787.0,2,4.1166,2,34.2924,2,-99.0,2,64.3,2,0.024,2,,2
788.0,2,4.1163,2,34.293,2,-99.0,2,64.2,2,0.024,2,,2
789.0,2,4.1161,2,34.294000000000004,2,-99.0,2,64.2,2,0.024,2,,2
790.0,2,4.1156,2,34.295,2,-99.0,2,64.1,2,0.024,2,,2
791.0,2,4.1141,2,34.2959,2,-99.0,2,64.1,2,0.024,2,,2
792.0,2,4.1114,2,34.297,2,-99.0,2,64.1,2,0.024,2,,2
793.0,2,4.111000000000001,2,34.2971,2,-99.0,2,64.1,2,0.024,2,,2
794.0,2,4.1105,2,34.2974,2,-99.0,2,64.1,2,0.024,2,,2
795.0,2,4.1092,2,34.2978,2,-99.0,2,64.1,2,0.024,2,,2
796.0,2,4.1081,2,34.2981,2,-99.0,2,64.1,2,0.024,2,,2
797.0,2,4.1064,2,34.2987,2,-99.0,2,64.1,2,0.024,2,,2
798.0,2,4.1045,2,34.2991,2,-99.0,2,64.1,2,0.024,2,,2
799.0,2,4.095,2,34.302,2,-99.0,2,64.0,2,0.024,2,,2
800.0,2,4.0906,2,34.3029,2,-99.0,2,64.1,2,0.024,2,,2
801.0,2,4.0897,2,34.3033,2,-99.0,2,64.1,2,0.024,2,,2
802.0,2,4.0883,2,34.3039,2,-99.0,2,64.1,2,0.024,2,,2
803.0,2,4.0847,2,34.305,2,-99.0,2,64.1,2,0.024,2,,2
804.0,2,4.0773,2,34.3066,2,-99.0,2,64.2,2,0.024,2,,2
805.0,2,4.0746,2,34.3071,2,-99.0,2,64.2,2,0.024,2,,2
806.0,2,4.072,2,34.3076,2,-99.0,2,64.2,2,0.024,2,,2
807.0,2,4.0712,2,34.3078,2,-99.0,2,64.2,2,0.024,2,,2
808.0,2,4.0713,2,34.3077,2,-99.0,2,64.2,2,0.024,2,,2
809.0,2,4.0706,2,34.3079,2,-99.0,2,64.2,2,0.024,2,,2
810.0,2,4.0698,2,34.3082,2,-99.0,2,64.2,2,0.024,2,,2
811.0,2,4.0667,2,34.3091,2,-99.0,2,64.2,2,0.024,2,,2
812.0,2,4.0623,2,34.3099,2,-99.0,2,64.2,2,0.024,2,,2
813.0,2,4.0599,2,34.3104,2,-99.0,2,64.2,2,0.024,2,,2
814.0,2,4.0567,2,34.3112,2,-99.0,2,64.1,2,0.024,2,,2
815.0,2,4.0539,2,34.3118,2,-99.0,2,64.1,2,0.024,2,,2
816.0,2,4.0499,2,34.3126,2,-99.0,2,64.1,2,0.024,2,,2
817.0,2,4.0488,2,34.3126,2,-99.0,2,64.1,2,0.024,2,,2
818.0,2,4.0483,2,34.3127,2,-99.0,2,64.1,2,0.024,2,,2
819.0,2,4.0479,2,34.3129,2,-99.0,2,64.1,2,0.024,2,,2
820.0,2,4.0473,2,34.313,2,-99.0,2,64.1,2,0.024,2,,2
821.0,2,4.047,2,34.3131,2,-99.0,2,64.1,2,0.024,2,,2
822.0,2,4.0468,2,34.3133,2,-99.0,2,64.1,2,0.024,2,,2
823.0,2,4.0468,2,34.3132,2,-99.0,2,64.1,2,0.024,2,,2
824.0,2,4.0468,2,34.3133,2,-99.0,2,64.1,2,0.024,2,,2
825.0,2,4.0452,2,34.3136,2,-99.0,2,64.1,2,0.024,2,,2
826.0,2,4.0434,2,34.3141,2,-99.0,2,64.1,2,0.024,2,,2
827.0,2,4.0431,2,34.3141,2,-99.0,2,64.1,2,0.024,2,,2
828.0,2,4.0427,2,34.3144,2,-99.0,2,64.1,2,0.024,2,,2
829.0,2,4.0432,2,34.314,2,-99.0,2,64.1,2,0.024,2,,2
830.0,2,4.0436,2,34.314,2,-99.0,2,64.1,2,0.024,2,,2
831.0,2,4.0423,2,34.3147,2,-99.0,2,64.1,2,0.024,2,,2
832.0,2,4.0352,2,34.3162,2,-99.0,2,64.1,2,0.024,2,,2
833.0,2,4.0325,2,34.3166,2,-99.0,2,64.1,2,0.024,2,,2
834.0,2,4.0255,2,34.3184,2,-99.0,2,64.1,2,0.024,2,,2
835.0,2,4.0153,2,34.3203,2,-99.0,2,64.0,2,0.024,2,,2
836.0,2,4.0118,2,34.3209,2,-99.0,2,64.0,2,0.024,2,,2
837.0,2,4.0089999999999995,2,34.3213,2,-99.0,2,64.0,2,0.024,2,,2
838.0,2,4.0072,2,34.3215,2,-99.0,2,64.0,2,0.024,2,,2
839.0,2,4.0022,2,34.3229,2,-99.0,2,64.0,2,0.024,2,,2
840.0,2,3.9961,2,34.3241,2,-99.0,2,64.0,2,0.024,2,,2
841.0,2,3.9944,2,34.3243,2,-99.0,2,64.0,2,0.024,2,,2
842.0,2,3.9942,2,34.3244,2,-99.0,2,64.0,2,0.024,2,,2
843.0,2,3.9933,2,34.325,2,-99.0,2,64.0,2,0.024,2,,2
844.1,2,3.988,2,34.326,2,-99.0,2,64.0,2,0.024,2,,2
845.0,2,3.9875,2,34.3259,2,-99.0,2,63.9,2,0.024,2,,2
846.0,2,3.987,2,34.326,2,-99.0,2,63.9,2,0.024,2,,2
847.0,2,3.9862,2,34.3262,2,-99.0,2,63.9,2,0.024,2,,2
848.0,2,3.9838,2,34.3268,2,-99.0,2,63.9,2,0.024,2,,2
849.0,2,3.9819,2,34.3272,2,-99.0,2,63.9,2,0.024,2,,2
850.0,2,3.9807,2,34.3275,2,-99.0,2,63.9,2,0.024,2,,2
851.0,2,3.9793,2,34.3278,2,-99.0,2,63.9,2,0.024,2,,2
852.0,2,3.9739999999999998,2,34.3288,2,-99.0,2,63.9,2,0.024,2,,2
853.0,2,3.9711,2,34.3292,2,-99.0,2,63.9,2,0.024,2,,2
854.0,2,3.9696,2,34.3296,2,-99.0,2,63.9,2,0.024,2,,2
855.0,2,3.9658,2,34.3304,2,-99.0,2,63.9,2,0.024,2,,2
856.0,2,3.9557,2,34.3324,2,-99.0,2,63.8,2,0.024,2,,2
857.0,2,3.9531,2,34.3326,2,-99.0,2,63.9,2,0.024,2,,2
858.0,2,3.9514,2,34.3331,2,-99.0,2,63.9,2,0.024,2,,2
859.0,2,3.95,2,34.3334,2,-99.0,2,63.9,2,0.024,2,,2
860.0,2,3.9493,2,34.3337,2,-99.0,2,63.9,2,0.024,2,,2
861.0,2,3.9489,2,34.3338,2,-99.0,2,63.9,2,0.024,2,,2
862.0,2,3.9479,2,34.3341,2,-99.0,2,63.9,2,0.024,2,,2
863.0,2,3.9459,2,34.3346,2,-99.0,2,63.9,2,0.024,2,,2
864.0,2,3.9404,2,34.3359,2,-99.0,2,64.0,2,0.024,2,,2
865.0,2,3.9301,2,34.3383,2,-99.0,2,64.1,2,0.024,2,,2
866.0,2,3.9278,2,34.3383,2,-99.0,2,64.1,2,0.024,2,,2
867.0,2,3.926,2,34.3386,2,-99.0,2,64.1,2,0.024,2,,2
868.0,2,3.9238,2,34.339,2,-99.0,2,64.1,2,0.024,2,,2
869.0,2,3.9223,2,34.3393,2,-99.0,2,64.1,2,0.024,2,,2
870.0,2,3.9194,2,34.3397,2,-99.0,2,64.1,2,0.024,2,,2
871.0,2,3.9177,2,34.3401,2,-99.0,2,64.1,2,0.024,2,,2
872.0,2,3.9151,2,34.3406,2,-99.0,2,64.1,2,0.024,2,,2
873.0,2,3.9116,2,34.3413,2,-99.0,2,64.1,2,0.024,2,,2
874.0,2,3.9073,2,34.3419,2,-99.0,2,64.1,2,0.024,2,,2
875.0,2,3.905,2,34.3424,2,-99.0,2,64.1,2,0.024,2,,2
876.0,2,3.9023,2,34.3427,2,-99.0,2,64.0,2,0.024,2,,2
877.0,2,3.9016,2,34.3428,2,-99.0,2,64.1,2,0.024,2,,2
878.0,2,3.8989999999999996,2,34.3434,2,-99.0,2,64.1,2,0.024,2,,2
879.0,2,3.8947,2,34.3442,2,-99.0,2,64.0,2,0.024,2,,2
880.0,2,3.888,2,34.3454,2,-99.0,2,64.0,2,0.024,2,,2
881.0,2,3.8824,2,34.3463,2,-99.0,2,63.9,2,0.024,2,,2
882.0,2,3.8754,2,34.3476,2,-99.0,2,63.9,2,0.024,2,,2
883.0,2,3.872,2,34.348,2,-99.0,2,64.0,2,0.024,2,,2
884.0,2,3.8682,2,34.3488,2,-99.0,2,64.0,2,0.024,2,,2
885.0,2,3.8665,2,34.3489,2,-99.0,2,64.0,2,0.024,2,,2
886.0,2,3.8645,2,34.3493,2,-99.0,2,64.0,2,0.024,2,,2
887.0,2,3.8622,2,34.3495,2,-99.0,2,63.9,2,0.024,2,,2
888.0,2,3.8569999999999998,2,34.3505,2,-99.0,2,63.9,2,0.024,2,,2
889.0,2,3.8538,2,34.3508,2,-99.0,2,63.9,2,0.024,2,,2
890.0,2,3.8483,2,34.3516,2,-99.0,2,63.8,2,0.024,2,,2
891.0,2,3.8435,2,34.3521,2,-99.0,2,63.7,2,0.024,2,,2
892.0,2,3.8316,2,34.3542,2,-99.0,2,63.6,2,0.024,2,,2
893.0,2,3.8247,2,34.3551,2,-99.0,2,63.5,2,0.024,2,,2
894.0,2,3.8219,2,34.3556,2,-99.0,2,63.5,2,0.024,2,,2
895.0,2,3.8199,2,34.3557,2,-99.0,2,63.5,2,0.024,2,,2
896.0,2,3.8195,2,34.3559,2,-99.0,2,63.5,2,0.024,2,,2
897.0,2,3.8164,2,34.3566,2,-99.0,2,63.5,2,0.024,2,,2
898.0,2,3.8095,2,34.3579,2,-99.0,2,63.5,2,0.024,2,,2
899.0,2,3.799,2,34.36,2,-99.0,2,63.5,2,0.024,2,,2
900.0,2,3.7933,2,34.3604,2,-99.0,2,63.5,2,0.024,2,,2
901.0,2,3.7913,2,34.3607,2,-99.0,2,63.5,2,0.024,2,,2
902.0,2,3.7879,2,34.3615,2,-99.0,2,63.5,2,0.024,2,,2
903.0,2,3.7795,2,34.363,2,-99.0,2,63.5,2,0.024,2,,2
904.0,2,3.7726,2,34.3642,2,-99.0,2,63.5,2,0.024,2,,2
905.0,2,3.7675,2,34.365,2,-99.0,2,63.5,2,0.024,2,,2
906.0,2,3.767,2,34.3648,2,-99.0,2,63.5,2,0.024,2,,2
907.0,2,3.7662,2,34.3652,2,-99.0,2,63.5,2,0.024,2,,2
908.0,2,3.7657,2,34.3652,2,-99.0,2,63.5,2,0.024,2,,2
909.0,2,3.7662,2,34.3651,2,-99.0,2,63.5,2,0.024,2,,2
910.0,2,3.7666,2,34.3651,2,-99.0,2,63.5,2,0.024,2,,2
911.0,2,3.7662,2,34.3652,2,-99.0,2,63.5,2,0.024,2,,2
912.0,2,3.7657,2,34.3655,2,-99.0,2,63.5,2,0.024,2,,2
913.0,2,3.7655,2,34.3653,2,-99.0,2,63.5,2,0.024,2,,2
914.0,2,3.7656,2,34.3654,2,-99.0,2,63.5,2,0.024,2,,2
915.0,2,3.7655,2,34.3655,2,-99.0,2,63.5,2,0.024,2,,2
916.0,2,3.7647,2,34.3657,2,-99.0,2,63.5,2,0.024,2,,2
917.0,2,3.7641,2,34.3658,2,-99.0,2,63.5,2,0.024,2,,2
918.0,2,3.7637,2,34.3659,2,-99.0,2,63.5,2,0.024,2,,2
919.0,2,3.764,2,34.3658,2,-99.0,2,63.5,2,0.024,2,,2
920.0,2,3.764,2,34.366,2,-99.0,2,63.5,2,0.024,2,,2
921.0,2,3.7626,2,34.3663,2,-99.0,2,63.5,2,0.026000000000000002,2,,2
922.0,2,3.7572,2,34.3675,2,-99.0,2,63.5,2,0.027999999999999997,2,,2
923.0,2,3.7503,2,34.3685,2,-99.0,2,63.5,2,0.024,2,,2
924.0,2,3.7469,2,34.3691,2,-99.0,2,63.5,2,0.024,2,,2
925.0,2,3.7430000000000003,2,34.3697,2,-99.0,2,63.5,2,0.024,2,,2
926.0,2,3.7408,2,34.37,2,-99.0,2,63.5,2,0.024,2,,2
927.0,2,3.7376,2,34.3704,2,-99.0,2,63.5,2,0.024,2,,2
928.0,2,3.7373,2,34.3704,2,-99.0,2,63.5,2,0.025,2,,2
929.0,2,3.7373,2,34.3704,2,-99.0,2,63.5,2,0.027999999999999997,2,,2
930.0,2,3.736,2,34.3706,2,-99.0,2,63.5,2,0.024,2,,2
931.0,2,3.7342,2,34.3711,2,-99.0,2,63.5,2,0.024,2,,2
932.0,2,3.7262,2,34.3731,2,-99.0,2,63.5,2,0.024,2,,2
933.0,2,3.7129,2,34.375,2,-99.0,2,63.5,2,0.024,2,,2
934.0,2,3.7089999999999996,2,34.3751,2,-99.0,2,63.5,2,0.024,2,,2
935.0,2,3.7066,2,34.3755,2,-99.0,2,63.5,2,0.024,2,,2
936.0,2,3.7057,2,34.3755,2,-99.0,2,63.5,2,0.024,2,,2
937.0,2,3.7058,2,34.3755,2,-99.0,2,63.5,2,0.024,2,,2
938.0,2,3.7047,2,34.3757,2,-99.0,2,63.5,2,0.024,2,,2
939.0,2,3.6957,2,34.3777,2,-99.0,2,63.5,2,0.024,2,,2
940.0,2,3.6902,2,34.3784,2,-99.0,2,63.6,2,0.024,2,,2
941.0,2,3.6849,2,34.3795,2,-99.0,2,63.7,2,0.024,2,,2
942.0,2,3.6792,2,34.3803,2,-99.0,2,63.7,2,0.024,2,,2
943.0,2,3.6775,2,34.3803,2,-99.0,2,63.7,2,0.024,2,,2
944.0,2,3.6772,2,34.3804,2,-99.0,2,63.7,2,0.024,2,,2
945.0,2,3.6746,2,34.3809,2,-99.0,2,63.7,2,0.024,2,,2
946.0,2,3.6733,2,34.3809,2,-99.0,2,63.7,2,0.024,2,,2
947.0,2,3.6733,2,34.381,2,-99.0,2,63.7,2,0.024,2,,2
948.0,2,3.6726,2,34.3812,2,-99.0,2,63.7,2,0.024,2,,2
949.0,2,3.6724,2,34.3812,2,-99.0,2,63.6,2,0.024,2,,2
950.0,2,3.6710000000000003,2,34.3816,2,-99.0,2,63.7,2,0.024,2,,2
951.0,2,3.6647,2,34.383,2,-99.0,2,63.7,2,0.024,2,,2
952.0,2,3.6586,2,34.3839,2,-99.0,2,63.8,2,0.024,2,,2
953.0,2,3.657,2,34.3839,2,-99.0,2,63.8,2,0.024,2,,2
954.0,2,3.6564,2,34.384,2,-99.0,2,63.9,2,0.024,2,,2
955.0,2,3.6548,2,34.3843,2,-99.0,2,63.9,2,0.024,2,,2
956.0,2,3.6532,2,34.3846,2,-99.0,2,63.9,2,0.024,2,,2
957.0,2,3.6512,2,34.385,2,-99.0,2,63.9,2,0.024,2,,2
958.0,2,3.6488,2,34.3855,2,-99.0,2,63.9,2,0.024,2,,2
959.0,2,3.6462,2,34.3858,2,-99.0,2,63.9,2,0.024,2,,2
960.0,2,3.6442,2,34.3862,2,-99.0,2,63.9,2,0.024,2,,2
961.0,2,3.6408,2,34.3868,2,-99.0,2,63.9,2,0.024,2,,2
962.0,2,3.6384,2,34.3872,2,-99.0,2,63.9,2,0.024,2,,2
963.0,2,3.6372,2,34.3872,2,-99.0,2,63.9,2,0.024,2,,2
964.0,2,3.6365,2,34.3874,2,-99.0,2,63.9,2,0.024,2,,2
965.0,2,3.6362,2,34.3873,2,-99.0,2,63.9,2,0.024,2,,2
966.0,2,3.6349,2,34.3878,2,-99.0,2,63.9,2,0.024,2,,2
967.0,2,3.6316,2,34.3883,2,-99.0,2,63.9,2,0.024,2,,2
968.0,2,3.6239999999999997,2,34.3897,2,-99.0,2,63.9,2,0.024,2,,2
969.0,2,3.6169,2,34.3907,2,-99.0,2,63.9,2,0.024,2,,2
970.0,2,3.6138,2,34.391,2,-99.0,2,64.0,2,0.024,2,,2
971.0,2,3.612,2,34.3914,2,-99.0,2,63.9,2,0.027000000000000003,2,,2
972.0,2,3.61,2,34.3916,2,-99.0,2,63.9,2,0.024,2,,2
973.0,2,3.6088,2,34.3919,2,-99.0,2,63.9,2,0.024,2,,2
974.0,2,3.6088,2,34.3919,2,-99.0,2,64.0,2,0.024,2,,2
975.0,2,3.6084,2,34.391999999999996,2,-99.0,2,63.9,2,0.024,2,,2
976.0,2,3.608,2,34.391999999999996,2,13.1,2,63.9,2,0.024,2,,2
977.0,2,3.6060000000000003,2,34.3923,2,13.2,2,63.9,2,0.024,2,,2
978.0,2,3.6051,2,34.3925,2,12.8,2,63.9,2,0.024,2,,2
979.0,2,3.6049,2,34.3924,2,-99.0,2,64.0,2,0.024,2,,2
980.0,2,3.6048,2,34.3925,2,13.2,2,64.0,2,0.024,2,,2
981.0,2,3.6044,2,34.3927,2,13.0,2,64.0,2,0.024,2,,2
982.0,2,3.6021,2,34.3932,2,12.7,2,64.0,2,0.024,2,,2
983.0,2,3.6006,2,34.3935,2,-99.0,2,64.0,2,0.024,2,,2
984.0,2,3.5992,2,34.3937,2,-99.0,2,64.0,2,0.024,2,,2
985.0,2,3.5982,2,34.3937,2,-99.0,2,64.0,2,0.024,2,,2
986.0,2,3.5967,2,34.394,2,-99.0,2,64.0,2,0.024,2,,2
987.0,2,3.5944,2,34.3943,2,12.7,2,64.0,2,0.024,2,,2
988.0,2,3.5935,2,34.3945,2,12.4,2,64.0,2,0.026000000000000002,2,,2
989.0,2,3.5888,2,34.3952,2,12.6,2,64.1,2,0.024,2,,2
990.0,2,3.5859,2,34.3957,2,-99.0,2,64.1,2,0.024,2,,2
991.0,2,3.5855,2,34.3957,2,-99.0,2,64.1,2,0.027000000000000003,2,,2
992.0,2,3.5846,2,34.3959,2,-99.0,2,64.1,2,0.024,2,,2
993.0,2,3.5843,2,34.3958,2,-99.0,2,64.1,2,0.024,2,,2
994.0,2,3.5835,2,34.3961,2,-99.0,2,64.1,2,0.024,2,,2
995.0,2,3.5833,2,34.396,2,-99.0,2,64.0,2,0.024,2,,2
996.0,2,3.5796,2,34.3969,2,-99.0,2,64.1,2,0.024,2,,2
997.0,2,3.5751,2,34.3976,2,-99.0,2,64.1,2,0.024,2,,2
998.0,2,3.5722,2,34.3981,2,-99.0,2,64.1,2,0.024,2,,2
999.0,2,3.5682,2,34.3988,2,-99.0,2,64.1,2,0.024,2,,2
1000.0,2,3.5654,2,34.399,2,-99.0,2,64.2,2,0.024,2,,2
1001.0,2,3.5613,2,34.3997,2,-99.0,2,64.2,2,0.024,2,,2
1002.0,2,3.5586,2,34.3999,2,-99.0,2,64.1,2,0.024,2,,2
1003.0,2,3.5559,2,34.4003,2,-99.0,2,64.1,2,0.032,2,,2
1004.0,2,3.5539,2,34.4005,2,-99.0,2,64.1,2,0.027000000000000003,2,,2
1005.0,2,3.5523,2,34.4007,2,-99.0,2,64.1,2,0.024,2,,2
1006.0,2,3.5518,2,34.4008,2,-99.0,2,64.1,2,0.027999999999999997,2,,2
1007.0,2,3.5501,2,34.4011,2,-99.0,2,64.1,2,0.024,2,,2
1008.0,2,3.5463,2,34.4018,2,-99.0,2,64.2,2,0.024,2,,2
1009.0,2,3.5401,2,34.4029,2,10.6,2,64.2,2,0.024,2,,2
1010.0,2,3.5359,2,34.4034,2,10.3,2,64.2,2,0.024,2,,2
1011.0,2,3.5338,2,34.4036,2,10.3,2,64.2,2,0.032,2,,2
1012.0,2,3.5329,2,34.4037,2,10.3,2,64.2,2,0.024,2,,2
1013.0,2,3.5324,2,34.4038,2,10.3,2,64.2,2,0.024,2,,2
1014.0,2,3.531,2,34.404,2,10.3,2,64.2,2,0.024,2,,2
1015.0,2,3.5289,2,34.4044,2,10.3,2,64.2,2,0.024,2,,2
1016.0,2,3.5263,2,34.4049,2,10.4,2,64.2,2,0.024,2,,2
1017.0,2,3.5192,2,34.4061,2,10.4,2,64.2,2,0.024,2,,2
1018.0,2,3.5174,2,34.4061,2,10.3,2,64.3,2,0.024,2,,2
1019.0,2,3.5158,2,34.4064,2,10.4,2,64.3,2,0.024,2,,2
1020.0,2,3.5159,2,34.4063,2,10.5,2,64.3,2,0.024,2,,2
1021.0,2,3.5152,2,34.4065,2,10.5,2,64.2,2,0.024,2,,2
1022.0,2,3.5135,2,34.4067,2,10.4,2,64.3,2,0.024,2,,2
1023.0,2,3.5128,2,34.4068,2,10.5,2,64.3,2,0.024,2,,2
1024.0,2,3.512,2,34.407,2,10.5,2,64.2,2,0.024,2,,2
1025.0,2,3.5035,2,34.4091,2,10.6,2,64.2,2,0.024,2,,2
1026.0,2,3.4973,2,34.4094,2,10.6,2,64.2,2,0.031,2,,2
1027.0,2,3.4938,2,34.4096,2,10.5,2,64.2,2,0.024,2,,2
1028.0,2,3.4918,2,34.4099,2,10.7,2,64.2,2,0.024,2,,2
1029.0,2,3.4906,2,34.41,2,10.6,2,64.2,2,0.024,2,,2
1030.0,2,3.4893,2,34.4102,2,10.7,2,64.2,2,0.024,2,,2
1031.0,2,3.4876,2,34.4105,2,10.8,2,64.1,2,0.027999999999999997,2,,2
1032.0,2,3.4861,2,34.4106,2,10.8,2,64.1,2,0.024,2,,2
1033.0,2,3.4853,2,34.4107,2,10.8,2,64.2,2,0.024,2,,2
1034.0,2,3.4841,2,34.411,2,10.9,2,64.2,2,0.024,2,,2
1035.0,2,3.4826,2,34.4113,2,10.9,2,64.2,2,0.024,2,,2
1036.0,2,3.4815,2,34.4115,2,11.0,2,64.1,2,0.024,2,,2
1037.0,2,3.4799,2,34.4118,2,10.9,2,64.1,2,0.024,2,,2
1038.0,2,3.4779,2,34.412,2,10.9,2,64.1,2,0.024,2,,2
1039.0,2,3.4760000000000004,2,34.4123,2,10.9,2,64.1,2,0.024,2,,2
1040.0,2,3.4756,2,34.4123,2,11.0,2,64.1,2,0.024,2,,2
1041.0,2,3.4753,2,34.4123,2,11.0,2,64.1,2,0.027000000000000003,2,,2
1042.0,2,3.4746,2,34.4125,2,10.9,2,64.1,2,0.025,2,,2
1043.0,2,3.4728,2,34.4128,2,11.0,2,64.1,2,0.024,2,,2
1044.0,2,3.4712,2,34.4131,2,11.0,2,64.1,2,0.024,2,,2
1045.0,2,3.4682,2,34.4136,2,11.0,2,64.1,2,0.024,2,,2
1046.0,2,3.4653,2,34.414,2,11.1,2,64.1,2,0.024,2,,2
1047.0,2,3.4596,2,34.4149,2,11.2,2,64.1,2,0.024,2,,2
1048.0,2,3.4476,2,34.4164,2,11.2,2,63.9,2,0.025,2,,2
1049.0,2,3.443,2,34.4169,2,11.3,2,63.9,2,0.024,2,,2
1050.0,2,3.4402,2,34.4174,2,11.4,2,64.0,2,0.024,2,,2
1051.0,2,3.4342,2,34.4177,2,11.5,2,63.6,2,0.027999999999999997,2,,2
1052.0,2,3.4317,2,34.4177,2,11.5,2,63.5,2,0.03,2,,2
1053.0,2,3.4287,2,34.4179,2,11.6,2,63.5,2,0.026000000000000002,2,,2
1054.0,2,3.4284,2,34.4179,2,11.6,2,63.5,2,0.024,2,,2
1055.0,2,3.4279,2,34.4181,2,11.7,2,63.4,2,0.027999999999999997,2,,2
1056.0,2,3.4278,2,34.4181,2,11.7,2,63.4,2,0.026000000000000002,2,,2
1057.0,2,3.4275,2,34.4183,2,11.7,2,63.4,2,0.024,2,,2
1058.0,2,3.427,2,34.4182,2,11.7,2,63.4,2,0.024,2,,2
1059.0,2,3.4252,2,34.4185,2,11.7,2,63.3,2,0.026000000000000002,2,,2
1060.0,2,3.4229,2,34.419000000000004,2,11.8,2,63.3,2,0.024,2,,2
1061.0,2,3.4199,2,34.4193,2,11.9,2,63.3,2,0.027000000000000003,2,,2
1062.0,2,3.4188,2,34.4192,2,11.9,2,63.2,2,0.024,2,,2
1063.0,2,3.4179,2,34.4194,2,11.9,2,63.1,2,0.024,2,,2
1064.0,2,3.4160000000000004,2,34.4196,2,11.9,2,63.1,2,0.024,2,,2
1065.0,2,3.4135,2,34.4201,2,11.9,2,63.1,2,0.027999999999999997,2,,2
1066.0,2,3.4075,2,34.4209,2,11.9,2,63.1,2,0.026000000000000002,2,,2
1067.0,2,3.406,2,34.4209,2,12.0,2,63.1,2,0.024,2,,2
1068.0,2,3.4059,2,34.4208,2,12.0,2,63.1,2,0.024,2,,2
1069.0,2,3.4055,2,34.421,2,12.0,2,63.1,2,0.024,2,,2
1070.0,2,3.3989999999999996,2,34.4219,2,12.0,2,63.1,2,0.024,2,,2
1071.0,2,3.397,2,34.4221,2,12.1,2,63.1,2,0.024,2,,2
1072.0,2,3.3941,2,34.4227,2,12.2,2,63.1,2,0.024,2,,2
1073.0,2,3.3866,2,34.4238,2,12.2,2,63.1,2,0.024,2,,2
1074.0,2,3.3853,2,34.4237,2,12.2,2,63.1,2,0.024,2,,2
1075.0,2,3.3836,2,34.424,2,12.2,2,63.1,2,0.024,2,,2
1076.0,2,3.3829,2,34.4241,2,12.2,2,63.1,2,0.025,2,,2
1077.0,2,3.3819,2,34.4243,2,12.3,2,63.1,2,0.024,2,,2
1078.0,2,3.3778,2,34.425,2,12.4,2,63.1,2,0.024,2,,2
1079.0,2,3.3749,2,34.4255,2,12.3,2,63.1,2,0.024,2,,2
1080.0,2,3.3747,2,34.4255,2,12.3,2,63.2,2,0.024,2,,2
1081.0,2,3.3736,2,34.4258,2,12.4,2,63.2,2,0.024,2,,2
1082.0,2,3.3729,2,34.426,2,12.4,2,63.3,2,0.024,2,,2
1083.0,2,3.3718,2,34.4261,2,12.4,2,63.3,2,0.024,2,,2
1084.0,2,3.3722,2,34.426,2,12.5,2,63.3,2,0.025,2,,2
1085.0,2,3.3716,2,34.426,2,12.4,2,63.3,2,0.03,2,,2
1086.0,2,3.3706,2,34.4261,2,12.5,2,63.2,2,0.024,2,,2
1087.0,2,3.3689999999999998,2,34.4262,2,12.6,2,63.1,2,0.024,2,,2
1088.0,2,3.3682,2,34.4264,2,12.6,2,63.1,2,0.024,2,,2
1089.0,2,3.3669,2,34.4265,2,12.5,2,63.1,2,0.024,2,,2
1090.0,2,3.3661,2,34.4265,2,12.6,2,63.1,2,0.027000000000000003,2,,2
1091.0,2,3.3661,2,34.4265,2,12.6,2,63.1,2,0.024,2,,2
1092.0,2,3.3643,2,34.4268,2,12.6,2,63.1,2,0.024,2,,2
1093.0,2,3.3611,2,34.4272,2,12.7,2,63.1,2,0.024,2,,2
1094.0,2,3.3605,2,34.4273,2,12.7,2,63.1,2,0.026000000000000002,2,,2
1095.0,2,3.3594,2,34.4277,2,12.6,2,63.1,2,0.024,2,,2
1096.0,2,3.3585,2,34.4279,2,12.7,2,63.2,2,0.024,2,,2
1097.0,2,3.3575,2,34.4282,2,12.7,2,63.2,2,0.024,2,,2
1098.0,2,3.3512,2,34.4295,2,12.7,2,63.2,2,0.027000000000000003,2,,2
1099.0,2,3.3496,2,34.4297,2,12.8,2,63.4,2,0.024,2,,2
1100.0,2,3.3478,2,34.4297,2,12.8,2,63.4,2,0.024,2,,2
1101.0,2,3.3458,2,34.43,2,12.8,2,63.4,2,0.024,2,,2
1102.0,2,3.3446,2,34.43,2,12.7,2,63.4,2,0.024,2,,2
1103.0,2,3.3438,2,34.4301,2,12.8,2,63.4,2,0.025,2,,2
1104.0,2,3.3437,2,34.4301,2,12.8,2,63.3,2,0.025,2,,2
1105.0,2,3.3438,2,34.43,2,12.8,2,63.3,2,0.024,2,,2
1106.0,2,3.3432,2,34.43,2,12.8,2,63.3,2,0.024,2,,2
1107.0,2,3.3411,2,34.4303,2,12.8,2,63.3,2,0.024,2,,2
1108.0,2,3.3388,2,34.4306,2,12.9,2,63.3,2,0.024,2,,2
1109.0,2,3.3368,2,34.4309,2,12.9,2,63.3,2,0.031,2,,2
1110.0,2,3.3354,2,34.4312,2,12.9,2,63.3,2,0.024,2,,2
1111.0,2,3.3342,2,34.4312,2,12.9,2,63.3,2,0.024,2,,2
1112.0,2,3.3321,2,34.4317,2,13.1,2,63.3,2,0.024,2,,2
1113.0,2,3.3310000000000004,2,34.4317,2,12.9,2,63.3,2,0.024,2,,2
1114.0,2,3.3305,2,34.4318,2,12.9,2,63.3,2,0.033,2,,2
1115.0,2,3.3301,2,34.431999999999995,2,12.5,2,63.3,2,0.026000000000000002,2,,2
1116.0,2,3.3294,2,34.431999999999995,2,13.3,2,63.3,2,0.024,2,,2
1117.0,2,3.3286,2,34.4321,2,13.2,2,63.3,2,0.024,2,,2
1118.0,2,3.3276,2,34.4324,2,13.0,2,63.3,2,0.024,2,,2
1119.0,2,3.327,2,34.4326,2,13.0,2,63.3,2,0.024,2,,2
1120.0,2,3.3243,2,34.433,2,13.0,2,63.3,2,0.024,2,,2
1121.0,2,3.3191,2,34.4336,2,13.1,2,63.3,2,0.031,2,,2
1122.0,2,3.3157,2,34.434,2,13.1,2,63.3,2,0.024,2,,2
1123.0,2,3.3128,2,34.4343,2,13.1,2,63.3,2,0.028999999999999998,2,,2
1124.0,2,3.3102,2,34.4345,2,13.2,2,63.3,2,0.024,2,,2
1125.0,2,3.31,2,34.4345,2,13.2,2,63.3,2,0.024,2,,2
1126.0,2,3.31,2,34.4345,2,13.2,2,63.2,2,0.024,2,,2
1127.0,2,3.3095,2,34.4347,2,13.2,2,63.3,2,0.024,2,,2
1128.0,2,3.3084,2,34.4348,2,13.4,2,63.2,2,0.027999999999999997,2,,2
1129.0,2,3.3034,2,34.4354,2,13.2,2,63.1,2,0.024,2,,2
1130.0,2,3.3022,2,34.4355,2,13.4,2,63.1,2,0.024,2,,2
1131.0,2,3.302,2,34.4354,2,13.4,2,63.1,2,0.024,2,,2
1132.0,2,3.3021,2,34.4355,2,13.3,2,63.2,2,0.024,2,,2
1133.0,2,3.3021,2,34.4355,2,13.4,2,63.2,2,0.024,2,,2
1134.0,2,3.3022,2,34.4355,2,13.4,2,63.2,2,0.027999999999999997,2,,2
1135.0,2,3.3022,2,34.4356,2,13.4,2,63.2,2,0.026000000000000002,2,,2
1136.0,2,3.3025,2,34.4355,2,13.4,2,63.2,2,0.026000000000000002,2,,2
1137.0,2,3.3027,2,34.4355,2,13.5,2,63.1,2,0.024,2,,2
1138.0,2,3.3026,2,34.4355,2,13.4,2,63.2,2,0.027999999999999997,2,,2
1139.0,2,3.3018,2,34.4357,2,13.4,2,63.2,2,0.026000000000000002,2,,2
1140.0,2,3.2924,2,34.4377,2,13.5,2,63.2,2,0.024,2,,2
1141.0,2,3.2862,2,34.438,2,13.5,2,63.2,2,0.024,2,,2
1142.0,2,3.2804,2,34.4386,2,13.6,2,63.1,2,0.024,2,,2
1143.0,2,3.2787,2,34.4387,2,13.6,2,63.1,2,0.024,2,,2
1144.0,2,3.2756,2,34.4389,2,13.7,2,63.1,2,0.024,2,,2
1145.0,2,3.2756,2,34.4388,2,13.7,2,63.1,2,0.024,2,,2
1146.0,2,3.2754,2,34.439,2,13.7,2,63.1,2,0.024,2,,2
1147.0,2,3.2749,2,34.439,2,13.7,2,63.1,2,0.024,2,,2
1148.0,2,3.2756,2,34.4389,2,13.7,2,63.1,2,0.031,2,,2
1149.0,2,3.2754,2,34.4389,2,13.8,2,63.1,2,0.024,2,,2
1150.0,2,3.2751,2,34.439,2,13.8,2,63.1,2,0.024,2,,2
1151.0,2,3.2756,2,34.439,2,13.8,2,63.1,2,0.026000000000000002,2,,2
1152.0,2,3.2748,2,34.4391,2,13.9,2,63.0,2,0.024,2,,2
1153.0,2,3.272,2,34.4395,2,13.8,2,62.9,2,0.03,2,,2
1154.0,2,3.2683,2,34.4399,2,13.9,2,62.9,2,0.028999999999999998,2,,2
1155.0,2,3.2674,2,34.4401,2,13.9,2,62.9,2,0.024,2,,2
1156.0,2,3.2663,2,34.4403,2,13.9,2,62.9,2,0.031,2,,2
1157.0,2,3.2638,2,34.4406,2,13.9,2,63.0,2,0.025,2,,2
1158.0,2,3.2592,2,34.4413,2,13.9,2,62.9,2,0.024,2,,2
1159.0,2,3.2562,2,34.4415,2,14.0,2,62.9,2,0.026000000000000002,2,,2
1160.0,2,3.2555,2,34.4416,2,14.0,2,62.9,2,0.031,2,,2
1161.0,2,3.2542,2,34.4417,2,14.1,2,62.9,2,0.026000000000000002,2,,2
1162.0,2,3.2518,2,34.442,2,14.2,2,62.9,2,0.03,2,,2
1163.0,2,3.2465,2,34.443000000000005,2,14.2,2,62.9,2,0.024,2,,2
1164.0,2,3.2444,2,34.443000000000005,2,14.2,2,62.9,2,0.03,2,,2
1165.0,2,3.2443,2,34.443000000000005,2,14.2,2,62.9,2,0.024,2,,2
1166.0,2,3.2436,2,34.4431,2,14.2,2,62.8,2,0.027000000000000003,2,,2
1167.0,2,3.2424,2,34.4433,2,14.3,2,62.9,2,0.037000000000000005,2,,2
1168.0,2,3.2391,2,34.4439,2,14.2,2,62.9,2,0.024,2,,2
1169.0,2,3.2338,2,34.4444,2,14.4,2,62.8,2,0.024,2,,2
1170.0,2,3.2314,2,34.4445,2,14.4,2,62.8,2,0.026000000000000002,2,,2
1171.0,2,3.2313,2,34.4447,2,14.4,2,62.9,2,0.027000000000000003,2,,2
1172.0,2,3.2311,2,34.4447,2,14.5,2,62.9,2,0.026000000000000002,2,,2
1173.0,2,3.23,2,34.4449,2,14.5,2,62.9,2,0.027000000000000003,2,,2
1174.0,2,3.2278,2,34.4453,2,14.5,2,62.9,2,0.032,2,,2
1175.0,2,3.2265,2,34.4455,2,14.5,2,63.0,2,0.024,2,,2
1176.0,2,3.2259,2,34.4455,2,14.6,2,62.9,2,0.03,2,,2
1177.0,2,3.2263,2,34.4454,2,14.5,2,62.9,2,0.024,2,,2
1178.0,2,3.2257,2,34.4454,2,14.6,2,63.0,2,0.027999999999999997,2,,2
1179.0,2,3.2252,2,34.4458,2,14.6,2,63.0,2,0.024,2,,2
1180.0,2,3.2209,2,34.4463,2,14.6,2,63.0,2,0.028999999999999998,2,,2
1181.0,2,3.2198,2,34.4462,2,14.6,2,62.9,2,0.024,2,,2
1182.0,2,3.2174,2,34.4468,2,14.6,2,62.9,2,0.027000000000000003,2,,2
1183.0,2,3.2172,2,34.4466,2,14.7,2,62.9,2,0.024,2,,2
1184.0,2,3.2165,2,34.4467,2,14.6,2,62.9,2,0.027999999999999997,2,,2
1185.0,2,3.2168,2,34.4467,2,14.7,2,62.9,2,0.032,2,,2
1186.0,2,3.2165,2,34.4467,2,14.7,2,63.0,2,0.032,2,,2
1187.0,2,3.2158,2,34.4469,2,14.7,2,63.0,2,0.03,2,,2
1188.0,2,3.2157,2,34.446999999999996,2,14.7,2,63.0,2,0.03,2,,2
1189.0,2,3.215,2,34.446999999999996,2,14.7,2,63.0,2,0.024,2,,2
1190.0,2,3.2101,2,34.4478,2,14.8,2,63.0,2,0.026000000000000002,2,,2
1191.0,2,3.2003,2,34.449,2,14.9,2,62.9,2,0.028999999999999998,2,,2
1192.0,2,3.1976,2,34.4491,2,14.9,2,62.9,2,0.032,2,,2
1193.0,2,3.1917,2,34.45,2,14.9,2,62.9,2,0.027999999999999997,2,,2
1194.0,2,3.1846,2,34.4506,2,15.0,2,62.9,2,0.028999999999999998,2,,2
1195.0,2,3.1834,2,34.4508,2,15.2,2,62.9,2,0.025,2,,2
1196.0,2,3.1812,2,34.451,2,15.1,2,62.9,2,0.031,2,,2
1197.0,2,3.18,2,34.451,2,15.2,2,62.9,2,0.03,2,,2
1198.0,2,3.1784,2,34.4514,2,15.2,2,62.8,2,0.027999999999999997,2,,2
1199.0,2,3.1757,2,34.4516,2,15.2,2,62.9,2,0.034,2,,2
1200.0,2,3.1744,2,34.452,2,15.2,2,62.9,2,0.037000000000000005,2,,2
1201.0,2,3.1709,2,34.4526,2,15.3,2,62.9,2,0.037000000000000005,2,,2
1202.0,2,3.168,2,34.4528,2,15.4,2,62.9,2,0.028999999999999998,2,,2
1203.0,2,3.1662,2,34.4529,2,15.3,2,63.0,2,0.035,2,,2
1204.0,2,3.1660000000000004,2,34.4528,2,15.3,2,62.9,2,0.037000000000000005,2,,2
1205.0,2,3.165,2,34.4531,2,15.4,2,63.0,2,0.037000000000000005,2,,2
1206.0,2,3.1633,2,34.4534,2,15.4,2,63.0,2,0.037000000000000005,2,,2
1207.0,2,3.1622,2,34.4537,2,15.5,2,63.0,2,0.035,2,,2
1208.0,2,3.162,2,34.4535,2,15.4,2,63.0,2,0.035,2,,2
1209.0,2,3.162,2,34.4538,2,15.5,2,63.1,2,0.035,2,,2
1210.0,2,3.1611,2,34.454,2,15.5,2,63.1,2,0.033,2,,2
1211.0,2,3.1574,2,34.4548,2,15.6,2,63.1,2,0.037000000000000005,2,,2
1212.0,2,3.1535,2,34.4554,2,15.6,2,63.2,2,0.027999999999999997,2,,2
1213.0,2,3.1521,2,34.4556,2,15.6,2,63.3,2,0.036000000000000004,2,,2
1214.0,2,3.1502,2,34.455999999999996,2,15.7,2,63.3,2,0.031,2,,2
1215.0,2,3.1485,2,34.4561,2,15.6,2,63.3,2,0.037000000000000005,2,,2
1216.0,2,3.1471,2,34.4563,2,15.8,2,63.3,2,0.032,2,,2
1217.0,2,3.1466,2,34.4564,2,15.8,2,63.3,2,0.024,2,,2
1218.0,2,3.1451,2,34.4567,2,15.8,2,63.4,2,0.03,2,,2
1219.0,2,3.1426,2,34.4571,2,15.8,2,63.5,2,0.037000000000000005,2,,2
1220.0,2,3.1397,2,34.4574,2,15.8,2,63.5,2,0.025,2,,2
1221.0,2,3.1357,2,34.458,2,15.9,2,63.5,2,0.026000000000000002,2,,2
1222.0,2,3.1309,2,34.4584,2,15.9,2,63.5,2,0.032,2,,2
1223.0,2,3.1302,2,34.4585,2,16.1,2,63.5,2,0.037000000000000005,2,,2
1224.0,2,3.1295,2,34.4586,2,16.1,2,63.5,2,0.031,2,,2
1225.0,2,3.1289,2,34.4586,2,16.0,2,63.5,2,0.035,2,,2
1226.0,2,3.1288,2,34.4585,2,16.1,2,63.5,2,0.037000000000000005,2,,2
1227.0,2,3.1283,2,34.4587,2,16.1,2,63.5,2,0.032,2,,2
1228.0,2,3.1275,2,34.4588,2,16.1,2,63.5,2,0.03,2,,2
1229.0,2,3.1268,2,34.4591,2,16.1,2,63.5,2,0.032,2,,2
1230.0,2,3.1246,2,34.4596,2,16.2,2,63.5,2,0.037000000000000005,2,,2
1231.0,2,3.1204,2,34.46,2,16.2,2,63.5,2,0.027000000000000003,2,,2
1232.0,2,3.1144,2,34.4608,2,16.3,2,63.5,2,0.026000000000000002,2,,2
1233.0,2,3.1123,2,34.461,2,16.3,2,63.7,2,0.027000000000000003,2,,2
1234.0,2,3.1113,2,34.4614,2,16.4,2,63.7,2,0.03,2,,2
1235.0,2,3.1098,2,34.4616,2,16.4,2,63.7,2,0.032,2,,2
1236.0,2,3.1092,2,34.4617,2,16.5,2,63.8,2,0.025,2,,2
1237.0,2,3.1082,2,34.4619,2,16.4,2,63.8,2,0.026000000000000002,2,,2
1238.0,2,3.1058,2,34.4623,2,16.5,2,63.8,2,0.027999999999999997,2,,2
1239.0,2,3.1036,2,34.4624,2,16.5,2,63.8,2,0.025,2,,2
1240.0,2,3.1015,2,34.4628,2,16.5,2,63.8,2,0.026000000000000002,2,,2
1241.0,2,3.0989,2,34.4631,2,16.6,2,63.8,2,0.032,2,,2
1242.0,2,3.0964,2,34.4634,2,16.6,2,63.8,2,0.025,2,,2
1243.0,2,3.0957,2,34.4633,2,16.6,2,63.8,2,0.032,2,,2
1244.0,2,3.0953,2,34.4632,2,16.7,2,63.7,2,0.028999999999999998,2,,2
1244.9,2,3.0946,2,34.4634,2,16.7,2,63.7,2,0.031,2,,2
1246.0,2,3.0937,2,34.4635,2,16.8,2,63.7,2,0.025,2,,2
1247.0,2,3.0916,2,34.4637,2,16.8,2,63.7,2,0.036000000000000004,2,,2
1248.0,2,3.0903,2,34.4638,2,16.8,2,63.7,2,0.032,2,,2
1249.0,2,3.0893,2,34.4638,2,16.9,2,63.7,2,0.027999999999999997,2,,2
1250.1,2,3.0888,2,34.4639,2,16.9,2,63.7,2,0.032,2,,2
1251.4,2,3.0885,2,34.4643,2,16.7,2,63.7,2,0.037000000000000005,2,,2
1252.0,2,3.0871,2,34.4643,2,17.0,2,63.7,2,0.027999999999999997,2,,2
1253.0,2,3.0859,2,34.4643,2,17.0,2,63.7,2,0.024,2,,2
1254.0,2,3.0838,2,34.4646,2,17.0,2,63.7,2,0.024,2,,2
1255.0,2,3.0823,2,34.4649,2,17.1,2,63.7,2,0.024,2,,2
1256.0,2,3.0811,2,34.4652,2,17.1,2,63.7,2,0.024,2,,2
1257.0,2,3.0765,2,34.4655,2,17.1,2,63.7,2,0.028999999999999998,2,,2
1258.0,2,3.0753,2,34.4657,2,17.2,2,63.7,2,0.027999999999999997,2,,2
1259.0,2,3.0736,2,34.4659,2,17.1,2,63.7,2,0.028999999999999998,2,,2
1260.0,2,3.0724,2,34.466,2,17.2,2,63.7,2,0.024,2,,2
1261.0,2,3.0713,2,34.4662,2,17.2,2,63.7,2,0.024,2,,2
1262.0,2,3.0708,2,34.4662,2,17.2,2,63.7,2,0.024,2,,2
1263.0,2,3.0705,2,34.4663,2,17.3,2,63.7,2,0.027999999999999997,2,,2
1264.0,2,3.0678,2,34.4667,2,17.4,2,63.7,2,0.024,2,,2
1265.0,2,3.063,2,34.4671,2,17.4,2,63.7,2,0.024,2,,2
1266.0,2,3.0596,2,34.4675,2,17.3,2,63.6,2,0.024,2,,2
1267.0,2,3.0554,2,34.4679,2,17.4,2,63.6,2,0.024,2,,2
1268.0,2,3.052,2,34.4683,2,17.5,2,63.6,2,0.024,2,,2
1269.0,2,3.0505,2,34.4682,2,17.5,2,63.5,2,0.024,2,,2
1270.0,2,3.0496,2,34.4682,2,17.5,2,63.5,2,0.024,2,,2
1271.0,2,3.0458,2,34.4688,2,17.6,2,63.3,2,0.024,2,,2
1272.0,2,3.0432,2,34.4689,2,17.5,2,63.3,2,0.024,2,,2
1273.0,2,3.0427,2,34.4688,2,17.6,2,63.3,2,0.024,2,,2
1274.0,2,3.0392,2,34.4693,2,17.7,2,63.2,2,0.028999999999999998,2,,2
1275.0,2,3.0356,2,34.4695,2,17.7,2,63.2,2,0.024,2,,2
1276.0,2,3.034,2,34.4699,2,17.8,2,63.3,2,0.024,2,,2
1277.0,2,3.0308,2,34.4705,2,17.9,2,63.3,2,0.024,2,,2
1278.0,2,3.0235,2,34.4714,2,17.9,2,63.3,2,0.03,2,,2
1279.0,2,3.0214,2,34.4715,2,17.9,2,63.2,2,0.024,2,,2
1280.0,2,3.0211,2,34.4714,2,18.0,2,63.3,2,0.024,2,,2
1281.0,2,3.0206,2,34.4716,2,18.0,2,63.3,2,0.024,2,,2
1282.0,2,3.0191,2,34.4716,2,18.1,2,63.2,2,0.025,2,,2
1283.0,2,3.0174,2,34.4721,2,18.2,2,63.1,2,0.03,2,,2
1284.0,2,3.0141,2,34.4725,2,18.1,2,63.1,2,0.024,2,,2
1285.0,2,3.0129,2,34.4727,2,18.2,2,63.1,2,0.024,2,,2
1286.0,2,3.0053,2,34.4737,2,18.2,2,63.2,2,0.024,2,,2
1287.0,2,3.0017,2,34.4739,2,18.2,2,63.1,2,0.024,2,,2
1288.0,2,2.9991,2,34.4741,2,18.4,2,63.1,2,0.024,2,,2
1289.0,2,2.9978,2,34.4741,2,18.5,2,63.1,2,0.024,2,,2
1290.0,2,2.9973,2,34.4743,2,18.4,2,62.9,2,0.024,2,,2
1291.0,2,2.9968,2,34.4743,2,18.5,2,63.1,2,0.024,2,,2
1292.0,2,2.9954,2,34.4745,2,18.5,2,63.1,2,0.024,2,,2
1293.0,2,2.9949,2,34.4746,2,18.5,2,63.1,2,0.024,2,,2
1294.0,2,2.9947,2,34.4747,2,18.5,2,63.1,2,0.024,2,,2
1295.0,2,2.9934,2,34.4749,2,18.7,2,63.1,2,0.024,2,,2
1296.0,2,2.992,2,34.4752,2,18.7,2,63.1,2,0.024,2,,2
1297.0,2,2.9898,2,34.4755,2,18.7,2,63.2,2,0.024,2,,2
1298.0,2,2.9871,2,34.4758,2,18.7,2,63.1,2,0.025,2,,2
1298.9,2,2.983,2,34.4763,2,18.7,2,63.1,2,0.024,2,,2
END_DATA
