CTD,20190304CCHSIOLMM
#---------------------------------------------------------------------------------------------------,,,,,,,,,,,,,,,,
#Fluorescence - Transmissivity and PAR data are nominal and unedited except that some records were removed in editing temperature and salinity.,,,,,,,,,,,,,,,,
#---------------------------------------------------------------------------------------------------,,,,,,,,,,,,,,,,
#For details on how the transmissivity calibration parameters were calculated see the document Transmissivity_Calculation.pdf.,,,,,,,,,,,,,,,,
#---------------------------------------------------------------------------------------------------,,,,,,,,,,,,,,,,
#The Oxygen:Dissolved:CTD calibration was done using the method described in the Sea-Bird Application Note #64-2 (Sea-Bird_64-2_Feb2010.pdf).,,,,,,,,,,,,,,,,
#,,,,,,,,,,,,,,,,
#A shift in the Oxygen:Dissolved:Bottle standardization parameters occurred between events 0032 and 0044; this was not investigated to determine if the resultant change in Thiosulfate normality was real or the result of a shift in lab temperature.,,,,,,,,,,,,,,,,
#Checks of the fit of Oxygen:Dissolved:CTD against titrated Oxygen:Dissolved:Bottle suggest that the titrated values from the first part of the cruise are lower than those of the latter part by about 0.02 ml/l.,,,,,,,,,,,,,,,,
#The Oxygen:Dissolved:CTD was recalibrated using titrated Oxygen:Dissolved:Bottle data from the whole cruise so any resultant error in the Oxygen:Dissolved:CTD is likely negligible compared to other sources of error (<0.01 ml/l).,,,,,,,,,,,,,,,,
#,,,,,,,,,,,,,,,,
#The Oxygen:Dissolved:CTD channel was corrupted for all or parts of events 0007 - 0010 - 0015 - 0017 - 0018 - 0019 - 0021.,,,,,,,,,,,,,,,,
#,,,,,,,,,,,,,,,,
#WARNING: The dissolved oxygen sensor was found to have a damaged membrane when it was examined at the factory shortly after this cruise.,,,,,,,,,,,,,,,,
#There is evidence of hysteresis which could not be corrected by adjusting the calibration parameters. ,,,,,,,,,,,,,,,,
#,,,,,,,,,,,,,,,,
#The Oxygen:Dissolved:CTD:Volume data are considered roughly to be:,,,,,,,,,,,,,,,,
#      • ±0.4 ml/l from 0 to 125 dbar,,,,,,,,,,,,,,,,
#      • ±0.3 ml/l from 125 dbar to 400 dbar,,,,,,,,,,,,,,,,
#      • ±0.1 ml/l below 400 dbar,,,,,,,,,,,,,,,,
#Below 1000 dbar the Oxygen:Dissolved:CTD reads consistently low by <0.01 ml/l.,,,,,,,,,,,,,,,,
#---------------------------------------------------------------------------------------------------,,,,,,,,,,,,,,,,
#For details on the processing see processing file 2011-01-proc.pdf,,,,,,,,,,,,,,,,
#---------------------------------------------------------------------------------------------------,,,,,,,,,,,,,,,,
#,,,,,,,,,,,,,,,,
#File Name,Zone,FIL:START TIME YYYY/MM/DD, HH:MM,LOC:EVENT_NUMBER,LOC:LATITUDE,LOC:LONGITUDE,LOC:STATION,Pressure:CTD [dbar],Temperature:CTD [deg_C_(ITS90)],Salinity:Practical:CTD [PSS-78],Sigma-t:CTD [kg/m^3],Transmissivity:CTD [*/m],Oxygen:Dissolved:CTD:Volume [ml/l],Oxygen:Dissolved:CTD:Mass [µmol/kg],Fluorescence:CTD [mg/m^3],PAR:CTD [µE/m^2/sec]
#,,,,,,,,,,,,,,,,
NUMBER_HEADERS = 8
EXPOCODE = 18DD20110208
STNBR = P20
CASTNO = 1
DATE = 14/02/2011
TIME =  09:58
LATITUDE = 49.56933
LONGITUDE = -138.66783
CTDPRS,CTDPRS_FLAG_W,CTDTMP,CTDTMP_FLAG_W,CTDSAL,CTDSAL_FLAG_W,CTDOXY,CTDOXY_FLAG_W,CTDXMISS,CTDXMISS_FLAG_W,CTDFLUOR,CTDFLUOR_FLAG_W,PAR,PAR_FLAG_W
DBAR,,ITS-90,,PSS-78,,UMOL/KG,,,,MG/M^3,,UE/m^2/sec,
1.4,2,6.9543,2,32.4665,2,296.8,2,61.9,2,0.895,2,,2
1.9,2,6.9523,2,32.4666,2,296.9,2,61.9,2,0.92,2,,2
3.0,2,6.9513,2,32.4667,2,296.9,2,61.9,2,0.877,2,,2
4.0,2,6.9522,2,32.4666,2,296.9,2,61.5,2,0.941,2,,2
5.0,2,6.9559,2,32.4665,2,296.8,2,61.8,2,0.894,2,,2
6.0,2,6.9565,2,32.4666,2,296.9,2,61.9,2,0.883,2,,2
7.1,2,6.956,2,32.4667,2,297.0,2,61.9,2,0.872,2,,2
7.5,2,6.9561,2,32.4664,2,296.9,2,61.9,2,0.867,2,,2
9.1,2,6.9525,2,32.4667,2,296.7,2,61.9,2,0.865,2,,2
10.0,2,6.9525,2,32.4668,2,296.7,2,61.9,2,0.9159999999999999,2,,2
11.0,2,6.9492,2,32.467,2,296.7,2,61.9,2,0.907,2,,2
12.0,2,6.9479999999999995,2,32.4667,2,296.7,2,61.9,2,0.861,2,,2
13.0,2,6.9475,2,32.467,2,296.7,2,61.9,2,0.8740000000000001,2,,2
14.0,2,6.9477,2,32.4668,2,296.8,2,61.9,2,0.925,2,,2
15.0,2,6.9591,2,32.4666,2,296.8,2,61.9,2,0.88,2,,2
16.0,2,6.9639999999999995,2,32.4669,2,296.9,2,61.9,2,0.831,2,,2
17.1,2,6.9649,2,32.467,2,296.9,2,61.9,2,0.9009999999999999,2,,2
18.0,2,6.9632,2,32.4668,2,297.0,2,61.9,2,0.851,2,,2
19.0,2,6.9627,2,32.4666,2,296.9,2,61.9,2,0.853,2,,2
20.1,2,6.9626,2,32.4666,2,296.7,2,61.9,2,0.899,2,,2
20.9,2,6.9629,2,32.4666,2,296.5,2,61.9,2,0.885,2,,2
22.0,2,6.9632,2,32.467,2,296.5,2,61.9,2,0.879,2,,2
23.0,2,6.9628,2,32.4668,2,296.6,2,61.9,2,0.879,2,,2
24.0,2,6.9641,2,32.4664,2,296.6,2,61.9,2,0.86,2,,2
25.0,2,6.9652,2,32.4664,2,296.7,2,61.9,2,0.867,2,,2
26.0,2,6.9653,2,32.4667,2,296.7,2,61.9,2,0.877,2,,2
27.0,2,6.9627,2,32.4668,2,296.9,2,61.9,2,0.8440000000000001,2,,2
27.8,2,6.9608,2,32.467,2,296.9,2,61.9,2,0.87,2,,2
32.3,2,6.9649,2,32.4663,2,296.6,2,61.9,2,0.8859999999999999,2,,2
33.0,2,6.9651,2,32.4666,2,296.6,2,61.9,2,0.902,2,,2
34.0,2,6.9631,2,32.4669,2,296.5,2,61.9,2,0.907,2,,2
35.0,2,6.9634,2,32.4665,2,296.6,2,61.9,2,0.883,2,,2
36.0,2,6.9652,2,32.4667,2,296.6,2,61.9,2,0.88,2,,2
37.0,2,6.9638,2,32.4667,2,296.6,2,61.9,2,0.909,2,,2
38.0,2,6.9627,2,32.4671,2,296.6,2,61.9,2,0.8909999999999999,2,,2
39.0,2,6.9606,2,32.4668,2,296.7,2,61.9,2,0.8909999999999999,2,,2
40.0,2,6.9573,2,32.4669,2,296.8,2,61.9,2,0.8909999999999999,2,,2
40.9,2,6.955,2,32.467,2,296.8,2,61.9,2,0.8809999999999999,2,,2
44.0,2,6.9593,2,32.4668,2,296.6,2,61.9,2,0.915,2,,2
45.0,2,6.9647,2,32.4665,2,296.6,2,61.9,2,0.895,2,,2
46.0,2,6.965,2,32.4668,2,296.5,2,61.9,2,0.899,2,,2
47.0,2,6.9652,2,32.4667,2,296.6,2,61.9,2,0.871,2,,2
48.0,2,6.9644,2,32.4668,2,296.6,2,61.9,2,0.877,2,,2
49.0,2,6.9642,2,32.4668,2,296.6,2,61.9,2,0.879,2,,2
50.0,2,6.9637,2,32.4668,2,296.7,2,61.9,2,0.856,2,,2
51.0,2,6.9611,2,32.4668,2,296.7,2,61.9,2,0.873,2,,2
52.0,2,6.962999999999999,2,32.4669,2,296.8,2,61.9,2,0.873,2,,2
53.1,2,6.9631,2,32.4668,2,296.9,2,61.9,2,0.902,2,,2
54.0,2,6.9621,2,32.4668,2,296.6,2,61.9,2,0.8959999999999999,2,,2
54.9,2,6.9636,2,32.4667,2,296.4,2,61.9,2,0.8959999999999999,2,,2
56.0,2,6.9645,2,32.4666,2,296.4,2,61.9,2,0.877,2,,2
57.0,2,6.9634,2,32.4668,2,296.6,2,61.9,2,0.879,2,,2
58.0,2,6.9639,2,32.4665,2,296.6,2,61.9,2,0.9179999999999999,2,,2
59.0,2,6.9628,2,32.4667,2,296.7,2,61.9,2,0.867,2,,2
60.0,2,6.9631,2,32.4667,2,296.7,2,61.9,2,0.86,2,,2
61.0,2,6.9636,2,32.4667,2,296.8,2,61.9,2,0.8440000000000001,2,,2
62.0,2,6.9624,2,32.4668,2,296.9,2,61.9,2,0.872,2,,2
63.0,2,6.9606,2,32.4668,2,296.9,2,61.9,2,0.909,2,,2
64.0,2,6.9623,2,32.4668,2,296.8,2,61.9,2,0.883,2,,2
64.5,2,6.9626,2,32.4664,2,296.8,2,60.0,2,0.904,2,,2
66.4,2,6.9657,2,32.4669,2,296.4,2,61.9,2,0.898,2,,2
67.0,2,6.9642,2,32.4668,2,296.5,2,61.9,2,0.878,2,,2
68.0,2,6.9659,2,32.467,2,296.5,2,61.9,2,0.884,2,,2
69.0,2,6.9657,2,32.4669,2,296.6,2,61.9,2,0.851,2,,2
70.0,2,6.9652,2,32.4667,2,296.6,2,61.9,2,0.8490000000000001,2,,2
70.8,2,6.9645,2,32.4669,2,296.7,2,61.9,2,0.877,2,,2
73.9,2,6.9619,2,32.4668,2,296.8,2,61.9,2,0.905,2,,2
75.0,2,6.9647,2,32.4669,2,296.7,2,61.9,2,0.932,2,,2
76.0,2,6.966,2,32.4669,2,296.7,2,61.9,2,0.861,2,,2
77.0,2,6.9656,2,32.4668,2,296.7,2,61.9,2,0.8740000000000001,2,,2
78.0,2,6.9667,2,32.4668,2,296.6,2,61.9,2,0.898,2,,2
79.0,2,6.968,2,32.4674,2,296.4,2,61.9,2,0.8740000000000001,2,,2
80.0,2,6.9796,2,32.4742,2,296.1,2,62.0,2,0.845,2,,2
81.1,2,6.981,2,32.477,2,295.7,2,62.2,2,0.79,2,,2
82.0,2,6.9812,2,32.4806,2,294.0,2,62.3,2,0.7909999999999999,2,,2
83.0,2,6.9816,2,32.4908,2,290.8,2,62.4,2,0.746,2,,2
84.0,2,6.9801,2,32.5181,2,288.9,2,62.8,2,0.622,2,,2
85.0,2,6.9735,2,32.5702,2,287.9,2,63.3,2,0.521,2,,2
86.0,2,6.9606,2,32.608000000000004,2,287.2,2,63.5,2,0.428,2,,2
86.8,2,6.9427,2,32.6575,2,286.5,2,63.7,2,0.359,2,,2
88.2,2,6.9073,2,32.7256,2,273.0,2,63.5,2,0.273,2,,2
89.0,2,6.8815,2,32.7785,2,270.4,2,63.9,2,0.225,2,,2
90.0,2,6.8677,2,32.8045,2,267.3,2,64.1,2,0.18100000000000002,2,,2
91.0,2,6.8534,2,32.834,2,264.1,2,64.1,2,0.171,2,,2
92.0,2,6.8404,2,32.8622,2,260.2,2,64.2,2,0.153,2,,2
93.0,2,6.8068,2,32.9482,2,254.9,2,64.2,2,0.125,2,,2
94.0,2,6.7806,2,33.0018,2,249.5,2,64.3,2,0.113,2,,2
95.0,2,6.7677,2,33.0241,2,245.5,2,64.3,2,0.10400000000000001,2,,2
96.0,2,6.7302,2,33.0797,2,242.8,2,64.4,2,0.08800000000000001,2,,2
97.0,2,6.6965,2,33.1247,2,241.1,2,64.4,2,0.08,2,,2
98.0,2,6.6572,2,33.1731,2,240.4,2,64.4,2,0.064,2,,2
98.8,2,6.6273,2,33.2074,2,239.6,2,64.4,2,0.055999999999999994,2,,2
100.2,2,6.6137,2,33.2227,2,230.6,2,64.4,2,0.052000000000000005,2,,2
101.0,2,6.6026,2,33.2353,2,227.9,2,64.4,2,0.049,2,,2
102.0,2,6.5811,2,33.2621,2,225.2,2,64.4,2,0.044000000000000004,2,,2
103.0,2,6.5553,2,33.2959,2,222.9,2,64.4,2,0.039,2,,2
104.0,2,6.5386,2,33.3164,2,220.4,2,64.5,2,0.037000000000000005,2,,2
105.0,2,6.5261,2,33.3335,2,217.9,2,64.5,2,0.031,2,,2
106.0,2,6.5054,2,33.366,2,215.9,2,64.5,2,0.033,2,,2
107.0,2,6.4831,2,33.4055,2,214.7,2,64.5,2,0.024,2,,2
108.0,2,6.4638,2,33.4396,2,213.9,2,64.5,2,0.024,2,,2
109.1,2,6.4578,2,33.4533,2,213.2,2,64.5,2,0.024,2,,2
110.2,2,6.4572,2,33.4563,2,209.2,2,64.5,2,0.027999999999999997,2,,2
111.0,2,6.4537,2,33.4625,2,208.0,2,64.5,2,0.024,2,,2
112.0,2,6.447,2,33.4702,2,207.2,2,64.5,2,0.024,2,,2
113.0,2,6.4418,2,33.4751,2,206.5,2,64.5,2,0.024,2,,2
114.1,2,6.438,2,33.4796,2,205.8,2,64.5,2,0.024,2,,2
115.0,2,6.4335,2,33.4863,2,204.5,2,64.5,2,0.024,2,,2
116.0,2,6.4257,2,33.5005,2,203.6,2,64.5,2,0.024,2,,2
117.0,2,6.422999999999999,2,33.5056,2,203.1,2,64.5,2,0.024,2,,2
118.0,2,6.4213,2,33.509,2,202.6,2,64.5,2,0.026000000000000002,2,,2
119.0,2,6.4195,2,33.5121,2,201.8,2,64.5,2,0.024,2,,2
120.0,2,6.4148,2,33.5209,2,200.8,2,64.5,2,0.024,2,,2
121.0,2,6.4095,2,33.5301,2,200.0,2,64.5,2,0.024,2,,2
122.0,2,6.4069,2,33.5343,2,199.4,2,64.5,2,0.024,2,,2
123.0,2,6.4012,2,33.5431,2,198.4,2,64.5,2,0.024,2,,2
124.0,2,6.3896,2,33.5627,2,196.9,2,64.5,2,0.024,2,,2
125.0,2,6.3838,2,33.5714,2,195.2,2,64.4,2,0.024,2,,2
126.0,2,6.3775,2,33.5813,2,193.9,2,64.4,2,0.027999999999999997,2,,2
127.0,2,6.3696,2,33.5931,2,192.9,2,64.4,2,0.019,2,,2
128.0,2,6.3606,2,33.6044,2,192.1,2,64.4,2,0.024,2,,2
129.0,2,6.3486,2,33.6184,2,191.3,2,64.4,2,0.024,2,,2
130.1,2,6.3456,2,33.623000000000005,2,190.3,2,64.4,2,0.024,2,,2
131.0,2,6.3388,2,33.632,2,188.5,2,64.4,2,0.024,2,,2
132.0,2,6.327000000000001,2,33.6483,2,187.3,2,64.4,2,0.024,2,,2
133.0,2,6.3182,2,33.6559,2,187.0,2,64.4,2,0.024,2,,2
134.0,2,6.3165,2,33.6566,2,186.6,2,64.4,2,0.024,2,,2
135.0,2,6.3101,2,33.6602,2,186.4,2,64.4,2,0.021,2,,2
136.0,2,6.3041,2,33.6636,2,186.1,2,64.4,2,0.024,2,,2
137.0,2,6.2949,2,33.6708,2,185.8,2,64.4,2,0.016,2,,2
138.0,2,6.2897,2,33.6753,2,185.2,2,64.4,2,0.017,2,,2
139.0,2,6.2848,2,33.681,2,184.7,2,64.4,2,0.024,2,,2
140.0,2,6.2722,2,33.6928,2,184.1,2,64.4,2,0.024,2,,2
141.0,2,6.2559,2,33.7035,2,183.5,2,64.4,2,0.024,2,,2
142.0,2,6.2459,2,33.7118,2,182.9,2,64.4,2,0.024,2,,2
143.0,2,6.2435,2,33.7182,2,182.2,2,64.4,2,0.023,2,,2
144.0,2,6.2396,2,33.7214,2,181.7,2,64.4,2,0.016,2,,2
145.0,2,6.2247,2,33.7264,2,181.3,2,64.4,2,0.024,2,,2
146.0,2,6.209,2,33.7301,2,180.8,2,64.4,2,0.032,2,,2
147.0,2,6.1961,2,33.7368,2,180.2,2,64.4,2,0.025,2,,2
148.0,2,6.186,2,33.7466,2,179.5,2,64.4,2,0.022000000000000002,2,,2
149.0,2,6.1953,2,33.7568,2,178.9,2,64.4,2,0.02,2,,2
150.0,2,6.1903,2,33.763000000000005,2,178.3,2,64.4,2,0.013999999999999999,2,,2
151.0,2,6.1626,2,33.7699,2,177.8,2,64.4,2,0.015,2,,2
152.0,2,6.1443,2,33.7722,2,177.2,2,64.3,2,0.013000000000000001,2,,2
153.0,2,6.1262,2,33.7745,2,176.6,2,64.3,2,0.016,2,,2
154.0,2,6.1076,2,33.7771,2,175.6,2,64.3,2,0.016,2,,2
155.0,2,6.0933,2,33.7791,2,174.9,2,64.3,2,0.012,2,,2
156.0,2,6.0831,2,33.7804,2,174.5,2,64.3,2,0.012,2,,2
157.0,2,6.0781,2,33.781,2,174.3,2,64.3,2,0.012,2,,2
158.0,2,6.0663,2,33.7826,2,174.1,2,64.3,2,0.018000000000000002,2,,2
159.1,2,6.0389,2,33.7848,2,174.0,2,64.3,2,0.017,2,,2
159.5,2,6.0343,2,33.7849,2,173.8,2,64.3,2,0.012,2,,2
161.1,2,6.0219,2,33.7865,2,170.6,2,64.3,2,0.012,2,,2
162.0,2,6.001,2,33.7884,2,169.8,2,64.2,2,0.012,2,,2
163.0,2,5.9877,2,33.7895,2,168.9,2,64.2,2,0.012,2,,2
164.0,2,5.985,2,33.7891,2,167.9,2,64.2,2,0.023,2,,2
165.0,2,5.983,2,33.7898,2,167.1,2,64.2,2,0.018000000000000002,2,,2
166.0,2,5.9763,2,33.7912,2,166.2,2,64.2,2,0.023,2,,2
167.0,2,5.9618,2,33.7925,2,165.4,2,64.2,2,0.013999999999999999,2,,2
168.0,2,5.9452,2,33.7937,2,164.8,2,64.2,2,0.012,2,,2
169.0,2,5.928999999999999,2,33.7947,2,164.4,2,64.2,2,0.012,2,,2
170.0,2,5.9198,2,33.7952,2,163.9,2,64.2,2,0.012,2,,2
171.0,2,5.9146,2,33.7953,2,163.6,2,64.2,2,0.012,2,,2
172.0,2,5.9069,2,33.7962,2,163.3,2,64.2,2,0.012,2,,2
173.0,2,5.8937,2,33.7973,2,163.1,2,64.2,2,0.02,2,,2
174.0,2,5.8759,2,33.7981,2,163.0,2,64.2,2,0.012,2,,2
175.0,2,5.8626,2,33.7982,2,162.8,2,64.2,2,0.019,2,,2
176.0,2,5.8577,2,33.7978,2,162.6,2,64.2,2,0.018000000000000002,2,,2
177.0,2,5.8491,2,33.798,2,162.4,2,64.2,2,0.012,2,,2
177.9,2,5.8420000000000005,2,33.7983,2,162.0,2,64.2,2,0.015,2,,2
179.2,2,5.829,2,33.7992,2,160.0,2,64.2,2,0.012,2,,2
180.0,2,5.8248,2,33.7998,2,159.4,2,64.2,2,0.015,2,,2
181.0,2,5.8061,2,33.8017,2,158.7,2,64.2,2,0.012,2,,2
182.0,2,5.7686,2,33.8035,2,158.1,2,64.1,2,0.022000000000000002,2,,2
183.0,2,5.7597,2,33.8031,2,157.3,2,64.1,2,0.018000000000000002,2,,2
184.0,2,5.7526,2,33.8036,2,156.2,2,64.1,2,0.013000000000000001,2,,2
185.0,2,5.7452,2,33.8042,2,155.0,2,64.1,2,0.012,2,,2
186.0,2,5.7315,2,33.8057,2,154.2,2,64.1,2,0.012,2,,2
187.0,2,5.7184,2,33.8074,2,153.5,2,64.1,2,0.013000000000000001,2,,2
188.0,2,5.7069,2,33.8087,2,152.8,2,64.1,2,0.013000000000000001,2,,2
189.0,2,5.692,2,33.8094,2,152.2,2,64.1,2,0.024,2,,2
190.0,2,5.6762,2,33.8088,2,151.9,2,64.1,2,0.024,2,,2
191.0,2,5.6597,2,33.8103,2,151.4,2,64.1,2,0.024,2,,2
192.0,2,5.6527,2,33.8104,2,150.9,2,64.1,2,0.024,2,,2
193.0,2,5.6452,2,33.8116,2,150.4,2,64.1,2,0.024,2,,2
194.0,2,5.6396,2,33.8118,2,150.0,2,64.1,2,0.022000000000000002,2,,2
195.0,2,5.6229,2,33.8116,2,149.4,2,64.1,2,0.02,2,,2
196.0,2,5.6081,2,33.811,2,148.9,2,64.1,2,0.02,2,,2
197.0,2,5.6018,2,33.8116,2,148.2,2,64.1,2,0.016,2,,2
198.0,2,5.5922,2,33.8121,2,147.9,2,64.1,2,0.024,2,,2
199.0,2,5.5766,2,33.8129,2,147.6,2,64.1,2,0.023,2,,2
199.9,2,5.57,2,33.8127,2,147.5,2,64.1,2,0.017,2,,2
202.0,2,5.5576,2,33.8167,2,144.7,2,64.1,2,0.024,2,,2
203.0,2,5.5252,2,33.8146,2,144.4,2,64.1,2,0.013000000000000001,2,,2
204.0,2,5.5276,2,33.815,2,143.8,2,64.1,2,0.023,2,,2
205.0,2,5.5231,2,33.817,2,143.6,2,64.1,2,0.024,2,,2
206.0,2,5.5172,2,33.8169,2,143.3,2,64.1,2,0.019,2,,2
207.0,2,5.4946,2,33.8187,2,143.2,2,64.1,2,0.024,2,,2
208.0,2,5.4973,2,33.8176,2,142.8,2,64.1,2,0.024,2,,2
209.0,2,5.4959,2,33.8192,2,142.7,2,64.1,2,0.018000000000000002,2,,2
210.0,2,5.4855,2,33.82,2,142.3,2,64.1,2,0.024,2,,2
211.1,2,5.4584,2,33.8177,2,141.9,2,64.0,2,0.02,2,,2
212.0,2,5.4510000000000005,2,33.8166,2,141.3,2,64.1,2,0.02,2,,2
213.0,2,5.4497,2,33.818000000000005,2,140.8,2,64.1,2,0.024,2,,2
214.0,2,5.4397,2,33.8186,2,140.5,2,64.1,2,0.02,2,,2
215.0,2,5.4262,2,33.8173,2,140.1,2,64.1,2,0.023,2,,2
216.0,2,5.4119,2,33.8158,2,139.8,2,64.1,2,0.018000000000000002,2,,2
217.0,2,5.4007,2,33.8179,2,139.9,2,64.1,2,0.022000000000000002,2,,2
218.0,2,5.3657,2,33.8156,2,140.2,2,64.1,2,0.021,2,,2
219.0,2,5.3502,2,33.8138,2,140.4,2,64.1,2,0.019,2,,2
220.0,2,5.3263,2,33.8126,2,140.4,2,64.1,2,0.022000000000000002,2,,2
221.0,2,5.3005,2,33.8097,2,140.4,2,64.1,2,0.013000000000000001,2,,2
222.0,2,5.2816,2,33.8084,2,140.4,2,64.1,2,0.024,2,,2
223.0,2,5.2596,2,33.8113,2,140.3,2,64.1,2,0.024,2,,2
224.0,2,5.2251,2,33.8088,2,140.3,2,64.1,2,0.024,2,,2
224.8,2,5.2033,2,33.8076,2,140.1,2,64.1,2,0.022000000000000002,2,,2
226.0,2,5.1919,2,33.8075,2,139.3,2,64.1,2,0.022000000000000002,2,,2
227.0,2,5.1861,2,33.8076,2,138.8,2,64.1,2,0.024,2,,2
228.0,2,5.1728,2,33.808,2,138.2,2,64.1,2,0.022000000000000002,2,,2
229.0,2,5.1708,2,33.8076,2,137.6,2,64.1,2,0.013000000000000001,2,,2
230.0,2,5.17,2,33.8078,2,137.1,2,64.1,2,0.024,2,,2
231.0,2,5.1683,2,33.8094,2,136.5,2,64.1,2,0.024,2,,2
232.0,2,5.16,2,33.8121,2,136.1,2,64.1,2,0.016,2,,2
233.0,2,5.1377,2,33.8142,2,135.6,2,64.1,2,0.024,2,,2
234.0,2,5.1326,2,33.8137,2,135.2,2,64.1,2,0.024,2,,2
235.0,2,5.1098,2,33.818000000000005,2,134.9,2,64.1,2,0.024,2,,2
236.0,2,5.0795,2,33.8145,2,134.8,2,64.1,2,0.024,2,,2
237.0,2,5.0788,2,33.8143,2,134.6,2,64.1,2,0.024,2,,2
238.0,2,5.0701,2,33.8161,2,134.5,2,64.1,2,0.024,2,,2
238.8,2,5.0578,2,33.8156,2,134.7,2,64.1,2,0.024,2,,2
242.3,2,5.033,2,33.8191,2,130.8,2,64.1,2,0.024,2,,2
243.0,2,5.0324,2,33.8178,2,130.4,2,64.1,2,0.024,2,,2
244.0,2,5.033,2,33.8174,2,130.0,2,64.1,2,0.024,2,,2
245.0,2,5.0338,2,33.8191,2,129.6,2,64.1,2,0.024,2,,2
246.0,2,4.9814,2,33.8227,2,129.4,2,64.1,2,0.024,2,,2
247.0,2,4.9409,2,33.8168,2,129.2,2,64.1,2,0.024,2,,2
248.0,2,4.9259,2,33.8154,2,128.7,2,64.1,2,0.024,2,,2
249.0,2,4.9132,2,33.8148,2,127.9,2,64.1,2,0.024,2,,2
250.0,2,4.9003,2,33.8139,2,127.1,2,64.1,2,0.024,2,,2
251.0,2,4.8987,2,33.8131,2,126.4,2,64.1,2,0.024,2,,2
252.0,2,4.9158,2,33.8177,2,125.7,2,64.1,2,0.022000000000000002,2,,2
252.8,2,4.966,2,33.8288,2,124.7,2,64.1,2,0.024,2,,2
254.1,2,4.9824,2,33.8331,2,120.3,2,64.1,2,0.024,2,,2
255.1,2,5.0046,2,33.8393,2,117.7,2,64.1,2,0.024,2,,2
255.9,2,4.9979,2,33.8404,2,116.0,2,64.1,2,0.022000000000000002,2,,2
257.0,2,4.9839,2,33.84,2,115.4,2,64.1,2,0.024,2,,2
258.0,2,4.9491,2,33.8408,2,115.4,2,64.1,2,0.024,2,,2
259.0,2,4.913,2,33.8382,2,115.6,2,64.1,2,0.024,2,,2
260.0,2,4.8943,2,33.8365,2,115.6,2,64.1,2,0.024,2,,2
261.0,2,4.8609,2,33.8379,2,115.6,2,64.1,2,0.024,2,,2
262.0,2,4.8413,2,33.8326,2,115.8,2,64.1,2,0.024,2,,2
263.0,2,4.8295,2,33.8321,2,115.8,2,64.1,2,0.024,2,,2
264.0,2,4.8161,2,33.8313,2,116.0,2,64.1,2,0.024,2,,2
265.0,2,4.8052,2,33.8302,2,115.8,2,64.1,2,0.024,2,,2
266.0,2,4.7956,2,33.8299,2,116.1,2,64.1,2,0.024,2,,2
267.0,2,4.7871,2,33.8314,2,115.9,2,64.1,2,0.024,2,,2
267.8,2,4.7456,2,33.8291,2,116.2,2,64.1,2,0.024,2,,2
272.1,2,4.7233,2,33.8343,2,111.3,2,64.2,2,0.024,2,,2
273.0,2,4.731,2,33.8383,2,110.5,2,64.2,2,0.024,2,,2
274.0,2,4.7348,2,33.8402,2,109.8,2,64.2,2,0.024,2,,2
275.0,2,4.7371,2,33.8426,2,109.1,2,64.1,2,0.024,2,,2
276.0,2,4.738,2,33.8455,2,108.4,2,64.2,2,0.024,2,,2
277.0,2,4.7368,2,33.8482,2,107.8,2,64.1,2,0.024,2,,2
278.0,2,4.7287,2,33.8503,2,107.3,2,64.2,2,0.024,2,,2
279.0,2,4.7263,2,33.8503,2,106.7,2,64.2,2,0.024,2,,2
280.0,2,4.7176,2,33.8519,2,106.1,2,64.2,2,0.024,2,,2
281.0,2,4.7081,2,33.8524,2,105.7,2,64.2,2,0.024,2,,2
282.0,2,4.704,2,33.8532,2,105.3,2,64.2,2,0.024,2,,2
283.0,2,4.7012,2,33.8536,2,105.1,2,64.2,2,0.024,2,,2
283.7,2,4.6983,2,33.854,2,105.2,2,64.2,2,0.024,2,,2
286.2,2,4.6963,2,33.8596,2,100.8,2,64.2,2,0.024,2,,2
287.0,2,4.6907,2,33.8619,2,100.1,2,64.2,2,0.024,2,,2
288.0,2,4.6858,2,33.864000000000004,2,99.4,2,64.2,2,0.024,2,,2
289.0,2,4.6856,2,33.8642,2,98.7,2,64.2,2,0.024,2,,2
290.0,2,4.6816,2,33.8657,2,98.0,2,64.2,2,0.024,2,,2
291.0,2,4.678999999999999,2,33.8671,2,97.2,2,64.2,2,0.024,2,,2
292.0,2,4.6814,2,33.8687,2,96.2,2,64.2,2,0.024,2,,2
293.0,2,4.6761,2,33.8699,2,95.1,2,64.2,2,0.024,2,,2
294.0,2,4.6696,2,33.8707,2,94.4,2,64.2,2,0.024,2,,2
295.0,2,4.6674,2,33.871,2,93.8,2,64.2,2,0.024,2,,2
296.0,2,4.6654,2,33.8712,2,93.4,2,64.2,2,0.024,2,,2
297.0,2,4.6591,2,33.8725,2,92.9,2,64.2,2,0.024,2,,2
298.0,2,4.652,2,33.8732,2,92.7,2,64.3,2,0.024,2,,2
299.0,2,4.6425,2,33.8745,2,92.3,2,64.3,2,0.024,2,,2
300.0,2,4.6339,2,33.8752,2,92.2,2,64.3,2,0.024,2,,2
301.4,2,4.6153,2,33.8761,2,90.6,2,64.3,2,0.024,2,,2
302.0,2,4.6098,2,33.8762,2,90.2,2,64.3,2,0.024,2,,2
303.0,2,4.5987,2,33.8777,2,89.6,2,64.3,2,0.024,2,,2
304.0,2,4.5802,2,33.8758,2,89.2,2,64.3,2,0.024,2,,2
305.0,2,4.5961,2,33.8789,2,88.7,2,64.3,2,0.024,2,,2
306.0,2,4.5954,2,33.8796,2,88.0,2,64.3,2,0.024,2,,2
307.0,2,4.5717,2,33.8783,2,87.7,2,64.3,2,0.024,2,,2
308.0,2,4.5793,2,33.8785,2,87.5,2,64.3,2,0.024,2,,2
309.0,2,4.5766,2,33.8811,2,87.3,2,64.3,2,0.024,2,,2
310.0,2,4.5679,2,33.882,2,87.2,2,64.4,2,0.024,2,,2
311.0,2,4.5393,2,33.8863,2,87.1,2,64.4,2,0.024,2,,2
312.0,2,4.4799,2,33.8829,2,87.2,2,64.3,2,0.024,2,,2
313.0,2,4.4513,2,33.8756,2,87.2,2,63.2,2,0.024,2,,2
314.0,2,4.463,2,33.8793,2,87.0,2,64.3,2,0.024,2,,2
315.0,2,4.4594,2,33.8813,2,87.0,2,64.4,2,0.024,2,,2
315.8,2,4.4446,2,33.8792,2,87.1,2,64.4,2,0.024,2,,2
318.3,2,4.4488,2,33.8823,2,85.7,2,64.4,2,0.024,2,,2
319.0,2,4.4041,2,33.8809,2,85.5,2,64.4,2,0.024,2,,2
320.0,2,4.3818,2,33.8795,2,85.2,2,64.4,2,0.024,2,,2
321.0,2,4.3777,2,33.8819,2,85.1,2,64.4,2,0.024,2,,2
322.0,2,4.3805,2,33.8827,2,84.7,2,64.4,2,0.024,2,,2
323.0,2,4.3855,2,33.8842,2,84.4,2,64.4,2,0.024,2,,2
324.0,2,4.3841,2,33.8866,2,84.2,2,64.4,2,0.024,2,,2
325.0,2,4.3766,2,33.8869,2,84.1,2,64.4,2,0.024,2,,2
326.0,2,4.3773,2,33.8871,2,83.9,2,64.4,2,0.024,2,,2
327.0,2,4.3772,2,33.888000000000005,2,83.9,2,64.4,2,0.024,2,,2
328.1,2,4.3845,2,33.8893,2,83.8,2,64.4,2,0.024,2,,2
328.9,2,4.3906,2,33.8863,2,83.2,2,64.5,2,0.024,2,,2
330.0,2,4.3913,2,33.8862,2,81.5,2,64.4,2,0.024,2,,2
331.0,2,4.4046,2,33.896,2,80.7,2,64.5,2,0.024,2,,2
332.0,2,4.4105,2,33.8988,2,80.3,2,64.5,2,0.024,2,,2
333.0,2,4.4263,2,33.9035,2,80.1,2,64.5,2,0.024,2,,2
334.0,2,4.4355,2,33.9072,2,79.7,2,64.5,2,0.024,2,,2
335.0,2,4.426,2,33.9098,2,79.5,2,64.5,2,0.024,2,,2
336.0,2,4.3997,2,33.9096,2,79.2,2,64.5,2,0.024,2,,2
337.0,2,4.3652,2,33.9057,2,79.0,2,64.5,2,0.024,2,,2
338.0,2,4.3257,2,33.9006,2,78.8,2,64.5,2,0.024,2,,2
339.0,2,4.3219,2,33.8962,2,78.7,2,64.5,2,0.024,2,,2
340.1,2,4.4085,2,33.9123,2,78.4,2,64.5,2,0.024,2,,2
342.3,2,4.581,2,33.9472,2,70.7,2,64.4,2,0.024,2,,2
343.0,2,4.5938,2,33.9517,2,68.3,2,64.4,2,0.024,2,,2
343.9,2,4.5751,2,33.9511,2,65.7,2,64.5,2,0.024,2,,2
344.9,2,4.5904,2,33.9563,2,64.1,2,64.5,2,0.024,2,,2
346.0,2,4.6056,2,33.9619,2,63.0,2,64.5,2,0.024,2,,2
347.0,2,4.617,2,33.9674,2,62.2,2,64.4,2,0.024,2,,2
348.0,2,4.6139,2,33.9689,2,61.7,2,64.4,2,0.033,2,,2
349.0,2,4.6106,2,33.9693,2,61.0,2,64.4,2,0.024,2,,2
350.0,2,4.6026,2,33.9697,2,60.5,2,64.5,2,0.024,2,,2
351.0,2,4.5956,2,33.9696,2,60.1,2,64.5,2,0.024,2,,2
352.0,2,4.5934,2,33.9697,2,59.7,2,64.3,2,0.024,2,,2
353.0,2,4.5865,2,33.9703,2,59.4,2,64.4,2,0.024,2,,2
353.9,2,4.5844,2,33.9701,2,59.2,2,64.5,2,0.024,2,,2
355.3,2,4.5817,2,33.9696,2,57.8,2,64.5,2,0.024,2,,2
356.0,2,4.5706,2,33.9707,2,57.5,2,64.5,2,0.024,2,,2
357.0,2,4.5507,2,33.9709,2,57.2,2,64.5,2,0.024,2,,2
358.0,2,4.5434,2,33.9708,2,57.0,2,64.5,2,0.024,2,,2
359.0,2,4.5344,2,33.9705,2,56.7,2,64.5,2,0.024,2,,2
360.0,2,4.5218,2,33.9708,2,56.7,2,64.5,2,0.024,2,,2
361.0,2,4.5053,2,33.9708,2,56.9,2,64.4,2,0.024,2,,2
362.0,2,4.4913,2,33.9707,2,57.1,2,64.5,2,0.024,2,,2
363.0,2,4.4805,2,33.9702,2,57.4,2,64.5,2,0.024,2,,2
364.0,2,4.4567,2,33.9708,2,57.5,2,64.4,2,0.024,2,,2
365.0,2,4.4158,2,33.9682,2,57.7,2,64.4,2,0.024,2,,2
366.0,2,4.3963,2,33.965,2,57.8,2,64.5,2,0.024,2,,2
367.0,2,4.3951,2,33.9647,2,57.8,2,64.2,2,0.024,2,,2
367.8,2,4.3981,2,33.9658,2,58.0,2,64.4,2,0.024,2,,2
369.2,2,4.3759,2,33.9674,2,57.9,2,64.5,2,0.024,2,,2
370.0,2,4.3784,2,33.9691,2,57.8,2,64.5,2,0.024,2,,2
371.1,2,4.38,2,33.9716,2,57.7,2,64.5,2,0.024,2,,2
371.9,2,4.3811,2,33.9712,2,57.3,2,64.5,2,0.024,2,,2
373.0,2,4.3553,2,33.9736,2,57.2,2,64.5,2,0.024,2,,2
374.0,2,4.3448,2,33.9751,2,57.6,2,64.5,2,0.024,2,,2
375.0,2,4.3279,2,33.9748,2,57.8,2,64.3,2,0.024,2,,2
376.0,2,4.3232,2,33.9759,2,58.1,2,64.5,2,0.024,2,,2
377.0,2,4.2979,2,33.9768,2,58.3,2,64.5,2,0.024,2,,2
377.9,2,4.2631,2,33.9739,2,58.7,2,64.5,2,0.024,2,,2
379.0,2,4.2594,2,33.9725,2,58.8,2,64.5,2,0.024,2,,2
380.0,2,4.2586,2,33.9745,2,59.1,2,64.5,2,0.024,2,,2
381.0,2,4.244,2,33.9759,2,59.2,2,64.5,2,0.024,2,,2
382.0,2,4.2389,2,33.9755,2,59.2,2,64.5,2,0.024,2,,2
383.0,2,4.2338,2,33.9758,2,59.4,2,64.5,2,0.024,2,,2
383.5,2,4.2327,2,33.9757,2,59.3,2,64.5,2,0.024,2,,2
387.1,2,4.2319,2,33.9821,2,59.6,2,64.5,2,0.024,2,,2
388.0,2,4.232,2,33.9819,2,59.7,2,64.5,2,0.024,2,,2
389.0,2,4.2322,2,33.9818,2,59.6,2,64.5,2,0.024,2,,2
390.0,2,4.2324,2,33.9818,2,59.6,2,64.5,2,0.024,2,,2
391.0,2,4.2326,2,33.9822,2,59.5,2,64.5,2,0.024,2,,2
392.0,2,4.2326,2,33.9846,2,59.4,2,64.5,2,0.024,2,,2
393.0,2,4.2329,2,33.9861,2,59.3,2,64.5,2,0.024,2,,2
394.0,2,4.2331,2,33.986999999999995,2,59.1,2,64.5,2,0.024,2,,2
395.0,2,4.2326,2,33.9888,2,59.0,2,64.5,2,0.024,2,,2
396.0,2,4.2324,2,33.9902,2,58.9,2,64.5,2,0.024,2,,2
397.0,2,4.2328,2,33.992,2,58.8,2,64.5,2,0.024,2,,2
397.8,2,4.2326,2,33.9933,2,58.7,2,64.5,2,0.024,2,,2
399.2,2,4.2323,2,33.9951,2,57.7,2,64.5,2,0.024,2,,2
400.0,2,4.2307,2,33.9972,2,57.2,2,64.5,2,0.024,2,,2
401.0,2,4.228,2,33.9981,2,56.8,2,64.5,2,0.024,2,,2
402.0,2,4.2272,2,33.9986,2,56.4,2,64.5,2,0.024,2,,2
403.0,2,4.2243,2,34.0012,2,56.2,2,64.5,2,0.024,2,,2
404.0,2,4.2132,2,34.0033,2,55.9,2,64.5,2,0.024,2,,2
405.0,2,4.2079,2,34.0055,2,55.7,2,64.4,2,0.024,2,,2
406.0,2,4.2035,2,34.0057,2,55.4,2,64.5,2,0.024,2,,2
407.0,2,4.2021,2,34.0066,2,55.4,2,64.5,2,0.024,2,,2
408.0,2,4.2008,2,34.007,2,55.2,2,64.5,2,0.024,2,,2
408.9,2,4.1993,2,34.0074,2,55.2,2,64.5,2,0.024,2,,2
412.1,2,4.1928,2,34.0118,2,53.2,2,64.5,2,0.024,2,,2
413.0,2,4.1874,2,34.0123,2,52.6,2,64.4,2,0.024,2,,2
414.0,2,4.1816,2,34.0127,2,52.2,2,64.5,2,0.024,2,,2
415.0,2,4.1803,2,34.0129,2,51.9,2,64.4,2,0.024,2,,2
416.0,2,4.1781,2,34.0133,2,51.6,2,64.5,2,0.024,2,,2
417.1,2,4.1718,2,34.0143,2,51.3,2,64.4,2,0.024,2,,2
418.0,2,4.1715,2,34.0146,2,51.1,2,64.4,2,0.024,2,,2
419.0,2,4.1715,2,34.0148,2,50.8,2,64.4,2,0.024,2,,2
420.0,2,4.1715,2,34.0151,2,50.7,2,64.5,2,0.024,2,,2
421.0,2,4.1722,2,34.0156,2,50.5,2,64.5,2,0.024,2,,2
422.0,2,4.1748,2,34.0169,2,50.4,2,64.3,2,0.024,2,,2
423.0,2,4.1726,2,34.0181,2,50.2,2,64.4,2,0.024,2,,2
424.0,2,4.1684,2,34.0181,2,50.2,2,64.4,2,0.024,2,,2
425.0,2,4.1664,2,34.0197,2,50.2,2,64.4,2,0.024,2,,2
425.5,2,4.1641,2,34.0221,2,50.3,2,64.4,2,0.024,2,,2
427.3,2,4.1617,2,34.0238,2,49.4,2,64.4,2,0.024,2,,2
428.0,2,4.1602,2,34.0243,2,49.1,2,64.5,2,0.024,2,,2
429.0,2,4.1586,2,34.0252,2,48.9,2,64.4,2,0.024,2,,2
430.0,2,4.1574,2,34.0258,2,48.6,2,64.4,2,0.024,2,,2
431.0,2,4.1544,2,34.0268,2,48.4,2,64.4,2,0.024,2,,2
432.0,2,4.1454,2,34.0289,2,48.0,2,64.4,2,0.024,2,,2
433.0,2,4.1419,2,34.0295,2,47.7,2,64.4,2,0.024,2,,2
434.0,2,4.1398,2,34.0304,2,47.3,2,64.4,2,0.024,2,,2
435.0,2,4.1351,2,34.0327,2,46.9,2,64.4,2,0.024,2,,2
436.0,2,4.1309,2,34.0345,2,46.7,2,64.4,2,0.024,2,,2
437.0,2,4.1297,2,34.035,2,46.6,2,64.4,2,0.024,2,,2
438.5,2,4.1284,2,34.0358,2,45.8,2,64.4,2,0.024,2,,2
439.0,2,4.1282,2,34.0357,2,45.7,2,64.4,2,0.024,2,,2
440.0,2,4.1269,2,34.0365,2,45.4,2,64.4,2,0.024,2,,2
441.0,2,4.1217,2,34.0399,2,45.4,2,64.4,2,0.024,2,,2
442.0,2,4.1198,2,34.0407,2,45.3,2,64.4,2,0.024,2,,2
443.0,2,4.1178,2,34.0415,2,45.2,2,64.4,2,0.024,2,,2
443.5,2,4.1167,2,34.0422,2,45.2,2,64.4,2,0.024,2,,2
445.3,2,4.1154,2,34.0438,2,44.3,2,64.5,2,0.024,2,,2
446.0,2,4.112,2,34.0455,2,44.1,2,64.4,2,0.024,2,,2
447.0,2,4.1111,2,34.0462,2,43.8,2,64.5,2,0.024,2,,2
448.0,2,4.1102,2,34.047,2,43.7,2,64.4,2,0.024,2,,2
449.0,2,4.1102,2,34.0476,2,43.4,2,64.4,2,0.024,2,,2
450.0,2,4.1105,2,34.048,2,43.4,2,64.4,2,0.024,2,,2
451.0,2,4.1112,2,34.049,2,43.2,2,64.5,2,0.024,2,,2
452.0,2,4.1115,2,34.0509,2,43.1,2,64.4,2,0.024,2,,2
453.0,2,4.1102,2,34.0531,2,43.0,2,64.4,2,0.024,2,,2
454.0,2,4.1095,2,34.0536,2,42.9,2,64.4,2,0.024,2,,2
455.0,2,4.1077,2,34.0545,2,42.7,2,64.4,2,0.024,2,,2
456.0,2,4.1057,2,34.055,2,42.7,2,64.4,2,0.024,2,,2
457.0,2,4.1022,2,34.0557,2,42.6,2,64.5,2,0.024,2,,2
457.5,2,4.0978,2,34.0566,2,42.8,2,64.4,2,0.024,2,,2
460.1,2,4.0943,2,34.0572,2,42.0,2,64.4,2,0.024,2,,2
461.0,2,4.0927,2,34.0582,2,41.7,2,64.4,2,0.024,2,,2
462.0,2,4.0926,2,34.0584,2,41.6,2,64.4,2,0.024,2,,2
463.0,2,4.0925,2,34.059,2,41.4,2,64.5,2,0.024,2,,2
464.0,2,4.0922,2,34.0597,2,41.4,2,64.5,2,0.024,2,,2
465.0,2,4.0943,2,34.0612,2,41.2,2,64.5,2,0.024,2,,2
466.0,2,4.0971,2,34.0646,2,41.1,2,64.5,2,0.024,2,,2
467.0,2,4.0923,2,34.0663,2,41.0,2,64.5,2,0.024,2,,2
468.0,2,4.0876,2,34.0667,2,41.1,2,64.5,2,0.024,2,,2
469.0,2,4.0862,2,34.0672,2,40.9,2,64.5,2,0.024,2,,2
470.0,2,4.0858,2,34.0678,2,40.9,2,64.5,2,0.024,2,,2
473.2,2,4.0857,2,34.0711,2,40.2,2,64.5,2,0.024,2,,2
474.0,2,4.0855,2,34.0717,2,40.0,2,64.5,2,0.024,2,,2
475.0,2,4.0852,2,34.0723,2,40.0,2,64.5,2,0.024,2,,2
476.0,2,4.0854,2,34.0727,2,39.8,2,64.5,2,0.024,2,,2
477.0,2,4.085,2,34.0736,2,39.6,2,64.5,2,0.024,2,,2
478.0,2,4.0853,2,34.0744,2,39.5,2,64.5,2,0.024,2,,2
479.0,2,4.0854,2,34.0747,2,39.3,2,64.5,2,0.024,2,,2
480.0,2,4.0848,2,34.0752,2,39.0,2,64.5,2,0.024,2,,2
481.0,2,4.0819,2,34.0769,2,38.9,2,64.5,2,0.024,2,,2
482.0,2,4.074,2,34.0798,2,38.8,2,64.5,2,0.024,2,,2
483.0,2,4.0656,2,34.0814,2,38.6,2,64.5,2,0.024,2,,2
484.0,2,4.0681,2,34.0826,2,38.4,2,64.5,2,0.024,2,,2
485.0,2,4.0664,2,34.0836,2,38.2,2,64.5,2,0.024,2,,2
486.0,2,4.0601,2,34.0838,2,38.1,2,64.5,2,0.024,2,,2
487.0,2,4.0566,2,34.0838,2,38.1,2,64.5,2,0.024,2,,2
490.0,2,4.0575,2,34.0872,2,37.6,2,64.5,2,0.024,2,,2
491.0,2,4.0567,2,34.0885,2,37.4,2,64.5,2,0.024,2,,2
492.0,2,4.055,2,34.0896,2,37.2,2,64.5,2,0.024,2,,2
493.0,2,4.0532,2,34.0901,2,37.0,2,64.5,2,0.024,2,,2
494.0,2,4.0498,2,34.0905,2,36.9,2,64.5,2,0.024,2,,2
495.0,2,4.0481,2,34.0909,2,36.8,2,64.5,2,0.024,2,,2
496.0,2,4.0454,2,34.0916,2,36.6,2,64.5,2,0.024,2,,2
497.1,2,4.0419,2,34.0924,2,36.6,2,64.5,2,0.024,2,,2
497.6,2,4.0405,2,34.0934,2,36.6,2,64.5,2,0.024,2,,2
501.0,2,4.0295,2,34.0989,2,35.6,2,64.5,2,0.024,2,,2
502.0,2,4.0252,2,34.1002,2,35.5,2,64.5,2,0.024,2,,2
503.0,2,4.0224,2,34.1007,2,35.4,2,64.5,2,0.024,2,,2
END_DATA
