CTD,20190304CCHSIOLMM
#---------------------------------------------------------------------------------------------------,,,,,,,,,,,,,,,,
#Fluorescence - Transmissivity and PAR data are nominal and unedited except that some records were removed in editing temperature and salinity.,,,,,,,,,,,,,,,,
#---------------------------------------------------------------------------------------------------,,,,,,,,,,,,,,,,
#For details on how the transmissivity calibration parameters were calculated see the document Transmissivity_Calculation.pdf.,,,,,,,,,,,,,,,,
#---------------------------------------------------------------------------------------------------,,,,,,,,,,,,,,,,
#The Oxygen:Dissolved:CTD calibration was done using the method described in the Sea-Bird Application Note #64-2 (Sea-Bird_64-2_Feb2010.pdf).,,,,,,,,,,,,,,,,
#,,,,,,,,,,,,,,,,
#A shift in the Oxygen:Dissolved:Bottle standardization parameters occurred between events 0032 and 0044; this was not investigated to determine if the resultant change in Thiosulfate normality was real or the result of a shift in lab temperature.,,,,,,,,,,,,,,,,
#Checks of the fit of Oxygen:Dissolved:CTD against titrated Oxygen:Dissolved:Bottle suggest that the titrated values from the first part of the cruise are lower than those of the latter part by about 0.02 ml/l.,,,,,,,,,,,,,,,,
#The Oxygen:Dissolved:CTD was recalibrated using titrated Oxygen:Dissolved:Bottle data from the whole cruise so any resultant error in the Oxygen:Dissolved:CTD is likely negligible compared to other sources of error (<0.01 ml/l).,,,,,,,,,,,,,,,,
#,,,,,,,,,,,,,,,,
#The Oxygen:Dissolved:CTD channel was corrupted for all or parts of events 0007 - 0010 - 0015 - 0017 - 0018 - 0019 - 0021.,,,,,,,,,,,,,,,,
#,,,,,,,,,,,,,,,,
#WARNING: The dissolved oxygen sensor was found to have a damaged membrane when it was examined at the factory shortly after this cruise.,,,,,,,,,,,,,,,,
#There is evidence of hysteresis which could not be corrected by adjusting the calibration parameters. ,,,,,,,,,,,,,,,,
#,,,,,,,,,,,,,,,,
#The Oxygen:Dissolved:CTD:Volume data are considered roughly to be:,,,,,,,,,,,,,,,,
#      • ±0.4 ml/l from 0 to 125 dbar,,,,,,,,,,,,,,,,
#      • ±0.3 ml/l from 125 dbar to 400 dbar,,,,,,,,,,,,,,,,
#      • ±0.1 ml/l below 400 dbar,,,,,,,,,,,,,,,,
#Below 1000 dbar the Oxygen:Dissolved:CTD reads consistently low by <0.01 ml/l.,,,,,,,,,,,,,,,,
#---------------------------------------------------------------------------------------------------,,,,,,,,,,,,,,,,
#For details on the processing see processing file 2011-01-proc.pdf,,,,,,,,,,,,,,,,
#---------------------------------------------------------------------------------------------------,,,,,,,,,,,,,,,,
#,,,,,,,,,,,,,,,,
#File Name,Zone,FIL:START TIME YYYY/MM/DD, HH:MM,LOC:EVENT_NUMBER,LOC:LATITUDE,LOC:LONGITUDE,LOC:STATION,Pressure:CTD [dbar],Temperature:CTD [deg_C_(ITS90)],Salinity:Practical:CTD [PSS-78],Sigma-t:CTD [kg/m^3],Transmissivity:CTD [*/m],Oxygen:Dissolved:CTD:Volume [ml/l],Oxygen:Dissolved:CTD:Mass [µmol/kg],Fluorescence:CTD [mg/m^3],PAR:CTD [µE/m^2/sec]
#,,,,,,,,,,,,,,,,
NUMBER_HEADERS = 8
EXPOCODE = 18DD20110208
STNBR = P19
CASTNO = 1
DATE = 14/02/2011
TIME =  01:22
LATITUDE = 49.5005
LONGITUDE = -137.661
CTDPRS,CTDPRS_FLAG_W,CTDTMP,CTDTMP_FLAG_W,CTDSAL,CTDSAL_FLAG_W,CTDOXY,CTDOXY_FLAG_W,CTDXMISS,CTDXMISS_FLAG_W,CTDFLUOR,CTDFLUOR_FLAG_W,PAR,PAR_FLAG_W
DBAR,,ITS-90,,PSS-78,,UMOL/KG,,,,MG/M^3,,UE/m^2/sec,
1.1,2,7.1237,2,32.5213,2,296.9,2,61.2,2,1.047,2,,2
2.1,2,7.125,2,32.5215,2,296.9,2,61.2,2,1.014,2,,2
3.0,2,7.125,2,32.5217,2,296.7,2,61.3,2,1.05,2,,2
4.0,2,7.1271,2,32.5217,2,296.7,2,61.3,2,1.0490000000000002,2,,2
5.0,2,7.1275,2,32.5217,2,296.7,2,61.3,2,1.024,2,,2
6.0,2,7.1268,2,32.5217,2,296.8,2,61.3,2,1.008,2,,2
7.0,2,7.124,2,32.5215,2,296.8,2,61.3,2,1.013,2,,2
8.1,2,7.1219,2,32.521,2,297.0,2,61.3,2,1.075,2,,2
9.1,2,7.1227,2,32.5209,2,297.0,2,61.3,2,1.041,2,,2
9.9,2,7.1222,2,32.5205,2,297.1,2,61.3,2,1.042,2,,2
11.0,2,7.122000000000001,2,32.5209,2,297.1,2,61.3,2,1.034,2,,2
12.0,2,7.1226,2,32.5211,2,297.1,2,61.3,2,1.025,2,,2
13.0,2,7.1217,2,32.5215,2,297.0,2,61.3,2,1.042,2,,2
14.0,2,7.1218,2,32.5217,2,297.1,2,61.3,2,1.089,2,,2
15.0,2,7.1256,2,32.5223,2,297.2,2,61.3,2,1.042,2,,2
16.0,2,7.1247,2,32.5221,2,297.2,2,61.3,2,1.056,2,,2
17.0,2,7.1243,2,32.522,2,297.3,2,61.3,2,1.053,2,,2
18.0,2,7.1279,2,32.5225,2,297.3,2,61.3,2,1.012,2,,2
19.1,2,7.1278,2,32.5228,2,297.3,2,61.4,2,1.02,2,,2
20.0,2,7.1275,2,32.5226,2,297.3,2,61.4,2,1.045,2,,2
21.0,2,7.1281,2,32.5227,2,297.0,2,61.3,2,1.024,2,,2
22.0,2,7.1288,2,32.5227,2,297.0,2,61.3,2,1.064,2,,2
23.0,2,7.1286,2,32.5229,2,297.1,2,61.3,2,1.024,2,,2
24.0,2,7.1287,2,32.5227,2,297.2,2,61.3,2,1.0070000000000001,2,,2
25.0,2,7.1287,2,32.5226,2,297.3,2,61.3,2,1.139,2,,2
26.1,2,7.1286,2,32.523,2,297.3,2,61.4,2,1.579,2,,2
27.1,2,7.127999999999999,2,32.5231,2,297.3,2,61.4,2,1.202,2,,2
27.9,2,7.1277,2,32.523,2,297.3,2,61.4,2,1.071,2,,2
29.0,2,7.1283,2,32.5233,2,297.3,2,61.4,2,1.074,2,,2
30.0,2,7.127999999999999,2,32.5231,2,297.2,2,61.4,2,1.038,2,,2
30.9,2,7.1281,2,32.5227,2,297.1,2,61.3,2,1.048,2,,2
32.0,2,7.1284,2,32.5231,2,297.1,2,61.3,2,1.014,2,,2
33.0,2,7.1289,2,32.5232,2,297.1,2,61.4,2,1.02,2,,2
34.0,2,7.1294,2,32.5236,2,297.1,2,61.4,2,1.003,2,,2
35.0,2,7.1294,2,32.5239,2,297.1,2,61.5,2,0.9990000000000001,2,,2
36.0,2,7.1295,2,32.5239,2,297.2,2,61.5,2,1.0290000000000001,2,,2
37.0,2,7.1297,2,32.5239,2,297.2,2,61.4,2,1.002,2,,2
38.0,2,7.1294,2,32.524,2,297.2,2,59.3,2,0.9990000000000001,2,,2
39.1,2,7.1294,2,32.5239,2,297.2,2,53.0,2,1.001,2,,2
40.1,2,7.1294,2,32.5238,2,296.9,2,61.4,2,0.9940000000000001,2,,2
41.0,2,7.13,2,32.5239,2,296.9,2,61.5,2,1.031,2,,2
42.0,2,7.13,2,32.524,2,297.0,2,61.5,2,1.033,2,,2
43.0,2,7.1302,2,32.5239,2,297.0,2,61.5,2,1.018,2,,2
44.0,2,7.1303,2,32.524,2,297.0,2,61.5,2,0.987,2,,2
45.0,2,7.1297,2,32.5243,2,297.0,2,61.5,2,0.997,2,,2
46.0,2,7.1296,2,32.5244,2,297.1,2,61.6,2,1.001,2,,2
47.0,2,7.1291,2,32.5244,2,297.2,2,61.6,2,1.0190000000000001,2,,2
48.0,2,7.1291,2,32.5243,2,297.0,2,61.6,2,0.998,2,,2
49.0,2,7.1296,2,32.5244,2,297.0,2,61.5,2,0.993,2,,2
50.0,2,7.1302,2,32.5243,2,297.0,2,61.5,2,1.032,2,,2
51.0,2,7.1302,2,32.5245,2,297.0,2,61.6,2,1.001,2,,2
52.0,2,7.1302,2,32.5246,2,297.0,2,61.6,2,1.014,2,,2
53.0,2,7.1302,2,32.5246,2,296.9,2,61.5,2,0.9990000000000001,2,,2
54.0,2,7.1298,2,32.5248,2,296.8,2,61.6,2,1.002,2,,2
55.0,2,7.1295,2,32.525,2,296.8,2,61.6,2,1.0090000000000001,2,,2
56.0,2,7.1295,2,32.525,2,296.9,2,61.6,2,1.016,2,,2
57.0,2,7.1297,2,32.5247,2,296.9,2,61.5,2,1.022,2,,2
58.0,2,7.1295,2,32.525,2,297.0,2,61.6,2,1.016,2,,2
59.0,2,7.1295,2,32.5249,2,297.0,2,61.6,2,1.0070000000000001,2,,2
60.0,2,7.1292,2,32.5248,2,297.0,2,61.6,2,1.018,2,,2
61.1,2,7.1289,2,32.5249,2,297.0,2,61.7,2,1.004,2,,2
61.9,2,7.1283,2,32.5249,2,296.9,2,61.7,2,1.001,2,,2
63.0,2,7.1285,2,32.5254,2,296.9,2,61.7,2,1.013,2,,2
64.0,2,7.1282,2,32.5257,2,296.7,2,61.7,2,1.008,2,,2
65.0,2,7.1267,2,32.5261,2,296.7,2,61.7,2,1.008,2,,2
66.0,2,7.1243,2,32.5268,2,296.6,2,61.8,2,1.0,2,,2
67.0,2,7.1213,2,32.5294,2,296.5,2,61.8,2,1.046,2,,2
68.0,2,7.1197,2,32.5313,2,296.4,2,61.9,2,1.005,2,,2
69.0,2,7.1192,2,32.532,2,296.3,2,61.9,2,0.987,2,,2
70.0,2,7.1139,2,32.5373,2,296.3,2,62.0,2,0.935,2,,2
71.1,2,7.0812,2,32.565,2,296.2,2,62.6,2,0.836,2,,2
71.6,2,7.0741,2,32.5692,2,296.1,2,62.7,2,0.785,2,,2
73.0,2,7.0654,2,32.5783,2,293.3,2,62.1,2,0.69,2,,2
73.9,2,7.0464,2,32.6003,2,292.1,2,62.8,2,0.591,2,,2
75.0,2,7.0059,2,32.6464,2,291.1,2,63.2,2,0.531,2,,2
76.0,2,6.9885,2,32.6662,2,290.2,2,63.3,2,0.484,2,,2
77.0,2,6.9717,2,32.6894,2,289.2,2,63.4,2,0.43,2,,2
78.0,2,6.9432,2,32.7263,2,287.8,2,63.5,2,0.37799999999999995,2,,2
79.0,2,6.9336,2,32.7373,2,286.0,2,63.6,2,0.349,2,,2
80.0,2,6.9196,2,32.754,2,284.4,2,63.6,2,0.33899999999999997,2,,2
81.0,2,6.8921,2,32.7883,2,283.4,2,63.7,2,0.297,2,,2
82.0,2,6.8601,2,32.825,2,282.4,2,63.7,2,0.266,2,,2
82.9,2,6.8522,2,32.8341,2,280.9,2,63.8,2,0.253,2,,2
83.9,2,6.8133,2,32.8807,2,273.3,2,63.9,2,0.225,2,,2
85.0,2,6.7631,2,32.94,2,268.6,2,63.9,2,0.193,2,,2
86.0,2,6.706,2,33.0061,2,265.5,2,64.1,2,0.172,2,,2
87.0,2,6.608,2,33.1168,2,263.2,2,64.2,2,0.141,2,,2
88.0,2,6.4601,2,33.1884,2,261.4,2,64.2,2,0.106,2,,2
89.0,2,6.4585,2,33.2245,2,259.0,2,64.3,2,0.086,2,,2
90.0,2,6.4713,2,33.2356,2,256.8,2,64.3,2,0.084,2,,2
91.0,2,6.473,2,33.2431,2,254.9,2,64.3,2,0.073,2,,2
92.0,2,6.4662,2,33.2541,2,253.3,2,64.4,2,0.065,2,,2
93.0,2,6.4604,2,33.260999999999996,2,252.0,2,64.4,2,0.057,2,,2
94.0,2,6.4587,2,33.2636,2,250.7,2,64.4,2,0.055999999999999994,2,,2
95.1,2,6.4494,2,33.2739,2,248.7,2,64.4,2,0.057,2,,2
95.9,2,6.4369,2,33.3029,2,244.4,2,64.4,2,0.049,2,,2
97.0,2,6.4229,2,33.3453,2,241.2,2,64.4,2,0.049,2,,2
98.0,2,6.4141,2,33.378,2,239.1,2,64.4,2,0.038,2,,2
99.0,2,6.4072,2,33.3934,2,237.4,2,64.4,2,0.043,2,,2
100.0,2,6.3907,2,33.4149,2,236.0,2,64.4,2,0.038,2,,2
101.0,2,6.4022,2,33.4438,2,234.8,2,64.4,2,0.042,2,,2
102.0,2,6.416,2,33.4618,2,233.9,2,64.4,2,0.040999999999999995,2,,2
103.0,2,6.4196,2,33.466,2,233.5,2,64.4,2,0.040999999999999995,2,,2
104.0,2,6.4302,2,33.4744,2,233.6,2,64.4,2,0.037000000000000005,2,,2
104.9,2,6.4386,2,33.4878,2,234.3,2,64.4,2,0.037000000000000005,2,,2
107.1,2,6.4161,2,33.5591,2,222.9,2,64.4,2,0.027999999999999997,2,,2
108.0,2,6.3951,2,33.6031,2,220.8,2,64.4,2,0.028999999999999998,2,,2
109.0,2,6.3955,2,33.6123,2,218.9,2,64.4,2,0.040999999999999995,2,,2
110.0,2,6.3947,2,33.6153,2,217.2,2,64.4,2,0.031,2,,2
111.0,2,6.3939,2,33.6174,2,215.6,2,64.4,2,0.03,2,,2
112.0,2,6.39,2,33.6239,2,213.9,2,64.4,2,0.028999999999999998,2,,2
113.0,2,6.3868,2,33.64,2,211.9,2,64.4,2,0.034,2,,2
114.0,2,6.3928,2,33.6587,2,209.8,2,64.4,2,0.035,2,,2
115.0,2,6.403,2,33.6726,2,208.4,2,64.4,2,0.031,2,,2
116.0,2,6.4205,2,33.6941,2,207.7,2,64.4,2,0.028999999999999998,2,,2
117.0,2,6.4233,2,33.6973,2,207.1,2,64.4,2,0.024,2,,2
118.2,2,6.4231,2,33.6986,2,203.8,2,64.4,2,0.024,2,,2
119.0,2,6.4168,2,33.7176,2,202.8,2,64.4,2,0.024,2,,2
120.0,2,6.4127,2,33.7257,2,201.9,2,64.4,2,0.024,2,,2
121.0,2,6.412000000000001,2,33.7339,2,200.7,2,64.4,2,0.024,2,,2
122.0,2,6.4141,2,33.7389,2,198.9,2,64.4,2,0.024,2,,2
123.0,2,6.4128,2,33.7559,2,196.9,2,64.4,2,0.022000000000000002,2,,2
124.0,2,6.3934,2,33.7701,2,195.8,2,64.4,2,0.028999999999999998,2,,2
125.0,2,6.3579,2,33.7777,2,195.3,2,64.4,2,0.024,2,,2
126.0,2,6.3472,2,33.7875,2,194.9,2,64.4,2,0.024,2,,2
127.0,2,6.3428,2,33.7944,2,194.8,2,64.4,2,0.024,2,,2
127.8,2,6.3525,2,33.8001,2,194.7,2,64.4,2,0.024,2,,2
129.3,2,6.351,2,33.8059,2,191.3,2,64.4,2,0.024,2,,2
130.0,2,6.3458,2,33.8068,2,190.8,2,64.4,2,0.024,2,,2
131.0,2,6.3362,2,33.8078,2,190.2,2,64.4,2,0.024,2,,2
132.0,2,6.3278,2,33.8081,2,189.5,2,64.3,2,0.024,2,,2
133.0,2,6.3247,2,33.8085,2,188.6,2,64.4,2,0.025,2,,2
134.0,2,6.3238,2,33.8092,2,187.9,2,64.4,2,0.022000000000000002,2,,2
135.0,2,6.3092,2,33.8099,2,187.4,2,64.4,2,0.024,2,,2
136.0,2,6.2799,2,33.8135,2,187.1,2,64.4,2,0.021,2,,2
137.0,2,6.2532,2,33.8127,2,186.6,2,64.4,2,0.021,2,,2
138.0,2,6.2288,2,33.8111,2,186.2,2,64.4,2,0.019,2,,2
138.8,2,6.1987,2,33.813,2,185.7,2,64.4,2,0.021,2,,2
139.9,2,6.156000000000001,2,33.8155,2,183.9,2,64.4,2,0.018000000000000002,2,,2
141.0,2,6.1282,2,33.8165,2,182.9,2,64.4,2,0.019,2,,2
142.0,2,6.1028,2,33.8164,2,182.1,2,64.4,2,0.018000000000000002,2,,2
143.0,2,6.0812,2,33.816,2,181.2,2,64.4,2,0.021,2,,2
144.0,2,6.0717,2,33.816,2,180.7,2,64.4,2,0.017,2,,2
145.0,2,6.062,2,33.8161,2,180.5,2,64.4,2,0.012,2,,2
146.0,2,6.0505,2,33.8167,2,180.4,2,64.4,2,0.013999999999999999,2,,2
147.0,2,6.0359,2,33.8164,2,180.6,2,64.4,2,0.021,2,,2
148.0,2,6.029,2,33.8159,2,180.6,2,64.4,2,0.019,2,,2
149.0,2,6.0224,2,33.8152,2,180.6,2,64.4,2,0.019,2,,2
149.8,2,6.0188,2,33.815,2,180.5,2,64.3,2,0.012,2,,2
153.1,2,5.9283,2,33.819,2,176.4,2,64.3,2,0.012,2,,2
154.0,2,5.8811,2,33.8182,2,176.4,2,64.3,2,0.012,2,,2
155.0,2,5.8457,2,33.8156,2,176.4,2,64.3,2,0.028999999999999998,2,,2
156.0,2,5.8073,2,33.8122,2,176.5,2,64.3,2,0.024,2,,2
157.0,2,5.8047,2,33.8099,2,176.4,2,64.2,2,0.012,2,,2
158.0,2,5.8032,2,33.8091,2,176.4,2,64.3,2,0.012,2,,2
158.9,2,5.8,2,33.8085,2,176.5,2,64.3,2,0.021,2,,2
162.2,2,5.7638,2,33.8129,2,172.4,2,64.3,2,0.024,2,,2
163.0,2,5.7333,2,33.8116,2,172.1,2,64.3,2,0.021,2,,2
164.0,2,5.7219,2,33.8088,2,171.7,2,64.3,2,0.012,2,,2
165.0,2,5.7152,2,33.8078,2,171.3,2,64.3,2,0.013999999999999999,2,,2
166.0,2,5.7010000000000005,2,33.8078,2,170.9,2,64.3,2,0.024,2,,2
167.0,2,5.6883,2,33.8074,2,170.8,2,64.3,2,0.024,2,,2
168.0,2,5.6715,2,33.8072,2,170.5,2,64.3,2,0.013000000000000001,2,,2
169.0,2,5.6621,2,33.8074,2,170.5,2,64.2,2,0.015,2,,2
170.1,2,5.6547,2,33.8077,2,170.9,2,64.3,2,0.012,2,,2
170.5,2,5.6521,2,33.8075,2,171.1,2,64.2,2,0.012,2,,2
173.3,2,5.5948,2,33.8148,2,166.9,2,64.2,2,0.012,2,,2
174.0,2,5.5867,2,33.8144,2,166.6,2,64.2,2,0.02,2,,2
175.0,2,5.577999999999999,2,33.8143,2,166.0,2,64.2,2,0.022000000000000002,2,,2
176.0,2,5.5648,2,33.8144,2,165.7,2,64.2,2,0.024,2,,2
177.0,2,5.5498,2,33.8138,2,165.4,2,64.2,2,0.024,2,,2
178.0,2,5.5389,2,33.8133,2,165.2,2,64.2,2,0.024,2,,2
179.0,2,5.5362,2,33.8128,2,164.9,2,64.2,2,0.024,2,,2
180.0,2,5.534,2,33.8126,2,164.9,2,64.2,2,0.024,2,,2
180.8,2,5.5318,2,33.8126,2,165.1,2,64.2,2,0.023,2,,2
183.1,2,5.5152,2,33.815,2,161.7,2,64.2,2,0.013999999999999999,2,,2
184.0,2,5.492000000000001,2,33.8167,2,160.7,2,64.2,2,0.018000000000000002,2,,2
185.0,2,5.4774,2,33.8174,2,159.9,2,64.2,2,0.017,2,,2
186.0,2,5.4704,2,33.8219,2,159.4,2,64.2,2,0.012,2,,2
187.0,2,5.4521,2,33.8221,2,159.1,2,64.2,2,0.012,2,,2
188.0,2,5.4154,2,33.8204,2,158.9,2,64.2,2,0.012,2,,2
189.0,2,5.3808,2,33.8162,2,158.8,2,64.2,2,0.023,2,,2
190.0,2,5.3765,2,33.815,2,158.7,2,64.2,2,0.012,2,,2
191.0,2,5.3657,2,33.8141,2,158.6,2,64.2,2,0.018000000000000002,2,,2
191.7,2,5.3585,2,33.8132,2,158.6,2,64.2,2,0.012,2,,2
194.5,2,5.3381,2,33.8145,2,155.9,2,64.2,2,0.012,2,,2
195.0,2,5.3321,2,33.8145,2,155.6,2,64.2,2,0.016,2,,2
196.0,2,5.3321,2,33.8148,2,155.2,2,64.2,2,0.017,2,,2
197.0,2,5.334,2,33.8156,2,154.8,2,64.2,2,0.017,2,,2
198.0,2,5.3397,2,33.8173,2,154.5,2,64.2,2,0.02,2,,2
199.0,2,5.3431,2,33.8187,2,154.1,2,64.2,2,0.015,2,,2
200.0,2,5.3383,2,33.8217,2,153.8,2,64.2,2,0.018000000000000002,2,,2
201.0,2,5.3276,2,33.8212,2,153.4,2,64.2,2,0.022000000000000002,2,,2
202.0,2,5.3248,2,33.821,2,152.9,2,64.2,2,0.013999999999999999,2,,2
203.0,2,5.3213,2,33.821,2,152.1,2,64.2,2,0.02,2,,2
204.0,2,5.3083,2,33.8219,2,151.3,2,64.2,2,0.024,2,,2
205.0,2,5.2706,2,33.8215,2,150.8,2,64.2,2,0.015,2,,2
206.0,2,5.2489,2,33.8204,2,150.1,2,64.2,2,0.02,2,,2
207.0,2,5.2359,2,33.8198,2,149.3,2,64.2,2,0.017,2,,2
208.0,2,5.2319,2,33.8199,2,148.7,2,64.2,2,0.024,2,,2
209.0,2,5.2252,2,33.8202,2,148.2,2,64.2,2,0.024,2,,2
210.0,2,5.2096,2,33.8205,2,147.8,2,64.2,2,0.013999999999999999,2,,2
211.0,2,5.1895,2,33.8207,2,147.6,2,64.2,2,0.024,2,,2
212.0,2,5.1826,2,33.8199,2,147.4,2,64.2,2,0.022000000000000002,2,,2
213.0,2,5.1605,2,33.8206,2,147.4,2,64.2,2,0.024,2,,2
214.0,2,5.1398,2,33.8189,2,147.4,2,64.2,2,0.024,2,,2
215.0,2,5.1327,2,33.8186,2,147.4,2,64.2,2,0.024,2,,2
215.9,2,5.1319,2,33.8184,2,147.4,2,64.2,2,0.013999999999999999,2,,2
219.0,2,5.1086,2,33.8206,2,144.6,2,64.2,2,0.018000000000000002,2,,2
220.0,2,5.0923,2,33.8202,2,144.3,2,64.2,2,0.023,2,,2
221.0,2,5.0859,2,33.8189,2,144.0,2,64.2,2,0.012,2,,2
222.0,2,5.065,2,33.819,2,143.6,2,64.2,2,0.013000000000000001,2,,2
223.0,2,5.0437,2,33.8164,2,143.3,2,64.2,2,0.024,2,,2
224.1,2,5.0425,2,33.8174,2,142.9,2,64.2,2,0.022000000000000002,2,,2
224.9,2,5.0487,2,33.82,2,142.3,2,64.2,2,0.024,2,,2
226.0,2,5.0546,2,33.8216,2,141.0,2,64.2,2,0.024,2,,2
227.0,2,5.0569999999999995,2,33.826,2,140.3,2,64.2,2,0.015,2,,2
228.0,2,5.0533,2,33.8264,2,139.5,2,64.2,2,0.023,2,,2
228.9,2,5.0498,2,33.8267,2,138.7,2,64.2,2,0.024,2,,2
230.0,2,5.0105,2,33.8265,2,138.3,2,64.2,2,0.024,2,,2
231.0,2,4.9943,2,33.8244,2,138.1,2,64.2,2,0.024,2,,2
232.0,2,4.9845,2,33.8241,2,138.0,2,64.2,2,0.024,2,,2
233.0,2,4.9754,2,33.8232,2,137.9,2,64.2,2,0.024,2,,2
234.0,2,4.9532,2,33.8226,2,137.8,2,64.2,2,0.02,2,,2
234.9,2,4.9342,2,33.8208,2,137.7,2,64.2,2,0.024,2,,2
237.1,2,4.9033,2,33.8204,2,135.7,2,64.2,2,0.024,2,,2
238.0,2,4.882,2,33.8194,2,135.2,2,64.2,2,0.023,2,,2
239.0,2,4.8511,2,33.8173,2,134.7,2,64.1,2,0.024,2,,2
240.0,2,4.8317,2,33.815,2,134.2,2,64.1,2,0.024,2,,2
241.0,2,4.8471,2,33.8181,2,133.6,2,64.1,2,0.016,2,,2
242.0,2,4.8692,2,33.8246,2,132.7,2,64.2,2,0.023,2,,2
243.0,2,4.8608,2,33.8258,2,131.9,2,64.2,2,0.019,2,,2
244.0,2,4.8356,2,33.8255,2,131.1,2,64.2,2,0.021,2,,2
245.0,2,4.7829,2,33.8211,2,130.6,2,64.2,2,0.019,2,,2
246.0,2,4.7416,2,33.816,2,130.4,2,64.1,2,0.018000000000000002,2,,2
247.0,2,4.7436,2,33.8167,2,130.0,2,64.1,2,0.021,2,,2
248.4,2,4.7534,2,33.8174,2,128.8,2,64.1,2,0.024,2,,2
248.9,2,4.7518,2,33.8204,2,128.3,2,64.1,2,0.024,2,,2
250.0,2,4.7182,2,33.8203,2,127.8,2,64.1,2,0.023,2,,2
251.0,2,4.6961,2,33.8181,2,127.2,2,64.1,2,0.013000000000000001,2,,2
252.0,2,4.6872,2,33.8193,2,126.9,2,64.1,2,0.023,2,,2
253.0,2,4.6854,2,33.8201,2,126.5,2,64.1,2,0.016,2,,2
254.0,2,4.683,2,33.8211,2,126.3,2,63.9,2,0.024,2,,2
255.0,2,4.6803,2,33.8216,2,126.1,2,64.1,2,0.021,2,,2
255.9,2,4.6752,2,33.8225,2,126.4,2,64.1,2,0.013000000000000001,2,,2
257.1,2,4.6693,2,33.8256,2,123.9,2,64.1,2,0.012,2,,2
258.3,2,4.6381,2,33.8274,2,122.6,2,63.4,2,0.018000000000000002,2,,2
259.0,2,4.6251,2,33.8283,2,122.1,2,64.1,2,0.021,2,,2
260.0,2,4.5984,2,33.8279,2,121.5,2,64.2,2,0.024,2,,2
261.0,2,4.5931,2,33.8278,2,120.9,2,64.1,2,0.024,2,,2
262.0,2,4.5901,2,33.8284,2,120.4,2,64.1,2,0.024,2,,2
263.0,2,4.5829,2,33.8291,2,120.0,2,64.2,2,0.023,2,,2
264.0,2,4.5768,2,33.8297,2,119.6,2,64.2,2,0.02,2,,2
265.0,2,4.5731,2,33.8299,2,119.3,2,64.2,2,0.019,2,,2
266.0,2,4.5699,2,33.8301,2,119.3,2,64.2,2,0.024,2,,2
266.9,2,4.566,2,33.8308,2,119.2,2,64.0,2,0.013999999999999999,2,,2
270.1,2,4.5571,2,33.8341,2,116.0,2,64.2,2,0.024,2,,2
271.0,2,4.5504,2,33.8345,2,115.3,2,64.2,2,0.024,2,,2
272.0,2,4.5401,2,33.8361,2,114.7,2,64.2,2,0.024,2,,2
273.0,2,4.5317,2,33.8376,2,113.9,2,64.2,2,0.024,2,,2
274.0,2,4.5247,2,33.8389,2,113.3,2,64.2,2,0.023,2,,2
275.0,2,4.5218,2,33.8405,2,112.5,2,64.2,2,0.02,2,,2
276.0,2,4.5264,2,33.842,2,112.1,2,64.2,2,0.024,2,,2
277.0,2,4.5241,2,33.8449,2,111.9,2,64.2,2,0.023,2,,2
277.6,2,4.525,2,33.8468,2,111.7,2,64.2,2,0.012,2,,2
280.1,2,4.5003,2,33.8483,2,109.4,2,64.2,2,0.022000000000000002,2,,2
281.0,2,4.4995,2,33.8481,2,108.7,2,64.2,2,0.024,2,,2
282.0,2,4.494,2,33.8476,2,108.2,2,64.2,2,0.015,2,,2
283.0,2,4.4858,2,33.8474,2,107.7,2,64.2,2,0.022000000000000002,2,,2
284.0,2,4.4801,2,33.8466,2,107.3,2,64.2,2,0.019,2,,2
285.0,2,4.4776,2,33.8475,2,106.9,2,64.2,2,0.022000000000000002,2,,2
286.0,2,4.4722,2,33.8487,2,106.7,2,64.2,2,0.024,2,,2
287.0,2,4.4677,2,33.8496,2,106.5,2,64.2,2,0.024,2,,2
288.0,2,4.4645,2,33.8505,2,106.4,2,64.2,2,0.02,2,,2
289.3,2,4.4586,2,33.8528,2,104.7,2,64.2,2,0.024,2,,2
290.0,2,4.4538,2,33.853,2,104.2,2,64.2,2,0.022000000000000002,2,,2
291.0,2,4.4477,2,33.8538,2,103.6,2,64.2,2,0.023,2,,2
292.0,2,4.4403,2,33.8544,2,103.1,2,64.2,2,0.024,2,,2
293.0,2,4.4346,2,33.8546,2,102.5,2,64.2,2,0.024,2,,2
294.0,2,4.4292,2,33.8565,2,101.9,2,64.2,2,0.024,2,,2
295.0,2,4.4234,2,33.8586,2,101.3,2,64.2,2,0.024,2,,2
296.0,2,4.4294,2,33.8614,2,100.7,2,64.2,2,0.02,2,,2
297.0,2,4.418,2,33.8614,2,100.3,2,64.2,2,0.02,2,,2
298.0,2,4.4132,2,33.8608,2,100.1,2,64.2,2,0.024,2,,2
299.0,2,4.4263,2,33.8638,2,99.9,2,64.3,2,0.019,2,,2
299.9,2,4.4289,2,33.8653,2,99.8,2,64.3,2,0.024,2,,2
301.1,2,4.4277,2,33.8652,2,98.6,2,64.2,2,0.024,2,,2
302.0,2,4.4257,2,33.866,2,98.3,2,64.3,2,0.024,2,,2
303.0,2,4.4267,2,33.8671,2,98.0,2,63.9,2,0.024,2,,2
304.0,2,4.4149,2,33.8677,2,97.7,2,64.1,2,0.024,2,,2
305.0,2,4.4087,2,33.867,2,97.5,2,64.2,2,0.019,2,,2
306.0,2,4.4045,2,33.8668,2,97.1,2,64.3,2,0.024,2,,2
307.0,2,4.3834,2,33.866,2,96.7,2,64.3,2,0.02,2,,2
308.0,2,4.3812,2,33.8661,2,96.1,2,64.3,2,0.024,2,,2
309.0,2,4.3866,2,33.8716,2,95.7,2,64.2,2,0.024,2,,2
310.0,2,4.381,2,33.8715,2,95.2,2,64.3,2,0.024,2,,2
311.0,2,4.3841,2,33.8728,2,94.7,2,64.2,2,0.024,2,,2
312.0,2,4.3762,2,33.874,2,94.1,2,64.3,2,0.024,2,,2
313.0,2,4.3406,2,33.8718,2,93.5,2,64.4,2,0.022000000000000002,2,,2
314.0,2,4.3164,2,33.8701,2,92.8,2,64.3,2,0.021,2,,2
315.0,2,4.3115,2,33.8718,2,92.2,2,64.4,2,0.024,2,,2
316.0,2,4.3062,2,33.8724,2,91.9,2,64.4,2,0.025,2,,2
317.0,2,4.3045,2,33.8726,2,91.2,2,64.4,2,0.024,2,,2
318.0,2,4.3023,2,33.8737,2,90.6,2,64.4,2,0.024,2,,2
318.9,2,4.3012,2,33.8758,2,90.0,2,64.4,2,0.023,2,,2
320.0,2,4.2955,2,33.8778,2,89.5,2,64.4,2,0.023,2,,2
321.0,2,4.2951,2,33.8779,2,89.0,2,64.4,2,0.024,2,,2
322.0,2,4.2959,2,33.8797,2,88.7,2,64.4,2,0.024,2,,2
323.0,2,4.2942,2,33.8837,2,88.4,2,64.4,2,0.024,2,,2
324.0,2,4.2927,2,33.8852,2,88.2,2,64.4,2,0.024,2,,2
324.9,2,4.292,2,33.8856,2,88.2,2,64.4,2,0.024,2,,2
326.2,2,4.293,2,33.8853,2,87.2,2,64.4,2,0.024,2,,2
327.0,2,4.2931,2,33.8852,2,86.9,2,64.4,2,0.024,2,,2
328.0,2,4.2926,2,33.8862,2,86.5,2,64.0,2,0.024,2,,2
329.0,2,4.2927,2,33.8868,2,86.2,2,64.4,2,0.024,2,,2
330.0,2,4.2933,2,33.888000000000005,2,86.0,2,64.4,2,0.024,2,,2
331.0,2,4.2951,2,33.8895,2,85.9,2,64.3,2,0.024,2,,2
332.0,2,4.2963,2,33.8909,2,85.8,2,64.4,2,0.013000000000000001,2,,2
333.0,2,4.2961,2,33.8916,2,85.8,2,64.3,2,0.024,2,,2
334.0,2,4.2956,2,33.8919,2,85.6,2,64.4,2,0.013000000000000001,2,,2
335.1,2,4.295,2,33.8927,2,85.6,2,64.3,2,0.02,2,,2
335.6,2,4.2947,2,33.8936,2,85.5,2,64.3,2,0.024,2,,2
337.1,2,4.2906,2,33.8946,2,83.9,2,64.2,2,0.024,2,,2
338.0,2,4.2897,2,33.8963,2,82.9,2,64.4,2,0.025,2,,2
339.0,2,4.2908,2,33.8977,2,82.0,2,64.4,2,0.026000000000000002,2,,2
340.0,2,4.2909,2,33.8989,2,81.4,2,64.4,2,0.024,2,,2
341.0,2,4.2899,2,33.9009,2,80.9,2,64.4,2,0.024,2,,2
342.0,2,4.2923,2,33.9029,2,80.6,2,64.4,2,0.022000000000000002,2,,2
343.0,2,4.2891,2,33.904,2,80.2,2,64.4,2,0.022000000000000002,2,,2
344.0,2,4.2859,2,33.9054,2,79.9,2,64.4,2,0.024,2,,2
345.0,2,4.2837,2,33.9059,2,79.7,2,64.3,2,0.024,2,,2
346.0,2,4.28,2,33.9067,2,79.6,2,64.2,2,0.021,2,,2
347.0,2,4.2733,2,33.9075,2,79.4,2,64.4,2,0.024,2,,2
348.0,2,4.2736,2,33.9087,2,79.4,2,64.4,2,0.018000000000000002,2,,2
351.2,2,4.2589,2,33.9175,2,76.6,2,64.4,2,0.024,2,,2
352.0,2,4.2532,2,33.9188,2,76.2,2,64.4,2,0.024,2,,2
353.0,2,4.2507,2,33.9206,2,75.8,2,64.4,2,0.024,2,,2
354.0,2,4.2501,2,33.9224,2,75.5,2,64.4,2,0.024,2,,2
355.0,2,4.2457,2,33.9243,2,75.2,2,64.4,2,0.024,2,,2
356.0,2,4.2417,2,33.9256,2,75.1,2,64.4,2,0.024,2,,2
357.0,2,4.2406,2,33.9267,2,74.9,2,64.4,2,0.024,2,,2
358.0,2,4.2384,2,33.9274,2,74.8,2,64.4,2,0.024,2,,2
358.7,2,4.2367,2,33.9273,2,74.7,2,64.4,2,0.024,2,,2
362.2,2,4.2252,2,33.9339,2,72.4,2,64.4,2,0.024,2,,2
363.0,2,4.2206,2,33.9363,2,72.1,2,64.5,2,0.024,2,,2
364.0,2,4.2206,2,33.9373,2,71.7,2,64.4,2,0.024,2,,2
365.0,2,4.2238,2,33.9385,2,71.5,2,64.4,2,0.024,2,,2
366.0,2,4.2235,2,33.9404,2,71.1,2,64.4,2,0.024,2,,2
367.0,2,4.2237,2,33.9425,2,70.9,2,64.4,2,0.024,2,,2
368.0,2,4.2284,2,33.9443,2,70.7,2,64.4,2,0.019,2,,2
369.0,2,4.2322,2,33.9475,2,70.6,2,64.4,2,0.024,2,,2
370.0,2,4.2319,2,33.9521,2,70.6,2,64.4,2,0.024,2,,2
373.3,2,4.2396,2,33.9542,2,68.9,2,64.4,2,0.024,2,,2
374.0,2,4.2448,2,33.9567,2,68.8,2,64.3,2,0.024,2,,2
375.0,2,4.2346,2,33.9599,2,68.5,2,64.2,2,0.024,2,,2
376.0,2,4.2271,2,33.9589,2,68.4,2,64.4,2,0.023,2,,2
377.0,2,4.2325,2,33.9598,2,68.2,2,64.4,2,0.022000000000000002,2,,2
378.0,2,4.2495,2,33.9617,2,67.9,2,64.4,2,0.024,2,,2
379.0,2,4.251,2,33.965,2,67.8,2,64.4,2,0.024,2,,2
380.0,2,4.2426,2,33.9654,2,67.7,2,64.4,2,0.024,2,,2
381.0,2,4.2373,2,33.965,2,67.7,2,64.5,2,0.024,2,,2
382.0,2,4.2484,2,33.9672,2,67.6,2,64.4,2,0.024,2,,2
382.6,2,4.2456,2,33.9686,2,67.6,2,64.4,2,0.024,2,,2
386.0,2,4.2385,2,33.9739,2,65.8,2,64.4,2,0.024,2,,2
387.0,2,4.2356,2,33.9746,2,65.6,2,64.4,2,0.021,2,,2
388.0,2,4.2327,2,33.9752,2,65.3,2,64.4,2,0.024,2,,2
389.0,2,4.2333,2,33.976,2,65.2,2,64.4,2,0.024,2,,2
390.0,2,4.2306,2,33.9759,2,65.0,2,64.4,2,0.024,2,,2
391.0,2,4.2319,2,33.9769,2,64.9,2,64.4,2,0.024,2,,2
392.0,2,4.2286,2,33.9782,2,64.7,2,64.4,2,0.024,2,,2
393.0,2,4.2259,2,33.9786,2,64.7,2,63.9,2,0.024,2,,2
393.5,2,4.225,2,33.9785,2,64.7,2,64.4,2,0.024,2,,2
396.2,2,4.22,2,33.9808,2,63.2,2,64.4,2,0.024,2,,2
397.0,2,4.2087,2,33.981,2,63.0,2,64.4,2,0.024,2,,2
398.0,2,4.2032,2,33.9818,2,62.8,2,64.5,2,0.024,2,,2
399.0,2,4.206,2,33.9824,2,62.7,2,64.4,2,0.018000000000000002,2,,2
400.0,2,4.207,2,33.9836,2,62.5,2,64.4,2,0.012,2,,2
401.0,2,4.2071,2,33.9841,2,62.3,2,64.4,2,0.023,2,,2
402.0,2,4.2071,2,33.9847,2,62.2,2,64.4,2,0.024,2,,2
402.6,2,4.2067,2,33.9854,2,62.2,2,64.5,2,0.024,2,,2
405.3,2,4.2135,2,33.9897,2,61.1,2,64.4,2,0.021,2,,2
406.0,2,4.2154,2,33.9918,2,60.7,2,64.4,2,0.024,2,,2
407.0,2,4.216,2,33.9929,2,60.4,2,64.4,2,0.024,2,,2
408.0,2,4.2152,2,33.9936,2,60.2,2,64.4,2,0.024,2,,2
409.0,2,4.2146,2,33.9947,2,60.0,2,64.4,2,0.024,2,,2
410.0,2,4.2138,2,33.9952,2,59.8,2,64.3,2,0.02,2,,2
411.0,2,4.2082,2,33.9969,2,59.4,2,64.3,2,0.024,2,,2
412.0,2,4.1991,2,33.9984,2,59.1,2,64.4,2,0.024,2,,2
413.0,2,4.1972,2,34.0,2,58.7,2,64.4,2,0.024,2,,2
414.0,2,4.1971,2,34.0011,2,58.3,2,64.3,2,0.024,2,,2
415.0,2,4.1936,2,34.0031,2,57.9,2,64.4,2,0.027999999999999997,2,,2
416.0,2,4.1887,2,34.0043,2,57.5,2,64.4,2,0.024,2,,2
417.0,2,4.1828,2,34.0055,2,57.3,2,64.4,2,0.024,2,,2
418.0,2,4.1811,2,34.0057,2,57.0,2,64.4,2,0.024,2,,2
419.0,2,4.1796,2,34.0064,2,56.7,2,64.4,2,0.024,2,,2
420.0,2,4.1785,2,34.0072,2,56.5,2,64.4,2,0.024,2,,2
421.0,2,4.1768,2,34.0084,2,56.2,2,64.4,2,0.024,2,,2
422.0,2,4.1753,2,34.0093,2,56.0,2,64.4,2,0.024,2,,2
423.0,2,4.1731,2,34.0103,2,55.8,2,64.4,2,0.024,2,,2
424.0,2,4.1706,2,34.0114,2,55.6,2,64.4,2,0.024,2,,2
425.0,2,4.1698,2,34.0114,2,55.6,2,64.4,2,0.024,2,,2
426.0,2,4.1693,2,34.0116,2,55.5,2,64.4,2,0.024,2,,2
426.7,2,4.167,2,34.0123,2,55.5,2,64.4,2,0.024,2,,2
428.1,2,4.1645,2,34.0132,2,54.8,2,64.4,2,0.024,2,,2
428.9,2,4.1609,2,34.0138,2,54.5,2,64.4,2,0.022000000000000002,2,,2
430.0,2,4.1578,2,34.0155,2,54.5,2,64.4,2,0.024,2,,2
431.0,2,4.1545,2,34.0165,2,54.4,2,64.4,2,0.024,2,,2
432.0,2,4.1522,2,34.0175,2,54.2,2,64.4,2,0.024,2,,2
432.8,2,4.1505,2,34.0185,2,54.1,2,64.4,2,0.024,2,,2
434.1,2,4.1494,2,34.0197,2,53.5,2,64.4,2,0.024,2,,2
435.0,2,4.1484,2,34.0207,2,53.2,2,64.4,2,0.024,2,,2
436.0,2,4.1478,2,34.0212,2,53.2,2,64.4,2,0.024,2,,2
437.1,2,4.1462,2,34.022,2,53.1,2,64.4,2,0.024,2,,2
437.6,2,4.1458,2,34.0222,2,53.0,2,64.4,2,0.024,2,,2
439.0,2,4.1441,2,34.0237,2,52.2,2,64.4,2,0.024,2,,2
440.0,2,4.1415,2,34.0255,2,52.0,2,64.4,2,0.024,2,,2
441.0,2,4.1404,2,34.0263,2,51.8,2,64.4,2,0.024,2,,2
442.0,2,4.1396,2,34.0272,2,51.7,2,64.4,2,0.024,2,,2
443.0,2,4.1384,2,34.0282,2,51.5,2,64.4,2,0.024,2,,2
444.0,2,4.1377,2,34.0291,2,51.2,2,64.4,2,0.024,2,,2
445.0,2,4.1372,2,34.0296,2,51.1,2,64.4,2,0.024,2,,2
446.0,2,4.137,2,34.0306,2,51.0,2,64.4,2,0.024,2,,2
447.0,2,4.1378,2,34.0337,2,50.9,2,64.4,2,0.024,2,,2
447.7,2,4.1378,2,34.0357,2,50.9,2,64.4,2,0.024,2,,2
451.2,2,4.1337,2,34.0405,2,49.3,2,64.4,2,0.024,2,,2
452.0,2,4.1299,2,34.0423,2,49.0,2,64.4,2,0.024,2,,2
453.0,2,4.127,2,34.0446,2,48.8,2,64.4,2,0.024,2,,2
454.0,2,4.1268,2,34.0451,2,48.6,2,64.4,2,0.024,2,,2
455.0,2,4.1249,2,34.0463,2,48.4,2,64.4,2,0.024,2,,2
456.0,2,4.1214,2,34.0473,2,48.4,2,64.4,2,0.024,2,,2
457.0,2,4.1203,2,34.0481,2,48.2,2,64.4,2,0.024,2,,2
457.8,2,4.1188,2,34.0485,2,48.4,2,64.4,2,0.024,2,,2
461.2,2,4.1192,2,34.0491,2,46.5,2,64.4,2,0.024,2,,2
462.0,2,4.1178,2,34.0505,2,46.5,2,64.4,2,0.024,2,,2
463.0,2,4.1175,2,34.0511,2,46.3,2,64.4,2,0.024,2,,2
464.0,2,4.1142,2,34.0527,2,46.2,2,64.4,2,0.024,2,,2
465.0,2,4.1105,2,34.054,2,46.2,2,64.4,2,0.024,2,,2
466.0,2,4.1111,2,34.054,2,46.0,2,64.4,2,0.024,2,,2
467.0,2,4.1076,2,34.0553,2,46.0,2,64.4,2,0.024,2,,2
467.7,2,4.0978,2,34.056,2,46.0,2,64.4,2,0.024,2,,2
470.2,2,4.0996,2,34.0568,2,44.8,2,64.4,2,0.024,2,,2
471.0,2,4.0974,2,34.0583,2,44.5,2,64.4,2,0.024,2,,2
472.0,2,4.0932,2,34.0598,2,44.2,2,64.4,2,0.024,2,,2
473.0,2,4.0892,2,34.0606,2,43.9,2,64.4,2,0.024,2,,2
474.0,2,4.0858,2,34.061,2,43.8,2,64.4,2,0.024,2,,2
475.0,2,4.0806,2,34.0612,2,43.5,2,64.4,2,0.024,2,,2
476.0,2,4.0777,2,34.0611,2,43.5,2,64.4,2,0.024,2,,2
477.0,2,4.0727,2,34.0612,2,43.3,2,64.4,2,0.024,2,,2
477.5,2,4.0707,2,34.0614,2,43.2,2,64.4,2,0.024,2,,2
479.0,2,4.0674,2,34.0621,2,42.6,2,64.4,2,0.024,2,,2
480.0,2,4.0567,2,34.0644,2,42.3,2,64.4,2,0.024,2,,2
481.0,2,4.0511,2,34.0654,2,42.1,2,64.5,2,0.024,2,,2
482.0,2,4.0509,2,34.0653,2,42.0,2,64.4,2,0.023,2,,2
483.0,2,4.05,2,34.0655,2,41.7,2,64.5,2,0.024,2,,2
484.0,2,4.05,2,34.0656,2,41.5,2,64.4,2,0.024,2,,2
485.0,2,4.0466,2,34.0662,2,41.3,2,64.5,2,0.024,2,,2
486.0,2,4.0424,2,34.0671,2,41.3,2,64.5,2,0.024,2,,2
487.0,2,4.0381,2,34.0676,2,41.2,2,64.4,2,0.024,2,,2
488.2,2,4.0369,2,34.0678,2,40.8,2,64.5,2,0.024,2,,2
488.9,2,4.0352,2,34.068000000000005,2,40.6,2,64.5,2,0.024,2,,2
490.0,2,4.0328,2,34.0685,2,40.3,2,64.4,2,0.024,2,,2
491.0,2,4.026,2,34.0696,2,40.1,2,64.5,2,0.024,2,,2
492.0,2,4.0197,2,34.07,2,40.0,2,64.5,2,0.024,2,,2
493.0,2,4.0068,2,34.073,2,39.9,2,64.5,2,0.024,2,,2
494.0,2,4.0032,2,34.073,2,39.8,2,64.5,2,0.024,2,,2
495.1,2,4.0019,2,34.0729,2,39.7,2,64.4,2,0.024,2,,2
495.5,2,4.0017,2,34.0728,2,39.6,2,64.4,2,0.024,2,,2
497.5,2,3.9969,2,34.0756,2,39.0,2,64.5,2,0.024,2,,2
498.0,2,3.987,2,34.0772,2,38.7,2,64.3,2,0.024,2,,2
499.0,2,3.9824,2,34.0783,2,38.6,2,64.5,2,0.024,2,,2
500.0,2,3.9797,2,34.0792,2,38.2,2,64.5,2,0.024,2,,2
501.0,2,3.9765,2,34.0817,2,38.1,2,64.5,2,0.024,2,,2
502.0,2,3.9749,2,34.0823,2,38.0,2,64.5,2,0.024,2,,2
503.0,2,3.9718,2,34.0831,2,37.8,2,64.5,2,0.024,2,,2
504.1,2,3.9671,2,34.0848,2,37.4,2,64.5,2,0.024,2,,2
505.0,2,3.9652,2,34.0857,2,37.1,2,64.5,2,0.024,2,,2
506.0,2,3.964,2,34.0864,2,36.8,2,64.5,2,0.024,2,,2
507.0,2,3.963,2,34.0871,2,36.7,2,64.5,2,0.024,2,,2
508.0,2,3.9616,2,34.0877,2,36.6,2,64.5,2,0.024,2,,2
509.0,2,3.9595,2,34.0888,2,36.5,2,64.5,2,0.024,2,,2
509.8,2,3.9584,2,34.0893,2,36.4,2,64.5,2,0.031,2,,2
511.1,2,3.9559,2,34.0908,2,35.9,2,64.5,2,0.024,2,,2
512.0,2,3.9547,2,34.0915,2,35.8,2,64.5,2,0.024,2,,2
513.0,2,3.9539,2,34.0923,2,35.7,2,64.5,2,0.024,2,,2
514.0,2,3.9538,2,34.0921,2,35.6,2,64.5,2,0.024,2,,2
515.0,2,3.9533,2,34.0925,2,35.6,2,64.5,2,0.024,2,,2
516.0,2,3.9527,2,34.0929,2,35.6,2,64.5,2,0.024,2,,2
517.0,2,3.952,2,34.0931,2,35.4,2,64.5,2,0.024,2,,2
518.0,2,3.9509,2,34.0936,2,35.5,2,64.5,2,0.024,2,,2
518.9,2,3.9505,2,34.0936,2,35.5,2,64.5,2,0.024,2,,2
521.4,2,3.9475,2,34.0956,2,34.8,2,64.5,2,0.024,2,,2
522.0,2,3.9421,2,34.0981,2,34.7,2,64.5,2,0.024,2,,2
523.0,2,3.9401,2,34.0992,2,34.6,2,64.5,2,0.024,2,,2
524.0,2,3.9399,2,34.099000000000004,2,34.4,2,64.5,2,0.024,2,,2
525.0,2,3.9392,2,34.0995,2,34.2,2,64.5,2,0.024,2,,2
526.0,2,3.9377,2,34.1005,2,34.1,2,64.5,2,0.024,2,,2
527.0,2,3.9372,2,34.1007,2,34.0,2,64.6,2,0.024,2,,2
528.0,2,3.9356,2,34.1017,2,34.0,2,64.5,2,0.024,2,,2
529.0,2,3.9333,2,34.1028,2,33.9,2,64.6,2,0.024,2,,2
529.7,2,3.9324,2,34.1031,2,34.0,2,64.5,2,0.024,2,,2
531.2,2,3.9313,2,34.104,2,33.4,2,64.3,2,0.024,2,,2
532.0,2,3.927,2,34.1062,2,33.2,2,64.4,2,0.024,2,,2
533.0,2,3.9219,2,34.1086,2,33.1,2,64.5,2,0.024,2,,2
534.0,2,3.9207,2,34.1089,2,32.8,2,64.5,2,0.024,2,,2
535.0,2,3.9189999999999996,2,34.1099,2,32.6,2,64.6,2,0.024,2,,2
536.0,2,3.9175,2,34.1108,2,32.4,2,64.6,2,0.024,2,,2
537.0,2,3.9156,2,34.1118,2,32.4,2,64.5,2,0.03,2,,2
538.0,2,3.9139,2,34.1126,2,32.4,2,64.5,2,0.028999999999999998,2,,2
539.0,2,3.9109,2,34.114000000000004,2,32.3,2,64.5,2,0.024,2,,2
540.0,2,3.9078,2,34.1153,2,32.2,2,64.5,2,0.024,2,,2
541.0,2,3.9061,2,34.1159,2,32.2,2,64.5,2,0.024,2,,2
542.0,2,3.9035,2,34.1172,2,32.2,2,64.4,2,0.024,2,,2
542.7,2,3.9028,2,34.1174,2,32.1,2,64.5,2,0.024,2,,2
544.3,2,3.9014,2,34.1188,2,31.8,2,64.5,2,0.024,2,,2
545.0,2,3.9006,2,34.119,2,31.7,2,64.5,2,0.024,2,,2
546.0,2,3.8993,2,34.1198,2,31.6,2,64.5,2,0.024,2,,2
547.0,2,3.8968,2,34.1215,2,31.6,2,64.5,2,0.024,2,,2
548.0,2,3.8942,2,34.1227,2,31.5,2,64.5,2,0.024,2,,2
549.0,2,3.8906,2,34.1237,2,31.4,2,63.9,2,0.024,2,,2
550.1,2,3.8879,2,34.1248,2,31.4,2,64.5,2,0.024,2,,2
550.6,2,3.8873,2,34.1249,2,31.6,2,64.5,2,0.024,2,,2
552.4,2,3.8886,2,34.1258,2,31.0,2,64.5,2,0.024,2,,2
553.0,2,3.8844,2,34.126999999999995,2,30.8,2,64.5,2,0.024,2,,2
554.0,2,3.8819999999999997,2,34.1275,2,30.7,2,64.5,2,0.024,2,,2
555.0,2,3.8802,2,34.1283,2,30.6,2,64.5,2,0.024,2,,2
556.0,2,3.8766,2,34.1297,2,30.4,2,64.5,2,0.024,2,,2
557.0,2,3.8736,2,34.131,2,30.3,2,64.5,2,0.024,2,,2
558.0,2,3.8716,2,34.1317,2,30.1,2,64.5,2,0.024,2,,2
558.9,2,3.8702,2,34.1324,2,30.0,2,64.5,2,0.024,2,,2
560.0,2,3.866,2,34.1344,2,29.9,2,64.5,2,0.024,2,,2
560.8,2,3.8635,2,34.1354,2,29.8,2,64.5,2,0.024,2,,2
562.3,2,3.8602,2,34.1368,2,29.3,2,64.5,2,0.024,2,,2
562.9,2,3.8573,2,34.1379,2,29.3,2,64.5,2,0.024,2,,2
564.0,2,3.855,2,34.1391,2,29.2,2,64.5,2,0.024,2,,2
565.0,2,3.8532,2,34.1398,2,29.1,2,64.5,2,0.024,2,,2
566.0,2,3.8502,2,34.1412,2,29.0,2,64.5,2,0.024,2,,2
567.0,2,3.8474,2,34.1426,2,29.0,2,64.5,2,0.024,2,,2
568.0,2,3.8448,2,34.1439,2,29.0,2,64.5,2,0.024,2,,2
569.0,2,3.8419,2,34.1452,2,28.9,2,64.5,2,0.024,2,,2
570.0,2,3.84,2,34.1459,2,28.9,2,64.5,2,0.024,2,,2
571.1,2,3.8351,2,34.1473,2,28.9,2,64.5,2,0.024,2,,2
571.8,2,3.8323,2,34.1477,2,28.9,2,64.5,2,0.024,2,,2
575.3,2,3.8289,2,34.1499,2,28.3,2,64.5,2,0.024,2,,2
576.0,2,3.8284,2,34.1499,2,28.3,2,64.5,2,0.024,2,,2
577.0,2,3.8280000000000003,2,34.1499,2,28.2,2,64.5,2,0.024,2,,2
578.0,2,3.8261,2,34.1508,2,28.2,2,64.5,2,0.024,2,,2
579.0,2,3.8236,2,34.1516,2,28.2,2,64.5,2,0.024,2,,2
580.1,2,3.8223,2,34.1517,2,28.1,2,64.5,2,0.024,2,,2
581.3,2,3.82,2,34.1523,2,28.0,2,64.5,2,0.024,2,,2
581.9,2,3.8176,2,34.1526,2,27.9,2,64.5,2,0.024,2,,2
583.2,2,3.8139,2,34.154,2,27.7,2,64.5,2,0.024,2,,2
584.0,2,3.8104,2,34.1552,2,27.6,2,64.5,2,0.024,2,,2
585.0,2,3.8089,2,34.1556,2,27.6,2,64.5,2,0.024,2,,2
586.0,2,3.8082,2,34.1558,2,27.6,2,64.4,2,0.024,2,,2
587.0,2,3.8058,2,34.1565,2,27.5,2,64.5,2,0.024,2,,2
588.0,2,3.8031,2,34.1573,2,27.4,2,64.5,2,0.024,2,,2
589.0,2,3.8009,2,34.158,2,27.3,2,64.5,2,0.027999999999999997,2,,2
590.0,2,3.7977,2,34.1592,2,27.2,2,64.5,2,0.024,2,,2
591.0,2,3.7945,2,34.1602,2,27.1,2,64.5,2,0.024,2,,2
592.0,2,3.7902,2,34.1616,2,27.1,2,64.5,2,0.024,2,,2
593.0,2,3.7878,2,34.162,2,27.1,2,64.4,2,0.024,2,,2
594.0,2,3.7862,2,34.1624,2,27.2,2,64.5,2,0.024,2,,2
594.8,2,3.7848,2,34.1626,2,27.1,2,64.5,2,0.024,2,,2
596.4,2,3.7839,2,34.1639,2,26.8,2,64.5,2,0.024,2,,2
597.0,2,3.7813,2,34.1642,2,26.8,2,64.5,2,0.024,2,,2
598.0,2,3.7786,2,34.165,2,26.8,2,64.5,2,0.024,2,,2
599.0,2,3.7766,2,34.1656,2,26.8,2,64.5,2,0.024,2,,2
600.0,2,3.7733,2,34.1665,2,26.6,2,64.5,2,0.024,2,,2
601.0,2,3.7715,2,34.1669,2,26.7,2,64.5,2,0.024,2,,2
602.0,2,3.7703,2,34.1672,2,26.6,2,64.5,2,0.024,2,,2
603.0,2,3.7689,2,34.1676,2,26.6,2,64.5,2,0.024,2,,2
604.0,2,3.7675,2,34.168,2,26.6,2,64.5,2,0.024,2,,2
604.9,2,3.7668,2,34.1681,2,26.6,2,64.5,2,0.024,2,,2
606.2,2,3.7647,2,34.1689,2,26.5,2,64.5,2,0.024,2,,2
607.0,2,3.7595,2,34.1701,2,26.3,2,64.5,2,0.024,2,,2
608.0,2,3.7579,2,34.1704,2,26.2,2,64.5,2,0.024,2,,2
608.9,2,3.7572,2,34.171,2,26.2,2,64.5,2,0.024,2,,2
610.0,2,3.7563,2,34.1713,2,26.2,2,64.5,2,0.024,2,,2
611.0,2,3.7548,2,34.172,2,26.1,2,64.4,2,0.021,2,,2
612.0,2,3.7522,2,34.1727,2,26.0,2,64.5,2,0.024,2,,2
613.0,2,3.7489,2,34.1738,2,26.1,2,64.5,2,0.024,2,,2
613.8,2,3.7452,2,34.1746,2,26.0,2,64.5,2,0.024,2,,2
615.1,2,3.7434,2,34.1751,2,25.8,2,64.5,2,0.024,2,,2
616.0,2,3.7392,2,34.1763,2,25.8,2,64.4,2,0.024,2,,2
617.0,2,3.7345,2,34.1778,2,25.6,2,64.5,2,0.024,2,,2
618.0,2,3.7289999999999996,2,34.1793,2,25.6,2,64.5,2,0.024,2,,2
619.0,2,3.7274,2,34.1796,2,25.6,2,64.5,2,0.024,2,,2
619.9,2,3.7254,2,34.1798,2,25.6,2,64.5,2,0.024,2,,2
622.1,2,3.7228,2,34.1811,2,25.3,2,64.5,2,0.024,2,,2
623.0,2,3.7197,2,34.1818,2,25.3,2,64.5,2,0.024,2,,2
624.0,2,3.7157,2,34.1831,2,25.3,2,64.5,2,0.024,2,,2
625.0,2,3.714,2,34.1838,2,25.2,2,64.4,2,0.024,2,,2
626.0,2,3.713,2,34.1842,2,25.2,2,64.4,2,0.024,2,,2
627.0,2,3.7107,2,34.1845,2,25.2,2,64.5,2,0.024,2,,2
628.0,2,3.7092,2,34.185,2,25.2,2,64.5,2,0.024,2,,2
629.1,2,3.7078,2,34.1855,2,25.2,2,64.5,2,0.024,2,,2
629.6,2,3.7068,2,34.186,2,25.2,2,64.4,2,0.024,2,,2
632.2,2,3.7015,2,34.1891,2,25.0,2,64.4,2,0.024,2,,2
633.0,2,3.6974,2,34.1898,2,25.1,2,64.5,2,0.024,2,,2
634.0,2,3.6939,2,34.191,2,25.1,2,64.5,2,0.024,2,,2
635.0,2,3.6922,2,34.1914,2,24.9,2,64.4,2,0.024,2,,2
636.0,2,3.6907,2,34.1918,2,25.0,2,64.4,2,0.024,2,,2
637.0,2,3.6889,2,34.1923,2,25.0,2,64.5,2,0.024,2,,2
638.0,2,3.6881,2,34.1924,2,25.0,2,64.5,2,0.024,2,,2
638.6,2,3.6881,2,34.1922,2,25.1,2,64.5,2,0.024,2,,2
640.4,2,3.687,2,34.1928,2,25.0,2,64.5,2,0.024,2,,2
641.0,2,3.6864,2,34.1932,2,25.0,2,64.4,2,0.024,2,,2
642.0,2,3.6864,2,34.1933,2,24.9,2,64.4,2,0.024,2,,2
643.0,2,3.6857,2,34.1937,2,24.9,2,64.5,2,0.024,2,,2
644.0,2,3.6845,2,34.1941,2,25.0,2,64.5,2,0.024,2,,2
645.0,2,3.6831,2,34.1945,2,24.9,2,64.5,2,0.024,2,,2
646.0,2,3.6813,2,34.1948,2,24.9,2,64.4,2,0.024,2,,2
647.0,2,3.68,2,34.1949,2,24.9,2,64.5,2,0.024,2,,2
648.4,2,3.6802,2,34.1956,2,24.9,2,64.5,2,0.024,2,,2
648.9,2,3.6763,2,34.1967,2,24.8,2,64.4,2,0.024,2,,2
650.0,2,3.6746,2,34.1972,2,24.7,2,64.2,2,0.024,2,,2
651.0,2,3.6691,2,34.1985,2,24.7,2,64.5,2,0.024,2,,2
652.0,2,3.6661,2,34.1988,2,24.6,2,64.5,2,0.024,2,,2
653.0,2,3.6649,2,34.1991,2,24.5,2,64.5,2,0.024,2,,2
654.0,2,3.6615,2,34.2003,2,24.5,2,64.5,2,0.024,2,,2
655.0,2,3.6557,2,34.2017,2,24.4,2,64.5,2,0.024,2,,2
656.1,2,3.6529,2,34.2023,2,24.3,2,64.5,2,0.024,2,,2
657.0,2,3.6516,2,34.2025,2,24.2,2,64.5,2,0.024,2,,2
658.0,2,3.6496,2,34.2032,2,24.2,2,64.5,2,0.024,2,,2
659.0,2,3.6457,2,34.2043,2,24.1,2,64.4,2,0.024,2,,2
660.0,2,3.6422,2,34.2052,2,24.1,2,64.4,2,0.024,2,,2
661.0,2,3.6405,2,34.2054,2,24.0,2,64.5,2,0.024,2,,2
662.0,2,3.6395,2,34.2056,2,24.0,2,64.5,2,0.024,2,,2
663.0,2,3.6374,2,34.2062,2,24.0,2,64.4,2,0.024,2,,2
663.8,2,3.6363,2,34.2062,2,24.0,2,64.4,2,0.024,2,,2
666.1,2,3.6321,2,34.2082,2,23.8,2,64.5,2,0.024,2,,2
667.0,2,3.6293,2,34.2086,2,23.6,2,64.5,2,0.024,2,,2
668.0,2,3.6278,2,34.2089,2,23.7,2,64.5,2,0.024,2,,2
669.0,2,3.6264,2,34.2093,2,23.7,2,64.5,2,0.024,2,,2
670.0,2,3.6254,2,34.2096,2,23.7,2,64.5,2,0.024,2,,2
671.0,2,3.6241,2,34.2096,2,23.6,2,64.5,2,0.024,2,,2
672.0,2,3.6216,2,34.2104,2,23.6,2,64.5,2,0.024,2,,2
672.8,2,3.6207,2,34.2106,2,23.6,2,64.5,2,0.024,2,,2
674.2,2,3.6188,2,34.2116,2,23.5,2,64.5,2,0.024,2,,2
675.0,2,3.6171,2,34.2121,2,23.4,2,64.5,2,0.024,2,,2
676.0,2,3.6156,2,34.2126,2,23.4,2,64.5,2,0.024,2,,2
677.0,2,3.6111,2,34.2142,2,23.3,2,64.5,2,0.024,2,,2
678.0,2,3.6074,2,34.2148,2,23.4,2,64.5,2,0.024,2,,2
679.0,2,3.6048,2,34.2156,2,23.4,2,64.5,2,0.024,2,,2
680.0,2,3.6026,2,34.2161,2,23.4,2,64.5,2,0.024,2,,2
681.0,2,3.5989,2,34.217,2,23.3,2,64.4,2,0.024,2,,2
681.8,2,3.5978,2,34.2169,2,23.3,2,64.5,2,0.024,2,,2
684.2,2,3.597,2,34.2178,2,23.0,2,64.4,2,0.024,2,,2
685.0,2,3.5949,2,34.2183,2,23.1,2,64.4,2,0.024,2,,2
686.0,2,3.5922,2,34.2188,2,23.1,2,64.5,2,0.024,2,,2
687.0,2,3.5891,2,34.2195,2,23.0,2,64.5,2,0.024,2,,2
687.9,2,3.5877,2,34.2196,2,23.0,2,64.4,2,0.024,2,,2
689.2,2,3.5852,2,34.2202,2,22.9,2,64.5,2,0.024,2,,2
690.0,2,3.5821,2,34.221,2,22.8,2,64.5,2,0.024,2,,2
691.0,2,3.5786,2,34.2218,2,22.7,2,64.5,2,0.024,2,,2
692.0,2,3.5747,2,34.2227,2,22.6,2,64.5,2,0.024,2,,2
693.0,2,3.5742,2,34.2227,2,22.7,2,64.5,2,0.024,2,,2
694.0,2,3.5743,2,34.2232,2,22.6,2,64.5,2,0.024,2,,2
695.0,2,3.5723,2,34.2244,2,22.8,2,64.5,2,0.024,2,,2
696.0,2,3.5687,2,34.225,2,22.7,2,64.5,2,0.024,2,,2
696.8,2,3.5678,2,34.2248,2,22.7,2,64.5,2,0.024,2,,2
698.3,2,3.5671,2,34.2251,2,22.6,2,64.4,2,0.024,2,,2
699.0,2,3.5668,2,34.2254,2,22.6,2,64.4,2,0.024,2,,2
700.0,2,3.5663,2,34.2253,2,22.6,2,64.5,2,0.024,2,,2
701.0,2,3.5660000000000003,2,34.2252,2,22.5,2,64.5,2,0.024,2,,2
702.0,2,3.5634,2,34.226,2,22.5,2,64.4,2,0.024,2,,2
703.0,2,3.5578,2,34.227,2,22.4,2,64.5,2,0.024,2,,2
704.0,2,3.5549,2,34.2276,2,22.3,2,64.5,2,0.024,2,,2
705.0,2,3.5527,2,34.2285,2,22.2,2,64.5,2,0.024,2,,2
706.0,2,3.5468,2,34.2297,2,22.2,2,64.5,2,0.024,2,,2
707.0,2,3.5410000000000004,2,34.2313,2,22.1,2,64.5,2,0.024,2,,2
708.0,2,3.5405,2,34.2315,2,22.1,2,64.5,2,0.024,2,,2
709.0,2,3.54,2,34.2316,2,22.0,2,64.5,2,0.024,2,,2
710.0,2,3.5387,2,34.232,2,21.9,2,64.5,2,0.024,2,,2
711.0,2,3.5377,2,34.2325,2,21.8,2,64.5,2,0.024,2,,2
712.0,2,3.5349,2,34.2328,2,21.8,2,64.5,2,0.024,2,,2
713.0,2,3.5331,2,34.233000000000004,2,21.6,2,64.5,2,0.024,2,,2
714.0,2,3.5325,2,34.2335,2,21.6,2,64.5,2,0.024,2,,2
715.0,2,3.5317,2,34.2338,2,21.6,2,64.5,2,0.024,2,,2
716.1,2,3.5304,2,34.234,2,21.6,2,64.5,2,0.024,2,,2
716.9,2,3.5275,2,34.2345,2,21.6,2,64.5,2,0.024,2,,2
718.0,2,3.5246,2,34.2353,2,21.6,2,64.5,2,0.024,2,,2
719.0,2,3.5234,2,34.2357,2,21.6,2,64.5,2,0.024,2,,2
720.0,2,3.5223,2,34.2359,2,21.6,2,64.5,2,0.024,2,,2
720.9,2,3.5178,2,34.236999999999995,2,21.6,2,64.5,2,0.024,2,,2
722.0,2,3.5133,2,34.2381,2,21.6,2,64.5,2,0.024,2,,2
723.0,2,3.5125,2,34.2381,2,21.6,2,64.5,2,0.024,2,,2
724.0,2,3.512,2,34.2383,2,21.6,2,64.5,2,0.024,2,,2
725.0,2,3.5108,2,34.2386,2,21.6,2,64.5,2,0.024,2,,2
726.0,2,3.5101,2,34.2386,2,21.6,2,64.5,2,0.024,2,,2
727.1,2,3.5095,2,34.2387,2,21.6,2,64.5,2,0.024,2,,2
728.0,2,3.5089,2,34.2388,2,21.6,2,64.5,2,0.024,2,,2
728.8,2,3.5081,2,34.239000000000004,2,21.6,2,64.5,2,0.024,2,,2
730.3,2,3.5061,2,34.2401,2,21.4,2,64.5,2,0.024,2,,2
731.0,2,3.5035,2,34.2404,2,21.6,2,64.5,2,0.024,2,,2
732.0,2,3.5022,2,34.2408,2,21.5,2,64.5,2,0.024,2,,2
733.0,2,3.5013,2,34.2408,2,21.5,2,64.5,2,0.024,2,,2
734.0,2,3.4998,2,34.2414,2,21.3,2,64.5,2,0.024,2,,2
735.0,2,3.4931,2,34.2433,2,21.3,2,64.5,2,0.024,2,,2
736.0,2,3.4847,2,34.2454,2,21.3,2,64.5,2,0.024,2,,2
737.0,2,3.4819999999999998,2,34.2458,2,21.2,2,64.5,2,0.024,2,,2
738.0,2,3.4783,2,34.2466,2,21.2,2,64.5,2,0.024,2,,2
739.0,2,3.4739,2,34.2473,2,21.2,2,64.5,2,0.024,2,,2
739.6,2,3.4733,2,34.2475,2,21.2,2,64.5,2,0.024,2,,2
741.0,2,3.4718,2,34.2481,2,21.0,2,64.5,2,0.024,2,,2
742.0,2,3.4702,2,34.2484,2,21.0,2,64.5,2,0.024,2,,2
743.0,2,3.4686,2,34.249,2,20.8,2,64.5,2,0.024,2,,2
744.0,2,3.467,2,34.2497,2,20.8,2,64.5,2,0.024,2,,2
745.0,2,3.4632,2,34.2512,2,20.6,2,64.5,2,0.024,2,,2
746.0,2,3.4597,2,34.251999999999995,2,20.6,2,64.5,2,0.024,2,,2
747.0,2,3.4586,2,34.2522,2,20.5,2,64.5,2,0.024,2,,2
748.0,2,3.4556,2,34.253,2,20.6,2,64.5,2,0.024,2,,2
749.0,2,3.4527,2,34.254,2,20.6,2,64.5,2,0.024,2,,2
750.1,2,3.4518,2,34.2544,2,20.5,2,64.5,2,0.024,2,,2
753.2,2,3.4481,2,34.2557,2,20.2,2,64.5,2,0.024,2,,2
754.0,2,3.4397,2,34.2562,2,20.2,2,64.5,2,0.024,2,,2
755.0,2,3.4351,2,34.2568,2,20.2,2,64.5,2,0.024,2,,2
756.0,2,3.429,2,34.2586,2,20.2,2,64.5,2,0.024,2,,2
757.0,2,3.4242,2,34.2593,2,20.1,2,64.5,2,0.024,2,,2
758.0,2,3.4212,2,34.2595,2,20.1,2,64.5,2,0.024,2,,2
759.0,2,3.4194,2,34.2597,2,20.2,2,64.5,2,0.024,2,,2
760.0,2,3.418,2,34.2603,2,20.2,2,64.5,2,0.024,2,,2
761.0,2,3.4134,2,34.2612,2,20.1,2,64.5,2,0.024,2,,2
762.0,2,3.4079,2,34.2619,2,20.2,2,64.5,2,0.024,2,,2
762.8,2,3.406,2,34.2622,2,20.2,2,64.5,2,0.024,2,,2
766.1,2,3.4007,2,34.2647,2,20.0,2,64.5,2,0.024,2,,2
767.0,2,3.3997,2,34.2643,2,20.0,2,64.5,2,0.024,2,,2
768.0,2,3.3984,2,34.2645,2,20.1,2,64.5,2,0.024,2,,2
769.0,2,3.3959,2,34.2651,2,20.0,2,64.4,2,0.024,2,,2
770.0,2,3.3946,2,34.2651,2,20.1,2,64.4,2,0.024,2,,2
770.9,2,3.3938,2,34.2651,2,20.0,2,64.5,2,0.024,2,,2
773.3,2,3.3930000000000002,2,34.2654,2,19.7,2,64.5,2,0.024,2,,2
773.9,2,3.3929,2,34.2655,2,19.5,2,64.5,2,0.024,2,,2
775.0,2,3.3929,2,34.2661,2,19.4,2,64.5,2,0.024,2,,2
776.0,2,3.3926,2,34.2665,2,19.2,2,64.6,2,0.024,2,,2
777.0,2,3.3919,2,34.2672,2,19.2,2,64.5,2,0.024,2,,2
778.0,2,3.3834,2,34.2691,2,19.2,2,64.5,2,0.024,2,,2
779.0,2,3.3764,2,34.2692,2,19.2,2,64.5,2,0.024,2,,2
780.0,2,3.375,2,34.2696,2,19.2,2,64.5,2,0.024,2,,2
781.0,2,3.3738,2,34.2702,2,19.2,2,64.5,2,0.024,2,,2
782.0,2,3.3704,2,34.2705,2,19.2,2,64.5,2,0.024,2,,2
782.6,2,3.3685,2,34.2707,2,19.2,2,64.5,2,0.024,2,,2
784.1,2,3.3648,2,34.2721,2,19.0,2,64.5,2,0.024,2,,2
785.0,2,3.362,2,34.2724,2,18.8,2,64.5,2,0.024,2,,2
786.0,2,3.3619,2,34.2729,2,18.9,2,64.5,2,0.024,2,,2
787.0,2,3.3605,2,34.274,2,18.8,2,64.5,2,0.024,2,,2
788.0,2,3.3586,2,34.2743,2,18.6,2,64.5,2,0.024,2,,2
789.0,2,3.3569999999999998,2,34.2745,2,18.7,2,64.5,2,0.024,2,,2
790.0,2,3.3575,2,34.2752,2,18.5,2,64.5,2,0.024,2,,2
790.7,2,3.3592,2,34.2758,2,18.4,2,64.5,2,0.024,2,,2
792.0,2,3.3603,2,34.2785,2,17.7,2,64.6,2,0.024,2,,2
793.0,2,3.3603,2,34.2789,2,17.4,2,64.6,2,0.024,2,,2
794.0,2,3.3585,2,34.2795,2,17.2,2,64.6,2,0.024,2,,2
795.0,2,3.3561,2,34.2803,2,17.0,2,64.6,2,0.024,2,,2
796.0,2,3.3543,2,34.2809,2,17.0,2,64.6,2,0.024,2,,2
797.0,2,3.3511,2,34.2817,2,16.8,2,64.6,2,0.024,2,,2
798.0,2,3.3478,2,34.2824,2,16.6,2,64.6,2,0.024,2,,2
799.0,2,3.3444,2,34.2833,2,16.6,2,64.6,2,0.024,2,,2
800.0,2,3.3435,2,34.2836,2,16.6,2,64.6,2,0.024,2,,2
801.0,2,3.3434,2,34.2835,2,16.6,2,64.6,2,0.024,2,,2
802.0,2,3.3432,2,34.2835,2,16.6,2,64.6,2,0.024,2,,2
803.0,2,3.3424,2,34.2836,2,16.6,2,64.6,2,0.024,2,,2
804.4,2,3.342,2,34.2838,2,16.3,2,64.6,2,0.024,2,,2
805.0,2,3.3419,2,34.2839,2,16.4,2,64.6,2,0.024,2,,2
806.0,2,3.3416,2,34.2841,2,16.5,2,64.6,2,0.024,2,,2
807.0,2,3.3413,2,34.2841,2,16.4,2,64.6,2,0.024,2,,2
808.0,2,3.3409,2,34.2839,2,16.4,2,64.6,2,0.024,2,,2
809.0,2,3.3407,2,34.284,2,16.3,2,64.6,2,0.024,2,,2
810.0,2,3.3405,2,34.2842,2,16.3,2,64.6,2,0.024,2,,2
811.0,2,3.3391,2,34.2847,2,16.3,2,64.6,2,0.024,2,,2
812.0,2,3.3377,2,34.2851,2,16.4,2,64.6,2,0.024,2,,2
813.0,2,3.3368,2,34.2853,2,16.3,2,64.6,2,0.024,2,,2
814.0,2,3.3355,2,34.2856,2,16.4,2,64.6,2,0.024,2,,2
815.0,2,3.3346,2,34.2857,2,16.4,2,64.6,2,0.024,2,,2
818.0,2,3.3329,2,34.2867,2,16.2,2,64.6,2,0.024,2,,2
819.0,2,3.332,2,34.287,2,16.2,2,64.6,2,0.024,2,,2
820.0,2,3.3308,2,34.2874,2,16.2,2,64.5,2,0.024,2,,2
821.0,2,3.33,2,34.2874,2,16.2,2,64.1,2,0.024,2,,2
822.0,2,3.3284,2,34.2879,2,16.2,2,64.6,2,0.024,2,,2
823.0,2,3.3234,2,34.2892,2,16.2,2,64.6,2,0.024,2,,2
824.1,2,3.3209,2,34.2897,2,16.2,2,64.6,2,0.024,2,,2
824.6,2,3.3207,2,34.2896,2,16.1,2,64.5,2,0.024,2,,2
826.1,2,3.3162,2,34.2908,2,16.1,2,64.6,2,0.024,2,,2
827.0,2,3.3092,2,34.2914,2,16.1,2,64.6,2,0.024,2,,2
828.0,2,3.3065,2,34.2917,2,16.2,2,64.6,2,0.024,2,,2
829.0,2,3.3038,2,34.2928,2,16.2,2,64.6,2,0.024,2,,2
830.0,2,3.2996,2,34.2932,2,16.1,2,64.6,2,0.024,2,,2
831.0,2,3.2979,2,34.2934,2,16.2,2,64.5,2,0.024,2,,2
831.7,2,3.2965,2,34.2937,2,16.2,2,64.6,2,0.024,2,,2
833.3,2,3.2976,2,34.2944,2,16.0,2,64.6,2,0.024,2,,2
834.0,2,3.2982,2,34.2945,2,16.2,2,64.6,2,0.024,2,,2
835.0,2,3.2965,2,34.2953,2,16.1,2,64.6,2,0.024,2,,2
836.0,2,3.2931,2,34.2961,2,16.1,2,64.6,2,0.024,2,,2
837.0,2,3.2897,2,34.2962,2,16.1,2,64.6,2,0.024,2,,2
838.0,2,3.2836,2,34.2973,2,16.1,2,64.6,2,0.024,2,,2
839.0,2,3.2797,2,34.2978,2,16.1,2,64.6,2,0.024,2,,2
840.0,2,3.2761,2,34.2987,2,16.0,2,64.6,2,0.024,2,,2
841.0,2,3.2749,2,34.2989,2,16.1,2,64.6,2,0.024,2,,2
842.1,2,3.2745,2,34.2991,2,16.0,2,64.6,2,0.024,2,,2
842.9,2,3.2742,2,34.2992,2,16.1,2,64.6,2,0.024,2,,2
844.0,2,3.2722,2,34.2999,2,16.0,2,64.6,2,0.024,2,,2
845.0,2,3.2694,2,34.3005,2,15.9,2,64.6,2,0.024,2,,2
846.0,2,3.2659,2,34.301,2,16.0,2,64.6,2,0.024,2,,2
847.0,2,3.263,2,34.3015,2,16.0,2,64.6,2,0.024,2,,2
848.0,2,3.2609,2,34.302,2,16.0,2,64.6,2,0.024,2,,2
849.0,2,3.2591,2,34.3025,2,16.0,2,64.5,2,0.024,2,,2
850.0,2,3.2574,2,34.3027,2,16.0,2,64.6,2,0.024,2,,2
850.7,2,3.2559,2,34.3031,2,16.0,2,64.6,2,0.024,2,,2
852.5,2,3.2526,2,34.3039,2,15.9,2,64.5,2,0.024,2,,2
853.0,2,3.2515,2,34.3037,2,16.0,2,64.6,2,0.024,2,,2
854.0,2,3.2513,2,34.3039,2,15.9,2,64.6,2,0.024,2,,2
855.0,2,3.2506,2,34.304,2,16.1,2,64.6,2,0.024,2,,2
856.0,2,3.2483,2,34.3049,2,15.9,2,64.5,2,0.024,2,,2
857.1,2,3.2439999999999998,2,34.3062,2,15.9,2,64.5,2,0.024,2,,2
858.0,2,3.2417,2,34.3069,2,15.8,2,64.6,2,0.024,2,,2
859.0,2,3.2354,2,34.3081,2,15.8,2,64.6,2,0.024,2,,2
860.0,2,3.2339,2,34.3082,2,15.7,2,64.5,2,0.024,2,,2
861.0,2,3.2338,2,34.3085,2,15.6,2,64.5,2,0.024,2,,2
862.0,2,3.2347,2,34.3095,2,15.6,2,64.6,2,0.024,2,,2
863.0,2,3.234,2,34.3098,2,15.7,2,64.6,2,0.024,2,,2
864.0,2,3.2335,2,34.3098,2,15.7,2,64.6,2,0.024,2,,2
864.7,2,3.234,2,34.3097,2,15.7,2,64.5,2,0.024,2,,2
866.0,2,3.2337,2,34.3099,2,15.5,2,64.5,2,0.024,2,,2
867.0,2,3.2296,2,34.3115,2,15.5,2,64.6,2,0.024,2,,2
868.0,2,3.2254,2,34.3124,2,15.4,2,64.6,2,0.024,2,,2
869.0,2,3.2214,2,34.3125,2,15.5,2,64.5,2,0.024,2,,2
870.0,2,3.2139,2,34.3126,2,15.5,2,64.2,2,0.024,2,,2
871.0,2,3.2129,2,34.3137,2,15.6,2,64.5,2,0.024,2,,2
872.0,2,3.2061,2,34.3144,2,15.7,2,64.5,2,0.024,2,,2
873.0,2,3.2021,2,34.3146,2,15.6,2,64.5,2,0.024,2,,2
874.0,2,3.1984,2,34.3157,2,15.7,2,64.6,2,0.024,2,,2
875.0,2,3.197,2,34.3154,2,15.7,2,64.6,2,0.024,2,,2
877.2,2,3.1968,2,34.3164,2,15.6,2,64.6,2,0.024,2,,2
878.0,2,3.1968,2,34.3168,2,15.6,2,64.5,2,0.024,2,,2
879.0,2,3.1965,2,34.3172,2,15.6,2,64.6,2,0.024,2,,2
880.0,2,3.196,2,34.3174,2,15.6,2,64.5,2,0.024,2,,2
881.0,2,3.1961,2,34.3177,2,15.5,2,64.5,2,0.024,2,,2
882.0,2,3.1916,2,34.3182,2,15.5,2,64.6,2,0.024,2,,2
883.0,2,3.1892,2,34.3184,2,15.5,2,64.6,2,0.024,2,,2
884.0,2,3.1883,2,34.3186,2,15.4,2,64.6,2,0.024,2,,2
885.0,2,3.1866,2,34.319,2,15.3,2,64.6,2,0.024,2,,2
886.0,2,3.1875,2,34.3196,2,15.2,2,64.6,2,0.024,2,,2
887.0,2,3.1887,2,34.3213,2,15.2,2,64.5,2,0.024,2,,2
888.0,2,3.1895,2,34.321999999999996,2,15.2,2,64.6,2,0.024,2,,2
890.1,2,3.1897,2,34.3222,2,15.0,2,64.5,2,0.024,2,,2
891.0,2,3.1875,2,34.3233,2,14.8,2,64.6,2,0.024,2,,2
892.0,2,3.1815,2,34.3239,2,14.8,2,64.5,2,0.024,2,,2
893.0,2,3.1785,2,34.324,2,14.8,2,64.6,2,0.024,2,,2
894.0,2,3.1782,2,34.3239,2,14.7,2,64.6,2,0.024,2,,2
895.0,2,3.1777,2,34.3239,2,14.7,2,64.6,2,0.024,2,,2
896.0,2,3.1774,2,34.3241,2,14.7,2,64.5,2,0.024,2,,2
897.0,2,3.1763,2,34.324,2,14.6,2,64.6,2,0.024,2,,2
898.1,2,3.1746,2,34.3248,2,14.6,2,64.6,2,0.024,2,,2
898.5,2,3.1742,2,34.325,2,14.7,2,64.6,2,0.024,2,,2
900.2,2,3.174,2,34.3254,2,14.4,2,64.6,2,0.024,2,,2
901.0,2,3.1738,2,34.3253,2,14.5,2,64.5,2,0.024,2,,2
902.0,2,3.1736,2,34.3254,2,14.4,2,64.5,2,0.024,2,,2
903.0,2,3.1719,2,34.3265,2,14.3,2,64.6,2,0.024,2,,2
904.0,2,3.1721,2,34.3268,2,14.2,2,64.6,2,0.024,2,,2
905.0,2,3.1722,2,34.3271,2,14.2,2,64.6,2,0.024,2,,2
906.0,2,3.1722,2,34.3273,2,14.2,2,64.6,2,0.024,2,,2
907.0,2,3.1711,2,34.3276,2,14.1,2,64.6,2,0.024,2,,2
908.0,2,3.1687,2,34.3282,2,14.1,2,64.6,2,0.024,2,,2
909.3,2,3.1666,2,34.3287,2,13.9,2,64.6,2,0.024,2,,2
910.0,2,3.1655,2,34.329,2,13.8,2,64.5,2,0.024,2,,2
911.0,2,3.1635,2,34.3295,2,13.8,2,64.6,2,0.024,2,,2
912.0,2,3.1601,2,34.3302,2,13.7,2,64.6,2,0.024,2,,2
913.0,2,3.1586,2,34.3305,2,13.7,2,64.6,2,0.024,2,,2
914.0,2,3.1571,2,34.3309,2,13.6,2,64.6,2,0.024,2,,2
915.0,2,3.1564,2,34.330999999999996,2,13.7,2,64.6,2,0.024,2,,2
916.0,2,3.1557,2,34.3313,2,13.7,2,64.6,2,0.024,2,,2
917.0,2,3.1555,2,34.3315,2,13.6,2,64.6,2,0.024,2,,2
918.0,2,3.1537,2,34.332,2,13.7,2,64.6,2,0.024,2,,2
919.0,2,3.1526,2,34.3322,2,13.6,2,64.6,2,0.024,2,,2
919.8,2,3.1518,2,34.3322,2,13.6,2,64.6,2,0.024,2,,2
922.1,2,3.1502,2,34.333,2,13.5,2,64.6,2,0.024,2,,2
923.0,2,3.1478,2,34.3333,2,13.5,2,64.6,2,0.024,2,,2
924.0,2,3.1455,2,34.3341,2,13.5,2,64.6,2,0.024,2,,2
925.0,2,3.1433,2,34.3343,2,13.5,2,64.6,2,0.024,2,,2
926.0,2,3.1396,2,34.3353,2,13.5,2,64.6,2,0.024,2,,2
927.0,2,3.1365,2,34.3357,2,13.5,2,64.6,2,0.024,2,,2
928.0,2,3.1345,2,34.3359,2,13.5,2,64.6,2,0.024,2,,2
930.1,2,3.1316,2,34.336999999999996,2,13.4,2,64.6,2,0.024,2,,2
931.0,2,3.1277,2,34.3375,2,13.3,2,64.6,2,0.024,2,,2
932.0,2,3.1263,2,34.3378,2,13.4,2,64.6,2,0.024,2,,2
933.0,2,3.1256,2,34.3378,2,13.4,2,64.6,2,0.024,2,,2
934.0,2,3.1246,2,34.3381,2,13.3,2,64.6,2,0.024,2,,2
935.0,2,3.1225,2,34.3388,2,13.3,2,64.6,2,0.024,2,,2
936.0,2,3.1208,2,34.3392,2,13.2,2,64.6,2,0.024,2,,2
937.0,2,3.1184,2,34.3399,2,13.2,2,64.6,2,0.024,2,,2
938.0,2,3.1176,2,34.3401,2,13.2,2,64.6,2,0.024,2,,2
939.0,2,3.1138,2,34.3406,2,13.2,2,64.6,2,0.024,2,,2
940.0,2,3.1108,2,34.3411,2,13.2,2,64.6,2,0.024,2,,2
941.0,2,3.1093,2,34.3414,2,13.1,2,64.6,2,0.024,2,,2
942.0,2,3.1079,2,34.3419,2,13.0,2,64.6,2,0.024,2,,2
943.0,2,3.1057,2,34.3428,2,13.0,2,64.6,2,0.024,2,,2
944.0,2,3.1049,2,34.3432,2,13.0,2,64.6,2,0.024,2,,2
945.0,2,3.1042,2,34.3436,2,13.0,2,64.6,2,0.024,2,,2
946.0,2,3.1035,2,34.3437,2,12.9,2,64.6,2,0.024,2,,2
947.0,2,3.1015,2,34.3443,2,13.0,2,64.6,2,0.024,2,,2
948.0,2,3.0987,2,34.3451,2,12.9,2,64.6,2,0.024,2,,2
949.0,2,3.0955,2,34.3456,2,12.9,2,64.6,2,0.024,2,,2
950.0,2,3.0913,2,34.3461,2,12.9,2,64.6,2,0.024,2,,2
950.9,2,3.0896,2,34.3461,2,12.9,2,64.6,2,0.024,2,,2
953.1,2,3.0875,2,34.3471,2,12.7,2,64.6,2,0.024,2,,2
954.0,2,3.0858,2,34.348,2,12.7,2,64.6,2,0.024,2,,2
955.0,2,3.0821,2,34.349000000000004,2,12.6,2,64.6,2,0.024,2,,2
956.0,2,3.0811,2,34.3492,2,12.7,2,64.6,2,0.024,2,,2
957.0,2,3.0801,2,34.3493,2,12.6,2,64.6,2,0.024,2,,2
958.0,2,3.0788,2,34.3499,2,12.6,2,64.6,2,0.024,2,,2
959.0,2,3.0759,2,34.3504,2,12.6,2,64.6,2,0.024,2,,2
960.0,2,3.0749,2,34.3505,2,12.5,2,64.5,2,0.024,2,,2
961.0,2,3.0745,2,34.3506,2,12.5,2,64.6,2,0.024,2,,2
962.0,2,3.0743,2,34.3506,2,12.5,2,64.6,2,0.024,2,,2
963.4,2,3.0735,2,34.3507,2,12.5,2,64.6,2,0.024,2,,2
964.0,2,3.073,2,34.3508,2,12.5,2,64.6,2,0.024,2,,2
964.9,2,3.0728,2,34.3509,2,12.4,2,64.6,2,0.024,2,,2
966.0,2,3.0719,2,34.3513,2,12.5,2,64.6,2,0.024,2,,2
967.0,2,3.07,2,34.3518,2,12.4,2,64.6,2,0.024,2,,2
968.0,2,3.069,2,34.352,2,12.4,2,64.6,2,0.024,2,,2
969.0,2,3.0686,2,34.352,2,12.4,2,64.6,2,0.024,2,,2
970.0,2,3.0678,2,34.3524,2,12.4,2,64.6,2,0.024,2,,2
971.0,2,3.0672,2,34.3525,2,12.3,2,64.6,2,0.024,2,,2
972.0,2,3.0668,2,34.3525,2,12.5,2,64.6,2,0.024,2,,2
973.0,2,3.0662,2,34.3527,2,12.3,2,64.6,2,0.024,2,,2
974.1,2,3.0656,2,34.3526,2,12.4,2,64.6,2,0.024,2,,2
974.5,2,3.0657,2,34.3525,2,12.2,2,64.6,2,0.024,2,,2
976.2,2,3.0637,2,34.3537,2,12.3,2,64.6,2,0.024,2,,2
977.0,2,3.0625,2,34.3536,2,12.3,2,64.6,2,0.024,2,,2
978.0,2,3.0597,2,34.3546,2,12.3,2,64.6,2,0.024,2,,2
979.0,2,3.0542,2,34.3559,2,12.2,2,64.6,2,0.024,2,,2
980.0,2,3.0479,2,34.3569,2,12.3,2,64.6,2,0.024,2,,2
981.0,2,3.0457,2,34.3573,2,12.2,2,64.6,2,0.024,2,,2
982.0,2,3.0439999999999996,2,34.3574,2,12.2,2,64.6,2,0.024,2,,2
983.0,2,3.043,2,34.3575,2,12.3,2,64.6,2,0.024,2,,2
984.0,2,3.0424,2,34.3578,2,12.2,2,64.6,2,0.024,2,,2
985.0,2,3.042,2,34.3576,2,12.2,2,64.6,2,0.024,2,,2
988.0,2,3.0408,2,34.3584,2,12.1,2,64.6,2,0.024,2,,2
989.0,2,3.0406,2,34.3582,2,12.2,2,64.6,2,0.024,2,,2
990.0,2,3.0402,2,34.3583,2,12.0,2,64.6,2,0.024,2,,2
991.0,2,3.0399,2,34.3584,2,12.2,2,64.6,2,0.024,2,,2
992.0,2,3.0393,2,34.3585,2,12.1,2,64.6,2,0.024,2,,2
993.0,2,3.0371,2,34.359,2,12.1,2,64.6,2,0.024,2,,2
994.0,2,3.0359,2,34.3592,2,12.1,2,64.6,2,0.024,2,,2
995.0,2,3.0345,2,34.3597,2,12.1,2,64.6,2,0.024,2,,2
996.0,2,3.0337,2,34.3598,2,12.2,2,64.6,2,0.024,2,,2
997.0,2,3.0324,2,34.36,2,12.1,2,64.6,2,0.024,2,,2
997.6,2,3.0314,2,34.36,2,12.1,2,64.6,2,0.024,2,,2
999.1,2,3.0265,2,34.3623,2,12.1,2,64.6,2,0.024,2,,2
1000.0,2,3.0233,2,34.3626,2,12.1,2,64.6,2,0.024,2,,2
1001.0,2,3.0222,2,34.3627,2,12.0,2,64.6,2,0.024,2,,2
1002.0,2,3.0214,2,34.3629,2,12.0,2,64.6,2,0.024,2,,2
1003.0,2,3.0202,2,34.3632,2,12.0,2,64.6,2,0.024,2,,2
1004.0,2,3.0154,2,34.3643,2,12.0,2,64.6,2,0.024,2,,2
1005.0,2,3.0116,2,34.3648,2,11.9,2,64.6,2,0.024,2,,2
1005.7,2,3.0104,2,34.3649,2,11.9,2,64.6,2,0.024,2,,2
END_DATA
