CTD,20190304CCHSIOLMM
#-----------------------------------------------------------------------------------------------------------,,,,,,,,,,,,,,,,,
#Transmissivity Fluorescence and PAR are nominal and unedited except that some records were removed in editing temperature and salinity.,,,,,,,,,,,,,,,,,
#,,,,,,,,,,,,,,,,,
#COMMENTS FOR FILES 0001 TO 0040:,,,,,,,,,,,,,,,,,
#The Oxygen:Dissolved:CTD data for this cruise were recalibrated in three steps.,,,,,,,,,,,,,,,,,
#The first correction was applied to data from above 1400 dbar and to all of cast 0040.,,,,,,,,,,,,,,,,,
#The second was applied to data below 1400 dbar from casts 0015 to 0038.,,,,,,,,,,,,,,,,,
#The final correction was applied to all data. ,,,,,,,,,,,,,,,,,
#,,,,,,,,,,,,,,,,,
#Oxygen:Dissolved:CTD data below 1400 dbar are very noisy and are considered less reliable because of the noisy signal; the limitations in the calibration; and because it was impossible to fine-tune the configuration parameters to get the best possible deep data; so there may be some hysteresis.,,,,,,,,,,,,,,,,,
#,,,,,,,,,,,,,,,,,
#The Oxygen:Dissolved:CTD data should be considered:,,,,,,,,,,,,,,,,,
#      • ±0.4 ml/l from 0 to 200 dbar,,,,,,,,,,,,,,,,,
#      • ±0.1 ml/l from 200 to 500 dbar,,,,,,,,,,,,,,,,,
#      • ±0.04 ml/l from 500 to 1500 dbar,,,,,,,,,,,,,,,,,
#      • ±0.2 ml/l below 1500 dbar,,,,,,,,,,,,,,,,,
#,,,,,,,,,,,,,,,,,
#COMMENTS FOR FILES 0046 TO 0060:,,,,,,,,,,,,,,,,,
#There were no bottle samples available to recalibrate the dissolved oxygen sensor used for this cast. ,,,,,,,,,,,,,,,,,
#Recalibration was based only on an inter-comparison of repeat casts at station P26; one with sensor #0997 (used for casts 0001 to 0040) and two with sensor #1119 (used for casts 0046 to 0060). ,,,,,,,,,,,,,,,,,
#The casts were separated in time by 4 to 6 hours.,,,,,,,,,,,,,,,,,
#Temporal variations were found to be very large between 100 and 700 dbar during repeat casts using a single sensor so the inter-comparison of sensors was limited to the mixed layer from 0 to 100 dbar and below 700 dbar. ,,,,,,,,,,,,,,,,,
#This limits the range included in the fit to high and low values.,,,,,,,,,,,,,,,,,
#A final calibration applied was based on studies of sensor #0997.,,,,,,,,,,,,,,,,,
#,,,,,,,,,,,,,,,,,
#The comparisons in areas of low Oxygen:Dissolved gradients suggest that this sensor performed well. ,,,,,,,,,,,,,,,,,
#A rough estimate suggests that the data is likely to be within:,,,,,,,,,,,,,,,,,
#      • ±0.4 ml/l from 0 to 200 dbar,,,,,,,,,,,,,,,,,
#      • ±0.2 ml/l below 200 dbar,,,,,,,,,,,,,,,,,
#,,,,,,,,,,,,,,,,,
#Transmissometer #1005DR was calibrated in March 2008 and drifted significantly but steadily until July 2009. ,,,,,,,,,,,,,,,,,
#Then a sudden shift occurred so that maximum values between September 2009 and July 2010 were very low by about 25 %/m. ,,,,,,,,,,,,,,,,,
#In August 2010 a study was made of transmissivity that led to a decision to apply post-processing corrections to all cruises between March 2008 and June 2010.,,,,,,,,,,,,,,,,,
#,,,,,,,,,,,,,,,,,
#Transmissivity data from this cruise were corrected by multiplying the original values by a correction factor which was based on assumptions that deep offshore transmissivity from a June 2009 cruise should be about 62 %/m and that drift was linear with time between March 2008 and July 2009. ,,,,,,,,,,,,,,,,,
#The corrections produced reasonable results for all cruises in that time period. ,,,,,,,,,,,,,,,,,
#,,,,,,,,,,,,,,,,,
#For details on the transmissometer post-processing see: Transmissometer_1005DR_Corrections.pdf.,,,,,,,,,,,,,,,,,
#,,,,,,,,,,,,,,,,,
#These data should still be considered nominal.,,,,,,,,,,,,,,,,,
#---------------------------------------------------------------------------------------------------,,,,,,,,,,,,,,,,,
#For details on the processing see file 2009-03-proc.pdf.,,,,,,,,,,,,,,,,,
#---------------------------------------------------------------------------------------------------,,,,,,,,,,,,,,,,,
#,,,,,,,,,,,,,,,,,
#File Name,Zone,FIL:START TIME YYYY/MM/DD, HH:MM,LOC:EVENT_NUMBER,LOC:LATITUDE,LOC:LONGITUDE,LOC:STATION,Pressure:CTD [dbar],Temperature:CTD [deg_C_(ITS90)],Salinity:Practical:CTD [PSS-78],Sigma-t:CTD [kg/m^3],Transmissivity:CTD [*/m],Oxygen:Dissolved:CTD:Volume [ml/l],Oxygen:Dissolved:CTD:Mass [µmol/kg],Fluorescence:CTD [mg/m^3],PAR:CTD [µE/m^2/sec],
#,,,,,,,,,,,,,,,,,
NUMBER_HEADERS = 8
EXPOCODE = 18DD20090127
STNBR = P26
CASTNO = 6
DATE = 05/02/2009
TIME =  11:43
LATITUDE = 49.9955
LONGITUDE = -145.03633
CTDPRS,CTDPRS_FLAG_W,CTDTMP,CTDTMP_FLAG_W,CTDSAL,CTDSAL_FLAG_W,CTDOXY,CTDOXY_FLAG_W,CTDXMISS,CTDXMISS_FLAG_W,CTDFLUOR,CTDFLUOR_FLAG_W,PAR,PAR_FLAG_W
DBAR,,ITS-90,,PSS-78,,UMOL/KG,,,,MG/M^3,,UE/m^2/sec,
P26,2,4.1,2,6.0255,2,6.94,2,25.6572,2,301.9,2,1.188,2
P26,2,5.0,2,6.0258,2,6.93,2,25.6568,2,301.8,2,1.225,2
P26,2,6.0,2,6.0256,2,6.93,2,25.6568,2,301.6,2,1.237,2
P26,2,7.1,2,6.0278,2,6.93,2,25.6565,2,301.7,2,1.24,2
P26,2,8.0,2,6.0265,2,6.94,2,25.6569,2,301.9,2,1.245,2
P26,2,9.0,2,6.0259,2,6.93,2,25.656999999999996,2,301.6,2,1.214,2
P26,2,10.0,2,6.0252,2,6.93,2,25.6571,2,301.9,2,1.193,2
P26,2,11.0,2,6.0283,2,6.94,2,25.6564,2,302.2,2,1.2429999999999999,2
P26,2,12.0,2,6.0336,2,6.95,2,25.6559,2,302.5,2,1.27,2
P26,2,13.0,2,6.0349,2,6.96,2,25.6559,2,303.0,2,1.2309999999999999,2
P26,2,14.1,2,6.0338,2,6.96,2,25.6565,2,303.0,2,1.252,2
P26,2,15.0,2,6.0336,2,6.95,2,25.6565,2,302.5,2,1.1840000000000002,2
P26,2,16.0,2,6.0354,2,6.96,2,25.6563,2,302.8,2,1.205,2
P26,2,17.0,2,6.0337,2,6.96,2,25.6565,2,303.0,2,1.237,2
P26,2,18.0,2,6.035,2,6.96,2,25.6562,2,302.9,2,1.236,2
P26,2,19.0,2,6.0354,2,6.95,2,25.6563,2,302.6,2,1.246,2
P26,2,20.0,2,6.0342,2,6.94,2,25.6563,2,302.2,2,1.3119999999999998,2
P26,2,21.1,2,6.0329,2,6.94,2,25.6564,2,302.0,2,1.3090000000000002,2
P26,2,22.0,2,6.0323,2,6.93,2,25.6564,2,301.8,2,1.2109999999999999,2
P26,2,23.0,2,6.0318,2,6.93,2,25.6565,2,301.4,2,1.251,2
P26,2,24.0,2,6.0316,2,6.93,2,25.6564,2,301.6,2,1.206,2
P26,2,25.0,2,6.0319,2,6.94,2,25.6563,2,302.1,2,1.209,2
P26,2,26.0,2,6.0316,2,6.95,2,25.6563,2,302.5,2,1.195,2
P26,2,27.0,2,6.0313,2,6.95,2,25.6563,2,302.6,2,1.195,2
P26,2,28.0,2,6.0317,2,6.95,2,25.6563,2,302.6,2,1.2409999999999999,2
P26,2,29.0,2,6.0345,2,6.94,2,25.6562,2,302.2,2,1.225,2
P26,2,30.0,2,6.0372,2,6.93,2,25.656,2,301.6,2,1.27,2
P26,2,31.0,2,6.0356,2,6.93,2,25.6561,2,301.8,2,1.232,2
P26,2,32.0,2,6.0349,2,6.94,2,25.6561,2,302.1,2,1.262,2
P26,2,33.0,2,6.0342,2,6.94,2,25.6561,2,302.2,2,1.203,2
P26,2,34.0,2,6.0328,2,6.94,2,25.6561,2,302.0,2,1.255,2
P26,2,35.0,2,6.0361,2,6.94,2,25.6558,2,301.9,2,1.203,2
P26,2,36.0,2,6.037999999999999,2,6.93,2,25.6557,2,301.9,2,1.193,2
P26,2,37.0,2,6.0387,2,6.94,2,25.656,2,302.1,2,1.222,2
P26,2,38.0,2,6.0377,2,6.95,2,25.656,2,302.4,2,1.214,2
P26,2,39.0,2,6.0373,2,6.95,2,25.656,2,302.4,2,1.237,2
P26,2,40.0,2,6.0376,2,6.95,2,25.6559,2,302.5,2,1.29,2
P26,2,41.0,2,6.0376,2,6.95,2,25.6562,2,302.3,2,1.17,2
P26,2,42.0,2,6.0382,2,6.94,2,25.6559,2,302.3,2,1.194,2
P26,2,43.0,2,6.0375,2,6.95,2,25.6561,2,302.3,2,1.224,2
P26,2,44.0,2,6.037000000000001,2,6.95,2,25.6562,2,302.3,2,1.245,2
P26,2,45.0,2,6.0391,2,6.95,2,25.6559,2,302.5,2,1.297,2
P26,2,46.0,2,6.04,2,6.95,2,25.6556,2,302.5,2,1.258,2
P26,2,47.0,2,6.0409,2,6.95,2,25.6556,2,302.3,2,1.192,2
P26,2,48.0,2,6.0414,2,6.94,2,25.6555,2,302.3,2,1.348,2
P26,2,49.0,2,6.0415,2,6.95,2,25.6554,2,302.4,2,1.374,2
P26,2,50.1,2,6.041,2,6.95,2,25.6557,2,302.6,2,1.305,2
P26,2,51.0,2,6.0411,2,6.95,2,25.6557,2,302.6,2,1.238,2
P26,2,52.0,2,6.0417,2,6.95,2,25.6557,2,302.7,2,1.236,2
P26,2,53.1,2,6.0418,2,6.95,2,25.6557,2,302.4,2,1.2309999999999999,2
P26,2,53.9,2,6.042000000000001,2,6.95,2,25.6558,2,302.5,2,1.2309999999999999,2
P26,2,55.0,2,6.0418,2,6.95,2,25.6557,2,302.3,2,1.1840000000000002,2
P26,2,56.0,2,6.0425,2,6.94,2,25.6555,2,302.1,2,1.205,2
P26,2,57.0,2,6.0434,2,6.94,2,25.6553,2,302.3,2,1.193,2
P26,2,58.0,2,6.0434,2,6.95,2,25.6551,2,302.4,2,1.183,2
P26,2,59.0,2,6.0442,2,6.94,2,25.6549,2,302.2,2,1.214,2
P26,2,60.0,2,6.0438,2,6.93,2,25.655,2,301.7,2,1.244,2
P26,2,61.0,2,6.0444,2,6.92,2,25.6553,2,301.1,2,1.276,2
P26,2,62.0,2,6.0439,2,6.91,2,25.6553,2,301.0,2,1.249,2
P26,2,63.0,2,6.0448,2,6.92,2,25.6554,2,301.2,2,1.237,2
P26,2,63.9,2,6.0439,2,6.94,2,25.6554,2,301.9,2,1.175,2
P26,2,65.0,2,6.0413,2,6.94,2,25.6556,2,302.2,2,1.24,2
P26,2,66.0,2,6.0433,2,6.94,2,25.6552,2,302.0,2,1.228,2
P26,2,67.0,2,6.0431,2,6.94,2,25.6553,2,302.1,2,1.208,2
P26,2,67.9,2,6.0421,2,6.94,2,25.6553,2,302.1,2,1.159,2
P26,2,69.0,2,6.042000000000001,2,6.94,2,25.6554,2,302.2,2,1.168,2
P26,2,70.0,2,6.0422,2,6.95,2,25.6554,2,302.4,2,1.2209999999999999,2
P26,2,71.0,2,6.0425,2,6.95,2,25.6556,2,302.6,2,1.214,2
P26,2,72.0,2,6.0418,2,6.95,2,25.6555,2,302.7,2,1.288,2
P26,2,73.0,2,6.0414,2,6.96,2,25.6556,2,302.9,2,1.258,2
P26,2,74.0,2,6.0414,2,6.96,2,25.6557,2,302.9,2,1.225,2
P26,2,75.1,2,6.0407,2,6.96,2,25.6559,2,303.1,2,1.229,2
P26,2,76.0,2,6.0386,2,6.96,2,25.656,2,303.0,2,1.234,2
P26,2,77.0,2,6.0369,2,6.95,2,25.6559,2,302.3,2,1.287,2
P26,2,78.0,2,6.0368,2,6.93,2,25.6559,2,301.6,2,1.306,2
P26,2,79.0,2,6.0371,2,6.93,2,25.6558,2,301.6,2,1.248,2
P26,2,80.0,2,6.0375,2,6.95,2,25.6556,2,302.3,2,1.33,2
P26,2,81.0,2,6.0386,2,6.95,2,25.6556,2,302.6,2,1.3430000000000002,2
P26,2,82.0,2,6.0374,2,6.95,2,25.6557,2,302.6,2,1.251,2
P26,2,83.0,2,6.0404,2,6.95,2,25.6554,2,302.4,2,1.237,2
P26,2,84.1,2,6.0411,2,6.94,2,25.6557,2,302.2,2,1.193,2
P26,2,84.9,2,6.0401,2,6.93,2,25.6557,2,301.7,2,1.215,2
P26,2,86.0,2,6.04,2,6.94,2,25.6556,2,302.0,2,1.276,2
P26,2,87.0,2,6.0435,2,6.95,2,25.6551,2,302.3,2,1.263,2
P26,2,88.0,2,6.0436,2,6.95,2,25.6554,2,302.3,2,1.227,2
P26,2,89.0,2,6.0431,2,6.94,2,25.6555,2,302.1,2,1.235,2
P26,2,90.0,2,6.0435,2,6.93,2,25.6554,2,301.7,2,1.176,2
P26,2,91.1,2,6.0423,2,6.94,2,25.6558,2,302.0,2,1.2209999999999999,2
P26,2,91.9,2,6.0424,2,6.94,2,25.6558,2,302.0,2,1.242,2
P26,2,93.0,2,6.0421,2,6.93,2,25.6555,2,301.9,2,1.2109999999999999,2
P26,2,94.0,2,6.0423,2,6.95,2,25.6554,2,302.3,2,1.22,2
P26,2,95.0,2,6.0415,2,6.95,2,25.6556,2,302.6,2,1.358,2
P26,2,96.0,2,6.0374,2,6.95,2,25.6566,2,302.7,2,1.247,2
P26,2,97.1,2,6.0360000000000005,2,6.95,2,25.6568,2,302.6,2,1.226,2
P26,2,97.9,2,6.0391,2,6.91,2,25.656,2,300.8,2,1.2009999999999998,2
P26,2,99.0,2,6.0329,2,6.89,2,25.6582,2,300.0,2,1.235,2
P26,2,100.0,2,5.9298,2,6.89,2,25.69,2,299.9,2,1.167,2
P26,2,101.2,2,5.917000000000001,2,6.89,2,25.6918,2,299.7,2,1.115,2
P26,2,102.1,2,5.8924,2,6.89,2,25.6979,2,299.9,2,1.057,2
P26,2,103.0,2,5.8548,2,6.89,2,25.706999999999997,2,299.9,2,0.9740000000000001,2
P26,2,104.1,2,5.8297,2,6.89,2,25.7119,2,299.9,2,0.879,2
P26,2,105.1,2,5.7523,2,6.84,2,25.7289,2,297.6,2,0.718,2
P26,2,106.0,2,5.5361,2,6.79,2,25.7783,2,295.6,2,0.59,2
P26,2,107.0,2,5.3938,2,6.78,2,25.8224,2,295.2,2,0.512,2
P26,2,108.0,2,5.3582,2,6.78,2,25.8372,2,295.1,2,0.409,2
P26,2,109.1,2,5.3193,2,6.77,2,25.8565,2,294.7,2,0.353,2
P26,2,110.0,2,5.3045,2,6.77,2,25.8644,2,294.7,2,0.32899999999999996,2
P26,2,111.0,2,5.2764,2,6.78,2,25.873,2,295.1,2,0.259,2
P26,2,112.0,2,5.2483,2,6.74,2,25.8831,2,293.4,2,0.272,2
P26,2,113.0,2,5.2302,2,6.71,2,25.8884,2,292.0,2,0.262,2
P26,2,114.0,2,5.083,2,6.66,2,25.9218,2,289.9,2,0.253,2
P26,2,115.0,2,4.9605,2,6.64,2,25.9462,2,288.9,2,0.21,2
P26,2,116.0,2,4.8251,2,6.63,2,25.9637,2,288.6,2,0.185,2
P26,2,117.0,2,4.6415,2,6.63,2,25.9939,2,288.5,2,0.172,2
P26,2,118.0,2,4.5297,2,6.63,2,26.0188,2,288.7,2,0.171,2
P26,2,119.0,2,4.5018,2,6.63,2,26.0295,2,288.4,2,0.145,2
P26,2,120.0,2,4.5031,2,6.61,2,26.0366,2,287.5,2,0.11599999999999999,2
P26,2,121.1,2,4.5154,2,6.59,2,26.0477,2,286.7,2,0.10400000000000001,2
P26,2,122.0,2,4.5702,2,6.53,2,26.0629,2,284.3,2,0.08199999999999999,2
P26,2,123.0,2,4.6224,2,6.51,2,26.0684,2,283.1,2,0.086,2
P26,2,124.0,2,4.6809,2,6.48,2,26.0739,2,282.0,2,0.092,2
P26,2,125.0,2,4.7338,2,6.45,2,26.0839,2,280.9,2,0.091,2
P26,2,126.0,2,4.7943,2,6.44,2,26.0938,2,280.2,2,0.085,2
P26,2,127.1,2,4.8255,2,6.43,2,26.099,2,279.8,2,0.113,2
P26,2,127.9,2,4.8501,2,6.42,2,26.1029,2,279.1,2,0.099,2
P26,2,128.9,2,4.8699,2,6.36,2,26.1087,2,276.8,2,0.054000000000000006,2
P26,2,130.0,2,4.8549,2,6.32,2,26.1122,2,275.1,2,0.075,2
P26,2,131.0,2,4.857,2,6.27,2,26.1259,2,272.6,2,0.062,2
P26,2,132.0,2,4.9307,2,6.22,2,26.1415,2,270.7,2,0.062,2
P26,2,133.0,2,5.0246,2,6.2,2,26.1621,2,269.7,2,0.052000000000000005,2
P26,2,134.0,2,5.0428,2,6.18,2,26.176,2,268.7,2,0.06,2
P26,2,135.0,2,5.0443,2,6.15,2,26.1803,2,267.6,2,0.05,2
P26,2,136.0,2,5.0453,2,6.12,2,26.1848,2,266.4,2,0.045,2
P26,2,137.0,2,5.0498,2,6.09,2,26.1963,2,265.0,2,0.048,2
P26,2,137.9,2,5.0569,2,6.05,2,26.2154,2,263.0,2,0.075,2
P26,2,139.0,2,5.0334,2,5.94,2,26.243000000000002,2,258.2,2,0.062,2
P26,2,140.0,2,5.0296,2,5.84,2,26.2522,2,254.0,2,0.07200000000000001,2
P26,2,141.0,2,5.0569999999999995,2,5.76,2,26.2636,2,250.4,2,0.109,2
P26,2,142.0,2,4.9228,2,5.69,2,26.288,2,247.6,2,0.055,2
P26,2,143.0,2,4.6299,2,5.63,2,26.3027,2,244.9,2,0.069,2
P26,2,144.0,2,4.5205,2,5.61,2,26.3054,2,244.0,2,0.055,2
P26,2,145.0,2,4.4961,2,5.61,2,26.304000000000002,2,243.9,2,0.051,2
P26,2,146.0,2,4.4485,2,5.6,2,26.3093,2,243.6,2,0.052000000000000005,2
P26,2,147.0,2,4.5116,2,5.56,2,26.3172,2,241.9,2,0.057,2
P26,2,148.0,2,4.6418,2,5.51,2,26.3371,2,239.6,2,0.055999999999999994,2
P26,2,149.0,2,4.7265,2,5.47,2,26.3594,2,237.8,2,0.052000000000000005,2
P26,2,150.0,2,4.735,2,5.42,2,26.3688,2,235.7,2,0.051,2
P26,2,151.0,2,4.788,2,5.39,2,26.3854,2,234.4,2,0.054000000000000006,2
P26,2,152.0,2,4.8534,2,5.39,2,26.3911,2,234.3,2,0.059000000000000004,2
P26,2,153.0,2,4.9655,2,5.35,2,26.4016,2,232.8,2,0.055999999999999994,2
P26,2,154.0,2,5.0243,2,5.3,2,26.4125,2,230.3,2,0.048,2
P26,2,155.0,2,5.0903,2,5.24,2,26.4375,2,228.0,2,0.051,2
P26,2,155.9,2,5.0716,2,5.2,2,26.4482,2,226.2,2,0.049,2
P26,2,157.2,2,5.0138,2,5.12,2,26.4658,2,222.6,2,0.05,2
P26,2,157.9,2,5.0196,2,5.09,2,26.4727,2,221.2,2,0.049,2
P26,2,159.0,2,5.0099,2,5.03,2,26.4755,2,218.7,2,0.053,2
P26,2,160.0,2,4.9681,2,4.96,2,26.4873,2,215.9,2,0.053,2
P26,2,161.0,2,4.9192,2,4.89,2,26.5034,2,212.8,2,0.057,2
P26,2,162.0,2,4.8822,2,4.83,2,26.5252,2,210.2,2,0.049,2
P26,2,163.0,2,4.8687,2,4.79,2,26.5378,2,208.3,2,0.052000000000000005,2
P26,2,164.1,2,4.8517,2,4.76,2,26.5463,2,207.1,2,0.053,2
P26,2,164.9,2,4.8432,2,4.74,2,26.5485,2,206.0,2,0.049,2
P26,2,166.0,2,4.8303,2,4.72,2,26.5516,2,205.2,2,0.054000000000000006,2
P26,2,167.0,2,4.8255,2,4.7,2,26.5527,2,204.2,2,0.051,2
P26,2,168.0,2,4.8171,2,4.66,2,26.5554,2,202.7,2,0.065,2
P26,2,169.0,2,4.8013,2,4.62,2,26.5624,2,200.9,2,0.047,2
P26,2,170.0,2,4.7832,2,4.58,2,26.5741,2,199.3,2,0.049,2
P26,2,171.0,2,4.7723,2,4.54,2,26.5847,2,197.6,2,0.052000000000000005,2
P26,2,172.1,2,4.7618,2,4.51,2,26.5897,2,196.0,2,0.064,2
P26,2,173.0,2,4.7533,2,4.45,2,26.5948,2,193.3,2,0.053,2
P26,2,174.0,2,4.7271,2,4.35,2,26.6109,2,189.3,2,0.051,2
P26,2,175.0,2,4.6963,2,4.27,2,26.6291,2,185.9,2,0.05,2
P26,2,176.0,2,4.6738,2,4.21,2,26.6396,2,182.9,2,0.046,2
P26,2,177.0,2,4.6374,2,4.16,2,26.6488,2,180.8,2,0.048,2
P26,2,178.0,2,4.6295,2,4.12,2,26.6568,2,179.3,2,0.052000000000000005,2
P26,2,179.0,2,4.628,2,4.09,2,26.6614,2,177.9,2,0.055999999999999994,2
P26,2,180.0,2,4.6362,2,4.06,2,26.6675,2,176.5,2,0.049,2
P26,2,181.0,2,4.6286,2,4.04,2,26.671,2,175.8,2,0.067,2
P26,2,182.2,2,4.6285,2,4.02,2,26.6778,2,175.0,2,0.057,2
P26,2,182.9,2,4.6619,2,3.96,2,26.6847,2,172.0,2,0.06,2
P26,2,184.0,2,4.6074,2,3.88,2,26.6965,2,168.5,2,0.11199999999999999,2
P26,2,185.0,2,4.5889999999999995,2,3.83,2,26.7016,2,166.6,2,0.057,2
P26,2,186.0,2,4.5867,2,3.79,2,26.7039,2,164.8,2,0.049,2
P26,2,187.0,2,4.5493,2,3.75,2,26.7102,2,163.0,2,0.048,2
P26,2,188.0,2,4.5235,2,3.71,2,26.714000000000002,2,161.3,2,0.05,2
P26,2,189.0,2,4.5193,2,3.68,2,26.7184,2,159.9,2,0.06,2
P26,2,190.0,2,4.4862,2,3.65,2,26.7234,2,158.7,2,0.054000000000000006,2
P26,2,190.9,2,4.4591,2,3.63,2,26.7282,2,157.8,2,0.051,2
P26,2,192.0,2,4.4554,2,3.59,2,26.7294,2,156.0,2,0.054000000000000006,2
P26,2,193.0,2,4.4563,2,3.56,2,26.730999999999998,2,155.0,2,0.053,2
P26,2,194.0,2,4.4569,2,3.55,2,26.7348,2,154.2,2,0.049,2
P26,2,195.0,2,4.4613,2,3.53,2,26.7367,2,153.5,2,0.05,2
P26,2,196.0,2,4.4547,2,3.51,2,26.7389,2,152.6,2,0.049,2
P26,2,197.0,2,4.4447,2,3.49,2,26.7415,2,151.6,2,0.05,2
P26,2,198.0,2,4.4283,2,3.47,2,26.7458,2,150.8,2,0.057999999999999996,2
P26,2,198.7,2,4.4215,2,3.46,2,26.747,2,150.5,2,0.055,2
P26,2,200.0,2,4.4161,2,3.41,2,26.7489,2,148.4,2,0.055,2
P26,2,201.0,2,4.4096,2,3.4,2,26.7507,2,148.0,2,0.053,2
P26,2,202.0,2,4.4061,2,3.39,2,26.7514,2,147.4,2,0.055999999999999994,2
P26,2,203.0,2,4.3981,2,3.37,2,26.7529,2,146.7,2,0.054000000000000006,2
P26,2,204.0,2,4.3903,2,3.36,2,26.7554,2,146.0,2,0.07200000000000001,2
P26,2,205.0,2,4.3853,2,3.34,2,26.7576,2,145.3,2,0.049,2
P26,2,206.4,2,4.3398,2,3.28,2,26.7627,2,142.4,2,0.048,2
P26,2,207.0,2,4.3414,2,3.27,2,26.7632,2,142.0,2,0.051,2
P26,2,208.0,2,4.351,2,3.25,2,26.7652,2,141.2,2,0.052000000000000005,2
P26,2,209.0,2,4.3558,2,3.22,2,26.7681,2,140.2,2,0.051,2
P26,2,210.0,2,4.3572,2,3.21,2,26.7697,2,139.6,2,0.052000000000000005,2
P26,2,211.0,2,4.3569,2,3.2,2,26.7704,2,139.2,2,0.051,2
P26,2,212.0,2,4.343,2,3.19,2,26.7725,2,138.7,2,0.057999999999999996,2
P26,2,213.0,2,4.3308,2,3.18,2,26.7737,2,138.3,2,0.051,2
P26,2,214.0,2,4.3204,2,3.16,2,26.7743,2,137.6,2,0.052000000000000005,2
P26,2,215.0,2,4.313,2,3.15,2,26.7754,2,137.1,2,0.052000000000000005,2
P26,2,216.0,2,4.31,2,3.14,2,26.7762,2,136.6,2,0.05,2
P26,2,217.0,2,4.3038,2,3.12,2,26.7779,2,135.5,2,0.051,2
P26,2,218.0,2,4.2896,2,3.09,2,26.7804,2,134.5,2,0.051,2
P26,2,219.0,2,4.2814,2,3.07,2,26.7819,2,133.6,2,0.05,2
P26,2,220.0,2,4.2743,2,3.05,2,26.7826,2,132.8,2,0.049,2
P26,2,221.0,2,4.2639,2,3.03,2,26.7837,2,131.7,2,0.054000000000000006,2
P26,2,222.0,2,4.2443,2,2.99,2,26.7871,2,130.2,2,0.051,2
P26,2,223.0,2,4.22,2,2.96,2,26.7911,2,128.7,2,0.057,2
P26,2,224.0,2,4.2042,2,2.93,2,26.7932,2,127.6,2,0.057999999999999996,2
P26,2,225.0,2,4.1917,2,2.92,2,26.7946,2,127.0,2,0.053,2
P26,2,226.0,2,4.1892,2,2.9,2,26.7961,2,126.3,2,0.051,2
P26,2,227.0,2,4.2014,2,2.88,2,26.7992,2,125.3,2,0.051,2
P26,2,228.0,2,4.2154,2,2.85,2,26.8011,2,124.1,2,0.054000000000000006,2
P26,2,229.0,2,4.1973,2,2.82,2,26.8038,2,122.6,2,0.053,2
P26,2,230.0,2,4.1683,2,2.79,2,26.8074,2,121.4,2,0.051,2
P26,2,231.0,2,4.1635,2,2.77,2,26.8086,2,120.5,2,0.054000000000000006,2
P26,2,232.1,2,4.1565,2,2.76,2,26.8111,2,119.9,2,0.052000000000000005,2
P26,2,233.0,2,4.1547,2,2.74,2,26.8126,2,119.2,2,0.051,2
P26,2,234.0,2,4.1479,2,2.71,2,26.8152,2,117.9,2,0.055999999999999994,2
P26,2,235.0,2,4.1427,2,2.69,2,26.8161,2,117.1,2,0.053,2
P26,2,236.0,2,4.1386,2,2.68,2,26.8177,2,116.4,2,0.053,2
P26,2,237.0,2,4.1361,2,2.66,2,26.8187,2,115.8,2,0.08199999999999999,2
P26,2,238.0,2,4.1339999999999995,2,2.64,2,26.8195,2,114.8,2,0.055999999999999994,2
P26,2,239.0,2,4.1287,2,2.61,2,26.8227,2,113.6,2,0.051,2
P26,2,240.0,2,4.1148,2,2.59,2,26.8255,2,112.5,2,0.051,2
P26,2,241.0,2,4.1066,2,2.56,2,26.8274,2,111.4,2,0.053,2
P26,2,242.0,2,4.1035,2,2.54,2,26.8288,2,110.5,2,0.055999999999999994,2
P26,2,243.0,2,4.1093,2,2.53,2,26.8307,2,110.0,2,0.055999999999999994,2
P26,2,244.0,2,4.0966,2,2.52,2,26.8336,2,109.4,2,0.055,2
P26,2,245.0,2,4.1023,2,2.5,2,26.835,2,108.6,2,0.053,2
P26,2,246.0,2,4.121,2,2.48,2,26.8369,2,107.7,2,0.054000000000000006,2
P26,2,247.0,2,4.0993,2,2.46,2,26.8396,2,106.8,2,0.054000000000000006,2
P26,2,248.0,2,4.1022,2,2.45,2,26.8421,2,106.4,2,0.053,2
P26,2,249.0,2,4.1166,2,2.43,2,26.8438,2,105.7,2,0.054000000000000006,2
P26,2,249.9,2,4.1354,2,2.41,2,26.8459,2,105.0,2,0.06,2
P26,2,251.0,2,4.1431,2,2.4,2,26.8467,2,104.3,2,0.054000000000000006,2
P26,2,252.0,2,4.1367,2,2.37,2,26.8485,2,103.2,2,0.052000000000000005,2
P26,2,253.0,2,4.1221,2,2.36,2,26.8505,2,102.4,2,0.054000000000000006,2
P26,2,254.0,2,4.1541,2,2.34,2,26.8523,2,101.7,2,0.055,2
P26,2,255.0,2,4.159,2,2.33,2,26.8543,2,101.3,2,0.055,2
P26,2,256.0,2,4.1455,2,2.32,2,26.8567,2,100.7,2,0.055,2
P26,2,257.0,2,4.1323,2,2.31,2,26.8571,2,100.3,2,0.055,2
P26,2,258.0,2,4.1464,2,2.3,2,26.8587,2,100.1,2,0.055,2
P26,2,259.0,2,4.154,2,2.29,2,26.8602,2,99.4,2,0.057,2
P26,2,260.0,2,4.1542,2,2.26,2,26.8606,2,98.4,2,0.055,2
P26,2,261.0,2,4.1492,2,2.25,2,26.8621,2,97.9,2,0.055,2
P26,2,262.0,2,4.1424,2,2.24,2,26.8637,2,97.6,2,0.055,2
P26,2,263.0,2,4.1419,2,2.24,2,26.8642,2,97.6,2,0.055,2
P26,2,264.0,2,4.1435,2,2.24,2,26.8648,2,97.4,2,0.055,2
P26,2,265.0,2,4.1455,2,2.23,2,26.8653,2,97.1,2,0.071,2
P26,2,266.0,2,4.1466,2,2.23,2,26.8666,2,97.0,2,0.063,2
P26,2,267.0,2,4.1457,2,2.22,2,26.8675,2,96.5,2,0.057999999999999996,2
P26,2,268.0,2,4.141,2,2.19,2,26.8695,2,95.3,2,0.055,2
P26,2,269.0,2,4.1393,2,2.18,2,26.8698,2,94.7,2,0.055,2
P26,2,270.0,2,4.1406,2,2.17,2,26.8701,2,94.3,2,0.057999999999999996,2
P26,2,271.0,2,4.1379,2,2.16,2,26.8717,2,93.9,2,0.055999999999999994,2
P26,2,272.0,2,4.1335,2,2.14,2,26.8741,2,93.2,2,0.055,2
P26,2,273.0,2,4.1301,2,2.13,2,26.8753,2,92.7,2,0.055,2
P26,2,274.0,2,4.1272,2,2.13,2,26.8768,2,92.4,2,0.055,2
P26,2,275.0,2,4.1265,2,2.12,2,26.8771,2,92.3,2,0.055,2
P26,2,275.9,2,4.1256,2,2.12,2,26.8776,2,92.0,2,0.055,2
P26,2,277.3,2,4.1234,2,2.09,2,26.8798,2,90.7,2,0.059000000000000004,2
P26,2,278.0,2,4.1225,2,2.08,2,26.8803,2,90.4,2,0.057,2
P26,2,279.0,2,4.1205,2,2.07,2,26.8817,2,89.8,2,0.055,2
P26,2,280.0,2,4.1183,2,2.05,2,26.8831,2,89.0,2,0.057,2
P26,2,281.0,2,4.1163,2,2.03,2,26.885,2,88.2,2,0.059000000000000004,2
P26,2,282.0,2,4.1139,2,2.01,2,26.8878,2,87.4,2,0.057999999999999996,2
P26,2,283.0,2,4.1118,2,2.0,2,26.89,2,86.8,2,0.057,2
P26,2,284.0,2,4.1114,2,1.99,2,26.8911,2,86.3,2,0.055,2
P26,2,285.0,2,4.1116,2,1.98,2,26.8921,2,85.9,2,0.057999999999999996,2
P26,2,286.0,2,4.1114,2,1.97,2,26.8932,2,85.7,2,0.055,2
P26,2,287.0,2,4.1085,2,1.96,2,26.8943,2,85.1,2,0.057999999999999996,2
P26,2,288.0,2,4.1026,2,1.94,2,26.8952,2,84.3,2,0.059000000000000004,2
P26,2,289.0,2,4.0994,2,1.93,2,26.8966,2,83.7,2,0.06,2
P26,2,290.0,2,4.0995,2,1.92,2,26.897,2,83.3,2,0.057999999999999996,2
P26,2,291.0,2,4.1028,2,1.91,2,26.8976,2,83.1,2,0.055,2
P26,2,292.0,2,4.1057,2,1.9,2,26.8983,2,82.7,2,0.055,2
P26,2,293.0,2,4.1081,2,1.9,2,26.899,2,82.5,2,0.055,2
P26,2,294.0,2,4.1080000000000005,2,1.89,2,26.9004,2,82.0,2,0.055,2
P26,2,295.0,2,4.1056,2,1.87,2,26.9026,2,81.4,2,0.055,2
P26,2,296.0,2,4.1038,2,1.86,2,26.9042,2,80.9,2,0.057999999999999996,2
P26,2,297.0,2,4.0997,2,1.86,2,26.9053,2,80.7,2,0.059000000000000004,2
P26,2,298.1,2,4.082,2,1.85,2,26.9063,2,80.5,2,0.055999999999999994,2
P26,2,299.0,2,4.0696,2,1.84,2,26.9071,2,79.9,2,0.059000000000000004,2
P26,2,300.0,2,4.064,2,1.83,2,26.9073,2,79.5,2,0.06,2
P26,2,301.0,2,4.0591,2,1.82,2,26.9075,2,79.2,2,0.057999999999999996,2
P26,2,302.0,2,4.053999999999999,2,1.82,2,26.9082,2,79.1,2,0.055,2
P26,2,303.0,2,4.0517,2,1.81,2,26.9087,2,78.8,2,0.059000000000000004,2
P26,2,304.0,2,4.0499,2,1.8,2,26.9094,2,78.3,2,0.057,2
P26,2,305.0,2,4.0481,2,1.79,2,26.9106,2,77.7,2,0.057,2
P26,2,306.0,2,4.0474,2,1.77,2,26.9113,2,77.2,2,0.057999999999999996,2
P26,2,307.0,2,4.0474,2,1.77,2,26.9119,2,76.9,2,0.057,2
P26,2,308.0,2,4.0475,2,1.77,2,26.9126,2,76.8,2,0.057999999999999996,2
P26,2,309.0,2,4.0472,2,1.76,2,26.9141,2,76.4,2,0.059000000000000004,2
P26,2,310.0,2,4.0471,2,1.75,2,26.9149,2,76.2,2,0.057,2
P26,2,311.0,2,4.0467,2,1.75,2,26.9153,2,76.2,2,0.061,2
P26,2,312.0,2,4.0454,2,1.74,2,26.9162,2,75.8,2,0.057999999999999996,2
P26,2,313.0,2,4.0438,2,1.74,2,26.9169,2,75.6,2,0.057999999999999996,2
P26,2,314.0,2,4.042,2,1.74,2,26.9174,2,75.5,2,0.057,2
P26,2,315.0,2,4.0408,2,1.72,2,26.9178,2,74.8,2,0.057,2
P26,2,316.0,2,4.0343,2,1.71,2,26.9198,2,74.3,2,0.057999999999999996,2
P26,2,317.0,2,4.0312,2,1.7,2,26.9211,2,74.1,2,0.054000000000000006,2
P26,2,318.0,2,4.0307,2,1.69,2,26.9212,2,73.6,2,0.057,2
P26,2,319.0,2,4.0295,2,1.69,2,26.9217,2,73.4,2,0.059000000000000004,2
P26,2,320.0,2,4.0279,2,1.67,2,26.9238,2,72.5,2,0.065,2
P26,2,321.0,2,4.0313,2,1.65,2,26.9267,2,71.6,2,0.059000000000000004,2
P26,2,322.0,2,4.0337,2,1.63,2,26.928,2,71.0,2,0.055999999999999994,2
P26,2,323.0,2,4.0343,2,1.63,2,26.9284,2,70.7,2,0.132,2
P26,2,324.0,2,4.0327,2,1.62,2,26.9288,2,70.4,2,0.062,2
P26,2,325.0,2,4.0273,2,1.61,2,26.9301,2,70.0,2,0.055999999999999994,2
P26,2,326.0,2,4.0255,2,1.6,2,26.9313,2,69.7,2,0.059000000000000004,2
P26,2,327.0,2,4.0471,2,1.6,2,26.9357,2,69.4,2,0.057,2
P26,2,328.1,2,4.0624,2,1.59,2,26.9377,2,68.9,2,0.059000000000000004,2
P26,2,329.2,2,4.0605,2,1.57,2,26.9402,2,68.2,2,0.057999999999999996,2
P26,2,330.0,2,4.064,2,1.57,2,26.9408,2,68.0,2,0.059000000000000004,2
P26,2,331.0,2,4.0665,2,1.55,2,26.9411,2,67.6,2,0.059000000000000004,2
P26,2,332.0,2,4.0717,2,1.55,2,26.9425,2,67.3,2,0.059000000000000004,2
P26,2,333.0,2,4.0775,2,1.54,2,26.9464,2,66.8,2,0.057999999999999996,2
P26,2,334.0,2,4.0796,2,1.53,2,26.9493,2,66.3,2,0.059000000000000004,2
P26,2,335.0,2,4.0787,2,1.51,2,26.9504,2,65.9,2,0.059000000000000004,2
P26,2,336.0,2,4.0778,2,1.5,2,26.951,2,65.3,2,0.057999999999999996,2
P26,2,337.0,2,4.0718,2,1.49,2,26.9517,2,64.8,2,0.057,2
P26,2,338.0,2,4.0489999999999995,2,1.47,2,26.9537,2,64.0,2,0.055999999999999994,2
P26,2,339.0,2,4.0397,2,1.46,2,26.9544,2,63.5,2,0.057999999999999996,2
P26,2,340.0,2,4.0332,2,1.45,2,26.9566,2,63.0,2,0.057999999999999996,2
P26,2,341.0,2,4.051,2,1.45,2,26.9586,2,62.9,2,0.06,2
P26,2,342.0,2,4.0616,2,1.45,2,26.9597,2,63.0,2,0.059000000000000004,2
P26,2,343.0,2,4.0659,2,1.44,2,26.9616,2,62.4,2,0.062,2
P26,2,344.0,2,4.0663,2,1.42,2,26.9637,2,61.9,2,0.059000000000000004,2
P26,2,345.0,2,4.0664,2,1.41,2,26.9673,2,61.4,2,0.059000000000000004,2
P26,2,346.0,2,4.066,2,1.4,2,26.9695,2,60.8,2,0.057999999999999996,2
P26,2,347.0,2,4.0647,2,1.39,2,26.9705,2,60.5,2,0.057,2
P26,2,348.0,2,4.062,2,1.38,2,26.9715,2,60.0,2,0.059000000000000004,2
P26,2,349.0,2,4.0509,2,1.36,2,26.9726,2,59.1,2,0.057999999999999996,2
P26,2,350.0,2,4.0311,2,1.34,2,26.9751,2,58.0,2,0.059000000000000004,2
P26,2,351.0,2,4.0312,2,1.32,2,26.9768,2,57.4,2,0.059000000000000004,2
P26,2,352.0,2,4.0327,2,1.31,2,26.978,2,56.8,2,0.057999999999999996,2
P26,2,353.0,2,4.0280000000000005,2,1.29,2,26.9804,2,56.3,2,0.057,2
P26,2,354.0,2,4.0203,2,1.28,2,26.9851,2,55.7,2,0.059000000000000004,2
P26,2,355.1,2,4.0162,2,1.27,2,26.9858,2,55.1,2,0.059000000000000004,2
P26,2,355.9,2,4.0084,2,1.24,2,26.9863,2,54.0,2,0.059000000000000004,2
P26,2,357.0,2,3.9958,2,1.22,2,26.9883,2,53.2,2,0.059000000000000004,2
P26,2,358.0,2,3.9831,2,1.22,2,26.9891,2,52.8,2,0.06,2
P26,2,359.0,2,3.9821,2,1.21,2,26.9894,2,52.6,2,0.059000000000000004,2
P26,2,360.0,2,3.9939999999999998,2,1.21,2,26.9896,2,52.6,2,0.059000000000000004,2
P26,2,361.0,2,3.9974,2,1.2,2,26.9901,2,52.3,2,0.057999999999999996,2
P26,2,362.0,2,3.9904,2,1.2,2,26.9912,2,52.2,2,0.059000000000000004,2
P26,2,363.0,2,3.9781,2,1.19,2,26.9928,2,51.9,2,0.059000000000000004,2
P26,2,364.4,2,3.9734,2,1.18,2,26.9951,2,51.5,2,0.059000000000000004,2
P26,2,365.0,2,3.9723,2,1.17,2,26.9956,2,50.8,2,0.059000000000000004,2
P26,2,366.0,2,3.9706,2,1.15,2,26.9966,2,50.0,2,0.059000000000000004,2
P26,2,367.0,2,3.9674,2,1.14,2,26.9984,2,49.4,2,0.059000000000000004,2
P26,2,368.0,2,3.9665,2,1.13,2,26.9986,2,49.2,2,0.059000000000000004,2
P26,2,369.0,2,3.9661,2,1.12,2,26.9989,2,48.9,2,0.059000000000000004,2
P26,2,370.0,2,3.9658,2,1.12,2,26.9989,2,48.8,2,0.057999999999999996,2
P26,2,371.0,2,3.9653,2,1.12,2,26.9991,2,48.7,2,0.057999999999999996,2
P26,2,372.0,2,3.9648,2,1.11,2,27.0007,2,48.4,2,0.059000000000000004,2
P26,2,373.0,2,3.9637,2,1.1,2,27.0029,2,47.9,2,0.063,2
P26,2,374.0,2,3.9628,2,1.1,2,27.0054,2,47.6,2,0.06,2
P26,2,375.0,2,3.9618,2,1.09,2,27.0078,2,47.4,2,0.059000000000000004,2
P26,2,376.0,2,3.9611,2,1.09,2,27.0091,2,47.2,2,0.059000000000000004,2
P26,2,376.7,2,3.9597,2,1.08,2,27.0097,2,47.0,2,0.059000000000000004,2
P26,2,378.4,2,3.9592,2,1.08,2,27.0101,2,47.0,2,0.059000000000000004,2
P26,2,379.0,2,3.9589,2,1.08,2,27.0104,2,46.8,2,0.059000000000000004,2
P26,2,380.0,2,3.9588,2,1.07,2,27.0107,2,46.6,2,0.059000000000000004,2
P26,2,381.0,2,3.9587,2,1.06,2,27.0117,2,46.3,2,0.059000000000000004,2
P26,2,382.0,2,3.9585,2,1.06,2,27.0136,2,46.1,2,0.059000000000000004,2
P26,2,383.0,2,3.9581,2,1.05,2,27.015,2,45.9,2,0.065,2
P26,2,384.0,2,3.9583,2,1.05,2,27.0165,2,45.8,2,0.06,2
P26,2,385.0,2,3.9584,2,1.05,2,27.0169,2,45.6,2,0.06,2
P26,2,386.0,2,3.9589,2,1.05,2,27.0172,2,45.5,2,0.059000000000000004,2
P26,2,387.0,2,3.9589999999999996,2,1.05,2,27.0174,2,45.6,2,0.06,2
P26,2,388.0,2,3.9588,2,1.05,2,27.0178,2,45.6,2,0.059000000000000004,2
P26,2,389.0,2,3.9588,2,1.04,2,27.0182,2,45.4,2,0.059000000000000004,2
P26,2,390.0,2,3.9589999999999996,2,1.04,2,27.0185,2,45.3,2,0.06,2
P26,2,391.0,2,3.9593,2,1.04,2,27.0194,2,45.3,2,0.063,2
P26,2,392.0,2,3.9598,2,1.04,2,27.0207,2,45.2,2,0.059000000000000004,2
P26,2,393.0,2,3.96,2,1.03,2,27.0221,2,44.9,2,0.059000000000000004,2
P26,2,394.0,2,3.9604,2,1.03,2,27.0232,2,44.8,2,0.059000000000000004,2
P26,2,395.0,2,3.9610000000000003,2,1.03,2,27.0241,2,44.7,2,0.059000000000000004,2
P26,2,396.0,2,3.9619999999999997,2,1.02,2,27.0256,2,44.5,2,0.059000000000000004,2
P26,2,397.0,2,3.9621,2,1.02,2,27.0267,2,44.3,2,0.06,2
P26,2,398.0,2,3.9615,2,1.01,2,27.0273,2,44.0,2,0.06,2
P26,2,399.0,2,3.9616,2,1.01,2,27.0279,2,44.0,2,0.062,2
P26,2,400.0,2,3.9619999999999997,2,1.01,2,27.0291,2,43.8,2,0.06,2
P26,2,401.1,2,3.9615,2,1.0,2,27.0313,2,43.5,2,0.06,2
P26,2,402.0,2,3.9626,2,1.0,2,27.0336,2,43.3,2,0.059000000000000004,2
P26,2,403.0,2,3.9641,2,0.99,2,27.0351,2,43.1,2,0.06,2
P26,2,404.0,2,3.9664,2,0.99,2,27.0365,2,42.9,2,0.062,2
P26,2,405.0,2,3.9684,2,0.98,2,27.0387,2,42.7,2,0.06,2
P26,2,406.0,2,3.9692,2,0.98,2,27.0398,2,42.6,2,0.057999999999999996,2
P26,2,407.0,2,3.9695,2,0.97,2,27.041,2,42.3,2,0.059000000000000004,2
P26,2,408.0,2,3.9712,2,0.96,2,27.0434,2,41.9,2,0.061,2
P26,2,409.0,2,3.9715,2,0.96,2,27.0442,2,41.7,2,0.061,2
P26,2,410.0,2,3.9721,2,0.96,2,27.0445,2,41.6,2,0.07,2
P26,2,411.0,2,3.9702,2,0.95,2,27.046,2,41.4,2,0.073,2
P26,2,412.0,2,3.9674,2,0.94,2,27.0467,2,41.0,2,0.067,2
P26,2,413.0,2,3.9656,2,0.94,2,27.0473,2,40.9,2,0.062,2
P26,2,414.0,2,3.9653,2,0.94,2,27.0479,2,40.7,2,0.059000000000000004,2
P26,2,415.0,2,3.9652,2,0.94,2,27.0481,2,40.6,2,0.059000000000000004,2
P26,2,416.0,2,3.9631,2,0.93,2,27.0496,2,40.5,2,0.059000000000000004,2
P26,2,417.0,2,3.9626,2,0.93,2,27.0508,2,40.3,2,0.059000000000000004,2
P26,2,418.0,2,3.9617,2,0.93,2,27.0521,2,40.3,2,0.059000000000000004,2
P26,2,419.3,2,3.9623,2,0.92,2,27.0522,2,39.8,2,0.059000000000000004,2
P26,2,420.0,2,3.9623,2,0.91,2,27.0536,2,39.5,2,0.061,2
P26,2,421.0,2,3.9631,2,0.9,2,27.0545,2,39.3,2,0.062,2
P26,2,422.0,2,3.9632,2,0.9,2,27.0549,2,39.3,2,0.061,2
P26,2,423.0,2,3.9624,2,0.9,2,27.0562,2,39.1,2,0.055999999999999994,2
P26,2,424.0,2,3.9615,2,0.89,2,27.0569,2,38.9,2,0.059000000000000004,2
P26,2,425.0,2,3.9595,2,0.89,2,27.0584,2,38.6,2,0.057999999999999996,2
P26,2,426.0,2,3.9574,2,0.88,2,27.0601,2,38.4,2,0.059000000000000004,2
P26,2,427.0,2,3.9566,2,0.88,2,27.0606,2,38.2,2,0.059000000000000004,2
P26,2,428.0,2,3.9553,2,0.87,2,27.0616,2,37.8,2,0.059000000000000004,2
P26,2,429.0,2,3.9533,2,0.87,2,27.0631,2,37.7,2,0.057999999999999996,2
P26,2,430.0,2,3.9523,2,0.87,2,27.0639,2,37.6,2,0.059000000000000004,2
P26,2,431.0,2,3.9517,2,0.86,2,27.0649,2,37.2,2,0.059000000000000004,2
P26,2,432.0,2,3.9499,2,0.85,2,27.0677,2,36.9,2,0.059000000000000004,2
P26,2,433.0,2,3.949,2,0.84,2,27.069000000000003,2,36.6,2,0.06,2
P26,2,434.0,2,3.9492,2,0.84,2,27.069000000000003,2,36.6,2,0.057999999999999996,2
P26,2,435.0,2,3.9494,2,0.84,2,27.0693,2,36.4,2,0.062,2
P26,2,435.9,2,3.9492,2,0.84,2,27.0696,2,36.4,2,0.059000000000000004,2
P26,2,437.0,2,3.9496,2,0.83,2,27.0695,2,36.3,2,0.059000000000000004,2
P26,2,438.0,2,3.9496,2,0.83,2,27.0699,2,36.1,2,0.061,2
P26,2,439.0,2,3.9478,2,0.82,2,27.0712,2,35.8,2,0.06,2
P26,2,440.0,2,3.9447,2,0.81,2,27.0732,2,35.4,2,0.059000000000000004,2
P26,2,441.0,2,3.9432,2,0.81,2,27.0739,2,35.3,2,0.059000000000000004,2
P26,2,442.0,2,3.9406,2,0.81,2,27.0747,2,35.2,2,0.059000000000000004,2
P26,2,443.0,2,3.9393,2,0.8,2,27.075,2,34.9,2,0.059000000000000004,2
P26,2,444.0,2,3.9376,2,0.8,2,27.0755,2,34.6,2,0.055999999999999994,2
P26,2,445.0,2,3.9343,2,0.79,2,27.076999999999998,2,34.1,2,0.059000000000000004,2
P26,2,446.0,2,3.9303,2,0.78,2,27.0793,2,33.9,2,0.059000000000000004,2
P26,2,447.0,2,3.9275,2,0.77,2,27.0805,2,33.6,2,0.059000000000000004,2
P26,2,448.0,2,3.9272,2,0.77,2,27.0815,2,33.5,2,0.059000000000000004,2
P26,2,449.0,2,3.9276,2,0.77,2,27.0817,2,33.3,2,0.059000000000000004,2
P26,2,450.0,2,3.9283,2,0.77,2,27.0819,2,33.4,2,0.059000000000000004,2
P26,2,451.0,2,3.9284,2,0.77,2,27.0832,2,33.3,2,0.059000000000000004,2
P26,2,451.9,2,3.9267,2,0.77,2,27.0844,2,33.3,2,0.059000000000000004,2
P26,2,453.0,2,3.9259,2,0.75,2,27.0853,2,32.7,2,0.059000000000000004,2
P26,2,454.0,2,3.9232,2,0.75,2,27.0871,2,32.6,2,0.059000000000000004,2
P26,2,455.0,2,3.9207,2,0.74,2,27.0882,2,32.3,2,0.059000000000000004,2
P26,2,456.0,2,3.9181,2,0.74,2,27.0895,2,32.1,2,0.059000000000000004,2
P26,2,457.0,2,3.9149,2,0.74,2,27.0906,2,31.9,2,0.059000000000000004,2
P26,2,457.9,2,3.9126,2,0.74,2,27.0915,2,31.9,2,0.059000000000000004,2
P26,2,459.4,2,3.9081,2,0.72,2,27.0933,2,31.4,2,0.059000000000000004,2
P26,2,460.0,2,3.9054,2,0.72,2,27.0946,2,31.2,2,0.057999999999999996,2
P26,2,461.0,2,3.9049,2,0.71,2,27.0948,2,30.9,2,0.057999999999999996,2
P26,2,462.0,2,3.9027,2,0.71,2,27.0956,2,30.7,2,0.059000000000000004,2
P26,2,463.0,2,3.8987,2,0.7,2,27.0968,2,30.5,2,0.059000000000000004,2
P26,2,464.0,2,3.8972,2,0.7,2,27.0973,2,30.5,2,0.059000000000000004,2
P26,2,465.0,2,3.8964,2,0.7,2,27.0975,2,30.5,2,0.059000000000000004,2
P26,2,466.0,2,3.8960000000000004,2,0.7,2,27.0978,2,30.4,2,0.059000000000000004,2
P26,2,467.0,2,3.8954,2,0.7,2,27.098000000000003,2,30.3,2,0.059000000000000004,2
P26,2,468.0,2,3.8944,2,0.69,2,27.0983,2,30.0,2,0.059000000000000004,2
P26,2,469.0,2,3.8925,2,0.69,2,27.099,2,30.0,2,0.057999999999999996,2
P26,2,470.3,2,3.8887,2,0.68,2,27.1006,2,29.7,2,0.059000000000000004,2
P26,2,471.0,2,3.8853,2,0.68,2,27.1018,2,29.5,2,0.059000000000000004,2
P26,2,472.0,2,3.8841,2,0.67,2,27.1022,2,29.3,2,0.059000000000000004,2
P26,2,473.0,2,3.878,2,0.67,2,27.1049,2,28.9,2,0.055999999999999994,2
P26,2,474.0,2,3.8735,2,0.66,2,27.1065,2,28.7,2,0.059000000000000004,2
P26,2,475.0,2,3.8715,2,0.66,2,27.1073,2,28.6,2,0.059000000000000004,2
P26,2,476.1,2,3.8701,2,0.66,2,27.1085,2,28.6,2,0.059000000000000004,2
P26,2,477.0,2,3.87,2,0.66,2,27.109,2,28.7,2,0.059000000000000004,2
P26,2,478.0,2,3.87,2,0.66,2,27.1094,2,28.7,2,0.059000000000000004,2
P26,2,479.0,2,3.8691,2,0.65,2,27.1099,2,28.5,2,0.059000000000000004,2
P26,2,480.0,2,3.867,2,0.65,2,27.1102,2,28.3,2,0.059000000000000004,2
P26,2,481.0,2,3.8655,2,0.65,2,27.1105,2,28.2,2,0.059000000000000004,2
P26,2,482.0,2,3.8643,2,0.65,2,27.1109,2,28.1,2,0.059000000000000004,2
P26,2,483.0,2,3.8633,2,0.65,2,27.1112,2,28.2,2,0.06,2
P26,2,483.8,2,3.8618,2,0.65,2,27.1127,2,28.3,2,0.063,2
P26,2,485.3,2,3.8598,2,0.65,2,27.1149,2,28.3,2,0.059000000000000004,2
P26,2,486.0,2,3.8598,2,0.65,2,27.1152,2,28.3,2,0.057,2
P26,2,487.0,2,3.86,2,0.65,2,27.1159,2,28.3,2,0.059000000000000004,2
P26,2,488.0,2,3.8597,2,0.65,2,27.1165,2,28.4,2,0.059000000000000004,2
P26,2,489.0,2,3.8593,2,0.65,2,27.1168,2,28.3,2,0.059000000000000004,2
P26,2,490.0,2,3.8571,2,0.65,2,27.1177,2,28.3,2,0.059000000000000004,2
P26,2,491.0,2,3.8549,2,0.65,2,27.1186,2,28.3,2,0.059000000000000004,2
P26,2,492.0,2,3.8543,2,0.65,2,27.1195,2,28.3,2,0.059000000000000004,2
P26,2,493.0,2,3.8529,2,0.65,2,27.121,2,28.3,2,0.059000000000000004,2
P26,2,494.0,2,3.8504,2,0.65,2,27.1237,2,28.3,2,0.061,2
P26,2,496.5,2,3.8494,2,0.65,2,27.1246,2,28.2,2,0.062,2
P26,2,497.0,2,3.8481,2,0.65,2,27.125,2,28.2,2,0.059000000000000004,2
P26,2,498.0,2,3.8461,2,0.65,2,27.125999999999998,2,28.2,2,0.059000000000000004,2
P26,2,499.0,2,3.8446,2,0.65,2,27.1272,2,28.2,2,0.057999999999999996,2
P26,2,500.0,2,3.8446,2,0.65,2,27.1275,2,28.3,2,0.059000000000000004,2
P26,2,501.0,2,3.8444,2,0.66,2,27.1283,2,28.5,2,0.059000000000000004,2
P26,2,502.1,2,3.8439,2,0.65,2,27.129,2,28.5,2,0.059000000000000004,2
P26,2,503.0,2,3.8439,2,0.66,2,27.1293,2,28.6,2,0.059000000000000004,2
P26,2,504.0,2,3.8447,2,0.66,2,27.1297,2,28.8,2,0.059000000000000004,2
P26,2,505.0,2,3.8496,2,0.67,2,27.1304,2,29.1,2,0.06,2
P26,2,506.0,2,3.8509,2,0.67,2,27.1312,2,29.3,2,0.059000000000000004,2
P26,2,507.0,2,3.8486,2,0.67,2,27.1335,2,29.3,2,0.059000000000000004,2
P26,2,508.0,2,3.8419,2,0.67,2,27.136,2,29.3,2,0.057,2
P26,2,509.0,2,3.8402,2,0.68,2,27.1367,2,29.3,2,0.057,2
P26,2,509.7,2,3.842,2,0.68,2,27.1373,2,29.4,2,0.059000000000000004,2
P26,2,511.2,2,3.8408,2,0.67,2,27.1387,2,29.3,2,0.059000000000000004,2
P26,2,512.0,2,3.8403,2,0.68,2,27.1393,2,29.4,2,0.059000000000000004,2
P26,2,513.0,2,3.8397,2,0.68,2,27.1406,2,29.5,2,0.059000000000000004,2
P26,2,514.0,2,3.8386,2,0.68,2,27.1415,2,29.6,2,0.059000000000000004,2
P26,2,515.0,2,3.8374,2,0.68,2,27.1431,2,29.4,2,0.059000000000000004,2
P26,2,516.0,2,3.8353,2,0.68,2,27.1445,2,29.5,2,0.059000000000000004,2
P26,2,517.0,2,3.8333,2,0.68,2,27.1449,2,29.4,2,0.059000000000000004,2
P26,2,518.0,2,3.8284,2,0.67,2,27.1461,2,29.3,2,0.057,2
P26,2,519.0,2,3.8251,2,0.67,2,27.1467,2,29.1,2,0.06,2
P26,2,520.0,2,3.821,2,0.67,2,27.1473,2,29.0,2,0.059000000000000004,2
P26,2,521.0,2,3.8186,2,0.66,2,27.1476,2,28.6,2,0.059000000000000004,2
P26,2,522.0,2,3.8142,2,0.65,2,27.1485,2,28.4,2,0.059000000000000004,2
P26,2,523.1,2,3.8051,2,0.64,2,27.1491,2,27.8,2,0.059000000000000004,2
P26,2,524.0,2,3.8023,2,0.64,2,27.1498,2,27.7,2,0.059000000000000004,2
P26,2,525.0,2,3.8024,2,0.63,2,27.1507,2,27.6,2,0.059000000000000004,2
P26,2,526.0,2,3.8033,2,0.63,2,27.1518,2,27.6,2,0.059000000000000004,2
P26,2,527.0,2,3.8004,2,0.62,2,27.1521,2,27.1,2,0.059000000000000004,2
P26,2,528.0,2,3.7921,2,0.61,2,27.153000000000002,2,26.4,2,0.059000000000000004,2
P26,2,529.0,2,3.7752,2,0.59,2,27.1539,2,25.5,2,0.059000000000000004,2
P26,2,530.0,2,3.7601,2,0.57,2,27.1547,2,24.9,2,0.06,2
P26,2,531.0,2,3.752,2,0.56,2,27.1553,2,24.4,2,0.06,2
P26,2,532.0,2,3.7497,2,0.55,2,27.1556,2,24.0,2,0.059000000000000004,2
P26,2,533.0,2,3.7494,2,0.55,2,27.156,2,24.0,2,0.059000000000000004,2
P26,2,534.0,2,3.7467,2,0.55,2,27.1567,2,23.9,2,0.059000000000000004,2
P26,2,535.0,2,3.7428,2,0.55,2,27.1579,2,23.8,2,0.059000000000000004,2
P26,2,535.9,2,3.7415,2,0.55,2,27.1586,2,23.9,2,0.059000000000000004,2
P26,2,537.2,2,3.7406,2,0.54,2,27.1588,2,23.6,2,0.059000000000000004,2
P26,2,538.0,2,3.7381,2,0.54,2,27.1594,2,23.6,2,0.059000000000000004,2
P26,2,539.0,2,3.7305,2,0.54,2,27.1611,2,23.3,2,0.059000000000000004,2
P26,2,540.0,2,3.7243,2,0.53,2,27.163,2,23.1,2,0.059000000000000004,2
P26,2,541.0,2,3.7166,2,0.53,2,27.1656,2,23.0,2,0.059000000000000004,2
P26,2,542.0,2,3.7132,2,0.53,2,27.1667,2,22.9,2,0.057,2
P26,2,543.0,2,3.7119,2,0.53,2,27.1671,2,22.9,2,0.06,2
P26,2,544.1,2,3.7060000000000004,2,0.52,2,27.1688,2,22.8,2,0.06,2
P26,2,545.0,2,3.7015,2,0.52,2,27.1705,2,22.7,2,0.059000000000000004,2
P26,2,546.0,2,3.7004,2,0.52,2,27.1709,2,22.6,2,0.059000000000000004,2
P26,2,547.0,2,3.7,2,0.52,2,27.171,2,22.5,2,0.059000000000000004,2
P26,2,548.0,2,3.6984,2,0.52,2,27.1716,2,22.6,2,0.059000000000000004,2
P26,2,549.0,2,3.6968,2,0.52,2,27.1721,2,22.6,2,0.06,2
P26,2,550.0,2,3.6961,2,0.52,2,27.1724,2,22.7,2,0.059000000000000004,2
P26,2,551.0,2,3.6929,2,0.52,2,27.1735,2,22.4,2,0.059000000000000004,2
P26,2,552.0,2,3.6895,2,0.52,2,27.1747,2,22.4,2,0.059000000000000004,2
P26,2,553.0,2,3.6877,2,0.51,2,27.1751,2,22.4,2,0.059000000000000004,2
P26,2,554.0,2,3.6873,2,0.52,2,27.1752,2,22.4,2,0.059000000000000004,2
P26,2,555.0,2,3.6833,2,0.51,2,27.1765,2,22.3,2,0.06,2
P26,2,556.0,2,3.6814,2,0.51,2,27.1772,2,22.2,2,0.059000000000000004,2
P26,2,557.0,2,3.6804,2,0.51,2,27.1776,2,22.2,2,0.063,2
P26,2,558.0,2,3.6795,2,0.51,2,27.1777,2,22.1,2,0.06,2
P26,2,559.0,2,3.6767,2,0.51,2,27.1786,2,22.1,2,0.059000000000000004,2
P26,2,560.0,2,3.6719999999999997,2,0.51,2,27.1799,2,22.1,2,0.059000000000000004,2
P26,2,561.0,2,3.6689,2,0.5,2,27.1809,2,21.9,2,0.059000000000000004,2
P26,2,562.0,2,3.6663,2,0.51,2,27.1815,2,22.0,2,0.059000000000000004,2
P26,2,563.0,2,3.6634,2,0.5,2,27.1823,2,21.8,2,0.059000000000000004,2
P26,2,564.0,2,3.6606,2,0.5,2,27.1833,2,21.7,2,0.059000000000000004,2
P26,2,565.0,2,3.6539,2,0.5,2,27.1853,2,21.7,2,0.059000000000000004,2
P26,2,566.0,2,3.6486,2,0.5,2,27.1866,2,21.6,2,0.06,2
P26,2,567.1,2,3.6475,2,0.5,2,27.186999999999998,2,21.6,2,0.059000000000000004,2
P26,2,567.9,2,3.6469,2,0.49,2,27.1871,2,21.5,2,0.059000000000000004,2
P26,2,569.0,2,3.645,2,0.49,2,27.1878,2,21.5,2,0.059000000000000004,2
P26,2,570.0,2,3.6422,2,0.49,2,27.1887,2,21.3,2,0.059000000000000004,2
P26,2,571.0,2,3.6356,2,0.49,2,27.1905,2,21.2,2,0.059000000000000004,2
P26,2,572.0,2,3.6314,2,0.49,2,27.1916,2,21.1,2,0.059000000000000004,2
P26,2,573.0,2,3.6288,2,0.49,2,27.1925,2,21.1,2,0.059000000000000004,2
P26,2,574.0,2,3.6273,2,0.48,2,27.1928,2,21.0,2,0.059000000000000004,2
P26,2,575.0,2,3.6265,2,0.49,2,27.1931,2,21.1,2,0.059000000000000004,2
P26,2,576.0,2,3.6239,2,0.48,2,27.194000000000003,2,21.0,2,0.059000000000000004,2
P26,2,577.0,2,3.6211,2,0.48,2,27.195,2,20.9,2,0.059000000000000004,2
P26,2,578.0,2,3.616,2,0.48,2,27.1963,2,20.9,2,0.061,2
P26,2,579.0,2,3.6104,2,0.48,2,27.198,2,20.8,2,0.059000000000000004,2
P26,2,580.0,2,3.608,2,0.48,2,27.1985,2,20.8,2,0.063,2
P26,2,581.0,2,3.6053,2,0.48,2,27.1995,2,20.7,2,0.065,2
P26,2,582.0,2,3.6032,2,0.47,2,27.2001,2,20.6,2,0.064,2
P26,2,583.0,2,3.6003,2,0.48,2,27.2011,2,20.7,2,0.061,2
P26,2,584.0,2,3.5968,2,0.48,2,27.2024,2,20.7,2,0.059000000000000004,2
P26,2,585.2,2,3.594,2,0.48,2,27.2036,2,20.7,2,0.06,2
P26,2,586.0,2,3.5918,2,0.47,2,27.2044,2,20.6,2,0.059000000000000004,2
P26,2,587.0,2,3.5908,2,0.47,2,27.2049,2,20.6,2,0.059000000000000004,2
P26,2,588.0,2,3.5892,2,0.48,2,27.2054,2,20.7,2,0.059000000000000004,2
P26,2,589.0,2,3.5863,2,0.47,2,27.2064,2,20.6,2,0.059000000000000004,2
P26,2,590.0,2,3.5838,2,0.48,2,27.2073,2,20.7,2,0.059000000000000004,2
P26,2,592.0,2,3.5806,2,0.47,2,27.2085,2,20.6,2,0.06,2
P26,2,593.0,2,3.5791,2,0.47,2,27.2089,2,20.5,2,0.06,2
P26,2,594.0,2,3.5776,2,0.47,2,27.2095,2,20.5,2,0.059000000000000004,2
P26,2,595.0,2,3.5734,2,0.48,2,27.2112,2,20.7,2,0.059000000000000004,2
P26,2,596.0,2,3.5703,2,0.48,2,27.2131,2,20.8,2,0.059000000000000004,2
P26,2,597.0,2,3.5673,2,0.48,2,27.2149,2,21.0,2,0.059000000000000004,2
P26,2,597.7,2,3.5663,2,0.48,2,27.2151,2,20.9,2,0.059000000000000004,2
P26,2,599.2,2,3.5658,2,0.48,2,27.2156,2,20.9,2,0.06,2
P26,2,600.0,2,3.5654,2,0.48,2,27.2159,2,20.9,2,0.059000000000000004,2
P26,2,601.0,2,3.5654,2,0.49,2,27.2159,2,21.1,2,0.059000000000000004,2
P26,2,602.0,2,3.5648,2,0.48,2,27.2165,2,21.0,2,0.057999999999999996,2
P26,2,603.0,2,3.5639999999999996,2,0.48,2,27.2168,2,21.0,2,0.059000000000000004,2
P26,2,604.0,2,3.5625,2,0.48,2,27.2172,2,20.9,2,0.062,2
P26,2,605.0,2,3.5575,2,0.48,2,27.2177,2,20.9,2,0.062,2
P26,2,606.1,2,3.5558,2,0.48,2,27.218000000000004,2,20.7,2,0.059000000000000004,2
P26,2,607.0,2,3.5535,2,0.47,2,27.2184,2,20.6,2,0.06,2
P26,2,608.0,2,3.5512,2,0.47,2,27.219,2,20.5,2,0.06,2
P26,2,609.0,2,3.5511,2,0.47,2,27.2192,2,20.6,2,0.059000000000000004,2
P26,2,610.0,2,3.5514,2,0.48,2,27.219,2,20.7,2,0.059000000000000004,2
P26,2,611.0,2,3.5515,2,0.48,2,27.2193,2,20.7,2,0.061,2
P26,2,612.0,2,3.5514,2,0.47,2,27.2192,2,20.6,2,0.06,2
P26,2,613.0,2,3.5511,2,0.47,2,27.2195,2,20.6,2,0.06,2
P26,2,614.0,2,3.5494,2,0.48,2,27.2205,2,20.7,2,0.059000000000000004,2
P26,2,615.0,2,3.5479,2,0.48,2,27.2217,2,20.9,2,0.059000000000000004,2
P26,2,615.8,2,3.5459,2,0.48,2,27.2228,2,20.9,2,0.059000000000000004,2
P26,2,617.0,2,3.5452,2,0.48,2,27.2234,2,21.0,2,0.06,2
P26,2,618.0,2,3.5441,2,0.49,2,27.2242,2,21.1,2,0.059000000000000004,2
P26,2,619.0,2,3.5414,2,0.48,2,27.2253,2,21.0,2,0.059000000000000004,2
P26,2,620.0,2,3.5394,2,0.49,2,27.226,2,21.1,2,0.059000000000000004,2
P26,2,621.0,2,3.5363,2,0.48,2,27.2269,2,21.0,2,0.059000000000000004,2
P26,2,622.0,2,3.5305,2,0.48,2,27.2283,2,20.9,2,0.059000000000000004,2
P26,2,623.0,2,3.5264,2,0.48,2,27.2295,2,20.9,2,0.06,2
P26,2,624.0,2,3.5244,2,0.48,2,27.2305,2,21.0,2,0.059000000000000004,2
P26,2,625.0,2,3.5236,2,0.48,2,27.2316,2,21.0,2,0.059000000000000004,2
P26,2,626.0,2,3.5234,2,0.49,2,27.2323,2,21.3,2,0.059000000000000004,2
P26,2,627.0,2,3.523,2,0.49,2,27.2329,2,21.3,2,0.059000000000000004,2
P26,2,628.0,2,3.5226,2,0.49,2,27.2333,2,21.4,2,0.059000000000000004,2
P26,2,629.0,2,3.5217,2,0.49,2,27.2337,2,21.4,2,0.059000000000000004,2
P26,2,630.0,2,3.5198,2,0.49,2,27.2348,2,21.5,2,0.06,2
P26,2,631.0,2,3.5185,2,0.5,2,27.2355,2,21.5,2,0.06,2
P26,2,632.0,2,3.5155,2,0.5,2,27.2369,2,21.6,2,0.059000000000000004,2
P26,2,633.0,2,3.5117,2,0.5,2,27.2383,2,21.6,2,0.059000000000000004,2
P26,2,634.0,2,3.5111,2,0.5,2,27.2385,2,21.6,2,0.059000000000000004,2
P26,2,635.0,2,3.5107,2,0.5,2,27.2387,2,21.6,2,0.061,2
P26,2,636.0,2,3.5103,2,0.5,2,27.239,2,21.6,2,0.06,2
P26,2,637.0,2,3.5082,2,0.5,2,27.2397,2,21.7,2,0.059000000000000004,2
P26,2,638.0,2,3.5048,2,0.5,2,27.2409,2,21.6,2,0.059000000000000004,2
P26,2,639.0,2,3.5023,2,0.5,2,27.2416,2,21.6,2,0.059000000000000004,2
P26,2,640.0,2,3.5010000000000003,2,0.5,2,27.2421,2,21.6,2,0.059000000000000004,2
P26,2,641.0,2,3.4974,2,0.5,2,27.2431,2,21.6,2,0.06,2
P26,2,642.0,2,3.4945,2,0.5,2,27.244,2,21.6,2,0.062,2
P26,2,643.0,2,3.4922,2,0.5,2,27.2446,2,21.6,2,0.059000000000000004,2
P26,2,644.0,2,3.4897,2,0.49,2,27.2453,2,21.4,2,0.062,2
P26,2,645.0,2,3.4881,2,0.49,2,27.2456,2,21.3,2,0.059000000000000004,2
P26,2,646.0,2,3.4846,2,0.49,2,27.2465,2,21.5,2,0.06,2
P26,2,647.0,2,3.4785,2,0.49,2,27.248,2,21.2,2,0.059000000000000004,2
P26,2,648.0,2,3.4753,2,0.49,2,27.2489,2,21.1,2,0.059000000000000004,2
P26,2,649.0,2,3.4694,2,0.49,2,27.2503,2,21.2,2,0.059000000000000004,2
P26,2,650.0,2,3.4663,2,0.49,2,27.2511,2,21.1,2,0.059000000000000004,2
P26,2,651.1,2,3.4625,2,0.48,2,27.2522,2,21.0,2,0.059000000000000004,2
P26,2,651.9,2,3.4607,2,0.48,2,27.2526,2,20.9,2,0.06,2
P26,2,653.0,2,3.4594,2,0.48,2,27.253,2,20.9,2,0.06,2
P26,2,654.0,2,3.4581,2,0.48,2,27.2532,2,20.9,2,0.06,2
P26,2,655.0,2,3.4556,2,0.48,2,27.2539,2,20.8,2,0.062,2
P26,2,656.0,2,3.4533,2,0.47,2,27.2545,2,20.6,2,0.059000000000000004,2
P26,2,657.0,2,3.4517,2,0.47,2,27.2552,2,20.6,2,0.059000000000000004,2
P26,2,658.0,2,3.4485,2,0.48,2,27.256,2,20.7,2,0.059000000000000004,2
P26,2,659.0,2,3.4455,2,0.48,2,27.2569,2,20.8,2,0.059000000000000004,2
P26,2,659.5,2,3.4447,2,0.48,2,27.2572,2,20.7,2,0.059000000000000004,2
P26,2,661.0,2,3.4426,2,0.48,2,27.2579,2,20.8,2,0.059000000000000004,2
P26,2,662.0,2,3.4406,2,0.47,2,27.2582,2,20.6,2,0.059000000000000004,2
P26,2,663.0,2,3.4389,2,0.47,2,27.2586,2,20.6,2,0.059000000000000004,2
P26,2,664.0,2,3.4367,2,0.47,2,27.2592,2,20.5,2,0.059000000000000004,2
P26,2,665.1,2,3.4299,2,0.47,2,27.2612,2,20.6,2,0.059000000000000004,2
P26,2,665.7,2,3.4254,2,0.47,2,27.2629,2,20.6,2,0.059000000000000004,2
P26,2,667.0,2,3.4234,2,0.47,2,27.2631,2,20.4,2,0.059000000000000004,2
P26,2,668.0,2,3.4227,2,0.47,2,27.2633,2,20.4,2,0.059000000000000004,2
P26,2,669.0,2,3.4217,2,0.47,2,27.2634,2,20.4,2,0.06,2
P26,2,670.0,2,3.4198,2,0.47,2,27.264,2,20.4,2,0.057999999999999996,2
P26,2,671.0,2,3.4185,2,0.47,2,27.2645,2,20.5,2,0.059000000000000004,2
P26,2,672.1,2,3.4181,2,0.47,2,27.2645,2,20.5,2,0.059000000000000004,2
P26,2,673.0,2,3.4184,2,0.47,2,27.2646,2,20.3,2,0.059000000000000004,2
P26,2,674.0,2,3.4161,2,0.47,2,27.2653,2,20.3,2,0.059000000000000004,2
P26,2,675.0,2,3.4146,2,0.47,2,27.2657,2,20.3,2,0.059000000000000004,2
P26,2,676.0,2,3.4129,2,0.47,2,27.2662,2,20.5,2,0.06,2
P26,2,677.0,2,3.4115,2,0.47,2,27.2666,2,20.4,2,0.059000000000000004,2
P26,2,678.0,2,3.4085,2,0.47,2,27.2675,2,20.3,2,0.059000000000000004,2
P26,2,679.4,2,3.4074,2,0.47,2,27.2679,2,20.3,2,0.059000000000000004,2
P26,2,680.0,2,3.4047,2,0.47,2,27.2688,2,20.3,2,0.059000000000000004,2
P26,2,681.0,2,3.4009,2,0.47,2,27.2699,2,20.2,2,0.059000000000000004,2
P26,2,682.0,2,3.3987,2,0.46,2,27.2705,2,20.2,2,0.059000000000000004,2
P26,2,683.0,2,3.3975,2,0.47,2,27.2709,2,20.2,2,0.059000000000000004,2
P26,2,683.9,2,3.397,2,0.47,2,27.2711,2,20.2,2,0.059000000000000004,2
P26,2,685.0,2,3.3968,2,0.46,2,27.271,2,20.1,2,0.059000000000000004,2
P26,2,686.0,2,3.3961,2,0.46,2,27.2712,2,20.0,2,0.059000000000000004,2
P26,2,687.0,2,3.3936,2,0.46,2,27.2721,2,20.0,2,0.059000000000000004,2
P26,2,688.0,2,3.3921,2,0.46,2,27.2724,2,20.1,2,0.059000000000000004,2
P26,2,689.0,2,3.3912,2,0.46,2,27.2728,2,20.0,2,0.059000000000000004,2
P26,2,690.0,2,3.3895,2,0.46,2,27.2735,2,20.0,2,0.059000000000000004,2
P26,2,691.0,2,3.3887,2,0.46,2,27.2736,2,19.9,2,0.059000000000000004,2
P26,2,692.0,2,3.3873,2,0.46,2,27.2742,2,20.0,2,0.059000000000000004,2
P26,2,693.0,2,3.3849,2,0.46,2,27.2749,2,20.0,2,0.059000000000000004,2
P26,2,693.9,2,3.3809,2,0.46,2,27.2761,2,20.0,2,0.059000000000000004,2
P26,2,695.0,2,3.3791,2,0.45,2,27.2769,2,19.7,2,0.059000000000000004,2
P26,2,696.0,2,3.3782,2,0.45,2,27.2772,2,19.7,2,0.059000000000000004,2
P26,2,697.0,2,3.377,2,0.45,2,27.2777,2,19.7,2,0.059000000000000004,2
P26,2,698.0,2,3.3758,2,0.46,2,27.278000000000002,2,19.8,2,0.059000000000000004,2
P26,2,699.0,2,3.375,2,0.45,2,27.2782,2,19.7,2,0.059000000000000004,2
P26,2,700.0,2,3.3739,2,0.45,2,27.2787,2,19.7,2,0.059000000000000004,2
P26,2,701.0,2,3.3723,2,0.45,2,27.2793,2,19.7,2,0.059000000000000004,2
P26,2,702.1,2,3.3718,2,0.45,2,27.2794,2,19.7,2,0.059000000000000004,2
P26,2,703.0,2,3.3708,2,0.45,2,27.2796,2,19.7,2,0.06,2
P26,2,704.0,2,3.3684,2,0.45,2,27.2804,2,19.6,2,0.059000000000000004,2
P26,2,705.0,2,3.364,2,0.45,2,27.2818,2,19.5,2,0.059000000000000004,2
P26,2,706.0,2,3.3625,2,0.45,2,27.2825,2,19.6,2,0.059000000000000004,2
P26,2,707.0,2,3.3576,2,0.45,2,27.2839,2,19.6,2,0.059000000000000004,2
P26,2,708.0,2,3.3548,2,0.45,2,27.2849,2,19.6,2,0.059000000000000004,2
P26,2,709.0,2,3.3537,2,0.45,2,27.2851,2,19.5,2,0.061,2
P26,2,710.0,2,3.3542,2,0.45,2,27.285,2,19.6,2,0.06,2
P26,2,711.0,2,3.3525,2,0.45,2,27.2856,2,19.5,2,0.059000000000000004,2
P26,2,712.0,2,3.3497,2,0.45,2,27.2864,2,19.5,2,0.059000000000000004,2
P26,2,713.0,2,3.3481,2,0.45,2,27.287,2,19.6,2,0.059000000000000004,2
P26,2,714.0,2,3.3458,2,0.45,2,27.2878,2,19.6,2,0.059000000000000004,2
P26,2,715.0,2,3.3434,2,0.45,2,27.2885,2,19.4,2,0.057999999999999996,2
P26,2,716.0,2,3.3411,2,0.45,2,27.2893,2,19.5,2,0.06,2
P26,2,717.0,2,3.3391,2,0.45,2,27.2901,2,19.4,2,0.059000000000000004,2
P26,2,718.0,2,3.3381,2,0.44,2,27.2904,2,19.3,2,0.059000000000000004,2
P26,2,719.0,2,3.3359,2,0.45,2,27.2909,2,19.4,2,0.059000000000000004,2
P26,2,720.0,2,3.3349,2,0.44,2,27.2912,2,19.3,2,0.059000000000000004,2
P26,2,721.0,2,3.3342,2,0.45,2,27.2913,2,19.5,2,0.059000000000000004,2
P26,2,722.0,2,3.3326,2,0.45,2,27.2917,2,19.4,2,0.059000000000000004,2
P26,2,723.0,2,3.3303,2,0.45,2,27.2923,2,19.4,2,0.062,2
P26,2,724.0,2,3.3285,2,0.45,2,27.2929,2,19.4,2,0.059000000000000004,2
P26,2,725.0,2,3.3271,2,0.45,2,27.2934,2,19.4,2,0.059000000000000004,2
P26,2,726.0,2,3.3266,2,0.45,2,27.2936,2,19.5,2,0.059000000000000004,2
P26,2,727.0,2,3.3265,2,0.45,2,27.2937,2,19.4,2,0.059000000000000004,2
P26,2,728.0,2,3.3259,2,0.45,2,27.294,2,19.5,2,0.06,2
P26,2,729.0,2,3.3257,2,0.45,2,27.2941,2,19.4,2,0.059000000000000004,2
P26,2,730.0,2,3.3249,2,0.45,2,27.2944,2,19.4,2,0.059000000000000004,2
P26,2,731.0,2,3.3232,2,0.44,2,27.2952,2,19.3,2,0.061,2
P26,2,732.0,2,3.3224,2,0.44,2,27.2955,2,19.3,2,0.059000000000000004,2
P26,2,733.0,2,3.3212,2,0.44,2,27.296,2,19.3,2,0.059000000000000004,2
P26,2,734.0,2,3.3203,2,0.44,2,27.2964,2,19.2,2,0.059000000000000004,2
P26,2,735.0,2,3.3202,2,0.44,2,27.2965,2,19.3,2,0.059000000000000004,2
P26,2,736.0,2,3.3187,2,0.44,2,27.2975,2,19.0,2,0.059000000000000004,2
P26,2,737.0,2,3.3138,2,0.43,2,27.3,2,18.9,2,0.059000000000000004,2
P26,2,738.0,2,3.313,2,0.43,2,27.3004,2,18.8,2,0.059000000000000004,2
P26,2,739.0,2,3.3116,2,0.43,2,27.3009,2,18.9,2,0.059000000000000004,2
P26,2,740.0,2,3.3108,2,0.44,2,27.301,2,18.9,2,0.06,2
P26,2,741.0,2,3.3098,2,0.43,2,27.3014,2,18.9,2,0.059000000000000004,2
P26,2,742.0,2,3.3092,2,0.43,2,27.3014,2,18.8,2,0.062,2
P26,2,743.0,2,3.3093,2,0.43,2,27.3015,2,18.9,2,0.059000000000000004,2
P26,2,744.0,2,3.3086,2,0.43,2,27.3018,2,18.9,2,0.057,2
P26,2,745.0,2,3.3077,2,0.43,2,27.3021,2,18.8,2,0.057,2
P26,2,746.0,2,3.3075,2,0.43,2,27.3022,2,18.9,2,0.059000000000000004,2
P26,2,747.0,2,3.307,2,0.43,2,27.3025,2,18.8,2,0.059000000000000004,2
P26,2,748.0,2,3.3062,2,0.43,2,27.3028,2,18.8,2,0.059000000000000004,2
P26,2,749.0,2,3.3055,2,0.43,2,27.303,2,18.9,2,0.059000000000000004,2
P26,2,750.0,2,3.3042,2,0.43,2,27.3035,2,18.8,2,0.061,2
P26,2,751.0,2,3.3022,2,0.43,2,27.3044,2,18.6,2,0.059000000000000004,2
P26,2,752.0,2,3.3005,2,0.43,2,27.3052,2,18.6,2,0.059000000000000004,2
P26,2,753.0,2,3.2996,2,0.43,2,27.3059,2,18.7,2,0.059000000000000004,2
P26,2,754.0,2,3.2995,2,0.43,2,27.3056,2,18.6,2,0.059000000000000004,2
P26,2,755.0,2,3.299,2,0.43,2,27.305999999999997,2,18.5,2,0.059000000000000004,2
P26,2,756.0,2,3.298,2,0.43,2,27.3063,2,18.6,2,0.059000000000000004,2
P26,2,757.0,2,3.2971,2,0.43,2,27.3067,2,18.6,2,0.059000000000000004,2
P26,2,758.0,2,3.2965,2,0.43,2,27.3071,2,18.5,2,0.059000000000000004,2
P26,2,758.9,2,3.2963,2,0.43,2,27.307,2,18.6,2,0.059000000000000004,2
P26,2,759.9,2,3.2957,2,0.43,2,27.3073,2,18.6,2,0.057999999999999996,2
P26,2,761.0,2,3.2953,2,0.42,2,27.3076,2,18.4,2,0.059000000000000004,2
P26,2,762.0,2,3.2947,2,0.43,2,27.3079,2,18.5,2,0.061,2
P26,2,763.0,2,3.2942,2,0.43,2,27.3081,2,18.6,2,0.059000000000000004,2
P26,2,764.0,2,3.2917,2,0.43,2,27.3092,2,18.5,2,0.059000000000000004,2
P26,2,765.0,2,3.2883,2,0.43,2,27.3105,2,18.6,2,0.059000000000000004,2
P26,2,766.0,2,3.2871,2,0.43,2,27.3111,2,18.6,2,0.059000000000000004,2
P26,2,767.1,2,3.2853,2,0.42,2,27.3117,2,18.4,2,0.059000000000000004,2
P26,2,769.0,2,3.283,2,0.42,2,27.3126,2,18.3,2,0.059000000000000004,2
P26,2,770.0,2,3.2805,2,0.42,2,27.3136,2,18.3,2,0.059000000000000004,2
P26,2,771.0,2,3.2771,2,0.42,2,27.3148,2,18.4,2,0.059000000000000004,2
P26,2,772.0,2,3.2754,2,0.42,2,27.3154,2,18.2,2,0.059000000000000004,2
P26,2,773.0,2,3.2739,2,0.42,2,27.3159,2,18.1,2,0.06,2
P26,2,774.0,2,3.2693,2,0.42,2,27.3176,2,18.2,2,0.059000000000000004,2
P26,2,774.8,2,3.267,2,0.42,2,27.3183,2,18.3,2,0.059000000000000004,2
P26,2,776.0,2,3.2659,2,0.42,2,27.3188,2,18.1,2,0.059000000000000004,2
P26,2,777.0,2,3.2642,2,0.42,2,27.3193,2,18.2,2,0.059000000000000004,2
P26,2,778.0,2,3.2636,2,0.42,2,27.3195,2,18.2,2,0.059000000000000004,2
P26,2,779.0,2,3.2624,2,0.42,2,27.3198,2,18.2,2,0.059000000000000004,2
P26,2,780.0,2,3.2613,2,0.42,2,27.3203,2,18.2,2,0.059000000000000004,2
P26,2,781.0,2,3.2587,2,0.42,2,27.3214,2,18.2,2,0.059000000000000004,2
P26,2,782.0,2,3.2559,2,0.41,2,27.3224,2,18.0,2,0.06,2
P26,2,783.0,2,3.2543,2,0.41,2,27.3228,2,18.0,2,0.059000000000000004,2
P26,2,784.0,2,3.2527,2,0.41,2,27.3233,2,18.0,2,0.059000000000000004,2
P26,2,786.0,2,3.2495,2,0.41,2,27.3244,2,18.0,2,0.059000000000000004,2
P26,2,787.0,2,3.2485,2,0.41,2,27.3247,2,17.8,2,0.06,2
P26,2,788.0,2,3.2473,2,0.41,2,27.3251,2,17.9,2,0.059000000000000004,2
P26,2,789.0,2,3.2452,2,0.41,2,27.3259,2,18.0,2,0.059000000000000004,2
P26,2,790.0,2,3.2432,2,0.42,2,27.3265,2,18.1,2,0.059000000000000004,2
P26,2,790.6,2,3.2423,2,0.41,2,27.3269,2,17.9,2,0.059000000000000004,2
P26,2,792.0,2,3.2416,2,0.41,2,27.3269,2,18.0,2,0.059000000000000004,2
P26,2,793.0,2,3.2413,2,0.41,2,27.326999999999998,2,18.0,2,0.059000000000000004,2
P26,2,794.0,2,3.2378,2,0.41,2,27.3282,2,17.9,2,0.059000000000000004,2
P26,2,795.0,2,3.2358,2,0.41,2,27.329,2,17.7,2,0.059000000000000004,2
P26,2,796.0,2,3.2344,2,0.41,2,27.3295,2,17.6,2,0.059000000000000004,2
P26,2,797.0,2,3.2303,2,0.41,2,27.331,2,17.7,2,0.059000000000000004,2
P26,2,798.0,2,3.2278,2,0.41,2,27.3318,2,17.8,2,0.057,2
P26,2,799.0,2,3.2257,2,0.41,2,27.3325,2,17.8,2,0.059000000000000004,2
P26,2,800.0,2,3.2226,2,0.41,2,27.3333,2,17.7,2,0.059000000000000004,2
P26,2,801.0,2,3.222,2,0.41,2,27.3336,2,17.8,2,0.059000000000000004,2
P26,2,802.0,2,3.2202,2,0.41,2,27.334,2,17.7,2,0.059000000000000004,2
P26,2,803.0,2,3.2189,2,0.41,2,27.3344,2,17.6,2,0.059000000000000004,2
P26,2,804.0,2,3.216,2,0.41,2,27.3351,2,17.7,2,0.059000000000000004,2
P26,2,805.0,2,3.2134,2,0.41,2,27.3359,2,17.8,2,0.059000000000000004,2
P26,2,806.0,2,3.2114,2,0.41,2,27.3365,2,17.6,2,0.059000000000000004,2
P26,2,807.0,2,3.2102,2,0.41,2,27.3371,2,17.6,2,0.059000000000000004,2
P26,2,808.0,2,3.2069,2,0.41,2,27.3384,2,17.7,2,0.059000000000000004,2
P26,2,809.0,2,3.2057,2,0.4,2,27.3387,2,17.5,2,0.059000000000000004,2
P26,2,810.0,2,3.2059,2,0.4,2,27.3387,2,17.4,2,0.059000000000000004,2
P26,2,811.0,2,3.2056,2,0.4,2,27.3387,2,17.5,2,0.059000000000000004,2
P26,2,812.0,2,3.2032,2,0.4,2,27.3395,2,17.5,2,0.059000000000000004,2
P26,2,813.0,2,3.1996,2,0.41,2,27.3408,2,17.6,2,0.059000000000000004,2
P26,2,814.0,2,3.1985,2,0.4,2,27.3411,2,17.5,2,0.059000000000000004,2
P26,2,815.0,2,3.197,2,0.4,2,27.3415,2,17.4,2,0.059000000000000004,2
P26,2,816.0,2,3.1951,2,0.4,2,27.3421,2,17.5,2,0.059000000000000004,2
P26,2,817.0,2,3.1947,2,0.4,2,27.3423,2,17.4,2,0.059000000000000004,2
P26,2,818.0,2,3.1944,2,0.4,2,27.3425,2,17.3,2,0.059000000000000004,2
P26,2,819.0,2,3.1937,2,0.4,2,27.3426,2,17.5,2,0.059000000000000004,2
P26,2,820.0,2,3.1926,2,0.4,2,27.343000000000004,2,17.4,2,0.059000000000000004,2
P26,2,821.0,2,3.1917,2,0.4,2,27.3433,2,17.3,2,0.059000000000000004,2
P26,2,822.0,2,3.1881,2,0.4,2,27.3444,2,17.3,2,0.059000000000000004,2
P26,2,823.0,2,3.1832,2,0.4,2,27.3459,2,17.5,2,0.057999999999999996,2
P26,2,823.8,2,3.1819,2,0.4,2,27.3463,2,17.3,2,0.059000000000000004,2
P26,2,825.0,2,3.1802,2,0.4,2,27.3467,2,17.2,2,0.059000000000000004,2
P26,2,826.0,2,3.1794,2,0.4,2,27.346999999999998,2,17.3,2,0.057999999999999996,2
P26,2,827.0,2,3.1794,2,0.4,2,27.346999999999998,2,17.3,2,0.059000000000000004,2
P26,2,828.0,2,3.1782,2,0.4,2,27.3475,2,17.2,2,0.059000000000000004,2
P26,2,829.0,2,3.1769,2,0.4,2,27.3478,2,17.2,2,0.059000000000000004,2
P26,2,830.0,2,3.1741,2,0.39,2,27.3488,2,17.1,2,0.059000000000000004,2
P26,2,831.0,2,3.1729,2,0.39,2,27.3491,2,17.1,2,0.059000000000000004,2
P26,2,832.0,2,3.1719999999999997,2,0.4,2,27.3495,2,17.2,2,0.059000000000000004,2
P26,2,833.0,2,3.1711,2,0.39,2,27.3497,2,17.1,2,0.057999999999999996,2
P26,2,834.0,2,3.1704,2,0.39,2,27.35,2,17.1,2,0.059000000000000004,2
P26,2,835.0,2,3.1703,2,0.4,2,27.35,2,17.2,2,0.06,2
P26,2,836.0,2,3.1705,2,0.39,2,27.3499,2,17.1,2,0.059000000000000004,2
P26,2,837.0,2,3.1704,2,0.39,2,27.3499,2,17.1,2,0.059000000000000004,2
P26,2,838.0,2,3.1704,2,0.39,2,27.3499,2,17.1,2,0.059000000000000004,2
P26,2,839.0,2,3.1699,2,0.39,2,27.3501,2,17.1,2,0.059000000000000004,2
P26,2,840.0,2,3.1688,2,0.39,2,27.3506,2,17.0,2,0.059000000000000004,2
P26,2,841.0,2,3.1681,2,0.39,2,27.3508,2,16.9,2,0.059000000000000004,2
P26,2,842.0,2,3.1673,2,0.39,2,27.3511,2,17.0,2,0.059000000000000004,2
P26,2,843.0,2,3.1652,2,0.39,2,27.3518,2,16.9,2,0.059000000000000004,2
P26,2,844.0,2,3.1630000000000003,2,0.39,2,27.3522,2,16.9,2,0.059000000000000004,2
P26,2,845.0,2,3.1612,2,0.39,2,27.3529,2,16.9,2,0.059000000000000004,2
P26,2,846.0,2,3.1576,2,0.39,2,27.354,2,16.9,2,0.06,2
P26,2,847.0,2,3.1563,2,0.39,2,27.3543,2,16.9,2,0.059000000000000004,2
P26,2,848.0,2,3.1548,2,0.39,2,27.3548,2,16.9,2,0.059000000000000004,2
P26,2,849.0,2,3.1526,2,0.39,2,27.3555,2,16.8,2,0.059000000000000004,2
P26,2,850.0,2,3.1518,2,0.39,2,27.3555,2,16.8,2,0.059000000000000004,2
P26,2,851.0,2,3.1507,2,0.39,2,27.3559,2,16.9,2,0.059000000000000004,2
P26,2,852.0,2,3.1483,2,0.39,2,27.3566,2,16.9,2,0.059000000000000004,2
P26,2,853.0,2,3.1467,2,0.39,2,27.3572,2,16.8,2,0.059000000000000004,2
P26,2,854.0,2,3.1457,2,0.38,2,27.3574,2,16.7,2,0.059000000000000004,2
P26,2,855.0,2,3.1453,2,0.38,2,27.3576,2,16.6,2,0.059000000000000004,2
P26,2,856.0,2,3.1449,2,0.38,2,27.3578,2,16.6,2,0.059000000000000004,2
P26,2,857.2,2,3.1451,2,0.38,2,27.3576,2,16.7,2,0.059000000000000004,2
P26,2,858.0,2,3.1448,2,0.38,2,27.3577,2,16.7,2,0.057,2
P26,2,859.0,2,3.1449,2,0.38,2,27.3578,2,16.7,2,0.059000000000000004,2
P26,2,860.0,2,3.145,2,0.38,2,27.3578,2,16.7,2,0.059000000000000004,2
P26,2,861.0,2,3.1441,2,0.38,2,27.3581,2,16.7,2,0.059000000000000004,2
P26,2,861.9,2,3.1424,2,0.38,2,27.3586,2,16.6,2,0.059000000000000004,2
P26,2,863.0,2,3.1389,2,0.38,2,27.3596,2,16.6,2,0.059000000000000004,2
P26,2,864.0,2,3.1329,2,0.38,2,27.3612,2,16.7,2,0.059000000000000004,2
P26,2,865.0,2,3.1319,2,0.38,2,27.3615,2,16.7,2,0.059000000000000004,2
P26,2,866.0,2,3.1319,2,0.38,2,27.3614,2,16.6,2,0.059000000000000004,2
P26,2,867.0,2,3.1293,2,0.38,2,27.3623,2,16.5,2,0.059000000000000004,2
P26,2,868.0,2,3.1201,2,0.38,2,27.3648,2,16.4,2,0.059000000000000004,2
P26,2,869.0,2,3.1149,2,0.38,2,27.3661,2,16.5,2,0.059000000000000004,2
P26,2,870.4,2,3.1102,2,0.38,2,27.3676,2,16.6,2,0.059000000000000004,2
P26,2,871.0,2,3.1085,2,0.38,2,27.368000000000002,2,16.5,2,0.059000000000000004,2
P26,2,872.0,2,3.1072,2,0.38,2,27.3683,2,16.4,2,0.059000000000000004,2
P26,2,873.0,2,3.1064,2,0.38,2,27.3686,2,16.3,2,0.059000000000000004,2
P26,2,874.0,2,3.1041,2,0.38,2,27.3693,2,16.4,2,0.059000000000000004,2
P26,2,875.0,2,3.1028,2,0.38,2,27.3696,2,16.5,2,0.059000000000000004,2
P26,2,876.0,2,3.1025,2,0.38,2,27.3696,2,16.4,2,0.059000000000000004,2
P26,2,877.0,2,3.0997,2,0.38,2,27.3704,2,16.3,2,0.059000000000000004,2
P26,2,878.0,2,3.0943,2,0.38,2,27.3721,2,16.3,2,0.059000000000000004,2
P26,2,879.0,2,3.0909,2,0.38,2,27.3729,2,16.3,2,0.059000000000000004,2
P26,2,880.0,2,3.0869,2,0.37,2,27.3739,2,16.3,2,0.059000000000000004,2
P26,2,881.0,2,3.0798,2,0.37,2,27.375999999999998,2,16.2,2,0.059000000000000004,2
P26,2,882.0,2,3.0769,2,0.37,2,27.3768,2,16.2,2,0.059000000000000004,2
P26,2,883.0,2,3.0753,2,0.37,2,27.3772,2,16.2,2,0.059000000000000004,2
P26,2,884.1,2,3.0732,2,0.37,2,27.3778,2,16.3,2,0.059000000000000004,2
P26,2,884.5,2,3.0726,2,0.37,2,27.3781,2,16.2,2,0.059000000000000004,2
P26,2,886.0,2,3.0715,2,0.37,2,27.3783,2,16.1,2,0.059000000000000004,2
P26,2,887.0,2,3.0707,2,0.37,2,27.3785,2,16.2,2,0.059000000000000004,2
P26,2,888.0,2,3.0695,2,0.37,2,27.3788,2,16.2,2,0.059000000000000004,2
P26,2,889.0,2,3.0686,2,0.37,2,27.3791,2,16.0,2,0.059000000000000004,2
P26,2,890.0,2,3.0674,2,0.37,2,27.3794,2,16.1,2,0.06,2
P26,2,891.0,2,3.0665,2,0.37,2,27.3797,2,16.2,2,0.06,2
P26,2,892.0,2,3.0656,2,0.37,2,27.3799,2,16.1,2,0.059000000000000004,2
P26,2,893.0,2,3.0658,2,0.37,2,27.3799,2,16.1,2,0.059000000000000004,2
P26,2,894.0,2,3.0660000000000003,2,0.37,2,27.3799,2,16.1,2,0.06,2
P26,2,895.0,2,3.0654,2,0.37,2,27.38,2,16.1,2,0.06,2
P26,2,896.0,2,3.0629,2,0.37,2,27.3807,2,16.1,2,0.059000000000000004,2
P26,2,897.0,2,3.06,2,0.37,2,27.3815,2,16.3,2,0.059000000000000004,2
P26,2,898.0,2,3.0567,2,0.37,2,27.3824,2,16.1,2,0.059000000000000004,2
P26,2,899.0,2,3.0529,2,0.37,2,27.3834,2,16.1,2,0.057999999999999996,2
P26,2,900.0,2,3.0513,2,0.37,2,27.3838,2,16.1,2,0.057999999999999996,2
P26,2,901.0,2,3.051,2,0.37,2,27.3839,2,16.1,2,0.057999999999999996,2
P26,2,902.0,2,3.0496,2,0.37,2,27.3842,2,16.1,2,0.059000000000000004,2
P26,2,903.0,2,3.0486,2,0.37,2,27.3845,2,16.1,2,0.059000000000000004,2
P26,2,903.9,2,3.0483,2,0.37,2,27.3846,2,16.1,2,0.059000000000000004,2
P26,2,905.0,2,3.0476,2,0.37,2,27.3848,2,16.1,2,0.059000000000000004,2
P26,2,906.0,2,3.0458,2,0.37,2,27.3854,2,16.1,2,0.059000000000000004,2
P26,2,907.0,2,3.0447,2,0.37,2,27.3856,2,16.1,2,0.059000000000000004,2
P26,2,908.0,2,3.0439,2,0.37,2,27.3858,2,16.2,2,0.059000000000000004,2
P26,2,909.0,2,3.0434,2,0.37,2,27.3859,2,16.1,2,0.059000000000000004,2
P26,2,910.0,2,3.0428,2,0.37,2,27.386,2,16.1,2,0.059000000000000004,2
P26,2,911.0,2,3.0411,2,0.37,2,27.3864,2,16.1,2,0.059000000000000004,2
P26,2,911.9,2,3.04,2,0.37,2,27.3868,2,16.2,2,0.059000000000000004,2
P26,2,913.3,2,3.0363,2,0.37,2,27.3877,2,16.1,2,0.059000000000000004,2
P26,2,914.0,2,3.0357,2,0.37,2,27.3878,2,16.2,2,0.059000000000000004,2
P26,2,915.0,2,3.0356,2,0.37,2,27.3877,2,16.2,2,0.059000000000000004,2
P26,2,916.0,2,3.0345,2,0.37,2,27.388,2,16.1,2,0.059000000000000004,2
P26,2,917.0,2,3.0312,2,0.37,2,27.3889,2,16.2,2,0.059000000000000004,2
P26,2,918.0,2,3.0287,2,0.37,2,27.3896,2,16.2,2,0.059000000000000004,2
P26,2,919.0,2,3.0255,2,0.37,2,27.3903,2,16.2,2,0.057,2
P26,2,919.9,2,3.0233,2,0.37,2,27.391,2,16.0,2,0.059000000000000004,2
P26,2,921.2,2,3.0210000000000004,2,0.37,2,27.3915,2,16.1,2,0.059000000000000004,2
P26,2,922.0,2,3.0191,2,0.37,2,27.3922,2,16.1,2,0.059000000000000004,2
P26,2,923.0,2,3.0180000000000002,2,0.37,2,27.3924,2,16.2,2,0.059000000000000004,2
P26,2,924.0,2,3.0167,2,0.37,2,27.3926,2,16.3,2,0.059000000000000004,2
P26,2,925.0,2,3.0156,2,0.37,2,27.3929,2,16.1,2,0.059000000000000004,2
P26,2,926.0,2,3.014,2,0.37,2,27.3934,2,16.1,2,0.059000000000000004,2
P26,2,927.0,2,3.0113,2,0.37,2,27.3942,2,16.0,2,0.057999999999999996,2
P26,2,928.0,2,3.0055,2,0.37,2,27.3957,2,16.1,2,0.059000000000000004,2
P26,2,928.9,2,3.0037,2,0.37,2,27.396,2,16.1,2,0.059000000000000004,2
P26,2,930.0,2,3.0034,2,0.37,2,27.3961,2,16.0,2,0.057999999999999996,2
P26,2,931.0,2,3.0033,2,0.37,2,27.3961,2,16.0,2,0.059000000000000004,2
P26,2,932.0,2,3.0024,2,0.36,2,27.3964,2,15.8,2,0.059000000000000004,2
P26,2,933.0,2,3.002,2,0.36,2,27.3965,2,15.8,2,0.059000000000000004,2
P26,2,934.0,2,3.0015,2,0.37,2,27.3966,2,16.1,2,0.059000000000000004,2
P26,2,935.0,2,3.0007,2,0.37,2,27.3969,2,16.2,2,0.059000000000000004,2
P26,2,936.0,2,2.9999,2,0.37,2,27.3971,2,16.2,2,0.059000000000000004,2
P26,2,937.0,2,2.9991,2,0.37,2,27.3975,2,16.0,2,0.059000000000000004,2
P26,2,938.0,2,2.9984,2,0.37,2,27.3975,2,16.1,2,0.059000000000000004,2
P26,2,939.1,2,2.9961,2,0.37,2,27.3983,2,16.1,2,0.059000000000000004,2
P26,2,940.0,2,2.9962,2,0.37,2,27.3983,2,16.0,2,0.059000000000000004,2
P26,2,941.0,2,2.9953,2,0.37,2,27.3983,2,16.0,2,0.059000000000000004,2
P26,2,942.0,2,2.9944,2,0.37,2,27.3984,2,16.0,2,0.059000000000000004,2
P26,2,943.0,2,2.9927,2,0.37,2,27.3989,2,16.2,2,0.059000000000000004,2
P26,2,944.0,2,2.9902,2,0.37,2,27.3998,2,16.2,2,0.059000000000000004,2
P26,2,945.0,2,2.9882,2,0.37,2,27.4003,2,16.2,2,0.059000000000000004,2
P26,2,946.0,2,2.9871,2,0.37,2,27.4004,2,16.0,2,0.059000000000000004,2
P26,2,947.0,2,2.9864,2,0.37,2,27.4008,2,16.1,2,0.059000000000000004,2
P26,2,948.0,2,2.9862,2,0.37,2,27.4009,2,16.3,2,0.057999999999999996,2
P26,2,949.0,2,2.9859,2,0.37,2,27.4008,2,16.2,2,0.059000000000000004,2
P26,2,950.0,2,2.9842,2,0.37,2,27.4013,2,16.2,2,0.057999999999999996,2
P26,2,951.0,2,2.9824,2,0.37,2,27.4018,2,16.0,2,0.059000000000000004,2
P26,2,952.0,2,2.9814,2,0.37,2,27.4021,2,16.1,2,0.059000000000000004,2
P26,2,953.0,2,2.9804,2,0.37,2,27.4023,2,16.2,2,0.059000000000000004,2
P26,2,954.0,2,2.9794,2,0.37,2,27.4027,2,16.2,2,0.059000000000000004,2
P26,2,955.0,2,2.9778,2,0.37,2,27.403000000000002,2,16.1,2,0.059000000000000004,2
P26,2,955.8,2,2.9744,2,0.37,2,27.4039,2,16.1,2,0.059000000000000004,2
P26,2,956.9,2,2.9727,2,0.37,2,27.4042,2,16.0,2,0.057,2
P26,2,958.0,2,2.9726,2,0.37,2,27.4044,2,16.0,2,0.059000000000000004,2
P26,2,959.0,2,2.9727,2,0.37,2,27.4042,2,16.0,2,0.059000000000000004,2
P26,2,960.0,2,2.9725,2,0.37,2,27.4043,2,16.1,2,0.059000000000000004,2
P26,2,961.0,2,2.9727,2,0.37,2,27.4042,2,16.1,2,0.059000000000000004,2
P26,2,962.0,2,2.9718,2,0.37,2,27.4046,2,16.1,2,0.059000000000000004,2
P26,2,963.0,2,2.9709,2,0.37,2,27.4049,2,15.9,2,0.059000000000000004,2
P26,2,964.1,2,2.9694,2,0.37,2,27.4053,2,16.2,2,0.059000000000000004,2
P26,2,964.9,2,2.9643,2,0.37,2,27.4067,2,16.0,2,0.059000000000000004,2
P26,2,966.0,2,2.9619,2,0.37,2,27.4071,2,16.1,2,0.059000000000000004,2
P26,2,967.0,2,2.9608,2,0.37,2,27.4074,2,16.2,2,0.059000000000000004,2
P26,2,968.0,2,2.9602,2,0.37,2,27.4075,2,16.2,2,0.06,2
P26,2,969.0,2,2.9595,2,0.37,2,27.4078,2,16.1,2,0.059000000000000004,2
P26,2,970.0,2,2.9564,2,0.37,2,27.4086,2,16.1,2,0.059000000000000004,2
P26,2,971.0,2,2.9527,2,0.37,2,27.4097,2,16.3,2,0.059000000000000004,2
P26,2,972.0,2,2.9474,2,0.37,2,27.410999999999998,2,16.2,2,0.057999999999999996,2
P26,2,973.0,2,2.9465,2,0.37,2,27.4112,2,16.3,2,0.059000000000000004,2
P26,2,974.0,2,2.946,2,0.38,2,27.4115,2,16.3,2,0.059000000000000004,2
P26,2,975.0,2,2.9438,2,0.37,2,27.412,2,16.1,2,0.059000000000000004,2
P26,2,976.1,2,2.9413,2,0.37,2,27.4127,2,16.1,2,0.059000000000000004,2
P26,2,977.0,2,2.9392,2,0.37,2,27.4132,2,16.1,2,0.059000000000000004,2
P26,2,978.0,2,2.9375,2,0.37,2,27.4136,2,16.2,2,0.059000000000000004,2
P26,2,979.0,2,2.9318,2,0.37,2,27.4152,2,16.0,2,0.059000000000000004,2
P26,2,980.0,2,2.9287,2,0.37,2,27.4161,2,16.0,2,0.059000000000000004,2
P26,2,981.0,2,2.9273,2,0.37,2,27.4164,2,16.0,2,0.059000000000000004,2
P26,2,982.0,2,2.926,2,0.36,2,27.4168,2,15.8,2,0.057999999999999996,2
P26,2,983.0,2,2.9251,2,0.37,2,27.4169,2,16.0,2,0.059000000000000004,2
P26,2,984.0,2,2.9236,2,0.37,2,27.4173,2,16.0,2,0.059000000000000004,2
P26,2,985.0,2,2.9237,2,0.37,2,27.4175,2,16.0,2,0.059000000000000004,2
P26,2,986.0,2,2.9235,2,0.37,2,27.4174,2,16.0,2,0.057999999999999996,2
P26,2,987.0,2,2.923,2,0.37,2,27.4175,2,16.1,2,0.059000000000000004,2
P26,2,988.0,2,2.9227,2,0.37,2,27.4176,2,16.1,2,0.059000000000000004,2
P26,2,989.0,2,2.9204,2,0.37,2,27.4183,2,16.1,2,0.059000000000000004,2
P26,2,990.0,2,2.92,2,0.37,2,27.4184,2,16.0,2,0.059000000000000004,2
P26,2,990.9,2,2.9193,2,0.37,2,27.4185,2,15.9,2,0.059000000000000004,2
P26,2,992.0,2,2.9136,2,0.36,2,27.4201,2,15.7,2,0.057,2
P26,2,993.0,2,2.9055,2,0.37,2,27.4222,2,15.9,2,0.059000000000000004,2
P26,2,994.0,2,2.9022,2,0.37,2,27.4231,2,15.9,2,0.059000000000000004,2
P26,2,995.0,2,2.8993,2,0.36,2,27.4238,2,15.8,2,0.059000000000000004,2
P26,2,995.6,2,2.8960000000000004,2,0.36,2,27.4248,2,15.8,2,0.059000000000000004,2
P26,2,997.0,2,2.8946,2,0.36,2,27.4249,2,15.8,2,0.057,2
P26,2,998.0,2,2.8929,2,0.37,2,27.4253,2,15.9,2,0.059000000000000004,2
P26,2,999.0,2,2.8891,2,0.37,2,27.4262,2,15.9,2,0.059000000000000004,2
P26,2,999.9,2,2.8875,2,0.37,2,27.4266,2,15.9,2,0.059000000000000004,2
P26,2,1001.0,2,2.8858,2,0.36,2,27.4272,2,15.8,2,0.059000000000000004,2
P26,2,1002.0,2,2.8851,2,0.37,2,27.4274,2,15.9,2,0.059000000000000004,2
P26,2,1003.1,2,2.8844,2,0.37,2,27.4276,2,15.9,2,0.059000000000000004,2
P26,2,1003.8,2,2.8839,2,0.37,2,27.4278,2,15.9,2,0.059000000000000004,2
P26,2,1005.0,2,2.8833,2,0.37,2,27.428,2,15.9,2,0.059000000000000004,2
P26,2,1006.0,2,2.8829,2,0.36,2,27.4281,2,15.8,2,0.059000000000000004,2
P26,2,1007.0,2,2.8802,2,0.37,2,27.4289,2,15.9,2,0.059000000000000004,2
P26,2,1008.0,2,2.8773,2,0.37,2,27.4294,2,15.9,2,0.057999999999999996,2
END_DATA
