CTD,20190304CCHSIOLMM
#-----------------------------------------------------------------------------------------------------------,,,,,,,,,,,,,,,,,
#Transmissivity Fluorescence and PAR are nominal and unedited except that some records were removed in editing temperature and salinity.,,,,,,,,,,,,,,,,,
#,,,,,,,,,,,,,,,,,
#COMMENTS FOR FILES 0001 TO 0040:,,,,,,,,,,,,,,,,,
#The Oxygen:Dissolved:CTD data for this cruise were recalibrated in three steps.,,,,,,,,,,,,,,,,,
#The first correction was applied to data from above 1400 dbar and to all of cast 0040.,,,,,,,,,,,,,,,,,
#The second was applied to data below 1400 dbar from casts 0015 to 0038.,,,,,,,,,,,,,,,,,
#The final correction was applied to all data. ,,,,,,,,,,,,,,,,,
#,,,,,,,,,,,,,,,,,
#Oxygen:Dissolved:CTD data below 1400 dbar are very noisy and are considered less reliable because of the noisy signal; the limitations in the calibration; and because it was impossible to fine-tune the configuration parameters to get the best possible deep data; so there may be some hysteresis.,,,,,,,,,,,,,,,,,
#,,,,,,,,,,,,,,,,,
#The Oxygen:Dissolved:CTD data should be considered:,,,,,,,,,,,,,,,,,
#      • ±0.4 ml/l from 0 to 200 dbar,,,,,,,,,,,,,,,,,
#      • ±0.1 ml/l from 200 to 500 dbar,,,,,,,,,,,,,,,,,
#      • ±0.04 ml/l from 500 to 1500 dbar,,,,,,,,,,,,,,,,,
#      • ±0.2 ml/l below 1500 dbar,,,,,,,,,,,,,,,,,
#,,,,,,,,,,,,,,,,,
#COMMENTS FOR FILES 0046 TO 0060:,,,,,,,,,,,,,,,,,
#There were no bottle samples available to recalibrate the dissolved oxygen sensor used for this cast. ,,,,,,,,,,,,,,,,,
#Recalibration was based only on an inter-comparison of repeat casts at station P26; one with sensor #0997 (used for casts 0001 to 0040) and two with sensor #1119 (used for casts 0046 to 0060). ,,,,,,,,,,,,,,,,,
#The casts were separated in time by 4 to 6 hours.,,,,,,,,,,,,,,,,,
#Temporal variations were found to be very large between 100 and 700 dbar during repeat casts using a single sensor so the inter-comparison of sensors was limited to the mixed layer from 0 to 100 dbar and below 700 dbar. ,,,,,,,,,,,,,,,,,
#This limits the range included in the fit to high and low values.,,,,,,,,,,,,,,,,,
#A final calibration applied was based on studies of sensor #0997.,,,,,,,,,,,,,,,,,
#,,,,,,,,,,,,,,,,,
#The comparisons in areas of low Oxygen:Dissolved gradients suggest that this sensor performed well. ,,,,,,,,,,,,,,,,,
#A rough estimate suggests that the data is likely to be within:,,,,,,,,,,,,,,,,,
#      • ±0.4 ml/l from 0 to 200 dbar,,,,,,,,,,,,,,,,,
#      • ±0.2 ml/l below 200 dbar,,,,,,,,,,,,,,,,,
#,,,,,,,,,,,,,,,,,
#Transmissometer #1005DR was calibrated in March 2008 and drifted significantly but steadily until July 2009. ,,,,,,,,,,,,,,,,,
#Then a sudden shift occurred so that maximum values between September 2009 and July 2010 were very low by about 25 %/m. ,,,,,,,,,,,,,,,,,
#In August 2010 a study was made of transmissivity that led to a decision to apply post-processing corrections to all cruises between March 2008 and June 2010.,,,,,,,,,,,,,,,,,
#,,,,,,,,,,,,,,,,,
#Transmissivity data from this cruise were corrected by multiplying the original values by a correction factor which was based on assumptions that deep offshore transmissivity from a June 2009 cruise should be about 62 %/m and that drift was linear with time between March 2008 and July 2009. ,,,,,,,,,,,,,,,,,
#The corrections produced reasonable results for all cruises in that time period. ,,,,,,,,,,,,,,,,,
#,,,,,,,,,,,,,,,,,
#For details on the transmissometer post-processing see: Transmissometer_1005DR_Corrections.pdf.,,,,,,,,,,,,,,,,,
#,,,,,,,,,,,,,,,,,
#These data should still be considered nominal.,,,,,,,,,,,,,,,,,
#---------------------------------------------------------------------------------------------------,,,,,,,,,,,,,,,,,
#For details on the processing see file 2009-03-proc.pdf.,,,,,,,,,,,,,,,,,
#---------------------------------------------------------------------------------------------------,,,,,,,,,,,,,,,,,
#,,,,,,,,,,,,,,,,,
#File Name,Zone,FIL:START TIME YYYY/MM/DD, HH:MM,LOC:EVENT_NUMBER,LOC:LATITUDE,LOC:LONGITUDE,LOC:STATION,Pressure:CTD [dbar],Temperature:CTD [deg_C_(ITS90)],Salinity:Practical:CTD [PSS-78],Sigma-t:CTD [kg/m^3],Transmissivity:CTD [*/m],Oxygen:Dissolved:CTD:Volume [ml/l],Oxygen:Dissolved:CTD:Mass [µmol/kg],Fluorescence:CTD [mg/m^3],PAR:CTD [µE/m^2/sec],
#,,,,,,,,,,,,,,,,,
NUMBER_HEADERS = 8
EXPOCODE = 18DD20090127
STNBR = P12
CASTNO = 2
DATE = 31/01/2009
TIME =  16:34
LATITUDE = 48.96933
LONGITUDE = -130.66701
CTDPRS,CTDPRS_FLAG_W,CTDTMP,CTDTMP_FLAG_W,CTDSAL,CTDSAL_FLAG_W,CTDOXY,CTDOXY_FLAG_W,CTDXMISS,CTDXMISS_FLAG_W,CTDFLUOR,CTDFLUOR_FLAG_W,PAR,PAR_FLAG_W
DBAR,,ITS-90,,PSS-78,,UMOL/KG,,,,MG/M^3,,UE/m^2/sec,
P12,2,3.4,2,7.6164,2,6.72,2,25.353,2,292.7,2,0.888,2
P12,2,3.9,2,7.6169,2,6.73,2,25.3528,2,293.2,2,0.917,2
P12,2,5.0,2,7.6167,2,6.75,2,25.3529,2,294.0,2,0.927,2
P12,2,6.0,2,7.6167,2,6.76,2,25.3531,2,294.3,2,0.898,2
P12,2,7.0,2,7.6147,2,6.76,2,25.3535,2,294.1,2,0.9059999999999999,2
P12,2,8.1,2,7.6166,2,6.76,2,25.3534,2,294.2,2,0.895,2
P12,2,8.9,2,7.6167,2,6.75,2,25.3533,2,294.0,2,0.9179999999999999,2
P12,2,10.0,2,7.6178,2,6.75,2,25.3531,2,294.0,2,0.917,2
P12,2,11.0,2,7.617999999999999,2,6.75,2,25.3531,2,294.1,2,0.899,2
P12,2,12.0,2,7.6172,2,6.76,2,25.3532,2,294.1,2,0.92,2
P12,2,13.0,2,7.6166,2,6.76,2,25.3533,2,294.1,2,0.909,2
P12,2,14.0,2,7.6165,2,6.75,2,25.3532,2,293.9,2,0.922,2
P12,2,14.9,2,7.6165,2,6.74,2,25.3531,2,293.3,2,0.92,2
P12,2,16.0,2,7.6168,2,6.74,2,25.3531,2,293.5,2,0.9129999999999999,2
P12,2,17.0,2,7.6171,2,6.75,2,25.3531,2,293.9,2,0.912,2
P12,2,18.0,2,7.6172,2,6.76,2,25.353,2,294.4,2,0.919,2
P12,2,19.0,2,7.6172,2,6.76,2,25.353,2,294.4,2,0.93,2
P12,2,20.0,2,7.6172,2,6.74,2,25.3532,2,293.6,2,0.9,2
P12,2,21.0,2,7.6172,2,6.73,2,25.3531,2,293.1,2,0.92,2
P12,2,22.0,2,7.6174,2,6.73,2,25.353,2,293.2,2,0.894,2
P12,2,23.0,2,7.6176,2,6.73,2,25.3531,2,293.2,2,0.895,2
P12,2,24.0,2,7.6177,2,6.73,2,25.3531,2,293.2,2,0.9159999999999999,2
P12,2,25.0,2,7.6178,2,6.74,2,25.353,2,293.7,2,0.934,2
P12,2,26.0,2,7.6178,2,6.75,2,25.353,2,294.1,2,0.938,2
P12,2,27.0,2,7.6178,2,6.75,2,25.3531,2,294.0,2,0.907,2
P12,2,27.9,2,7.6179,2,6.74,2,25.3532,2,293.5,2,0.909,2
P12,2,29.0,2,7.6183,2,6.74,2,25.353,2,293.3,2,0.91,2
P12,2,30.0,2,7.6185,2,6.75,2,25.3529,2,293.9,2,0.915,2
P12,2,31.0,2,7.6186,2,6.76,2,25.353,2,294.2,2,0.914,2
P12,2,32.0,2,7.619,2,6.76,2,25.3529,2,294.2,2,0.9109999999999999,2
P12,2,33.0,2,7.6186,2,6.75,2,25.353,2,293.9,2,0.9390000000000001,2
P12,2,34.0,2,7.6186,2,6.74,2,25.353,2,293.6,2,0.9259999999999999,2
P12,2,35.0,2,7.6184,2,6.74,2,25.3532,2,293.4,2,0.932,2
P12,2,36.0,2,7.6183,2,6.74,2,25.353,2,293.3,2,0.956,2
P12,2,37.0,2,7.6179,2,6.74,2,25.3531,2,293.5,2,0.95,2
P12,2,38.0,2,7.6178,2,6.74,2,25.353,2,293.6,2,0.955,2
P12,2,39.0,2,7.6179,2,6.74,2,25.353,2,293.6,2,0.97,2
P12,2,40.0,2,7.6181,2,6.74,2,25.353,2,293.2,2,0.961,2
P12,2,41.0,2,7.6184,2,6.74,2,25.353,2,293.6,2,0.98,2
P12,2,42.0,2,7.6187,2,6.75,2,25.3528,2,293.7,2,0.9540000000000001,2
P12,2,43.0,2,7.6186,2,6.75,2,25.353,2,294.0,2,0.9640000000000001,2
P12,2,44.0,2,7.6184,2,6.76,2,25.353,2,294.2,2,0.946,2
P12,2,45.0,2,7.6184,2,6.76,2,25.3529,2,294.1,2,0.9159999999999999,2
P12,2,46.0,2,7.6183,2,6.74,2,25.353,2,293.5,2,0.9390000000000001,2
P12,2,47.0,2,7.6184,2,6.73,2,25.3529,2,293.0,2,0.915,2
P12,2,48.0,2,7.619,2,6.73,2,25.3529,2,293.0,2,0.941,2
P12,2,49.0,2,7.6188,2,6.74,2,25.353,2,293.3,2,0.9790000000000001,2
P12,2,50.0,2,7.6189,2,6.74,2,25.353,2,293.3,2,0.934,2
P12,2,51.0,2,7.6192,2,6.74,2,25.3528,2,293.3,2,0.9329999999999999,2
P12,2,52.0,2,7.6196,2,6.75,2,25.3528,2,293.8,2,0.9279999999999999,2
P12,2,53.0,2,7.6193,2,6.76,2,25.3528,2,294.1,2,0.943,2
P12,2,54.0,2,7.6193,2,6.76,2,25.3529,2,294.1,2,0.9670000000000001,2
P12,2,55.0,2,7.6195,2,6.75,2,25.3528,2,293.8,2,0.9690000000000001,2
P12,2,56.0,2,7.62,2,6.73,2,25.3526,2,293.1,2,0.9570000000000001,2
P12,2,57.0,2,7.6209,2,6.73,2,25.3525,2,292.9,2,0.9390000000000001,2
P12,2,58.0,2,7.6217,2,6.73,2,25.3524,2,293.2,2,0.9309999999999999,2
P12,2,59.0,2,7.6219,2,6.73,2,25.3525,2,292.9,2,1.0090000000000001,2
P12,2,60.0,2,7.6221,2,6.72,2,25.3524,2,292.6,2,1.08,2
P12,2,61.0,2,7.6223,2,6.72,2,25.3524,2,292.8,2,0.987,2
P12,2,62.0,2,7.6223,2,6.73,2,25.3527,2,293.1,2,0.9590000000000001,2
P12,2,63.0,2,7.6221,2,6.74,2,25.3527,2,293.4,2,0.9309999999999999,2
P12,2,64.0,2,7.6222,2,6.74,2,25.3526,2,293.7,2,0.91,2
P12,2,65.0,2,7.6221,2,6.75,2,25.3525,2,293.8,2,0.929,2
P12,2,66.0,2,7.622000000000001,2,6.74,2,25.3524,2,293.5,2,0.98,2
P12,2,67.1,2,7.6221,2,6.73,2,25.3525,2,293.0,2,0.9990000000000001,2
P12,2,67.9,2,7.6224,2,6.71,2,25.3526,2,292.3,2,0.9359999999999999,2
P12,2,69.0,2,7.6223,2,6.72,2,25.3525,2,292.4,2,0.938,2
P12,2,70.0,2,7.6227,2,6.72,2,25.3521,2,292.5,2,0.922,2
P12,2,71.0,2,7.6229,2,6.72,2,25.3523,2,292.5,2,0.914,2
P12,2,72.0,2,7.6228,2,6.72,2,25.3523,2,292.5,2,0.912,2
P12,2,73.0,2,7.6229,2,6.73,2,25.3522,2,293.1,2,0.914,2
P12,2,74.0,2,7.6226,2,6.75,2,25.3524,2,293.8,2,0.91,2
P12,2,75.0,2,7.6221,2,6.75,2,25.3524,2,294.1,2,0.91,2
P12,2,76.0,2,7.6219,2,6.76,2,25.3525,2,294.2,2,0.983,2
P12,2,77.0,2,7.6224,2,6.76,2,25.3525,2,294.2,2,0.941,2
P12,2,78.0,2,7.6223,2,6.75,2,25.3526,2,294.0,2,0.945,2
P12,2,79.1,2,7.6218,2,6.74,2,25.3527,2,293.6,2,0.932,2
P12,2,80.0,2,7.6226,2,6.73,2,25.3524,2,292.9,2,0.95,2
P12,2,81.0,2,7.6231,2,6.72,2,25.3524,2,292.7,2,0.925,2
P12,2,82.0,2,7.6232,2,6.71,2,25.3524,2,292.3,2,0.922,2
P12,2,83.0,2,7.6231,2,6.72,2,25.3524,2,292.5,2,0.927,2
P12,2,84.0,2,7.6225,2,6.72,2,25.3527,2,292.6,2,0.922,2
P12,2,85.0,2,7.6207,2,6.72,2,25.3535,2,292.6,2,0.9209999999999999,2
P12,2,86.0,2,7.617000000000001,2,6.72,2,25.3558,2,292.7,2,0.9059999999999999,2
P12,2,87.0,2,7.6165,2,6.73,2,25.355999999999998,2,293.0,2,0.894,2
P12,2,88.0,2,7.6164,2,6.74,2,25.355999999999998,2,293.4,2,0.9009999999999999,2
P12,2,89.0,2,7.6159,2,6.74,2,25.3563,2,293.5,2,0.903,2
P12,2,89.9,2,7.6155,2,6.74,2,25.3564,2,293.3,2,0.885,2
P12,2,91.2,2,7.6021,2,6.67,2,25.3611,2,290.3,2,0.865,2
P12,2,92.1,2,7.5738,2,6.6,2,25.3702,2,287.4,2,0.813,2
P12,2,93.0,2,7.4851,2,6.51,2,25.4003,2,283.6,2,0.665,2
P12,2,94.0,2,7.3512,2,6.46,2,25.4426,2,281.2,2,0.546,2
P12,2,95.0,2,7.2244,2,6.46,2,25.4631,2,281.1,2,0.47200000000000003,2
P12,2,96.0,2,7.1425,2,6.48,2,25.4721,2,281.9,2,0.424,2
P12,2,97.0,2,7.093999999999999,2,6.47,2,25.4801,2,281.8,2,0.39299999999999996,2
P12,2,98.0,2,7.0388,2,6.45,2,25.4915,2,281.0,2,0.386,2
P12,2,99.0,2,7.0405,2,6.44,2,25.5004,2,280.2,2,0.37200000000000005,2
P12,2,100.0,2,7.0283,2,6.42,2,25.5081,2,279.4,2,0.35700000000000004,2
P12,2,101.0,2,6.9354,2,6.39,2,25.5294,2,278.1,2,0.337,2
P12,2,102.0,2,6.8965,2,6.35,2,25.5429,2,276.6,2,0.311,2
P12,2,103.0,2,6.8719,2,6.32,2,25.5567,2,275.0,2,0.304,2
P12,2,104.0,2,6.8415,2,6.3,2,25.5759,2,274.4,2,0.304,2
P12,2,105.0,2,6.7828,2,6.33,2,25.614,2,275.7,2,0.28800000000000003,2
P12,2,106.0,2,6.7217,2,6.37,2,25.6502,2,277.1,2,0.284,2
P12,2,108.1,2,6.6629,2,6.25,2,25.6745,2,272.0,2,0.298,2
P12,2,109.0,2,6.645,2,6.24,2,25.6811,2,271.8,2,0.268,2
P12,2,110.0,2,6.6198,2,6.24,2,25.691999999999997,2,271.7,2,0.254,2
P12,2,111.0,2,6.5965,2,6.23,2,25.7014,2,271.3,2,0.249,2
P12,2,112.0,2,6.5888,2,6.22,2,25.7032,2,270.6,2,0.252,2
P12,2,113.0,2,6.5753,2,6.2,2,25.7139,2,270.0,2,0.256,2
P12,2,114.0,2,6.5503,2,6.19,2,25.73,2,269.5,2,0.26,2
P12,2,115.0,2,6.5341,2,6.17,2,25.7379,2,268.6,2,0.256,2
P12,2,116.0,2,6.5121,2,6.13,2,25.7502,2,266.8,2,0.249,2
P12,2,116.9,2,6.4655,2,6.1,2,25.7782,2,265.5,2,0.23199999999999998,2
P12,2,118.1,2,6.3605,2,6.06,2,25.8345,2,263.6,2,0.22899999999999998,2
P12,2,119.2,2,6.3236,2,6.04,2,25.8622,2,262.8,2,0.222,2
P12,2,120.0,2,6.3165,2,6.02,2,25.8677,2,262.0,2,0.21899999999999997,2
P12,2,121.0,2,6.284,2,6.01,2,25.8972,2,261.4,2,0.21100000000000002,2
P12,2,122.0,2,6.2807,2,5.99,2,25.9085,2,260.7,2,0.212,2
P12,2,123.0,2,6.2838,2,5.97,2,25.9164,2,260.0,2,0.214,2
P12,2,124.0,2,6.2874,2,5.96,2,25.9236,2,259.4,2,0.21,2
P12,2,125.0,2,6.2954,2,5.91,2,25.9338,2,257.2,2,0.207,2
P12,2,126.0,2,6.3225,2,5.81,2,25.9598,2,253.0,2,0.20199999999999999,2
P12,2,127.0,2,6.3706,2,5.74,2,26.0059,2,249.6,2,0.2,2
P12,2,128.0,2,6.3869,2,5.68,2,26.0265,2,247.2,2,0.203,2
P12,2,129.0,2,6.3997,2,5.64,2,26.055,2,245.6,2,0.209,2
P12,2,130.0,2,6.4035,2,5.63,2,26.0716,2,244.9,2,0.20199999999999999,2
P12,2,131.0,2,6.4028,2,5.65,2,26.0866,2,245.7,2,0.204,2
P12,2,131.6,2,6.4092,2,5.69,2,26.0935,2,247.6,2,0.201,2
P12,2,134.1,2,6.4239,2,5.49,2,26.1187,2,238.7,2,0.19899999999999998,2
P12,2,135.0,2,6.439,2,5.44,2,26.14,2,236.8,2,0.20199999999999999,2
P12,2,136.0,2,6.4517,2,5.4,2,26.1611,2,235.0,2,0.196,2
P12,2,137.0,2,6.4703,2,5.36,2,26.1883,2,233.3,2,0.19899999999999998,2
P12,2,138.0,2,6.4829,2,5.33,2,26.2097,2,232.0,2,0.19899999999999998,2
P12,2,139.0,2,6.4855,2,5.32,2,26.2298,2,231.2,2,0.19899999999999998,2
P12,2,140.0,2,6.4893,2,5.3,2,26.2412,2,230.5,2,0.198,2
P12,2,141.0,2,6.4843,2,5.28,2,26.2521,2,229.6,2,0.196,2
P12,2,142.0,2,6.4852,2,5.26,2,26.2594,2,228.6,2,0.198,2
P12,2,143.0,2,6.4892,2,5.25,2,26.2677,2,228.4,2,0.196,2
P12,2,144.0,2,6.4918,2,5.25,2,26.2732,2,228.4,2,0.195,2
P12,2,145.0,2,6.4929,2,5.24,2,26.2758,2,228.1,2,0.19399999999999998,2
P12,2,146.0,2,6.4949,2,5.24,2,26.2803,2,228.0,2,0.198,2
P12,2,147.0,2,6.4957,2,5.22,2,26.2818,2,227.3,2,0.198,2
P12,2,148.0,2,6.5028,2,5.13,2,26.3013,2,223.0,2,0.196,2
P12,2,149.0,2,6.5314,2,5.03,2,26.3628,2,218.7,2,0.196,2
P12,2,150.0,2,6.5649,2,4.98,2,26.401999999999997,2,216.7,2,0.195,2
P12,2,151.0,2,6.5809,2,4.95,2,26.4173,2,215.4,2,0.19,2
P12,2,152.0,2,6.5793,2,4.93,2,26.424,2,214.2,2,0.183,2
P12,2,153.0,2,6.5801,2,4.89,2,26.4324,2,212.8,2,0.18,2
P12,2,154.0,2,6.5907,2,4.86,2,26.4446,2,211.6,2,0.179,2
P12,2,155.0,2,6.5935,2,4.83,2,26.4718,2,210.2,2,0.18100000000000002,2
P12,2,156.0,2,6.5785,2,4.81,2,26.4883,2,209.2,2,0.183,2
P12,2,157.0,2,6.5602,2,4.79,2,26.4983,2,208.4,2,0.184,2
P12,2,158.0,2,6.5542,2,4.78,2,26.5027,2,208.0,2,0.191,2
P12,2,159.0,2,6.5467,2,4.78,2,26.5062,2,208.0,2,0.195,2
P12,2,160.1,2,6.5352,2,4.77,2,26.5117,2,207.3,2,0.191,2
P12,2,160.8,2,6.5274,2,4.74,2,26.5147,2,206.3,2,0.19,2
P12,2,162.0,2,6.4999,2,4.71,2,26.5199,2,204.9,2,0.19,2
P12,2,163.0,2,6.4765,2,4.7,2,26.5295,2,204.4,2,0.192,2
P12,2,164.1,2,6.4624,2,4.7,2,26.5358,2,204.5,2,0.19899999999999998,2
P12,2,166.3,2,6.4455,2,4.61,2,26.5422,2,200.6,2,0.187,2
P12,2,167.0,2,6.4404,2,4.6,2,26.5451,2,200.0,2,0.18600000000000003,2
P12,2,168.0,2,6.4304,2,4.58,2,26.551,2,199.1,2,0.183,2
P12,2,169.0,2,6.4225,2,4.56,2,26.555999999999997,2,198.2,2,0.183,2
P12,2,170.0,2,6.419,2,4.55,2,26.5581,2,197.8,2,0.183,2
P12,2,171.0,2,6.4185,2,4.54,2,26.5584,2,197.3,2,0.183,2
P12,2,172.0,2,6.4179,2,4.53,2,26.5588,2,197.1,2,0.183,2
P12,2,173.0,2,6.4177,2,4.53,2,26.5589,2,197.1,2,0.19,2
P12,2,174.0,2,6.416,2,4.54,2,26.5596,2,197.5,2,0.193,2
P12,2,175.0,2,6.4135,2,4.53,2,26.5611,2,197.2,2,0.192,2
P12,2,176.0,2,6.4099,2,4.51,2,26.5628,2,196.2,2,0.19399999999999998,2
P12,2,177.0,2,6.4056,2,4.49,2,26.5644,2,195.0,2,0.18899999999999997,2
P12,2,178.0,2,6.4008,2,4.45,2,26.5661,2,193.6,2,0.18899999999999997,2
P12,2,179.0,2,6.3896,2,4.43,2,26.5699,2,192.6,2,0.18899999999999997,2
P12,2,180.0,2,6.3705,2,4.41,2,26.5751,2,191.8,2,0.19699999999999998,2
P12,2,181.0,2,6.3507,2,4.39,2,26.5818,2,191.1,2,0.19399999999999998,2
P12,2,182.0,2,6.3348,2,4.37,2,26.5868,2,190.0,2,0.191,2
P12,2,183.0,2,6.3291,2,4.37,2,26.5879,2,189.9,2,0.193,2
P12,2,184.0,2,6.3205,2,4.35,2,26.5895,2,189.3,2,0.191,2
P12,2,185.0,2,6.3096,2,4.32,2,26.5917,2,188.0,2,0.188,2
P12,2,186.0,2,6.2942,2,4.29,2,26.5956,2,186.4,2,0.188,2
P12,2,187.0,2,6.2752,2,4.27,2,26.5999,2,185.7,2,0.184,2
P12,2,188.0,2,6.2591,2,4.26,2,26.6026,2,185.2,2,0.183,2
P12,2,189.0,2,6.2491,2,4.25,2,26.6045,2,184.7,2,0.187,2
P12,2,190.0,2,6.2468,2,4.24,2,26.6049,2,184.3,2,0.18899999999999997,2
P12,2,191.0,2,6.242999999999999,2,4.24,2,26.6052,2,184.3,2,0.18899999999999997,2
P12,2,192.1,2,6.2306,2,4.24,2,26.6081,2,184.4,2,0.18899999999999997,2
P12,2,194.0,2,6.2142,2,4.19,2,26.6127,2,182.3,2,0.192,2
P12,2,195.0,2,6.21,2,4.18,2,26.6142,2,181.8,2,0.188,2
P12,2,196.0,2,6.209,2,4.19,2,26.6143,2,182.0,2,0.19,2
P12,2,197.0,2,6.2091,2,4.19,2,26.6143,2,182.0,2,0.193,2
P12,2,198.0,2,6.2064,2,4.17,2,26.6156,2,181.4,2,0.192,2
P12,2,199.0,2,6.2021,2,4.16,2,26.6174,2,180.9,2,0.191,2
P12,2,200.0,2,6.202999999999999,2,4.15,2,26.618000000000002,2,180.6,2,0.19399999999999998,2
P12,2,201.0,2,6.2048,2,4.14,2,26.6184,2,179.9,2,0.191,2
P12,2,202.0,2,6.2072,2,4.11,2,26.6196,2,178.6,2,0.187,2
P12,2,203.0,2,6.1996,2,4.08,2,26.6228,2,177.3,2,0.185,2
P12,2,204.0,2,6.1865,2,4.05,2,26.6277,2,176.1,2,0.18899999999999997,2
P12,2,205.0,2,6.1808,2,4.04,2,26.6311,2,175.5,2,0.188,2
P12,2,206.0,2,6.1694,2,4.01,2,26.6353,2,174.5,2,0.19,2
P12,2,207.0,2,6.1558,2,4.01,2,26.6382,2,174.6,2,0.19,2
P12,2,208.0,2,6.1511,2,4.03,2,26.6392,2,175.2,2,0.195,2
P12,2,210.2,2,6.1422,2,3.98,2,26.6407,2,173.1,2,0.191,2
P12,2,211.0,2,6.1394,2,3.97,2,26.6414,2,172.8,2,0.193,2
P12,2,212.0,2,6.135,2,3.96,2,26.6422,2,172.2,2,0.191,2
P12,2,213.0,2,6.1204,2,3.95,2,26.6443,2,171.8,2,0.18899999999999997,2
P12,2,214.0,2,6.1127,2,3.96,2,26.6451,2,172.3,2,0.19399999999999998,2
P12,2,214.9,2,6.1065,2,3.96,2,26.6459,2,172.0,2,0.192,2
P12,2,216.1,2,6.0983,2,3.94,2,26.6475,2,171.4,2,0.192,2
P12,2,217.0,2,6.0974,2,3.94,2,26.6476,2,171.5,2,0.188,2
P12,2,218.0,2,6.0959,2,3.92,2,26.6478,2,170.3,2,0.18600000000000003,2
P12,2,219.0,2,6.0938,2,3.9,2,26.6482,2,169.5,2,0.183,2
P12,2,220.0,2,6.0766,2,3.89,2,26.6514,2,169.3,2,0.18600000000000003,2
P12,2,221.0,2,6.0656,2,3.9,2,26.6532,2,169.4,2,0.188,2
P12,2,222.0,2,6.0621,2,3.88,2,26.6537,2,168.6,2,0.184,2
P12,2,223.0,2,6.0599,2,3.87,2,26.6541,2,168.1,2,0.18899999999999997,2
P12,2,224.0,2,6.0551,2,3.87,2,26.6551,2,168.4,2,0.192,2
P12,2,224.6,2,6.0521,2,3.89,2,26.656,2,169.2,2,0.196,2
P12,2,227.1,2,6.0361,2,3.82,2,26.6625,2,166.2,2,0.184,2
P12,2,228.0,2,6.0299,2,3.82,2,26.6635,2,166.2,2,0.18100000000000002,2
P12,2,229.0,2,6.0284,2,3.81,2,26.6637,2,165.8,2,0.183,2
P12,2,230.0,2,6.0281,2,3.81,2,26.6639,2,165.7,2,0.187,2
P12,2,231.0,2,6.0251,2,3.82,2,26.6646,2,165.9,2,0.187,2
P12,2,232.0,2,6.0153,2,3.82,2,26.6659,2,166.3,2,0.188,2
P12,2,233.0,2,6.011,2,3.82,2,26.6663,2,166.0,2,0.191,2
P12,2,234.0,2,6.0045,2,3.8,2,26.666999999999998,2,165.3,2,0.191,2
P12,2,235.0,2,5.9804,2,3.8,2,26.6702,2,165.1,2,0.191,2
P12,2,236.0,2,5.9658,2,3.81,2,26.6729,2,165.8,2,0.193,2
P12,2,236.7,2,5.965,2,3.81,2,26.6728,2,165.8,2,0.192,2
P12,2,238.4,2,5.9624,2,3.73,2,26.6746,2,162.1,2,0.183,2
P12,2,239.0,2,5.9286,2,3.72,2,26.6791,2,161.7,2,0.182,2
P12,2,240.0,2,5.9206,2,3.71,2,26.6804,2,161.2,2,0.185,2
P12,2,241.0,2,5.9165,2,3.69,2,26.6809,2,160.4,2,0.187,2
P12,2,242.0,2,5.9078,2,3.68,2,26.6823,2,160.0,2,0.18899999999999997,2
P12,2,243.0,2,5.8968,2,3.68,2,26.6841,2,159.9,2,0.19399999999999998,2
P12,2,244.0,2,5.8912,2,3.68,2,26.6848,2,160.2,2,0.19399999999999998,2
P12,2,246.1,2,5.849,2,3.59,2,26.6907,2,156.1,2,0.188,2
P12,2,247.0,2,5.8313,2,3.56,2,26.6933,2,154.8,2,0.188,2
P12,2,248.0,2,5.8095,2,3.53,2,26.6968,2,153.6,2,0.192,2
P12,2,249.0,2,5.7839,2,3.51,2,26.7006,2,152.7,2,0.18899999999999997,2
P12,2,250.0,2,5.7714,2,3.5,2,26.7022,2,152.2,2,0.19,2
P12,2,251.0,2,5.7684,2,3.49,2,26.7022,2,151.8,2,0.19,2
P12,2,252.0,2,5.7577,2,3.48,2,26.7034,2,151.2,2,0.19399999999999998,2
P12,2,253.0,2,5.7331,2,3.45,2,26.7078,2,149.9,2,0.193,2
P12,2,254.0,2,5.7251,2,3.44,2,26.7086,2,149.5,2,0.191,2
P12,2,255.0,2,5.7236,2,3.43,2,26.709,2,149.3,2,0.188,2
P12,2,256.0,2,5.7215,2,3.42,2,26.7095,2,148.8,2,0.18899999999999997,2
P12,2,257.0,2,5.716,2,3.42,2,26.7102,2,148.8,2,0.187,2
P12,2,258.0,2,5.7086,2,3.41,2,26.7112,2,148.4,2,0.191,2
P12,2,259.0,2,5.6889,2,3.41,2,26.7137,2,148.4,2,0.195,2
P12,2,259.6,2,5.6809,2,3.42,2,26.7146,2,148.7,2,0.19399999999999998,2
P12,2,261.3,2,5.6603,2,3.31,2,26.7178,2,143.8,2,0.187,2
P12,2,262.0,2,5.638999999999999,2,3.28,2,26.7216,2,142.8,2,0.185,2
P12,2,263.0,2,5.6209,2,3.27,2,26.7246,2,142.4,2,0.183,2
P12,2,264.0,2,5.6142,2,3.26,2,26.7253,2,141.9,2,0.183,2
P12,2,265.0,2,5.6114,2,3.26,2,26.7256,2,141.8,2,0.185,2
P12,2,266.0,2,5.6094,2,3.25,2,26.7258,2,141.4,2,0.187,2
P12,2,267.0,2,5.6027,2,3.25,2,26.726999999999997,2,141.3,2,0.18899999999999997,2
P12,2,268.0,2,5.5919,2,3.25,2,26.7282,2,141.3,2,0.19399999999999998,2
P12,2,268.9,2,5.5879,2,3.26,2,26.7289,2,141.9,2,0.198,2
P12,2,270.3,2,5.5888,2,3.23,2,26.7288,2,140.4,2,0.191,2
P12,2,271.0,2,5.5804,2,3.22,2,26.73,2,140.0,2,0.187,2
P12,2,272.0,2,5.572,2,3.2,2,26.7313,2,139.0,2,0.192,2
P12,2,273.0,2,5.5645,2,3.19,2,26.7326,2,138.8,2,0.19,2
P12,2,274.0,2,5.5615,2,3.19,2,26.733,2,138.7,2,0.191,2
P12,2,275.0,2,5.558,2,3.17,2,26.7332,2,137.8,2,0.188,2
P12,2,276.0,2,5.5494,2,3.16,2,26.7345,2,137.4,2,0.187,2
P12,2,277.0,2,5.5421,2,3.12,2,26.7359,2,135.7,2,0.187,2
P12,2,278.0,2,5.5275,2,3.09,2,26.7386,2,134.2,2,0.18600000000000003,2
P12,2,279.0,2,5.5051,2,3.07,2,26.741999999999997,2,133.4,2,0.187,2
P12,2,280.0,2,5.4975,2,3.06,2,26.7429,2,132.9,2,0.187,2
P12,2,281.0,2,5.4884,2,3.06,2,26.7437,2,132.9,2,0.18899999999999997,2
P12,2,281.9,2,5.4791,2,3.06,2,26.7449,2,133.2,2,0.193,2
P12,2,284.0,2,5.4744,2,3.03,2,26.7462,2,131.9,2,0.19,2
P12,2,285.0,2,5.4705,2,3.02,2,26.7466,2,131.2,2,0.188,2
P12,2,286.0,2,5.4666,2,3.01,2,26.747,2,130.9,2,0.191,2
P12,2,287.0,2,5.461,2,3.0,2,26.7478,2,130.5,2,0.188,2
P12,2,288.0,2,5.4565,2,2.99,2,26.7486,2,130.1,2,0.184,2
P12,2,289.0,2,5.4545,2,2.99,2,26.7489,2,130.2,2,0.18600000000000003,2
P12,2,290.0,2,5.4531,2,2.99,2,26.7491,2,130.1,2,0.18600000000000003,2
P12,2,291.0,2,5.4504,2,2.99,2,26.7496,2,129.8,2,0.19,2
P12,2,292.0,2,5.4443,2,2.98,2,26.7505,2,129.5,2,0.193,2
P12,2,292.9,2,5.441,2,2.98,2,26.750999999999998,2,129.6,2,0.19399999999999998,2
P12,2,294.4,2,5.4377,2,2.94,2,26.7516,2,128.0,2,0.187,2
P12,2,295.0,2,5.4352,2,2.93,2,26.7522,2,127.2,2,0.185,2
P12,2,296.0,2,5.422999999999999,2,2.91,2,26.7549,2,126.4,2,0.183,2
P12,2,297.0,2,5.4127,2,2.9,2,26.7568,2,126.2,2,0.183,2
P12,2,298.0,2,5.406000000000001,2,2.89,2,26.7577,2,125.7,2,0.18600000000000003,2
P12,2,299.0,2,5.3999,2,2.89,2,26.7588,2,125.5,2,0.192,2
P12,2,300.0,2,5.3968,2,2.89,2,26.7591,2,125.6,2,0.19,2
P12,2,300.8,2,5.395,2,2.9,2,26.7594,2,126.0,2,0.19,2
P12,2,303.0,2,5.3731,2,2.81,2,26.7628,2,122.2,2,0.18899999999999997,2
P12,2,304.0,2,5.3541,2,2.78,2,26.7665,2,121.0,2,0.18600000000000003,2
P12,2,305.0,2,5.3455,2,2.77,2,26.7679,2,120.6,2,0.185,2
P12,2,306.0,2,5.3427,2,2.77,2,26.7683,2,120.5,2,0.187,2
P12,2,307.0,2,5.3413,2,2.77,2,26.7685,2,120.3,2,0.184,2
P12,2,308.0,2,5.3388,2,2.76,2,26.7689,2,120.0,2,0.188,2
P12,2,309.0,2,5.3343,2,2.75,2,26.7698,2,119.7,2,0.187,2
P12,2,310.0,2,5.3312,2,2.74,2,26.7704,2,119.1,2,0.188,2
P12,2,311.0,2,5.3288,2,2.73,2,26.7709,2,118.9,2,0.19399999999999998,2
P12,2,311.8,2,5.3218,2,2.74,2,26.7723,2,119.4,2,0.193,2
P12,2,313.4,2,5.305,2,2.67,2,26.7759,2,116.1,2,0.195,2
P12,2,314.0,2,5.297999999999999,2,2.64,2,26.7769,2,114.8,2,0.19,2
P12,2,315.0,2,5.2811,2,2.62,2,26.7803,2,113.7,2,0.184,2
P12,2,316.0,2,5.2733,2,2.6,2,26.7816,2,112.8,2,0.183,2
P12,2,317.0,2,5.2703,2,2.58,2,26.7823,2,112.3,2,0.185,2
P12,2,318.0,2,5.26,2,2.57,2,26.7842,2,111.6,2,0.184,2
P12,2,319.0,2,5.2467,2,2.56,2,26.7867,2,111.2,2,0.183,2
P12,2,320.0,2,5.2449,2,2.55,2,26.7869,2,110.7,2,0.183,2
P12,2,321.0,2,5.2425,2,2.53,2,26.7875,2,109.9,2,0.183,2
P12,2,322.0,2,5.2326,2,2.52,2,26.7895,2,109.5,2,0.187,2
P12,2,323.0,2,5.222,2,2.53,2,26.7911,2,109.8,2,0.191,2
P12,2,323.7,2,5.2191,2,2.55,2,26.7914,2,110.7,2,0.187,2
P12,2,326.3,2,5.1911,2,2.43,2,26.7968,2,105.5,2,0.179,2
P12,2,327.0,2,5.1732,2,2.41,2,26.8007,2,104.7,2,0.183,2
P12,2,328.0,2,5.165,2,2.39,2,26.802,2,104.0,2,0.184,2
P12,2,329.0,2,5.1571,2,2.38,2,26.8033,2,103.3,2,0.179,2
P12,2,330.0,2,5.1541,2,2.36,2,26.8039,2,102.8,2,0.179,2
P12,2,331.0,2,5.1483,2,2.36,2,26.8053,2,102.6,2,0.18,2
P12,2,332.0,2,5.1425,2,2.36,2,26.8064,2,102.7,2,0.184,2
P12,2,333.0,2,5.1418,2,2.37,2,26.8063,2,103.0,2,0.191,2
P12,2,333.9,2,5.1417,2,2.39,2,26.8063,2,103.9,2,0.191,2
P12,2,336.2,2,5.1426,2,2.35,2,26.805999999999997,2,102.3,2,0.187,2
P12,2,337.0,2,5.1409,2,2.34,2,26.8065,2,101.5,2,0.188,2
P12,2,338.0,2,5.1373,2,2.32,2,26.8077,2,100.7,2,0.19,2
P12,2,339.0,2,5.1304,2,2.29,2,26.8091,2,99.7,2,0.19,2
P12,2,340.0,2,5.112,2,2.27,2,26.8129,2,98.5,2,0.19,2
P12,2,341.0,2,5.1067,2,2.25,2,26.814,2,97.7,2,0.187,2
P12,2,342.0,2,5.1015,2,2.24,2,26.815,2,97.3,2,0.187,2
P12,2,343.0,2,5.0976,2,2.23,2,26.8158,2,97.1,2,0.187,2
P12,2,344.0,2,5.0963,2,2.23,2,26.816,2,97.1,2,0.18899999999999997,2
P12,2,345.0,2,5.0954,2,2.23,2,26.8162,2,96.9,2,0.188,2
P12,2,346.0,2,5.0948,2,2.22,2,26.8164,2,96.7,2,0.187,2
P12,2,347.0,2,5.0927,2,2.22,2,26.8169,2,96.4,2,0.185,2
P12,2,348.0,2,5.0903,2,2.21,2,26.8173,2,96.0,2,0.18100000000000002,2
P12,2,349.0,2,5.0902,2,2.2,2,26.8174,2,95.7,2,0.179,2
P12,2,350.0,2,5.0901,2,2.2,2,26.8175,2,95.5,2,0.184,2
P12,2,351.0,2,5.0865,2,2.19,2,26.818,2,95.3,2,0.183,2
P12,2,352.0,2,5.0826,2,2.18,2,26.8189,2,94.7,2,0.183,2
P12,2,353.0,2,5.0742,2,2.16,2,26.8206,2,93.8,2,0.19,2
P12,2,353.9,2,5.0527,2,2.15,2,26.8241,2,93.6,2,0.193,2
P12,2,356.2,2,5.0363,2,2.07,2,26.8299,2,90.0,2,0.17800000000000002,2
P12,2,357.0,2,5.0269,2,2.05,2,26.8314,2,89.1,2,0.17600000000000002,2
P12,2,358.0,2,5.0163,2,2.03,2,26.8341,2,88.3,2,0.17600000000000002,2
P12,2,359.0,2,5.0089,2,2.01,2,26.8358,2,87.5,2,0.17800000000000002,2
P12,2,360.0,2,4.9976,2,2.0,2,26.838,2,86.9,2,0.17800000000000002,2
P12,2,361.0,2,4.9871,2,1.99,2,26.84,2,86.3,2,0.179,2
P12,2,362.0,2,4.979,2,1.98,2,26.8413,2,85.9,2,0.179,2
P12,2,363.0,2,4.9722,2,1.98,2,26.8423,2,85.9,2,0.18600000000000003,2
P12,2,364.0,2,4.9678,2,1.98,2,26.8428,2,86.2,2,0.187,2
P12,2,364.8,2,4.9616,2,2.0,2,26.8436,2,86.9,2,0.188,2
P12,2,368.0,2,4.918,2,1.87,2,26.8547,2,81.1,2,0.18100000000000002,2
P12,2,369.0,2,4.896,2,1.84,2,26.8593,2,80.1,2,0.17600000000000002,2
P12,2,370.0,2,4.8847,2,1.83,2,26.8617,2,79.6,2,0.17600000000000002,2
P12,2,371.0,2,4.8795,2,1.82,2,26.8626,2,79.1,2,0.17600000000000002,2
P12,2,372.0,2,4.8763,2,1.81,2,26.8633,2,78.8,2,0.17800000000000002,2
P12,2,373.0,2,4.8711,2,1.81,2,26.8645,2,78.6,2,0.17800000000000002,2
P12,2,374.0,2,4.8687,2,1.8,2,26.8648,2,78.5,2,0.18,2
P12,2,375.0,2,4.8657,2,1.8,2,26.8654,2,78.5,2,0.183,2
P12,2,376.0,2,4.8618,2,1.8,2,26.8662,2,78.4,2,0.183,2
P12,2,377.1,2,4.8572,2,1.81,2,26.8671,2,78.6,2,0.188,2
P12,2,380.0,2,4.8421,2,1.77,2,26.8722,2,76.8,2,0.179,2
P12,2,381.0,2,4.8275,2,1.76,2,26.8739,2,76.6,2,0.177,2
P12,2,382.0,2,4.825,2,1.75,2,26.8741,2,76.3,2,0.18100000000000002,2
P12,2,383.0,2,4.8225,2,1.75,2,26.8745,2,75.9,2,0.177,2
P12,2,384.0,2,4.8172,2,1.73,2,26.8756,2,75.3,2,0.17800000000000002,2
P12,2,385.0,2,4.7997,2,1.72,2,26.8797,2,75.0,2,0.17800000000000002,2
P12,2,386.0,2,4.7854,2,1.72,2,26.8829,2,74.6,2,0.18100000000000002,2
P12,2,387.0,2,4.7804,2,1.71,2,26.8836,2,74.2,2,0.182,2
P12,2,388.0,2,4.7785,2,1.71,2,26.8838,2,74.3,2,0.183,2
P12,2,388.8,2,4.7741,2,1.73,2,26.8846,2,75.0,2,0.187,2
P12,2,391.0,2,4.7608,2,1.68,2,26.8876,2,72.9,2,0.18,2
P12,2,392.0,2,4.7538,2,1.67,2,26.8891,2,72.6,2,0.179,2
P12,2,393.0,2,4.7512,2,1.66,2,26.8898,2,72.4,2,0.17800000000000002,2
P12,2,394.0,2,4.7498,2,1.66,2,26.89,2,72.2,2,0.179,2
P12,2,395.0,2,4.7475,2,1.66,2,26.8906,2,72.1,2,0.175,2
P12,2,396.0,2,4.7443,2,1.66,2,26.8914,2,72.1,2,0.175,2
P12,2,397.0,2,4.7404,2,1.66,2,26.8922,2,72.0,2,0.175,2
P12,2,398.0,2,4.7359,2,1.65,2,26.8932,2,71.9,2,0.179,2
P12,2,399.0,2,4.7287,2,1.64,2,26.8947,2,71.5,2,0.179,2
P12,2,400.0,2,4.7188,2,1.64,2,26.8969,2,71.3,2,0.182,2
P12,2,401.0,2,4.7063,2,1.64,2,26.8991,2,71.3,2,0.185,2
P12,2,401.6,2,4.7018,2,1.64,2,26.8996,2,71.3,2,0.187,2
P12,2,404.0,2,4.6923,2,1.61,2,26.901999999999997,2,70.2,2,0.18100000000000002,2
P12,2,405.0,2,4.6894,2,1.61,2,26.9026,2,69.8,2,0.17800000000000002,2
P12,2,406.0,2,4.6868,2,1.6,2,26.9033,2,69.6,2,0.17600000000000002,2
P12,2,407.0,2,4.6836,2,1.6,2,26.9041,2,69.4,2,0.171,2
P12,2,408.0,2,4.6813,2,1.6,2,26.9046,2,69.3,2,0.174,2
P12,2,409.0,2,4.6776,2,1.59,2,26.9055,2,69.1,2,0.17600000000000002,2
P12,2,410.0,2,4.6755,2,1.59,2,26.906,2,69.0,2,0.17600000000000002,2
P12,2,411.0,2,4.6739999999999995,2,1.58,2,26.9063,2,68.6,2,0.17800000000000002,2
P12,2,412.0,2,4.6727,2,1.58,2,26.9066,2,68.6,2,0.179,2
P12,2,413.0,2,4.6707,2,1.58,2,26.9069,2,68.8,2,0.179,2
P12,2,414.0,2,4.668,2,1.59,2,26.9075,2,68.9,2,0.182,2
P12,2,414.9,2,4.665,2,1.59,2,26.908,2,69.2,2,0.18100000000000002,2
P12,2,418.3,2,4.6561,2,1.55,2,26.91,2,67.3,2,0.183,2
P12,2,419.0,2,4.6549,2,1.55,2,26.9103,2,67.2,2,0.18100000000000002,2
P12,2,420.0,2,4.6526,2,1.54,2,26.9108,2,66.9,2,0.17800000000000002,2
P12,2,421.0,2,4.6507,2,1.52,2,26.9114,2,66.3,2,0.17300000000000001,2
P12,2,422.0,2,4.6455,2,1.51,2,26.9129,2,65.7,2,0.171,2
P12,2,423.0,2,4.6336,2,1.5,2,26.9159,2,65.1,2,0.175,2
P12,2,424.0,2,4.6255,2,1.49,2,26.9175,2,64.7,2,0.177,2
P12,2,425.0,2,4.6192,2,1.48,2,26.919,2,64.1,2,0.17600000000000002,2
P12,2,426.0,2,4.6145,2,1.47,2,26.9202,2,63.7,2,0.177,2
P12,2,427.0,2,4.6083,2,1.46,2,26.9216,2,63.5,2,0.17800000000000002,2
P12,2,428.0,2,4.6035,2,1.46,2,26.9226,2,63.3,2,0.18100000000000002,2
P12,2,429.0,2,4.5979,2,1.46,2,26.9238,2,63.3,2,0.185,2
P12,2,429.7,2,4.5939,2,1.46,2,26.9245,2,63.4,2,0.18100000000000002,2
P12,2,433.1,2,4.582,2,1.42,2,26.9285,2,61.7,2,0.179,2
P12,2,434.0,2,4.5725,2,1.41,2,26.93,2,61.1,2,0.182,2
P12,2,435.0,2,4.5707,2,1.39,2,26.9303,2,60.6,2,0.179,2
P12,2,436.0,2,4.5675,2,1.38,2,26.9311,2,60.0,2,0.182,2
P12,2,437.0,2,4.5628,2,1.37,2,26.9321,2,59.5,2,0.18,2
P12,2,438.0,2,4.5511,2,1.36,2,26.9349,2,59.0,2,0.18100000000000002,2
P12,2,439.0,2,4.5435,2,1.35,2,26.9366,2,58.8,2,0.183,2
P12,2,440.0,2,4.5432,2,1.36,2,26.9368,2,59.0,2,0.185,2
P12,2,440.5,2,4.541,2,1.36,2,26.9375,2,59.2,2,0.187,2
P12,2,442.1,2,4.5388,2,1.33,2,26.938000000000002,2,58.0,2,0.182,2
P12,2,443.0,2,4.5381,2,1.33,2,26.9382,2,57.9,2,0.18100000000000002,2
P12,2,444.0,2,4.5385,2,1.33,2,26.9381,2,57.6,2,0.182,2
P12,2,445.0,2,4.5385,2,1.32,2,26.9381,2,57.5,2,0.183,2
P12,2,446.0,2,4.5384,2,1.33,2,26.9382,2,57.6,2,0.183,2
P12,2,447.0,2,4.5374,2,1.33,2,26.9384,2,57.6,2,0.184,2
P12,2,447.6,2,4.5338,2,1.33,2,26.9393,2,57.8,2,0.187,2
P12,2,450.1,2,4.5234,2,1.29,2,26.9422,2,56.1,2,0.177,2
P12,2,451.0,2,4.5202,2,1.28,2,26.9429,2,55.9,2,0.18,2
P12,2,452.0,2,4.5179,2,1.28,2,26.9436,2,55.6,2,0.17600000000000002,2
P12,2,453.0,2,4.5144,2,1.28,2,26.9446,2,55.5,2,0.17600000000000002,2
P12,2,454.0,2,4.5084,2,1.27,2,26.9464,2,55.1,2,0.179,2
P12,2,455.0,2,4.5048,2,1.26,2,26.9471,2,54.8,2,0.17800000000000002,2
P12,2,456.0,2,4.5023,2,1.25,2,26.9479,2,54.4,2,0.172,2
P12,2,457.0,2,4.5001,2,1.24,2,26.9483,2,54.0,2,0.18100000000000002,2
P12,2,458.0,2,4.4918,2,1.23,2,26.9507,2,53.6,2,0.18,2
P12,2,459.0,2,4.4792,2,1.23,2,26.9539,2,53.4,2,0.182,2
P12,2,459.7,2,4.4695,2,1.23,2,26.9559,2,53.5,2,0.183,2
P12,2,463.2,2,4.4454,2,1.19,2,26.9622,2,51.9,2,0.17600000000000002,2
P12,2,464.0,2,4.4421,2,1.19,2,26.9628,2,51.6,2,0.17600000000000002,2
P12,2,465.0,2,4.4352,2,1.18,2,26.9649,2,51.3,2,0.172,2
P12,2,466.0,2,4.4289,2,1.17,2,26.9666,2,51.0,2,0.17600000000000002,2
P12,2,467.0,2,4.4243,2,1.16,2,26.9677,2,50.6,2,0.17600000000000002,2
P12,2,468.0,2,4.4209,2,1.16,2,26.9688,2,50.5,2,0.18,2
P12,2,469.0,2,4.4132,2,1.16,2,26.9706,2,50.4,2,0.183,2
P12,2,470.0,2,4.4103,2,1.16,2,26.971,2,50.6,2,0.183,2
P12,2,470.9,2,4.4093,2,1.18,2,26.9714,2,51.2,2,0.183,2
P12,2,473.4,2,4.4096,2,1.14,2,26.9717,2,49.5,2,0.183,2
P12,2,474.0,2,4.4073,2,1.13,2,26.9725,2,49.2,2,0.175,2
P12,2,475.0,2,4.4059,2,1.12,2,26.9732,2,48.6,2,0.174,2
P12,2,476.0,2,4.4047,2,1.11,2,26.9736,2,48.4,2,0.174,2
P12,2,477.0,2,4.4026,2,1.11,2,26.9744,2,48.1,2,0.17300000000000001,2
P12,2,478.0,2,4.3995,2,1.1,2,26.9754,2,48.0,2,0.17600000000000002,2
P12,2,479.0,2,4.3958,2,1.1,2,26.9764,2,48.0,2,0.17600000000000002,2
P12,2,480.0,2,4.3917,2,1.1,2,26.9773,2,47.9,2,0.179,2
P12,2,481.0,2,4.3849,2,1.1,2,26.9791,2,47.8,2,0.182,2
P12,2,482.0,2,4.3816,2,1.1,2,26.9798,2,47.6,2,0.185,2
P12,2,483.4,2,4.3796,2,1.1,2,26.9803,2,47.8,2,0.179,2
P12,2,484.0,2,4.3782,2,1.1,2,26.9806,2,47.7,2,0.17800000000000002,2
P12,2,485.0,2,4.3733,2,1.09,2,26.9819,2,47.5,2,0.18,2
P12,2,486.0,2,4.3716,2,1.09,2,26.9822,2,47.5,2,0.183,2
P12,2,487.0,2,4.3696,2,1.09,2,26.9827,2,47.4,2,0.185,2
P12,2,488.0,2,4.3660000000000005,2,1.07,2,26.9839,2,46.6,2,0.177,2
P12,2,489.0,2,4.3644,2,1.07,2,26.9844,2,46.7,2,0.17600000000000002,2
P12,2,490.0,2,4.3635,2,1.07,2,26.9848,2,46.5,2,0.17600000000000002,2
P12,2,491.0,2,4.3621,2,1.06,2,26.9854,2,46.1,2,0.17300000000000001,2
P12,2,492.0,2,4.3612,2,1.05,2,26.9859,2,45.9,2,0.175,2
P12,2,493.0,2,4.3545,2,1.05,2,26.9881,2,45.6,2,0.175,2
P12,2,494.0,2,4.346,2,1.05,2,26.9904,2,45.5,2,0.182,2
P12,2,494.9,2,4.3412,2,1.05,2,26.9917,2,45.5,2,0.183,2
P12,2,497.2,2,4.3305,2,1.02,2,26.995,2,44.5,2,0.179,2
P12,2,498.0,2,4.3274,2,1.02,2,26.9961,2,44.3,2,0.17600000000000002,2
P12,2,499.0,2,4.3246,2,1.01,2,26.9968,2,44.1,2,0.17800000000000002,2
P12,2,500.0,2,4.3227,2,1.01,2,26.9974,2,43.9,2,0.18100000000000002,2
P12,2,501.0,2,4.322,2,1.01,2,26.9978,2,43.9,2,0.183,2
P12,2,501.7,2,4.321000000000001,2,1.01,2,26.998,2,44.1,2,0.183,2
P12,2,503.4,2,4.3141,2,0.99,2,27.0006,2,43.2,2,0.179,2
P12,2,504.0,2,4.3125,2,0.99,2,27.0012,2,43.0,2,0.179,2
P12,2,505.0,2,4.3119,2,0.99,2,27.0014,2,42.9,2,0.177,2
P12,2,506.0,2,4.3098,2,0.99,2,27.0022,2,42.9,2,0.179,2
P12,2,507.0,2,4.3079,2,0.98,2,27.0026,2,42.8,2,0.183,2
P12,2,507.9,2,4.303999999999999,2,0.99,2,27.0035,2,42.9,2,0.187,2
P12,2,510.0,2,4.2959,2,0.96,2,27.006999999999998,2,41.6,2,0.18100000000000002,2
P12,2,511.0,2,4.2925,2,0.94,2,27.0083,2,41.1,2,0.183,2
P12,2,512.0,2,4.2893,2,0.94,2,27.0093,2,40.8,2,0.18,2
P12,2,513.0,2,4.2868,2,0.93,2,27.0102,2,40.5,2,0.187,2
P12,2,514.0,2,4.2796,2,0.92,2,27.013,2,40.2,2,0.185,2
P12,2,515.0,2,4.2766,2,0.92,2,27.014,2,39.8,2,0.18,2
P12,2,516.0,2,4.2729,2,0.91,2,27.0154,2,39.7,2,0.177,2
P12,2,517.0,2,4.2693,2,0.9,2,27.0169,2,39.2,2,0.17600000000000002,2
P12,2,518.0,2,4.2673,2,0.89,2,27.0177,2,38.9,2,0.17800000000000002,2
P12,2,519.0,2,4.2645,2,0.89,2,27.0187,2,38.6,2,0.179,2
P12,2,520.0,2,4.2589999999999995,2,0.89,2,27.0207,2,38.6,2,0.183,2
P12,2,521.0,2,4.2525,2,0.88,2,27.0231,2,38.3,2,0.184,2
P12,2,521.9,2,4.2488,2,0.87,2,27.0251,2,37.9,2,0.182,2
P12,2,523.0,2,4.2457,2,0.85,2,27.0277,2,37.0,2,0.175,2
P12,2,524.0,2,4.2456,2,0.84,2,27.0277,2,36.6,2,0.17800000000000002,2
P12,2,525.0,2,4.2456,2,0.84,2,27.0281,2,36.4,2,0.17800000000000002,2
P12,2,526.0,2,4.2449,2,0.83,2,27.029,2,36.2,2,0.17600000000000002,2
P12,2,527.0,2,4.2434,2,0.83,2,27.0305,2,36.1,2,0.18,2
P12,2,528.0,2,4.242,2,0.83,2,27.0311,2,35.9,2,0.183,2
P12,2,529.0,2,4.2413,2,0.83,2,27.0313,2,35.9,2,0.183,2
P12,2,530.0,2,4.2401,2,0.82,2,27.0318,2,35.8,2,0.183,2
P12,2,531.0,2,4.2359,2,0.82,2,27.0332,2,35.8,2,0.183,2
P12,2,532.2,2,4.2323,2,0.81,2,27.034000000000002,2,35.3,2,0.183,2
P12,2,533.0,2,4.2309,2,0.81,2,27.0346,2,35.1,2,0.177,2
P12,2,534.0,2,4.2209,2,0.81,2,27.0377,2,35.1,2,0.17600000000000002,2
P12,2,535.0,2,4.2166,2,0.8,2,27.0391,2,34.8,2,0.172,2
P12,2,536.0,2,4.2164,2,0.8,2,27.039,2,34.7,2,0.175,2
P12,2,537.0,2,4.2155,2,0.79,2,27.0394,2,34.5,2,0.17800000000000002,2
P12,2,538.0,2,4.2129,2,0.79,2,27.0403,2,34.4,2,0.182,2
P12,2,539.1,2,4.2049,2,0.79,2,27.0426,2,34.4,2,0.184,2
P12,2,539.6,2,4.1986,2,0.79,2,27.0449,2,34.5,2,0.183,2
P12,2,541.0,2,4.1911,2,0.77,2,27.0476,2,33.3,2,0.182,2
P12,2,542.0,2,4.1876,2,0.76,2,27.0488,2,33.0,2,0.175,2
P12,2,543.0,2,4.1845,2,0.75,2,27.0499,2,32.7,2,0.17600000000000002,2
P12,2,544.0,2,4.1819,2,0.75,2,27.0511,2,32.6,2,0.17300000000000001,2
P12,2,545.0,2,4.1792,2,0.75,2,27.052,2,32.6,2,0.17600000000000002,2
P12,2,546.0,2,4.1759,2,0.75,2,27.0531,2,32.5,2,0.17600000000000002,2
P12,2,547.0,2,4.1734,2,0.74,2,27.0541,2,32.2,2,0.177,2
P12,2,548.0,2,4.171,2,0.74,2,27.0549,2,32.0,2,0.179,2
P12,2,549.0,2,4.1688,2,0.74,2,27.0556,2,32.0,2,0.183,2
P12,2,550.0,2,4.1669,2,0.74,2,27.0563,2,32.1,2,0.18100000000000002,2
P12,2,551.0,2,4.1644,2,0.73,2,27.0573,2,31.9,2,0.183,2
P12,2,552.0,2,4.1628,2,0.73,2,27.0578,2,31.6,2,0.182,2
P12,2,552.8,2,4.1598,2,0.73,2,27.059,2,31.7,2,0.185,2
P12,2,554.0,2,4.1572,2,0.72,2,27.0601,2,31.3,2,0.177,2
P12,2,555.0,2,4.1564,2,0.72,2,27.0605,2,31.1,2,0.17600000000000002,2
P12,2,556.0,2,4.1552,2,0.71,2,27.0609,2,31.0,2,0.174,2
P12,2,557.0,2,4.1509,2,0.71,2,27.0626,2,31.0,2,0.174,2
P12,2,558.0,2,4.1482,2,0.71,2,27.0633,2,30.8,2,0.172,2
P12,2,559.0,2,4.1448,2,0.71,2,27.0645,2,30.9,2,0.172,2
P12,2,560.0,2,4.1422,2,0.71,2,27.0651,2,30.9,2,0.172,2
P12,2,561.0,2,4.1398,2,0.71,2,27.0657,2,30.9,2,0.17600000000000002,2
P12,2,562.0,2,4.1383,2,0.71,2,27.066,2,30.9,2,0.179,2
P12,2,563.0,2,4.1363,2,0.71,2,27.0666,2,30.9,2,0.179,2
P12,2,564.0,2,4.1345,2,0.71,2,27.066999999999997,2,30.8,2,0.179,2
P12,2,565.0,2,4.1325,2,0.71,2,27.0672,2,30.9,2,0.184,2
P12,2,567.1,2,4.1237,2,0.68,2,27.072,2,29.7,2,0.175,2
P12,2,568.0,2,4.1126,2,0.68,2,27.0765,2,29.5,2,0.172,2
P12,2,569.0,2,4.1119,2,0.68,2,27.0767,2,29.3,2,0.172,2
P12,2,570.0,2,4.1108,2,0.68,2,27.0774,2,29.3,2,0.174,2
P12,2,571.0,2,4.1099,2,0.68,2,27.0781,2,29.3,2,0.17,2
P12,2,572.0,2,4.1092,2,0.68,2,27.0788,2,29.4,2,0.174,2
P12,2,573.0,2,4.1095,2,0.68,2,27.079,2,29.3,2,0.17600000000000002,2
P12,2,574.0,2,4.1097,2,0.67,2,27.0803,2,29.1,2,0.17600000000000002,2
P12,2,575.0,2,4.1087,2,0.66,2,27.0814,2,28.8,2,0.179,2
P12,2,576.0,2,4.1077,2,0.66,2,27.081999999999997,2,28.5,2,0.18,2
P12,2,576.9,2,4.1062,2,0.66,2,27.0834,2,28.5,2,0.182,2
P12,2,577.9,2,4.1048,2,0.65,2,27.0841,2,28.2,2,0.17600000000000002,2
P12,2,579.3,2,4.1058,2,0.65,2,27.0845,2,28.2,2,0.172,2
P12,2,580.0,2,4.1036,2,0.65,2,27.0854,2,28.2,2,0.17300000000000001,2
P12,2,581.0,2,4.0992,2,0.65,2,27.0861,2,28.3,2,0.17600000000000002,2
P12,2,582.0,2,4.0974,2,0.65,2,27.0865,2,28.3,2,0.17600000000000002,2
P12,2,583.0,2,4.0966,2,0.65,2,27.0867,2,28.3,2,0.17600000000000002,2
P12,2,584.0,2,4.0964,2,0.65,2,27.0868,2,28.2,2,0.17600000000000002,2
P12,2,585.0,2,4.0963,2,0.64,2,27.0872,2,28.0,2,0.179,2
P12,2,586.0,2,4.0957,2,0.64,2,27.0883,2,27.8,2,0.17600000000000002,2
P12,2,587.0,2,4.0946,2,0.63,2,27.0896,2,27.5,2,0.179,2
P12,2,588.0,2,4.0929,2,0.63,2,27.0901,2,27.5,2,0.18600000000000003,2
P12,2,589.0,2,4.0906,2,0.63,2,27.090999999999998,2,27.6,2,0.182,2
P12,2,590.0,2,4.0898,2,0.63,2,27.0909,2,27.6,2,0.182,2
P12,2,591.0,2,4.0882,2,0.63,2,27.0914,2,27.3,2,0.185,2
P12,2,592.0,2,4.0852,2,0.62,2,27.0921,2,27.1,2,0.182,2
P12,2,593.0,2,4.0815,2,0.62,2,27.0932,2,27.2,2,0.18,2
P12,2,594.0,2,4.0795,2,0.63,2,27.0938,2,27.2,2,0.17600000000000002,2
P12,2,595.0,2,4.0788,2,0.62,2,27.094,2,27.1,2,0.174,2
P12,2,596.0,2,4.0766,2,0.62,2,27.0945,2,27.0,2,0.17600000000000002,2
P12,2,597.0,2,4.0746,2,0.62,2,27.0951,2,27.0,2,0.17600000000000002,2
P12,2,598.0,2,4.0738,2,0.62,2,27.0951,2,27.2,2,0.17600000000000002,2
P12,2,599.0,2,4.0727,2,0.63,2,27.0957,2,27.2,2,0.17600000000000002,2
P12,2,600.0,2,4.0715,2,0.62,2,27.0958,2,27.0,2,0.17800000000000002,2
P12,2,601.0,2,4.0701,2,0.62,2,27.0962,2,27.1,2,0.179,2
P12,2,602.1,2,4.0692,2,0.62,2,27.0963,2,26.7,2,0.183,2
P12,2,602.6,2,4.0687,2,0.61,2,27.0965,2,26.5,2,0.183,2
P12,2,604.3,2,4.0692,2,0.61,2,27.0971,2,26.4,2,0.193,2
P12,2,605.0,2,4.0696,2,0.61,2,27.096999999999998,2,26.4,2,0.19899999999999998,2
P12,2,606.0,2,4.0696,2,0.6,2,27.0973,2,26.3,2,0.17600000000000002,2
P12,2,607.0,2,4.0683,2,0.6,2,27.0983,2,26.2,2,0.175,2
P12,2,608.0,2,4.0667,2,0.61,2,27.0993,2,26.3,2,0.175,2
P12,2,609.0,2,4.0664,2,0.6,2,27.0996,2,26.2,2,0.17600000000000002,2
P12,2,610.0,2,4.063,2,0.59,2,27.1019,2,25.7,2,0.17600000000000002,2
P12,2,611.0,2,4.0569,2,0.58,2,27.1043,2,25.2,2,0.17600000000000002,2
P12,2,612.0,2,4.0598,2,0.57,2,27.1061,2,24.9,2,0.18100000000000002,2
P12,2,613.0,2,4.0602,2,0.57,2,27.109,2,24.9,2,0.184,2
P12,2,613.8,2,4.0607,2,0.56,2,27.1107,2,24.3,2,0.172,2
P12,2,615.4,2,4.0601,2,0.55,2,27.111,2,23.7,2,0.172,2
P12,2,616.0,2,4.0597,2,0.55,2,27.1116,2,23.8,2,0.172,2
P12,2,617.0,2,4.0593,2,0.55,2,27.112,2,23.9,2,0.17,2
P12,2,618.0,2,4.0591,2,0.54,2,27.1122,2,23.6,2,0.171,2
P12,2,619.0,2,4.0587,2,0.54,2,27.1131,2,23.6,2,0.17,2
P12,2,620.0,2,4.0586,2,0.54,2,27.1132,2,23.6,2,0.17800000000000002,2
P12,2,621.0,2,4.0583,2,0.55,2,27.1133,2,23.7,2,0.179,2
P12,2,622.0,2,4.0567,2,0.55,2,27.114,2,23.8,2,0.17300000000000001,2
P12,2,623.0,2,4.0556,2,0.55,2,27.1144,2,23.7,2,0.17600000000000002,2
P12,2,624.0,2,4.055,2,0.54,2,27.115,2,23.6,2,0.179,2
P12,2,625.0,2,4.0534,2,0.54,2,27.1167,2,23.3,2,0.184,2
P12,2,625.7,2,4.0526,2,0.54,2,27.1175,2,23.3,2,0.187,2
P12,2,628.2,2,4.0487,2,0.52,2,27.1202,2,22.4,2,0.177,2
P12,2,629.0,2,4.0442,2,0.51,2,27.1222,2,22.1,2,0.174,2
P12,2,630.0,2,4.0397,2,0.5,2,27.1248,2,21.8,2,0.172,2
P12,2,631.0,2,4.0375,2,0.5,2,27.1259,2,21.9,2,0.174,2
P12,2,632.0,2,4.0365,2,0.51,2,27.1264,2,22.0,2,0.17300000000000001,2
P12,2,633.0,2,4.0339,2,0.5,2,27.1273,2,21.9,2,0.17600000000000002,2
P12,2,634.0,2,4.0313,2,0.5,2,27.1284,2,21.9,2,0.17800000000000002,2
P12,2,635.0,2,4.0307,2,0.5,2,27.1286,2,21.7,2,0.183,2
P12,2,636.0,2,4.0304,2,0.5,2,27.129,2,21.6,2,0.183,2
P12,2,636.5,2,4.0298,2,0.5,2,27.1294,2,21.5,2,0.183,2
P12,2,639.2,2,4.0279,2,0.49,2,27.1307,2,21.4,2,0.172,2
P12,2,640.0,2,4.0269,2,0.49,2,27.1311,2,21.2,2,0.172,2
P12,2,641.0,2,4.0259,2,0.48,2,27.1316,2,20.9,2,0.175,2
P12,2,642.0,2,4.0225,2,0.48,2,27.1334,2,20.8,2,0.17800000000000002,2
P12,2,643.0,2,4.0206,2,0.48,2,27.1341,2,20.7,2,0.172,2
P12,2,644.0,2,4.0175,2,0.48,2,27.1353,2,21.0,2,0.179,2
P12,2,645.0,2,4.0165,2,0.48,2,27.1356,2,21.0,2,0.183,2
P12,2,645.6,2,4.0157,2,0.48,2,27.1357,2,21.0,2,0.183,2
P12,2,647.4,2,4.0168,2,0.47,2,27.1354,2,20.6,2,0.17600000000000002,2
P12,2,648.0,2,4.0098,2,0.47,2,27.1375,2,20.5,2,0.175,2
P12,2,649.0,2,4.0077,2,0.47,2,27.1379,2,20.5,2,0.17300000000000001,2
P12,2,650.0,2,4.0072,2,0.47,2,27.1388,2,20.6,2,0.17800000000000002,2
P12,2,651.0,2,4.0077,2,0.47,2,27.1393,2,20.3,2,0.17600000000000002,2
P12,2,652.0,2,4.007,2,0.46,2,27.1401,2,20.1,2,0.17800000000000002,2
P12,2,653.0,2,4.0055,2,0.47,2,27.1404,2,20.2,2,0.179,2
P12,2,654.0,2,4.0035,2,0.47,2,27.1409,2,20.4,2,0.17800000000000002,2
P12,2,655.0,2,4.0017,2,0.47,2,27.1415,2,20.6,2,0.179,2
P12,2,656.0,2,4.0006,2,0.47,2,27.142,2,20.4,2,0.18,2
P12,2,657.0,2,3.9988,2,0.46,2,27.143,2,20.2,2,0.183,2
P12,2,657.6,2,3.9973,2,0.46,2,27.1435,2,20.0,2,0.183,2
P12,2,659.2,2,3.9949,2,0.46,2,27.145,2,19.8,2,0.17800000000000002,2
P12,2,660.0,2,3.9939,2,0.45,2,27.1451,2,19.6,2,0.17300000000000001,2
P12,2,661.0,2,3.9909,2,0.45,2,27.1474,2,19.4,2,0.171,2
P12,2,662.0,2,3.9845,2,0.45,2,27.1511,2,19.4,2,0.175,2
P12,2,663.0,2,3.9811,2,0.44,2,27.1528,2,19.2,2,0.172,2
P12,2,664.0,2,3.9781,2,0.43,2,27.1542,2,18.7,2,0.17600000000000002,2
P12,2,665.0,2,3.9767,2,0.42,2,27.155,2,18.3,2,0.182,2
P12,2,666.0,2,3.9755,2,0.42,2,27.1557,2,18.3,2,0.183,2
P12,2,667.1,2,3.9738,2,0.43,2,27.1565,2,18.6,2,0.184,2
P12,2,668.0,2,3.9731,2,0.43,2,27.1569,2,18.7,2,0.182,2
P12,2,669.0,2,3.972,2,0.42,2,27.1576,2,18.1,2,0.18100000000000002,2
P12,2,670.0,2,3.9691,2,0.42,2,27.159000000000002,2,18.1,2,0.18,2
P12,2,671.0,2,3.9658,2,0.42,2,27.1605,2,18.1,2,0.179,2
P12,2,672.0,2,3.9616,2,0.42,2,27.1624,2,18.1,2,0.177,2
P12,2,673.0,2,3.9563,2,0.42,2,27.1651,2,18.3,2,0.18100000000000002,2
P12,2,674.0,2,3.9562,2,0.41,2,27.1649,2,18.0,2,0.177,2
P12,2,675.0,2,3.9549,2,0.4,2,27.1658,2,17.5,2,0.18100000000000002,2
P12,2,676.0,2,3.9522,2,0.4,2,27.1671,2,17.4,2,0.184,2
P12,2,677.0,2,3.9506,2,0.4,2,27.1678,2,17.3,2,0.182,2
P12,2,678.0,2,3.9485,2,0.4,2,27.1685,2,17.5,2,0.179,2
P12,2,679.0,2,3.9435,2,0.4,2,27.1699,2,17.5,2,0.18100000000000002,2
P12,2,680.0,2,3.9419999999999997,2,0.41,2,27.1703,2,17.7,2,0.18100000000000002,2
P12,2,681.0,2,3.9414,2,0.41,2,27.1702,2,17.6,2,0.179,2
P12,2,682.0,2,3.9388,2,0.4,2,27.1706,2,17.4,2,0.17800000000000002,2
P12,2,683.0,2,3.9375,2,0.39,2,27.171,2,17.0,2,0.177,2
P12,2,684.0,2,3.9354,2,0.39,2,27.1714,2,17.0,2,0.179,2
P12,2,685.0,2,3.9308,2,0.4,2,27.171999999999997,2,17.4,2,0.183,2
P12,2,686.0,2,3.9253,2,0.4,2,27.1729,2,17.5,2,0.185,2
P12,2,687.2,2,3.9256,2,0.4,2,27.173000000000002,2,17.2,2,0.18,2
P12,2,688.0,2,3.9248,2,0.39,2,27.1736,2,17.0,2,0.18,2
P12,2,689.0,2,3.9219,2,0.4,2,27.1749,2,17.3,2,0.183,2
P12,2,690.0,2,3.9146,2,0.4,2,27.1769,2,17.2,2,0.183,2
P12,2,691.0,2,3.9103,2,0.39,2,27.1789,2,17.0,2,0.187,2
P12,2,692.0,2,3.9056,2,0.39,2,27.1795,2,17.0,2,0.182,2
P12,2,693.0,2,3.897,2,0.4,2,27.1798,2,17.5,2,0.182,2
P12,2,694.0,2,3.8808,2,0.42,2,27.1802,2,18.1,2,0.18100000000000002,2
P12,2,695.0,2,3.8507,2,0.43,2,27.1816,2,18.5,2,0.183,2
P12,2,696.1,2,3.8489,2,0.43,2,27.1828,2,18.8,2,0.184,2
P12,2,696.9,2,3.8581,2,0.41,2,27.1841,2,18.0,2,0.182,2
P12,2,698.0,2,3.8599,2,0.41,2,27.1849,2,18.0,2,0.179,2
P12,2,699.0,2,3.853,2,0.41,2,27.1859,2,17.8,2,0.17600000000000002,2
P12,2,700.0,2,3.8442,2,0.41,2,27.1889,2,17.7,2,0.17600000000000002,2
P12,2,701.0,2,3.8334,2,0.4,2,27.1919,2,17.4,2,0.17600000000000002,2
P12,2,702.0,2,3.8153,2,0.4,2,27.1957,2,17.3,2,0.17800000000000002,2
P12,2,703.0,2,3.8113,2,0.4,2,27.1965,2,17.4,2,0.179,2
P12,2,704.0,2,3.8079,2,0.4,2,27.1969,2,17.6,2,0.18100000000000002,2
P12,2,705.0,2,3.8038,2,0.41,2,27.1974,2,17.6,2,0.183,2
P12,2,705.9,2,3.8027,2,0.41,2,27.1977,2,17.7,2,0.183,2
P12,2,707.5,2,3.8048,2,0.41,2,27.1979,2,17.6,2,0.18,2
P12,2,708.0,2,3.803,2,0.41,2,27.1982,2,17.7,2,0.18,2
P12,2,709.0,2,3.8014,2,0.41,2,27.1985,2,17.7,2,0.183,2
P12,2,710.0,2,3.8002,2,0.4,2,27.1986,2,17.6,2,0.18100000000000002,2
P12,2,711.0,2,3.7989,2,0.4,2,27.199,2,17.6,2,0.179,2
P12,2,712.0,2,3.7969999999999997,2,0.41,2,27.1992,2,17.6,2,0.179,2
P12,2,713.0,2,3.7953,2,0.41,2,27.1997,2,17.7,2,0.179,2
P12,2,714.0,2,3.7911,2,0.41,2,27.2002,2,17.9,2,0.17800000000000002,2
P12,2,715.0,2,3.7867,2,0.41,2,27.2006,2,17.9,2,0.17800000000000002,2
P12,2,716.0,2,3.7834,2,0.41,2,27.201,2,18.0,2,0.17800000000000002,2
P12,2,717.0,2,3.7812,2,0.42,2,27.2014,2,18.1,2,0.177,2
P12,2,718.0,2,3.7802,2,0.42,2,27.2015,2,18.3,2,0.179,2
P12,2,719.1,2,3.7788,2,0.42,2,27.201999999999998,2,18.1,2,0.183,2
P12,2,720.0,2,3.7783,2,0.42,2,27.201999999999998,2,18.1,2,0.183,2
P12,2,721.0,2,3.7776,2,0.42,2,27.2022,2,18.2,2,0.183,2
P12,2,722.0,2,3.7748,2,0.42,2,27.2029,2,18.2,2,0.185,2
P12,2,722.8,2,3.7742,2,0.42,2,27.203000000000003,2,18.1,2,0.18600000000000003,2
P12,2,724.0,2,3.7719,2,0.41,2,27.2038,2,18.0,2,0.182,2
P12,2,725.0,2,3.77,2,0.42,2,27.2047,2,18.1,2,0.17800000000000002,2
P12,2,726.0,2,3.7696,2,0.41,2,27.2048,2,17.9,2,0.17600000000000002,2
P12,2,727.0,2,3.7676,2,0.41,2,27.2051,2,18.0,2,0.172,2
P12,2,728.0,2,3.7643,2,0.42,2,27.2057,2,18.1,2,0.174,2
P12,2,729.0,2,3.7589,2,0.42,2,27.2066,2,18.2,2,0.17600000000000002,2
P12,2,730.0,2,3.7545,2,0.42,2,27.2072,2,18.2,2,0.17300000000000001,2
P12,2,731.0,2,3.7514,2,0.41,2,27.2076,2,18.0,2,0.179,2
P12,2,732.0,2,3.7469,2,0.42,2,27.2086,2,18.1,2,0.18,2
P12,2,733.0,2,3.7447,2,0.42,2,27.2089,2,18.3,2,0.179,2
P12,2,734.0,2,3.7415,2,0.42,2,27.2094,2,18.3,2,0.185,2
P12,2,734.7,2,3.738,2,0.42,2,27.2104,2,18.3,2,0.187,2
P12,2,737.3,2,3.7373,2,0.4,2,27.2141,2,17.5,2,0.184,2
P12,2,738.0,2,3.7362,2,0.4,2,27.2142,2,17.4,2,0.182,2
P12,2,739.0,2,3.7357,2,0.4,2,27.2142,2,17.4,2,0.179,2
P12,2,740.0,2,3.7354,2,0.4,2,27.2145,2,17.5,2,0.17600000000000002,2
P12,2,741.0,2,3.7353,2,0.41,2,27.2147,2,17.6,2,0.17600000000000002,2
P12,2,742.0,2,3.7367,2,0.41,2,27.2152,2,17.6,2,0.17600000000000002,2
P12,2,743.0,2,3.738,2,0.4,2,27.2154,2,17.3,2,0.174,2
P12,2,744.0,2,3.7379,2,0.4,2,27.2155,2,17.2,2,0.17300000000000001,2
P12,2,745.0,2,3.739,2,0.39,2,27.2155,2,17.1,2,0.17800000000000002,2
P12,2,746.0,2,3.7436,2,0.39,2,27.2162,2,17.1,2,0.179,2
P12,2,747.0,2,3.7467,2,0.4,2,27.2166,2,17.4,2,0.18100000000000002,2
P12,2,748.0,2,3.752,2,0.4,2,27.2173,2,17.4,2,0.18100000000000002,2
P12,2,749.5,2,3.7584,2,0.38,2,27.2178,2,16.4,2,0.187,2
P12,2,749.9,2,3.7591,2,0.38,2,27.2183,2,16.3,2,0.18600000000000003,2
P12,2,751.0,2,3.7502,2,0.38,2,27.2196,2,16.5,2,0.179,2
P12,2,752.0,2,3.7448,2,0.38,2,27.2203,2,16.4,2,0.17800000000000002,2
P12,2,753.0,2,3.7431,2,0.38,2,27.2213,2,16.4,2,0.177,2
P12,2,754.0,2,3.7437,2,0.38,2,27.2218,2,16.7,2,0.179,2
P12,2,755.0,2,3.7438,2,0.38,2,27.2221,2,16.6,2,0.17600000000000002,2
P12,2,756.0,2,3.7406,2,0.38,2,27.2234,2,16.6,2,0.177,2
P12,2,757.0,2,3.7379,2,0.38,2,27.2239,2,16.5,2,0.179,2
P12,2,758.0,2,3.7349,2,0.38,2,27.2246,2,16.5,2,0.179,2
P12,2,759.0,2,3.7324,2,0.38,2,27.2252,2,16.3,2,0.18,2
P12,2,760.0,2,3.7310000000000003,2,0.37,2,27.226,2,16.1,2,0.179,2
P12,2,761.0,2,3.73,2,0.37,2,27.2262,2,15.9,2,0.18,2
P12,2,762.0,2,3.7283,2,0.37,2,27.2267,2,16.0,2,0.18,2
P12,2,763.0,2,3.7232,2,0.37,2,27.228,2,16.2,2,0.184,2
P12,2,764.0,2,3.721,2,0.37,2,27.2288,2,16.0,2,0.187,2
P12,2,765.1,2,3.7207,2,0.37,2,27.23,2,16.0,2,0.18100000000000002,2
P12,2,766.0,2,3.7197,2,0.36,2,27.2317,2,15.6,2,0.17800000000000002,2
P12,2,767.0,2,3.7147,2,0.36,2,27.2337,2,15.6,2,0.17600000000000002,2
P12,2,768.0,2,3.7126,2,0.36,2,27.234,2,15.8,2,0.17600000000000002,2
P12,2,769.0,2,3.7116,2,0.37,2,27.2344,2,15.9,2,0.17600000000000002,2
P12,2,770.0,2,3.7096,2,0.37,2,27.2348,2,15.9,2,0.17600000000000002,2
P12,2,771.0,2,3.7025,2,0.36,2,27.2362,2,15.8,2,0.17600000000000002,2
P12,2,772.0,2,3.6944,2,0.37,2,27.2366,2,15.9,2,0.18100000000000002,2
P12,2,773.1,2,3.68,2,0.37,2,27.2369,2,15.9,2,0.184,2
P12,2,773.5,2,3.6758,2,0.37,2,27.237,2,16.2,2,0.187,2
P12,2,775.4,2,3.6783,2,0.37,2,27.2379,2,16.0,2,0.184,2
P12,2,776.0,2,3.6743,2,0.37,2,27.2382,2,15.9,2,0.179,2
P12,2,777.0,2,3.6649,2,0.37,2,27.239,2,16.1,2,0.18100000000000002,2
P12,2,778.0,2,3.6614,2,0.37,2,27.2391,2,16.0,2,0.183,2
P12,2,779.0,2,3.6608,2,0.37,2,27.2394,2,15.9,2,0.18100000000000002,2
P12,2,780.0,2,3.6602,2,0.37,2,27.2394,2,16.0,2,0.18,2
P12,2,781.0,2,3.6583,2,0.37,2,27.2394,2,16.0,2,0.182,2
P12,2,782.0,2,3.6567,2,0.37,2,27.2396,2,16.0,2,0.179,2
P12,2,783.0,2,3.656,2,0.37,2,27.2395,2,16.3,2,0.179,2
P12,2,784.0,2,3.6556,2,0.37,2,27.2395,2,16.2,2,0.17800000000000002,2
P12,2,785.0,2,3.655,2,0.37,2,27.2396,2,15.9,2,0.182,2
P12,2,786.0,2,3.6496,2,0.36,2,27.2401,2,15.7,2,0.184,2
P12,2,787.0,2,3.6409,2,0.36,2,27.2426,2,15.8,2,0.182,2
P12,2,788.2,2,3.6376,2,0.35,2,27.2436,2,15.3,2,0.18,2
P12,2,789.0,2,3.6351,2,0.35,2,27.2443,2,15.2,2,0.177,2
P12,2,790.0,2,3.6323,2,0.35,2,27.2453,2,15.4,2,0.17600000000000002,2
P12,2,791.0,2,3.6306,2,0.35,2,27.2458,2,15.4,2,0.17600000000000002,2
P12,2,792.0,2,3.6269,2,0.36,2,27.247,2,15.5,2,0.172,2
P12,2,793.0,2,3.6258,2,0.36,2,27.2475,2,15.5,2,0.175,2
P12,2,794.0,2,3.6252,2,0.36,2,27.2477,2,15.6,2,0.17600000000000002,2
P12,2,795.0,2,3.6249,2,0.36,2,27.2479,2,15.7,2,0.17800000000000002,2
P12,2,796.0,2,3.6242,2,0.35,2,27.2481,2,15.4,2,0.179,2
P12,2,797.0,2,3.6236,2,0.36,2,27.2484,2,15.6,2,0.179,2
P12,2,798.0,2,3.6226,2,0.36,2,27.2491,2,15.5,2,0.183,2
P12,2,798.6,2,3.6219,2,0.36,2,27.2496,2,15.7,2,0.187,2
P12,2,800.3,2,3.6189,2,0.35,2,27.2509,2,15.3,2,0.177,2
P12,2,801.0,2,3.6156,2,0.35,2,27.2521,2,15.2,2,0.172,2
P12,2,802.0,2,3.6135,2,0.35,2,27.2526,2,15.1,2,0.17600000000000002,2
P12,2,803.0,2,3.6105,2,0.35,2,27.2543,2,15.1,2,0.174,2
P12,2,804.0,2,3.6094,2,0.35,2,27.255,2,15.2,2,0.17600000000000002,2
P12,2,805.0,2,3.6067,2,0.35,2,27.2566,2,15.3,2,0.177,2
P12,2,806.0,2,3.6057,2,0.35,2,27.2578,2,15.0,2,0.179,2
P12,2,807.0,2,3.6059,2,0.34,2,27.258000000000003,2,15.0,2,0.17800000000000002,2
P12,2,808.0,2,3.6052,2,0.35,2,27.2581,2,15.1,2,0.18100000000000002,2
P12,2,809.0,2,3.6018,2,0.34,2,27.2584,2,14.6,2,0.18100000000000002,2
P12,2,810.0,2,3.6010000000000004,2,0.33,2,27.2588,2,14.4,2,0.179,2
P12,2,811.0,2,3.5991,2,0.34,2,27.2592,2,14.8,2,0.182,2
P12,2,812.0,2,3.5992,2,0.33,2,27.261,2,14.5,2,0.183,2
P12,2,813.5,2,3.6012,2,0.33,2,27.2616,2,14.2,2,0.183,2
P12,2,814.0,2,3.6012,2,0.33,2,27.2622,2,14.4,2,0.179,2
P12,2,815.0,2,3.6015,2,0.34,2,27.2623,2,14.6,2,0.17600000000000002,2
P12,2,816.0,2,3.6018,2,0.34,2,27.2624,2,14.7,2,0.172,2
P12,2,817.0,2,3.6012,2,0.34,2,27.2624,2,14.7,2,0.17300000000000001,2
P12,2,818.0,2,3.6005,2,0.34,2,27.2627,2,14.7,2,0.17800000000000002,2
P12,2,819.0,2,3.6003,2,0.33,2,27.263,2,14.4,2,0.179,2
P12,2,820.0,2,3.6005,2,0.33,2,27.2633,2,14.2,2,0.179,2
P12,2,821.0,2,3.6005,2,0.33,2,27.2635,2,14.3,2,0.18,2
P12,2,822.0,2,3.6002,2,0.33,2,27.2641,2,14.5,2,0.182,2
P12,2,823.0,2,3.6003,2,0.32,2,27.2653,2,14.1,2,0.182,2
P12,2,824.0,2,3.6009,2,0.32,2,27.2655,2,13.9,2,0.18,2
P12,2,825.0,2,3.6016,2,0.32,2,27.2657,2,14.0,2,0.182,2
P12,2,826.0,2,3.6022,2,0.32,2,27.2658,2,14.1,2,0.182,2
P12,2,827.0,2,3.6028,2,0.32,2,27.2666,2,14.1,2,0.18100000000000002,2
P12,2,828.0,2,3.5972,2,0.32,2,27.2676,2,14.1,2,0.183,2
P12,2,829.0,2,3.596,2,0.32,2,27.2686,2,13.9,2,0.182,2
P12,2,830.0,2,3.5943,2,0.31,2,27.2701,2,13.5,2,0.18,2
P12,2,831.0,2,3.5931,2,0.31,2,27.2702,2,13.6,2,0.177,2
P12,2,832.0,2,3.5928,2,0.32,2,27.2703,2,13.9,2,0.177,2
P12,2,833.0,2,3.5922,2,0.32,2,27.2704,2,13.9,2,0.18100000000000002,2
P12,2,834.0,2,3.5902,2,0.32,2,27.2718,2,13.9,2,0.18,2
P12,2,835.0,2,3.5891,2,0.32,2,27.2737,2,13.8,2,0.18,2
P12,2,836.0,2,3.5859,2,0.31,2,27.2747,2,13.6,2,0.184,2
P12,2,837.0,2,3.5827,2,0.3,2,27.2762,2,13.0,2,0.184,2
P12,2,838.0,2,3.5797,2,0.3,2,27.2769,2,13.0,2,0.182,2
P12,2,839.0,2,3.5759,2,0.3,2,27.2776,2,13.1,2,0.18100000000000002,2
P12,2,840.0,2,3.568,2,0.3,2,27.2782,2,13.2,2,0.18,2
P12,2,841.0,2,3.5621,2,0.31,2,27.2786,2,13.3,2,0.182,2
P12,2,842.0,2,3.5573,2,0.31,2,27.2792,2,13.3,2,0.182,2
P12,2,843.0,2,3.5523,2,0.31,2,27.2802,2,13.5,2,0.183,2
P12,2,844.0,2,3.5511,2,0.31,2,27.2805,2,13.5,2,0.182,2
P12,2,845.0,2,3.5506,2,0.31,2,27.2806,2,13.3,2,0.182,2
P12,2,846.0,2,3.5499,2,0.3,2,27.2811,2,13.2,2,0.183,2
P12,2,847.0,2,3.5496,2,0.3,2,27.2814,2,13.0,2,0.179,2
P12,2,848.0,2,3.55,2,0.3,2,27.2819,2,13.1,2,0.179,2
P12,2,849.0,2,3.5505,2,0.3,2,27.2822,2,13.1,2,0.17800000000000002,2
P12,2,850.0,2,3.5522,2,0.3,2,27.2826,2,13.2,2,0.179,2
P12,2,851.0,2,3.5533,2,0.3,2,27.2832,2,13.1,2,0.177,2
P12,2,852.0,2,3.5501,2,0.3,2,27.2841,2,13.1,2,0.17800000000000002,2
P12,2,853.0,2,3.5429,2,0.3,2,27.2858,2,13.0,2,0.183,2
P12,2,854.0,2,3.5408,2,0.3,2,27.2861,2,13.0,2,0.183,2
P12,2,855.0,2,3.5407,2,0.3,2,27.2861,2,13.1,2,0.183,2
P12,2,856.0,2,3.5394,2,0.3,2,27.2862,2,13.2,2,0.183,2
P12,2,857.0,2,3.5351,2,0.3,2,27.2867,2,13.2,2,0.182,2
P12,2,858.0,2,3.5311,2,0.29,2,27.2876,2,12.8,2,0.183,2
P12,2,859.0,2,3.5277,2,0.29,2,27.2885,2,12.4,2,0.18100000000000002,2
P12,2,860.0,2,3.5253,2,0.29,2,27.289,2,12.7,2,0.184,2
P12,2,861.0,2,3.5239999999999996,2,0.29,2,27.2891,2,12.8,2,0.185,2
P12,2,861.9,2,3.5175,2,0.29,2,27.29,2,12.8,2,0.185,2
P12,2,863.2,2,3.5101,2,0.29,2,27.2911,2,12.8,2,0.185,2
P12,2,864.0,2,3.5091,2,0.3,2,27.2913,2,12.9,2,0.18100000000000002,2
P12,2,865.0,2,3.5059,2,0.29,2,27.2918,2,12.8,2,0.177,2
P12,2,866.0,2,3.5017,2,0.29,2,27.2924,2,12.4,2,0.17600000000000002,2
P12,2,867.0,2,3.4949,2,0.29,2,27.2935,2,12.5,2,0.17600000000000002,2
P12,2,868.0,2,3.4916,2,0.29,2,27.2941,2,12.7,2,0.174,2
P12,2,869.0,2,3.4895,2,0.29,2,27.2945,2,12.7,2,0.17300000000000001,2
P12,2,870.0,2,3.4886,2,0.29,2,27.2946,2,12.7,2,0.17600000000000002,2
P12,2,871.0,2,3.487,2,0.29,2,27.295,2,12.7,2,0.17600000000000002,2
P12,2,872.0,2,3.4855,2,0.29,2,27.2956,2,12.8,2,0.17600000000000002,2
P12,2,873.0,2,3.4866,2,0.29,2,27.2957,2,12.8,2,0.179,2
P12,2,874.0,2,3.4882,2,0.29,2,27.296,2,12.7,2,0.182,2
P12,2,874.5,2,3.487,2,0.29,2,27.2964,2,12.7,2,0.179,2
P12,2,876.0,2,3.4887,2,0.29,2,27.296,2,12.6,2,0.17600000000000002,2
P12,2,877.0,2,3.4875,2,0.29,2,27.296999999999997,2,12.5,2,0.17600000000000002,2
P12,2,878.0,2,3.4855,2,0.28,2,27.2976,2,12.4,2,0.175,2
P12,2,879.0,2,3.4810000000000003,2,0.28,2,27.2983,2,12.3,2,0.17300000000000001,2
P12,2,880.0,2,3.4806,2,0.29,2,27.2983,2,12.5,2,0.17300000000000001,2
P12,2,881.0,2,3.4802,2,0.29,2,27.2984,2,12.6,2,0.175,2
P12,2,882.0,2,3.4795,2,0.29,2,27.2987,2,12.6,2,0.187,2
P12,2,883.0,2,3.4788,2,0.29,2,27.2989,2,12.6,2,0.18100000000000002,2
P12,2,884.0,2,3.4706,2,0.29,2,27.3001,2,12.4,2,0.183,2
P12,2,885.0,2,3.4627,2,0.29,2,27.3011,2,12.5,2,0.183,2
P12,2,885.8,2,3.4582,2,0.28,2,27.3024,2,12.3,2,0.185,2
P12,2,887.0,2,3.4565,2,0.29,2,27.3027,2,12.5,2,0.182,2
P12,2,888.0,2,3.4542,2,0.28,2,27.3035,2,12.3,2,0.18,2
P12,2,889.0,2,3.4513,2,0.28,2,27.3045,2,12.0,2,0.17600000000000002,2
P12,2,890.0,2,3.4558,2,0.27,2,27.3073,2,11.6,2,0.177,2
P12,2,891.0,2,3.4566,2,0.27,2,27.3085,2,11.7,2,0.179,2
P12,2,892.0,2,3.4487,2,0.27,2,27.31,2,11.8,2,0.183,2
P12,2,892.9,2,3.4454,2,0.27,2,27.3108,2,11.7,2,0.183,2
P12,2,894.2,2,3.4446,2,0.28,2,27.3111,2,12.0,2,0.182,2
P12,2,895.0,2,3.4442,2,0.27,2,27.3114,2,11.8,2,0.17600000000000002,2
P12,2,896.0,2,3.4435,2,0.27,2,27.3114,2,11.8,2,0.17800000000000002,2
P12,2,897.0,2,3.4386,2,0.27,2,27.311999999999998,2,11.9,2,0.179,2
P12,2,898.0,2,3.4286,2,0.27,2,27.3129,2,11.8,2,0.18,2
P12,2,899.0,2,3.4252,2,0.27,2,27.3133,2,11.7,2,0.183,2
P12,2,900.0,2,3.42,2,0.27,2,27.3135,2,11.7,2,0.183,2
P12,2,900.6,2,3.417,2,0.27,2,27.3139,2,11.7,2,0.18,2
P12,2,902.3,2,3.4144,2,0.27,2,27.3146,2,11.9,2,0.17800000000000002,2
P12,2,903.0,2,3.4107,2,0.27,2,27.3154,2,11.9,2,0.17800000000000002,2
P12,2,904.0,2,3.4072,2,0.27,2,27.3163,2,11.9,2,0.182,2
P12,2,905.0,2,3.4002,2,0.27,2,27.3173,2,11.9,2,0.183,2
P12,2,906.1,2,3.3995,2,0.27,2,27.3176,2,11.9,2,0.184,2
P12,2,907.0,2,3.3987,2,0.27,2,27.3181,2,11.8,2,0.184,2
P12,2,908.0,2,3.3993,2,0.26,2,27.32,2,11.5,2,0.18,2
P12,2,909.0,2,3.4056,2,0.26,2,27.3211,2,11.5,2,0.183,2
P12,2,910.0,2,3.3968,2,0.27,2,27.3223,2,11.8,2,0.183,2
P12,2,911.0,2,3.3945,2,0.26,2,27.3229,2,11.5,2,0.179,2
P12,2,912.0,2,3.3924,2,0.25,2,27.324,2,11.0,2,0.18,2
P12,2,913.0,2,3.3972,2,0.25,2,27.3246,2,11.1,2,0.183,2
P12,2,914.0,2,3.3955,2,0.26,2,27.3249,2,11.4,2,0.183,2
P12,2,915.0,2,3.3973,2,0.26,2,27.3254,2,11.4,2,0.179,2
P12,2,916.0,2,3.3958,2,0.26,2,27.3255,2,11.1,2,0.183,2
P12,2,917.0,2,3.3943,2,0.26,2,27.3256,2,11.1,2,0.184,2
P12,2,917.9,2,3.3945,2,0.26,2,27.3258,2,11.3,2,0.183,2
P12,2,919.0,2,3.3952,2,0.26,2,27.3264,2,11.4,2,0.174,2
P12,2,920.0,2,3.3859,2,0.26,2,27.3273,2,11.4,2,0.175,2
P12,2,921.0,2,3.3787,2,0.26,2,27.3282,2,11.2,2,0.17300000000000001,2
P12,2,922.0,2,3.3766,2,0.26,2,27.3285,2,11.1,2,0.172,2
P12,2,923.0,2,3.3739,2,0.26,2,27.3289,2,11.1,2,0.17600000000000002,2
P12,2,924.0,2,3.3728,2,0.25,2,27.329,2,11.1,2,0.179,2
P12,2,925.0,2,3.3729,2,0.26,2,27.3293,2,11.3,2,0.179,2
P12,2,926.0,2,3.3717,2,0.25,2,27.3299,2,10.9,2,0.183,2
P12,2,926.8,2,3.3698,2,0.26,2,27.3304,2,11.1,2,0.185,2
P12,2,930.0,2,3.3634,2,0.26,2,27.3321,2,11.2,2,0.184,2
P12,2,931.0,2,3.3612,2,0.26,2,27.3325,2,11.2,2,0.183,2
P12,2,932.0,2,3.3548,2,0.26,2,27.3333,2,11.2,2,0.182,2
P12,2,933.0,2,3.3498,2,0.26,2,27.3349,2,11.2,2,0.179,2
P12,2,934.0,2,3.3483,2,0.26,2,27.3351,2,11.2,2,0.17600000000000002,2
P12,2,935.0,2,3.3415,2,0.26,2,27.3351,2,11.1,2,0.172,2
P12,2,936.0,2,3.3401,2,0.26,2,27.3356,2,11.2,2,0.175,2
P12,2,937.0,2,3.3424,2,0.26,2,27.3369,2,11.2,2,0.17800000000000002,2
P12,2,938.0,2,3.3492,2,0.26,2,27.3374,2,11.1,2,0.18100000000000002,2
P12,2,939.0,2,3.355,2,0.25,2,27.3383,2,11.0,2,0.185,2
P12,2,939.6,2,3.3594,2,0.25,2,27.3392,2,10.9,2,0.184,2
P12,2,942.0,2,3.3751,2,0.24,2,27.3399,2,10.6,2,0.17800000000000002,2
P12,2,943.0,2,3.3778,2,0.24,2,27.3411,2,10.4,2,0.177,2
P12,2,944.0,2,3.3784,2,0.24,2,27.3416,2,10.3,2,0.17600000000000002,2
P12,2,945.0,2,3.3791,2,0.24,2,27.342,2,10.5,2,0.17600000000000002,2
P12,2,946.0,2,3.3806,2,0.24,2,27.3424,2,10.5,2,0.17800000000000002,2
P12,2,947.0,2,3.3815,2,0.24,2,27.343000000000004,2,10.5,2,0.179,2
P12,2,948.0,2,3.3814,2,0.24,2,27.343000000000004,2,10.3,2,0.183,2
P12,2,949.0,2,3.3818,2,0.23,2,27.3436,2,10.2,2,0.18,2
P12,2,949.6,2,3.3826,2,0.24,2,27.3445,2,10.4,2,0.18,2
P12,2,951.3,2,3.3828,2,0.24,2,27.3452,2,10.3,2,0.174,2
P12,2,952.0,2,3.383,2,0.24,2,27.3457,2,10.3,2,0.171,2
P12,2,953.0,2,3.3828,2,0.23,2,27.3458,2,10.0,2,0.172,2
P12,2,954.0,2,3.3825,2,0.23,2,27.3458,2,10.1,2,0.17600000000000002,2
P12,2,955.0,2,3.3795,2,0.24,2,27.3461,2,10.3,2,0.17600000000000002,2
P12,2,956.0,2,3.3785,2,0.24,2,27.3462,2,10.4,2,0.175,2
P12,2,957.0,2,3.3721,2,0.24,2,27.3469,2,10.5,2,0.183,2
P12,2,958.1,2,3.3645,2,0.24,2,27.3479,2,10.5,2,0.182,2
P12,2,959.3,2,3.3637,2,0.24,2,27.3479,2,10.5,2,0.179,2
P12,2,959.9,2,3.3616,2,0.24,2,27.348000000000003,2,10.6,2,0.177,2
P12,2,961.0,2,3.3575,2,0.24,2,27.3484,2,10.5,2,0.174,2
P12,2,962.0,2,3.3512,2,0.24,2,27.3497,2,10.5,2,0.17600000000000002,2
P12,2,963.0,2,3.3401,2,0.24,2,27.3511,2,10.4,2,0.177,2
P12,2,964.0,2,3.3388,2,0.24,2,27.3515,2,10.3,2,0.182,2
P12,2,964.5,2,3.3384,2,0.24,2,27.3517,2,10.3,2,0.179,2
P12,2,967.0,2,3.3254,2,0.24,2,27.3551,2,10.6,2,0.179,2
P12,2,968.0,2,3.3198,2,0.24,2,27.355999999999998,2,10.5,2,0.175,2
P12,2,969.0,2,3.3179,2,0.24,2,27.3567,2,10.3,2,0.17600000000000002,2
P12,2,970.0,2,3.3144,2,0.24,2,27.3576,2,10.3,2,0.175,2
P12,2,971.0,2,3.3122,2,0.24,2,27.3582,2,10.3,2,0.172,2
P12,2,972.0,2,3.3111,2,0.24,2,27.3585,2,10.4,2,0.17300000000000001,2
P12,2,973.0,2,3.3089999999999997,2,0.24,2,27.3589,2,10.4,2,0.17600000000000002,2
P12,2,974.0,2,3.3080000000000003,2,0.24,2,27.3592,2,10.4,2,0.17600000000000002,2
P12,2,975.0,2,3.3078,2,0.24,2,27.3595,2,10.5,2,0.17600000000000002,2
P12,2,976.0,2,3.3089999999999997,2,0.24,2,27.3613,2,10.4,2,0.177,2
P12,2,977.1,2,3.3087,2,0.24,2,27.3632,2,10.3,2,0.184,2
P12,2,977.5,2,3.3079,2,0.24,2,27.3637,2,10.3,2,0.183,2
P12,2,979.3,2,3.3075,2,0.24,2,27.3635,2,10.3,2,0.179,2
P12,2,980.0,2,3.3068,2,0.23,2,27.3636,2,10.1,2,0.177,2
P12,2,981.0,2,3.3058,2,0.23,2,27.3638,2,10.1,2,0.177,2
P12,2,982.0,2,3.3055,2,0.23,2,27.3641,2,10.0,2,0.17600000000000002,2
P12,2,983.0,2,3.3034,2,0.23,2,27.3647,2,10.0,2,0.179,2
P12,2,984.0,2,3.2987,2,0.23,2,27.3657,2,10.0,2,0.17800000000000002,2
P12,2,985.0,2,3.293,2,0.23,2,27.3673,2,10.0,2,0.177,2
P12,2,986.0,2,3.2907,2,0.23,2,27.3682,2,10.2,2,0.177,2
P12,2,987.0,2,3.2888,2,0.23,2,27.3687,2,10.1,2,0.18,2
P12,2,988.2,2,3.2871,2,0.23,2,27.3689,2,10.2,2,0.179,2
P12,2,989.0,2,3.2831,2,0.23,2,27.3703,2,10.2,2,0.179,2
P12,2,990.0,2,3.2824,2,0.23,2,27.3709,2,10.2,2,0.17800000000000002,2
P12,2,991.0,2,3.2789,2,0.23,2,27.3724,2,10.2,2,0.17800000000000002,2
P12,2,992.0,2,3.2772,2,0.23,2,27.3735,2,10.1,2,0.179,2
P12,2,993.0,2,3.2763,2,0.23,2,27.3738,2,10.2,2,0.182,2
P12,2,994.0,2,3.2754,2,0.24,2,27.3742,2,10.3,2,0.18600000000000003,2
P12,2,995.2,2,3.2762,2,0.23,2,27.374000000000002,2,10.1,2,0.183,2
P12,2,996.0,2,3.2752,2,0.23,2,27.3746,2,10.2,2,0.183,2
P12,2,996.9,2,3.2736,2,0.23,2,27.3751,2,10.1,2,0.183,2
P12,2,998.0,2,3.2706,2,0.23,2,27.3759,2,10.0,2,0.185,2
P12,2,998.9,2,3.2699,2,0.23,2,27.3758,2,10.0,2,0.182,2
P12,2,999.9,2,3.2687,2,0.23,2,27.3762,2,10.0,2,0.183,2
P12,2,1001.1,2,3.263,2,0.23,2,27.3771,2,10.0,2,0.185,2
P12,2,1001.9,2,3.2615,2,0.23,2,27.378,2,9.9,2,0.183,2
END_DATA
