CTD,20190304CCHSIOLMM
#-----------------------------------------------------------------------------------------------------------,,,,,,,,,,,,,,,,,
#Transmissivity Fluorescence and PAR are nominal and unedited except that some records were removed in editing temperature and salinity.,,,,,,,,,,,,,,,,,
#,,,,,,,,,,,,,,,,,
#COMMENTS FOR FILES 0001 TO 0040:,,,,,,,,,,,,,,,,,
#The Oxygen:Dissolved:CTD data for this cruise were recalibrated in three steps.,,,,,,,,,,,,,,,,,
#The first correction was applied to data from above 1400 dbar and to all of cast 0040.,,,,,,,,,,,,,,,,,
#The second was applied to data below 1400 dbar from casts 0015 to 0038.,,,,,,,,,,,,,,,,,
#The final correction was applied to all data. ,,,,,,,,,,,,,,,,,
#,,,,,,,,,,,,,,,,,
#Oxygen:Dissolved:CTD data below 1400 dbar are very noisy and are considered less reliable because of the noisy signal; the limitations in the calibration; and because it was impossible to fine-tune the configuration parameters to get the best possible deep data; so there may be some hysteresis.,,,,,,,,,,,,,,,,,
#,,,,,,,,,,,,,,,,,
#The Oxygen:Dissolved:CTD data should be considered:,,,,,,,,,,,,,,,,,
#      • ±0.4 ml/l from 0 to 200 dbar,,,,,,,,,,,,,,,,,
#      • ±0.1 ml/l from 200 to 500 dbar,,,,,,,,,,,,,,,,,
#      • ±0.04 ml/l from 500 to 1500 dbar,,,,,,,,,,,,,,,,,
#      • ±0.2 ml/l below 1500 dbar,,,,,,,,,,,,,,,,,
#,,,,,,,,,,,,,,,,,
#COMMENTS FOR FILES 0046 TO 0060:,,,,,,,,,,,,,,,,,
#There were no bottle samples available to recalibrate the dissolved oxygen sensor used for this cast. ,,,,,,,,,,,,,,,,,
#Recalibration was based only on an inter-comparison of repeat casts at station P26; one with sensor #0997 (used for casts 0001 to 0040) and two with sensor #1119 (used for casts 0046 to 0060). ,,,,,,,,,,,,,,,,,
#The casts were separated in time by 4 to 6 hours.,,,,,,,,,,,,,,,,,
#Temporal variations were found to be very large between 100 and 700 dbar during repeat casts using a single sensor so the inter-comparison of sensors was limited to the mixed layer from 0 to 100 dbar and below 700 dbar. ,,,,,,,,,,,,,,,,,
#This limits the range included in the fit to high and low values.,,,,,,,,,,,,,,,,,
#A final calibration applied was based on studies of sensor #0997.,,,,,,,,,,,,,,,,,
#,,,,,,,,,,,,,,,,,
#The comparisons in areas of low Oxygen:Dissolved gradients suggest that this sensor performed well. ,,,,,,,,,,,,,,,,,
#A rough estimate suggests that the data is likely to be within:,,,,,,,,,,,,,,,,,
#      • ±0.4 ml/l from 0 to 200 dbar,,,,,,,,,,,,,,,,,
#      • ±0.2 ml/l below 200 dbar,,,,,,,,,,,,,,,,,
#,,,,,,,,,,,,,,,,,
#Transmissometer #1005DR was calibrated in March 2008 and drifted significantly but steadily until July 2009. ,,,,,,,,,,,,,,,,,
#Then a sudden shift occurred so that maximum values between September 2009 and July 2010 were very low by about 25 %/m. ,,,,,,,,,,,,,,,,,
#In August 2010 a study was made of transmissivity that led to a decision to apply post-processing corrections to all cruises between March 2008 and June 2010.,,,,,,,,,,,,,,,,,
#,,,,,,,,,,,,,,,,,
#Transmissivity data from this cruise were corrected by multiplying the original values by a correction factor which was based on assumptions that deep offshore transmissivity from a June 2009 cruise should be about 62 %/m and that drift was linear with time between March 2008 and July 2009. ,,,,,,,,,,,,,,,,,
#The corrections produced reasonable results for all cruises in that time period. ,,,,,,,,,,,,,,,,,
#,,,,,,,,,,,,,,,,,
#For details on the transmissometer post-processing see: Transmissometer_1005DR_Corrections.pdf.,,,,,,,,,,,,,,,,,
#,,,,,,,,,,,,,,,,,
#These data should still be considered nominal.,,,,,,,,,,,,,,,,,
#---------------------------------------------------------------------------------------------------,,,,,,,,,,,,,,,,,
#For details on the processing see file 2009-03-proc.pdf.,,,,,,,,,,,,,,,,,
#---------------------------------------------------------------------------------------------------,,,,,,,,,,,,,,,,,
#,,,,,,,,,,,,,,,,,
#File Name,Zone,FIL:START TIME YYYY/MM/DD, HH:MM,LOC:EVENT_NUMBER,LOC:LATITUDE,LOC:LONGITUDE,LOC:STATION,Pressure:CTD [dbar],Temperature:CTD [deg_C_(ITS90)],Salinity:Practical:CTD [PSS-78],Sigma-t:CTD [kg/m^3],Transmissivity:CTD [*/m],Oxygen:Dissolved:CTD:Volume [ml/l],Oxygen:Dissolved:CTD:Mass [µmol/kg],Fluorescence:CTD [mg/m^3],PAR:CTD [µE/m^2/sec],
#,,,,,,,,,,,,,,,,,
NUMBER_HEADERS = 8
EXPOCODE = 18DD20090127
STNBR = P24
CASTNO = 1
DATE = 06/02/2009
TIME =  07:24
LATITUDE = 49.83717
LONGITUDE = -142.66766
CTDPRS,CTDPRS_FLAG_W,CTDTMP,CTDTMP_FLAG_W,CTDSAL,CTDSAL_FLAG_W,CTDOXY,CTDOXY_FLAG_W,CTDXMISS,CTDXMISS_FLAG_W,CTDFLUOR,CTDFLUOR_FLAG_W,PAR,PAR_FLAG_W
DBAR,,ITS-90,,PSS-78,,UMOL/KG,,,,MG/M^3,,UE/m^2/sec,
P24,2,4.3,2,6.6744,2,6.84,2,25.5727,2,297.7,2,1.3330000000000002,2
P24,2,4.9,2,6.6745,2,6.85,2,25.573,2,298.3,2,1.251,2
P24,2,5.9,2,6.6739999999999995,2,6.85,2,25.5731,2,298.2,2,1.334,2
P24,2,7.0,2,6.6739,2,6.85,2,25.5731,2,298.2,2,1.229,2
P24,2,8.0,2,6.6738,2,6.85,2,25.5733,2,298.4,2,1.262,2
P24,2,9.0,2,6.6739,2,6.86,2,25.5732,2,298.6,2,1.3130000000000002,2
P24,2,10.0,2,6.6739999999999995,2,6.85,2,25.5733,2,298.4,2,1.331,2
P24,2,11.0,2,6.6741,2,6.85,2,25.5732,2,298.0,2,1.236,2
P24,2,12.0,2,6.6743,2,6.85,2,25.5732,2,298.4,2,1.3459999999999999,2
P24,2,13.0,2,6.6743,2,6.86,2,25.5732,2,298.6,2,1.216,2
P24,2,14.0,2,6.6745,2,6.85,2,25.573,2,298.3,2,1.232,2
P24,2,15.0,2,6.6751,2,6.85,2,25.5729,2,298.3,2,1.22,2
P24,2,16.0,2,6.6751,2,6.84,2,25.573,2,298.0,2,1.278,2
P24,2,17.0,2,6.6748,2,6.84,2,25.5732,2,297.9,2,1.264,2
P24,2,18.0,2,6.6749,2,6.85,2,25.5731,2,298.1,2,1.237,2
P24,2,19.0,2,6.675,2,6.84,2,25.5731,2,297.9,2,1.234,2
P24,2,20.0,2,6.6754,2,6.85,2,25.573,2,298.2,2,1.3319999999999999,2
P24,2,21.0,2,6.6753,2,6.86,2,25.573,2,298.4,2,1.196,2
P24,2,22.0,2,6.6754,2,6.85,2,25.573,2,298.1,2,1.297,2
P24,2,23.1,2,6.6752,2,6.84,2,25.573,2,297.6,2,1.236,2
P24,2,24.0,2,6.675,2,6.85,2,25.5731,2,298.3,2,1.3359999999999999,2
P24,2,25.0,2,6.6753,2,6.86,2,25.5732,2,298.7,2,1.325,2
P24,2,26.0,2,6.6766,2,6.86,2,25.5727,2,298.7,2,1.3,2
P24,2,27.0,2,6.678,2,6.86,2,25.5725,2,298.8,2,1.263,2
P24,2,28.0,2,6.6779,2,6.87,2,25.5726,2,299.0,2,1.2229999999999999,2
P24,2,29.0,2,6.6774,2,6.86,2,25.5728,2,298.7,2,1.2429999999999999,2
P24,2,30.0,2,6.6768,2,6.86,2,25.5728,2,298.6,2,1.2109999999999999,2
P24,2,31.0,2,6.6765,2,6.86,2,25.5729,2,298.7,2,1.2209999999999999,2
P24,2,32.0,2,6.6764,2,6.86,2,25.573,2,298.6,2,1.225,2
P24,2,33.0,2,6.6766,2,6.85,2,25.5729,2,298.2,2,1.304,2
P24,2,34.0,2,6.6770000000000005,2,6.84,2,25.5728,2,297.9,2,1.239,2
P24,2,35.0,2,6.6773,2,6.84,2,25.5728,2,297.8,2,1.266,2
P24,2,36.0,2,6.6775,2,6.85,2,25.5728,2,298.1,2,1.2570000000000001,2
P24,2,37.0,2,6.6778,2,6.86,2,25.5727,2,298.6,2,1.274,2
P24,2,38.0,2,6.6778,2,6.87,2,25.5727,2,298.9,2,1.206,2
P24,2,39.0,2,6.6776,2,6.86,2,25.5727,2,298.5,2,1.383,2
P24,2,40.0,2,6.6777,2,6.85,2,25.5728,2,298.1,2,1.2670000000000001,2
P24,2,41.1,2,6.6774,2,6.86,2,25.5728,2,298.8,2,1.25,2
P24,2,42.0,2,6.6775,2,6.86,2,25.5728,2,298.5,2,1.2429999999999999,2
P24,2,43.0,2,6.6778,2,6.86,2,25.5729,2,298.4,2,1.295,2
P24,2,44.0,2,6.6781,2,6.86,2,25.5727,2,298.6,2,1.2329999999999999,2
P24,2,45.0,2,6.6785,2,6.86,2,25.5726,2,298.5,2,1.206,2
P24,2,46.0,2,6.6785,2,6.86,2,25.5725,2,298.4,2,1.2109999999999999,2
P24,2,47.0,2,6.6784,2,6.86,2,25.5724,2,298.4,2,1.3430000000000002,2
P24,2,48.0,2,6.6781,2,6.85,2,25.5726,2,298.2,2,1.294,2
P24,2,49.0,2,6.6777,2,6.85,2,25.5728,2,298.4,2,1.182,2
P24,2,50.0,2,6.6774,2,6.86,2,25.5728,2,298.5,2,1.32,2
P24,2,51.0,2,6.6773,2,6.85,2,25.5729,2,298.0,2,1.251,2
P24,2,52.0,2,6.6774,2,6.85,2,25.5728,2,298.2,2,1.288,2
P24,2,53.0,2,6.6774,2,6.85,2,25.5728,2,298.4,2,1.287,2
P24,2,54.0,2,6.678,2,6.86,2,25.5728,2,298.4,2,1.169,2
P24,2,55.0,2,6.678,2,6.86,2,25.5728,2,298.8,2,1.26,2
P24,2,56.0,2,6.678,2,6.87,2,25.5728,2,299.0,2,1.2429999999999999,2
P24,2,57.0,2,6.6783,2,6.86,2,25.5729,2,298.8,2,1.218,2
P24,2,58.0,2,6.6782,2,6.86,2,25.573,2,298.4,2,1.297,2
P24,2,59.0,2,6.6782,2,6.86,2,25.5729,2,298.5,2,1.315,2
P24,2,60.0,2,6.6783,2,6.86,2,25.5727,2,298.6,2,1.3330000000000002,2
P24,2,61.0,2,6.6782,2,6.86,2,25.5729,2,298.6,2,1.275,2
P24,2,62.0,2,6.6785,2,6.86,2,25.5727,2,298.8,2,1.298,2
P24,2,63.0,2,6.6787,2,6.85,2,25.5727,2,298.4,2,1.251,2
P24,2,64.0,2,6.6789,2,6.84,2,25.5726,2,297.9,2,1.208,2
P24,2,65.0,2,6.6788,2,6.84,2,25.5725,2,297.8,2,1.225,2
P24,2,66.0,2,6.6786,2,6.84,2,25.5726,2,297.9,2,1.232,2
P24,2,67.0,2,6.6785,2,6.85,2,25.5726,2,298.1,2,1.3980000000000001,2
P24,2,68.0,2,6.6787,2,6.85,2,25.5726,2,298.2,2,1.2830000000000001,2
P24,2,69.0,2,6.6788,2,6.86,2,25.5726,2,298.5,2,1.245,2
P24,2,70.0,2,6.6782,2,6.85,2,25.5727,2,298.2,2,1.268,2
P24,2,71.1,2,6.6784,2,6.85,2,25.5729,2,298.1,2,1.2229999999999999,2
P24,2,71.9,2,6.6785,2,6.84,2,25.5728,2,298.0,2,1.232,2
P24,2,73.0,2,6.6789,2,6.84,2,25.5727,2,297.7,2,1.19,2
P24,2,74.0,2,6.6792,2,6.83,2,25.5727,2,297.3,2,1.2209999999999999,2
P24,2,75.0,2,6.6793,2,6.83,2,25.5726,2,297.2,2,1.25,2
P24,2,76.0,2,6.6796,2,6.82,2,25.5725,2,297.1,2,1.2590000000000001,2
P24,2,77.0,2,6.6792,2,6.82,2,25.5726,2,296.8,2,1.212,2
P24,2,78.0,2,6.6785,2,6.83,2,25.5728,2,297.3,2,1.26,2
P24,2,79.0,2,6.6786,2,6.84,2,25.5728,2,297.7,2,1.3090000000000002,2
P24,2,80.0,2,6.678999999999999,2,6.85,2,25.5725,2,298.1,2,1.227,2
P24,2,81.0,2,6.6789,2,6.85,2,25.5725,2,298.1,2,1.344,2
P24,2,82.0,2,6.6783,2,6.84,2,25.5726,2,297.7,2,1.214,2
P24,2,83.0,2,6.6779,2,6.84,2,25.5728,2,297.7,2,1.2229999999999999,2
P24,2,84.0,2,6.6778,2,6.83,2,25.5729,2,297.5,2,1.172,2
P24,2,85.0,2,6.6778,2,6.82,2,25.5731,2,297.0,2,1.181,2
P24,2,86.0,2,6.6777,2,6.83,2,25.5732,2,297.4,2,1.136,2
P24,2,87.0,2,6.6774,2,6.84,2,25.5731,2,297.8,2,1.158,2
P24,2,88.0,2,6.6768,2,6.84,2,25.5731,2,297.8,2,1.1420000000000001,2
P24,2,89.0,2,6.6765,2,6.84,2,25.5733,2,297.5,2,1.148,2
P24,2,90.0,2,6.6732,2,6.83,2,25.574,2,297.2,2,1.15,2
P24,2,91.1,2,6.6681,2,6.83,2,25.5753,2,297.3,2,1.157,2
P24,2,91.9,2,6.6628,2,6.81,2,25.5781,2,296.3,2,1.089,2
P24,2,93.0,2,6.6569,2,6.78,2,25.5817,2,295.2,2,1.03,2
P24,2,94.0,2,6.6142,2,6.77,2,25.6067,2,294.6,2,0.998,2
P24,2,95.0,2,6.582000000000001,2,6.76,2,25.6225,2,294.4,2,0.975,2
P24,2,96.0,2,6.5475,2,6.75,2,25.6384,2,293.6,2,0.889,2
P24,2,97.0,2,6.517,2,6.74,2,25.6509,2,293.4,2,0.6759999999999999,2
P24,2,97.8,2,6.4523,2,6.71,2,25.6769,2,292.0,2,0.595,2
P24,2,99.0,2,6.3493,2,6.59,2,25.7179,2,287.0,2,0.502,2
P24,2,100.0,2,6.12,2,6.57,2,25.8091,2,285.9,2,0.42,2
P24,2,101.0,2,5.9889,2,6.56,2,25.8533,2,285.4,2,0.359,2
P24,2,102.0,2,5.8583,2,6.55,2,25.8931,2,285.2,2,0.292,2
P24,2,103.0,2,5.8158,2,6.55,2,25.9049,2,285.2,2,0.27399999999999997,2
P24,2,104.0,2,5.7812,2,6.55,2,25.9148,2,285.2,2,0.22399999999999998,2
P24,2,105.0,2,5.7452,2,6.56,2,25.9253,2,285.3,2,0.16,2
P24,2,106.0,2,5.7051,2,6.56,2,25.9376,2,285.6,2,0.16399999999999998,2
P24,2,107.0,2,5.6815,2,6.57,2,25.9454,2,285.9,2,0.149,2
P24,2,108.0,2,5.659,2,6.57,2,25.9532,2,285.9,2,0.141,2
P24,2,109.1,2,5.6344,2,6.57,2,25.9633,2,285.7,2,0.13699999999999998,2
P24,2,110.0,2,5.6272,2,6.56,2,25.9671,2,285.4,2,0.083,2
P24,2,111.0,2,5.6171,2,6.55,2,25.9727,2,285.0,2,0.11,2
P24,2,112.0,2,5.607,2,6.54,2,25.9789,2,284.8,2,0.07200000000000001,2
P24,2,113.0,2,5.6033,2,6.54,2,25.9817,2,284.4,2,0.102,2
P24,2,114.0,2,5.6,2,6.53,2,25.984,2,284.1,2,0.07400000000000001,2
P24,2,115.0,2,5.5926,2,6.53,2,25.9882,2,284.1,2,0.10400000000000001,2
P24,2,116.0,2,5.5805,2,6.52,2,25.9945,2,283.6,2,0.07200000000000001,2
P24,2,117.0,2,5.5733,2,6.51,2,26.0005,2,283.1,2,0.062,2
P24,2,118.0,2,5.5652,2,6.49,2,26.0092,2,282.4,2,0.055999999999999994,2
P24,2,119.0,2,5.5598,2,6.48,2,26.0161,2,281.9,2,0.071,2
P24,2,120.0,2,5.5554,2,6.46,2,26.0245,2,280.9,2,0.063,2
P24,2,121.0,2,5.5626,2,6.43,2,26.0441,2,279.7,2,0.052000000000000005,2
P24,2,122.0,2,5.5814,2,6.4,2,26.0668,2,278.3,2,0.091,2
P24,2,123.0,2,5.6059,2,6.37,2,26.0862,2,277.2,2,0.075,2
P24,2,124.0,2,5.6127,2,6.34,2,26.0931,2,275.8,2,0.061,2
P24,2,124.9,2,5.6081,2,6.32,2,26.0999,2,274.8,2,0.052000000000000005,2
P24,2,126.0,2,5.5991,2,6.29,2,26.1063,2,273.7,2,0.048,2
P24,2,127.0,2,5.6097,2,6.27,2,26.1121,2,272.6,2,0.048,2
P24,2,128.0,2,5.6172,2,6.25,2,26.1219,2,272.1,2,0.057999999999999996,2
P24,2,129.0,2,5.6199,2,6.25,2,26.1328,2,271.7,2,0.049,2
P24,2,130.0,2,5.6225,2,6.24,2,26.1394,2,271.4,2,0.047,2
P24,2,131.0,2,5.626,2,6.23,2,26.1433,2,270.9,2,0.062,2
P24,2,132.0,2,5.6335,2,6.21,2,26.1503,2,270.3,2,0.051,2
P24,2,133.0,2,5.6404,2,6.2,2,26.1585,2,269.7,2,0.054000000000000006,2
P24,2,134.0,2,5.6452,2,6.16,2,26.1628,2,267.9,2,0.068,2
P24,2,135.0,2,5.6458,2,6.09,2,26.178,2,264.9,2,0.042,2
P24,2,136.0,2,5.6443,2,6.02,2,26.2209,2,261.8,2,0.052000000000000005,2
P24,2,137.0,2,5.6603,2,5.96,2,26.2472,2,259.2,2,0.047,2
P24,2,138.0,2,5.6741,2,5.91,2,26.2632,2,257.1,2,0.053,2
P24,2,139.0,2,5.6819,2,5.87,2,26.2719,2,255.5,2,0.061,2
P24,2,140.0,2,5.6872,2,5.84,2,26.283,2,254.2,2,0.048,2
P24,2,141.0,2,5.6947,2,5.8,2,26.2956,2,252.5,2,0.05,2
P24,2,142.0,2,5.7031,2,5.76,2,26.3082,2,250.6,2,0.046,2
P24,2,143.0,2,5.7218,2,5.71,2,26.3363,2,248.5,2,0.045,2
P24,2,144.1,2,5.7512,2,5.67,2,26.3739,2,246.8,2,0.048,2
P24,2,145.0,2,5.7548,2,5.61,2,26.3848,2,244.1,2,0.047,2
P24,2,146.0,2,5.7575,2,5.51,2,26.4193,2,239.8,2,0.065,2
P24,2,147.0,2,5.7576,2,5.47,2,26.4304,2,237.9,2,0.059000000000000004,2
P24,2,148.0,2,5.7571,2,5.45,2,26.4341,2,237.0,2,0.051,2
P24,2,149.0,2,5.7553,2,5.43,2,26.4406,2,236.0,2,0.044000000000000004,2
P24,2,150.0,2,5.7534,2,5.4,2,26.4476,2,235.0,2,0.045,2
P24,2,151.0,2,5.7514,2,5.38,2,26.4532,2,233.9,2,0.051,2
P24,2,152.0,2,5.7398,2,5.36,2,26.4647,2,232.9,2,0.051,2
P24,2,153.0,2,5.7276,2,5.34,2,26.4716,2,232.0,2,0.068,2
P24,2,154.0,2,5.723,2,5.32,2,26.4761,2,231.2,2,0.054000000000000006,2
P24,2,155.0,2,5.712000000000001,2,5.28,2,26.487,2,229.7,2,0.047,2
P24,2,155.9,2,5.695,2,5.23,2,26.5032,2,227.3,2,0.051,2
P24,2,157.0,2,5.6834,2,5.18,2,26.5119,2,225.3,2,0.045,2
P24,2,158.0,2,5.6698,2,5.14,2,26.5218,2,223.6,2,0.052000000000000005,2
P24,2,159.0,2,5.6647,2,5.1,2,26.5263,2,221.9,2,0.044000000000000004,2
P24,2,160.0,2,5.6362,2,5.06,2,26.5393,2,220.2,2,0.055999999999999994,2
P24,2,161.0,2,5.6071,2,5.03,2,26.5505,2,218.6,2,0.049,2
P24,2,162.0,2,5.5920000000000005,2,5.0,2,26.5574,2,217.6,2,0.071,2
P24,2,163.0,2,5.5699,2,4.98,2,26.5656,2,216.7,2,0.045,2
P24,2,164.0,2,5.5611,2,4.95,2,26.5684,2,215.4,2,0.051,2
P24,2,165.0,2,5.5498,2,4.91,2,26.5722,2,213.6,2,0.065,2
P24,2,166.0,2,5.494,2,4.86,2,26.5904,2,211.2,2,0.057,2
P24,2,167.0,2,5.475,2,4.79,2,26.595,2,208.2,2,0.047,2
P24,2,168.0,2,5.409,2,4.72,2,26.611,2,205.1,2,0.053,2
P24,2,169.0,2,5.3762,2,4.66,2,26.6182,2,202.8,2,0.048,2
P24,2,170.0,2,5.3551,2,4.64,2,26.6234,2,201.6,2,0.05,2
P24,2,171.0,2,5.3417,2,4.61,2,26.6268,2,200.3,2,0.051,2
P24,2,172.0,2,5.3265,2,4.57,2,26.6303,2,198.9,2,0.049,2
P24,2,173.0,2,5.3121,2,4.54,2,26.6329,2,197.3,2,0.05,2
P24,2,174.0,2,5.2745,2,4.5,2,26.6416,2,195.9,2,0.051,2
P24,2,175.0,2,5.247999999999999,2,4.48,2,26.6477,2,194.7,2,0.049,2
P24,2,176.0,2,5.2379999999999995,2,4.46,2,26.6498,2,193.9,2,0.059000000000000004,2
P24,2,177.0,2,5.2321,2,4.45,2,26.6508,2,193.4,2,0.075,2
P24,2,178.1,2,5.2236,2,4.44,2,26.6524,2,193.1,2,0.052000000000000005,2
P24,2,178.9,2,5.2182,2,4.43,2,26.6537,2,192.5,2,0.054000000000000006,2
P24,2,180.0,2,5.2094,2,4.39,2,26.6558,2,190.8,2,0.05,2
P24,2,181.0,2,5.2024,2,4.36,2,26.6576,2,189.7,2,0.05,2
P24,2,182.0,2,5.181,2,4.34,2,26.6622,2,188.5,2,0.048,2
P24,2,183.0,2,5.1676,2,4.31,2,26.6647,2,187.3,2,0.048,2
P24,2,184.0,2,5.1566,2,4.28,2,26.666999999999998,2,186.2,2,0.044000000000000004,2
P24,2,185.0,2,5.1317,2,4.26,2,26.6715,2,185.1,2,0.05,2
P24,2,185.9,2,5.1175,2,4.23,2,26.6739,2,184.1,2,0.048,2
P24,2,187.3,2,5.0799,2,4.15,2,26.6823,2,180.5,2,0.048,2
P24,2,188.0,2,5.0729,2,4.13,2,26.6842,2,179.5,2,0.048,2
P24,2,189.0,2,5.0595,2,4.11,2,26.6876,2,178.5,2,0.066,2
P24,2,190.0,2,5.0493,2,4.09,2,26.6893,2,177.9,2,0.05,2
P24,2,191.0,2,5.0453,2,4.08,2,26.6902,2,177.3,2,0.048,2
P24,2,192.0,2,5.0389,2,4.06,2,26.6916,2,176.5,2,0.048,2
P24,2,193.0,2,5.0315,2,4.03,2,26.694000000000003,2,175.3,2,0.048,2
P24,2,194.0,2,5.01,2,4.0,2,26.6975,2,174.0,2,0.048,2
P24,2,195.0,2,4.9867,2,3.97,2,26.7024,2,172.5,2,0.05,2
P24,2,196.0,2,4.9744,2,3.94,2,26.7045,2,171.5,2,0.053,2
P24,2,196.9,2,4.9493,2,3.93,2,26.7081,2,170.8,2,0.05,2
P24,2,197.9,2,4.914,2,3.86,2,26.7136,2,167.7,2,0.051,2
P24,2,199.0,2,4.908,2,3.83,2,26.7147,2,166.4,2,0.052000000000000005,2
P24,2,200.0,2,4.8966,2,3.8,2,26.7172,2,165.1,2,0.051,2
P24,2,201.0,2,4.8846,2,3.78,2,26.7188,2,164.2,2,0.051,2
P24,2,202.0,2,4.8647,2,3.76,2,26.7224,2,163.3,2,0.051,2
P24,2,203.0,2,4.8505,2,3.74,2,26.7249,2,162.4,2,0.051,2
P24,2,204.0,2,4.8395,2,3.71,2,26.7279,2,161.5,2,0.051,2
P24,2,204.7,2,4.8424,2,3.71,2,26.7292,2,161.1,2,0.051,2
P24,2,206.2,2,4.8438,2,3.66,2,26.7317,2,159.1,2,0.051,2
P24,2,207.0,2,4.8411,2,3.64,2,26.7341,2,158.1,2,0.048,2
P24,2,208.0,2,4.8358,2,3.61,2,26.7353,2,157.0,2,0.048,2
P24,2,209.0,2,4.8262,2,3.59,2,26.7374,2,156.1,2,0.051,2
P24,2,210.0,2,4.8041,2,3.57,2,26.7421,2,155.1,2,0.054000000000000006,2
P24,2,211.0,2,4.7887,2,3.55,2,26.745,2,154.3,2,0.049,2
P24,2,212.0,2,4.7827,2,3.53,2,26.7458,2,153.6,2,0.05,2
P24,2,213.0,2,4.7773,2,3.52,2,26.7467,2,152.8,2,0.05,2
P24,2,214.0,2,4.7693,2,3.49,2,26.7482,2,151.7,2,0.05,2
P24,2,215.0,2,4.7545,2,3.47,2,26.7516,2,150.7,2,0.049,2
P24,2,216.0,2,4.7486,2,3.44,2,26.7529,2,149.7,2,0.05,2
P24,2,217.0,2,4.7434,2,3.43,2,26.7539,2,149.1,2,0.053,2
P24,2,218.0,2,4.7339,2,3.42,2,26.7557,2,148.5,2,0.051,2
P24,2,219.1,2,4.7229,2,3.4,2,26.758000000000003,2,148.0,2,0.052000000000000005,2
P24,2,220.1,2,4.6972,2,3.31,2,26.7628,2,143.9,2,0.055999999999999994,2
P24,2,221.0,2,4.6696,2,3.25,2,26.7681,2,141.5,2,0.051,2
P24,2,222.0,2,4.6385,2,3.22,2,26.7746,2,139.8,2,0.051,2
P24,2,223.0,2,4.6276,2,3.19,2,26.7767,2,138.9,2,0.051,2
P24,2,224.0,2,4.619,2,3.18,2,26.7784,2,138.2,2,0.051,2
P24,2,225.0,2,4.6155,2,3.17,2,26.779,2,137.9,2,0.051,2
P24,2,226.0,2,4.6116,2,3.17,2,26.7795,2,137.7,2,0.05,2
P24,2,226.8,2,4.6102,2,3.17,2,26.7799,2,137.7,2,0.052000000000000005,2
P24,2,228.1,2,4.6076,2,3.14,2,26.781,2,136.7,2,0.052000000000000005,2
P24,2,229.0,2,4.6048,2,3.13,2,26.7819,2,135.9,2,0.051,2
P24,2,230.0,2,4.5978,2,3.11,2,26.7835,2,135.3,2,0.051,2
P24,2,231.0,2,4.5889,2,3.1,2,26.7853,2,134.8,2,0.1,2
P24,2,232.0,2,4.5882,2,3.09,2,26.7854,2,134.4,2,0.08199999999999999,2
P24,2,233.0,2,4.5871,2,3.09,2,26.7856,2,134.3,2,0.053,2
P24,2,234.0,2,4.5861,2,3.09,2,26.7859,2,134.3,2,0.054000000000000006,2
P24,2,235.0,2,4.5846,2,3.08,2,26.7862,2,134.0,2,0.051,2
P24,2,236.0,2,4.5819,2,3.07,2,26.7869,2,133.7,2,0.051,2
P24,2,237.0,2,4.5808,2,3.07,2,26.7871,2,133.3,2,0.055,2
P24,2,238.0,2,4.5786,2,3.06,2,26.7876,2,132.8,2,0.052000000000000005,2
P24,2,239.0,2,4.5741,2,3.05,2,26.7885,2,132.5,2,0.052000000000000005,2
P24,2,240.0,2,4.5593,2,3.04,2,26.7916,2,132.2,2,0.052000000000000005,2
P24,2,241.0,2,4.5363,2,2.96,2,26.7974,2,128.9,2,0.053,2
P24,2,242.0,2,4.5318,2,2.95,2,26.7983,2,128.2,2,0.052000000000000005,2
P24,2,243.0,2,4.526,2,2.93,2,26.8001,2,127.6,2,0.055,2
P24,2,244.0,2,4.521,2,2.92,2,26.802,2,127.1,2,0.055,2
P24,2,245.0,2,4.5193,2,2.91,2,26.8024,2,126.4,2,0.055999999999999994,2
P24,2,246.0,2,4.5192,2,2.89,2,26.8025,2,125.6,2,0.055,2
P24,2,247.0,2,4.5187,2,2.87,2,26.8026,2,124.9,2,0.052000000000000005,2
P24,2,248.0,2,4.5047,2,2.85,2,26.8074,2,123.8,2,0.055,2
P24,2,249.0,2,4.4896,2,2.83,2,26.8111,2,122.9,2,0.051,2
P24,2,250.0,2,4.4789,2,2.8,2,26.8135,2,121.8,2,0.051,2
P24,2,251.0,2,4.4714,2,2.78,2,26.8154,2,121.0,2,0.052000000000000005,2
P24,2,252.0,2,4.4676,2,2.77,2,26.8163,2,120.2,2,0.053,2
P24,2,253.0,2,4.4584,2,2.75,2,26.8182,2,119.5,2,0.054000000000000006,2
P24,2,254.0,2,4.4523,2,2.73,2,26.8195,2,118.7,2,0.051,2
P24,2,255.0,2,4.4461,2,2.72,2,26.8213,2,118.1,2,0.053,2
P24,2,256.0,2,4.4407,2,2.71,2,26.8222,2,117.8,2,0.053,2
P24,2,257.0,2,4.4385,2,2.7,2,26.8226,2,117.6,2,0.055,2
P24,2,258.1,2,4.4365,2,2.7,2,26.823,2,117.5,2,0.055999999999999994,2
P24,2,258.9,2,4.4355,2,2.69,2,26.8236,2,117.0,2,0.053,2
P24,2,260.0,2,4.4346,2,2.68,2,26.8239,2,116.6,2,0.055,2
P24,2,261.0,2,4.433,2,2.67,2,26.8244,2,116.0,2,0.055,2
P24,2,262.0,2,4.4264,2,2.66,2,26.8267,2,115.6,2,0.059000000000000004,2
P24,2,263.0,2,4.4259,2,2.64,2,26.8272,2,115.0,2,0.055,2
P24,2,264.0,2,4.4192,2,2.63,2,26.8292,2,114.3,2,0.055,2
P24,2,265.0,2,4.4135,2,2.61,2,26.8305,2,113.5,2,0.053,2
P24,2,266.0,2,4.4064,2,2.59,2,26.831999999999997,2,112.7,2,0.051,2
P24,2,267.0,2,4.3968,2,2.57,2,26.8342,2,111.9,2,0.054000000000000006,2
P24,2,268.0,2,4.3886,2,2.55,2,26.8363,2,110.9,2,0.054000000000000006,2
P24,2,269.0,2,4.3834,2,2.53,2,26.8377,2,109.8,2,0.054000000000000006,2
P24,2,270.0,2,4.3736,2,2.49,2,26.8409,2,108.3,2,0.061,2
P24,2,271.0,2,4.3613,2,2.47,2,26.8448,2,107.3,2,0.059000000000000004,2
P24,2,272.0,2,4.3538,2,2.45,2,26.8471,2,106.7,2,0.055,2
P24,2,273.0,2,4.3509,2,2.44,2,26.8481,2,106.0,2,0.055,2
P24,2,274.0,2,4.348,2,2.43,2,26.849,2,105.6,2,0.059000000000000004,2
P24,2,275.0,2,4.3469,2,2.42,2,26.8494,2,105.1,2,0.055999999999999994,2
P24,2,276.0,2,4.3434,2,2.4,2,26.8506,2,104.3,2,0.052000000000000005,2
P24,2,277.0,2,4.3347,2,2.38,2,26.8533,2,103.4,2,0.054000000000000006,2
P24,2,278.0,2,4.3305,2,2.36,2,26.8548,2,102.7,2,0.055,2
P24,2,279.0,2,4.3268,2,2.36,2,26.8564,2,102.5,2,0.055,2
P24,2,279.9,2,4.3252,2,2.36,2,26.8572,2,102.4,2,0.057,2
P24,2,280.9,2,4.3243,2,2.35,2,26.8577,2,102.1,2,0.057,2
P24,2,282.0,2,4.3236,2,2.34,2,26.8581,2,101.8,2,0.054000000000000006,2
P24,2,283.0,2,4.3237,2,2.33,2,26.8581,2,101.4,2,0.055999999999999994,2
P24,2,284.0,2,4.3236,2,2.32,2,26.8584,2,101.0,2,0.057,2
P24,2,285.0,2,4.3224,2,2.31,2,26.8592,2,100.2,2,0.055,2
P24,2,286.0,2,4.3179,2,2.28,2,26.8614,2,99.0,2,0.055,2
P24,2,287.0,2,4.3095,2,2.26,2,26.865,2,98.2,2,0.07200000000000001,2
P24,2,288.0,2,4.2978,2,2.24,2,26.8683,2,97.5,2,0.062,2
P24,2,289.0,2,4.2943,2,2.23,2,26.869,2,97.0,2,0.06,2
P24,2,290.0,2,4.2906,2,2.21,2,26.8699,2,96.2,2,0.067,2
P24,2,291.0,2,4.2873,2,2.2,2,26.8711,2,95.8,2,0.055,2
P24,2,292.0,2,4.2819,2,2.19,2,26.8734,2,95.4,2,0.055999999999999994,2
P24,2,292.8,2,4.2808,2,2.19,2,26.8739,2,95.3,2,0.055999999999999994,2
P24,2,294.2,2,4.2793,2,2.18,2,26.8747,2,94.6,2,0.057,2
P24,2,294.9,2,4.2785,2,2.16,2,26.8755,2,94.1,2,0.054000000000000006,2
P24,2,296.0,2,4.2758,2,2.15,2,26.8777,2,93.7,2,0.054000000000000006,2
P24,2,297.0,2,4.2757,2,2.15,2,26.8782,2,93.5,2,0.055,2
P24,2,298.0,2,4.2758,2,2.14,2,26.8791,2,93.1,2,0.055999999999999994,2
P24,2,299.0,2,4.276,2,2.14,2,26.88,2,92.9,2,0.057,2
P24,2,300.0,2,4.2768,2,2.13,2,26.8801,2,92.8,2,0.057999999999999996,2
P24,2,301.0,2,4.2789,2,2.13,2,26.8805,2,92.6,2,0.055,2
P24,2,302.0,2,4.2789,2,2.12,2,26.8812,2,92.3,2,0.055,2
P24,2,303.0,2,4.279,2,2.11,2,26.8823,2,91.6,2,0.055,2
P24,2,304.0,2,4.2780000000000005,2,2.1,2,26.8829,2,91.3,2,0.057999999999999996,2
P24,2,305.0,2,4.2732,2,2.09,2,26.884,2,91.0,2,0.059000000000000004,2
P24,2,306.0,2,4.2676,2,2.1,2,26.8852,2,91.1,2,0.057,2
P24,2,307.0,2,4.2665,2,2.08,2,26.8853,2,90.2,2,0.059000000000000004,2
P24,2,308.0,2,4.2648,2,2.07,2,26.8855,2,89.9,2,0.055999999999999994,2
P24,2,309.0,2,4.2612,2,2.06,2,26.8874,2,89.5,2,0.055999999999999994,2
P24,2,310.0,2,4.2589,2,2.05,2,26.8884,2,88.9,2,0.057999999999999996,2
P24,2,311.0,2,4.2544,2,2.03,2,26.8902,2,88.3,2,0.059000000000000004,2
P24,2,312.0,2,4.2506,2,2.02,2,26.8925,2,87.6,2,0.057999999999999996,2
P24,2,313.0,2,4.2472,2,2.01,2,26.8946,2,87.2,2,0.062,2
P24,2,314.0,2,4.2453,2,2.0,2,26.8952,2,86.9,2,0.057,2
P24,2,315.0,2,4.2457,2,2.0,2,26.895,2,86.9,2,0.055,2
P24,2,316.0,2,4.2452,2,2.0,2,26.8953,2,86.8,2,0.055999999999999994,2
P24,2,317.0,2,4.2453,2,2.0,2,26.8952,2,86.7,2,0.055999999999999994,2
P24,2,318.0,2,4.2448,2,1.99,2,26.8954,2,86.5,2,0.057,2
P24,2,319.0,2,4.2427,2,1.99,2,26.8965,2,86.5,2,0.057,2
P24,2,320.1,2,4.2421,2,1.97,2,26.8969,2,85.7,2,0.057,2
P24,2,321.0,2,4.2401,2,1.96,2,26.8984,2,85.3,2,0.055,2
P24,2,322.0,2,4.2388,2,1.95,2,26.8992,2,84.8,2,0.057999999999999996,2
P24,2,323.0,2,4.2382,2,1.94,2,26.8992,2,84.3,2,0.055999999999999994,2
P24,2,324.0,2,4.2339,2,1.92,2,26.9017,2,83.4,2,0.055999999999999994,2
P24,2,325.0,2,4.2255,2,1.9,2,26.9063,2,82.6,2,0.057,2
P24,2,326.0,2,4.2224,2,1.89,2,26.908,2,82.2,2,0.055,2
P24,2,327.2,2,4.2201,2,1.87,2,26.9094,2,81.3,2,0.055,2
P24,2,328.0,2,4.218999999999999,2,1.86,2,26.9099,2,80.8,2,0.055,2
P24,2,329.0,2,4.2151,2,1.85,2,26.910999999999998,2,80.4,2,0.055,2
P24,2,330.0,2,4.2104,2,1.84,2,26.9123,2,80.0,2,0.055,2
P24,2,331.0,2,4.2071,2,1.83,2,26.9135,2,79.7,2,0.055,2
P24,2,332.0,2,4.2042,2,1.83,2,26.9141,2,79.3,2,0.055,2
P24,2,333.0,2,4.2009,2,1.82,2,26.9149,2,79.1,2,0.055,2
P24,2,334.0,2,4.1957,2,1.81,2,26.9158,2,78.6,2,0.057999999999999996,2
P24,2,335.0,2,4.1917,2,1.8,2,26.9166,2,78.2,2,0.059000000000000004,2
P24,2,336.0,2,4.1894,2,1.79,2,26.9177,2,77.8,2,0.059000000000000004,2
P24,2,337.0,2,4.1887,2,1.78,2,26.9184,2,77.3,2,0.059000000000000004,2
P24,2,338.0,2,4.185,2,1.76,2,26.9205,2,76.7,2,0.059000000000000004,2
P24,2,339.0,2,4.1803,2,1.75,2,26.9227,2,76.1,2,0.055999999999999994,2
P24,2,340.0,2,4.1777,2,1.73,2,26.9249,2,75.2,2,0.057999999999999996,2
P24,2,341.0,2,4.1739,2,1.71,2,26.9273,2,74.4,2,0.057,2
P24,2,342.0,2,4.1707,2,1.7,2,26.9287,2,74.0,2,0.095,2
P24,2,343.0,2,4.1697,2,1.69,2,26.93,2,73.6,2,0.062,2
P24,2,344.0,2,4.1686,2,1.68,2,26.9304,2,73.3,2,0.055999999999999994,2
P24,2,345.0,2,4.1684,2,1.68,2,26.9308,2,73.0,2,0.059000000000000004,2
P24,2,346.0,2,4.1685,2,1.67,2,26.9311,2,72.8,2,0.055999999999999994,2
P24,2,347.0,2,4.1717,2,1.67,2,26.9324,2,72.5,2,0.057999999999999996,2
P24,2,348.0,2,4.1755,2,1.65,2,26.9343,2,71.7,2,0.055,2
P24,2,349.0,2,4.1735,2,1.63,2,26.9355,2,71.0,2,0.055,2
P24,2,350.0,2,4.1714,2,1.62,2,26.9371,2,70.5,2,0.055,2
P24,2,351.0,2,4.1692,2,1.61,2,26.9404,2,70.0,2,0.059000000000000004,2
P24,2,352.0,2,4.1645,2,1.6,2,26.943,2,69.6,2,0.059000000000000004,2
P24,2,353.0,2,4.1632,2,1.59,2,26.9444,2,69.1,2,0.059000000000000004,2
P24,2,354.0,2,4.1634,2,1.58,2,26.945999999999998,2,68.5,2,0.059000000000000004,2
P24,2,355.0,2,4.1637,2,1.57,2,26.9476,2,68.3,2,0.059000000000000004,2
P24,2,356.0,2,4.1643,2,1.57,2,26.9482,2,68.2,2,0.057,2
P24,2,357.0,2,4.1622,2,1.57,2,26.9489,2,68.0,2,0.059000000000000004,2
P24,2,358.1,2,4.1593,2,1.56,2,26.9494,2,67.7,2,0.057999999999999996,2
P24,2,359.0,2,4.1591,2,1.56,2,26.9495,2,67.7,2,0.055999999999999994,2
P24,2,360.0,2,4.1582,2,1.55,2,26.95,2,67.5,2,0.057,2
P24,2,361.0,2,4.1576,2,1.55,2,26.9507,2,67.3,2,0.057,2
P24,2,362.0,2,4.1582,2,1.54,2,26.9511,2,67.2,2,0.059000000000000004,2
P24,2,363.0,2,4.159,2,1.54,2,26.9517,2,66.9,2,0.059000000000000004,2
P24,2,364.0,2,4.1612,2,1.53,2,26.9531,2,66.4,2,0.059000000000000004,2
P24,2,365.0,2,4.1568,2,1.51,2,26.9559,2,65.9,2,0.059000000000000004,2
P24,2,366.0,2,4.1509,2,1.51,2,26.9586,2,65.5,2,0.059000000000000004,2
P24,2,367.0,2,4.1492,2,1.5,2,26.9593,2,65.1,2,0.057,2
P24,2,367.9,2,4.1469,2,1.49,2,26.9601,2,64.8,2,0.057999999999999996,2
P24,2,369.0,2,4.1461,2,1.48,2,26.9604,2,64.4,2,0.059000000000000004,2
P24,2,370.0,2,4.1453,2,1.48,2,26.9607,2,64.2,2,0.06,2
P24,2,371.0,2,4.1442,2,1.47,2,26.961,2,64.0,2,0.055999999999999994,2
P24,2,372.0,2,4.1434,2,1.47,2,26.9613,2,63.9,2,0.059000000000000004,2
P24,2,373.0,2,4.1427,2,1.47,2,26.9614,2,63.9,2,0.057,2
P24,2,374.0,2,4.1413,2,1.47,2,26.9617,2,63.9,2,0.057999999999999996,2
P24,2,375.0,2,4.1401,2,1.46,2,26.962,2,63.6,2,0.059000000000000004,2
P24,2,376.0,2,4.138,2,1.46,2,26.9623,2,63.3,2,0.057999999999999996,2
P24,2,377.0,2,4.1338,2,1.44,2,26.9634,2,62.8,2,0.055999999999999994,2
P24,2,378.0,2,4.1272,2,1.43,2,26.9647,2,62.2,2,0.059000000000000004,2
P24,2,379.0,2,4.1219,2,1.42,2,26.9655,2,61.7,2,0.057999999999999996,2
P24,2,380.0,2,4.1156,2,1.4,2,26.967,2,61.0,2,0.057999999999999996,2
P24,2,381.0,2,4.112,2,1.39,2,26.9684,2,60.4,2,0.059000000000000004,2
P24,2,382.0,2,4.1086,2,1.38,2,26.9698,2,59.9,2,0.057999999999999996,2
P24,2,383.0,2,4.1088,2,1.38,2,26.9711,2,59.9,2,0.059000000000000004,2
P24,2,384.0,2,4.1135,2,1.37,2,26.9722,2,59.6,2,0.057,2
P24,2,385.0,2,4.113,2,1.36,2,26.9725,2,59.3,2,0.055999999999999994,2
P24,2,386.0,2,4.1129,2,1.35,2,26.9731,2,58.7,2,0.059000000000000004,2
P24,2,387.0,2,4.1094,2,1.33,2,26.9743,2,57.7,2,0.059000000000000004,2
P24,2,388.0,2,4.095,2,1.3,2,26.9776,2,56.4,2,0.057999999999999996,2
P24,2,389.0,2,4.0724,2,1.28,2,26.9793,2,55.5,2,0.059000000000000004,2
P24,2,390.0,2,4.066,2,1.26,2,26.9803,2,54.7,2,0.06,2
P24,2,391.0,2,4.0639,2,1.25,2,26.980999999999998,2,54.3,2,0.059000000000000004,2
P24,2,392.0,2,4.0623,2,1.24,2,26.9817,2,53.9,2,0.059000000000000004,2
P24,2,393.0,2,4.0608,2,1.23,2,26.9826,2,53.5,2,0.055999999999999994,2
P24,2,394.0,2,4.0614,2,1.23,2,26.9832,2,53.3,2,0.057999999999999996,2
P24,2,395.0,2,4.0621,2,1.22,2,26.9843,2,53.2,2,0.057999999999999996,2
P24,2,396.0,2,4.0632,2,1.22,2,26.9859,2,53.2,2,0.059000000000000004,2
P24,2,397.0,2,4.0683,2,1.22,2,26.9882,2,53.2,2,0.057,2
P24,2,398.0,2,4.0753,2,1.22,2,26.9899,2,53.2,2,0.057,2
P24,2,399.0,2,4.0759,2,1.22,2,26.9925,2,52.9,2,0.06,2
P24,2,400.0,2,4.0763,2,1.21,2,26.9963,2,52.6,2,0.057999999999999996,2
P24,2,401.0,2,4.0769,2,1.21,2,26.9971,2,52.4,2,0.059000000000000004,2
P24,2,402.0,2,4.0773,2,1.2,2,26.9976,2,52.3,2,0.057,2
P24,2,403.0,2,4.0773,2,1.2,2,26.9982,2,52.1,2,0.057,2
P24,2,404.0,2,4.0769,2,1.19,2,26.9993,2,51.8,2,0.059000000000000004,2
P24,2,405.0,2,4.0759,2,1.19,2,27.0012,2,51.6,2,0.059000000000000004,2
P24,2,406.0,2,4.0757,2,1.18,2,27.0016,2,51.4,2,0.059000000000000004,2
P24,2,407.0,2,4.0752,2,1.18,2,27.0022,2,51.5,2,0.059000000000000004,2
P24,2,408.0,2,4.075,2,1.18,2,27.0024,2,51.3,2,0.057,2
P24,2,409.0,2,4.0745,2,1.18,2,27.0028,2,51.1,2,0.059000000000000004,2
P24,2,409.7,2,4.0739,2,1.18,2,27.0033,2,51.2,2,0.059000000000000004,2
P24,2,411.0,2,4.0703,2,1.14,2,27.0056,2,49.8,2,0.059000000000000004,2
P24,2,412.0,2,4.0683,2,1.13,2,27.0068,2,49.3,2,0.064,2
P24,2,413.0,2,4.0680000000000005,2,1.13,2,27.0073,2,49.0,2,0.057,2
P24,2,414.0,2,4.0672,2,1.12,2,27.0086,2,48.6,2,0.059000000000000004,2
P24,2,415.0,2,4.0628,2,1.1,2,27.0106,2,47.8,2,0.059000000000000004,2
P24,2,416.0,2,4.0559,2,1.09,2,27.0133,2,47.2,2,0.057999999999999996,2
P24,2,417.0,2,4.0495,2,1.07,2,27.0162,2,46.6,2,0.055999999999999994,2
P24,2,417.8,2,4.0462,2,1.08,2,27.0179,2,46.8,2,0.059000000000000004,2
P24,2,419.3,2,4.0478,2,1.07,2,27.0204,2,46.5,2,0.059000000000000004,2
P24,2,420.0,2,4.0485,2,1.06,2,27.0206,2,46.2,2,0.057999999999999996,2
P24,2,421.0,2,4.0522,2,1.06,2,27.0221,2,46.0,2,0.061,2
P24,2,422.0,2,4.0544,2,1.06,2,27.0239,2,45.9,2,0.059000000000000004,2
P24,2,422.6,2,4.0542,2,1.06,2,27.0245,2,45.9,2,0.059000000000000004,2
P24,2,424.2,2,4.0534,2,1.05,2,27.0258,2,45.6,2,0.059000000000000004,2
P24,2,425.0,2,4.0533,2,1.04,2,27.0262,2,45.3,2,0.059000000000000004,2
P24,2,426.0,2,4.0513,2,1.03,2,27.0281,2,45.0,2,0.059000000000000004,2
P24,2,427.0,2,4.0507,2,1.04,2,27.0287,2,45.0,2,0.059000000000000004,2
P24,2,428.0,2,4.0492,2,1.03,2,27.0294,2,44.9,2,0.057,2
P24,2,429.0,2,4.0501,2,1.04,2,27.0326,2,45.0,2,0.057999999999999996,2
P24,2,430.0,2,4.0526,2,1.03,2,27.0349,2,44.9,2,0.059000000000000004,2
P24,2,431.0,2,4.0521,2,1.03,2,27.0354,2,44.9,2,0.057,2
P24,2,432.0,2,4.05,2,1.02,2,27.0357,2,44.3,2,0.059000000000000004,2
P24,2,433.0,2,4.0458,2,1.0,2,27.0366,2,43.7,2,0.059000000000000004,2
P24,2,434.0,2,4.0365,2,0.99,2,27.0386,2,43.0,2,0.057999999999999996,2
P24,2,435.0,2,4.0363,2,0.99,2,27.0391,2,43.1,2,0.059000000000000004,2
P24,2,436.0,2,4.0427,2,1.0,2,27.0415,2,43.5,2,0.059000000000000004,2
P24,2,437.0,2,4.0438,2,1.0,2,27.0423,2,43.6,2,0.059000000000000004,2
P24,2,438.0,2,4.0429,2,1.01,2,27.0423,2,43.8,2,0.059000000000000004,2
P24,2,439.0,2,4.042,2,1.0,2,27.043000000000003,2,43.5,2,0.059000000000000004,2
P24,2,440.0,2,4.0388,2,0.99,2,27.0463,2,42.9,2,0.059000000000000004,2
P24,2,441.0,2,4.0379,2,0.98,2,27.0472,2,42.6,2,0.06,2
P24,2,442.0,2,4.0366,2,0.97,2,27.0478,2,42.2,2,0.059000000000000004,2
P24,2,443.0,2,4.0317,2,0.96,2,27.0507,2,41.8,2,0.057999999999999996,2
P24,2,444.0,2,4.0301,2,0.96,2,27.0522,2,41.8,2,0.059000000000000004,2
P24,2,444.8,2,4.0306,2,0.96,2,27.0525,2,41.8,2,0.059000000000000004,2
P24,2,446.3,2,4.0325,2,0.96,2,27.0524,2,41.9,2,0.059000000000000004,2
P24,2,447.0,2,4.0327,2,0.96,2,27.0529,2,41.8,2,0.059000000000000004,2
P24,2,448.0,2,4.0325,2,0.96,2,27.0533,2,41.6,2,0.055,2
P24,2,449.0,2,4.0312,2,0.96,2,27.0543,2,41.6,2,0.057999999999999996,2
P24,2,450.0,2,4.0291,2,0.95,2,27.055,2,41.2,2,0.057999999999999996,2
P24,2,451.0,2,4.0273,2,0.94,2,27.0559,2,41.1,2,0.059000000000000004,2
P24,2,451.7,2,4.024,2,0.94,2,27.0576,2,40.9,2,0.059000000000000004,2
P24,2,453.2,2,4.0204,2,0.93,2,27.0585,2,40.3,2,0.06,2
P24,2,454.0,2,4.0194,2,0.92,2,27.0586,2,39.9,2,0.059000000000000004,2
P24,2,455.0,2,4.0184,2,0.92,2,27.0588,2,39.8,2,0.059000000000000004,2
P24,2,456.0,2,4.0147,2,0.91,2,27.0597,2,39.7,2,0.059000000000000004,2
P24,2,457.0,2,4.0142,2,0.91,2,27.0601,2,39.5,2,0.055999999999999994,2
P24,2,458.0,2,4.013999999999999,2,0.91,2,27.0606,2,39.4,2,0.057999999999999996,2
P24,2,459.0,2,4.0139,2,0.9,2,27.0608,2,39.3,2,0.059000000000000004,2
P24,2,460.1,2,4.0132,2,0.91,2,27.0613,2,39.4,2,0.059000000000000004,2
P24,2,460.5,2,4.0124,2,0.91,2,27.0619,2,39.4,2,0.059000000000000004,2
P24,2,462.1,2,4.0121,2,0.9,2,27.0622,2,39.3,2,0.057,2
P24,2,463.0,2,4.0108,2,0.9,2,27.063000000000002,2,39.1,2,0.057999999999999996,2
P24,2,464.0,2,4.0102,2,0.9,2,27.0634,2,39.1,2,0.06,2
P24,2,465.0,2,4.0099,2,0.9,2,27.0635,2,39.1,2,0.059000000000000004,2
P24,2,466.0,2,4.0089,2,0.89,2,27.0641,2,38.9,2,0.059000000000000004,2
P24,2,467.0,2,4.0078,2,0.89,2,27.0651,2,38.7,2,0.059000000000000004,2
P24,2,468.0,2,4.0075,2,0.89,2,27.0653,2,38.6,2,0.057999999999999996,2
P24,2,469.0,2,4.007,2,0.88,2,27.0657,2,38.5,2,0.057999999999999996,2
P24,2,470.0,2,4.0057,2,0.88,2,27.0664,2,38.3,2,0.059000000000000004,2
P24,2,471.0,2,4.0032,2,0.88,2,27.0684,2,38.3,2,0.055999999999999994,2
P24,2,472.0,2,4.0037,2,0.88,2,27.0693,2,38.3,2,0.059000000000000004,2
P24,2,474.3,2,4.0033,2,0.88,2,27.0711,2,38.2,2,0.062,2
P24,2,475.0,2,4.0027,2,0.88,2,27.0712,2,38.1,2,0.059000000000000004,2
P24,2,476.0,2,4.0021,2,0.88,2,27.0717,2,38.2,2,0.059000000000000004,2
P24,2,477.0,2,4.0029,2,0.88,2,27.0727,2,38.2,2,0.059000000000000004,2
P24,2,478.0,2,4.0041,2,0.88,2,27.0742,2,38.1,2,0.06,2
P24,2,479.0,2,4.0036,2,0.88,2,27.0752,2,38.1,2,0.059000000000000004,2
P24,2,480.1,2,4.0028,2,0.88,2,27.0754,2,38.2,2,0.059000000000000004,2
P24,2,480.5,2,4.0023,2,0.88,2,27.0756,2,38.1,2,0.059000000000000004,2
P24,2,482.0,2,4.0014,2,0.87,2,27.0767,2,37.9,2,0.059000000000000004,2
P24,2,483.0,2,4.0008,2,0.87,2,27.0783,2,37.9,2,0.057999999999999996,2
P24,2,484.0,2,4.0008,2,0.87,2,27.0799,2,37.7,2,0.059000000000000004,2
P24,2,485.0,2,3.9989,2,0.86,2,27.0824,2,37.5,2,0.057,2
P24,2,485.9,2,3.9945,2,0.85,2,27.0856,2,37.0,2,0.059000000000000004,2
P24,2,487.0,2,3.9915,2,0.85,2,27.0875,2,36.9,2,0.059000000000000004,2
P24,2,488.0,2,3.9903,2,0.85,2,27.0882,2,36.8,2,0.061,2
P24,2,489.0,2,3.989,2,0.84,2,27.0888,2,36.7,2,0.057999999999999996,2
P24,2,490.0,2,3.9862,2,0.84,2,27.0904,2,36.4,2,0.059000000000000004,2
P24,2,491.0,2,3.9793,2,0.83,2,27.0937,2,35.9,2,0.057999999999999996,2
P24,2,492.0,2,3.9756,2,0.82,2,27.0952,2,35.8,2,0.059000000000000004,2
P24,2,493.0,2,3.9747,2,0.82,2,27.0955,2,35.6,2,0.059000000000000004,2
P24,2,494.0,2,3.9744,2,0.82,2,27.0957,2,35.5,2,0.057999999999999996,2
P24,2,495.0,2,3.9722,2,0.81,2,27.0964,2,35.4,2,0.059000000000000004,2
P24,2,496.0,2,3.9717,2,0.81,2,27.0965,2,35.3,2,0.057,2
P24,2,497.0,2,3.9713,2,0.81,2,27.0965,2,35.3,2,0.059000000000000004,2
P24,2,498.0,2,3.9697,2,0.81,2,27.0972,2,35.2,2,0.059000000000000004,2
P24,2,499.0,2,3.9676,2,0.81,2,27.0979,2,35.1,2,0.057,2
P24,2,500.0,2,3.9665,2,0.81,2,27.0981,2,35.1,2,0.057,2
P24,2,501.0,2,3.9651,2,0.81,2,27.0986,2,35.0,2,0.06,2
P24,2,503.2,2,3.9613,2,0.79,2,27.0999,2,34.3,2,0.059000000000000004,2
P24,2,504.0,2,3.9561,2,0.78,2,27.1015,2,33.9,2,0.059000000000000004,2
P24,2,505.0,2,3.9478,2,0.77,2,27.1035,2,33.6,2,0.059000000000000004,2
P24,2,506.0,2,3.9457,2,0.76,2,27.1039,2,33.3,2,0.057999999999999996,2
P24,2,507.0,2,3.9436,2,0.76,2,27.1044,2,32.9,2,0.059000000000000004,2
P24,2,508.0,2,3.9422,2,0.75,2,27.1047,2,32.8,2,0.059000000000000004,2
P24,2,509.0,2,3.9403,2,0.75,2,27.1051,2,32.6,2,0.059000000000000004,2
P24,2,510.0,2,3.9376,2,0.75,2,27.1059,2,32.4,2,0.059000000000000004,2
P24,2,511.0,2,3.9346,2,0.74,2,27.1068,2,32.3,2,0.059000000000000004,2
P24,2,512.0,2,3.931,2,0.74,2,27.1078,2,32.1,2,0.06,2
P24,2,513.0,2,3.9264,2,0.73,2,27.1091,2,31.7,2,0.062,2
P24,2,514.0,2,3.9209,2,0.72,2,27.1108,2,31.4,2,0.059000000000000004,2
P24,2,515.0,2,3.9164,2,0.71,2,27.1117,2,30.9,2,0.059000000000000004,2
P24,2,516.0,2,3.9067,2,0.7,2,27.1141,2,30.3,2,0.055999999999999994,2
P24,2,517.0,2,3.9032,2,0.69,2,27.1148,2,29.9,2,0.059000000000000004,2
P24,2,518.0,2,3.9016,2,0.68,2,27.1153,2,29.7,2,0.059000000000000004,2
P24,2,519.0,2,3.8993,2,0.68,2,27.1158,2,29.6,2,0.057999999999999996,2
P24,2,520.0,2,3.8989999999999996,2,0.68,2,27.1157,2,29.5,2,0.059000000000000004,2
P24,2,521.0,2,3.8972,2,0.68,2,27.1165,2,29.5,2,0.059000000000000004,2
P24,2,522.0,2,3.8946,2,0.68,2,27.1181,2,29.6,2,0.059000000000000004,2
P24,2,523.0,2,3.8930000000000002,2,0.68,2,27.1188,2,29.6,2,0.059000000000000004,2
P24,2,523.9,2,3.8914,2,0.68,2,27.1193,2,29.5,2,0.059000000000000004,2
P24,2,526.1,2,3.8877,2,0.67,2,27.1205,2,29.2,2,0.059000000000000004,2
P24,2,527.0,2,3.8859,2,0.67,2,27.1208,2,28.9,2,0.059000000000000004,2
P24,2,528.0,2,3.8795,2,0.65,2,27.1224,2,28.5,2,0.059000000000000004,2
P24,2,529.0,2,3.8711,2,0.65,2,27.1239,2,28.1,2,0.059000000000000004,2
P24,2,530.0,2,3.8694,2,0.64,2,27.1241,2,27.8,2,0.059000000000000004,2
P24,2,531.0,2,3.8710000000000004,2,0.64,2,27.1239,2,27.9,2,0.059000000000000004,2
P24,2,532.0,2,3.8701,2,0.64,2,27.1242,2,27.6,2,0.059000000000000004,2
P24,2,533.0,2,3.8638,2,0.62,2,27.125,2,27.2,2,0.059000000000000004,2
P24,2,534.0,2,3.8577,2,0.62,2,27.1262,2,26.9,2,0.059000000000000004,2
P24,2,535.0,2,3.8575,2,0.61,2,27.1262,2,26.6,2,0.059000000000000004,2
P24,2,536.0,2,3.8558,2,0.61,2,27.1268,2,26.5,2,0.059000000000000004,2
P24,2,537.0,2,3.8534,2,0.61,2,27.1278,2,26.5,2,0.06,2
P24,2,538.0,2,3.8502,2,0.61,2,27.1289,2,26.6,2,0.059000000000000004,2
P24,2,539.0,2,3.8464,2,0.61,2,27.1301,2,26.4,2,0.059000000000000004,2
P24,2,540.0,2,3.8414,2,0.6,2,27.1311,2,26.3,2,0.059000000000000004,2
P24,2,540.5,2,3.8393,2,0.6,2,27.1322,2,26.3,2,0.059000000000000004,2
P24,2,542.4,2,3.8346,2,0.6,2,27.1334,2,25.9,2,0.059000000000000004,2
P24,2,543.0,2,3.8333,2,0.6,2,27.1339,2,26.0,2,0.059000000000000004,2
P24,2,544.0,2,3.8316,2,0.6,2,27.1344,2,26.0,2,0.059000000000000004,2
P24,2,545.0,2,3.8302,2,0.59,2,27.1349,2,25.8,2,0.059000000000000004,2
P24,2,546.0,2,3.8272,2,0.6,2,27.1357,2,25.9,2,0.059000000000000004,2
P24,2,547.0,2,3.8254,2,0.59,2,27.1363,2,25.7,2,0.059000000000000004,2
P24,2,548.0,2,3.8246,2,0.59,2,27.1367,2,25.8,2,0.059000000000000004,2
P24,2,549.0,2,3.8223,2,0.59,2,27.1373,2,25.8,2,0.059000000000000004,2
P24,2,550.0,2,3.8183,2,0.59,2,27.1387,2,25.6,2,0.059000000000000004,2
P24,2,551.0,2,3.8178,2,0.59,2,27.1389,2,25.7,2,0.059000000000000004,2
P24,2,552.0,2,3.8176,2,0.59,2,27.139,2,25.6,2,0.059000000000000004,2
P24,2,553.0,2,3.8171,2,0.59,2,27.139,2,25.5,2,0.059000000000000004,2
P24,2,554.0,2,3.8143,2,0.58,2,27.1398,2,25.4,2,0.059000000000000004,2
P24,2,555.0,2,3.8121,2,0.58,2,27.1405,2,25.3,2,0.059000000000000004,2
P24,2,556.0,2,3.8093,2,0.58,2,27.1414,2,25.2,2,0.059000000000000004,2
P24,2,557.0,2,3.8072,2,0.58,2,27.1422,2,25.3,2,0.055999999999999994,2
P24,2,558.0,2,3.8059,2,0.58,2,27.1424,2,25.3,2,0.057999999999999996,2
P24,2,559.0,2,3.8009,2,0.58,2,27.1439,2,25.1,2,0.059000000000000004,2
P24,2,560.0,2,3.7984,2,0.58,2,27.1445,2,25.2,2,0.059000000000000004,2
P24,2,561.0,2,3.7966,2,0.57,2,27.145,2,25.0,2,0.059000000000000004,2
P24,2,562.0,2,3.7951,2,0.57,2,27.1455,2,25.0,2,0.059000000000000004,2
P24,2,563.0,2,3.7934,2,0.57,2,27.1461,2,25.0,2,0.061,2
P24,2,563.9,2,3.7914,2,0.57,2,27.1468,2,24.8,2,0.06,2
P24,2,565.0,2,3.7896,2,0.57,2,27.1475,2,24.7,2,0.059000000000000004,2
P24,2,566.0,2,3.7882,2,0.57,2,27.1478,2,24.7,2,0.055999999999999994,2
P24,2,567.0,2,3.7864,2,0.57,2,27.1483,2,24.8,2,0.059000000000000004,2
P24,2,568.0,2,3.784,2,0.57,2,27.149,2,24.8,2,0.059000000000000004,2
P24,2,569.0,2,3.7812,2,0.57,2,27.15,2,24.6,2,0.057999999999999996,2
P24,2,570.0,2,3.7782,2,0.56,2,27.1508,2,24.6,2,0.06,2
P24,2,571.0,2,3.7760000000000002,2,0.57,2,27.1514,2,24.6,2,0.06,2
P24,2,572.0,2,3.77,2,0.57,2,27.1532,2,24.6,2,0.061,2
P24,2,572.9,2,3.7648,2,0.56,2,27.1549,2,24.4,2,0.059000000000000004,2
P24,2,574.0,2,3.7631,2,0.56,2,27.1551,2,24.4,2,0.06,2
P24,2,575.0,2,3.7608,2,0.56,2,27.1559,2,24.3,2,0.06,2
P24,2,576.0,2,3.7578,2,0.56,2,27.1569,2,24.3,2,0.059000000000000004,2
P24,2,577.0,2,3.7539999999999996,2,0.56,2,27.1579,2,24.2,2,0.059000000000000004,2
P24,2,578.0,2,3.7510000000000003,2,0.56,2,27.1587,2,24.2,2,0.059000000000000004,2
P24,2,579.0,2,3.7481,2,0.55,2,27.1596,2,24.0,2,0.059000000000000004,2
P24,2,580.0,2,3.7457,2,0.55,2,27.1604,2,23.9,2,0.059000000000000004,2
P24,2,581.0,2,3.7430000000000003,2,0.55,2,27.1609,2,23.9,2,0.059000000000000004,2
P24,2,582.0,2,3.7405,2,0.55,2,27.1615,2,23.8,2,0.068,2
P24,2,583.0,2,3.7377,2,0.55,2,27.1623,2,23.7,2,0.059000000000000004,2
P24,2,584.0,2,3.7348,2,0.55,2,27.1631,2,23.7,2,0.06,2
P24,2,585.0,2,3.7332,2,0.54,2,27.1637,2,23.6,2,0.059000000000000004,2
P24,2,586.0,2,3.7304,2,0.54,2,27.1647,2,23.6,2,0.059000000000000004,2
P24,2,586.9,2,3.7265,2,0.55,2,27.1661,2,23.7,2,0.06,2
P24,2,588.1,2,3.7246,2,0.54,2,27.1671,2,23.5,2,0.059000000000000004,2
P24,2,589.0,2,3.7221,2,0.54,2,27.1677,2,23.5,2,0.059000000000000004,2
P24,2,590.0,2,3.7218,2,0.54,2,27.1678,2,23.5,2,0.059000000000000004,2
P24,2,591.0,2,3.7214,2,0.54,2,27.1677,2,23.4,2,0.059000000000000004,2
P24,2,592.0,2,3.7191,2,0.54,2,27.1686,2,23.3,2,0.059000000000000004,2
P24,2,593.0,2,3.7141,2,0.54,2,27.1703,2,23.3,2,0.059000000000000004,2
P24,2,594.0,2,3.7088,2,0.54,2,27.1719,2,23.3,2,0.059000000000000004,2
P24,2,595.0,2,3.7048,2,0.53,2,27.1731,2,23.1,2,0.059000000000000004,2
P24,2,596.0,2,3.7011,2,0.53,2,27.1737,2,23.0,2,0.059000000000000004,2
P24,2,597.0,2,3.6941,2,0.52,2,27.1756,2,22.8,2,0.062,2
P24,2,598.0,2,3.6878,2,0.52,2,27.1772,2,22.7,2,0.06,2
P24,2,599.0,2,3.6856,2,0.52,2,27.1776,2,22.5,2,0.06,2
P24,2,599.6,2,3.6843,2,0.52,2,27.1781,2,22.6,2,0.059000000000000004,2
P24,2,601.1,2,3.6824,2,0.51,2,27.1787,2,22.4,2,0.06,2
P24,2,602.0,2,3.6794,2,0.52,2,27.1796,2,22.6,2,0.059000000000000004,2
P24,2,603.0,2,3.6748,2,0.52,2,27.180999999999997,2,22.4,2,0.059000000000000004,2
P24,2,604.0,2,3.6735,2,0.51,2,27.1813,2,22.3,2,0.061,2
P24,2,605.0,2,3.6719,2,0.51,2,27.1817,2,22.2,2,0.059000000000000004,2
P24,2,606.0,2,3.6686,2,0.51,2,27.1826,2,22.0,2,0.059000000000000004,2
P24,2,607.0,2,3.6671,2,0.51,2,27.1831,2,22.1,2,0.059000000000000004,2
P24,2,608.0,2,3.6651,2,0.51,2,27.1839,2,22.0,2,0.059000000000000004,2
P24,2,609.0,2,3.6633,2,0.5,2,27.1844,2,21.9,2,0.059000000000000004,2
P24,2,610.0,2,3.6599,2,0.51,2,27.1854,2,22.0,2,0.059000000000000004,2
P24,2,611.0,2,3.6567,2,0.5,2,27.1864,2,21.9,2,0.06,2
P24,2,612.0,2,3.6526,2,0.5,2,27.1877,2,21.8,2,0.059000000000000004,2
P24,2,613.0,2,3.6496,2,0.5,2,27.1888,2,21.7,2,0.059000000000000004,2
P24,2,614.0,2,3.6441,2,0.5,2,27.1907,2,21.6,2,0.059000000000000004,2
P24,2,615.0,2,3.6419,2,0.5,2,27.1916,2,21.6,2,0.06,2
P24,2,616.0,2,3.6412,2,0.5,2,27.191999999999997,2,21.6,2,0.059000000000000004,2
P24,2,617.0,2,3.6401,2,0.5,2,27.1926,2,21.6,2,0.057999999999999996,2
P24,2,618.0,2,3.6373,2,0.5,2,27.1935,2,21.5,2,0.055999999999999994,2
P24,2,619.0,2,3.6351,2,0.5,2,27.1944,2,21.6,2,0.059000000000000004,2
P24,2,620.0,2,3.6332,2,0.5,2,27.195,2,21.6,2,0.059000000000000004,2
P24,2,621.0,2,3.6326,2,0.5,2,27.1953,2,21.7,2,0.059000000000000004,2
P24,2,622.0,2,3.6312,2,0.5,2,27.1965,2,21.7,2,0.059000000000000004,2
P24,2,623.0,2,3.6278,2,0.5,2,27.198,2,21.8,2,0.059000000000000004,2
P24,2,624.0,2,3.6267,2,0.5,2,27.1982,2,21.7,2,0.06,2
P24,2,625.0,2,3.6254,2,0.5,2,27.1989,2,21.7,2,0.059000000000000004,2
P24,2,626.0,2,3.6229,2,0.5,2,27.2,2,21.8,2,0.059000000000000004,2
P24,2,627.0,2,3.6187,2,0.5,2,27.2014,2,21.6,2,0.059000000000000004,2
P24,2,628.0,2,3.6143,2,0.49,2,27.2023,2,21.5,2,0.059000000000000004,2
P24,2,629.0,2,3.6101,2,0.49,2,27.2035,2,21.3,2,0.061,2
P24,2,630.0,2,3.6089,2,0.49,2,27.2037,2,21.4,2,0.059000000000000004,2
P24,2,631.0,2,3.609,2,0.5,2,27.2043,2,21.6,2,0.059000000000000004,2
P24,2,632.0,2,3.6078,2,0.5,2,27.205,2,21.6,2,0.059000000000000004,2
P24,2,633.0,2,3.6072,2,0.5,2,27.2054,2,21.6,2,0.059000000000000004,2
P24,2,634.0,2,3.6051,2,0.5,2,27.2063,2,21.8,2,0.059000000000000004,2
P24,2,635.0,2,3.6032,2,0.5,2,27.2075,2,21.8,2,0.061,2
P24,2,636.0,2,3.6021,2,0.51,2,27.2081,2,22.0,2,0.06,2
P24,2,637.0,2,3.6014,2,0.5,2,27.2085,2,21.9,2,0.059000000000000004,2
P24,2,638.0,2,3.6010000000000004,2,0.5,2,27.2086,2,21.9,2,0.059000000000000004,2
P24,2,639.0,2,3.5996,2,0.5,2,27.2091,2,21.9,2,0.059000000000000004,2
P24,2,640.0,2,3.5973,2,0.5,2,27.2098,2,21.9,2,0.059000000000000004,2
P24,2,641.0,2,3.5962,2,0.5,2,27.2101,2,21.8,2,0.059000000000000004,2
P24,2,642.0,2,3.5928,2,0.5,2,27.2106,2,21.8,2,0.06,2
P24,2,643.0,2,3.5888,2,0.5,2,27.2121,2,21.8,2,0.059000000000000004,2
P24,2,644.0,2,3.5882,2,0.5,2,27.2122,2,21.7,2,0.055999999999999994,2
P24,2,645.0,2,3.5872,2,0.5,2,27.2129,2,21.7,2,0.059000000000000004,2
P24,2,646.0,2,3.5846,2,0.5,2,27.2138,2,21.7,2,0.059000000000000004,2
P24,2,647.0,2,3.583,2,0.5,2,27.2143,2,21.6,2,0.059000000000000004,2
P24,2,648.0,2,3.5828,2,0.5,2,27.2142,2,21.6,2,0.059000000000000004,2
P24,2,649.0,2,3.5821,2,0.5,2,27.2146,2,21.6,2,0.059000000000000004,2
P24,2,650.0,2,3.5789,2,0.5,2,27.2157,2,21.6,2,0.059000000000000004,2
P24,2,651.0,2,3.5739,2,0.5,2,27.2172,2,21.6,2,0.059000000000000004,2
P24,2,652.0,2,3.573,2,0.5,2,27.2171,2,21.5,2,0.059000000000000004,2
P24,2,653.0,2,3.5721,2,0.49,2,27.2173,2,21.4,2,0.059000000000000004,2
P24,2,654.0,2,3.5671,2,0.49,2,27.2179,2,21.3,2,0.059000000000000004,2
P24,2,655.0,2,3.5626,2,0.49,2,27.2189,2,21.2,2,0.061,2
P24,2,656.0,2,3.5608,2,0.49,2,27.2197,2,21.3,2,0.059000000000000004,2
P24,2,657.0,2,3.5605,2,0.49,2,27.2206,2,21.4,2,0.059000000000000004,2
P24,2,658.0,2,3.5613,2,0.5,2,27.2213,2,21.7,2,0.061,2
P24,2,659.0,2,3.5605,2,0.5,2,27.2218,2,21.6,2,0.061,2
P24,2,660.0,2,3.5578,2,0.5,2,27.2229,2,21.6,2,0.061,2
P24,2,661.0,2,3.5553,2,0.5,2,27.2235,2,21.6,2,0.063,2
P24,2,662.0,2,3.5537,2,0.5,2,27.2241,2,21.6,2,0.062,2
P24,2,663.0,2,3.5533,2,0.5,2,27.2243,2,21.6,2,0.061,2
P24,2,664.0,2,3.5528,2,0.5,2,27.2243,2,21.7,2,0.057999999999999996,2
P24,2,665.0,2,3.55,2,0.49,2,27.2247,2,21.5,2,0.059000000000000004,2
P24,2,666.0,2,3.5481,2,0.49,2,27.2251,2,21.4,2,0.059000000000000004,2
P24,2,667.0,2,3.5472,2,0.49,2,27.2254,2,21.5,2,0.059000000000000004,2
P24,2,668.0,2,3.5462,2,0.49,2,27.2259,2,21.3,2,0.059000000000000004,2
P24,2,669.0,2,3.5426,2,0.48,2,27.2269,2,21.0,2,0.059000000000000004,2
P24,2,670.0,2,3.5333,2,0.48,2,27.2289,2,20.9,2,0.059000000000000004,2
P24,2,671.0,2,3.5304,2,0.48,2,27.2296,2,20.9,2,0.059000000000000004,2
P24,2,672.0,2,3.5285,2,0.48,2,27.2304,2,21.0,2,0.059000000000000004,2
P24,2,672.5,2,3.5278,2,0.48,2,27.2312,2,21.0,2,0.059000000000000004,2
P24,2,674.3,2,3.5268,2,0.49,2,27.2331,2,21.3,2,0.059000000000000004,2
P24,2,675.0,2,3.5243,2,0.49,2,27.2337,2,21.3,2,0.057999999999999996,2
P24,2,676.0,2,3.5202,2,0.49,2,27.235,2,21.3,2,0.055999999999999994,2
P24,2,677.0,2,3.5182,2,0.49,2,27.2355,2,21.4,2,0.059000000000000004,2
P24,2,678.0,2,3.5156,2,0.49,2,27.2362,2,21.3,2,0.06,2
P24,2,679.0,2,3.5136,2,0.49,2,27.2367,2,21.3,2,0.062,2
P24,2,680.0,2,3.5123,2,0.49,2,27.237,2,21.1,2,0.062,2
P24,2,681.0,2,3.5107,2,0.48,2,27.2375,2,21.0,2,0.059000000000000004,2
P24,2,682.0,2,3.5082,2,0.49,2,27.2383,2,21.1,2,0.059000000000000004,2
P24,2,683.0,2,3.5053,2,0.48,2,27.2391,2,20.9,2,0.059000000000000004,2
P24,2,684.0,2,3.5032,2,0.49,2,27.2397,2,21.1,2,0.06,2
P24,2,685.0,2,3.5016,2,0.48,2,27.2398,2,21.0,2,0.06,2
P24,2,686.0,2,3.5005,2,0.48,2,27.2402,2,20.9,2,0.06,2
P24,2,687.0,2,3.4996,2,0.48,2,27.2403,2,21.0,2,0.059000000000000004,2
P24,2,688.0,2,3.495,2,0.48,2,27.2414,2,20.9,2,0.059000000000000004,2
P24,2,689.0,2,3.4923,2,0.48,2,27.2426,2,20.8,2,0.059000000000000004,2
P24,2,690.0,2,3.4899,2,0.48,2,27.2434,2,20.9,2,0.059000000000000004,2
P24,2,691.0,2,3.4889,2,0.48,2,27.2438,2,20.9,2,0.059000000000000004,2
P24,2,692.0,2,3.4868,2,0.48,2,27.2445,2,20.7,2,0.06,2
P24,2,693.0,2,3.4828,2,0.48,2,27.2455,2,20.8,2,0.059000000000000004,2
P24,2,694.0,2,3.4801,2,0.48,2,27.2463,2,20.7,2,0.059000000000000004,2
P24,2,695.0,2,3.4778,2,0.47,2,27.2471,2,20.6,2,0.059000000000000004,2
P24,2,696.0,2,3.4772,2,0.47,2,27.2471,2,20.4,2,0.06,2
P24,2,697.0,2,3.477,2,0.48,2,27.2473,2,20.7,2,0.059000000000000004,2
P24,2,698.0,2,3.4756,2,0.47,2,27.2474,2,20.5,2,0.059000000000000004,2
P24,2,699.0,2,3.4752,2,0.47,2,27.2475,2,20.5,2,0.059000000000000004,2
P24,2,700.0,2,3.4752,2,0.47,2,27.2477,2,20.6,2,0.059000000000000004,2
P24,2,701.0,2,3.4711,2,0.47,2,27.2483,2,20.4,2,0.059000000000000004,2
P24,2,702.0,2,3.4687,2,0.47,2,27.249000000000002,2,20.3,2,0.06,2
P24,2,703.0,2,3.4672,2,0.47,2,27.2494,2,20.3,2,0.06,2
P24,2,704.0,2,3.4649,2,0.47,2,27.2501,2,20.2,2,0.059000000000000004,2
P24,2,705.0,2,3.4634,2,0.47,2,27.2506,2,20.3,2,0.059000000000000004,2
P24,2,706.0,2,3.4611,2,0.47,2,27.2514,2,20.3,2,0.059000000000000004,2
P24,2,707.0,2,3.4588,2,0.47,2,27.2523,2,20.3,2,0.061,2
P24,2,708.0,2,3.4558,2,0.47,2,27.2533,2,20.3,2,0.06,2
P24,2,709.0,2,3.452,2,0.46,2,27.2544,2,20.2,2,0.059000000000000004,2
P24,2,710.0,2,3.4505,2,0.47,2,27.255,2,20.3,2,0.059000000000000004,2
P24,2,710.9,2,3.4476,2,0.46,2,27.2558,2,20.1,2,0.06,2
P24,2,712.0,2,3.4454,2,0.46,2,27.2566,2,20.1,2,0.06,2
P24,2,713.0,2,3.4410000000000003,2,0.46,2,27.2577,2,20.0,2,0.059000000000000004,2
P24,2,714.0,2,3.4399,2,0.46,2,27.258000000000003,2,19.9,2,0.059000000000000004,2
P24,2,715.0,2,3.4389999999999996,2,0.46,2,27.2585,2,19.9,2,0.059000000000000004,2
P24,2,716.0,2,3.4377,2,0.46,2,27.2588,2,19.9,2,0.062,2
P24,2,717.0,2,3.4358,2,0.46,2,27.2597,2,19.9,2,0.066,2
P24,2,718.0,2,3.4330000000000003,2,0.46,2,27.2606,2,19.8,2,0.059000000000000004,2
P24,2,719.0,2,3.4314,2,0.46,2,27.2612,2,20.0,2,0.059000000000000004,2
P24,2,720.0,2,3.4308,2,0.46,2,27.2612,2,19.9,2,0.059000000000000004,2
P24,2,721.5,2,3.4304,2,0.46,2,27.2613,2,20.0,2,0.059000000000000004,2
P24,2,722.0,2,3.4303,2,0.46,2,27.2616,2,19.8,2,0.059000000000000004,2
P24,2,723.0,2,3.4303,2,0.45,2,27.2616,2,19.7,2,0.059000000000000004,2
P24,2,724.0,2,3.43,2,0.46,2,27.2618,2,19.9,2,0.059000000000000004,2
P24,2,725.0,2,3.4286,2,0.46,2,27.2622,2,19.9,2,0.059000000000000004,2
P24,2,726.0,2,3.4245,2,0.46,2,27.2637,2,19.8,2,0.059000000000000004,2
P24,2,727.0,2,3.4223,2,0.46,2,27.2645,2,19.8,2,0.059000000000000004,2
P24,2,728.0,2,3.4211,2,0.46,2,27.265,2,19.8,2,0.059000000000000004,2
P24,2,729.0,2,3.4201,2,0.45,2,27.2654,2,19.7,2,0.059000000000000004,2
P24,2,730.0,2,3.4169,2,0.46,2,27.2665,2,19.8,2,0.059000000000000004,2
P24,2,731.0,2,3.4137,2,0.46,2,27.2674,2,19.8,2,0.059000000000000004,2
P24,2,732.0,2,3.4125,2,0.46,2,27.2679,2,19.9,2,0.06,2
P24,2,733.0,2,3.4117,2,0.46,2,27.2683,2,19.9,2,0.059000000000000004,2
P24,2,733.9,2,3.411,2,0.45,2,27.2684,2,19.7,2,0.059000000000000004,2
P24,2,735.0,2,3.4108,2,0.46,2,27.2685,2,19.8,2,0.059000000000000004,2
P24,2,736.0,2,3.4105,2,0.45,2,27.2687,2,19.7,2,0.059000000000000004,2
P24,2,737.0,2,3.4101,2,0.46,2,27.269000000000002,2,19.8,2,0.06,2
P24,2,738.0,2,3.4098,2,0.46,2,27.2691,2,19.8,2,0.059000000000000004,2
P24,2,739.0,2,3.4095,2,0.46,2,27.2692,2,19.8,2,0.059000000000000004,2
P24,2,739.9,2,3.4087,2,0.46,2,27.2693,2,19.8,2,0.059000000000000004,2
P24,2,741.0,2,3.4075,2,0.45,2,27.2701,2,19.7,2,0.059000000000000004,2
P24,2,742.0,2,3.4073,2,0.45,2,27.27,2,19.5,2,0.059000000000000004,2
P24,2,743.0,2,3.4061,2,0.45,2,27.2705,2,19.7,2,0.06,2
P24,2,744.0,2,3.4042,2,0.45,2,27.2712,2,19.7,2,0.059000000000000004,2
P24,2,745.0,2,3.403,2,0.45,2,27.2716,2,19.7,2,0.059000000000000004,2
P24,2,746.0,2,3.4023,2,0.45,2,27.2718,2,19.6,2,0.057999999999999996,2
P24,2,747.0,2,3.4009,2,0.45,2,27.2723,2,19.6,2,0.061,2
P24,2,748.0,2,3.3993,2,0.45,2,27.2729,2,19.6,2,0.059000000000000004,2
P24,2,749.0,2,3.3955,2,0.45,2,27.2743,2,19.6,2,0.059000000000000004,2
P24,2,750.0,2,3.3945,2,0.45,2,27.2745,2,19.7,2,0.059000000000000004,2
P24,2,751.0,2,3.3908,2,0.46,2,27.276,2,19.8,2,0.059000000000000004,2
P24,2,752.0,2,3.3866,2,0.45,2,27.2777,2,19.6,2,0.059000000000000004,2
P24,2,753.0,2,3.3838,2,0.45,2,27.2787,2,19.5,2,0.06,2
P24,2,754.0,2,3.3814,2,0.45,2,27.2796,2,19.5,2,0.06,2
P24,2,755.0,2,3.3797,2,0.45,2,27.2803,2,19.7,2,0.059000000000000004,2
P24,2,756.0,2,3.378,2,0.45,2,27.2811,2,19.6,2,0.059000000000000004,2
P24,2,756.9,2,3.3743,2,0.45,2,27.2824,2,19.5,2,0.059000000000000004,2
P24,2,758.0,2,3.3717,2,0.45,2,27.2835,2,19.4,2,0.059000000000000004,2
P24,2,759.0,2,3.3691,2,0.45,2,27.2844,2,19.4,2,0.061,2
P24,2,760.0,2,3.3684,2,0.44,2,27.2848,2,19.3,2,0.059000000000000004,2
P24,2,761.0,2,3.3674,2,0.44,2,27.2851,2,19.3,2,0.059000000000000004,2
P24,2,762.0,2,3.3657,2,0.44,2,27.2859,2,19.3,2,0.059000000000000004,2
P24,2,763.0,2,3.3647,2,0.44,2,27.2864,2,19.3,2,0.061,2
P24,2,764.0,2,3.3632,2,0.44,2,27.2873,2,19.3,2,0.059000000000000004,2
P24,2,765.0,2,3.3611,2,0.44,2,27.288,2,19.2,2,0.059000000000000004,2
P24,2,766.0,2,3.3604,2,0.44,2,27.2883,2,19.3,2,0.059000000000000004,2
P24,2,767.0,2,3.3583,2,0.44,2,27.289,2,19.2,2,0.059000000000000004,2
P24,2,768.0,2,3.3555,2,0.44,2,27.2901,2,19.3,2,0.059000000000000004,2
P24,2,769.0,2,3.3532,2,0.44,2,27.2907,2,19.1,2,0.059000000000000004,2
P24,2,770.0,2,3.3516,2,0.44,2,27.2914,2,19.1,2,0.059000000000000004,2
P24,2,771.0,2,3.3503,2,0.44,2,27.2922,2,19.0,2,0.059000000000000004,2
P24,2,772.0,2,3.3467,2,0.44,2,27.2937,2,18.9,2,0.059000000000000004,2
P24,2,773.0,2,3.3435,2,0.43,2,27.2948,2,18.9,2,0.059000000000000004,2
P24,2,774.0,2,3.3428,2,0.44,2,27.2951,2,19.1,2,0.06,2
P24,2,775.0,2,3.3417,2,0.44,2,27.2954,2,18.9,2,0.061,2
P24,2,776.0,2,3.3412,2,0.43,2,27.2955,2,18.8,2,0.057,2
P24,2,777.0,2,3.3403,2,0.44,2,27.2958,2,18.9,2,0.059000000000000004,2
P24,2,777.9,2,3.3386,2,0.44,2,27.2963,2,18.9,2,0.059000000000000004,2
P24,2,779.0,2,3.3375,2,0.44,2,27.2968,2,18.9,2,0.059000000000000004,2
P24,2,780.0,2,3.3375,2,0.43,2,27.2968,2,18.9,2,0.059000000000000004,2
P24,2,781.0,2,3.3369,2,0.43,2,27.2972,2,18.7,2,0.059000000000000004,2
P24,2,782.0,2,3.3355,2,0.43,2,27.298000000000002,2,18.8,2,0.059000000000000004,2
P24,2,783.0,2,3.3342,2,0.43,2,27.299,2,18.7,2,0.059000000000000004,2
P24,2,784.0,2,3.3319,2,0.43,2,27.2999,2,18.7,2,0.059000000000000004,2
P24,2,785.0,2,3.33,2,0.43,2,27.3006,2,18.6,2,0.059000000000000004,2
P24,2,786.0,2,3.3281,2,0.43,2,27.3011,2,18.5,2,0.059000000000000004,2
P24,2,787.0,2,3.3275,2,0.43,2,27.3014,2,18.6,2,0.057999999999999996,2
P24,2,788.0,2,3.3272,2,0.43,2,27.3016,2,18.5,2,0.059000000000000004,2
P24,2,789.0,2,3.3272,2,0.42,2,27.3016,2,18.3,2,0.059000000000000004,2
P24,2,790.0,2,3.3267,2,0.42,2,27.3019,2,18.4,2,0.059000000000000004,2
P24,2,791.0,2,3.3264,2,0.43,2,27.302,2,18.6,2,0.059000000000000004,2
P24,2,792.0,2,3.3249,2,0.42,2,27.3026,2,18.4,2,0.06,2
P24,2,792.7,2,3.3243,2,0.42,2,27.3027,2,18.3,2,0.059000000000000004,2
P24,2,794.0,2,3.321,2,0.42,2,27.3042,2,18.2,2,0.059000000000000004,2
P24,2,795.0,2,3.319,2,0.42,2,27.3055,2,18.2,2,0.062,2
P24,2,796.0,2,3.3181,2,0.41,2,27.3061,2,18.0,2,0.059000000000000004,2
P24,2,797.0,2,3.3181,2,0.41,2,27.3062,2,17.9,2,0.059000000000000004,2
P24,2,798.0,2,3.3167,2,0.41,2,27.3068,2,17.9,2,0.059000000000000004,2
P24,2,799.0,2,3.3179,2,0.4,2,27.3071,2,17.5,2,0.059000000000000004,2
P24,2,800.0,2,3.3194,2,0.4,2,27.3078,2,17.3,2,0.059000000000000004,2
P24,2,801.0,2,3.3188,2,0.39,2,27.309,2,17.1,2,0.059000000000000004,2
P24,2,802.0,2,3.3179,2,0.39,2,27.3092,2,17.0,2,0.059000000000000004,2
P24,2,803.0,2,3.3168,2,0.39,2,27.3096,2,17.1,2,0.059000000000000004,2
P24,2,804.0,2,3.3161,2,0.39,2,27.3098,2,17.1,2,0.059000000000000004,2
P24,2,805.0,2,3.3133,2,0.39,2,27.3109,2,17.0,2,0.059000000000000004,2
P24,2,806.0,2,3.3123,2,0.39,2,27.3113,2,16.8,2,0.063,2
P24,2,806.7,2,3.3119,2,0.39,2,27.3115,2,16.8,2,0.059000000000000004,2
P24,2,808.0,2,3.3094,2,0.38,2,27.3129,2,16.7,2,0.059000000000000004,2
P24,2,809.0,2,3.3089999999999997,2,0.38,2,27.3131,2,16.5,2,0.059000000000000004,2
P24,2,810.0,2,3.3089999999999997,2,0.38,2,27.3132,2,16.4,2,0.059000000000000004,2
P24,2,811.0,2,3.3075,2,0.38,2,27.3141,2,16.3,2,0.059000000000000004,2
P24,2,812.0,2,3.3069,2,0.37,2,27.3146,2,16.2,2,0.059000000000000004,2
P24,2,813.0,2,3.3046,2,0.37,2,27.3158,2,15.9,2,0.059000000000000004,2
P24,2,814.0,2,3.3007,2,0.36,2,27.3173,2,15.6,2,0.059000000000000004,2
P24,2,815.0,2,3.2956,2,0.36,2,27.3189,2,15.7,2,0.059000000000000004,2
P24,2,816.0,2,3.2924,2,0.37,2,27.3199,2,15.9,2,0.059000000000000004,2
P24,2,816.5,2,3.2904,2,0.37,2,27.3207,2,15.9,2,0.059000000000000004,2
P24,2,818.2,2,3.2891,2,0.36,2,27.3212,2,15.6,2,0.059000000000000004,2
P24,2,819.0,2,3.2863,2,0.35,2,27.3219,2,15.3,2,0.059000000000000004,2
P24,2,820.0,2,3.284,2,0.35,2,27.3226,2,15.3,2,0.059000000000000004,2
P24,2,821.0,2,3.2829,2,0.35,2,27.3229,2,15.3,2,0.06,2
P24,2,822.0,2,3.282,2,0.35,2,27.3231,2,15.3,2,0.059000000000000004,2
P24,2,823.0,2,3.2784,2,0.35,2,27.3244,2,15.3,2,0.059000000000000004,2
P24,2,824.0,2,3.2768,2,0.35,2,27.3248,2,15.3,2,0.059000000000000004,2
P24,2,825.0,2,3.2747,2,0.35,2,27.3254,2,15.2,2,0.059000000000000004,2
P24,2,826.0,2,3.2749,2,0.35,2,27.3252,2,15.2,2,0.068,2
P24,2,827.0,2,3.2731,2,0.35,2,27.3257,2,15.3,2,0.061,2
P24,2,828.0,2,3.2711,2,0.35,2,27.3264,2,15.2,2,0.057999999999999996,2
P24,2,829.0,2,3.2707,2,0.35,2,27.3264,2,15.2,2,0.057999999999999996,2
P24,2,830.0,2,3.2704,2,0.35,2,27.3266,2,15.2,2,0.059000000000000004,2
P24,2,831.0,2,3.2701,2,0.35,2,27.3267,2,15.3,2,0.059000000000000004,2
P24,2,832.0,2,3.2698,2,0.35,2,27.3268,2,15.3,2,0.059000000000000004,2
P24,2,833.0,2,3.2693,2,0.35,2,27.326999999999998,2,15.2,2,0.059000000000000004,2
P24,2,834.1,2,3.2674,2,0.35,2,27.3276,2,15.2,2,0.059000000000000004,2
P24,2,836.1,2,3.2581,2,0.35,2,27.3303,2,15.1,2,0.06,2
P24,2,837.0,2,3.2525,2,0.35,2,27.3317,2,15.1,2,0.06,2
P24,2,838.0,2,3.2515,2,0.35,2,27.3318,2,15.1,2,0.059000000000000004,2
P24,2,839.0,2,3.2506,2,0.35,2,27.331999999999997,2,15.1,2,0.059000000000000004,2
P24,2,840.0,2,3.2494,2,0.35,2,27.3324,2,15.2,2,0.059000000000000004,2
P24,2,841.0,2,3.2469,2,0.35,2,27.3332,2,15.1,2,0.059000000000000004,2
P24,2,842.0,2,3.2456,2,0.35,2,27.3335,2,15.2,2,0.059000000000000004,2
P24,2,843.0,2,3.2446,2,0.35,2,27.3338,2,15.1,2,0.059000000000000004,2
P24,2,843.7,2,3.2445,2,0.35,2,27.3338,2,15.1,2,0.059000000000000004,2
P24,2,845.1,2,3.2445,2,0.35,2,27.3338,2,15.2,2,0.059000000000000004,2
P24,2,846.0,2,3.2438,2,0.35,2,27.3341,2,15.1,2,0.059000000000000004,2
P24,2,847.0,2,3.2438,2,0.35,2,27.334,2,15.2,2,0.059000000000000004,2
P24,2,848.0,2,3.2424,2,0.35,2,27.3344,2,15.1,2,0.059000000000000004,2
P24,2,849.0,2,3.2393,2,0.35,2,27.3352,2,15.0,2,0.06,2
P24,2,850.0,2,3.2377,2,0.35,2,27.3357,2,15.0,2,0.06,2
P24,2,851.0,2,3.236,2,0.35,2,27.3361,2,15.1,2,0.062,2
P24,2,852.0,2,3.2353,2,0.35,2,27.3363,2,15.0,2,0.061,2
P24,2,853.0,2,3.2346,2,0.35,2,27.3364,2,15.2,2,0.059000000000000004,2
P24,2,853.8,2,3.2342,2,0.35,2,27.3366,2,15.3,2,0.059000000000000004,2
P24,2,855.0,2,3.2341,2,0.35,2,27.3365,2,15.1,2,0.06,2
P24,2,856.0,2,3.2335,2,0.35,2,27.3368,2,15.2,2,0.059000000000000004,2
P24,2,857.0,2,3.2324,2,0.35,2,27.3371,2,15.3,2,0.057999999999999996,2
P24,2,858.0,2,3.2292,2,0.34,2,27.338,2,15.0,2,0.059000000000000004,2
P24,2,859.0,2,3.2267,2,0.35,2,27.3385,2,15.1,2,0.059000000000000004,2
P24,2,860.0,2,3.2237,2,0.35,2,27.3393,2,15.3,2,0.057999999999999996,2
P24,2,861.0,2,3.2169,2,0.35,2,27.3411,2,15.1,2,0.059000000000000004,2
P24,2,862.0,2,3.2141,2,0.35,2,27.3418,2,15.1,2,0.059000000000000004,2
P24,2,863.0,2,3.2124,2,0.35,2,27.3423,2,15.1,2,0.059000000000000004,2
P24,2,864.0,2,3.2121,2,0.35,2,27.3423,2,15.2,2,0.059000000000000004,2
P24,2,865.0,2,3.2119999999999997,2,0.35,2,27.3424,2,15.3,2,0.059000000000000004,2
P24,2,866.0,2,3.2111,2,0.35,2,27.3426,2,15.3,2,0.059000000000000004,2
P24,2,867.0,2,3.2094,2,0.35,2,27.343000000000004,2,15.3,2,0.061,2
P24,2,868.0,2,3.2083,2,0.35,2,27.3433,2,15.2,2,0.057999999999999996,2
P24,2,869.0,2,3.2063,2,0.35,2,27.3439,2,15.3,2,0.057999999999999996,2
P24,2,870.0,2,3.2045,2,0.35,2,27.3442,2,15.3,2,0.059000000000000004,2
P24,2,871.0,2,3.2026,2,0.35,2,27.3448,2,15.3,2,0.059000000000000004,2
P24,2,872.0,2,3.1999,2,0.35,2,27.3454,2,15.3,2,0.06,2
P24,2,873.0,2,3.1986,2,0.35,2,27.3458,2,15.4,2,0.059000000000000004,2
P24,2,874.0,2,3.1973,2,0.35,2,27.3461,2,15.3,2,0.059000000000000004,2
P24,2,875.0,2,3.196,2,0.35,2,27.3464,2,15.4,2,0.057999999999999996,2
P24,2,875.9,2,3.1947,2,0.35,2,27.3468,2,15.3,2,0.059000000000000004,2
P24,2,876.9,2,3.1933,2,0.35,2,27.3472,2,15.2,2,0.057999999999999996,2
P24,2,878.0,2,3.1923,2,0.35,2,27.3474,2,15.3,2,0.057999999999999996,2
P24,2,879.0,2,3.1909,2,0.35,2,27.3477,2,15.3,2,0.059000000000000004,2
P24,2,880.0,2,3.1894,2,0.35,2,27.3481,2,15.4,2,0.059000000000000004,2
P24,2,881.0,2,3.1857,2,0.36,2,27.349,2,15.5,2,0.059000000000000004,2
P24,2,882.0,2,3.1847,2,0.35,2,27.3492,2,15.4,2,0.059000000000000004,2
P24,2,883.0,2,3.1827,2,0.35,2,27.3499,2,15.3,2,0.06,2
P24,2,884.0,2,3.1792,2,0.35,2,27.3511,2,15.4,2,0.059000000000000004,2
P24,2,885.0,2,3.1783,2,0.35,2,27.3511,2,15.4,2,0.059000000000000004,2
P24,2,886.0,2,3.1764,2,0.36,2,27.3516,2,15.5,2,0.059000000000000004,2
P24,2,887.0,2,3.175,2,0.36,2,27.3518,2,15.7,2,0.059000000000000004,2
P24,2,888.0,2,3.1733,2,0.36,2,27.3521,2,15.6,2,0.059000000000000004,2
P24,2,888.5,2,3.1734,2,0.36,2,27.351999999999997,2,15.5,2,0.059000000000000004,2
P24,2,891.0,2,3.1701,2,0.35,2,27.353,2,15.4,2,0.057999999999999996,2
P24,2,892.0,2,3.1686,2,0.36,2,27.3533,2,15.6,2,0.059000000000000004,2
P24,2,893.0,2,3.1653,2,0.36,2,27.3544,2,15.6,2,0.06,2
P24,2,894.0,2,3.1629,2,0.36,2,27.3551,2,15.6,2,0.059000000000000004,2
P24,2,895.0,2,3.1615,2,0.36,2,27.3556,2,15.5,2,0.059000000000000004,2
P24,2,895.8,2,3.1608,2,0.36,2,27.3559,2,15.6,2,0.057999999999999996,2
P24,2,897.3,2,3.159,2,0.36,2,27.3561,2,15.6,2,0.055,2
P24,2,898.0,2,3.1572,2,0.36,2,27.3565,2,15.7,2,0.059000000000000004,2
P24,2,899.0,2,3.1553,2,0.36,2,27.3568,2,15.7,2,0.059000000000000004,2
P24,2,900.0,2,3.1545,2,0.37,2,27.3569,2,15.9,2,0.059000000000000004,2
P24,2,901.0,2,3.1531,2,0.36,2,27.3574,2,15.8,2,0.059000000000000004,2
P24,2,902.0,2,3.1493,2,0.36,2,27.3583,2,15.8,2,0.059000000000000004,2
P24,2,903.0,2,3.1474,2,0.37,2,27.3589,2,15.9,2,0.059000000000000004,2
P24,2,904.0,2,3.1452,2,0.37,2,27.3594,2,15.9,2,0.059000000000000004,2
P24,2,905.0,2,3.1437,2,0.36,2,27.3598,2,15.6,2,0.059000000000000004,2
P24,2,906.0,2,3.142,2,0.36,2,27.3602,2,15.8,2,0.059000000000000004,2
P24,2,907.0,2,3.141,2,0.37,2,27.3606,2,16.0,2,0.059000000000000004,2
P24,2,908.0,2,3.14,2,0.37,2,27.3611,2,15.9,2,0.057999999999999996,2
P24,2,909.0,2,3.1381,2,0.36,2,27.3617,2,15.7,2,0.059000000000000004,2
P24,2,910.0,2,3.1335,2,0.36,2,27.3629,2,15.7,2,0.059000000000000004,2
P24,2,911.0,2,3.1266,2,0.36,2,27.3646,2,15.8,2,0.059000000000000004,2
P24,2,912.0,2,3.1259,2,0.36,2,27.3647,2,15.8,2,0.059000000000000004,2
P24,2,913.0,2,3.1248,2,0.37,2,27.3647,2,15.9,2,0.059000000000000004,2
P24,2,914.0,2,3.1234,2,0.37,2,27.3652,2,15.9,2,0.059000000000000004,2
P24,2,915.0,2,3.1224,2,0.37,2,27.3656,2,16.0,2,0.059000000000000004,2
P24,2,916.0,2,3.1208,2,0.37,2,27.3662,2,15.9,2,0.059000000000000004,2
P24,2,917.0,2,3.1180000000000003,2,0.37,2,27.3667,2,15.9,2,0.059000000000000004,2
P24,2,918.0,2,3.1145,2,0.37,2,27.3676,2,16.1,2,0.059000000000000004,2
P24,2,919.0,2,3.1122,2,0.37,2,27.3683,2,16.2,2,0.059000000000000004,2
P24,2,920.0,2,3.1112,2,0.37,2,27.3686,2,16.0,2,0.057,2
P24,2,921.0,2,3.1097,2,0.37,2,27.3689,2,16.2,2,0.059000000000000004,2
P24,2,922.0,2,3.1069999999999998,2,0.37,2,27.3696,2,16.1,2,0.057999999999999996,2
P24,2,923.0,2,3.1046,2,0.37,2,27.3702,2,16.2,2,0.059000000000000004,2
P24,2,924.0,2,3.1037,2,0.38,2,27.3704,2,16.3,2,0.059000000000000004,2
P24,2,925.0,2,3.1006,2,0.37,2,27.3712,2,16.1,2,0.059000000000000004,2
P24,2,926.0,2,3.0979,2,0.37,2,27.3721,2,16.2,2,0.059000000000000004,2
P24,2,927.0,2,3.0967,2,0.37,2,27.3725,2,16.0,2,0.059000000000000004,2
P24,2,928.0,2,3.0956,2,0.37,2,27.3727,2,16.2,2,0.059000000000000004,2
P24,2,929.0,2,3.0947,2,0.37,2,27.3731,2,16.1,2,0.059000000000000004,2
P24,2,930.0,2,3.094,2,0.37,2,27.3733,2,16.0,2,0.059000000000000004,2
P24,2,931.0,2,3.0929,2,0.37,2,27.3735,2,16.0,2,0.059000000000000004,2
P24,2,932.0,2,3.0915,2,0.37,2,27.3739,2,16.3,2,0.059000000000000004,2
P24,2,933.0,2,3.0899,2,0.37,2,27.3744,2,16.2,2,0.059000000000000004,2
P24,2,934.0,2,3.0865,2,0.37,2,27.3754,2,16.0,2,0.059000000000000004,2
P24,2,935.0,2,3.0843,2,0.37,2,27.375999999999998,2,15.9,2,0.057999999999999996,2
P24,2,936.0,2,3.0823,2,0.37,2,27.3765,2,16.3,2,0.059000000000000004,2
P24,2,937.0,2,3.0816,2,0.37,2,27.3767,2,16.2,2,0.059000000000000004,2
P24,2,938.0,2,3.0813,2,0.37,2,27.3769,2,16.1,2,0.059000000000000004,2
P24,2,939.0,2,3.0810000000000004,2,0.37,2,27.377,2,15.9,2,0.059000000000000004,2
P24,2,940.0,2,3.0807,2,0.37,2,27.377,2,16.1,2,0.059000000000000004,2
P24,2,941.0,2,3.0793,2,0.37,2,27.3774,2,15.9,2,0.059000000000000004,2
P24,2,942.0,2,3.0782,2,0.36,2,27.3777,2,15.8,2,0.059000000000000004,2
P24,2,943.0,2,3.0752,2,0.37,2,27.3785,2,15.9,2,0.059000000000000004,2
P24,2,944.0,2,3.0715,2,0.37,2,27.3797,2,15.9,2,0.059000000000000004,2
P24,2,945.0,2,3.0704,2,0.36,2,27.3799,2,15.8,2,0.059000000000000004,2
P24,2,946.0,2,3.0686,2,0.36,2,27.3805,2,15.7,2,0.059000000000000004,2
P24,2,947.0,2,3.0666,2,0.36,2,27.381,2,15.7,2,0.059000000000000004,2
P24,2,948.0,2,3.0641,2,0.36,2,27.3816,2,15.8,2,0.059000000000000004,2
P24,2,948.8,2,3.062,2,0.36,2,27.3825,2,15.7,2,0.059000000000000004,2
P24,2,950.0,2,3.0601,2,0.36,2,27.3827,2,15.7,2,0.059000000000000004,2
P24,2,951.0,2,3.0601,2,0.36,2,27.3827,2,15.6,2,0.059000000000000004,2
P24,2,952.0,2,3.06,2,0.36,2,27.3826,2,15.7,2,0.059000000000000004,2
P24,2,953.0,2,3.0594,2,0.36,2,27.3828,2,15.6,2,0.059000000000000004,2
P24,2,954.0,2,3.0583,2,0.36,2,27.3832,2,15.6,2,0.059000000000000004,2
P24,2,955.0,2,3.0547,2,0.36,2,27.3844,2,15.7,2,0.059000000000000004,2
P24,2,956.0,2,3.0515,2,0.36,2,27.3853,2,15.6,2,0.059000000000000004,2
P24,2,957.0,2,3.0502,2,0.36,2,27.3854,2,15.7,2,0.059000000000000004,2
P24,2,958.0,2,3.0492,2,0.36,2,27.3856,2,15.6,2,0.059000000000000004,2
P24,2,959.0,2,3.0483,2,0.36,2,27.3859,2,15.7,2,0.059000000000000004,2
P24,2,961.1,2,3.0453,2,0.36,2,27.3868,2,15.7,2,0.059000000000000004,2
P24,2,962.0,2,3.0448,2,0.36,2,27.3867,2,15.6,2,0.057999999999999996,2
P24,2,963.0,2,3.0417,2,0.36,2,27.3877,2,15.7,2,0.057999999999999996,2
P24,2,964.0,2,3.0385,2,0.36,2,27.3886,2,15.7,2,0.057,2
P24,2,965.0,2,3.0372,2,0.36,2,27.389,2,15.7,2,0.059000000000000004,2
P24,2,966.0,2,3.0355,2,0.36,2,27.3894,2,15.8,2,0.059000000000000004,2
P24,2,967.1,2,3.0353,2,0.36,2,27.3895,2,15.8,2,0.059000000000000004,2
P24,2,968.0,2,3.0368,2,0.36,2,27.3891,2,15.7,2,0.057,2
P24,2,969.0,2,3.0325,2,0.36,2,27.3903,2,15.5,2,0.059000000000000004,2
P24,2,970.0,2,3.0305,2,0.36,2,27.3909,2,15.6,2,0.059000000000000004,2
P24,2,971.0,2,3.0288,2,0.36,2,27.3915,2,15.6,2,0.059000000000000004,2
P24,2,972.0,2,3.0269,2,0.36,2,27.392,2,15.6,2,0.059000000000000004,2
P24,2,973.0,2,3.0232,2,0.36,2,27.3929,2,15.6,2,0.059000000000000004,2
P24,2,974.0,2,3.0192,2,0.36,2,27.3941,2,15.6,2,0.057999999999999996,2
P24,2,975.0,2,3.0161,2,0.36,2,27.3946,2,15.6,2,0.057,2
P24,2,976.0,2,3.0137,2,0.36,2,27.3952,2,15.6,2,0.059000000000000004,2
P24,2,977.0,2,3.0115,2,0.36,2,27.3957,2,15.6,2,0.059000000000000004,2
P24,2,978.0,2,3.0099,2,0.36,2,27.3962,2,15.6,2,0.059000000000000004,2
P24,2,979.0,2,3.0079,2,0.36,2,27.3967,2,15.6,2,0.059000000000000004,2
P24,2,980.0,2,3.0056,2,0.36,2,27.3974,2,15.6,2,0.059000000000000004,2
P24,2,981.0,2,3.0037,2,0.36,2,27.3979,2,15.6,2,0.057,2
P24,2,982.0,2,3.0008,2,0.35,2,27.3986,2,15.4,2,0.059000000000000004,2
P24,2,983.0,2,2.9997,2,0.36,2,27.3989,2,15.5,2,0.057999999999999996,2
P24,2,984.0,2,2.9986,2,0.36,2,27.3993,2,15.5,2,0.059000000000000004,2
P24,2,985.0,2,2.9971,2,0.35,2,27.3996,2,15.4,2,0.057999999999999996,2
P24,2,986.0,2,2.9942,2,0.36,2,27.4004,2,15.5,2,0.057,2
P24,2,987.0,2,2.9934,2,0.35,2,27.4005,2,15.4,2,0.059000000000000004,2
P24,2,988.0,2,2.9916,2,0.36,2,27.4011,2,15.5,2,0.059000000000000004,2
P24,2,989.0,2,2.9897,2,0.35,2,27.4016,2,15.4,2,0.057,2
P24,2,989.9,2,2.9874,2,0.35,2,27.4024,2,15.4,2,0.059000000000000004,2
P24,2,990.9,2,2.9849,2,0.35,2,27.4028,2,15.4,2,0.059000000000000004,2
P24,2,992.0,2,2.9827,2,0.35,2,27.4036,2,15.3,2,0.057999999999999996,2
P24,2,993.0,2,2.9816,2,0.35,2,27.4039,2,15.4,2,0.059000000000000004,2
P24,2,994.0,2,2.9803,2,0.35,2,27.404,2,15.4,2,0.059000000000000004,2
P24,2,995.0,2,2.9793,2,0.35,2,27.4044,2,15.4,2,0.059000000000000004,2
P24,2,996.0,2,2.9779,2,0.35,2,27.4049,2,15.2,2,0.059000000000000004,2
P24,2,997.0,2,2.9763,2,0.35,2,27.4054,2,15.4,2,0.059000000000000004,2
P24,2,998.0,2,2.9745,2,0.35,2,27.4058,2,15.3,2,0.059000000000000004,2
P24,2,999.0,2,2.9722,2,0.35,2,27.4064,2,15.3,2,0.059000000000000004,2
P24,2,1000.0,2,2.9692,2,0.35,2,27.4074,2,15.4,2,0.059000000000000004,2
P24,2,1001.0,2,2.9669,2,0.35,2,27.4079,2,15.3,2,0.059000000000000004,2
P24,2,1002.0,2,2.9656,2,0.35,2,27.4082,2,15.2,2,0.059000000000000004,2
P24,2,1003.0,2,2.9652,2,0.35,2,27.4084,2,15.2,2,0.059000000000000004,2
P24,2,1004.0,2,2.9614,2,0.35,2,27.4093,2,15.1,2,0.059000000000000004,2
P24,2,1005.0,2,2.9579,2,0.34,2,27.4104,2,15.0,2,0.059000000000000004,2
P24,2,1005.9,2,2.9539,2,0.35,2,27.4113,2,15.1,2,0.059000000000000004,2
P24,2,1007.2,2,2.9513,2,0.34,2,27.4118,2,15.0,2,0.059000000000000004,2
P24,2,1008.0,2,2.9505,2,0.35,2,27.4122,2,15.1,2,0.059000000000000004,2
P24,2,1009.0,2,2.95,2,0.35,2,27.4124,2,15.0,2,0.059000000000000004,2
P24,2,1010.0,2,2.9497,2,0.34,2,27.4124,2,15.0,2,0.059000000000000004,2
P24,2,1011.0,2,2.9493,2,0.34,2,27.4126,2,15.0,2,0.057,2
P24,2,1012.0,2,2.9463,2,0.34,2,27.4133,2,15.0,2,0.059000000000000004,2
P24,2,1013.0,2,2.9429,2,0.35,2,27.4141,2,15.1,2,0.059000000000000004,2
P24,2,1014.0,2,2.9416,2,0.34,2,27.4146,2,15.0,2,0.057,2
P24,2,1014.9,2,2.9412,2,0.34,2,27.4147,2,14.9,2,0.059000000000000004,2
P24,2,1016.0,2,2.9410000000000003,2,0.34,2,27.4148,2,15.0,2,0.059000000000000004,2
P24,2,1017.0,2,2.9398,2,0.34,2,27.4151,2,14.9,2,0.059000000000000004,2
P24,2,1018.0,2,2.9396,2,0.34,2,27.4152,2,14.9,2,0.059000000000000004,2
P24,2,1018.5,2,2.9392,2,0.34,2,27.4153,2,15.0,2,0.059000000000000004,2
END_DATA
