CTD,20190304CCHSIOLMM
#-----------------------------------------------------------------------------------------------------------,,,,,,,,,,,,,,,,,
#Transmissivity Fluorescence and PAR are nominal and unedited except that some records were removed in editing temperature and salinity.,,,,,,,,,,,,,,,,,
#,,,,,,,,,,,,,,,,,
#COMMENTS FOR FILES 0001 TO 0040:,,,,,,,,,,,,,,,,,
#The Oxygen:Dissolved:CTD data for this cruise were recalibrated in three steps.,,,,,,,,,,,,,,,,,
#The first correction was applied to data from above 1400 dbar and to all of cast 0040.,,,,,,,,,,,,,,,,,
#The second was applied to data below 1400 dbar from casts 0015 to 0038.,,,,,,,,,,,,,,,,,
#The final correction was applied to all data. ,,,,,,,,,,,,,,,,,
#,,,,,,,,,,,,,,,,,
#Oxygen:Dissolved:CTD data below 1400 dbar are very noisy and are considered less reliable because of the noisy signal; the limitations in the calibration; and because it was impossible to fine-tune the configuration parameters to get the best possible deep data; so there may be some hysteresis.,,,,,,,,,,,,,,,,,
#,,,,,,,,,,,,,,,,,
#The Oxygen:Dissolved:CTD data should be considered:,,,,,,,,,,,,,,,,,
#      • ±0.4 ml/l from 0 to 200 dbar,,,,,,,,,,,,,,,,,
#      • ±0.1 ml/l from 200 to 500 dbar,,,,,,,,,,,,,,,,,
#      • ±0.04 ml/l from 500 to 1500 dbar,,,,,,,,,,,,,,,,,
#      • ±0.2 ml/l below 1500 dbar,,,,,,,,,,,,,,,,,
#,,,,,,,,,,,,,,,,,
#COMMENTS FOR FILES 0046 TO 0060:,,,,,,,,,,,,,,,,,
#There were no bottle samples available to recalibrate the dissolved oxygen sensor used for this cast. ,,,,,,,,,,,,,,,,,
#Recalibration was based only on an inter-comparison of repeat casts at station P26; one with sensor #0997 (used for casts 0001 to 0040) and two with sensor #1119 (used for casts 0046 to 0060). ,,,,,,,,,,,,,,,,,
#The casts were separated in time by 4 to 6 hours.,,,,,,,,,,,,,,,,,
#Temporal variations were found to be very large between 100 and 700 dbar during repeat casts using a single sensor so the inter-comparison of sensors was limited to the mixed layer from 0 to 100 dbar and below 700 dbar. ,,,,,,,,,,,,,,,,,
#This limits the range included in the fit to high and low values.,,,,,,,,,,,,,,,,,
#A final calibration applied was based on studies of sensor #0997.,,,,,,,,,,,,,,,,,
#,,,,,,,,,,,,,,,,,
#The comparisons in areas of low Oxygen:Dissolved gradients suggest that this sensor performed well. ,,,,,,,,,,,,,,,,,
#A rough estimate suggests that the data is likely to be within:,,,,,,,,,,,,,,,,,
#      • ±0.4 ml/l from 0 to 200 dbar,,,,,,,,,,,,,,,,,
#      • ±0.2 ml/l below 200 dbar,,,,,,,,,,,,,,,,,
#,,,,,,,,,,,,,,,,,
#Transmissometer #1005DR was calibrated in March 2008 and drifted significantly but steadily until July 2009. ,,,,,,,,,,,,,,,,,
#Then a sudden shift occurred so that maximum values between September 2009 and July 2010 were very low by about 25 %/m. ,,,,,,,,,,,,,,,,,
#In August 2010 a study was made of transmissivity that led to a decision to apply post-processing corrections to all cruises between March 2008 and June 2010.,,,,,,,,,,,,,,,,,
#,,,,,,,,,,,,,,,,,
#Transmissivity data from this cruise were corrected by multiplying the original values by a correction factor which was based on assumptions that deep offshore transmissivity from a June 2009 cruise should be about 62 %/m and that drift was linear with time between March 2008 and July 2009. ,,,,,,,,,,,,,,,,,
#The corrections produced reasonable results for all cruises in that time period. ,,,,,,,,,,,,,,,,,
#,,,,,,,,,,,,,,,,,
#For details on the transmissometer post-processing see: Transmissometer_1005DR_Corrections.pdf.,,,,,,,,,,,,,,,,,
#,,,,,,,,,,,,,,,,,
#These data should still be considered nominal.,,,,,,,,,,,,,,,,,
#---------------------------------------------------------------------------------------------------,,,,,,,,,,,,,,,,,
#For details on the processing see file 2009-03-proc.pdf.,,,,,,,,,,,,,,,,,
#---------------------------------------------------------------------------------------------------,,,,,,,,,,,,,,,,,
#,,,,,,,,,,,,,,,,,
#File Name,Zone,FIL:START TIME YYYY/MM/DD, HH:MM,LOC:EVENT_NUMBER,LOC:LATITUDE,LOC:LONGITUDE,LOC:STATION,Pressure:CTD [dbar],Temperature:CTD [deg_C_(ITS90)],Salinity:Practical:CTD [PSS-78],Sigma-t:CTD [kg/m^3],Transmissivity:CTD [*/m],Oxygen:Dissolved:CTD:Volume [ml/l],Oxygen:Dissolved:CTD:Mass [µmol/kg],Fluorescence:CTD [mg/m^3],PAR:CTD [µE/m^2/sec],
#,,,,,,,,,,,,,,,,,
NUMBER_HEADERS = 8
EXPOCODE = 18DD20090127
STNBR = P23
CASTNO = 1
DATE = 06/02/2009
TIME =  12:08
LATITUDE = 49.76817
LONGITUDE = -141.66617
CTDPRS,CTDPRS_FLAG_W,CTDTMP,CTDTMP_FLAG_W,CTDSAL,CTDSAL_FLAG_W,CTDOXY,CTDOXY_FLAG_W,CTDXMISS,CTDXMISS_FLAG_W,CTDFLUOR,CTDFLUOR_FLAG_W,PAR,PAR_FLAG_W
DBAR,,ITS-90,,PSS-78,,UMOL/KG,,,,MG/M^3,,UE/m^2/sec,
P23,2,3.5,2,6.4879999999999995,2,6.84,2,25.561999999999998,2,298.0,2,1.1059999999999999,2
P23,2,4.0,2,6.4874,2,6.84,2,25.5619,2,297.6,2,1.094,2
P23,2,5.1,2,6.4886,2,6.84,2,25.5616,2,297.7,2,1.09,2
P23,2,5.9,2,6.4877,2,6.87,2,25.5618,2,299.1,2,1.133,2
P23,2,7.0,2,6.4877,2,6.87,2,25.5617,2,299.1,2,1.1640000000000001,2
P23,2,8.0,2,6.4892,2,6.87,2,25.5616,2,299.2,2,1.082,2
P23,2,9.0,2,6.489,2,6.88,2,25.5615,2,299.4,2,1.159,2
P23,2,10.1,2,6.4879999999999995,2,6.89,2,25.5619,2,299.8,2,1.1420000000000001,2
P23,2,11.1,2,6.4879,2,6.88,2,25.5618,2,299.4,2,1.114,2
P23,2,12.0,2,6.4881,2,6.87,2,25.5619,2,299.2,2,1.1320000000000001,2
P23,2,13.0,2,6.4883,2,6.88,2,25.5619,2,299.7,2,1.073,2
P23,2,14.0,2,6.4881,2,6.89,2,25.5619,2,299.9,2,1.075,2
P23,2,15.0,2,6.4882,2,6.89,2,25.5619,2,299.9,2,1.065,2
P23,2,16.0,2,6.4881,2,6.88,2,25.5619,2,299.6,2,1.0759999999999998,2
P23,2,17.0,2,6.4882,2,6.87,2,25.5619,2,299.2,2,1.065,2
P23,2,18.0,2,6.4884,2,6.88,2,25.5618,2,299.3,2,1.125,2
P23,2,19.0,2,6.4886,2,6.87,2,25.5619,2,299.1,2,1.121,2
P23,2,20.0,2,6.4882,2,6.87,2,25.5618,2,299.2,2,1.135,2
P23,2,21.0,2,6.4883,2,6.88,2,25.5619,2,299.6,2,1.13,2
P23,2,22.0,2,6.4884,2,6.87,2,25.5618,2,299.2,2,1.162,2
P23,2,23.0,2,6.4886,2,6.88,2,25.5617,2,299.6,2,1.209,2
P23,2,24.0,2,6.4883,2,6.89,2,25.5619,2,300.1,2,1.129,2
P23,2,25.0,2,6.4887,2,6.89,2,25.5618,2,299.8,2,1.0390000000000001,2
P23,2,26.0,2,6.4889,2,6.88,2,25.5617,2,299.7,2,1.097,2
P23,2,27.0,2,6.4891,2,6.88,2,25.5617,2,299.6,2,1.111,2
P23,2,28.0,2,6.4889,2,6.88,2,25.5618,2,299.5,2,1.048,2
P23,2,29.0,2,6.4888,2,6.88,2,25.5619,2,299.4,2,1.077,2
P23,2,30.1,2,6.489,2,6.88,2,25.5618,2,299.6,2,1.073,2
P23,2,30.9,2,6.4891,2,6.89,2,25.5619,2,299.9,2,1.15,2
P23,2,32.0,2,6.4895,2,6.88,2,25.5617,2,299.5,2,1.051,2
P23,2,33.0,2,6.4894,2,6.89,2,25.5616,2,299.7,2,1.031,2
P23,2,34.0,2,6.4896,2,6.88,2,25.5615,2,299.7,2,1.115,2
P23,2,35.0,2,6.4895,2,6.88,2,25.5617,2,299.5,2,1.081,2
P23,2,36.0,2,6.4896,2,6.87,2,25.5617,2,299.2,2,1.0659999999999998,2
P23,2,37.0,2,6.4893,2,6.87,2,25.5618,2,299.2,2,1.1420000000000001,2
P23,2,38.0,2,6.4893,2,6.87,2,25.5618,2,299.2,2,1.123,2
P23,2,39.0,2,6.4892,2,6.88,2,25.5618,2,299.5,2,1.3359999999999999,2
P23,2,40.1,2,6.4892,2,6.88,2,25.5619,2,299.5,2,1.09,2
P23,2,41.0,2,6.4895,2,6.88,2,25.5618,2,299.7,2,1.146,2
P23,2,42.0,2,6.4898,2,6.88,2,25.5617,2,299.5,2,1.068,2
P23,2,43.0,2,6.4901,2,6.89,2,25.5616,2,299.8,2,1.105,2
P23,2,44.0,2,6.4901,2,6.9,2,25.5617,2,300.3,2,1.074,2
P23,2,45.0,2,6.4901,2,6.9,2,25.5616,2,300.2,2,1.038,2
P23,2,46.0,2,6.4901,2,6.89,2,25.5618,2,299.8,2,1.1,2
P23,2,47.0,2,6.4902,2,6.88,2,25.5618,2,299.6,2,1.083,2
P23,2,48.0,2,6.4906,2,6.89,2,25.5616,2,299.9,2,1.121,2
P23,2,49.0,2,6.4907,2,6.89,2,25.5616,2,300.1,2,1.141,2
P23,2,50.0,2,6.4907,2,6.9,2,25.5616,2,300.3,2,1.0859999999999999,2
P23,2,51.0,2,6.4906,2,6.9,2,25.5617,2,300.2,2,1.139,2
P23,2,52.0,2,6.4909,2,6.88,2,25.5617,2,299.7,2,1.1179999999999999,2
P23,2,53.0,2,6.4909,2,6.87,2,25.5617,2,299.1,2,1.1320000000000001,2
P23,2,54.0,2,6.4915,2,6.88,2,25.5615,2,299.5,2,1.077,2
P23,2,55.0,2,6.4919,2,6.87,2,25.5615,2,299.0,2,1.093,2
P23,2,56.0,2,6.4923,2,6.86,2,25.5613,2,298.8,2,1.072,2
P23,2,57.0,2,6.4921,2,6.86,2,25.5614,2,298.8,2,1.165,2
P23,2,58.0,2,6.4921,2,6.87,2,25.5614,2,298.9,2,1.1059999999999999,2
P23,2,59.0,2,6.4924,2,6.87,2,25.5613,2,299.1,2,1.054,2
P23,2,60.0,2,6.4927,2,6.88,2,25.5614,2,299.4,2,1.079,2
P23,2,61.0,2,6.4928,2,6.89,2,25.5613,2,299.9,2,1.022,2
P23,2,62.0,2,6.4927,2,6.89,2,25.5614,2,300.0,2,1.074,2
P23,2,63.0,2,6.4925,2,6.89,2,25.5615,2,299.8,2,1.112,2
P23,2,64.0,2,6.4925,2,6.88,2,25.5615,2,299.5,2,1.073,2
P23,2,65.0,2,6.4927,2,6.88,2,25.5614,2,299.3,2,1.168,2
P23,2,66.0,2,6.4927,2,6.87,2,25.5614,2,299.1,2,1.109,2
P23,2,67.0,2,6.4928,2,6.87,2,25.5614,2,299.1,2,1.127,2
P23,2,68.0,2,6.4929,2,6.88,2,25.5613,2,299.4,2,1.105,2
P23,2,69.0,2,6.4928,2,6.89,2,25.5614,2,299.7,2,1.099,2
P23,2,70.0,2,6.4928,2,6.89,2,25.5615,2,299.8,2,1.162,2
P23,2,71.0,2,6.4927,2,6.88,2,25.5614,2,299.7,2,1.138,2
P23,2,72.0,2,6.492999999999999,2,6.89,2,25.5613,2,299.8,2,1.137,2
P23,2,73.0,2,6.4933,2,6.89,2,25.5615,2,299.8,2,1.1320000000000001,2
P23,2,74.0,2,6.492999999999999,2,6.89,2,25.5615,2,299.7,2,1.099,2
P23,2,75.0,2,6.4933,2,6.89,2,25.5613,2,299.8,2,1.187,2
P23,2,76.1,2,6.4933,2,6.89,2,25.5614,2,299.9,2,1.228,2
P23,2,77.0,2,6.4933,2,6.88,2,25.5613,2,299.7,2,1.149,2
P23,2,78.0,2,6.4933,2,6.87,2,25.5613,2,299.0,2,1.101,2
P23,2,79.0,2,6.4932,2,6.87,2,25.5614,2,299.0,2,1.104,2
P23,2,80.0,2,6.4935,2,6.87,2,25.5613,2,299.1,2,1.065,2
P23,2,81.0,2,6.4935,2,6.87,2,25.5613,2,299.0,2,1.1320000000000001,2
P23,2,82.0,2,6.4938,2,6.87,2,25.5612,2,299.0,2,1.053,2
P23,2,83.0,2,6.4938,2,6.88,2,25.5612,2,299.4,2,1.084,2
P23,2,84.0,2,6.4941,2,6.88,2,25.5612,2,299.7,2,1.208,2
P23,2,85.0,2,6.4942,2,6.88,2,25.5613,2,299.3,2,1.148,2
P23,2,86.0,2,6.4942,2,6.87,2,25.5613,2,299.1,2,1.148,2
P23,2,87.0,2,6.4941,2,6.88,2,25.5613,2,299.4,2,1.181,2
P23,2,88.0,2,6.4941,2,6.88,2,25.5613,2,299.7,2,1.0859999999999999,2
P23,2,89.0,2,6.494,2,6.89,2,25.5614,2,299.9,2,1.069,2
P23,2,90.0,2,6.4942,2,6.9,2,25.5613,2,300.3,2,1.0979999999999999,2
P23,2,91.0,2,6.4949,2,6.89,2,25.561,2,299.9,2,1.0759999999999998,2
P23,2,92.0,2,6.4949,2,6.89,2,25.5612,2,299.7,2,1.089,2
P23,2,93.0,2,6.4929,2,6.88,2,25.5617,2,299.7,2,1.157,2
P23,2,94.0,2,6.4912,2,6.89,2,25.561999999999998,2,300.1,2,1.192,2
P23,2,95.1,2,6.4733,2,6.87,2,25.5667,2,299.2,2,1.1,2
P23,2,96.1,2,6.4473,2,6.85,2,25.5739,2,298.3,2,1.016,2
P23,2,97.0,2,6.3942,2,6.83,2,25.5889,2,297.3,2,0.9540000000000001,2
P23,2,98.0,2,6.3436,2,6.81,2,25.6033,2,296.5,2,0.8290000000000001,2
P23,2,99.1,2,6.2917,2,6.79,2,25.6185,2,295.6,2,0.738,2
P23,2,100.2,2,6.2345,2,6.77,2,25.6364,2,294.7,2,0.621,2
P23,2,101.0,2,6.2114,2,6.75,2,25.643,2,293.9,2,0.546,2
P23,2,102.0,2,6.1449,2,6.74,2,25.6636,2,293.4,2,0.49200000000000005,2
P23,2,103.1,2,6.0729999999999995,2,6.72,2,25.685,2,292.5,2,0.391,2
P23,2,104.0,2,6.0259,2,6.69,2,25.6991,2,291.4,2,0.426,2
P23,2,105.0,2,5.9893,2,6.66,2,25.7111,2,290.0,2,0.32299999999999995,2
P23,2,106.0,2,5.9721,2,6.64,2,25.7165,2,289.1,2,0.309,2
P23,2,107.0,2,5.9645,2,6.63,2,25.7179,2,288.5,2,0.312,2
P23,2,108.0,2,5.9253,2,6.64,2,25.730999999999998,2,289.1,2,0.304,2
P23,2,109.0,2,5.8364,2,6.66,2,25.7603,2,289.6,2,0.268,2
P23,2,110.0,2,5.7951,2,6.66,2,25.7746,2,290.0,2,0.239,2
P23,2,111.0,2,5.7658,2,6.65,2,25.7859,2,289.3,2,0.245,2
P23,2,111.9,2,5.7335,2,6.62,2,25.7999,2,288.2,2,0.182,2
P23,2,113.0,2,5.7055,2,6.62,2,25.811999999999998,2,288.0,2,0.16399999999999998,2
P23,2,114.0,2,5.6941,2,6.62,2,25.8167,2,288.1,2,0.147,2
P23,2,115.0,2,5.6784,2,6.62,2,25.8243,2,288.0,2,0.14,2
P23,2,115.9,2,5.6517,2,6.59,2,25.8401,2,286.9,2,0.124,2
P23,2,117.2,2,5.5842,2,6.53,2,25.8678,2,284.0,2,0.12300000000000001,2
P23,2,118.0,2,5.5283,2,6.51,2,25.8796,2,283.3,2,0.135,2
P23,2,119.0,2,5.5085,2,6.48,2,25.8835,2,281.9,2,0.126,2
P23,2,120.0,2,5.4719,2,6.47,2,25.9037,2,281.4,2,0.11,2
P23,2,121.0,2,5.4118,2,6.47,2,25.9235,2,281.4,2,0.12,2
P23,2,122.0,2,5.3885,2,6.47,2,25.9319,2,281.5,2,0.094,2
P23,2,123.0,2,5.3787,2,6.48,2,25.9356,2,281.8,2,0.083,2
P23,2,123.8,2,5.3403,2,6.48,2,25.9439,2,282.1,2,0.09,2
P23,2,125.0,2,5.2794,2,6.41,2,25.9817,2,279.1,2,0.086,2
P23,2,126.0,2,5.2916,2,6.4,2,25.9906,2,278.4,2,0.092,2
P23,2,127.0,2,5.3152,2,6.39,2,25.9981,2,277.9,2,0.077,2
P23,2,128.1,2,5.3254,2,6.37,2,26.0112,2,277.3,2,0.084,2
P23,2,129.4,2,5.3351,2,6.36,2,26.0193,2,276.9,2,0.09,2
P23,2,129.9,2,5.3777,2,6.3,2,26.0351,2,274.3,2,0.061,2
P23,2,131.0,2,5.3989,2,6.24,2,26.046,2,271.5,2,0.051,2
P23,2,132.0,2,5.3019,2,6.21,2,26.0562,2,270.2,2,0.053,2
P23,2,133.0,2,5.0276,2,6.17,2,26.0763,2,268.5,2,0.05,2
P23,2,134.0,2,5.0936,2,6.13,2,26.0984,2,266.8,2,0.05,2
P23,2,134.9,2,5.1227,2,6.11,2,26.1142,2,265.7,2,0.06,2
P23,2,135.9,2,5.1542,2,6.08,2,26.1267,2,264.6,2,0.057999999999999996,2
P23,2,137.0,2,5.224,2,6.06,2,26.1474,2,263.5,2,0.055,2
P23,2,138.0,2,5.2692,2,6.03,2,26.1625,2,262.6,2,0.067,2
P23,2,139.0,2,5.2849,2,6.02,2,26.1722,2,261.8,2,0.059000000000000004,2
P23,2,139.9,2,5.2833,2,5.98,2,26.1745,2,260.3,2,0.057999999999999996,2
P23,2,141.0,2,5.3305,2,5.93,2,26.1985,2,257.8,2,0.061,2
P23,2,142.0,2,5.3699,2,5.89,2,26.2228,2,256.4,2,0.054000000000000006,2
P23,2,143.0,2,5.3842,2,5.87,2,26.2339,2,255.5,2,0.049,2
P23,2,144.0,2,5.4053,2,5.86,2,26.2383,2,254.7,2,0.043,2
P23,2,145.0,2,5.4272,2,5.83,2,26.2453,2,253.7,2,0.047,2
P23,2,146.0,2,5.4425,2,5.8,2,26.2593,2,252.3,2,0.05,2
P23,2,147.0,2,5.4481,2,5.77,2,26.2726,2,250.9,2,0.044000000000000004,2
P23,2,148.0,2,5.4436,2,5.74,2,26.2795,2,249.6,2,0.046,2
P23,2,149.0,2,5.4324,2,5.71,2,26.3017,2,248.3,2,0.046,2
P23,2,150.1,2,5.437,2,5.68,2,26.3149,2,247.3,2,0.046,2
P23,2,151.1,2,5.4414,2,5.67,2,26.3188,2,246.7,2,0.048,2
P23,2,152.0,2,5.4447,2,5.64,2,26.3233,2,245.1,2,0.046,2
P23,2,153.0,2,5.4463,2,5.6,2,26.3334,2,243.7,2,0.048,2
P23,2,153.9,2,5.4449,2,5.57,2,26.3459,2,242.4,2,0.040999999999999995,2
P23,2,155.0,2,5.4376,2,5.55,2,26.3519,2,241.3,2,0.046,2
P23,2,156.0,2,5.4329,2,5.52,2,26.3603,2,240.0,2,0.046,2
P23,2,157.0,2,5.4128,2,5.49,2,26.3743,2,238.8,2,0.044000000000000004,2
P23,2,158.0,2,5.4173,2,5.47,2,26.3812,2,238.1,2,0.045,2
P23,2,159.0,2,5.4246,2,5.45,2,26.386999999999997,2,237.2,2,0.047,2
P23,2,160.0,2,5.4316,2,5.43,2,26.3956,2,236.2,2,0.054000000000000006,2
P23,2,161.0,2,5.4363,2,5.41,2,26.4022,2,235.5,2,0.057,2
P23,2,162.0,2,5.4367,2,5.38,2,26.4057,2,234.1,2,0.048,2
P23,2,163.0,2,5.4452,2,5.32,2,26.4303,2,231.3,2,0.049,2
P23,2,164.0,2,5.4564,2,5.27,2,26.4498,2,229.1,2,0.055,2
P23,2,165.0,2,5.4595,2,5.24,2,26.461,2,227.8,2,0.044000000000000004,2
P23,2,166.0,2,5.456,2,5.21,2,26.4672,2,226.7,2,0.042,2
P23,2,167.0,2,5.4558,2,5.19,2,26.4744,2,225.8,2,0.044000000000000004,2
P23,2,168.0,2,5.4533,2,5.17,2,26.4836,2,225.0,2,0.045,2
P23,2,169.0,2,5.452000000000001,2,5.15,2,26.4858,2,223.9,2,0.049,2
P23,2,170.0,2,5.4439,2,5.11,2,26.4896,2,222.3,2,0.046,2
P23,2,171.0,2,5.4066,2,5.05,2,26.5031,2,219.6,2,0.044000000000000004,2
P23,2,172.0,2,5.3961,2,5.01,2,26.5211,2,217.7,2,0.055999999999999994,2
P23,2,173.0,2,5.4203,2,4.98,2,26.5258,2,216.6,2,0.049,2
P23,2,174.0,2,5.4338,2,4.94,2,26.5294,2,215.0,2,0.049,2
P23,2,175.0,2,5.4306,2,4.89,2,26.5362,2,212.6,2,0.047,2
P23,2,176.0,2,5.4057,2,4.84,2,26.5548,2,210.7,2,0.051,2
P23,2,177.0,2,5.3852,2,4.83,2,26.5608,2,209.9,2,0.046,2
P23,2,178.0,2,5.376,2,4.8,2,26.5624,2,209.0,2,0.044000000000000004,2
P23,2,179.0,2,5.3475,2,4.78,2,26.5715,2,207.7,2,0.05,2
P23,2,180.0,2,5.3369,2,4.75,2,26.5751,2,206.7,2,0.05,2
P23,2,181.0,2,5.3256,2,4.74,2,26.5787,2,206.0,2,0.052000000000000005,2
P23,2,182.0,2,5.3168,2,4.72,2,26.5827,2,205.1,2,0.048,2
P23,2,183.0,2,5.3081,2,4.7,2,26.5869,2,204.4,2,0.051,2
P23,2,184.0,2,5.3058,2,4.69,2,26.5879,2,203.8,2,0.048,2
P23,2,185.0,2,5.3017,2,4.68,2,26.5905,2,203.3,2,0.049,2
P23,2,186.0,2,5.2978,2,4.67,2,26.5943,2,203.2,2,0.054000000000000006,2
P23,2,187.0,2,5.2971,2,4.63,2,26.6014,2,201.3,2,0.05,2
P23,2,188.0,2,5.2931,2,4.57,2,26.6058,2,198.5,2,0.049,2
P23,2,189.0,2,5.2688,2,4.51,2,26.6196,2,196.3,2,0.055,2
P23,2,190.0,2,5.2432,2,4.47,2,26.63,2,194.3,2,0.048,2
P23,2,191.0,2,5.2241,2,4.43,2,26.6351,2,192.7,2,0.048,2
P23,2,192.0,2,5.2118,2,4.39,2,26.6384,2,191.0,2,0.048,2
P23,2,193.0,2,5.2035,2,4.35,2,26.6407,2,189.0,2,0.048,2
P23,2,194.0,2,5.1521,2,4.3,2,26.6533,2,187.1,2,0.059000000000000004,2
P23,2,195.0,2,5.1254,2,4.27,2,26.6592,2,185.8,2,0.061,2
P23,2,196.0,2,5.1228,2,4.26,2,26.6601,2,185.3,2,0.05,2
P23,2,197.1,2,5.1227,2,4.26,2,26.6605,2,185.0,2,0.049,2
P23,2,198.0,2,5.1187,2,4.23,2,26.6626,2,184.1,2,0.049,2
P23,2,199.0,2,5.107,2,4.22,2,26.6649,2,183.5,2,0.048,2
P23,2,200.0,2,5.0757,2,4.2,2,26.6701,2,182.5,2,0.051,2
P23,2,201.0,2,5.0663,2,4.18,2,26.6722,2,181.5,2,0.051,2
P23,2,202.0,2,5.0576,2,4.15,2,26.6745,2,180.4,2,0.049,2
P23,2,203.0,2,5.0492,2,4.12,2,26.6771,2,179.0,2,0.049,2
P23,2,204.0,2,5.0443,2,4.1,2,26.6786,2,178.2,2,0.05,2
P23,2,205.0,2,5.0252,2,4.07,2,26.6823,2,177.0,2,0.048,2
P23,2,206.0,2,5.0071,2,4.04,2,26.6857,2,175.5,2,0.048,2
P23,2,207.0,2,4.9933,2,4.0,2,26.689,2,173.8,2,0.047,2
P23,2,208.0,2,4.9721,2,3.96,2,26.6946,2,172.1,2,0.049,2
P23,2,209.0,2,4.9523,2,3.92,2,26.6994,2,170.7,2,0.05,2
P23,2,210.0,2,4.941,2,3.9,2,26.7027,2,169.8,2,0.055,2
P23,2,211.1,2,4.9311,2,3.89,2,26.7043,2,169.1,2,0.05,2
P23,2,211.9,2,4.9245,2,3.86,2,26.7057,2,168.0,2,0.049,2
P23,2,213.0,2,4.9159,2,3.83,2,26.7083,2,166.7,2,0.049,2
P23,2,214.0,2,4.906000000000001,2,3.81,2,26.7108,2,165.6,2,0.049,2
P23,2,215.0,2,4.902,2,3.79,2,26.7118,2,164.6,2,0.048,2
P23,2,216.0,2,4.8975,2,3.76,2,26.7139,2,163.5,2,0.05,2
P23,2,217.0,2,4.8789,2,3.74,2,26.7189,2,162.4,2,0.053,2
P23,2,218.0,2,4.8654,2,3.71,2,26.7221,2,161.2,2,0.055,2
P23,2,219.0,2,4.8601,2,3.69,2,26.7243,2,160.4,2,0.051,2
P23,2,220.1,2,4.8633,2,3.67,2,26.7259,2,159.4,2,0.049,2
P23,2,220.9,2,4.867,2,3.62,2,26.7289,2,157.4,2,0.05,2
P23,2,222.0,2,4.8521,2,3.58,2,26.7349,2,155.8,2,0.05,2
P23,2,223.0,2,4.8452,2,3.55,2,26.7367,2,154.4,2,0.052000000000000005,2
P23,2,224.0,2,4.8289,2,3.49,2,26.7422,2,151.6,2,0.052000000000000005,2
P23,2,224.9,2,4.8159,2,3.43,2,26.7493,2,149.2,2,0.051,2
P23,2,226.0,2,4.8142,2,3.41,2,26.7506,2,148.3,2,0.063,2
P23,2,227.0,2,4.8156,2,3.4,2,26.752,2,147.8,2,0.052000000000000005,2
P23,2,228.0,2,4.8113,2,3.39,2,26.7524,2,147.3,2,0.051,2
P23,2,229.0,2,4.8042,2,3.38,2,26.7534,2,146.9,2,0.053,2
P23,2,230.0,2,4.7964,2,3.37,2,26.755,2,146.3,2,0.049,2
P23,2,231.0,2,4.7919,2,3.35,2,26.7566,2,145.7,2,0.051,2
P23,2,231.9,2,4.7775,2,3.34,2,26.7588,2,145.3,2,0.051,2
P23,2,233.2,2,4.7634,2,3.3,2,26.7605,2,143.6,2,0.051,2
P23,2,234.0,2,4.7358,2,3.26,2,26.7645,2,141.8,2,0.051,2
P23,2,235.0,2,4.7117,2,3.22,2,26.7705,2,139.8,2,0.051,2
P23,2,236.0,2,4.7024,2,3.18,2,26.7737,2,138.4,2,0.051,2
P23,2,237.0,2,4.6904,2,3.15,2,26.7759,2,137.0,2,0.051,2
P23,2,238.0,2,4.6802,2,3.12,2,26.7779,2,135.6,2,0.051,2
P23,2,239.0,2,4.6546,2,3.1,2,26.7832,2,134.7,2,0.053,2
P23,2,240.0,2,4.6464,2,3.08,2,26.785,2,133.9,2,0.051,2
P23,2,241.0,2,4.6417,2,3.07,2,26.7863,2,133.4,2,0.052000000000000005,2
P23,2,242.0,2,4.6387,2,3.05,2,26.7874,2,132.7,2,0.052000000000000005,2
P23,2,243.0,2,4.6328,2,3.02,2,26.789,2,131.3,2,0.052000000000000005,2
P23,2,244.0,2,4.6218,2,2.99,2,26.7913,2,130.2,2,0.053,2
P23,2,245.0,2,4.6137,2,2.97,2,26.7933,2,129.3,2,0.051,2
P23,2,246.0,2,4.6006,2,2.95,2,26.796,2,128.3,2,0.052000000000000005,2
P23,2,247.0,2,4.5913,2,2.93,2,26.7988,2,127.3,2,0.051,2
P23,2,248.0,2,4.5898,2,2.9,2,26.801,2,126.3,2,0.051,2
P23,2,249.0,2,4.5862,2,2.89,2,26.8028,2,125.6,2,0.053,2
P23,2,250.0,2,4.5865,2,2.88,2,26.8038,2,125.3,2,0.055,2
P23,2,251.0,2,4.5857,2,2.88,2,26.8046,2,125.0,2,0.051,2
P23,2,252.0,2,4.5833,2,2.87,2,26.8047,2,124.8,2,0.053,2
P23,2,253.0,2,4.5833,2,2.87,2,26.8055,2,124.6,2,0.057,2
P23,2,254.0,2,4.5827,2,2.87,2,26.805999999999997,2,124.7,2,0.053,2
P23,2,255.0,2,4.5814,2,2.86,2,26.8066,2,124.2,2,0.057999999999999996,2
P23,2,256.0,2,4.5798,2,2.85,2,26.8072,2,123.8,2,0.053,2
P23,2,257.0,2,4.577,2,2.84,2,26.8078,2,123.3,2,0.055,2
P23,2,258.0,2,4.5736,2,2.83,2,26.8086,2,122.8,2,0.055,2
P23,2,259.1,2,4.5688,2,2.82,2,26.8103,2,122.4,2,0.057,2
P23,2,260.0,2,4.5680000000000005,2,2.8,2,26.8115,2,121.7,2,0.055,2
P23,2,261.0,2,4.5688,2,2.78,2,26.8126,2,120.7,2,0.055,2
P23,2,262.0,2,4.5551,2,2.76,2,26.8155,2,119.8,2,0.052000000000000005,2
P23,2,263.0,2,4.5426,2,2.74,2,26.8177,2,119.2,2,0.055,2
P23,2,264.0,2,4.5348,2,2.72,2,26.819000000000003,2,118.3,2,0.052000000000000005,2
P23,2,265.0,2,4.5323,2,2.69,2,26.8211,2,117.0,2,0.054000000000000006,2
P23,2,265.9,2,4.5206,2,2.66,2,26.8253,2,115.5,2,0.051,2
P23,2,267.0,2,4.5155,2,2.64,2,26.8268,2,114.9,2,0.051,2
P23,2,268.0,2,4.5139,2,2.63,2,26.8273,2,114.5,2,0.052000000000000005,2
P23,2,269.0,2,4.5128,2,2.63,2,26.8275,2,114.5,2,0.053,2
P23,2,270.0,2,4.5102,2,2.62,2,26.8283,2,114.1,2,0.054000000000000006,2
P23,2,271.0,2,4.5061,2,2.61,2,26.8298,2,113.4,2,0.052000000000000005,2
P23,2,272.0,2,4.504,2,2.6,2,26.8309,2,112.9,2,0.062,2
P23,2,273.0,2,4.5006,2,2.59,2,26.8323,2,112.4,2,0.053,2
P23,2,274.0,2,4.4974,2,2.57,2,26.8333,2,111.9,2,0.054000000000000006,2
P23,2,275.1,2,4.4874,2,2.55,2,26.8354,2,110.7,2,0.053,2
P23,2,276.0,2,4.4733,2,2.5,2,26.8404,2,108.5,2,0.055,2
P23,2,277.0,2,4.4661,2,2.47,2,26.8435,2,107.4,2,0.054000000000000006,2
P23,2,278.0,2,4.4646,2,2.47,2,26.8438,2,107.3,2,0.054000000000000006,2
P23,2,279.0,2,4.4637,2,2.46,2,26.844,2,106.9,2,0.055,2
P23,2,280.0,2,4.4625,2,2.46,2,26.8442,2,106.9,2,0.054000000000000006,2
P23,2,281.0,2,4.4607,2,2.45,2,26.8447,2,106.6,2,0.051,2
P23,2,282.0,2,4.4588,2,2.45,2,26.8452,2,106.3,2,0.053,2
P23,2,283.0,2,4.4556,2,2.44,2,26.8458,2,106.0,2,0.052000000000000005,2
P23,2,284.0,2,4.4524,2,2.43,2,26.8464,2,105.6,2,0.051,2
P23,2,285.0,2,4.4487,2,2.42,2,26.8471,2,105.0,2,0.059000000000000004,2
P23,2,286.0,2,4.4365,2,2.4,2,26.8497,2,104.2,2,0.057,2
P23,2,287.1,2,4.4196,2,2.37,2,26.8529,2,102.9,2,0.053,2
P23,2,288.0,2,4.413,2,2.35,2,26.8568,2,102.0,2,0.054000000000000006,2
P23,2,289.0,2,4.4134,2,2.32,2,26.8572,2,101.0,2,0.054000000000000006,2
P23,2,290.0,2,4.4081,2,2.31,2,26.8584,2,100.4,2,0.053,2
P23,2,291.0,2,4.3971,2,2.3,2,26.8603,2,99.8,2,0.055999999999999994,2
P23,2,292.0,2,4.3926,2,2.28,2,26.8605,2,99.3,2,0.057,2
P23,2,293.0,2,4.3837,2,2.27,2,26.8619,2,98.6,2,0.055,2
P23,2,294.0,2,4.3679,2,2.25,2,26.865,2,97.7,2,0.055,2
P23,2,295.0,2,4.3572,2,2.23,2,26.8674,2,96.8,2,0.055,2
P23,2,296.0,2,4.3515,2,2.22,2,26.8685,2,96.4,2,0.053,2
P23,2,297.0,2,4.3484,2,2.21,2,26.8691,2,96.2,2,0.054000000000000006,2
P23,2,298.0,2,4.3459,2,2.2,2,26.8698,2,95.8,2,0.053,2
P23,2,299.0,2,4.349,2,2.19,2,26.8713,2,95.3,2,0.055,2
P23,2,300.0,2,4.3511,2,2.18,2,26.8726,2,94.9,2,0.055,2
P23,2,301.0,2,4.3461,2,2.17,2,26.8732,2,94.4,2,0.057,2
P23,2,302.0,2,4.3428,2,2.16,2,26.8737,2,94.1,2,0.054000000000000006,2
P23,2,303.0,2,4.3397,2,2.16,2,26.8744,2,93.7,2,0.055,2
P23,2,304.0,2,4.3352,2,2.14,2,26.8754,2,93.3,2,0.055,2
P23,2,305.0,2,4.3349,2,2.14,2,26.8759,2,93.0,2,0.055,2
P23,2,306.0,2,4.3361,2,2.13,2,26.8769,2,92.8,2,0.052000000000000005,2
P23,2,307.0,2,4.3354,2,2.12,2,26.8784,2,92.3,2,0.054000000000000006,2
P23,2,308.0,2,4.3303,2,2.12,2,26.8792,2,92.0,2,0.055,2
P23,2,309.0,2,4.3239,2,2.11,2,26.881,2,91.6,2,0.055,2
P23,2,309.7,2,4.3219,2,2.11,2,26.8821,2,91.5,2,0.051,2
P23,2,311.0,2,4.3165,2,2.08,2,26.8837,2,90.6,2,0.054000000000000006,2
P23,2,312.0,2,4.3161,2,2.07,2,26.8841,2,90.0,2,0.055,2
P23,2,313.0,2,4.3173,2,2.05,2,26.8846,2,89.3,2,0.055,2
P23,2,314.0,2,4.3119,2,2.05,2,26.8872,2,88.9,2,0.052000000000000005,2
P23,2,315.0,2,4.3083,2,2.04,2,26.8882,2,88.6,2,0.055,2
P23,2,316.0,2,4.3052,2,2.04,2,26.889,2,88.6,2,0.055999999999999994,2
P23,2,317.3,2,4.3025,2,2.02,2,26.89,2,87.6,2,0.059000000000000004,2
P23,2,318.0,2,4.2971,2,2.01,2,26.8913,2,87.2,2,0.055999999999999994,2
P23,2,319.0,2,4.294,2,2.0,2,26.8922,2,86.8,2,0.054000000000000006,2
P23,2,320.0,2,4.2913,2,1.98,2,26.8935,2,86.1,2,0.055,2
P23,2,321.0,2,4.2898,2,1.96,2,26.8944,2,85.4,2,0.055999999999999994,2
P23,2,322.0,2,4.2885,2,1.95,2,26.895,2,84.8,2,0.055,2
P23,2,323.0,2,4.2841,2,1.93,2,26.898000000000003,2,84.0,2,0.057,2
P23,2,324.0,2,4.2794,2,1.91,2,26.9037,2,83.1,2,0.057,2
P23,2,325.0,2,4.2811,2,1.9,2,26.9055,2,82.5,2,0.055,2
P23,2,326.0,2,4.284,2,1.89,2,26.9066,2,82.0,2,0.057,2
P23,2,327.0,2,4.2821,2,1.87,2,26.9076,2,81.4,2,0.057,2
P23,2,328.0,2,4.2755,2,1.86,2,26.909000000000002,2,81.0,2,0.057,2
P23,2,329.0,2,4.2676,2,1.86,2,26.9107,2,80.7,2,0.057,2
P23,2,329.9,2,4.2652,2,1.85,2,26.9117,2,80.3,2,0.057,2
P23,2,331.0,2,4.2639,2,1.84,2,26.9127,2,79.8,2,0.055,2
P23,2,332.0,2,4.263,2,1.83,2,26.9132,2,79.6,2,0.057999999999999996,2
P23,2,333.0,2,4.2632,2,1.83,2,26.9131,2,79.4,2,0.055,2
P23,2,334.0,2,4.2611,2,1.82,2,26.9144,2,79.2,2,0.055,2
P23,2,335.0,2,4.2603,2,1.81,2,26.9148,2,78.7,2,0.055,2
P23,2,336.0,2,4.2573,2,1.8,2,26.9161,2,78.2,2,0.055999999999999994,2
P23,2,337.0,2,4.2534,2,1.78,2,26.9188,2,77.6,2,0.052000000000000005,2
P23,2,338.0,2,4.2494,2,1.78,2,26.9217,2,77.2,2,0.054000000000000006,2
P23,2,339.0,2,4.2461,2,1.77,2,26.923000000000002,2,76.8,2,0.055,2
P23,2,340.0,2,4.2452,2,1.76,2,26.9235,2,76.4,2,0.055999999999999994,2
P23,2,341.0,2,4.2426,2,1.75,2,26.9251,2,76.1,2,0.055999999999999994,2
P23,2,342.0,2,4.2417,2,1.75,2,26.9261,2,75.9,2,0.055,2
P23,2,343.0,2,4.2428,2,1.74,2,26.9264,2,75.7,2,0.055,2
P23,2,344.0,2,4.2433,2,1.74,2,26.9264,2,75.6,2,0.055,2
P23,2,345.0,2,4.2429,2,1.73,2,26.9267,2,75.4,2,0.06,2
P23,2,346.0,2,4.2411,2,1.73,2,26.9276,2,75.3,2,0.055999999999999994,2
P23,2,347.0,2,4.2398,2,1.73,2,26.9283,2,75.1,2,0.055,2
P23,2,348.0,2,4.2378,2,1.72,2,26.9292,2,74.7,2,0.055,2
P23,2,349.0,2,4.2366,2,1.71,2,26.93,2,74.4,2,0.055,2
P23,2,350.0,2,4.2345,2,1.7,2,26.9312,2,74.0,2,0.055999999999999994,2
P23,2,351.0,2,4.2329,2,1.69,2,26.9321,2,73.6,2,0.055999999999999994,2
P23,2,352.0,2,4.2314,2,1.68,2,26.9329,2,73.2,2,0.055,2
P23,2,353.0,2,4.2273,2,1.67,2,26.9349,2,72.8,2,0.055999999999999994,2
P23,2,354.0,2,4.2234,2,1.66,2,26.9373,2,72.3,2,0.055,2
P23,2,355.0,2,4.2232,2,1.65,2,26.9377,2,71.9,2,0.055,2
P23,2,356.0,2,4.2232,2,1.65,2,26.9378,2,71.8,2,0.055999999999999994,2
P23,2,357.0,2,4.2234,2,1.65,2,26.9381,2,71.8,2,0.055,2
P23,2,358.0,2,4.2225,2,1.64,2,26.9389,2,71.4,2,0.054000000000000006,2
P23,2,359.0,2,4.2251,2,1.64,2,26.9407,2,71.1,2,0.057,2
P23,2,360.0,2,4.2246,2,1.63,2,26.9419,2,70.8,2,0.057,2
P23,2,361.0,2,4.2242,2,1.63,2,26.9421,2,70.7,2,0.057999999999999996,2
P23,2,362.0,2,4.2234,2,1.62,2,26.9425,2,70.6,2,0.055,2
P23,2,363.0,2,4.2217,2,1.63,2,26.9435,2,70.7,2,0.057999999999999996,2
P23,2,364.0,2,4.2203,2,1.62,2,26.9441,2,70.6,2,0.057,2
P23,2,365.0,2,4.2189,2,1.62,2,26.9448,2,70.4,2,0.055999999999999994,2
P23,2,366.0,2,4.2176,2,1.62,2,26.9453,2,70.4,2,0.057,2
P23,2,367.2,2,4.2173,2,1.61,2,26.9453,2,70.2,2,0.059000000000000004,2
P23,2,368.0,2,4.2169,2,1.61,2,26.9456,2,70.0,2,0.057999999999999996,2
P23,2,369.0,2,4.2154,2,1.61,2,26.9465,2,69.9,2,0.057,2
P23,2,370.0,2,4.2144,2,1.6,2,26.9473,2,69.5,2,0.055999999999999994,2
P23,2,371.0,2,4.2132,2,1.59,2,26.948,2,69.0,2,0.057999999999999996,2
P23,2,372.0,2,4.2105,2,1.58,2,26.9495,2,68.7,2,0.057,2
P23,2,373.0,2,4.2053,2,1.57,2,26.9524,2,68.3,2,0.053,2
P23,2,374.0,2,4.2046,2,1.56,2,26.9531,2,67.8,2,0.055999999999999994,2
P23,2,375.0,2,4.2041,2,1.56,2,26.9536,2,67.7,2,0.055999999999999994,2
P23,2,376.0,2,4.2031,2,1.55,2,26.9545,2,67.3,2,0.055,2
P23,2,377.0,2,4.2011,2,1.54,2,26.9561,2,66.9,2,0.055,2
P23,2,378.0,2,4.1996,2,1.53,2,26.9572,2,66.6,2,0.055,2
P23,2,379.0,2,4.1994,2,1.53,2,26.9577,2,66.4,2,0.059000000000000004,2
P23,2,380.0,2,4.1994,2,1.52,2,26.9578,2,66.0,2,0.055,2
P23,2,381.0,2,4.1993,2,1.52,2,26.9582,2,65.9,2,0.057,2
P23,2,382.0,2,4.1979,2,1.51,2,26.9589,2,65.9,2,0.059000000000000004,2
P23,2,383.0,2,4.1953,2,1.51,2,26.9597,2,65.6,2,0.055999999999999994,2
P23,2,384.0,2,4.192,2,1.5,2,26.961,2,65.4,2,0.055,2
P23,2,385.0,2,4.1915,2,1.5,2,26.9619,2,65.0,2,0.055,2
P23,2,386.0,2,4.1908,2,1.49,2,26.9636,2,64.8,2,0.11699999999999999,2
P23,2,387.0,2,4.1899,2,1.49,2,26.9656,2,64.6,2,0.084,2
P23,2,388.0,2,4.1888,2,1.48,2,26.9664,2,64.5,2,0.057,2
P23,2,389.0,2,4.1884,2,1.48,2,26.9666,2,64.3,2,0.057,2
P23,2,390.0,2,4.1884,2,1.47,2,26.9671,2,63.9,2,0.057,2
P23,2,391.0,2,4.1885,2,1.47,2,26.9672,2,63.7,2,0.057,2
P23,2,392.0,2,4.1886,2,1.46,2,26.9675,2,63.5,2,0.055,2
P23,2,393.0,2,4.1865,2,1.45,2,26.9692,2,63.1,2,0.055,2
P23,2,394.0,2,4.1837,2,1.44,2,26.9708,2,62.7,2,0.055,2
P23,2,395.0,2,4.1831,2,1.43,2,26.9715,2,62.4,2,0.055,2
P23,2,396.0,2,4.1796,2,1.42,2,26.9734,2,61.9,2,0.057,2
P23,2,397.0,2,4.1747,2,1.41,2,26.9752,2,61.5,2,0.059000000000000004,2
P23,2,398.0,2,4.1656,2,1.4,2,26.9777,2,61.1,2,0.059000000000000004,2
P23,2,398.8,2,4.1626,2,1.4,2,26.9801,2,60.8,2,0.057,2
P23,2,399.8,2,4.1642,2,1.38,2,26.9822,2,60.0,2,0.057999999999999996,2
P23,2,401.4,2,4.1617,2,1.36,2,26.9835,2,59.2,2,0.059000000000000004,2
P23,2,402.0,2,4.1579,2,1.35,2,26.9842,2,58.8,2,0.057,2
P23,2,403.0,2,4.154,2,1.35,2,26.9846,2,58.6,2,0.06,2
P23,2,404.0,2,4.1505,2,1.34,2,26.9858,2,58.3,2,0.062,2
P23,2,405.0,2,4.1427,2,1.34,2,26.9881,2,58.2,2,0.059000000000000004,2
P23,2,406.0,2,4.1418,2,1.34,2,26.9882,2,58.1,2,0.059000000000000004,2
P23,2,407.0,2,4.1414,2,1.33,2,26.9886,2,57.9,2,0.054000000000000006,2
P23,2,408.0,2,4.1402,2,1.33,2,26.9894,2,57.7,2,0.055999999999999994,2
P23,2,409.0,2,4.1395,2,1.32,2,26.9901,2,57.3,2,0.057,2
P23,2,409.8,2,4.1409,2,1.31,2,26.9917,2,57.0,2,0.057999999999999996,2
P23,2,411.0,2,4.1417,2,1.31,2,26.9929,2,56.9,2,0.055,2
P23,2,412.0,2,4.1411,2,1.31,2,26.9932,2,56.8,2,0.055999999999999994,2
P23,2,413.0,2,4.1398,2,1.3,2,26.9942,2,56.6,2,0.057,2
P23,2,414.0,2,4.1404,2,1.3,2,26.9951,2,56.4,2,0.055,2
P23,2,415.0,2,4.1433,2,1.29,2,26.9975,2,55.9,2,0.057999999999999996,2
P23,2,416.0,2,4.1441,2,1.28,2,26.9986,2,55.7,2,0.055999999999999994,2
P23,2,417.0,2,4.1449,2,1.28,2,26.9994,2,55.5,2,0.059000000000000004,2
P23,2,418.0,2,4.1446,2,1.27,2,27.0008,2,55.2,2,0.059000000000000004,2
P23,2,419.0,2,4.1432,2,1.26,2,27.0026,2,54.8,2,0.055999999999999994,2
P23,2,420.0,2,4.1396,2,1.26,2,27.0052,2,54.7,2,0.057,2
P23,2,421.0,2,4.1376,2,1.23,2,27.0079,2,53.3,2,0.057999999999999996,2
P23,2,422.0,2,4.1339999999999995,2,1.21,2,27.0114,2,52.6,2,0.055999999999999994,2
P23,2,423.0,2,4.132,2,1.19,2,27.0125,2,51.9,2,0.06,2
P23,2,424.0,2,4.1214,2,1.19,2,27.0179,2,51.6,2,0.059000000000000004,2
P23,2,425.0,2,4.1193,2,1.17,2,27.0189,2,51.0,2,0.059000000000000004,2
P23,2,426.0,2,4.1188,2,1.17,2,27.0197,2,50.8,2,0.057,2
P23,2,427.0,2,4.1182,2,1.16,2,27.0212,2,50.6,2,0.057,2
P23,2,428.0,2,4.1185,2,1.16,2,27.0221,2,50.4,2,0.057,2
P23,2,429.0,2,4.1194,2,1.16,2,27.0229,2,50.3,2,0.055999999999999994,2
P23,2,430.0,2,4.1189,2,1.16,2,27.0233,2,50.3,2,0.057999999999999996,2
P23,2,431.0,2,4.119,2,1.16,2,27.0233,2,50.5,2,0.057999999999999996,2
P23,2,432.0,2,4.1191,2,1.16,2,27.0233,2,50.3,2,0.057999999999999996,2
P23,2,433.0,2,4.119,2,1.16,2,27.0233,2,50.3,2,0.055999999999999994,2
P23,2,434.0,2,4.1189,2,1.16,2,27.0233,2,50.4,2,0.057999999999999996,2
P23,2,434.9,2,4.1189,2,1.16,2,27.0233,2,50.3,2,0.057,2
P23,2,436.0,2,4.1195,2,1.15,2,27.0237,2,50.1,2,0.059000000000000004,2
P23,2,437.0,2,4.1197,2,1.15,2,27.0242,2,49.9,2,0.057,2
P23,2,438.0,2,4.1176,2,1.15,2,27.0248,2,49.9,2,0.057,2
P23,2,439.0,2,4.1138,2,1.14,2,27.0256,2,49.6,2,0.06,2
P23,2,440.0,2,4.1134,2,1.13,2,27.0258,2,49.3,2,0.059000000000000004,2
P23,2,441.0,2,4.1142,2,1.13,2,27.026999999999997,2,49.3,2,0.057999999999999996,2
P23,2,442.0,2,4.1143,2,1.13,2,27.0271,2,49.3,2,0.057999999999999996,2
P23,2,443.0,2,4.1136,2,1.13,2,27.0273,2,49.3,2,0.059000000000000004,2
P23,2,444.0,2,4.1134,2,1.13,2,27.0277,2,49.3,2,0.06,2
P23,2,445.0,2,4.1131,2,1.13,2,27.0279,2,49.2,2,0.057,2
P23,2,446.0,2,4.1126,2,1.13,2,27.0283,2,49.0,2,0.055999999999999994,2
P23,2,447.0,2,4.1121,2,1.12,2,27.0288,2,48.9,2,0.055999999999999994,2
P23,2,448.1,2,4.1115,2,1.13,2,27.0294,2,49.0,2,0.059000000000000004,2
P23,2,449.1,2,4.1113,2,1.12,2,27.0298,2,48.7,2,0.057999999999999996,2
P23,2,450.0,2,4.111000000000001,2,1.12,2,27.0304,2,48.6,2,0.057999999999999996,2
P23,2,451.0,2,4.1105,2,1.12,2,27.0312,2,48.6,2,0.055999999999999994,2
P23,2,452.0,2,4.1093,2,1.12,2,27.0321,2,48.5,2,0.055999999999999994,2
P23,2,453.0,2,4.1087,2,1.11,2,27.0321,2,48.3,2,0.06,2
P23,2,454.0,2,4.1081,2,1.11,2,27.0328,2,48.1,2,0.057999999999999996,2
P23,2,455.0,2,4.1078,2,1.1,2,27.0335,2,47.8,2,0.057,2
P23,2,456.0,2,4.1074,2,1.1,2,27.0339,2,47.6,2,0.057999999999999996,2
P23,2,457.0,2,4.1044,2,1.09,2,27.0383,2,47.4,2,0.057,2
P23,2,458.0,2,4.104,2,1.09,2,27.0388,2,47.3,2,0.057,2
P23,2,458.6,2,4.1037,2,1.09,2,27.0389,2,47.4,2,0.059000000000000004,2
P23,2,460.0,2,4.1036,2,1.08,2,27.0399,2,47.0,2,0.059000000000000004,2
P23,2,461.0,2,4.1037,2,1.08,2,27.0403,2,46.9,2,0.059000000000000004,2
P23,2,462.0,2,4.1038,2,1.08,2,27.0409,2,46.8,2,0.059000000000000004,2
P23,2,463.0,2,4.1038,2,1.07,2,27.0414,2,46.6,2,0.057999999999999996,2
P23,2,464.0,2,4.1037,2,1.07,2,27.0418,2,46.6,2,0.055,2
P23,2,465.0,2,4.103,2,1.07,2,27.0429,2,46.6,2,0.055999999999999994,2
P23,2,466.0,2,4.1026,2,1.07,2,27.0432,2,46.6,2,0.055999999999999994,2
P23,2,467.0,2,4.1022,2,1.07,2,27.0436,2,46.6,2,0.057,2
P23,2,468.0,2,4.1004,2,1.06,2,27.0454,2,46.1,2,0.057,2
P23,2,469.0,2,4.0958,2,1.05,2,27.0483,2,45.7,2,0.057,2
P23,2,470.0,2,4.0946,2,1.05,2,27.049,2,45.6,2,0.06,2
P23,2,471.0,2,4.0939,2,1.04,2,27.0493,2,45.4,2,0.059000000000000004,2
P23,2,472.0,2,4.0929,2,1.04,2,27.0499,2,45.3,2,0.057,2
P23,2,473.0,2,4.0923,2,1.04,2,27.0502,2,45.1,2,0.06,2
P23,2,474.0,2,4.0909,2,1.03,2,27.0511,2,44.9,2,0.059000000000000004,2
P23,2,475.0,2,4.0889999999999995,2,1.03,2,27.0521,2,44.7,2,0.059000000000000004,2
P23,2,476.0,2,4.0875,2,1.03,2,27.0527,2,44.6,2,0.059000000000000004,2
P23,2,477.0,2,4.0859,2,1.02,2,27.0533,2,44.3,2,0.055999999999999994,2
P23,2,478.0,2,4.0838,2,1.02,2,27.0543,2,44.3,2,0.055,2
P23,2,479.0,2,4.083,2,1.01,2,27.0544,2,44.0,2,0.057999999999999996,2
P23,2,480.0,2,4.0805,2,1.01,2,27.0555,2,43.9,2,0.059000000000000004,2
P23,2,481.0,2,4.0774,2,1.0,2,27.0566,2,43.6,2,0.059000000000000004,2
P23,2,482.0,2,4.0737,2,1.0,2,27.0583,2,43.5,2,0.057999999999999996,2
P23,2,483.0,2,4.0722,2,0.99,2,27.0589,2,43.0,2,0.057,2
P23,2,484.0,2,4.0695,2,0.99,2,27.0604,2,43.1,2,0.057999999999999996,2
P23,2,485.0,2,4.0672,2,0.98,2,27.0619,2,42.8,2,0.057999999999999996,2
P23,2,486.0,2,4.0657,2,0.98,2,27.0627,2,42.4,2,0.059000000000000004,2
P23,2,486.6,2,4.0641,2,0.98,2,27.0634,2,42.4,2,0.059000000000000004,2
P23,2,488.0,2,4.062,2,0.97,2,27.0646,2,42.1,2,0.057999999999999996,2
P23,2,489.0,2,4.0611,2,0.97,2,27.065,2,42.0,2,0.055999999999999994,2
P23,2,490.0,2,4.0593,2,0.96,2,27.0661,2,41.6,2,0.059000000000000004,2
P23,2,491.0,2,4.0578,2,0.95,2,27.0671,2,41.4,2,0.059000000000000004,2
P23,2,492.0,2,4.056,2,0.95,2,27.0688,2,41.3,2,0.059000000000000004,2
P23,2,493.0,2,4.0542,2,0.95,2,27.0698,2,41.3,2,0.059000000000000004,2
P23,2,493.7,2,4.0527,2,0.95,2,27.0707,2,41.2,2,0.057999999999999996,2
P23,2,495.2,2,4.0513,2,0.93,2,27.0721,2,40.5,2,0.057999999999999996,2
P23,2,496.0,2,4.0495,2,0.92,2,27.0736,2,40.0,2,0.059000000000000004,2
P23,2,497.0,2,4.0431,2,0.91,2,27.0762,2,39.7,2,0.059000000000000004,2
P23,2,498.1,2,4.0327,2,0.91,2,27.0805,2,39.6,2,0.059000000000000004,2
P23,2,499.1,2,4.0319,2,0.9,2,27.0807,2,39.3,2,0.059000000000000004,2
P23,2,500.4,2,4.0282,2,0.9,2,27.081999999999997,2,38.9,2,0.059000000000000004,2
P23,2,501.0,2,4.0276,2,0.89,2,27.0823,2,38.8,2,0.055,2
P23,2,502.0,2,4.0284,2,0.89,2,27.081999999999997,2,38.8,2,0.057999999999999996,2
P23,2,503.0,2,4.0268,2,0.88,2,27.0823,2,38.4,2,0.059000000000000004,2
P23,2,504.0,2,4.0232,2,0.88,2,27.0835,2,38.1,2,0.059000000000000004,2
P23,2,505.0,2,4.0179,2,0.87,2,27.0844,2,37.9,2,0.059000000000000004,2
P23,2,506.0,2,4.0076,2,0.86,2,27.087,2,37.6,2,0.055999999999999994,2
P23,2,507.0,2,4.0018,2,0.86,2,27.0882,2,37.2,2,0.059000000000000004,2
P23,2,509.0,2,3.9977,2,0.84,2,27.0892,2,36.3,2,0.057999999999999996,2
P23,2,510.0,2,3.9897,2,0.82,2,27.0914,2,35.6,2,0.055999999999999994,2
P23,2,511.0,2,3.9741,2,0.81,2,27.0955,2,35.1,2,0.059000000000000004,2
P23,2,512.0,2,3.9684,2,0.8,2,27.0972,2,34.6,2,0.055999999999999994,2
P23,2,513.0,2,3.9668,2,0.79,2,27.0976,2,34.2,2,0.057999999999999996,2
P23,2,514.0,2,3.9622,2,0.78,2,27.0993,2,33.8,2,0.057,2
P23,2,515.0,2,3.9575,2,0.77,2,27.1012,2,33.7,2,0.059000000000000004,2
P23,2,516.0,2,3.9535,2,0.77,2,27.1028,2,33.7,2,0.059000000000000004,2
P23,2,517.0,2,3.9511,2,0.76,2,27.1037,2,33.3,2,0.059000000000000004,2
P23,2,518.0,2,3.9458,2,0.76,2,27.1056,2,32.9,2,0.06,2
P23,2,519.0,2,3.9429,2,0.76,2,27.1068,2,33.0,2,0.059000000000000004,2
P23,2,520.0,2,3.9426,2,0.76,2,27.1069,2,32.9,2,0.059000000000000004,2
P23,2,521.0,2,3.9425,2,0.75,2,27.1072,2,32.8,2,0.059000000000000004,2
P23,2,522.0,2,3.9419999999999997,2,0.75,2,27.1076,2,32.8,2,0.059000000000000004,2
P23,2,523.0,2,3.9415,2,0.75,2,27.1078,2,32.8,2,0.059000000000000004,2
P23,2,524.0,2,3.9397,2,0.75,2,27.1085,2,32.8,2,0.057999999999999996,2
P23,2,525.0,2,3.9371,2,0.75,2,27.1095,2,32.7,2,0.057,2
P23,2,525.6,2,3.9352,2,0.75,2,27.11,2,32.6,2,0.059000000000000004,2
P23,2,527.0,2,3.9330000000000003,2,0.75,2,27.1109,2,32.5,2,0.057,2
P23,2,528.0,2,3.9307,2,0.74,2,27.1116,2,32.1,2,0.06,2
P23,2,529.0,2,3.9294,2,0.73,2,27.1119,2,31.8,2,0.061,2
P23,2,530.0,2,3.9284,2,0.73,2,27.112,2,31.7,2,0.061,2
P23,2,531.0,2,3.9258,2,0.73,2,27.1129,2,31.8,2,0.061,2
P23,2,532.0,2,3.9242,2,0.73,2,27.1133,2,31.6,2,0.059000000000000004,2
P23,2,533.0,2,3.9224,2,0.73,2,27.1139,2,31.6,2,0.059000000000000004,2
P23,2,534.0,2,3.9209,2,0.73,2,27.1143,2,31.5,2,0.057999999999999996,2
P23,2,535.0,2,3.92,2,0.73,2,27.1146,2,31.6,2,0.059000000000000004,2
P23,2,536.1,2,3.9182,2,0.72,2,27.1152,2,31.3,2,0.059000000000000004,2
P23,2,537.0,2,3.918,2,0.72,2,27.1153,2,31.3,2,0.057999999999999996,2
P23,2,538.0,2,3.9177,2,0.71,2,27.1153,2,31.0,2,0.057999999999999996,2
P23,2,539.0,2,3.917,2,0.71,2,27.1156,2,31.1,2,0.059000000000000004,2
P23,2,540.0,2,3.9155,2,0.71,2,27.1161,2,31.0,2,0.057,2
P23,2,541.0,2,3.9123,2,0.71,2,27.1172,2,30.9,2,0.059000000000000004,2
P23,2,542.0,2,3.9104,2,0.71,2,27.1178,2,30.8,2,0.059000000000000004,2
P23,2,543.0,2,3.9097,2,0.71,2,27.1178,2,30.7,2,0.06,2
P23,2,544.0,2,3.9086,2,0.7,2,27.1184,2,30.5,2,0.059000000000000004,2
P23,2,545.0,2,3.9069,2,0.7,2,27.1189,2,30.5,2,0.057,2
P23,2,546.0,2,3.9041,2,0.7,2,27.1198,2,30.3,2,0.059000000000000004,2
P23,2,547.0,2,3.8997,2,0.69,2,27.1211,2,30.1,2,0.059000000000000004,2
P23,2,548.0,2,3.8947,2,0.69,2,27.1227,2,29.9,2,0.057999999999999996,2
P23,2,549.0,2,3.8927,2,0.69,2,27.1234,2,30.0,2,0.055999999999999994,2
P23,2,550.0,2,3.8915,2,0.69,2,27.1239,2,29.9,2,0.059000000000000004,2
P23,2,551.0,2,3.8877,2,0.68,2,27.1251,2,29.7,2,0.059000000000000004,2
P23,2,552.0,2,3.8849,2,0.68,2,27.1258,2,29.5,2,0.059000000000000004,2
P23,2,553.0,2,3.8832,2,0.68,2,27.1263,2,29.3,2,0.059000000000000004,2
P23,2,554.1,2,3.8818,2,0.68,2,27.1266,2,29.5,2,0.059000000000000004,2
P23,2,555.0,2,3.8793,2,0.68,2,27.1272,2,29.4,2,0.059000000000000004,2
P23,2,556.0,2,3.8781,2,0.67,2,27.1276,2,29.3,2,0.057,2
P23,2,557.0,2,3.8760000000000003,2,0.67,2,27.1283,2,29.2,2,0.059000000000000004,2
P23,2,558.0,2,3.8739,2,0.67,2,27.1289,2,29.2,2,0.059000000000000004,2
P23,2,559.0,2,3.8726,2,0.67,2,27.1293,2,29.2,2,0.059000000000000004,2
P23,2,560.0,2,3.872,2,0.67,2,27.1296,2,29.0,2,0.059000000000000004,2
P23,2,561.0,2,3.8701,2,0.67,2,27.1302,2,28.9,2,0.055,2
P23,2,562.0,2,3.8685,2,0.66,2,27.1308,2,28.8,2,0.059000000000000004,2
P23,2,563.0,2,3.8646,2,0.66,2,27.131999999999998,2,28.6,2,0.057999999999999996,2
P23,2,564.0,2,3.8577,2,0.65,2,27.1342,2,28.4,2,0.059000000000000004,2
P23,2,565.0,2,3.8514,2,0.65,2,27.136,2,28.2,2,0.059000000000000004,2
P23,2,566.0,2,3.8492,2,0.65,2,27.1366,2,28.2,2,0.059000000000000004,2
P23,2,567.0,2,3.8466,2,0.65,2,27.1375,2,28.3,2,0.06,2
P23,2,568.0,2,3.8451,2,0.65,2,27.1379,2,28.3,2,0.062,2
P23,2,569.0,2,3.8407,2,0.65,2,27.1393,2,28.1,2,0.057999999999999996,2
P23,2,570.0,2,3.8355,2,0.64,2,27.1413,2,27.9,2,0.059000000000000004,2
P23,2,571.0,2,3.8302,2,0.64,2,27.1424,2,27.9,2,0.059000000000000004,2
P23,2,572.0,2,3.8282,2,0.64,2,27.1427,2,27.7,2,0.059000000000000004,2
P23,2,572.7,2,3.8274,2,0.63,2,27.1431,2,27.6,2,0.059000000000000004,2
P23,2,574.0,2,3.8251,2,0.63,2,27.1435,2,27.5,2,0.057,2
P23,2,575.0,2,3.8207,2,0.63,2,27.1447,2,27.3,2,0.059000000000000004,2
P23,2,576.0,2,3.8194,2,0.63,2,27.1449,2,27.2,2,0.059000000000000004,2
P23,2,577.0,2,3.8192,2,0.62,2,27.145,2,27.2,2,0.059000000000000004,2
P23,2,578.0,2,3.8172,2,0.62,2,27.1456,2,26.9,2,0.059000000000000004,2
P23,2,579.0,2,3.8099,2,0.62,2,27.1478,2,26.8,2,0.059000000000000004,2
P23,2,580.0,2,3.8062,2,0.61,2,27.1491,2,26.7,2,0.059000000000000004,2
P23,2,581.0,2,3.8042,2,0.61,2,27.1494,2,26.6,2,0.062,2
P23,2,582.0,2,3.8018,2,0.61,2,27.1499,2,26.6,2,0.063,2
P23,2,583.1,2,3.801,2,0.61,2,27.1501,2,26.6,2,0.059000000000000004,2
P23,2,584.5,2,3.8016,2,0.61,2,27.15,2,26.6,2,0.059000000000000004,2
P23,2,585.0,2,3.8012,2,0.61,2,27.1502,2,26.4,2,0.059000000000000004,2
P23,2,586.0,2,3.7996,2,0.6,2,27.1504,2,26.3,2,0.059000000000000004,2
P23,2,587.0,2,3.7928,2,0.6,2,27.1521,2,26.1,2,0.059000000000000004,2
P23,2,588.0,2,3.7851,2,0.6,2,27.1542,2,25.9,2,0.059000000000000004,2
P23,2,589.0,2,3.7775,2,0.59,2,27.1555,2,25.7,2,0.059000000000000004,2
P23,2,589.7,2,3.7696,2,0.59,2,27.1573,2,25.6,2,0.061,2
P23,2,591.2,2,3.766,2,0.58,2,27.1586,2,25.1,2,0.055999999999999994,2
P23,2,592.0,2,3.765,2,0.58,2,27.1588,2,25.0,2,0.059000000000000004,2
P23,2,593.0,2,3.7626,2,0.57,2,27.1594,2,24.9,2,0.059000000000000004,2
P23,2,594.0,2,3.7565,2,0.57,2,27.1616,2,24.9,2,0.059000000000000004,2
P23,2,595.0,2,3.7527,2,0.57,2,27.1624,2,24.8,2,0.059000000000000004,2
P23,2,596.0,2,3.7507,2,0.57,2,27.163,2,24.7,2,0.059000000000000004,2
P23,2,597.0,2,3.7499,2,0.57,2,27.1631,2,24.7,2,0.059000000000000004,2
P23,2,598.0,2,3.7493,2,0.57,2,27.1636,2,24.7,2,0.059000000000000004,2
P23,2,599.0,2,3.7476,2,0.57,2,27.164,2,24.7,2,0.059000000000000004,2
P23,2,600.0,2,3.7389,2,0.56,2,27.1663,2,24.5,2,0.057,2
P23,2,601.0,2,3.7332,2,0.56,2,27.1678,2,24.3,2,0.059000000000000004,2
P23,2,602.0,2,3.73,2,0.56,2,27.1688,2,24.2,2,0.059000000000000004,2
P23,2,603.0,2,3.7254,2,0.55,2,27.1698,2,24.0,2,0.059000000000000004,2
P23,2,604.0,2,3.7169,2,0.54,2,27.1715,2,23.6,2,0.059000000000000004,2
P23,2,605.0,2,3.7131,2,0.54,2,27.1724,2,23.6,2,0.059000000000000004,2
P23,2,606.0,2,3.7099,2,0.54,2,27.1735,2,23.6,2,0.059000000000000004,2
P23,2,607.0,2,3.7086,2,0.54,2,27.1737,2,23.5,2,0.059000000000000004,2
P23,2,608.0,2,3.7064,2,0.54,2,27.1744,2,23.3,2,0.059000000000000004,2
P23,2,609.0,2,3.7035,2,0.54,2,27.1751,2,23.3,2,0.06,2
P23,2,610.0,2,3.6993,2,0.54,2,27.1759,2,23.3,2,0.059000000000000004,2
P23,2,611.0,2,3.6979,2,0.54,2,27.1767,2,23.3,2,0.059000000000000004,2
P23,2,612.0,2,3.6948,2,0.53,2,27.1781,2,23.2,2,0.06,2
P23,2,613.0,2,3.6932,2,0.53,2,27.1785,2,23.2,2,0.059000000000000004,2
P23,2,614.0,2,3.6919999999999997,2,0.53,2,27.1789,2,23.2,2,0.059000000000000004,2
P23,2,615.0,2,3.6906,2,0.53,2,27.1791,2,23.0,2,0.059000000000000004,2
P23,2,616.0,2,3.6897,2,0.53,2,27.1792,2,23.0,2,0.059000000000000004,2
P23,2,617.0,2,3.6888,2,0.53,2,27.1798,2,23.1,2,0.057999999999999996,2
P23,2,618.0,2,3.6889999999999996,2,0.53,2,27.1798,2,23.1,2,0.06,2
P23,2,619.0,2,3.6881,2,0.53,2,27.1802,2,23.2,2,0.059000000000000004,2
P23,2,620.0,2,3.6853,2,0.53,2,27.1812,2,23.1,2,0.059000000000000004,2
P23,2,621.0,2,3.6843,2,0.53,2,27.1815,2,22.9,2,0.059000000000000004,2
P23,2,622.0,2,3.6844,2,0.53,2,27.1815,2,23.0,2,0.06,2
P23,2,623.0,2,3.6833,2,0.53,2,27.1817,2,23.0,2,0.06,2
P23,2,624.0,2,3.6809,2,0.52,2,27.1824,2,22.8,2,0.059000000000000004,2
P23,2,625.0,2,3.6789,2,0.52,2,27.1828,2,22.7,2,0.059000000000000004,2
P23,2,626.0,2,3.6753,2,0.52,2,27.1838,2,22.8,2,0.059000000000000004,2
P23,2,627.0,2,3.6717,2,0.52,2,27.185,2,22.6,2,0.059000000000000004,2
P23,2,628.1,2,3.6703,2,0.52,2,27.1854,2,22.7,2,0.06,2
P23,2,629.0,2,3.6688,2,0.52,2,27.1859,2,22.5,2,0.059000000000000004,2
P23,2,630.0,2,3.667,2,0.52,2,27.1863,2,22.5,2,0.059000000000000004,2
P23,2,631.0,2,3.6625,2,0.52,2,27.1879,2,22.6,2,0.061,2
P23,2,631.9,2,3.6592,2,0.52,2,27.1887,2,22.5,2,0.063,2
P23,2,633.0,2,3.6597,2,0.52,2,27.1889,2,22.4,2,0.059000000000000004,2
P23,2,634.0,2,3.6591,2,0.51,2,27.1892,2,22.3,2,0.059000000000000004,2
P23,2,635.0,2,3.6589,2,0.51,2,27.1893,2,22.3,2,0.059000000000000004,2
P23,2,636.0,2,3.6571,2,0.51,2,27.1896,2,22.3,2,0.059000000000000004,2
P23,2,637.0,2,3.6551,2,0.51,2,27.19,2,22.3,2,0.059000000000000004,2
P23,2,638.0,2,3.6525,2,0.51,2,27.1905,2,22.3,2,0.059000000000000004,2
P23,2,639.0,2,3.6502,2,0.51,2,27.1913,2,22.2,2,0.059000000000000004,2
P23,2,640.0,2,3.6477,2,0.51,2,27.1925,2,22.2,2,0.059000000000000004,2
P23,2,641.0,2,3.6437,2,0.51,2,27.1939,2,22.0,2,0.059000000000000004,2
P23,2,642.0,2,3.6404,2,0.5,2,27.1944,2,21.9,2,0.059000000000000004,2
P23,2,643.0,2,3.6357,2,0.5,2,27.1955,2,21.7,2,0.059000000000000004,2
P23,2,644.0,2,3.6297,2,0.5,2,27.1971,2,21.5,2,0.059000000000000004,2
P23,2,645.0,2,3.6244,2,0.49,2,27.1987,2,21.4,2,0.059000000000000004,2
P23,2,646.0,2,3.6218,2,0.49,2,27.1996,2,21.3,2,0.06,2
P23,2,647.0,2,3.6201,2,0.49,2,27.2003,2,21.3,2,0.059000000000000004,2
P23,2,647.7,2,3.6188,2,0.5,2,27.2008,2,21.5,2,0.055999999999999994,2
P23,2,649.1,2,3.6113,2,0.48,2,27.2027,2,20.7,2,0.062,2
P23,2,650.0,2,3.6073,2,0.48,2,27.204,2,20.7,2,0.059000000000000004,2
P23,2,651.0,2,3.6064,2,0.48,2,27.2041,2,20.7,2,0.059000000000000004,2
P23,2,652.0,2,3.6061,2,0.47,2,27.2044,2,20.6,2,0.063,2
P23,2,653.0,2,3.6056,2,0.47,2,27.2045,2,20.6,2,0.06,2
P23,2,654.0,2,3.6049,2,0.48,2,27.2048,2,20.7,2,0.059000000000000004,2
P23,2,655.0,2,3.6039,2,0.47,2,27.2052,2,20.6,2,0.059000000000000004,2
P23,2,656.0,2,3.6024,2,0.47,2,27.2057,2,20.6,2,0.059000000000000004,2
P23,2,657.0,2,3.5984,2,0.47,2,27.2071,2,20.6,2,0.063,2
P23,2,658.0,2,3.5904,2,0.47,2,27.2098,2,20.5,2,0.059000000000000004,2
P23,2,659.3,2,3.5879,2,0.47,2,27.2106,2,20.3,2,0.059000000000000004,2
P23,2,660.0,2,3.5869999999999997,2,0.47,2,27.2109,2,20.4,2,0.059000000000000004,2
P23,2,661.0,2,3.5844,2,0.47,2,27.2119,2,20.6,2,0.059000000000000004,2
P23,2,662.0,2,3.5817,2,0.47,2,27.2127,2,20.6,2,0.059000000000000004,2
P23,2,663.0,2,3.5788,2,0.47,2,27.2137,2,20.5,2,0.059000000000000004,2
P23,2,664.0,2,3.5731,2,0.47,2,27.2157,2,20.3,2,0.059000000000000004,2
P23,2,665.0,2,3.5669,2,0.47,2,27.218000000000004,2,20.3,2,0.059000000000000004,2
P23,2,666.0,2,3.565,2,0.47,2,27.2185,2,20.3,2,0.06,2
P23,2,667.0,2,3.5634,2,0.47,2,27.219,2,20.3,2,0.06,2
P23,2,668.0,2,3.5611,2,0.46,2,27.2198,2,20.2,2,0.059000000000000004,2
P23,2,668.9,2,3.557,2,0.46,2,27.2215,2,20.0,2,0.059000000000000004,2
P23,2,670.3,2,3.5541,2,0.46,2,27.2229,2,19.9,2,0.059000000000000004,2
P23,2,671.0,2,3.5531,2,0.46,2,27.2232,2,19.8,2,0.059000000000000004,2
P23,2,672.0,2,3.5523,2,0.46,2,27.2234,2,19.8,2,0.059000000000000004,2
P23,2,673.0,2,3.551,2,0.45,2,27.2238,2,19.7,2,0.059000000000000004,2
P23,2,674.0,2,3.55,2,0.45,2,27.2239,2,19.7,2,0.059000000000000004,2
P23,2,675.0,2,3.5493,2,0.45,2,27.2243,2,19.7,2,0.059000000000000004,2
P23,2,676.0,2,3.5472,2,0.45,2,27.225,2,19.7,2,0.059000000000000004,2
P23,2,677.0,2,3.5434,2,0.46,2,27.2264,2,19.8,2,0.059000000000000004,2
P23,2,678.0,2,3.5406,2,0.45,2,27.2274,2,19.6,2,0.059000000000000004,2
P23,2,679.0,2,3.5394,2,0.46,2,27.2277,2,19.8,2,0.06,2
P23,2,680.0,2,3.5371,2,0.46,2,27.2283,2,19.9,2,0.06,2
P23,2,680.9,2,3.5346,2,0.46,2,27.229,2,19.9,2,0.061,2
P23,2,681.7,2,3.5338,2,0.46,2,27.2292,2,19.9,2,0.059000000000000004,2
P23,2,683.2,2,3.5339,2,0.46,2,27.2292,2,19.9,2,0.059000000000000004,2
P23,2,684.0,2,3.5318,2,0.46,2,27.2296,2,20.0,2,0.059000000000000004,2
P23,2,685.0,2,3.5302,2,0.46,2,27.2299,2,20.0,2,0.059000000000000004,2
P23,2,686.0,2,3.5302,2,0.46,2,27.2298,2,20.1,2,0.059000000000000004,2
P23,2,687.0,2,3.5299,2,0.46,2,27.2301,2,20.1,2,0.059000000000000004,2
P23,2,688.0,2,3.5291,2,0.46,2,27.2305,2,20.0,2,0.059000000000000004,2
P23,2,689.0,2,3.5271,2,0.46,2,27.2316,2,19.9,2,0.059000000000000004,2
P23,2,690.0,2,3.5235,2,0.46,2,27.2332,2,19.9,2,0.059000000000000004,2
P23,2,691.0,2,3.5219,2,0.45,2,27.2335,2,19.7,2,0.057,2
P23,2,692.0,2,3.5208,2,0.46,2,27.2338,2,19.8,2,0.057,2
P23,2,693.0,2,3.5175,2,0.46,2,27.2349,2,19.9,2,0.061,2
P23,2,694.0,2,3.5161,2,0.46,2,27.2353,2,19.9,2,0.061,2
P23,2,695.0,2,3.515,2,0.46,2,27.2356,2,19.9,2,0.059000000000000004,2
P23,2,695.9,2,3.5126,2,0.46,2,27.2365,2,19.9,2,0.059000000000000004,2
P23,2,697.3,2,3.51,2,0.45,2,27.2377,2,19.7,2,0.059000000000000004,2
P23,2,698.0,2,3.5058,2,0.45,2,27.2396,2,19.6,2,0.059000000000000004,2
P23,2,699.0,2,3.5011,2,0.45,2,27.2413,2,19.4,2,0.059000000000000004,2
P23,2,700.0,2,3.4996,2,0.45,2,27.2419,2,19.5,2,0.057999999999999996,2
P23,2,701.0,2,3.4991,2,0.45,2,27.2421,2,19.5,2,0.059000000000000004,2
P23,2,702.0,2,3.4985,2,0.45,2,27.2424,2,19.4,2,0.06,2
P23,2,703.0,2,3.4977,2,0.44,2,27.2426,2,19.3,2,0.06,2
P23,2,704.0,2,3.4956,2,0.44,2,27.2434,2,19.2,2,0.059000000000000004,2
P23,2,705.0,2,3.4932,2,0.44,2,27.2446,2,19.2,2,0.059000000000000004,2
P23,2,706.0,2,3.491,2,0.44,2,27.2454,2,19.1,2,0.059000000000000004,2
P23,2,707.0,2,3.4881,2,0.44,2,27.2468,2,19.2,2,0.059000000000000004,2
P23,2,708.0,2,3.484,2,0.44,2,27.2482,2,19.1,2,0.061,2
P23,2,709.0,2,3.4821,2,0.44,2,27.249000000000002,2,18.9,2,0.06,2
P23,2,710.0,2,3.4784,2,0.44,2,27.2503,2,18.9,2,0.057999999999999996,2
P23,2,711.0,2,3.4773,2,0.44,2,27.2509,2,18.9,2,0.059000000000000004,2
P23,2,712.0,2,3.4767,2,0.43,2,27.2511,2,18.9,2,0.059000000000000004,2
P23,2,713.0,2,3.4763,2,0.43,2,27.2514,2,18.9,2,0.06,2
P23,2,714.0,2,3.4754,2,0.44,2,27.2517,2,18.9,2,0.059000000000000004,2
P23,2,715.0,2,3.4724,2,0.44,2,27.2526,2,18.9,2,0.06,2
P23,2,716.0,2,3.4682,2,0.44,2,27.2541,2,18.9,2,0.059000000000000004,2
P23,2,717.0,2,3.4667,2,0.44,2,27.2545,2,19.0,2,0.06,2
P23,2,717.7,2,3.4661,2,0.43,2,27.2547,2,18.8,2,0.059000000000000004,2
P23,2,719.3,2,3.4662,2,0.43,2,27.2548,2,18.9,2,0.059000000000000004,2
P23,2,720.0,2,3.4665,2,0.44,2,27.2546,2,18.9,2,0.059000000000000004,2
P23,2,721.0,2,3.4667,2,0.44,2,27.2544,2,18.9,2,0.059000000000000004,2
P23,2,722.0,2,3.4664,2,0.43,2,27.2547,2,18.9,2,0.059000000000000004,2
P23,2,723.0,2,3.4657,2,0.44,2,27.255,2,18.9,2,0.059000000000000004,2
P23,2,724.0,2,3.4634,2,0.43,2,27.256,2,18.8,2,0.059000000000000004,2
P23,2,725.0,2,3.4622,2,0.43,2,27.2565,2,18.6,2,0.059000000000000004,2
P23,2,726.0,2,3.4614,2,0.43,2,27.2569,2,18.7,2,0.059000000000000004,2
P23,2,727.0,2,3.4572,2,0.43,2,27.2585,2,18.7,2,0.059000000000000004,2
P23,2,728.5,2,3.4528,2,0.43,2,27.2602,2,18.6,2,0.059000000000000004,2
P23,2,729.0,2,3.4505,2,0.43,2,27.2613,2,18.7,2,0.059000000000000004,2
P23,2,730.0,2,3.449,2,0.43,2,27.2618,2,18.6,2,0.059000000000000004,2
P23,2,731.1,2,3.4452,2,0.43,2,27.2631,2,18.5,2,0.059000000000000004,2
P23,2,732.0,2,3.4427,2,0.43,2,27.2638,2,18.6,2,0.059000000000000004,2
P23,2,733.0,2,3.4394,2,0.43,2,27.2652,2,18.5,2,0.059000000000000004,2
P23,2,734.0,2,3.4387,2,0.43,2,27.2653,2,18.6,2,0.059000000000000004,2
P23,2,735.0,2,3.4385,2,0.43,2,27.2655,2,18.6,2,0.059000000000000004,2
P23,2,736.0,2,3.4382,2,0.43,2,27.2656,2,18.5,2,0.059000000000000004,2
P23,2,737.0,2,3.4379,2,0.42,2,27.2657,2,18.3,2,0.06,2
P23,2,738.0,2,3.4377,2,0.42,2,27.2659,2,18.4,2,0.061,2
P23,2,739.0,2,3.4373,2,0.43,2,27.266,2,18.5,2,0.059000000000000004,2
P23,2,740.0,2,3.4369,2,0.43,2,27.2661,2,18.6,2,0.057999999999999996,2
P23,2,741.1,2,3.4367,2,0.43,2,27.2662,2,18.5,2,0.061,2
P23,2,741.9,2,3.4365,2,0.43,2,27.2663,2,18.6,2,0.059000000000000004,2
P23,2,743.0,2,3.4356,2,0.43,2,27.2666,2,18.5,2,0.059000000000000004,2
P23,2,743.9,2,3.4348,2,0.43,2,27.2668,2,18.5,2,0.059000000000000004,2
P23,2,745.0,2,3.4324,2,0.43,2,27.2679,2,18.6,2,0.059000000000000004,2
P23,2,746.0,2,3.4309,2,0.43,2,27.2684,2,18.6,2,0.057999999999999996,2
P23,2,747.0,2,3.4288,2,0.43,2,27.2692,2,18.5,2,0.059000000000000004,2
P23,2,748.0,2,3.4261,2,0.43,2,27.2702,2,18.5,2,0.059000000000000004,2
P23,2,749.0,2,3.4233,2,0.43,2,27.2713,2,18.5,2,0.059000000000000004,2
P23,2,750.0,2,3.4179,2,0.43,2,27.273000000000003,2,18.6,2,0.06,2
P23,2,751.0,2,3.4163,2,0.43,2,27.2736,2,18.6,2,0.059000000000000004,2
P23,2,752.0,2,3.4143,2,0.42,2,27.2742,2,18.3,2,0.059000000000000004,2
P23,2,753.0,2,3.4131,2,0.42,2,27.2745,2,18.3,2,0.059000000000000004,2
P23,2,754.0,2,3.4123,2,0.42,2,27.2747,2,18.4,2,0.059000000000000004,2
P23,2,755.0,2,3.4113,2,0.43,2,27.2751,2,18.5,2,0.059000000000000004,2
P23,2,756.0,2,3.4104,2,0.43,2,27.2755,2,18.5,2,0.057999999999999996,2
P23,2,756.6,2,3.4097,2,0.43,2,27.2757,2,18.5,2,0.059000000000000004,2
P23,2,758.0,2,3.4103,2,0.42,2,27.2757,2,18.4,2,0.061,2
P23,2,759.0,2,3.4092,2,0.43,2,27.2759,2,18.6,2,0.059000000000000004,2
P23,2,760.0,2,3.4078,2,0.43,2,27.2763,2,18.6,2,0.059000000000000004,2
P23,2,761.0,2,3.4055,2,0.42,2,27.276999999999997,2,18.4,2,0.059000000000000004,2
P23,2,762.0,2,3.4029,2,0.43,2,27.2779,2,18.5,2,0.06,2
P23,2,763.0,2,3.398,2,0.43,2,27.2795,2,18.6,2,0.06,2
P23,2,764.0,2,3.3952,2,0.42,2,27.2806,2,18.4,2,0.06,2
P23,2,765.0,2,3.3919,2,0.42,2,27.2818,2,18.4,2,0.062,2
P23,2,766.0,2,3.3845,2,0.43,2,27.2843,2,18.5,2,0.061,2
P23,2,767.0,2,3.3821,2,0.43,2,27.2852,2,18.5,2,0.061,2
P23,2,768.0,2,3.3787,2,0.42,2,27.2861,2,18.3,2,0.061,2
P23,2,770.0,2,3.3785,2,0.42,2,27.2862,2,18.3,2,0.059000000000000004,2
P23,2,771.0,2,3.3784,2,0.42,2,27.2863,2,18.3,2,0.059000000000000004,2
P23,2,772.0,2,3.3786,2,0.43,2,27.2861,2,18.5,2,0.059000000000000004,2
P23,2,773.0,2,3.3785,2,0.43,2,27.2862,2,18.5,2,0.059000000000000004,2
P23,2,774.0,2,3.3781,2,0.42,2,27.2864,2,18.4,2,0.061,2
P23,2,775.0,2,3.3761,2,0.42,2,27.2869,2,18.3,2,0.059000000000000004,2
P23,2,776.0,2,3.3749,2,0.42,2,27.2875,2,18.4,2,0.059000000000000004,2
P23,2,777.0,2,3.3725,2,0.43,2,27.2882,2,18.5,2,0.06,2
P23,2,778.1,2,3.3691,2,0.43,2,27.2892,2,18.5,2,0.059000000000000004,2
P23,2,779.0,2,3.367,2,0.42,2,27.29,2,18.3,2,0.059000000000000004,2
P23,2,780.0,2,3.3639,2,0.42,2,27.2911,2,18.3,2,0.059000000000000004,2
P23,2,781.0,2,3.3626,2,0.42,2,27.2915,2,18.4,2,0.059000000000000004,2
P23,2,782.0,2,3.3613,2,0.42,2,27.2917,2,18.3,2,0.059000000000000004,2
P23,2,783.0,2,3.3604,2,0.42,2,27.2922,2,18.2,2,0.059000000000000004,2
P23,2,784.0,2,3.3577,2,0.42,2,27.293000000000003,2,18.3,2,0.061,2
P23,2,785.0,2,3.3559,2,0.42,2,27.2937,2,18.3,2,0.06,2
P23,2,786.0,2,3.3507,2,0.42,2,27.2953,2,18.4,2,0.059000000000000004,2
P23,2,788.0,2,3.3439,2,0.43,2,27.2977,2,18.5,2,0.055999999999999994,2
P23,2,789.0,2,3.3414,2,0.43,2,27.2984,2,18.5,2,0.059000000000000004,2
P23,2,790.0,2,3.3389,2,0.43,2,27.2991,2,18.5,2,0.057999999999999996,2
P23,2,791.0,2,3.3371,2,0.43,2,27.2996,2,18.5,2,0.059000000000000004,2
P23,2,792.0,2,3.3324,2,0.43,2,27.3012,2,18.5,2,0.059000000000000004,2
P23,2,793.0,2,3.3299,2,0.42,2,27.302,2,18.4,2,0.059000000000000004,2
P23,2,794.0,2,3.3289,2,0.42,2,27.3024,2,18.4,2,0.06,2
P23,2,795.0,2,3.3284,2,0.42,2,27.3026,2,18.4,2,0.059000000000000004,2
P23,2,796.0,2,3.3275,2,0.42,2,27.3028,2,18.4,2,0.059000000000000004,2
P23,2,797.0,2,3.3239,2,0.43,2,27.304000000000002,2,18.5,2,0.059000000000000004,2
P23,2,798.0,2,3.3212,2,0.43,2,27.3049,2,18.6,2,0.059000000000000004,2
P23,2,799.0,2,3.3211,2,0.43,2,27.3049,2,18.5,2,0.059000000000000004,2
P23,2,800.0,2,3.3191,2,0.42,2,27.305999999999997,2,18.3,2,0.059000000000000004,2
P23,2,800.9,2,3.3168,2,0.42,2,27.3069,2,18.3,2,0.059000000000000004,2
P23,2,802.2,2,3.3142,2,0.42,2,27.3076,2,18.3,2,0.059000000000000004,2
P23,2,803.0,2,3.3125,2,0.42,2,27.3083,2,18.3,2,0.059000000000000004,2
P23,2,804.0,2,3.3118,2,0.43,2,27.3084,2,18.5,2,0.059000000000000004,2
P23,2,805.0,2,3.3105,2,0.42,2,27.309,2,18.4,2,0.06,2
P23,2,806.0,2,3.3096,2,0.43,2,27.3093,2,18.5,2,0.06,2
P23,2,807.2,2,3.3086,2,0.42,2,27.3096,2,18.4,2,0.06,2
P23,2,808.0,2,3.3080000000000003,2,0.43,2,27.3102,2,18.5,2,0.059000000000000004,2
P23,2,809.0,2,3.3071,2,0.42,2,27.3106,2,18.4,2,0.059000000000000004,2
P23,2,810.0,2,3.306,2,0.42,2,27.3108,2,18.3,2,0.059000000000000004,2
P23,2,811.0,2,3.3042,2,0.42,2,27.3114,2,18.3,2,0.059000000000000004,2
P23,2,812.0,2,3.3018,2,0.42,2,27.3123,2,18.4,2,0.059000000000000004,2
P23,2,813.0,2,3.2998,2,0.42,2,27.3128,2,18.4,2,0.059000000000000004,2
P23,2,814.0,2,3.2974,2,0.42,2,27.3139,2,18.4,2,0.06,2
P23,2,814.6,2,3.2975,2,0.43,2,27.314,2,18.5,2,0.059000000000000004,2
P23,2,816.1,2,3.2968,2,0.42,2,27.3139,2,18.3,2,0.059000000000000004,2
P23,2,817.0,2,3.2963,2,0.42,2,27.3141,2,18.4,2,0.057,2
P23,2,818.0,2,3.2959,2,0.42,2,27.3143,2,18.3,2,0.059000000000000004,2
P23,2,819.0,2,3.2952,2,0.42,2,27.3144,2,18.3,2,0.059000000000000004,2
P23,2,820.0,2,3.2933,2,0.42,2,27.3151,2,18.3,2,0.059000000000000004,2
P23,2,821.0,2,3.2924,2,0.42,2,27.3154,2,18.3,2,0.059000000000000004,2
P23,2,822.0,2,3.2919,2,0.42,2,27.3157,2,18.4,2,0.059000000000000004,2
P23,2,823.0,2,3.2911,2,0.42,2,27.3159,2,18.3,2,0.059000000000000004,2
P23,2,824.0,2,3.2903,2,0.42,2,27.3162,2,18.1,2,0.059000000000000004,2
P23,2,825.0,2,3.2896,2,0.41,2,27.3171,2,18.0,2,0.059000000000000004,2
P23,2,825.8,2,3.2885,2,0.42,2,27.3177,2,18.1,2,0.057999999999999996,2
P23,2,827.3,2,3.287,2,0.42,2,27.3181,2,18.1,2,0.059000000000000004,2
P23,2,828.0,2,3.2813,2,0.41,2,27.3199,2,18.0,2,0.059000000000000004,2
P23,2,829.0,2,3.2762,2,0.41,2,27.3215,2,18.0,2,0.06,2
P23,2,830.0,2,3.2751,2,0.41,2,27.3216,2,18.0,2,0.059000000000000004,2
P23,2,831.0,2,3.2748,2,0.41,2,27.3217,2,17.8,2,0.059000000000000004,2
P23,2,832.0,2,3.2752,2,0.4,2,27.3233,2,17.4,2,0.059000000000000004,2
P23,2,833.0,2,3.2749,2,0.4,2,27.3237,2,17.3,2,0.057999999999999996,2
P23,2,834.0,2,3.2734,2,0.4,2,27.324,2,17.2,2,0.06,2
P23,2,835.0,2,3.2706,2,0.4,2,27.3248,2,17.3,2,0.055999999999999994,2
P23,2,836.0,2,3.2697,2,0.4,2,27.3251,2,17.3,2,0.059000000000000004,2
P23,2,837.0,2,3.2689999999999997,2,0.4,2,27.3253,2,17.3,2,0.059000000000000004,2
P23,2,838.0,2,3.2676,2,0.4,2,27.3259,2,17.3,2,0.059000000000000004,2
P23,2,839.0,2,3.2652,2,0.4,2,27.3266,2,17.2,2,0.059000000000000004,2
P23,2,840.0,2,3.2622,2,0.4,2,27.3273,2,17.2,2,0.059000000000000004,2
P23,2,841.0,2,3.2608,2,0.4,2,27.3275,2,17.2,2,0.059000000000000004,2
P23,2,842.0,2,3.261,2,0.4,2,27.3276,2,17.4,2,0.059000000000000004,2
P23,2,842.9,2,3.2613,2,0.4,2,27.3276,2,17.3,2,0.059000000000000004,2
P23,2,846.0,2,3.2576,2,0.4,2,27.3284,2,17.3,2,0.059000000000000004,2
P23,2,847.0,2,3.2562,2,0.4,2,27.3288,2,17.6,2,0.059000000000000004,2
P23,2,848.0,2,3.2525,2,0.4,2,27.3298,2,17.5,2,0.059000000000000004,2
P23,2,849.0,2,3.2513,2,0.4,2,27.3303,2,17.3,2,0.059000000000000004,2
P23,2,850.0,2,3.2510000000000003,2,0.4,2,27.3304,2,17.2,2,0.059000000000000004,2
P23,2,851.0,2,3.2506,2,0.4,2,27.3307,2,17.4,2,0.06,2
P23,2,851.5,2,3.2504,2,0.4,2,27.3308,2,17.3,2,0.059000000000000004,2
P23,2,853.3,2,3.2519,2,0.39,2,27.3309,2,16.8,2,0.059000000000000004,2
P23,2,854.0,2,3.2516,2,0.38,2,27.3313,2,16.7,2,0.059000000000000004,2
P23,2,855.0,2,3.2502,2,0.38,2,27.3318,2,16.6,2,0.059000000000000004,2
P23,2,856.0,2,3.2481,2,0.38,2,27.3325,2,16.5,2,0.059000000000000004,2
P23,2,857.0,2,3.2483,2,0.38,2,27.3329,2,16.4,2,0.059000000000000004,2
P23,2,858.0,2,3.2481,2,0.37,2,27.3331,2,16.2,2,0.059000000000000004,2
P23,2,859.0,2,3.2475,2,0.37,2,27.3332,2,16.1,2,0.059000000000000004,2
P23,2,860.0,2,3.2474,2,0.37,2,27.3334,2,16.3,2,0.059000000000000004,2
P23,2,861.0,2,3.2471,2,0.37,2,27.3336,2,16.2,2,0.06,2
P23,2,862.0,2,3.2464,2,0.37,2,27.3338,2,16.2,2,0.059000000000000004,2
P23,2,862.6,2,3.2453,2,0.37,2,27.3342,2,16.1,2,0.059000000000000004,2
P23,2,864.1,2,3.2448,2,0.37,2,27.3347,2,16.0,2,0.059000000000000004,2
P23,2,865.0,2,3.2443,2,0.36,2,27.3351,2,15.8,2,0.059000000000000004,2
P23,2,866.0,2,3.2431,2,0.35,2,27.3357,2,15.4,2,0.06,2
P23,2,867.0,2,3.242,2,0.35,2,27.3365,2,15.2,2,0.06,2
P23,2,868.0,2,3.2405,2,0.35,2,27.3369,2,15.2,2,0.059000000000000004,2
P23,2,869.0,2,3.2404,2,0.35,2,27.3369,2,15.2,2,0.059000000000000004,2
P23,2,870.0,2,3.2402,2,0.35,2,27.3367,2,15.3,2,0.059000000000000004,2
P23,2,871.0,2,3.2379,2,0.35,2,27.3373,2,15.3,2,0.059000000000000004,2
P23,2,872.0,2,3.2364,2,0.35,2,27.3377,2,15.3,2,0.059000000000000004,2
P23,2,873.0,2,3.2345,2,0.35,2,27.3382,2,15.3,2,0.059000000000000004,2
P23,2,874.0,2,3.2333,2,0.35,2,27.3386,2,15.4,2,0.059000000000000004,2
P23,2,874.9,2,3.2316,2,0.36,2,27.339000000000002,2,15.5,2,0.059000000000000004,2
P23,2,876.2,2,3.2308,2,0.35,2,27.3394,2,15.3,2,0.059000000000000004,2
P23,2,877.0,2,3.2307,2,0.35,2,27.3396,2,15.2,2,0.059000000000000004,2
P23,2,878.0,2,3.2297,2,0.35,2,27.3397,2,15.2,2,0.06,2
P23,2,879.0,2,3.2282,2,0.34,2,27.34,2,14.9,2,0.06,2
P23,2,880.0,2,3.2257,2,0.34,2,27.340999999999998,2,15.0,2,0.059000000000000004,2
P23,2,881.0,2,3.2242,2,0.34,2,27.3416,2,14.8,2,0.059000000000000004,2
P23,2,882.0,2,3.2208,2,0.34,2,27.3424,2,14.9,2,0.059000000000000004,2
P23,2,883.0,2,3.218,2,0.34,2,27.3433,2,14.8,2,0.059000000000000004,2
P23,2,883.8,2,3.2151,2,0.34,2,27.344,2,15.0,2,0.059000000000000004,2
P23,2,885.3,2,3.2121,2,0.34,2,27.3452,2,14.7,2,0.065,2
P23,2,886.0,2,3.2113,2,0.34,2,27.3451,2,14.8,2,0.061,2
P23,2,887.0,2,3.2102,2,0.34,2,27.3454,2,14.6,2,0.059000000000000004,2
P23,2,888.0,2,3.2093,2,0.34,2,27.3457,2,14.7,2,0.059000000000000004,2
P23,2,889.0,2,3.2071,2,0.34,2,27.3464,2,14.6,2,0.059000000000000004,2
P23,2,890.0,2,3.2041,2,0.34,2,27.3473,2,14.7,2,0.061,2
P23,2,890.9,2,3.2006,2,0.34,2,27.3482,2,14.6,2,0.059000000000000004,2
P23,2,894.0,2,3.1999,2,0.33,2,27.3484,2,14.2,2,0.059000000000000004,2
P23,2,895.0,2,3.1987,2,0.33,2,27.3491,2,14.2,2,0.061,2
P23,2,896.0,2,3.1972,2,0.33,2,27.3494,2,14.2,2,0.059000000000000004,2
P23,2,897.0,2,3.1956,2,0.33,2,27.3498,2,14.4,2,0.059000000000000004,2
P23,2,898.0,2,3.1935,2,0.33,2,27.3504,2,14.4,2,0.059000000000000004,2
P23,2,899.0,2,3.1922,2,0.33,2,27.3507,2,14.4,2,0.059000000000000004,2
P23,2,900.0,2,3.1908,2,0.33,2,27.351,2,14.3,2,0.059000000000000004,2
P23,2,901.0,2,3.1876,2,0.33,2,27.3518,2,14.3,2,0.061,2
P23,2,902.0,2,3.187,2,0.33,2,27.3521,2,14.2,2,0.059000000000000004,2
P23,2,903.0,2,3.1863,2,0.33,2,27.3522,2,14.2,2,0.059000000000000004,2
P23,2,903.8,2,3.1857,2,0.33,2,27.3525,2,14.3,2,0.059000000000000004,2
P23,2,906.1,2,3.1842,2,0.32,2,27.3529,2,14.1,2,0.059000000000000004,2
P23,2,907.0,2,3.1830000000000003,2,0.32,2,27.3532,2,14.1,2,0.059000000000000004,2
P23,2,908.0,2,3.1821,2,0.32,2,27.3536,2,14.1,2,0.059000000000000004,2
P23,2,909.0,2,3.1806,2,0.32,2,27.3541,2,13.9,2,0.059000000000000004,2
P23,2,910.0,2,3.1763,2,0.32,2,27.3554,2,13.8,2,0.059000000000000004,2
P23,2,911.0,2,3.174,2,0.32,2,27.3559,2,13.9,2,0.059000000000000004,2
P23,2,912.0,2,3.1732,2,0.32,2,27.355999999999998,2,13.7,2,0.059000000000000004,2
P23,2,913.0,2,3.1705,2,0.32,2,27.3569,2,13.9,2,0.059000000000000004,2
P23,2,914.0,2,3.1687,2,0.31,2,27.3573,2,13.7,2,0.059000000000000004,2
P23,2,915.0,2,3.1669,2,0.32,2,27.3576,2,13.9,2,0.059000000000000004,2
P23,2,915.9,2,3.1646,2,0.32,2,27.3581,2,13.9,2,0.059000000000000004,2
P23,2,918.4,2,3.1625,2,0.32,2,27.359,2,14.0,2,0.059000000000000004,2
P23,2,919.0,2,3.1606,2,0.32,2,27.3594,2,13.9,2,0.059000000000000004,2
P23,2,920.0,2,3.1595,2,0.32,2,27.3596,2,14.0,2,0.059000000000000004,2
P23,2,921.0,2,3.1559,2,0.32,2,27.3606,2,13.9,2,0.059000000000000004,2
P23,2,922.0,2,3.1543,2,0.31,2,27.3609,2,13.6,2,0.061,2
P23,2,923.0,2,3.1515,2,0.31,2,27.3617,2,13.6,2,0.059000000000000004,2
P23,2,924.0,2,3.1497,2,0.31,2,27.3622,2,13.6,2,0.06,2
P23,2,925.0,2,3.1460000000000004,2,0.31,2,27.3631,2,13.4,2,0.059000000000000004,2
P23,2,926.0,2,3.142,2,0.31,2,27.3643,2,13.3,2,0.059000000000000004,2
P23,2,927.0,2,3.1415,2,0.31,2,27.3645,2,13.4,2,0.059000000000000004,2
P23,2,928.1,2,3.1385,2,0.31,2,27.3655,2,13.3,2,0.059000000000000004,2
P23,2,929.0,2,3.1339,2,0.31,2,27.3665,2,13.3,2,0.057999999999999996,2
P23,2,930.0,2,3.1328,2,0.31,2,27.3666,2,13.4,2,0.059000000000000004,2
P23,2,931.0,2,3.1307,2,0.31,2,27.3671,2,13.4,2,0.059000000000000004,2
P23,2,932.0,2,3.1278,2,0.31,2,27.3677,2,13.5,2,0.059000000000000004,2
P23,2,933.0,2,3.1245,2,0.31,2,27.3686,2,13.6,2,0.059000000000000004,2
P23,2,934.0,2,3.1231,2,0.31,2,27.3692,2,13.5,2,0.059000000000000004,2
P23,2,935.0,2,3.1205,2,0.31,2,27.3697,2,13.4,2,0.059000000000000004,2
P23,2,936.0,2,3.1166,2,0.31,2,27.3708,2,13.5,2,0.059000000000000004,2
P23,2,937.0,2,3.1118,2,0.31,2,27.3719,2,13.5,2,0.059000000000000004,2
P23,2,938.0,2,3.1084,2,0.32,2,27.3726,2,13.8,2,0.061,2
P23,2,939.0,2,3.1028,2,0.32,2,27.3739,2,13.9,2,0.06,2
P23,2,940.0,2,3.1016,2,0.32,2,27.3742,2,13.7,2,0.059000000000000004,2
P23,2,941.0,2,3.0998,2,0.32,2,27.3748,2,13.7,2,0.059000000000000004,2
P23,2,942.0,2,3.0984,2,0.31,2,27.375,2,13.6,2,0.06,2
P23,2,944.0,2,3.0942,2,0.32,2,27.3762,2,13.8,2,0.059000000000000004,2
P23,2,945.0,2,3.0915,2,0.31,2,27.377,2,13.6,2,0.061,2
P23,2,946.0,2,3.0896,2,0.31,2,27.3774,2,13.6,2,0.059000000000000004,2
P23,2,947.0,2,3.088,2,0.31,2,27.3779,2,13.6,2,0.059000000000000004,2
P23,2,948.0,2,3.0842,2,0.31,2,27.379,2,13.5,2,0.059000000000000004,2
P23,2,949.0,2,3.0831,2,0.31,2,27.3792,2,13.5,2,0.059000000000000004,2
P23,2,950.0,2,3.0817,2,0.31,2,27.3796,2,13.7,2,0.059000000000000004,2
P23,2,950.6,2,3.0802,2,0.31,2,27.38,2,13.6,2,0.059000000000000004,2
P23,2,952.1,2,3.0774,2,0.31,2,27.3809,2,13.4,2,0.055999999999999994,2
P23,2,953.0,2,3.0735,2,0.31,2,27.3817,2,13.4,2,0.059000000000000004,2
P23,2,954.0,2,3.0727,2,0.31,2,27.3819,2,13.5,2,0.059000000000000004,2
P23,2,955.0,2,3.0687,2,0.31,2,27.383000000000003,2,13.6,2,0.057999999999999996,2
P23,2,956.0,2,3.0652,2,0.31,2,27.3841,2,13.3,2,0.057999999999999996,2
P23,2,957.0,2,3.0618,2,0.3,2,27.385,2,13.2,2,0.059000000000000004,2
P23,2,958.0,2,3.0610000000000004,2,0.3,2,27.3851,2,13.1,2,0.059000000000000004,2
P23,2,959.0,2,3.0594,2,0.31,2,27.3856,2,13.3,2,0.059000000000000004,2
P23,2,960.0,2,3.0586,2,0.31,2,27.3858,2,13.3,2,0.059000000000000004,2
P23,2,961.0,2,3.0575,2,0.3,2,27.3861,2,13.2,2,0.061,2
P23,2,962.0,2,3.0565,2,0.3,2,27.3864,2,13.2,2,0.059000000000000004,2
P23,2,962.9,2,3.0544,2,0.3,2,27.3869,2,13.2,2,0.059000000000000004,2
P23,2,964.4,2,3.0521,2,0.31,2,27.3877,2,13.4,2,0.059000000000000004,2
P23,2,965.0,2,3.0514,2,0.31,2,27.3879,2,13.3,2,0.059000000000000004,2
P23,2,966.0,2,3.0506,2,0.31,2,27.388,2,13.3,2,0.059000000000000004,2
P23,2,967.0,2,3.0474,2,0.3,2,27.3889,2,13.0,2,0.057,2
P23,2,968.0,2,3.0447,2,0.31,2,27.3894,2,13.3,2,0.061,2
P23,2,969.0,2,3.0426,2,0.31,2,27.3899,2,13.3,2,0.059000000000000004,2
P23,2,970.0,2,3.0406,2,0.31,2,27.3905,2,13.3,2,0.059000000000000004,2
P23,2,971.0,2,3.0399,2,0.3,2,27.3908,2,13.2,2,0.059000000000000004,2
P23,2,972.0,2,3.0380000000000003,2,0.3,2,27.3912,2,13.1,2,0.059000000000000004,2
P23,2,973.0,2,3.0347,2,0.3,2,27.3921,2,13.0,2,0.059000000000000004,2
P23,2,974.0,2,3.0336,2,0.3,2,27.3925,2,12.9,2,0.059000000000000004,2
P23,2,975.0,2,3.0318,2,0.3,2,27.3931,2,13.0,2,0.059000000000000004,2
P23,2,976.0,2,3.0308,2,0.3,2,27.3935,2,13.1,2,0.059000000000000004,2
P23,2,978.0,2,3.0277,2,0.3,2,27.3943,2,13.0,2,0.059000000000000004,2
P23,2,979.0,2,3.0264,2,0.3,2,27.3946,2,12.9,2,0.059000000000000004,2
P23,2,980.0,2,3.0252,2,0.29,2,27.395,2,12.7,2,0.06,2
P23,2,981.0,2,3.0241,2,0.29,2,27.3954,2,12.7,2,0.059000000000000004,2
P23,2,982.0,2,3.0227,2,0.29,2,27.3959,2,12.6,2,0.059000000000000004,2
P23,2,983.4,2,3.0227,2,0.29,2,27.3963,2,12.6,2,0.059000000000000004,2
P23,2,984.0,2,3.0224,2,0.28,2,27.3964,2,12.4,2,0.059000000000000004,2
P23,2,985.0,2,3.0212,2,0.28,2,27.3967,2,12.3,2,0.059000000000000004,2
P23,2,986.0,2,3.0197,2,0.28,2,27.3972,2,12.3,2,0.06,2
P23,2,987.0,2,3.0177,2,0.28,2,27.3978,2,12.2,2,0.059000000000000004,2
P23,2,988.0,2,3.0142,2,0.28,2,27.3986,2,12.3,2,0.059000000000000004,2
P23,2,989.0,2,3.0117,2,0.29,2,27.3991,2,12.5,2,0.059000000000000004,2
P23,2,990.0,2,3.0094,2,0.28,2,27.3996,2,12.4,2,0.059000000000000004,2
P23,2,991.0,2,3.0081,2,0.29,2,27.3999,2,12.4,2,0.059000000000000004,2
P23,2,992.0,2,3.0069999999999997,2,0.29,2,27.4002,2,12.5,2,0.059000000000000004,2
P23,2,993.0,2,3.0057,2,0.28,2,27.4006,2,12.3,2,0.059000000000000004,2
P23,2,994.0,2,3.0052,2,0.28,2,27.4007,2,12.4,2,0.059000000000000004,2
P23,2,995.0,2,3.0043,2,0.28,2,27.401,2,12.4,2,0.059000000000000004,2
P23,2,996.0,2,3.0031,2,0.28,2,27.4012,2,12.4,2,0.059000000000000004,2
P23,2,997.0,2,3.0008,2,0.29,2,27.4017,2,12.5,2,0.059000000000000004,2
P23,2,998.0,2,3.0,2,0.29,2,27.4019,2,12.5,2,0.059000000000000004,2
P23,2,999.0,2,2.9981,2,0.29,2,27.4023,2,12.6,2,0.059000000000000004,2
P23,2,1000.0,2,2.9973,2,0.29,2,27.4025,2,12.6,2,0.059000000000000004,2
P23,2,1001.0,2,2.9946,2,0.29,2,27.4032,2,12.4,2,0.059000000000000004,2
P23,2,1002.0,2,2.9938,2,0.29,2,27.4035,2,12.6,2,0.057999999999999996,2
P23,2,1003.0,2,2.9929,2,0.29,2,27.4038,2,12.6,2,0.059000000000000004,2
P23,2,1004.1,2,2.9911,2,0.29,2,27.4044,2,12.7,2,0.059000000000000004,2
P23,2,1004.6,2,2.9901,2,0.29,2,27.4047,2,12.6,2,0.059000000000000004,2
P23,2,1006.1,2,2.9887,2,0.29,2,27.4049,2,12.7,2,0.059000000000000004,2
P23,2,1007.0,2,2.9874,2,0.29,2,27.4051,2,12.6,2,0.059000000000000004,2
P23,2,1007.9,2,2.9875,2,0.29,2,27.4051,2,12.6,2,0.059000000000000004,2
END_DATA
