CTD,20190304CCHSIOLMM
#-----------------------------------------------------------------------------------------------------------,,,,,,,,,,,,,,,,,
#Transmissivity Fluorescence and PAR are nominal and unedited except that some records were removed in editing temperature and salinity.,,,,,,,,,,,,,,,,,
#,,,,,,,,,,,,,,,,,
#COMMENTS FOR FILES 0001 TO 0040:,,,,,,,,,,,,,,,,,
#The Oxygen:Dissolved:CTD data for this cruise were recalibrated in three steps.,,,,,,,,,,,,,,,,,
#The first correction was applied to data from above 1400 dbar and to all of cast 0040.,,,,,,,,,,,,,,,,,
#The second was applied to data below 1400 dbar from casts 0015 to 0038.,,,,,,,,,,,,,,,,,
#The final correction was applied to all data. ,,,,,,,,,,,,,,,,,
#,,,,,,,,,,,,,,,,,
#Oxygen:Dissolved:CTD data below 1400 dbar are very noisy and are considered less reliable because of the noisy signal; the limitations in the calibration; and because it was impossible to fine-tune the configuration parameters to get the best possible deep data; so there may be some hysteresis.,,,,,,,,,,,,,,,,,
#,,,,,,,,,,,,,,,,,
#The Oxygen:Dissolved:CTD data should be considered:,,,,,,,,,,,,,,,,,
#      • ±0.4 ml/l from 0 to 200 dbar,,,,,,,,,,,,,,,,,
#      • ±0.1 ml/l from 200 to 500 dbar,,,,,,,,,,,,,,,,,
#      • ±0.04 ml/l from 500 to 1500 dbar,,,,,,,,,,,,,,,,,
#      • ±0.2 ml/l below 1500 dbar,,,,,,,,,,,,,,,,,
#,,,,,,,,,,,,,,,,,
#COMMENTS FOR FILES 0046 TO 0060:,,,,,,,,,,,,,,,,,
#There were no bottle samples available to recalibrate the dissolved oxygen sensor used for this cast. ,,,,,,,,,,,,,,,,,
#Recalibration was based only on an inter-comparison of repeat casts at station P26; one with sensor #0997 (used for casts 0001 to 0040) and two with sensor #1119 (used for casts 0046 to 0060). ,,,,,,,,,,,,,,,,,
#The casts were separated in time by 4 to 6 hours.,,,,,,,,,,,,,,,,,
#Temporal variations were found to be very large between 100 and 700 dbar during repeat casts using a single sensor so the inter-comparison of sensors was limited to the mixed layer from 0 to 100 dbar and below 700 dbar. ,,,,,,,,,,,,,,,,,
#This limits the range included in the fit to high and low values.,,,,,,,,,,,,,,,,,
#A final calibration applied was based on studies of sensor #0997.,,,,,,,,,,,,,,,,,
#,,,,,,,,,,,,,,,,,
#The comparisons in areas of low Oxygen:Dissolved gradients suggest that this sensor performed well. ,,,,,,,,,,,,,,,,,
#A rough estimate suggests that the data is likely to be within:,,,,,,,,,,,,,,,,,
#      • ±0.4 ml/l from 0 to 200 dbar,,,,,,,,,,,,,,,,,
#      • ±0.2 ml/l below 200 dbar,,,,,,,,,,,,,,,,,
#,,,,,,,,,,,,,,,,,
#Transmissometer #1005DR was calibrated in March 2008 and drifted significantly but steadily until July 2009. ,,,,,,,,,,,,,,,,,
#Then a sudden shift occurred so that maximum values between September 2009 and July 2010 were very low by about 25 %/m. ,,,,,,,,,,,,,,,,,
#In August 2010 a study was made of transmissivity that led to a decision to apply post-processing corrections to all cruises between March 2008 and June 2010.,,,,,,,,,,,,,,,,,
#,,,,,,,,,,,,,,,,,
#Transmissivity data from this cruise were corrected by multiplying the original values by a correction factor which was based on assumptions that deep offshore transmissivity from a June 2009 cruise should be about 62 %/m and that drift was linear with time between March 2008 and July 2009. ,,,,,,,,,,,,,,,,,
#The corrections produced reasonable results for all cruises in that time period. ,,,,,,,,,,,,,,,,,
#,,,,,,,,,,,,,,,,,
#For details on the transmissometer post-processing see: Transmissometer_1005DR_Corrections.pdf.,,,,,,,,,,,,,,,,,
#,,,,,,,,,,,,,,,,,
#These data should still be considered nominal.,,,,,,,,,,,,,,,,,
#---------------------------------------------------------------------------------------------------,,,,,,,,,,,,,,,,,
#For details on the processing see file 2009-03-proc.pdf.,,,,,,,,,,,,,,,,,
#---------------------------------------------------------------------------------------------------,,,,,,,,,,,,,,,,,
#,,,,,,,,,,,,,,,,,
#File Name,Zone,FIL:START TIME YYYY/MM/DD, HH:MM,LOC:EVENT_NUMBER,LOC:LATITUDE,LOC:LONGITUDE,LOC:STATION,Pressure:CTD [dbar],Temperature:CTD [deg_C_(ITS90)],Salinity:Practical:CTD [PSS-78],Sigma-t:CTD [kg/m^3],Transmissivity:CTD [*/m],Oxygen:Dissolved:CTD:Volume [ml/l],Oxygen:Dissolved:CTD:Mass [µmol/kg],Fluorescence:CTD [mg/m^3],PAR:CTD [µE/m^2/sec],
#,,,,,,,,,,,,,,,,,
NUMBER_HEADERS = 8
EXPOCODE = 18DD20090127
STNBR = P20
CASTNO = 1
DATE = 02/02/2009
TIME =  23:40
LATITUDE = 49.56733
LONGITUDE = -138.66683999999998
CTDPRS,CTDPRS_FLAG_W,CTDTMP,CTDTMP_FLAG_W,CTDSAL,CTDSAL_FLAG_W,CTDOXY,CTDOXY_FLAG_W,CTDXMISS,CTDXMISS_FLAG_W,CTDFLUOR,CTDFLUOR_FLAG_W,PAR,PAR_FLAG_W
DBAR,,ITS-90,,PSS-78,,UMOL/KG,,,,MG/M^3,,UE/m^2/sec,
P20,2,2.2,2,6.3929,2,6.9,2,25.5173,2,300.5,2,0.815,2
P20,2,3.0,2,6.3907,2,6.91,2,25.5247,2,300.8,2,0.8140000000000001,2
P20,2,4.0,2,6.3898,2,6.92,2,25.5277,2,301.1,2,0.792,2
P20,2,5.0,2,6.3898,2,6.91,2,25.5281,2,301.0,2,0.779,2
P20,2,6.1,2,6.3892,2,6.91,2,25.5288,2,300.9,2,0.7829999999999999,2
P20,2,6.9,2,6.3886,2,6.91,2,25.5292,2,300.9,2,0.8270000000000001,2
P20,2,8.0,2,6.3861,2,6.91,2,25.5302,2,300.6,2,0.8079999999999999,2
P20,2,9.0,2,6.3848,2,6.89,2,25.5307,2,299.9,2,0.807,2
P20,2,10.0,2,6.382999999999999,2,6.88,2,25.5313,2,299.5,2,0.792,2
P20,2,11.0,2,6.3819,2,6.88,2,25.5317,2,299.4,2,0.7959999999999999,2
P20,2,12.0,2,6.3811,2,6.89,2,25.5319,2,299.8,2,0.774,2
P20,2,13.0,2,6.38,2,6.91,2,25.5324,2,300.6,2,0.773,2
P20,2,14.0,2,6.377999999999999,2,6.92,2,25.5332,2,301.2,2,0.7859999999999999,2
P20,2,15.0,2,6.3755,2,6.92,2,25.534000000000002,2,301.3,2,0.772,2
P20,2,16.0,2,6.3732,2,6.93,2,25.5348,2,301.6,2,0.7929999999999999,2
P20,2,17.0,2,6.3716,2,6.9,2,25.5351,2,300.2,2,0.7879999999999999,2
P20,2,18.0,2,6.3693,2,6.89,2,25.5358,2,300.1,2,0.7959999999999999,2
P20,2,19.0,2,6.3660000000000005,2,6.89,2,25.5367,2,299.7,2,0.794,2
P20,2,20.0,2,6.365,2,6.88,2,25.5369,2,299.5,2,0.7959999999999999,2
P20,2,21.0,2,6.3645,2,6.88,2,25.5369,2,299.6,2,0.8029999999999999,2
P20,2,22.0,2,6.3578,2,6.89,2,25.5385,2,299.8,2,0.785,2
P20,2,23.0,2,6.3556,2,6.89,2,25.5391,2,300.0,2,0.785,2
P20,2,24.0,2,6.3558,2,6.89,2,25.5389,2,300.0,2,0.7709999999999999,2
P20,2,25.0,2,6.351,2,6.9,2,25.5401,2,300.4,2,0.7659999999999999,2
P20,2,26.0,2,6.3484,2,6.91,2,25.5405,2,300.9,2,0.768,2
P20,2,27.1,2,6.3465,2,6.92,2,25.5408,2,301.3,2,0.7829999999999999,2
P20,2,28.1,2,6.3413,2,6.88,2,25.5417,2,299.6,2,0.792,2
P20,2,29.0,2,6.3393,2,6.89,2,25.5422,2,299.9,2,0.8029999999999999,2
P20,2,30.0,2,6.3382,2,6.9,2,25.5424,2,300.2,2,0.802,2
P20,2,31.0,2,6.3348,2,6.9,2,25.543000000000003,2,300.4,2,0.7929999999999999,2
P20,2,32.0,2,6.3337,2,6.91,2,25.5433,2,300.8,2,0.78,2
P20,2,33.0,2,6.3299,2,6.92,2,25.5441,2,301.1,2,0.779,2
P20,2,34.0,2,6.3262,2,6.92,2,25.5448,2,301.4,2,0.785,2
P20,2,35.0,2,6.3255,2,6.93,2,25.5449,2,301.6,2,0.769,2
P20,2,36.0,2,6.325,2,6.93,2,25.5451,2,301.6,2,0.785,2
P20,2,37.0,2,6.3241,2,6.91,2,25.5453,2,301.0,2,0.779,2
P20,2,38.0,2,6.3224,2,6.92,2,25.5456,2,301.3,2,0.7879999999999999,2
P20,2,39.0,2,6.3218,2,6.91,2,25.5458,2,301.0,2,0.777,2
P20,2,40.0,2,6.3216,2,6.91,2,25.5459,2,300.7,2,0.7509999999999999,2
P20,2,41.0,2,6.3211,2,6.91,2,25.5462,2,300.7,2,0.758,2
P20,2,42.0,2,6.3203,2,6.91,2,25.5464,2,300.8,2,0.757,2
P20,2,43.0,2,6.3202,2,6.91,2,25.5465,2,301.0,2,0.754,2
P20,2,44.1,2,6.32,2,6.92,2,25.5468,2,301.4,2,0.7490000000000001,2
P20,2,44.9,2,6.32,2,6.92,2,25.5469,2,301.1,2,0.746,2
P20,2,46.0,2,6.3204,2,6.93,2,25.546999999999997,2,301.5,2,0.759,2
P20,2,47.0,2,6.3208,2,6.92,2,25.5469,2,301.3,2,0.765,2
P20,2,48.0,2,6.3211,2,6.91,2,25.5471,2,301.0,2,0.741,2
P20,2,49.0,2,6.3211,2,6.92,2,25.5473,2,301.2,2,0.733,2
P20,2,50.0,2,6.3209,2,6.93,2,25.5475,2,301.5,2,0.75,2
P20,2,51.0,2,6.3204,2,6.91,2,25.5478,2,301.0,2,0.731,2
P20,2,52.0,2,6.3206,2,6.91,2,25.5477,2,301.0,2,0.7340000000000001,2
P20,2,53.0,2,6.3211,2,6.92,2,25.548000000000002,2,301.4,2,0.732,2
P20,2,54.0,2,6.3211,2,6.92,2,25.5481,2,301.2,2,0.73,2
P20,2,55.0,2,6.3216,2,6.89,2,25.548000000000002,2,300.0,2,0.731,2
P20,2,56.0,2,6.3228,2,6.9,2,25.5483,2,300.2,2,0.727,2
P20,2,57.0,2,6.3233,2,6.9,2,25.5482,2,300.5,2,0.722,2
P20,2,58.0,2,6.3236,2,6.91,2,25.5482,2,300.9,2,0.716,2
P20,2,59.0,2,6.3234,2,6.92,2,25.5482,2,301.2,2,0.7070000000000001,2
P20,2,60.0,2,6.3232,2,6.93,2,25.5484,2,301.6,2,0.698,2
P20,2,61.0,2,6.3231,2,6.93,2,25.5485,2,301.9,2,0.718,2
P20,2,62.0,2,6.3239,2,6.91,2,25.5488,2,300.7,2,0.7020000000000001,2
P20,2,63.0,2,6.3244,2,6.89,2,25.549,2,300.1,2,0.711,2
P20,2,64.0,2,6.3249,2,6.89,2,25.5491,2,299.8,2,0.7070000000000001,2
P20,2,65.0,2,6.3252,2,6.89,2,25.5495,2,299.9,2,0.71,2
P20,2,66.0,2,6.3254,2,6.91,2,25.5497,2,300.7,2,0.687,2
P20,2,67.0,2,6.3256,2,6.92,2,25.5498,2,301.4,2,0.6859999999999999,2
P20,2,68.0,2,6.3255,2,6.93,2,25.5499,2,301.5,2,0.675,2
P20,2,69.0,2,6.3249,2,6.92,2,25.5503,2,301.3,2,0.6729999999999999,2
P20,2,70.1,2,6.3247,2,6.93,2,25.5504,2,301.6,2,0.672,2
P20,2,70.9,2,6.3244,2,6.93,2,25.5503,2,301.6,2,0.6679999999999999,2
P20,2,72.0,2,6.3247,2,6.87,2,25.5504,2,299.2,2,0.665,2
P20,2,73.0,2,6.325,2,6.88,2,25.5503,2,299.4,2,0.667,2
P20,2,74.0,2,6.3253,2,6.88,2,25.5502,2,299.7,2,0.67,2
P20,2,75.0,2,6.3253,2,6.89,2,25.5502,2,299.9,2,0.6729999999999999,2
P20,2,76.0,2,6.3254,2,6.9,2,25.5501,2,300.5,2,0.6809999999999999,2
P20,2,77.0,2,6.3251,2,6.92,2,25.5505,2,301.2,2,0.6629999999999999,2
P20,2,78.0,2,6.3249,2,6.93,2,25.5504,2,301.6,2,0.667,2
P20,2,79.0,2,6.3247,2,6.93,2,25.5505,2,301.9,2,0.6659999999999999,2
P20,2,80.0,2,6.3245,2,6.93,2,25.5507,2,301.7,2,0.652,2
P20,2,81.0,2,6.324,2,6.94,2,25.5508,2,302.0,2,0.638,2
P20,2,82.0,2,6.3236,2,6.92,2,25.5508,2,301.1,2,0.653,2
P20,2,83.0,2,6.3234,2,6.88,2,25.5509,2,299.6,2,0.6509999999999999,2
P20,2,84.0,2,6.3229999999999995,2,6.9,2,25.551,2,300.4,2,0.645,2
P20,2,85.0,2,6.3223,2,6.91,2,25.5512,2,300.9,2,0.648,2
P20,2,86.0,2,6.322,2,6.91,2,25.5512,2,301.0,2,0.637,2
P20,2,87.0,2,6.3217,2,6.91,2,25.5512,2,300.8,2,0.645,2
P20,2,88.0,2,6.3215,2,6.91,2,25.5513,2,300.9,2,0.642,2
P20,2,89.0,2,6.3209,2,6.92,2,25.5515,2,301.4,2,0.634,2
P20,2,90.0,2,6.3203,2,6.94,2,25.5516,2,302.0,2,0.63,2
P20,2,91.0,2,6.3186,2,6.94,2,25.552,2,302.0,2,0.631,2
P20,2,92.0,2,6.3165,2,6.92,2,25.5525,2,301.4,2,0.612,2
P20,2,93.0,2,6.3144,2,6.93,2,25.5529,2,301.5,2,0.599,2
P20,2,94.0,2,6.3138,2,6.92,2,25.5532,2,301.1,2,0.591,2
P20,2,95.0,2,6.3144,2,6.91,2,25.5536,2,301.0,2,0.574,2
P20,2,96.0,2,6.3135,2,6.89,2,25.5549,2,300.1,2,0.5710000000000001,2
P20,2,97.0,2,6.3091,2,6.86,2,25.5569,2,298.5,2,0.55,2
P20,2,98.0,2,6.282,2,6.82,2,25.566999999999997,2,296.7,2,0.49700000000000005,2
P20,2,99.0,2,6.1876,2,6.78,2,25.5998,2,295.2,2,0.461,2
P20,2,100.0,2,6.1334,2,6.76,2,25.6173,2,294.4,2,0.428,2
P20,2,101.0,2,6.1126,2,6.74,2,25.6245,2,293.4,2,0.40299999999999997,2
P20,2,102.0,2,6.0861,2,6.7,2,25.6331,2,291.5,2,0.38299999999999995,2
P20,2,103.0,2,6.0145,2,6.67,2,25.6623,2,290.5,2,0.355,2
P20,2,104.0,2,5.9633,2,6.65,2,25.6845,2,289.3,2,0.324,2
P20,2,105.0,2,5.899,2,6.61,2,25.7071,2,287.7,2,0.31,2
P20,2,106.0,2,5.8842,2,6.6,2,25.7109,2,287.1,2,0.298,2
P20,2,107.0,2,5.8569,2,6.59,2,25.7173,2,286.6,2,0.271,2
P20,2,108.0,2,5.6984,2,6.57,2,25.7575,2,286.0,2,0.273,2
P20,2,109.0,2,5.5581,2,6.59,2,25.7932,2,286.7,2,0.261,2
P20,2,110.1,2,5.45,2,6.6,2,25.8244,2,287.2,2,0.239,2
P20,2,111.1,2,5.3287,2,6.57,2,25.8534,2,285.8,2,0.228,2
P20,2,112.0,2,5.2797,2,6.56,2,25.8656,2,285.5,2,0.22399999999999998,2
P20,2,113.0,2,5.2141,2,6.55,2,25.8839,2,285.1,2,0.218,2
P20,2,114.0,2,5.178999999999999,2,6.53,2,25.8956,2,284.3,2,0.21,2
P20,2,115.0,2,5.1123,2,6.51,2,25.9162,2,283.2,2,0.21100000000000002,2
P20,2,116.0,2,5.0735,2,6.49,2,25.9354,2,282.3,2,0.207,2
P20,2,117.0,2,5.0349,2,6.46,2,25.9613,2,281.0,2,0.201,2
P20,2,118.0,2,5.0242,2,6.44,2,25.9691,2,280.1,2,0.198,2
P20,2,119.0,2,5.0131,2,6.41,2,25.9789,2,278.8,2,0.195,2
P20,2,120.0,2,5.0044,2,6.4,2,25.99,2,278.3,2,0.21100000000000002,2
P20,2,121.0,2,4.9957,2,6.38,2,26.0002,2,277.5,2,0.19699999999999998,2
P20,2,122.0,2,4.993,2,6.37,2,26.003,2,277.1,2,0.19,2
P20,2,123.0,2,4.9897,2,6.36,2,26.0066,2,276.6,2,0.198,2
P20,2,124.0,2,4.9793,2,6.33,2,26.0172,2,275.3,2,0.191,2
P20,2,125.0,2,4.9682,2,6.29,2,26.0391,2,273.7,2,0.192,2
P20,2,126.0,2,4.9576,2,6.25,2,26.0645,2,271.9,2,0.191,2
P20,2,127.0,2,4.9459,2,6.21,2,26.0774,2,270.3,2,0.195,2
P20,2,128.0,2,4.9467,2,6.18,2,26.0905,2,268.8,2,0.18899999999999997,2
P20,2,129.0,2,4.9498,2,6.14,2,26.0986,2,267.2,2,0.18600000000000003,2
P20,2,130.0,2,4.9637,2,6.08,2,26.1219,2,264.6,2,0.18899999999999997,2
P20,2,131.0,2,4.9867,2,6.0,2,26.1382,2,261.2,2,0.182,2
P20,2,132.0,2,5.0039,2,5.95,2,26.1645,2,258.7,2,0.183,2
P20,2,133.0,2,5.0296,2,5.91,2,26.1903,2,257.2,2,0.185,2
P20,2,134.0,2,5.0493,2,5.85,2,26.2097,2,254.6,2,0.18600000000000003,2
P20,2,135.0,2,5.1462,2,5.78,2,26.2404,2,251.4,2,0.18,2
P20,2,136.0,2,5.2672,2,5.71,2,26.2617,2,248.2,2,0.179,2
P20,2,137.0,2,5.2879,2,5.61,2,26.2727,2,244.1,2,0.17800000000000002,2
P20,2,138.0,2,5.2069,2,5.52,2,26.3177,2,240.2,2,0.18,2
P20,2,139.0,2,5.1589,2,5.46,2,26.3435,2,237.3,2,0.18100000000000002,2
P20,2,140.0,2,5.151,2,5.41,2,26.3608,2,235.4,2,0.177,2
P20,2,141.0,2,5.1612,2,5.36,2,26.3817,2,233.3,2,0.177,2
P20,2,142.0,2,5.162000000000001,2,5.3,2,26.3919,2,230.4,2,0.18100000000000002,2
P20,2,143.0,2,5.1706,2,5.2,2,26.4235,2,226.0,2,0.184,2
P20,2,144.0,2,5.1906,2,5.1,2,26.4642,2,221.6,2,0.18100000000000002,2
P20,2,145.1,2,5.1999,2,5.04,2,26.4879,2,219.2,2,0.18,2
P20,2,145.9,2,5.2017,2,5.01,2,26.4963,2,218.0,2,0.179,2
P20,2,147.0,2,5.202000000000001,2,4.98,2,26.5028,2,216.5,2,0.18,2
P20,2,148.0,2,5.2005,2,4.94,2,26.5117,2,214.9,2,0.182,2
P20,2,149.0,2,5.1979,2,4.9,2,26.5272,2,212.9,2,0.17600000000000002,2
P20,2,150.0,2,5.2033,2,4.87,2,26.5383,2,211.8,2,0.17800000000000002,2
P20,2,151.0,2,5.2028,2,4.86,2,26.5406,2,211.2,2,0.17800000000000002,2
P20,2,152.0,2,5.202999999999999,2,4.84,2,26.5417,2,210.7,2,0.17800000000000002,2
P20,2,153.0,2,5.2025,2,4.84,2,26.5434,2,210.3,2,0.177,2
P20,2,154.0,2,5.2013,2,4.83,2,26.5458,2,209.9,2,0.177,2
P20,2,155.0,2,5.1991,2,4.81,2,26.55,2,209.4,2,0.18,2
P20,2,156.0,2,5.1959,2,4.79,2,26.5546,2,208.5,2,0.18600000000000003,2
P20,2,157.0,2,5.1914,2,4.73,2,26.5612,2,205.6,2,0.179,2
P20,2,158.0,2,5.1822,2,4.66,2,26.5807,2,202.5,2,0.18100000000000002,2
P20,2,159.0,2,5.1799,2,4.62,2,26.5859,2,201.1,2,0.18100000000000002,2
P20,2,160.0,2,5.1768,2,4.58,2,26.59,2,199.3,2,0.17800000000000002,2
P20,2,161.0,2,5.1735,2,4.55,2,26.5951,2,197.7,2,0.17800000000000002,2
P20,2,162.0,2,5.1681,2,4.52,2,26.6079,2,196.5,2,0.17600000000000002,2
P20,2,163.0,2,5.1659,2,4.5,2,26.6135,2,195.7,2,0.175,2
P20,2,164.0,2,5.1647,2,4.49,2,26.6183,2,195.2,2,0.17600000000000002,2
P20,2,165.0,2,5.1754,2,4.47,2,26.6229,2,194.6,2,0.17800000000000002,2
P20,2,166.0,2,5.1804,2,4.46,2,26.6282,2,193.9,2,0.17800000000000002,2
P20,2,167.0,2,5.1855,2,4.46,2,26.6345,2,194.0,2,0.17600000000000002,2
P20,2,168.4,2,5.1852,2,4.38,2,26.6396,2,190.6,2,0.17600000000000002,2
P20,2,169.0,2,5.183,2,4.36,2,26.6416,2,189.4,2,0.174,2
P20,2,170.0,2,5.1738,2,4.32,2,26.6466,2,187.9,2,0.17600000000000002,2
P20,2,171.0,2,5.1655,2,4.29,2,26.6502,2,186.6,2,0.179,2
P20,2,172.0,2,5.1603,2,4.27,2,26.6519,2,185.5,2,0.177,2
P20,2,173.0,2,5.1375,2,4.25,2,26.6588,2,184.8,2,0.179,2
P20,2,173.9,2,5.1163,2,4.25,2,26.6656,2,184.6,2,0.182,2
P20,2,175.2,2,5.1002,2,4.17,2,26.6706,2,181.5,2,0.177,2
P20,2,176.0,2,5.0955,2,4.15,2,26.6718,2,180.3,2,0.17600000000000002,2
P20,2,177.0,2,5.0906,2,4.11,2,26.6733,2,178.8,2,0.174,2
P20,2,178.0,2,5.0752,2,4.07,2,26.6784,2,177.0,2,0.17300000000000001,2
P20,2,179.0,2,5.0573,2,4.04,2,26.6844,2,175.5,2,0.175,2
P20,2,180.0,2,5.0361,2,4.01,2,26.6905,2,174.4,2,0.177,2
P20,2,181.0,2,5.026,2,3.99,2,26.6929,2,173.5,2,0.177,2
P20,2,182.0,2,5.0229,2,3.98,2,26.6936,2,173.0,2,0.17800000000000002,2
P20,2,183.0,2,5.0169,2,3.96,2,26.6951,2,172.3,2,0.187,2
P20,2,184.0,2,5.0083,2,3.94,2,26.6972,2,171.5,2,0.18,2
P20,2,185.0,2,4.9978,2,3.93,2,26.6998,2,170.7,2,0.17800000000000002,2
P20,2,186.0,2,4.9863,2,3.9,2,26.7029,2,169.5,2,0.17800000000000002,2
P20,2,186.9,2,4.9746,2,3.86,2,26.7058,2,167.6,2,0.179,2
P20,2,188.0,2,4.9657,2,3.83,2,26.7083,2,166.4,2,0.17800000000000002,2
P20,2,189.0,2,4.9624,2,3.81,2,26.7092,2,165.8,2,0.177,2
P20,2,190.0,2,4.957,2,3.8,2,26.7106,2,165.1,2,0.177,2
P20,2,191.0,2,4.9535,2,3.78,2,26.7113,2,164.2,2,0.179,2
P20,2,192.0,2,4.9385,2,3.76,2,26.7148,2,163.3,2,0.174,2
P20,2,193.0,2,4.927,2,3.74,2,26.7173,2,162.6,2,0.177,2
P20,2,194.0,2,4.9224,2,3.73,2,26.7182,2,162.1,2,0.18,2
P20,2,195.0,2,4.9187,2,3.71,2,26.7193,2,161.3,2,0.17800000000000002,2
P20,2,196.0,2,4.9083,2,3.67,2,26.7226,2,159.7,2,0.177,2
P20,2,197.0,2,4.8931,2,3.62,2,26.726999999999997,2,157.4,2,0.179,2
P20,2,198.0,2,4.8763,2,3.58,2,26.7297,2,155.8,2,0.17800000000000002,2
P20,2,199.0,2,4.8671,2,3.55,2,26.7313,2,154.2,2,0.17600000000000002,2
P20,2,200.0,2,4.8555,2,3.51,2,26.7342,2,152.8,2,0.179,2
P20,2,201.0,2,4.8425,2,3.49,2,26.7381,2,151.9,2,0.182,2
P20,2,202.0,2,4.8298,2,3.47,2,26.7405,2,150.9,2,0.17600000000000002,2
P20,2,203.0,2,4.8226,2,3.45,2,26.7419,2,150.1,2,0.17800000000000002,2
P20,2,204.0,2,4.8142,2,3.44,2,26.7438,2,149.4,2,0.18,2
P20,2,205.0,2,4.8025,2,3.43,2,26.7465,2,149.0,2,0.182,2
P20,2,205.7,2,4.7945,2,3.42,2,26.7487,2,148.6,2,0.182,2
P20,2,206.9,2,4.7802,2,3.35,2,26.7518,2,145.5,2,0.17600000000000002,2
P20,2,208.0,2,4.7722,2,3.33,2,26.7531,2,144.8,2,0.17600000000000002,2
P20,2,209.0,2,4.7626,2,3.32,2,26.7549,2,144.2,2,0.17600000000000002,2
P20,2,210.0,2,4.7514,2,3.3,2,26.7585,2,143.6,2,0.17600000000000002,2
P20,2,211.0,2,4.7506,2,3.29,2,26.7586,2,142.9,2,0.174,2
P20,2,212.0,2,4.7492,2,3.27,2,26.759,2,142.1,2,0.182,2
P20,2,213.0,2,4.7406,2,3.24,2,26.7619,2,141.1,2,0.17800000000000002,2
P20,2,214.0,2,4.7291,2,3.22,2,26.7642,2,140.0,2,0.187,2
P20,2,215.0,2,4.7146,2,3.2,2,26.7674,2,139.1,2,0.17800000000000002,2
P20,2,216.0,2,4.7064,2,3.18,2,26.7691,2,138.3,2,0.18,2
P20,2,217.1,2,4.7,2,3.17,2,26.7707,2,137.8,2,0.179,2
P20,2,218.1,2,4.6981,2,3.14,2,26.7714,2,136.7,2,0.18100000000000002,2
P20,2,218.9,2,4.6898,2,3.1,2,26.774,2,134.7,2,0.17800000000000002,2
P20,2,220.0,2,4.6797,2,3.08,2,26.7766,2,133.7,2,0.17600000000000002,2
P20,2,221.0,2,4.6699,2,3.06,2,26.7792,2,133.0,2,0.174,2
P20,2,222.0,2,4.667,2,3.05,2,26.7801,2,132.5,2,0.17300000000000001,2
P20,2,223.0,2,4.6659,2,3.04,2,26.7803,2,132.0,2,0.174,2
P20,2,224.0,2,4.6643,2,3.03,2,26.7807,2,131.6,2,0.18,2
P20,2,225.0,2,4.6597,2,3.02,2,26.7821,2,131.1,2,0.17600000000000002,2
P20,2,226.0,2,4.6547,2,3.0,2,26.7834,2,130.3,2,0.18100000000000002,2
P20,2,227.0,2,4.6413,2,2.97,2,26.7862,2,129.3,2,0.179,2
P20,2,228.0,2,4.6309,2,2.96,2,26.7886,2,128.6,2,0.18,2
P20,2,229.0,2,4.6276,2,2.95,2,26.7893,2,128.2,2,0.17800000000000002,2
P20,2,229.9,2,4.6267,2,2.94,2,26.7892,2,127.7,2,0.185,2
P20,2,231.0,2,4.6225,2,2.92,2,26.7901,2,126.8,2,0.18,2
P20,2,232.0,2,4.6156,2,2.88,2,26.7919,2,125.1,2,0.174,2
P20,2,233.0,2,4.6074,2,2.84,2,26.7961,2,123.3,2,0.174,2
P20,2,234.0,2,4.6,2,2.79,2,26.8001,2,121.4,2,0.177,2
P20,2,235.0,2,4.5934,2,2.76,2,26.8024,2,120.1,2,0.17800000000000002,2
P20,2,236.0,2,4.5841,2,2.75,2,26.8051,2,119.5,2,0.177,2
P20,2,237.0,2,4.5792,2,2.74,2,26.8065,2,119.0,2,0.18,2
P20,2,238.0,2,4.5769,2,2.73,2,26.8072,2,118.6,2,0.17800000000000002,2
P20,2,239.0,2,4.5725,2,2.72,2,26.8085,2,118.3,2,0.179,2
P20,2,240.0,2,4.5703,2,2.72,2,26.8092,2,118.3,2,0.179,2
P20,2,241.0,2,4.5664,2,2.7,2,26.8107,2,117.5,2,0.17800000000000002,2
P20,2,242.0,2,4.5618,2,2.66,2,26.8122,2,115.8,2,0.177,2
P20,2,243.0,2,4.56,2,2.64,2,26.8129,2,115.0,2,0.177,2
P20,2,244.0,2,4.5537,2,2.63,2,26.8141,2,114.2,2,0.17300000000000001,2
P20,2,245.0,2,4.5466,2,2.61,2,26.815,2,113.5,2,0.174,2
P20,2,246.0,2,4.5354,2,2.59,2,26.8183,2,112.7,2,0.175,2
P20,2,247.0,2,4.5375,2,2.57,2,26.8211,2,111.8,2,0.175,2
P20,2,248.0,2,4.5425,2,2.55,2,26.8223,2,110.9,2,0.177,2
P20,2,249.0,2,4.5404,2,2.53,2,26.823,2,110.0,2,0.179,2
P20,2,250.0,2,4.5367,2,2.52,2,26.8259,2,109.5,2,0.18100000000000002,2
P20,2,251.1,2,4.5336,2,2.52,2,26.8267,2,109.6,2,0.18100000000000002,2
P20,2,252.4,2,4.5189,2,2.48,2,26.8284,2,107.7,2,0.17800000000000002,2
P20,2,252.9,2,4.5163,2,2.45,2,26.8303,2,106.6,2,0.17800000000000002,2
P20,2,254.0,2,4.5094,2,2.42,2,26.8333,2,105.2,2,0.177,2
P20,2,255.0,2,4.5056,2,2.41,2,26.8347,2,104.6,2,0.17600000000000002,2
P20,2,256.0,2,4.5055,2,2.4,2,26.8352,2,104.5,2,0.19,2
P20,2,257.0,2,4.5052,2,2.4,2,26.8361,2,104.2,2,0.17600000000000002,2
P20,2,258.0,2,4.5051,2,2.38,2,26.8365,2,103.6,2,0.17800000000000002,2
P20,2,259.0,2,4.502,2,2.37,2,26.838,2,103.2,2,0.17800000000000002,2
P20,2,260.0,2,4.4997,2,2.36,2,26.8392,2,102.6,2,0.179,2
P20,2,261.0,2,4.4996,2,2.36,2,26.8405,2,102.6,2,0.179,2
P20,2,261.6,2,4.4994,2,2.37,2,26.8406,2,102.8,2,0.179,2
P20,2,263.0,2,4.4998,2,2.3,2,26.8441,2,99.8,2,0.17800000000000002,2
P20,2,264.0,2,4.4992,2,2.27,2,26.8446,2,98.8,2,0.179,2
P20,2,265.0,2,4.493,2,2.25,2,26.8454,2,98.0,2,0.179,2
P20,2,266.0,2,4.4867,2,2.23,2,26.849,2,96.8,2,0.17600000000000002,2
P20,2,267.0,2,4.4833,2,2.2,2,26.8518,2,95.8,2,0.17600000000000002,2
P20,2,268.0,2,4.4824,2,2.19,2,26.8533,2,95.2,2,0.18100000000000002,2
P20,2,269.0,2,4.4802,2,2.18,2,26.8542,2,94.9,2,0.17800000000000002,2
P20,2,270.0,2,4.4789,2,2.18,2,26.8545,2,94.6,2,0.179,2
P20,2,271.0,2,4.4775,2,2.17,2,26.8552,2,94.2,2,0.182,2
P20,2,272.0,2,4.4763,2,2.17,2,26.8559,2,94.3,2,0.18,2
P20,2,273.1,2,4.4756,2,2.16,2,26.8562,2,94.0,2,0.179,2
P20,2,274.0,2,4.4755,2,2.16,2,26.8562,2,93.7,2,0.17800000000000002,2
P20,2,275.0,2,4.4755,2,2.15,2,26.8562,2,93.3,2,0.177,2
P20,2,276.0,2,4.4754,2,2.14,2,26.8563,2,93.1,2,0.175,2
P20,2,277.0,2,4.4749,2,2.14,2,26.8565,2,93.2,2,0.17600000000000002,2
P20,2,278.0,2,4.4736,2,2.13,2,26.8571,2,92.6,2,0.17800000000000002,2
P20,2,279.0,2,4.4711,2,2.1,2,26.8585,2,91.5,2,0.184,2
P20,2,280.0,2,4.4648,2,2.09,2,26.8612,2,90.6,2,0.18100000000000002,2
P20,2,281.0,2,4.4611,2,2.07,2,26.8628,2,90.0,2,0.185,2
P20,2,282.0,2,4.4609,2,2.06,2,26.8628,2,89.5,2,0.18100000000000002,2
P20,2,283.0,2,4.46,2,2.05,2,26.8632,2,89.1,2,0.18,2
P20,2,284.0,2,4.4552,2,2.03,2,26.8655,2,88.3,2,0.179,2
P20,2,285.0,2,4.4515,2,2.0,2,26.8671,2,87.1,2,0.184,2
P20,2,286.0,2,4.4457,2,1.98,2,26.8699,2,86.2,2,0.179,2
P20,2,287.0,2,4.4435,2,1.97,2,26.871,2,85.4,2,0.179,2
P20,2,288.0,2,4.441,2,1.95,2,26.8722,2,84.8,2,0.177,2
P20,2,289.0,2,4.4379,2,1.93,2,26.8737,2,84.0,2,0.175,2
P20,2,290.0,2,4.4353,2,1.91,2,26.8749,2,83.2,2,0.179,2
P20,2,291.0,2,4.4317,2,1.9,2,26.8765,2,82.6,2,0.177,2
P20,2,292.0,2,4.4269,2,1.89,2,26.8786,2,82.2,2,0.17800000000000002,2
P20,2,293.0,2,4.4264,2,1.88,2,26.8789,2,82.0,2,0.18,2
P20,2,294.0,2,4.4248,2,1.88,2,26.8798,2,81.6,2,0.177,2
P20,2,295.0,2,4.4221,2,1.86,2,26.8812,2,81.0,2,0.17800000000000002,2
P20,2,296.0,2,4.4197,2,1.86,2,26.8822,2,80.6,2,0.17800000000000002,2
P20,2,297.0,2,4.4183,2,1.84,2,26.8828,2,80.1,2,0.182,2
P20,2,298.0,2,4.4156,2,1.84,2,26.884,2,79.9,2,0.17800000000000002,2
P20,2,299.0,2,4.4137,2,1.82,2,26.885,2,79.0,2,0.179,2
P20,2,300.0,2,4.4095,2,1.8,2,26.8871,2,78.4,2,0.18100000000000002,2
P20,2,301.0,2,4.4076,2,1.79,2,26.8881,2,78.0,2,0.179,2
P20,2,302.0,2,4.4051,2,1.78,2,26.8891,2,77.3,2,0.179,2
P20,2,303.0,2,4.4028,2,1.77,2,26.8902,2,77.2,2,0.177,2
P20,2,304.0,2,4.4009,2,1.77,2,26.8908,2,77.0,2,0.17600000000000002,2
P20,2,305.0,2,4.3987,2,1.76,2,26.8914,2,76.7,2,0.17600000000000002,2
P20,2,306.0,2,4.398,2,1.76,2,26.8918,2,76.5,2,0.17800000000000002,2
P20,2,307.0,2,4.3963,2,1.75,2,26.8924,2,76.1,2,0.18100000000000002,2
P20,2,308.0,2,4.3951,2,1.74,2,26.8929,2,75.6,2,0.18100000000000002,2
P20,2,309.0,2,4.3941,2,1.73,2,26.894000000000002,2,75.2,2,0.179,2
P20,2,310.0,2,4.3936,2,1.72,2,26.895,2,74.6,2,0.182,2
P20,2,311.0,2,4.3914,2,1.71,2,26.8962,2,74.1,2,0.17600000000000002,2
P20,2,312.0,2,4.3871,2,1.68,2,26.8983,2,73.3,2,0.17800000000000002,2
P20,2,313.0,2,4.3834,2,1.67,2,26.9003,2,72.7,2,0.18100000000000002,2
P20,2,314.0,2,4.3773,2,1.66,2,26.9029,2,72.0,2,0.179,2
P20,2,315.0,2,4.3762,2,1.65,2,26.9033,2,71.9,2,0.17800000000000002,2
P20,2,316.0,2,4.3752,2,1.64,2,26.9035,2,71.4,2,0.18100000000000002,2
P20,2,317.0,2,4.372,2,1.63,2,26.905,2,71.0,2,0.17800000000000002,2
P20,2,318.0,2,4.3681,2,1.62,2,26.9075,2,70.4,2,0.17800000000000002,2
P20,2,319.0,2,4.3661,2,1.61,2,26.9083,2,70.0,2,0.182,2
P20,2,320.1,2,4.365,2,1.61,2,26.9091,2,69.9,2,0.182,2
P20,2,321.0,2,4.3643,2,1.6,2,26.9098,2,69.4,2,0.179,2
P20,2,322.0,2,4.3621,2,1.59,2,26.9116,2,69.2,2,0.177,2
P20,2,323.0,2,4.3603,2,1.58,2,26.9127,2,68.8,2,0.174,2
P20,2,324.0,2,4.3581,2,1.57,2,26.9134,2,68.1,2,0.179,2
P20,2,325.0,2,4.3549,2,1.55,2,26.9147,2,67.6,2,0.179,2
P20,2,326.0,2,4.3525,2,1.55,2,26.9163,2,67.5,2,0.177,2
P20,2,327.0,2,4.3498,2,1.54,2,26.9178,2,66.9,2,0.179,2
P20,2,328.0,2,4.3491,2,1.53,2,26.9185,2,66.4,2,0.184,2
P20,2,329.0,2,4.3478,2,1.52,2,26.9195,2,66.0,2,0.17800000000000002,2
P20,2,330.0,2,4.3447,2,1.51,2,26.9215,2,65.7,2,0.174,2
P20,2,331.0,2,4.3417,2,1.5,2,26.9231,2,65.1,2,0.179,2
P20,2,332.0,2,4.3369,2,1.49,2,26.9252,2,64.6,2,0.177,2
P20,2,333.0,2,4.3341,2,1.49,2,26.9262,2,64.7,2,0.17800000000000002,2
P20,2,334.0,2,4.3332,2,1.49,2,26.9267,2,64.9,2,0.179,2
P20,2,335.2,2,4.3333,2,1.48,2,26.9272,2,64.3,2,0.17600000000000002,2
P20,2,336.0,2,4.3328,2,1.46,2,26.9278,2,63.5,2,0.17600000000000002,2
P20,2,337.0,2,4.3289,2,1.45,2,26.9299,2,63.1,2,0.172,2
P20,2,338.0,2,4.3260000000000005,2,1.44,2,26.9317,2,62.7,2,0.17300000000000001,2
P20,2,339.0,2,4.3239,2,1.43,2,26.9323,2,62.1,2,0.17600000000000002,2
P20,2,340.0,2,4.3201,2,1.42,2,26.9346,2,61.8,2,0.175,2
P20,2,341.0,2,4.3167,2,1.42,2,26.9362,2,61.6,2,0.172,2
P20,2,342.0,2,4.313,2,1.41,2,26.9375,2,61.4,2,0.179,2
P20,2,343.0,2,4.31,2,1.41,2,26.9384,2,61.3,2,0.177,2
P20,2,344.0,2,4.3067,2,1.4,2,26.9393,2,60.9,2,0.177,2
P20,2,345.0,2,4.2985,2,1.39,2,26.9405,2,60.6,2,0.179,2
P20,2,346.0,2,4.297,2,1.39,2,26.9406,2,60.3,2,0.18,2
P20,2,347.0,2,4.2939,2,1.38,2,26.9412,2,60.0,2,0.17800000000000002,2
P20,2,348.0,2,4.2901,2,1.37,2,26.9422,2,59.5,2,0.177,2
P20,2,349.0,2,4.2899,2,1.36,2,26.9432,2,59.3,2,0.179,2
P20,2,350.0,2,4.29,2,1.36,2,26.9435,2,58.9,2,0.17800000000000002,2
P20,2,351.1,2,4.2896,2,1.36,2,26.944000000000003,2,58.9,2,0.179,2
P20,2,351.9,2,4.289,2,1.34,2,26.9444,2,58.4,2,0.179,2
P20,2,353.0,2,4.2889,2,1.34,2,26.9459,2,58.1,2,0.17600000000000002,2
P20,2,354.0,2,4.2895,2,1.33,2,26.9464,2,57.6,2,0.175,2
P20,2,355.0,2,4.2881,2,1.32,2,26.9476,2,57.6,2,0.174,2
P20,2,356.0,2,4.288,2,1.32,2,26.9489,2,57.2,2,0.175,2
P20,2,357.0,2,4.2885,2,1.31,2,26.9498,2,56.9,2,0.17600000000000002,2
P20,2,358.0,2,4.2874,2,1.31,2,26.9506,2,56.8,2,0.17600000000000002,2
P20,2,359.0,2,4.2868,2,1.3,2,26.9513,2,56.6,2,0.17300000000000001,2
P20,2,360.0,2,4.2866,2,1.29,2,26.9525,2,56.0,2,0.17600000000000002,2
P20,2,361.0,2,4.2841,2,1.27,2,26.9543,2,55.2,2,0.17800000000000002,2
P20,2,362.0,2,4.2812,2,1.26,2,26.9578,2,55.0,2,0.177,2
P20,2,362.6,2,4.2823,2,1.27,2,26.9589,2,55.4,2,0.179,2
P20,2,364.3,2,4.2873,2,1.24,2,26.96,2,53.9,2,0.179,2
P20,2,365.0,2,4.2866,2,1.23,2,26.9604,2,53.5,2,0.177,2
P20,2,366.0,2,4.2827,2,1.23,2,26.9616,2,53.4,2,0.17800000000000002,2
P20,2,367.0,2,4.2777,2,1.22,2,26.9634,2,53.2,2,0.17800000000000002,2
P20,2,368.0,2,4.2752,2,1.22,2,26.9643,2,52.9,2,0.17600000000000002,2
P20,2,369.0,2,4.2738,2,1.21,2,26.9654,2,52.7,2,0.17800000000000002,2
P20,2,370.0,2,4.2751,2,1.21,2,26.9662,2,52.4,2,0.17300000000000001,2
P20,2,371.0,2,4.276,2,1.2,2,26.9667,2,52.3,2,0.17600000000000002,2
P20,2,372.0,2,4.2767,2,1.2,2,26.9674,2,52.2,2,0.177,2
P20,2,373.0,2,4.2759,2,1.2,2,26.9679,2,52.0,2,0.17800000000000002,2
P20,2,374.0,2,4.2733,2,1.2,2,26.9685,2,52.0,2,0.17600000000000002,2
P20,2,375.0,2,4.2714,2,1.2,2,26.9698,2,52.1,2,0.17800000000000002,2
P20,2,375.6,2,4.2695,2,1.19,2,26.9706,2,51.9,2,0.17800000000000002,2
P20,2,377.0,2,4.2634,2,1.19,2,26.9712,2,51.6,2,0.179,2
P20,2,378.0,2,4.2551,2,1.17,2,26.9736,2,50.8,2,0.177,2
P20,2,379.0,2,4.2569,2,1.16,2,26.9758,2,50.5,2,0.17600000000000002,2
P20,2,380.0,2,4.2552,2,1.15,2,26.9772,2,50.1,2,0.17800000000000002,2
P20,2,381.0,2,4.2433,2,1.14,2,26.9792,2,49.8,2,0.17600000000000002,2
P20,2,382.0,2,4.2379,2,1.14,2,26.9809,2,49.4,2,0.17800000000000002,2
P20,2,383.0,2,4.2408,2,1.12,2,26.9823,2,48.8,2,0.18,2
P20,2,384.0,2,4.2524,2,1.11,2,26.9839,2,48.1,2,0.179,2
P20,2,385.0,2,4.2447,2,1.12,2,26.9853,2,48.6,2,0.179,2
P20,2,386.0,2,4.2225,2,1.11,2,26.9868,2,48.2,2,0.177,2
P20,2,387.0,2,4.2277,2,1.1,2,26.988000000000003,2,47.9,2,0.17600000000000002,2
P20,2,388.0,2,4.2381,2,1.08,2,26.9883,2,46.9,2,0.177,2
P20,2,389.0,2,4.2603,2,1.06,2,26.9905,2,46.0,2,0.175,2
P20,2,390.0,2,4.2591,2,1.05,2,26.9919,2,45.5,2,0.175,2
P20,2,391.0,2,4.2528,2,1.04,2,26.9928,2,45.4,2,0.177,2
P20,2,392.0,2,4.2487,2,1.05,2,26.993000000000002,2,45.5,2,0.17300000000000001,2
P20,2,393.0,2,4.2432,2,1.05,2,26.9935,2,45.6,2,0.17600000000000002,2
P20,2,394.0,2,4.227,2,1.05,2,26.9952,2,45.7,2,0.17600000000000002,2
P20,2,395.0,2,4.2097,2,1.06,2,26.9964,2,46.2,2,0.17800000000000002,2
P20,2,395.9,2,4.2065,2,1.06,2,26.9967,2,46.2,2,0.171,2
P20,2,397.0,2,4.2027,2,1.05,2,26.9974,2,45.8,2,0.172,2
P20,2,398.0,2,4.2011,2,1.05,2,26.9978,2,45.7,2,0.17,2
P20,2,399.0,2,4.2003,2,1.05,2,26.9987,2,45.7,2,0.16899999999999998,2
P20,2,400.0,2,4.2007,2,1.05,2,26.9994,2,45.6,2,0.16899999999999998,2
P20,2,401.0,2,4.2,2,1.05,2,27.0001,2,45.6,2,0.16899999999999998,2
P20,2,402.0,2,4.1914,2,1.04,2,27.0017,2,45.3,2,0.17,2
P20,2,403.0,2,4.1875,2,1.03,2,27.0023,2,44.8,2,0.17300000000000001,2
P20,2,404.0,2,4.1877,2,1.02,2,27.003,2,44.3,2,0.175,2
P20,2,405.0,2,4.1926,2,1.01,2,27.0046,2,43.9,2,0.175,2
P20,2,406.0,2,4.1963,2,1.02,2,27.0068,2,44.3,2,0.172,2
P20,2,406.6,2,4.1976,2,1.02,2,27.006999999999998,2,44.5,2,0.163,2
P20,2,408.3,2,4.1866,2,1.0,2,27.0083,2,43.5,2,0.17600000000000002,2
P20,2,409.0,2,4.175,2,0.99,2,27.0119,2,42.9,2,0.175,2
P20,2,410.0,2,4.169,2,0.98,2,27.0134,2,42.4,2,0.17300000000000001,2
P20,2,411.0,2,4.1692,2,0.97,2,27.015,2,42.2,2,0.174,2
P20,2,412.0,2,4.1687,2,0.97,2,27.0152,2,42.0,2,0.17300000000000001,2
P20,2,413.0,2,4.1682,2,0.97,2,27.0164,2,42.0,2,0.175,2
P20,2,414.0,2,4.1669,2,0.97,2,27.0173,2,42.0,2,0.175,2
P20,2,415.0,2,4.167,2,0.96,2,27.0178,2,41.7,2,0.175,2
P20,2,416.0,2,4.1671,2,0.95,2,27.0183,2,41.2,2,0.175,2
P20,2,417.0,2,4.1674,2,0.95,2,27.0188,2,41.3,2,0.177,2
P20,2,418.0,2,4.1703,2,0.94,2,27.0192,2,40.9,2,0.17800000000000002,2
P20,2,419.0,2,4.1768,2,0.93,2,27.0203,2,40.6,2,0.17600000000000002,2
P20,2,420.0,2,4.1784,2,0.92,2,27.0214,2,39.9,2,0.177,2
P20,2,421.0,2,4.1806,2,0.92,2,27.0224,2,39.8,2,0.177,2
P20,2,422.0,2,4.177,2,0.92,2,27.0238,2,39.8,2,0.17800000000000002,2
P20,2,423.0,2,4.1742,2,0.91,2,27.0252,2,39.6,2,0.177,2
P20,2,424.1,2,4.1654,2,0.91,2,27.0265,2,39.6,2,0.17800000000000002,2
P20,2,425.0,2,4.1692,2,0.9,2,27.0271,2,39.0,2,0.17600000000000002,2
P20,2,426.0,2,4.1685,2,0.89,2,27.0282,2,38.8,2,0.177,2
P20,2,427.0,2,4.1610000000000005,2,0.89,2,27.0304,2,38.5,2,0.17600000000000002,2
P20,2,428.0,2,4.1572,2,0.88,2,27.0318,2,38.2,2,0.179,2
P20,2,429.0,2,4.1506,2,0.87,2,27.0333,2,37.9,2,0.17600000000000002,2
P20,2,430.0,2,4.1454,2,0.87,2,27.0342,2,37.6,2,0.17600000000000002,2
P20,2,431.0,2,4.1454,2,0.85,2,27.0375,2,36.9,2,0.17600000000000002,2
P20,2,432.0,2,4.1455,2,0.84,2,27.0386,2,36.5,2,0.177,2
P20,2,433.0,2,4.1379,2,0.84,2,27.0399,2,36.6,2,0.177,2
P20,2,434.0,2,4.1319,2,0.84,2,27.0404,2,36.6,2,0.174,2
P20,2,435.0,2,4.13,2,0.84,2,27.0414,2,36.5,2,0.17600000000000002,2
P20,2,436.0,2,4.1275,2,0.83,2,27.0422,2,36.2,2,0.177,2
P20,2,437.0,2,4.1238,2,0.83,2,27.0433,2,35.9,2,0.177,2
P20,2,438.0,2,4.122,2,0.82,2,27.0449,2,35.9,2,0.17600000000000002,2
P20,2,439.0,2,4.1199,2,0.82,2,27.0457,2,35.8,2,0.17800000000000002,2
P20,2,439.8,2,4.1194,2,0.83,2,27.046,2,35.9,2,0.17800000000000002,2
P20,2,441.5,2,4.12,2,0.81,2,27.0467,2,35.4,2,0.17600000000000002,2
P20,2,442.0,2,4.1174,2,0.81,2,27.0475,2,35.3,2,0.175,2
P20,2,443.0,2,4.1136,2,0.8,2,27.0484,2,34.8,2,0.172,2
P20,2,444.0,2,4.1082,2,0.8,2,27.0493,2,34.8,2,0.172,2
P20,2,445.0,2,4.1009,2,0.81,2,27.0501,2,35.2,2,0.172,2
P20,2,446.0,2,4.0954,2,0.81,2,27.0508,2,35.2,2,0.17300000000000001,2
P20,2,447.0,2,4.0875,2,0.81,2,27.0519,2,35.1,2,0.17600000000000002,2
P20,2,448.0,2,4.0825,2,0.81,2,27.053,2,35.1,2,0.175,2
P20,2,449.0,2,4.0804,2,0.81,2,27.0537,2,35.2,2,0.17600000000000002,2
P20,2,450.0,2,4.0783,2,0.81,2,27.0545,2,35.0,2,0.17600000000000002,2
P20,2,451.0,2,4.0756,2,0.8,2,27.0552,2,34.7,2,0.18100000000000002,2
P20,2,451.7,2,4.075,2,0.8,2,27.0553,2,34.7,2,0.17800000000000002,2
P20,2,453.3,2,4.0661,2,0.78,2,27.0588,2,34.0,2,0.17600000000000002,2
P20,2,454.0,2,4.0596,2,0.77,2,27.0615,2,33.3,2,0.17600000000000002,2
P20,2,455.0,2,4.0601,2,0.75,2,27.0624,2,32.6,2,0.172,2
P20,2,456.0,2,4.0605,2,0.75,2,27.0638,2,32.6,2,0.17600000000000002,2
P20,2,457.0,2,4.0576,2,0.74,2,27.065,2,32.3,2,0.175,2
P20,2,458.0,2,4.0521,2,0.74,2,27.0661,2,32.2,2,0.17300000000000001,2
P20,2,459.0,2,4.0499,2,0.74,2,27.0668,2,32.1,2,0.17300000000000001,2
P20,2,460.0,2,4.0468,2,0.74,2,27.0673,2,32.0,2,0.175,2
P20,2,461.0,2,4.0449,2,0.74,2,27.0685,2,31.9,2,0.17600000000000002,2
P20,2,462.0,2,4.0411,2,0.73,2,27.0699,2,31.8,2,0.179,2
P20,2,463.1,2,4.0379,2,0.73,2,27.0709,2,31.8,2,0.17800000000000002,2
P20,2,463.5,2,4.0374,2,0.74,2,27.0712,2,32.2,2,0.17600000000000002,2
P20,2,465.1,2,4.0346,2,0.72,2,27.0722,2,31.4,2,0.17600000000000002,2
P20,2,466.0,2,4.0323,2,0.72,2,27.0729,2,31.3,2,0.174,2
P20,2,467.0,2,4.0239,2,0.71,2,27.0752,2,31.0,2,0.174,2
P20,2,468.0,2,4.016,2,0.71,2,27.0775,2,30.8,2,0.17600000000000002,2
P20,2,469.0,2,4.0107,2,0.7,2,27.0791,2,30.5,2,0.17800000000000002,2
P20,2,470.5,2,4.0082,2,0.68,2,27.0796,2,29.6,2,0.17600000000000002,2
P20,2,471.0,2,4.006,2,0.69,2,27.0806,2,29.9,2,0.17600000000000002,2
P20,2,472.0,2,4.0036,2,0.69,2,27.0812,2,30.2,2,0.172,2
P20,2,473.0,2,4.0003,2,0.69,2,27.0822,2,30.2,2,0.172,2
P20,2,474.0,2,3.9985,2,0.69,2,27.0828,2,30.0,2,0.17600000000000002,2
P20,2,475.0,2,3.9968,2,0.69,2,27.0832,2,29.9,2,0.17600000000000002,2
P20,2,476.0,2,3.9924,2,0.68,2,27.0843,2,29.7,2,0.175,2
P20,2,477.0,2,3.9874,2,0.68,2,27.0857,2,29.3,2,0.17300000000000001,2
P20,2,478.0,2,3.9842,2,0.67,2,27.0871,2,29.2,2,0.17600000000000002,2
P20,2,479.0,2,3.9812,2,0.67,2,27.0884,2,29.2,2,0.174,2
P20,2,480.0,2,3.9787,2,0.67,2,27.0892,2,29.0,2,0.171,2
P20,2,481.0,2,3.9767,2,0.66,2,27.0898,2,28.7,2,0.174,2
P20,2,482.0,2,3.9739,2,0.66,2,27.0905,2,28.6,2,0.17600000000000002,2
P20,2,482.7,2,3.9717,2,0.66,2,27.0914,2,28.8,2,0.17800000000000002,2
P20,2,484.2,2,3.9644,2,0.66,2,27.0937,2,28.6,2,0.174,2
P20,2,485.0,2,3.9601,2,0.65,2,27.0949,2,28.3,2,0.175,2
P20,2,486.0,2,3.9557,2,0.65,2,27.0956,2,28.1,2,0.17300000000000001,2
P20,2,487.0,2,3.9536,2,0.65,2,27.0963,2,28.1,2,0.174,2
P20,2,488.0,2,3.9487,2,0.64,2,27.0973,2,28.0,2,0.175,2
P20,2,489.0,2,3.9441,2,0.64,2,27.0987,2,27.9,2,0.172,2
P20,2,490.0,2,3.9419,2,0.64,2,27.0993,2,27.7,2,0.17600000000000002,2
P20,2,491.0,2,3.9379,2,0.64,2,27.1007,2,27.7,2,0.17600000000000002,2
P20,2,492.0,2,3.9353,2,0.63,2,27.1012,2,27.4,2,0.17600000000000002,2
P20,2,493.0,2,3.9328,2,0.63,2,27.101999999999997,2,27.2,2,0.175,2
P20,2,494.0,2,3.9286,2,0.62,2,27.1031,2,27.2,2,0.174,2
P20,2,495.0,2,3.9265,2,0.63,2,27.1037,2,27.3,2,0.174,2
P20,2,496.0,2,3.9222,2,0.62,2,27.105,2,27.2,2,0.175,2
P20,2,496.6,2,3.9197,2,0.63,2,27.1057,2,27.3,2,0.179,2
P20,2,498.2,2,3.9122,2,0.61,2,27.108,2,26.5,2,0.17300000000000001,2
P20,2,499.0,2,3.9058,2,0.61,2,27.11,2,26.5,2,0.17,2
P20,2,500.0,2,3.9013,2,0.61,2,27.1114,2,26.4,2,0.16899999999999998,2
P20,2,501.0,2,3.8978,2,0.61,2,27.1126,2,26.5,2,0.171,2
P20,2,502.0,2,3.8941,2,0.61,2,27.1142,2,26.4,2,0.172,2
P20,2,503.0,2,3.8943,2,0.61,2,27.1144,2,26.3,2,0.17,2
P20,2,504.0,2,3.8946,2,0.61,2,27.1145,2,26.3,2,0.172,2
P20,2,505.0,2,3.8934,2,0.6,2,27.1151,2,26.0,2,0.172,2
P20,2,506.0,2,3.889,2,0.6,2,27.116,2,26.1,2,0.172,2
P20,2,507.0,2,3.8865,2,0.61,2,27.1165,2,26.5,2,0.17600000000000002,2
P20,2,509.4,2,3.8798,2,0.59,2,27.1182,2,25.6,2,0.172,2
P20,2,510.0,2,3.8767,2,0.59,2,27.1193,2,25.5,2,0.17,2
P20,2,511.0,2,3.8747,2,0.58,2,27.12,2,25.4,2,0.16899999999999998,2
P20,2,512.0,2,3.8739999999999997,2,0.58,2,27.1204,2,25.3,2,0.17,2
P20,2,513.0,2,3.8717,2,0.58,2,27.121,2,25.2,2,0.171,2
P20,2,514.0,2,3.8689,2,0.58,2,27.1214,2,25.3,2,0.172,2
P20,2,515.0,2,3.8656,2,0.58,2,27.1228,2,25.2,2,0.174,2
P20,2,516.0,2,3.8633,2,0.57,2,27.1236,2,25.0,2,0.17300000000000001,2
P20,2,517.0,2,3.8606,2,0.57,2,27.1244,2,24.8,2,0.171,2
P20,2,518.0,2,3.859,2,0.57,2,27.125,2,24.6,2,0.172,2
P20,2,519.0,2,3.8542,2,0.57,2,27.1269,2,24.7,2,0.171,2
P20,2,520.0,2,3.8506,2,0.57,2,27.1281,2,24.7,2,0.171,2
P20,2,521.0,2,3.8477,2,0.56,2,27.129,2,24.5,2,0.17600000000000002,2
P20,2,522.0,2,3.8446,2,0.56,2,27.1306,2,24.5,2,0.177,2
P20,2,524.1,2,3.8443,2,0.56,2,27.1318,2,24.4,2,0.17,2
P20,2,525.0,2,3.8432,2,0.56,2,27.1323,2,24.3,2,0.172,2
P20,2,526.0,2,3.8417,2,0.55,2,27.1331,2,24.1,2,0.171,2
P20,2,527.0,2,3.8409,2,0.55,2,27.1335,2,24.1,2,0.17,2
P20,2,528.0,2,3.8393,2,0.56,2,27.1339,2,24.2,2,0.172,2
P20,2,529.0,2,3.8375,2,0.56,2,27.1345,2,24.2,2,0.17300000000000001,2
P20,2,530.0,2,3.8362,2,0.56,2,27.1349,2,24.2,2,0.17600000000000002,2
P20,2,530.8,2,3.835,2,0.56,2,27.1353,2,24.2,2,0.17600000000000002,2
P20,2,532.1,2,3.8343,2,0.56,2,27.1356,2,24.4,2,0.171,2
P20,2,533.0,2,3.8328,2,0.56,2,27.1359,2,24.4,2,0.17300000000000001,2
P20,2,534.0,2,3.8317,2,0.56,2,27.1362,2,24.2,2,0.171,2
P20,2,535.0,2,3.8314,2,0.55,2,27.1363,2,24.0,2,0.171,2
P20,2,536.0,2,3.8309,2,0.55,2,27.1365,2,24.1,2,0.171,2
P20,2,537.0,2,3.8293,2,0.56,2,27.1369,2,24.3,2,0.172,2
P20,2,538.0,2,3.8279,2,0.56,2,27.1374,2,24.3,2,0.171,2
P20,2,538.9,2,3.8263,2,0.56,2,27.1381,2,24.2,2,0.17600000000000002,2
P20,2,540.4,2,3.8245,2,0.55,2,27.1389,2,23.8,2,0.17300000000000001,2
P20,2,541.0,2,3.824,2,0.55,2,27.1393,2,23.8,2,0.172,2
P20,2,542.0,2,3.8225,2,0.54,2,27.1399,2,23.5,2,0.172,2
P20,2,543.0,2,3.8215,2,0.54,2,27.1401,2,23.4,2,0.172,2
P20,2,544.0,2,3.8205,2,0.54,2,27.1407,2,23.4,2,0.174,2
P20,2,545.0,2,3.8177,2,0.54,2,27.1416,2,23.3,2,0.17300000000000001,2
P20,2,546.0,2,3.8148,2,0.54,2,27.1426,2,23.3,2,0.171,2
P20,2,547.0,2,3.8141,2,0.53,2,27.1428,2,23.2,2,0.171,2
P20,2,548.0,2,3.8129,2,0.53,2,27.1434,2,23.0,2,0.172,2
P20,2,549.0,2,3.8106,2,0.53,2,27.1442,2,23.0,2,0.17300000000000001,2
P20,2,550.0,2,3.8089999999999997,2,0.53,2,27.1449,2,23.0,2,0.17600000000000002,2
P20,2,550.7,2,3.8088,2,0.53,2,27.1451,2,23.0,2,0.175,2
P20,2,552.0,2,3.8071,2,0.52,2,27.146,2,22.8,2,0.17300000000000001,2
P20,2,553.0,2,3.8056,2,0.52,2,27.1467,2,22.6,2,0.171,2
P20,2,554.0,2,3.8036,2,0.52,2,27.1476,2,22.8,2,0.17,2
P20,2,555.0,2,3.8013,2,0.52,2,27.1488,2,22.6,2,0.17,2
P20,2,556.0,2,3.7999,2,0.51,2,27.1495,2,22.4,2,0.174,2
P20,2,557.0,2,3.7983,2,0.52,2,27.1502,2,22.6,2,0.17600000000000002,2
P20,2,557.6,2,3.7967,2,0.52,2,27.1509,2,22.7,2,0.17600000000000002,2
P20,2,559.2,2,3.7958,2,0.52,2,27.1514,2,22.5,2,0.171,2
P20,2,560.0,2,3.7951,2,0.51,2,27.1516,2,22.4,2,0.16899999999999998,2
P20,2,561.0,2,3.7942,2,0.51,2,27.151999999999997,2,22.2,2,0.171,2
P20,2,562.0,2,3.7932,2,0.51,2,27.1526,2,22.1,2,0.171,2
P20,2,563.0,2,3.7912,2,0.51,2,27.1533,2,22.3,2,0.16899999999999998,2
P20,2,564.0,2,3.7899,2,0.52,2,27.1539,2,22.5,2,0.172,2
P20,2,565.0,2,3.7886,2,0.51,2,27.1543,2,22.3,2,0.17300000000000001,2
P20,2,566.0,2,3.7871,2,0.5,2,27.1553,2,21.9,2,0.174,2
P20,2,567.0,2,3.7867,2,0.51,2,27.1558,2,22.2,2,0.17600000000000002,2
P20,2,568.0,2,3.7868,2,0.5,2,27.1559,2,21.9,2,0.175,2
P20,2,569.0,2,3.7817,2,0.51,2,27.1562,2,22.1,2,0.172,2
P20,2,570.0,2,3.7777,2,0.51,2,27.1566,2,22.1,2,0.17300000000000001,2
P20,2,571.0,2,3.7775,2,0.51,2,27.156999999999996,2,22.2,2,0.172,2
P20,2,572.0,2,3.7775,2,0.51,2,27.1576,2,22.1,2,0.172,2
P20,2,573.0,2,3.778,2,0.5,2,27.1581,2,21.8,2,0.17,2
P20,2,574.0,2,3.7774,2,0.5,2,27.1589,2,21.6,2,0.16899999999999998,2
P20,2,575.0,2,3.7762,2,0.5,2,27.1599,2,21.8,2,0.171,2
P20,2,576.0,2,3.7759,2,0.5,2,27.1603,2,21.7,2,0.174,2
P20,2,577.0,2,3.7759,2,0.5,2,27.1605,2,21.5,2,0.171,2
P20,2,578.0,2,3.7757,2,0.5,2,27.1609,2,21.6,2,0.172,2
P20,2,579.0,2,3.7746,2,0.5,2,27.1615,2,21.5,2,0.16899999999999998,2
P20,2,580.0,2,3.7739999999999996,2,0.49,2,27.1618,2,21.3,2,0.17300000000000001,2
P20,2,580.9,2,3.7731,2,0.49,2,27.1622,2,21.4,2,0.172,2
P20,2,582.4,2,3.7715,2,0.49,2,27.163,2,21.2,2,0.172,2
P20,2,583.0,2,3.7684,2,0.49,2,27.1635,2,21.1,2,0.17,2
P20,2,584.0,2,3.76,2,0.49,2,27.1649,2,21.3,2,0.168,2
P20,2,585.0,2,3.7565,2,0.49,2,27.1656,2,21.4,2,0.16899999999999998,2
P20,2,586.0,2,3.7535,2,0.5,2,27.166999999999998,2,21.5,2,0.16899999999999998,2
P20,2,587.0,2,3.7525,2,0.5,2,27.1681,2,21.5,2,0.172,2
P20,2,588.0,2,3.7529,2,0.49,2,27.1689,2,21.3,2,0.171,2
P20,2,589.0,2,3.752,2,0.49,2,27.17,2,21.1,2,0.171,2
P20,2,590.3,2,3.7491,2,0.49,2,27.1708,2,21.1,2,0.16899999999999998,2
P20,2,591.0,2,3.7494,2,0.48,2,27.1709,2,20.8,2,0.16899999999999998,2
P20,2,592.0,2,3.7509,2,0.48,2,27.1715,2,20.8,2,0.171,2
P20,2,593.0,2,3.7498,2,0.48,2,27.1718,2,20.9,2,0.16899999999999998,2
P20,2,594.0,2,3.7486,2,0.48,2,27.1723,2,20.9,2,0.171,2
P20,2,595.0,2,3.7484,2,0.48,2,27.1724,2,20.7,2,0.171,2
P20,2,596.0,2,3.7455,2,0.48,2,27.1729,2,20.8,2,0.172,2
P20,2,598.3,2,3.7460000000000004,2,0.48,2,27.1738,2,20.7,2,0.16899999999999998,2
P20,2,599.0,2,3.7435,2,0.47,2,27.1749,2,20.6,2,0.16899999999999998,2
P20,2,600.0,2,3.7421,2,0.47,2,27.1753,2,20.4,2,0.171,2
P20,2,601.0,2,3.7416,2,0.47,2,27.1756,2,20.6,2,0.171,2
P20,2,602.0,2,3.739,2,0.48,2,27.1767,2,20.8,2,0.172,2
P20,2,602.6,2,3.737,2,0.48,2,27.1774,2,20.8,2,0.172,2
END_DATA
