CTD,20190304CCHSIOLMM
#-----------------------------------------------------------------------------------------------------------,,,,,,,,,,,,,,,,,
#Transmissivity Fluorescence and PAR are nominal and unedited except that some records were removed in editing temperature and salinity.,,,,,,,,,,,,,,,,,
#,,,,,,,,,,,,,,,,,
#COMMENTS FOR FILES 0001 TO 0040:,,,,,,,,,,,,,,,,,
#The Oxygen:Dissolved:CTD data for this cruise were recalibrated in three steps.,,,,,,,,,,,,,,,,,
#The first correction was applied to data from above 1400 dbar and to all of cast 0040.,,,,,,,,,,,,,,,,,
#The second was applied to data below 1400 dbar from casts 0015 to 0038.,,,,,,,,,,,,,,,,,
#The final correction was applied to all data. ,,,,,,,,,,,,,,,,,
#,,,,,,,,,,,,,,,,,
#Oxygen:Dissolved:CTD data below 1400 dbar are very noisy and are considered less reliable because of the noisy signal; the limitations in the calibration; and because it was impossible to fine-tune the configuration parameters to get the best possible deep data; so there may be some hysteresis.,,,,,,,,,,,,,,,,,
#,,,,,,,,,,,,,,,,,
#The Oxygen:Dissolved:CTD data should be considered:,,,,,,,,,,,,,,,,,
#      • ±0.4 ml/l from 0 to 200 dbar,,,,,,,,,,,,,,,,,
#      • ±0.1 ml/l from 200 to 500 dbar,,,,,,,,,,,,,,,,,
#      • ±0.04 ml/l from 500 to 1500 dbar,,,,,,,,,,,,,,,,,
#      • ±0.2 ml/l below 1500 dbar,,,,,,,,,,,,,,,,,
#,,,,,,,,,,,,,,,,,
#COMMENTS FOR FILES 0046 TO 0060:,,,,,,,,,,,,,,,,,
#There were no bottle samples available to recalibrate the dissolved oxygen sensor used for this cast. ,,,,,,,,,,,,,,,,,
#Recalibration was based only on an inter-comparison of repeat casts at station P26; one with sensor #0997 (used for casts 0001 to 0040) and two with sensor #1119 (used for casts 0046 to 0060). ,,,,,,,,,,,,,,,,,
#The casts were separated in time by 4 to 6 hours.,,,,,,,,,,,,,,,,,
#Temporal variations were found to be very large between 100 and 700 dbar during repeat casts using a single sensor so the inter-comparison of sensors was limited to the mixed layer from 0 to 100 dbar and below 700 dbar. ,,,,,,,,,,,,,,,,,
#This limits the range included in the fit to high and low values.,,,,,,,,,,,,,,,,,
#A final calibration applied was based on studies of sensor #0997.,,,,,,,,,,,,,,,,,
#,,,,,,,,,,,,,,,,,
#The comparisons in areas of low Oxygen:Dissolved gradients suggest that this sensor performed well. ,,,,,,,,,,,,,,,,,
#A rough estimate suggests that the data is likely to be within:,,,,,,,,,,,,,,,,,
#      • ±0.4 ml/l from 0 to 200 dbar,,,,,,,,,,,,,,,,,
#      • ±0.2 ml/l below 200 dbar,,,,,,,,,,,,,,,,,
#,,,,,,,,,,,,,,,,,
#Transmissometer #1005DR was calibrated in March 2008 and drifted significantly but steadily until July 2009. ,,,,,,,,,,,,,,,,,
#Then a sudden shift occurred so that maximum values between September 2009 and July 2010 were very low by about 25 %/m. ,,,,,,,,,,,,,,,,,
#In August 2010 a study was made of transmissivity that led to a decision to apply post-processing corrections to all cruises between March 2008 and June 2010.,,,,,,,,,,,,,,,,,
#,,,,,,,,,,,,,,,,,
#Transmissivity data from this cruise were corrected by multiplying the original values by a correction factor which was based on assumptions that deep offshore transmissivity from a June 2009 cruise should be about 62 %/m and that drift was linear with time between March 2008 and July 2009. ,,,,,,,,,,,,,,,,,
#The corrections produced reasonable results for all cruises in that time period. ,,,,,,,,,,,,,,,,,
#,,,,,,,,,,,,,,,,,
#For details on the transmissometer post-processing see: Transmissometer_1005DR_Corrections.pdf.,,,,,,,,,,,,,,,,,
#,,,,,,,,,,,,,,,,,
#These data should still be considered nominal.,,,,,,,,,,,,,,,,,
#---------------------------------------------------------------------------------------------------,,,,,,,,,,,,,,,,,
#For details on the processing see file 2009-03-proc.pdf.,,,,,,,,,,,,,,,,,
#---------------------------------------------------------------------------------------------------,,,,,,,,,,,,,,,,,
#,,,,,,,,,,,,,,,,,
#File Name,Zone,FIL:START TIME YYYY/MM/DD, HH:MM,LOC:EVENT_NUMBER,LOC:LATITUDE,LOC:LONGITUDE,LOC:STATION,Pressure:CTD [dbar],Temperature:CTD [deg_C_(ITS90)],Salinity:Practical:CTD [PSS-78],Sigma-t:CTD [kg/m^3],Transmissivity:CTD [*/m],Oxygen:Dissolved:CTD:Volume [ml/l],Oxygen:Dissolved:CTD:Mass [µmol/kg],Fluorescence:CTD [mg/m^3],PAR:CTD [µE/m^2/sec],
#,,,,,,,,,,,,,,,,,
NUMBER_HEADERS = 8
EXPOCODE = 18DD20090127
STNBR = P22
CASTNO = 1
DATE = 06/02/2009
TIME =  16:32
LATITUDE = 49.7
LONGITUDE = -140.66383000000002
CTDPRS,CTDPRS_FLAG_W,CTDTMP,CTDTMP_FLAG_W,CTDSAL,CTDSAL_FLAG_W,CTDOXY,CTDOXY_FLAG_W,CTDXMISS,CTDXMISS_FLAG_W,CTDFLUOR,CTDFLUOR_FLAG_W,PAR,PAR_FLAG_W
DBAR,,ITS-90,,PSS-78,,UMOL/KG,,,,MG/M^3,,UE/m^2/sec,
P22,2,3.2,2,6.229,2,6.92,2,25.5955,2,301.4,2,1.324,2
P22,2,4.2,2,6.2274,2,6.91,2,25.5962,2,300.9,2,1.385,2
P22,2,5.0,2,6.2261,2,6.92,2,25.5965,2,301.3,2,1.43,2
P22,2,6.0,2,6.2259,2,6.93,2,25.5965,2,301.5,2,1.345,2
P22,2,7.0,2,6.2256,2,6.93,2,25.5965,2,301.8,2,1.361,2
P22,2,8.0,2,6.2257,2,6.94,2,25.5966,2,302.2,2,1.339,2
P22,2,9.1,2,6.2245,2,6.95,2,25.5968,2,302.4,2,1.367,2
P22,2,9.5,2,6.2246,2,6.95,2,25.5967,2,302.3,2,1.329,2
P22,2,12.1,2,6.2224,2,6.93,2,25.596999999999998,2,301.7,2,1.284,2
P22,2,13.0,2,6.2218,2,6.93,2,25.596999999999998,2,301.7,2,1.3159999999999998,2
P22,2,14.0,2,6.222,2,6.93,2,25.596999999999998,2,301.9,2,1.3559999999999999,2
P22,2,15.0,2,6.2227,2,6.94,2,25.5969,2,302.3,2,1.374,2
P22,2,16.1,2,6.2228,2,6.94,2,25.596999999999998,2,302.2,2,1.291,2
P22,2,17.0,2,6.2226,2,6.93,2,25.596999999999998,2,301.8,2,1.3,2
P22,2,18.0,2,6.2216,2,6.93,2,25.596999999999998,2,301.7,2,1.278,2
P22,2,19.0,2,6.2214,2,6.93,2,25.5972,2,301.9,2,1.3980000000000001,2
P22,2,20.0,2,6.2216,2,6.93,2,25.5972,2,301.7,2,1.2930000000000001,2
P22,2,21.0,2,6.2222,2,6.93,2,25.5971,2,301.7,2,1.3459999999999999,2
P22,2,22.0,2,6.2239,2,6.93,2,25.5968,2,301.6,2,1.318,2
P22,2,23.0,2,6.2234,2,6.93,2,25.5971,2,301.5,2,1.236,2
P22,2,24.0,2,6.2239,2,6.93,2,25.5969,2,301.6,2,1.268,2
P22,2,25.0,2,6.2238,2,6.93,2,25.596999999999998,2,301.7,2,1.29,2
P22,2,26.0,2,6.2234,2,6.94,2,25.5971,2,302.0,2,1.38,2
P22,2,27.1,2,6.2232,2,6.93,2,25.596999999999998,2,301.9,2,1.315,2
P22,2,28.0,2,6.2219,2,6.92,2,25.5972,2,301.4,2,1.295,2
P22,2,29.0,2,6.2217,2,6.94,2,25.5974,2,302.3,2,1.27,2
P22,2,30.0,2,6.2215,2,6.94,2,25.5972,2,302.3,2,1.3119999999999998,2
P22,2,31.0,2,6.2216,2,6.94,2,25.5972,2,302.3,2,1.291,2
P22,2,32.0,2,6.2226,2,6.95,2,25.5969,2,302.4,2,1.311,2
P22,2,33.0,2,6.224,2,6.95,2,25.5968,2,302.5,2,1.291,2
P22,2,34.0,2,6.2239,2,6.95,2,25.5969,2,302.7,2,1.245,2
P22,2,35.0,2,6.2233,2,6.95,2,25.5972,2,302.5,2,1.2670000000000001,2
P22,2,36.0,2,6.2218,2,6.95,2,25.5974,2,302.3,2,1.268,2
P22,2,37.1,2,6.2217,2,6.94,2,25.5974,2,302.0,2,1.22,2
P22,2,39.4,2,6.2213,2,6.94,2,25.5975,2,302.0,2,1.22,2
P22,2,40.0,2,6.2211,2,6.93,2,25.5974,2,301.9,2,1.26,2
P22,2,41.0,2,6.2215,2,6.93,2,25.5972,2,301.8,2,1.215,2
P22,2,42.0,2,6.2215,2,6.93,2,25.5973,2,301.8,2,1.256,2
P22,2,43.0,2,6.2214,2,6.93,2,25.5974,2,301.8,2,1.229,2
P22,2,44.0,2,6.2178,2,6.93,2,25.5979,2,301.9,2,1.25,2
P22,2,45.0,2,6.2137,2,6.94,2,25.5983,2,302.1,2,1.335,2
P22,2,46.0,2,6.2114,2,6.94,2,25.5987,2,302.2,2,1.253,2
P22,2,47.0,2,6.2115,2,6.94,2,25.5988,2,302.0,2,1.33,2
P22,2,48.0,2,6.2111,2,6.93,2,25.5987,2,301.8,2,1.304,2
P22,2,49.0,2,6.2085,2,6.92,2,25.5991,2,301.2,2,1.3159999999999998,2
P22,2,50.0,2,6.2091,2,6.91,2,25.599,2,300.7,2,1.338,2
P22,2,51.0,2,6.2062,2,6.91,2,25.5993,2,300.8,2,1.2919999999999998,2
P22,2,52.0,2,6.2015,2,6.93,2,25.6,2,301.4,2,1.2329999999999999,2
P22,2,53.0,2,6.2035,2,6.94,2,25.5997,2,302.0,2,1.301,2
P22,2,54.0,2,6.1907,2,6.95,2,25.6017,2,302.3,2,1.219,2
P22,2,55.0,2,6.1808,2,6.95,2,25.6031,2,302.4,2,1.186,2
P22,2,56.0,2,6.1739999999999995,2,6.94,2,25.6041,2,302.2,2,1.197,2
P22,2,57.4,2,6.1916,2,6.93,2,25.6013,2,301.5,2,1.2229999999999999,2
P22,2,58.0,2,6.1924,2,6.93,2,25.6014,2,301.7,2,1.298,2
P22,2,59.0,2,6.1853,2,6.94,2,25.6025,2,301.9,2,1.263,2
P22,2,60.0,2,6.1859,2,6.93,2,25.6024,2,301.9,2,1.237,2
P22,2,61.0,2,6.1694,2,6.93,2,25.6048,2,301.7,2,1.255,2
P22,2,62.0,2,6.1672,2,6.93,2,25.6051,2,301.5,2,1.2790000000000001,2
P22,2,63.0,2,6.1511,2,6.92,2,25.6074,2,301.3,2,1.2009999999999998,2
P22,2,64.0,2,6.1229,2,6.93,2,25.6116,2,301.5,2,1.196,2
P22,2,65.0,2,6.1171,2,6.93,2,25.6123,2,301.8,2,1.175,2
P22,2,66.0,2,6.1148,2,6.94,2,25.6126,2,302.1,2,1.213,2
P22,2,67.0,2,6.1101,2,6.94,2,25.6134,2,302.1,2,1.2009999999999998,2
P22,2,68.0,2,6.1095,2,6.94,2,25.6134,2,301.9,2,1.138,2
P22,2,69.0,2,6.1077,2,6.93,2,25.6138,2,301.5,2,1.165,2
P22,2,70.0,2,6.1058,2,6.93,2,25.6142,2,301.7,2,1.137,2
P22,2,70.9,2,6.1046,2,6.93,2,25.6143,2,301.8,2,1.12,2
P22,2,72.0,2,6.1024,2,6.94,2,25.6148,2,302.0,2,1.1520000000000001,2
P22,2,73.0,2,6.0983,2,6.94,2,25.6157,2,302.0,2,1.08,2
P22,2,74.0,2,6.0974,2,6.93,2,25.6158,2,301.7,2,1.047,2
P22,2,75.0,2,6.0948,2,6.92,2,25.6166,2,301.4,2,1.025,2
P22,2,76.0,2,6.0920000000000005,2,6.92,2,25.6182,2,301.2,2,1.089,2
P22,2,77.0,2,6.0911,2,6.91,2,25.6227,2,301.0,2,0.9440000000000001,2
P22,2,78.0,2,6.0918,2,6.89,2,25.6239,2,300.0,2,0.877,2
P22,2,79.0,2,6.0907,2,6.86,2,25.6269,2,298.6,2,0.815,2
P22,2,80.0,2,6.0685,2,6.83,2,25.6393,2,297.5,2,0.765,2
P22,2,81.0,2,6.0607,2,6.82,2,25.648000000000003,2,297.1,2,0.8079999999999999,2
P22,2,82.0,2,6.0432,2,6.82,2,25.656999999999996,2,296.9,2,0.607,2
P22,2,83.0,2,6.0267,2,6.82,2,25.663,2,296.9,2,0.521,2
P22,2,84.0,2,6.0047,2,6.81,2,25.6698,2,296.4,2,0.45299999999999996,2
P22,2,85.0,2,5.9803,2,6.79,2,25.6784,2,295.4,2,0.434,2
P22,2,86.0,2,5.9428,2,6.78,2,25.689,2,295.0,2,0.424,2
P22,2,87.0,2,5.9291,2,6.77,2,25.691999999999997,2,294.7,2,0.396,2
P22,2,88.0,2,5.92,2,6.77,2,25.6936,2,294.6,2,0.35700000000000004,2
P22,2,89.0,2,5.9082,2,6.77,2,25.6956,2,294.7,2,0.355,2
P22,2,90.1,2,5.9048,2,6.77,2,25.6964,2,294.8,2,0.34,2
P22,2,91.2,2,5.9038,2,6.78,2,25.6968,2,295.1,2,0.369,2
P22,2,92.0,2,5.8993,2,6.78,2,25.6975,2,294.9,2,0.359,2
P22,2,93.0,2,5.8828,2,6.76,2,25.7,2,294.1,2,0.319,2
P22,2,94.0,2,5.8443,2,6.75,2,25.7066,2,293.9,2,0.321,2
P22,2,95.0,2,5.8151,2,6.75,2,25.715,2,294.0,2,0.341,2
P22,2,96.0,2,5.74,2,6.76,2,25.7258,2,294.0,2,0.327,2
P22,2,97.0,2,5.669,2,6.76,2,25.7379,2,294.2,2,0.332,2
P22,2,98.1,2,5.6632,2,6.76,2,25.7453,2,294.2,2,0.28600000000000003,2
P22,2,99.3,2,5.6115,2,6.74,2,25.7522,2,293.6,2,0.28800000000000003,2
P22,2,100.0,2,5.5622,2,6.73,2,25.7662,2,293.0,2,0.258,2
P22,2,101.0,2,5.5485,2,6.72,2,25.7718,2,292.3,2,0.244,2
P22,2,102.0,2,5.5360000000000005,2,6.71,2,25.7779,2,292.1,2,0.235,2
P22,2,103.0,2,5.5120000000000005,2,6.7,2,25.789,2,291.8,2,0.23800000000000002,2
P22,2,104.0,2,5.4935,2,6.69,2,25.7944,2,291.1,2,0.23199999999999998,2
P22,2,104.7,2,5.4749,2,6.68,2,25.8025,2,290.5,2,0.308,2
P22,2,106.0,2,5.3951,2,6.61,2,25.8324,2,287.8,2,0.19399999999999998,2
P22,2,107.0,2,5.3529,2,6.58,2,25.8533,2,286.4,2,0.20600000000000002,2
P22,2,108.0,2,5.337000000000001,2,6.56,2,25.861,2,285.4,2,0.20600000000000002,2
P22,2,109.0,2,5.3113,2,6.55,2,25.8718,2,285.2,2,0.175,2
P22,2,110.0,2,5.2778,2,6.55,2,25.8854,2,284.9,2,0.17800000000000002,2
P22,2,110.6,2,5.2628,2,6.55,2,25.8914,2,284.8,2,0.158,2
P22,2,111.9,2,5.2455,2,6.51,2,25.8995,2,283.1,2,0.183,2
P22,2,113.0,2,5.2417,2,6.47,2,25.9015,2,281.6,2,0.157,2
P22,2,114.0,2,5.2268,2,6.44,2,25.909000000000002,2,280.3,2,0.151,2
P22,2,115.0,2,5.1809,2,6.42,2,25.9314,2,279.5,2,0.153,2
P22,2,116.0,2,5.1139,2,6.41,2,25.9663,2,279.1,2,0.142,2
P22,2,117.1,2,5.0935,2,6.41,2,25.9777,2,278.8,2,0.122,2
P22,2,118.2,2,5.0721,2,6.35,2,25.9946,2,276.2,2,0.11599999999999999,2
P22,2,119.0,2,5.0477,2,6.31,2,26.0105,2,274.4,2,0.099,2
P22,2,120.0,2,5.0315,2,6.28,2,26.022,2,273.3,2,0.098,2
P22,2,121.0,2,5.0255,2,6.25,2,26.0266,2,272.0,2,0.08800000000000001,2
P22,2,122.0,2,5.0131,2,6.23,2,26.038,2,271.0,2,0.1,2
P22,2,123.0,2,4.9984,2,6.21,2,26.0526,2,270.1,2,0.083,2
P22,2,124.0,2,4.98,2,6.2,2,26.070999999999998,2,269.6,2,0.078,2
P22,2,125.1,2,4.9711,2,6.14,2,26.0802,2,267.4,2,0.105,2
P22,2,126.0,2,4.9632,2,6.12,2,26.0879,2,266.4,2,0.08199999999999999,2
P22,2,127.0,2,4.956,2,6.11,2,26.0957,2,265.9,2,0.08,2
P22,2,128.0,2,4.9499,2,6.1,2,26.1026,2,265.5,2,0.073,2
P22,2,129.0,2,4.9463,2,6.09,2,26.1069,2,265.1,2,0.086,2
P22,2,129.7,2,4.9441,2,6.09,2,26.11,2,265.0,2,0.073,2
P22,2,131.0,2,4.9412,2,6.02,2,26.1183,2,262.0,2,0.068,2
P22,2,132.0,2,4.9383,2,6.0,2,26.1241,2,260.9,2,0.071,2
P22,2,133.0,2,4.936,2,5.95,2,26.1286,2,258.7,2,0.068,2
P22,2,134.0,2,4.9349,2,5.87,2,26.131999999999998,2,255.3,2,0.076,2
P22,2,135.0,2,4.9344,2,5.8,2,26.1352,2,252.4,2,0.064,2
P22,2,136.0,2,4.9392,2,5.75,2,26.2153,2,250.2,2,0.064,2
P22,2,137.0,2,4.9418,2,5.7,2,26.2421,2,248.1,2,0.063,2
P22,2,138.0,2,4.9421,2,5.66,2,26.2657,2,246.2,2,0.064,2
P22,2,139.0,2,4.9422,2,5.63,2,26.2778,2,245.0,2,0.059000000000000004,2
P22,2,140.0,2,4.9419,2,5.63,2,26.2793,2,245.0,2,0.054000000000000006,2
P22,2,141.1,2,4.942,2,5.63,2,26.2802,2,244.9,2,0.052000000000000005,2
P22,2,141.9,2,4.9425,2,5.6,2,26.2829,2,243.6,2,0.055999999999999994,2
P22,2,143.0,2,4.9430000000000005,2,5.57,2,26.2875,2,242.5,2,0.055,2
P22,2,144.0,2,4.9421,2,5.53,2,26.2947,2,240.8,2,0.045,2
P22,2,145.0,2,4.9372,2,5.47,2,26.3058,2,237.7,2,0.057999999999999996,2
P22,2,146.0,2,4.9332,2,5.37,2,26.3396,2,233.7,2,0.049,2
P22,2,147.0,2,4.9489,2,5.29,2,26.3669,2,230.1,2,0.068,2
P22,2,148.0,2,4.9611,2,5.23,2,26.3819,2,227.5,2,0.065,2
P22,2,149.0,2,4.976,2,5.18,2,26.4045,2,225.4,2,0.055999999999999994,2
P22,2,150.0,2,4.9809,2,5.16,2,26.4158,2,224.2,2,0.048,2
P22,2,151.0,2,4.9828,2,5.14,2,26.4238,2,223.5,2,0.053,2
P22,2,152.0,2,4.9838,2,5.13,2,26.427,2,223.2,2,0.055,2
P22,2,153.0,2,4.9846,2,5.12,2,26.4286,2,222.8,2,0.09699999999999999,2
P22,2,154.0,2,4.9852,2,5.12,2,26.4307,2,222.7,2,0.079,2
P22,2,155.3,2,4.9907,2,4.97,2,26.4495,2,216.4,2,0.048,2
P22,2,156.0,2,5.0129,2,4.93,2,26.4806,2,214.2,2,0.048,2
P22,2,156.9,2,5.0282,2,4.88,2,26.4967,2,212.2,2,0.05,2
P22,2,158.0,2,5.0934,2,4.84,2,26.5131,2,210.7,2,0.055999999999999994,2
P22,2,159.0,2,5.148,2,4.82,2,26.5339,2,209.8,2,0.068,2
P22,2,160.0,2,5.1585,2,4.81,2,26.5425,2,209.1,2,0.071,2
P22,2,161.0,2,5.1601,2,4.79,2,26.5491,2,208.5,2,0.053,2
P22,2,161.9,2,5.1596,2,4.79,2,26.5502,2,208.3,2,0.052000000000000005,2
P22,2,163.0,2,5.1869,2,4.78,2,26.5566,2,207.7,2,0.052000000000000005,2
P22,2,164.0,2,5.2165,2,4.74,2,26.5618,2,206.4,2,0.055999999999999994,2
P22,2,165.0,2,5.2731,2,4.68,2,26.5762,2,203.6,2,0.054000000000000006,2
P22,2,166.0,2,5.2946,2,4.62,2,26.5975,2,201.1,2,0.052000000000000005,2
P22,2,167.0,2,5.273,2,4.58,2,26.6128,2,199.2,2,0.052000000000000005,2
P22,2,168.0,2,5.2633,2,4.56,2,26.616999999999997,2,198.2,2,0.049,2
P22,2,169.0,2,5.2588,2,4.54,2,26.6189,2,197.6,2,0.057,2
P22,2,170.0,2,5.2544,2,4.53,2,26.621,2,196.9,2,0.054000000000000006,2
P22,2,171.0,2,5.252999999999999,2,4.52,2,26.6216,2,196.6,2,0.05,2
P22,2,172.0,2,5.2483,2,4.51,2,26.6231,2,196.3,2,0.048,2
P22,2,173.0,2,5.2386,2,4.51,2,26.6253,2,196.0,2,0.048,2
P22,2,174.0,2,5.2304,2,4.48,2,26.6277,2,194.7,2,0.049,2
P22,2,175.0,2,5.2129,2,4.42,2,26.6315,2,192.4,2,0.052000000000000005,2
P22,2,176.0,2,5.1598,2,4.37,2,26.6427,2,190.2,2,0.049,2
P22,2,177.0,2,5.1213,2,4.33,2,26.648000000000003,2,188.5,2,0.05,2
P22,2,177.9,2,5.0977,2,4.31,2,26.6496,2,187.4,2,0.062,2
P22,2,179.0,2,5.0789,2,4.27,2,26.651,2,185.7,2,0.05,2
P22,2,180.0,2,5.0692,2,4.23,2,26.6524,2,184.1,2,0.052000000000000005,2
P22,2,181.0,2,5.0353,2,4.21,2,26.6589,2,182.9,2,0.059000000000000004,2
P22,2,182.0,2,5.0215,2,4.18,2,26.6617,2,181.8,2,0.051,2
P22,2,183.0,2,5.015,2,4.15,2,26.6646,2,180.5,2,0.048,2
P22,2,184.0,2,5.0101,2,4.13,2,26.6701,2,179.4,2,0.048,2
P22,2,185.0,2,5.0072,2,4.1,2,26.6723,2,178.2,2,0.057999999999999996,2
P22,2,186.0,2,5.0009,2,4.08,2,26.6767,2,177.2,2,0.061,2
P22,2,186.9,2,4.9884,2,4.08,2,26.6821,2,177.4,2,0.051,2
P22,2,188.4,2,4.9587,2,4.0,2,26.6908,2,173.8,2,0.049,2
P22,2,189.0,2,4.949,2,3.97,2,26.6929,2,172.7,2,0.051,2
P22,2,190.0,2,4.9431,2,3.95,2,26.6935,2,171.6,2,0.048,2
P22,2,191.0,2,4.9325,2,3.93,2,26.6953,2,170.8,2,0.051,2
P22,2,192.0,2,4.9245,2,3.91,2,26.6971,2,170.1,2,0.05,2
P22,2,193.0,2,4.919,2,3.88,2,26.6985,2,168.9,2,0.055,2
P22,2,194.0,2,4.907,2,3.86,2,26.7016,2,167.8,2,0.054000000000000006,2
P22,2,195.0,2,4.8936,2,3.83,2,26.7049,2,166.5,2,0.05,2
P22,2,196.0,2,4.879,2,3.8,2,26.7088,2,165.3,2,0.05,2
P22,2,197.0,2,4.8713,2,3.77,2,26.711,2,163.8,2,0.055,2
P22,2,198.0,2,4.8593,2,3.74,2,26.7144,2,162.6,2,0.059000000000000004,2
P22,2,199.0,2,4.8466,2,3.71,2,26.7173,2,161.5,2,0.054000000000000006,2
P22,2,199.9,2,4.8263,2,3.72,2,26.7224,2,161.7,2,0.051,2
P22,2,201.3,2,4.8044,2,3.64,2,26.7302,2,158.1,2,0.051,2
P22,2,202.0,2,4.802,2,3.62,2,26.7305,2,157.2,2,0.051,2
P22,2,203.0,2,4.8011,2,3.6,2,26.7306,2,156.4,2,0.049,2
P22,2,204.0,2,4.8002,2,3.59,2,26.7311,2,156.1,2,0.049,2
P22,2,205.0,2,4.7965,2,3.59,2,26.7327,2,156.0,2,0.05,2
P22,2,206.0,2,4.7943,2,3.59,2,26.7332,2,156.1,2,0.049,2
P22,2,207.1,2,4.7928,2,3.6,2,26.7338,2,156.5,2,0.049,2
P22,2,208.1,2,4.7999,2,3.6,2,26.7321,2,156.4,2,0.051,2
P22,2,209.0,2,4.801,2,3.59,2,26.7315,2,156.1,2,0.059000000000000004,2
P22,2,210.0,2,4.7941,2,3.58,2,26.734,2,155.5,2,0.057999999999999996,2
P22,2,211.0,2,4.7953,2,3.56,2,26.7347,2,155.0,2,0.05,2
P22,2,212.0,2,4.7914,2,3.54,2,26.7369,2,153.7,2,0.05,2
P22,2,213.0,2,4.7821,2,3.5,2,26.7384,2,152.4,2,0.049,2
P22,2,214.0,2,4.7774,2,3.48,2,26.7395,2,151.5,2,0.05,2
P22,2,215.0,2,4.7692,2,3.47,2,26.7424,2,151.1,2,0.052000000000000005,2
P22,2,216.0,2,4.7633,2,3.46,2,26.7445,2,150.7,2,0.069,2
P22,2,217.0,2,4.758,2,3.45,2,26.746,2,150.2,2,0.055,2
P22,2,218.0,2,4.7566,2,3.44,2,26.7465,2,149.8,2,0.051,2
P22,2,219.0,2,4.7557,2,3.44,2,26.7464,2,149.5,2,0.051,2
P22,2,220.0,2,4.7529,2,3.43,2,26.747,2,149.1,2,0.057,2
P22,2,220.8,2,4.7489,2,3.43,2,26.7481,2,149.2,2,0.057999999999999996,2
P22,2,224.1,2,4.7337,2,3.33,2,26.7571,2,144.7,2,0.051,2
P22,2,225.0,2,4.7287,2,3.31,2,26.7586,2,143.8,2,0.051,2
P22,2,226.0,2,4.7214,2,3.29,2,26.7603,2,142.9,2,0.051,2
P22,2,227.0,2,4.7181,2,3.27,2,26.7608,2,142.1,2,0.055999999999999994,2
P22,2,228.0,2,4.7132,2,3.25,2,26.761999999999997,2,141.3,2,0.073,2
P22,2,229.0,2,4.7096,2,3.24,2,26.7633,2,140.7,2,0.055999999999999994,2
P22,2,230.0,2,4.7028,2,3.22,2,26.7653,2,140.2,2,0.049,2
P22,2,230.7,2,4.7035,2,3.23,2,26.7649,2,140.5,2,0.051,2
P22,2,232.1,2,4.7075,2,3.2,2,26.7641,2,139.4,2,0.051,2
P22,2,233.0,2,4.7087,2,3.18,2,26.7639,2,138.2,2,0.05,2
P22,2,234.0,2,4.685,2,3.14,2,26.7715,2,136.4,2,0.049,2
P22,2,235.0,2,4.6669,2,3.1,2,26.7757,2,134.7,2,0.051,2
P22,2,236.0,2,4.6578,2,3.07,2,26.7772,2,133.3,2,0.051,2
P22,2,237.0,2,4.6377,2,3.03,2,26.7833,2,131.8,2,0.052000000000000005,2
P22,2,238.0,2,4.6205,2,3.01,2,26.7866,2,130.7,2,0.057,2
P22,2,239.0,2,4.6148,2,2.99,2,26.7874,2,130.0,2,0.055,2
P22,2,240.0,2,4.6115,2,2.99,2,26.7881,2,129.9,2,0.052000000000000005,2
P22,2,240.9,2,4.6079,2,3.01,2,26.7886,2,130.8,2,0.051,2
P22,2,244.2,2,4.6082,2,2.97,2,26.7891,2,129.2,2,0.051,2
P22,2,245.0,2,4.6065,2,2.96,2,26.7893,2,128.7,2,0.051,2
P22,2,246.0,2,4.6039,2,2.95,2,26.7896,2,128.3,2,0.052000000000000005,2
P22,2,247.0,2,4.5975,2,2.94,2,26.791,2,127.9,2,0.051,2
P22,2,248.0,2,4.5914,2,2.93,2,26.7925,2,127.5,2,0.055,2
P22,2,249.0,2,4.5858,2,2.92,2,26.7936,2,127.1,2,0.052000000000000005,2
P22,2,250.0,2,4.584,2,2.92,2,26.7942,2,126.9,2,0.054000000000000006,2
P22,2,251.0,2,4.5834,2,2.91,2,26.7942,2,126.6,2,0.054000000000000006,2
P22,2,252.0,2,4.5816,2,2.91,2,26.7948,2,126.5,2,0.052000000000000005,2
P22,2,253.0,2,4.5781,2,2.91,2,26.7956,2,126.4,2,0.051,2
P22,2,254.0,2,4.5745,2,2.9,2,26.7962,2,126.1,2,0.052000000000000005,2
P22,2,255.0,2,4.5722,2,2.89,2,26.7967,2,125.7,2,0.054000000000000006,2
P22,2,256.0,2,4.5665,2,2.87,2,26.7979,2,124.9,2,0.051,2
P22,2,257.0,2,4.5609,2,2.85,2,26.7992,2,124.0,2,0.051,2
P22,2,258.0,2,4.5493,2,2.83,2,26.8016,2,122.9,2,0.054000000000000006,2
P22,2,258.9,2,4.5339,2,2.81,2,26.805,2,122.0,2,0.055,2
P22,2,260.4,2,4.5055,2,2.77,2,26.809,2,120.6,2,0.055,2
P22,2,261.0,2,4.4955,2,2.76,2,26.8126,2,119.8,2,0.052000000000000005,2
P22,2,262.0,2,4.4934,2,2.74,2,26.814,2,119.0,2,0.053,2
P22,2,263.0,2,4.4905,2,2.73,2,26.8152,2,118.5,2,0.052000000000000005,2
P22,2,264.0,2,4.488,2,2.71,2,26.816,2,117.9,2,0.055999999999999994,2
P22,2,265.0,2,4.4851,2,2.7,2,26.8169,2,117.5,2,0.054000000000000006,2
P22,2,266.0,2,4.4832,2,2.69,2,26.8174,2,117.2,2,0.055,2
P22,2,267.0,2,4.4788,2,2.69,2,26.8183,2,116.9,2,0.053,2
P22,2,268.0,2,4.4755,2,2.68,2,26.8193,2,116.7,2,0.053,2
P22,2,269.1,2,4.4709,2,2.67,2,26.8208,2,115.9,2,0.054000000000000006,2
P22,2,270.0,2,4.4679,2,2.65,2,26.8214,2,115.3,2,0.054000000000000006,2
P22,2,271.0,2,4.4663,2,2.64,2,26.8221,2,114.8,2,0.077,2
P22,2,272.0,2,4.4627,2,2.63,2,26.8232,2,114.3,2,0.055,2
P22,2,273.0,2,4.4592,2,2.62,2,26.8243,2,113.9,2,0.052000000000000005,2
P22,2,273.9,2,4.4554,2,2.59,2,26.8251,2,112.8,2,0.052000000000000005,2
P22,2,275.0,2,4.4503,2,2.58,2,26.8264,2,112.2,2,0.053,2
P22,2,276.0,2,4.4441,2,2.57,2,26.8279,2,111.7,2,0.053,2
P22,2,277.0,2,4.4406,2,2.56,2,26.8287,2,111.3,2,0.059000000000000004,2
P22,2,278.0,2,4.4379,2,2.55,2,26.8293,2,110.9,2,0.055,2
P22,2,279.0,2,4.4353,2,2.54,2,26.8301,2,110.4,2,0.054000000000000006,2
P22,2,280.0,2,4.4328,2,2.53,2,26.8307,2,110.0,2,0.051,2
P22,2,281.0,2,4.4254,2,2.52,2,26.8322,2,109.5,2,0.052000000000000005,2
P22,2,282.0,2,4.418,2,2.51,2,26.8337,2,109.1,2,0.055999999999999994,2
P22,2,283.0,2,4.4106,2,2.51,2,26.8354,2,109.2,2,0.053,2
P22,2,285.2,2,4.3885,2,2.45,2,26.8403,2,106.6,2,0.053,2
P22,2,286.0,2,4.3827,2,2.43,2,26.8415,2,105.7,2,0.053,2
P22,2,287.0,2,4.3702,2,2.41,2,26.8442,2,104.7,2,0.053,2
P22,2,288.0,2,4.3578,2,2.39,2,26.8471,2,104.0,2,0.054000000000000006,2
P22,2,289.0,2,4.3525,2,2.38,2,26.8484,2,103.4,2,0.054000000000000006,2
P22,2,290.0,2,4.3498,2,2.37,2,26.8492,2,102.9,2,0.055,2
P22,2,291.0,2,4.3477,2,2.37,2,26.8497,2,102.8,2,0.055,2
P22,2,292.0,2,4.3467,2,2.36,2,26.85,2,102.7,2,0.063,2
P22,2,293.0,2,4.3452,2,2.35,2,26.8505,2,102.3,2,0.055,2
P22,2,294.0,2,4.3442,2,2.35,2,26.8507,2,102.0,2,0.053,2
P22,2,295.0,2,4.3419,2,2.33,2,26.8512,2,101.3,2,0.055,2
P22,2,296.0,2,4.3325,2,2.31,2,26.8533,2,100.5,2,0.055999999999999994,2
P22,2,297.0,2,4.3175,2,2.3,2,26.8565,2,99.9,2,0.055,2
P22,2,298.0,2,4.309,2,2.29,2,26.8582,2,99.4,2,0.055,2
P22,2,299.0,2,4.3073,2,2.27,2,26.8584,2,98.8,2,0.055,2
P22,2,300.0,2,4.3049,2,2.25,2,26.8589,2,98.0,2,0.055,2
P22,2,301.0,2,4.2941,2,2.24,2,26.8615,2,97.5,2,0.054000000000000006,2
P22,2,302.0,2,4.2862,2,2.24,2,26.8638,2,97.2,2,0.051,2
P22,2,302.9,2,4.2863,2,2.24,2,26.8642,2,97.5,2,0.054000000000000006,2
P22,2,305.5,2,4.2841,2,2.19,2,26.868000000000002,2,95.4,2,0.055,2
P22,2,306.0,2,4.2736,2,2.18,2,26.8691,2,94.9,2,0.063,2
P22,2,307.0,2,4.2703,2,2.16,2,26.8697,2,93.9,2,0.091,2
P22,2,308.0,2,4.2647,2,2.14,2,26.8721,2,93.0,2,0.057,2
P22,2,309.0,2,4.2578,2,2.12,2,26.8741,2,92.1,2,0.057999999999999996,2
P22,2,310.0,2,4.2558,2,2.11,2,26.8746,2,91.6,2,0.057,2
P22,2,311.0,2,4.2546,2,2.1,2,26.8756,2,91.1,2,0.055,2
P22,2,312.0,2,4.2527,2,2.08,2,26.8763,2,90.6,2,0.057999999999999996,2
P22,2,313.0,2,4.2508,2,2.07,2,26.8769,2,90.1,2,0.057999999999999996,2
P22,2,314.0,2,4.2433,2,2.06,2,26.8793,2,89.5,2,0.055,2
P22,2,315.0,2,4.2395,2,2.05,2,26.8809,2,89.1,2,0.055,2
P22,2,316.0,2,4.2381,2,2.05,2,26.8817,2,89.0,2,0.055,2
P22,2,316.7,2,4.2377,2,2.05,2,26.8824,2,89.3,2,0.053,2
P22,2,319.1,2,4.2317,2,1.99,2,26.8876,2,86.6,2,0.055,2
P22,2,320.0,2,4.2296,2,1.98,2,26.8885,2,86.0,2,0.055,2
P22,2,321.0,2,4.2271,2,1.96,2,26.8894,2,85.4,2,0.055,2
P22,2,322.0,2,4.2252,2,1.96,2,26.89,2,85.0,2,0.055,2
P22,2,323.0,2,4.224,2,1.95,2,26.8905,2,84.8,2,0.055,2
P22,2,324.0,2,4.2232,2,1.95,2,26.8906,2,84.6,2,0.057,2
P22,2,325.0,2,4.2187,2,1.93,2,26.8914,2,83.9,2,0.057,2
P22,2,326.0,2,4.2067,2,1.91,2,26.8948,2,82.9,2,0.059000000000000004,2
P22,2,327.0,2,4.1991,2,1.89,2,26.899,2,82.0,2,0.055,2
P22,2,328.0,2,4.195,2,1.86,2,26.9011,2,80.9,2,0.055999999999999994,2
P22,2,329.0,2,4.19,2,1.84,2,26.9047,2,79.8,2,0.064,2
P22,2,330.0,2,4.1878,2,1.82,2,26.906999999999996,2,79.2,2,0.057,2
P22,2,331.0,2,4.1871,2,1.81,2,26.9078,2,78.7,2,0.057999999999999996,2
P22,2,332.0,2,4.1864,2,1.8,2,26.9084,2,78.3,2,0.057999999999999996,2
P22,2,333.0,2,4.1851,2,1.79,2,26.9115,2,77.6,2,0.07400000000000001,2
P22,2,334.0,2,4.1838,2,1.77,2,26.9133,2,77.1,2,0.075,2
P22,2,335.0,2,4.1822,2,1.77,2,26.9165,2,77.2,2,0.068,2
P22,2,337.3,2,4.1819999999999995,2,1.73,2,26.9203,2,75.2,2,0.055,2
P22,2,338.0,2,4.1796,2,1.72,2,26.9216,2,74.7,2,0.057999999999999996,2
P22,2,339.0,2,4.1782,2,1.71,2,26.9233,2,74.2,2,0.059000000000000004,2
P22,2,340.0,2,4.1782,2,1.7,2,26.9239,2,73.9,2,0.055999999999999994,2
P22,2,341.0,2,4.1783,2,1.69,2,26.9243,2,73.5,2,0.055999999999999994,2
P22,2,342.0,2,4.1778,2,1.68,2,26.9257,2,73.1,2,0.059000000000000004,2
P22,2,343.0,2,4.1765,2,1.67,2,26.9275,2,72.7,2,0.055,2
P22,2,344.0,2,4.1785,2,1.66,2,26.9283,2,72.4,2,0.055999999999999994,2
P22,2,345.0,2,4.181,2,1.66,2,26.9283,2,72.0,2,0.055,2
P22,2,346.0,2,4.1872,2,1.65,2,26.9295,2,71.6,2,0.055,2
P22,2,347.0,2,4.1869,2,1.64,2,26.9311,2,71.2,2,0.055,2
P22,2,348.0,2,4.1865,2,1.63,2,26.9328,2,70.9,2,0.057,2
P22,2,349.0,2,4.1924,2,1.62,2,26.9343,2,70.3,2,0.055,2
P22,2,350.0,2,4.1969,2,1.6,2,26.935,2,69.7,2,0.055,2
P22,2,350.7,2,4.202,2,1.6,2,26.9356,2,69.5,2,0.059000000000000004,2
P22,2,352.2,2,4.2047,2,1.58,2,26.9371,2,68.6,2,0.061,2
P22,2,353.0,2,4.2055,2,1.57,2,26.9389,2,68.4,2,0.057,2
P22,2,354.0,2,4.2048,2,1.57,2,26.9398,2,68.2,2,0.055,2
P22,2,355.0,2,4.2021,2,1.56,2,26.9408,2,67.9,2,0.057,2
P22,2,355.9,2,4.1961,2,1.55,2,26.9425,2,67.4,2,0.057,2
P22,2,357.0,2,4.1957,2,1.53,2,26.9452,2,66.6,2,0.057,2
P22,2,358.0,2,4.1994,2,1.52,2,26.9473,2,66.0,2,0.055,2
P22,2,359.0,2,4.2073,2,1.5,2,26.9479,2,65.3,2,0.057,2
P22,2,360.0,2,4.2118,2,1.49,2,26.9489,2,64.8,2,0.055,2
P22,2,361.0,2,4.2139,2,1.48,2,26.9499,2,64.1,2,0.055,2
P22,2,362.0,2,4.2123,2,1.46,2,26.9517,2,63.6,2,0.055,2
P22,2,363.0,2,4.2151,2,1.45,2,26.9528,2,63.0,2,0.055999999999999994,2
P22,2,364.0,2,4.2162,2,1.44,2,26.9547,2,62.5,2,0.059000000000000004,2
P22,2,365.0,2,4.2151,2,1.43,2,26.9567,2,62.1,2,0.057,2
P22,2,366.0,2,4.215,2,1.42,2,26.9574,2,61.7,2,0.059000000000000004,2
P22,2,367.0,2,4.2151,2,1.41,2,26.959,2,61.5,2,0.057,2
P22,2,368.0,2,4.213,2,1.41,2,26.9608,2,61.3,2,0.057999999999999996,2
P22,2,368.6,2,4.2117,2,1.41,2,26.962,2,61.5,2,0.059000000000000004,2
P22,2,371.2,2,4.209,2,1.38,2,26.9665,2,59.9,2,0.057999999999999996,2
P22,2,372.0,2,4.2064,2,1.37,2,26.9683,2,59.4,2,0.06,2
P22,2,373.0,2,4.205,2,1.36,2,26.9691,2,59.0,2,0.055999999999999994,2
P22,2,374.0,2,4.2026,2,1.35,2,26.9708,2,58.6,2,0.057999999999999996,2
P22,2,375.0,2,4.1977,2,1.34,2,26.9735,2,58.3,2,0.059000000000000004,2
P22,2,376.0,2,4.196000000000001,2,1.34,2,26.9746,2,58.2,2,0.055,2
P22,2,377.0,2,4.1921,2,1.34,2,26.9762,2,58.2,2,0.057,2
P22,2,378.0,2,4.1859,2,1.34,2,26.9776,2,58.3,2,0.057,2
P22,2,379.0,2,4.1749,2,1.35,2,26.9799,2,58.5,2,0.055999999999999994,2
P22,2,380.0,2,4.1705,2,1.34,2,26.9817,2,58.2,2,0.055,2
P22,2,381.0,2,4.1692,2,1.33,2,26.983,2,57.8,2,0.055,2
P22,2,382.0,2,4.1726,2,1.32,2,26.9845,2,57.3,2,0.059000000000000004,2
P22,2,383.0,2,4.1745,2,1.31,2,26.9848,2,56.9,2,0.059000000000000004,2
P22,2,384.0,2,4.1768,2,1.3,2,26.9856,2,56.7,2,0.059000000000000004,2
P22,2,385.0,2,4.1739999999999995,2,1.3,2,26.9872,2,56.6,2,0.06,2
P22,2,386.0,2,4.1717,2,1.31,2,26.9875,2,56.8,2,0.062,2
P22,2,387.0,2,4.1708,2,1.3,2,26.9877,2,56.7,2,0.055,2
P22,2,388.0,2,4.1653,2,1.31,2,26.9886,2,56.8,2,0.057999999999999996,2
P22,2,388.6,2,4.1642,2,1.31,2,26.9894,2,56.8,2,0.059000000000000004,2
P22,2,391.4,2,4.1641,2,1.29,2,26.9908,2,56.3,2,0.059000000000000004,2
P22,2,392.0,2,4.1633,2,1.29,2,26.9913,2,56.2,2,0.057,2
P22,2,393.0,2,4.1617,2,1.29,2,26.9932,2,55.9,2,0.057999999999999996,2
P22,2,394.0,2,4.1609,2,1.28,2,26.994,2,55.9,2,0.057,2
P22,2,395.0,2,4.1604,2,1.28,2,26.9946,2,55.7,2,0.059000000000000004,2
P22,2,396.0,2,4.1598,2,1.28,2,26.9952,2,55.6,2,0.059000000000000004,2
P22,2,397.0,2,4.1593,2,1.27,2,26.9957,2,55.4,2,0.055999999999999994,2
P22,2,398.0,2,4.1586,2,1.27,2,26.9963,2,55.1,2,0.055,2
P22,2,399.0,2,4.1575,2,1.26,2,26.9973,2,54.9,2,0.057,2
P22,2,400.0,2,4.155,2,1.25,2,26.9994,2,54.6,2,0.055999999999999994,2
P22,2,401.0,2,4.154,2,1.25,2,27.0002,2,54.3,2,0.055999999999999994,2
P22,2,402.0,2,4.1533,2,1.24,2,27.0007,2,54.1,2,0.057,2
P22,2,403.0,2,4.1512,2,1.23,2,27.0024,2,53.6,2,0.06,2
P22,2,404.0,2,4.1475,2,1.22,2,27.0063,2,52.9,2,0.057999999999999996,2
P22,2,405.0,2,4.1446,2,1.2,2,27.0092,2,52.3,2,0.059000000000000004,2
P22,2,406.0,2,4.144,2,1.19,2,27.0099,2,51.9,2,0.055999999999999994,2
P22,2,407.0,2,4.1433,2,1.19,2,27.0107,2,51.9,2,0.059000000000000004,2
P22,2,408.0,2,4.1425,2,1.18,2,27.0116,2,51.5,2,0.057999999999999996,2
P22,2,409.0,2,4.1418,2,1.18,2,27.0123,2,51.3,2,0.055999999999999994,2
P22,2,410.0,2,4.14,2,1.18,2,27.0135,2,51.2,2,0.06,2
P22,2,410.8,2,4.1364,2,1.17,2,27.0161,2,51.0,2,0.061,2
P22,2,413.3,2,4.1336,2,1.15,2,27.0191,2,49.9,2,0.059000000000000004,2
P22,2,414.0,2,4.1335,2,1.15,2,27.0191,2,49.8,2,0.059000000000000004,2
P22,2,415.0,2,4.1333,2,1.14,2,27.0194,2,49.7,2,0.057999999999999996,2
P22,2,416.0,2,4.1331,2,1.14,2,27.0197,2,49.6,2,0.059000000000000004,2
P22,2,417.0,2,4.1333,2,1.13,2,27.0196,2,49.3,2,0.057999999999999996,2
P22,2,418.0,2,4.1331,2,1.13,2,27.0197,2,49.2,2,0.059000000000000004,2
P22,2,419.0,2,4.1302,2,1.12,2,27.0217,2,48.9,2,0.055,2
P22,2,420.0,2,4.1222,2,1.12,2,27.0273,2,48.6,2,0.057,2
P22,2,421.1,2,4.1193,2,1.11,2,27.029,2,48.4,2,0.07400000000000001,2
P22,2,424.3,2,4.1177,2,1.1,2,27.0306,2,47.7,2,0.055999999999999994,2
P22,2,425.0,2,4.1166,2,1.1,2,27.0313,2,47.6,2,0.057999999999999996,2
P22,2,426.0,2,4.1163,2,1.09,2,27.0313,2,47.4,2,0.06,2
P22,2,427.0,2,4.1149,2,1.09,2,27.0324,2,47.3,2,0.06,2
P22,2,428.0,2,4.1143,2,1.08,2,27.0326,2,47.1,2,0.06,2
P22,2,429.0,2,4.1134,2,1.08,2,27.0332,2,47.0,2,0.059000000000000004,2
P22,2,429.9,2,4.1124,2,1.08,2,27.0337,2,46.9,2,0.057,2
P22,2,431.1,2,4.1121,2,1.08,2,27.0339,2,46.8,2,0.059000000000000004,2
P22,2,432.0,2,4.112,2,1.07,2,27.0342,2,46.6,2,0.057999999999999996,2
P22,2,433.0,2,4.1119,2,1.07,2,27.0343,2,46.7,2,0.057,2
P22,2,434.0,2,4.1119,2,1.07,2,27.0343,2,46.7,2,0.055999999999999994,2
P22,2,435.0,2,4.1116,2,1.07,2,27.0347,2,46.5,2,0.059000000000000004,2
P22,2,436.0,2,4.1102,2,1.07,2,27.0354,2,46.5,2,0.057999999999999996,2
P22,2,437.0,2,4.1089,2,1.07,2,27.0363,2,46.3,2,0.055999999999999994,2
P22,2,438.0,2,4.1078,2,1.06,2,27.0369,2,46.1,2,0.059000000000000004,2
P22,2,439.0,2,4.1072,2,1.06,2,27.0374,2,46.0,2,0.059000000000000004,2
P22,2,440.0,2,4.1073,2,1.06,2,27.0374,2,45.9,2,0.057999999999999996,2
P22,2,441.0,2,4.1072,2,1.05,2,27.0375,2,45.6,2,0.057,2
P22,2,442.0,2,4.106,2,1.04,2,27.0383,2,45.2,2,0.057,2
P22,2,443.0,2,4.1016,2,1.03,2,27.0407,2,44.9,2,0.057999999999999996,2
P22,2,444.0,2,4.0994,2,1.02,2,27.0418,2,44.5,2,0.055,2
P22,2,445.0,2,4.0959,2,1.01,2,27.0437,2,44.1,2,0.057999999999999996,2
P22,2,446.0,2,4.0923,2,1.01,2,27.0458,2,43.8,2,0.057,2
P22,2,447.0,2,4.0884,2,1.0,2,27.0478,2,43.3,2,0.059000000000000004,2
P22,2,448.0,2,4.086,2,0.99,2,27.0488,2,42.9,2,0.059000000000000004,2
P22,2,449.0,2,4.0842,2,0.98,2,27.0499,2,42.6,2,0.061,2
P22,2,450.0,2,4.0827,2,0.97,2,27.0507,2,42.3,2,0.059000000000000004,2
P22,2,451.0,2,4.0809,2,0.97,2,27.0515,2,42.2,2,0.059000000000000004,2
P22,2,451.7,2,4.0784,2,0.97,2,27.0527,2,42.3,2,0.059000000000000004,2
P22,2,454.1,2,4.0771,2,0.96,2,27.0538,2,41.6,2,0.057999999999999996,2
P22,2,455.0,2,4.0762,2,0.96,2,27.0543,2,41.6,2,0.057,2
P22,2,456.0,2,4.0762,2,0.95,2,27.0542,2,41.3,2,0.055,2
P22,2,457.0,2,4.0761,2,0.95,2,27.0542,2,41.3,2,0.055,2
P22,2,458.0,2,4.0753,2,0.94,2,27.0548,2,41.1,2,0.057,2
P22,2,459.0,2,4.0742,2,0.94,2,27.0554,2,41.0,2,0.057999999999999996,2
P22,2,460.0,2,4.0729,2,0.94,2,27.0556,2,41.1,2,0.057,2
P22,2,461.0,2,4.0722,2,0.94,2,27.0561,2,41.1,2,0.059000000000000004,2
P22,2,461.7,2,4.0698,2,0.94,2,27.0569,2,40.8,2,0.059000000000000004,2
P22,2,463.0,2,4.064,2,0.93,2,27.0598,2,40.5,2,0.055999999999999994,2
P22,2,464.0,2,4.0624,2,0.93,2,27.0605,2,40.3,2,0.06,2
P22,2,465.0,2,4.0624,2,0.92,2,27.0605,2,40.1,2,0.059000000000000004,2
P22,2,466.0,2,4.0623,2,0.91,2,27.0606,2,39.6,2,0.059000000000000004,2
P22,2,467.0,2,4.0578,2,0.9,2,27.0625,2,39.3,2,0.061,2
P22,2,467.9,2,4.0493,2,0.9,2,27.0662,2,39.3,2,0.059000000000000004,2
P22,2,471.1,2,4.0474,2,0.89,2,27.0673,2,38.6,2,0.059000000000000004,2
P22,2,472.0,2,4.0461,2,0.88,2,27.0677,2,38.3,2,0.059000000000000004,2
P22,2,473.0,2,4.0452,2,0.88,2,27.0684,2,38.1,2,0.057999999999999996,2
P22,2,474.0,2,4.0414,2,0.87,2,27.0697,2,37.8,2,0.057,2
P22,2,475.0,2,4.0399,2,0.87,2,27.0702,2,37.6,2,0.055999999999999994,2
P22,2,476.0,2,4.0362,2,0.86,2,27.0717,2,37.3,2,0.059000000000000004,2
P22,2,477.0,2,4.0359,2,0.86,2,27.0716,2,37.3,2,0.059000000000000004,2
P22,2,478.0,2,4.0358,2,0.86,2,27.0719,2,37.4,2,0.057999999999999996,2
P22,2,479.0,2,4.0360000000000005,2,0.86,2,27.0718,2,37.3,2,0.059000000000000004,2
P22,2,480.0,2,4.0359,2,0.86,2,27.0719,2,37.2,2,0.059000000000000004,2
P22,2,481.0,2,4.0358,2,0.85,2,27.0719,2,37.0,2,0.059000000000000004,2
P22,2,482.0,2,4.0352,2,0.85,2,27.0722,2,37.1,2,0.059000000000000004,2
P22,2,483.0,2,4.0344,2,0.85,2,27.0725,2,37.1,2,0.059000000000000004,2
P22,2,483.8,2,4.033,2,0.86,2,27.0729,2,37.2,2,0.059000000000000004,2
P22,2,486.4,2,4.0311,2,0.85,2,27.0736,2,36.8,2,0.055,2
P22,2,487.0,2,4.0288,2,0.84,2,27.0747,2,36.7,2,0.057,2
P22,2,488.0,2,4.0271,2,0.84,2,27.0752,2,36.5,2,0.057,2
P22,2,489.0,2,4.0261,2,0.83,2,27.0755,2,36.1,2,0.055999999999999994,2
P22,2,490.0,2,4.0226,2,0.82,2,27.0768,2,35.7,2,0.059000000000000004,2
P22,2,491.0,2,4.0184,2,0.82,2,27.0784,2,35.6,2,0.06,2
P22,2,492.0,2,4.0168,2,0.81,2,27.0791,2,35.3,2,0.059000000000000004,2
P22,2,493.0,2,4.0143,2,0.81,2,27.08,2,35.3,2,0.059000000000000004,2
P22,2,494.0,2,4.0105,2,0.81,2,27.0814,2,35.1,2,0.057,2
P22,2,495.0,2,4.0091,2,0.81,2,27.0818,2,35.0,2,0.059000000000000004,2
P22,2,495.8,2,4.0077,2,0.8,2,27.0824,2,34.9,2,0.059000000000000004,2
P22,2,498.1,2,4.0047,2,0.79,2,27.0836,2,34.5,2,0.059000000000000004,2
P22,2,499.0,2,4.0015,2,0.79,2,27.085,2,34.3,2,0.057,2
P22,2,500.0,2,3.9958,2,0.78,2,27.0872,2,34.0,2,0.057999999999999996,2
P22,2,501.0,2,3.9923,2,0.78,2,27.0883,2,33.9,2,0.059000000000000004,2
P22,2,502.0,2,3.9896,2,0.77,2,27.0892,2,33.6,2,0.057999999999999996,2
P22,2,503.0,2,3.9857,2,0.77,2,27.0905,2,33.4,2,0.055999999999999994,2
P22,2,504.0,2,3.9832,2,0.77,2,27.0911,2,33.3,2,0.059000000000000004,2
P22,2,504.7,2,3.9818,2,0.77,2,27.0915,2,33.5,2,0.059000000000000004,2
P22,2,508.0,2,3.9796,2,0.76,2,27.0921,2,33.2,2,0.059000000000000004,2
P22,2,509.0,2,3.9794,2,0.76,2,27.092,2,33.0,2,0.059000000000000004,2
P22,2,510.0,2,3.9784,2,0.75,2,27.0922,2,32.7,2,0.075,2
P22,2,511.0,2,3.9775,2,0.75,2,27.0927,2,32.6,2,0.064,2
P22,2,512.0,2,3.9764,2,0.75,2,27.0931,2,32.6,2,0.059000000000000004,2
P22,2,513.0,2,3.9733,2,0.75,2,27.0942,2,32.4,2,0.059000000000000004,2
P22,2,514.0,2,3.9666,2,0.74,2,27.0965,2,32.0,2,0.055,2
P22,2,515.0,2,3.9553,2,0.73,2,27.0997,2,31.6,2,0.055999999999999994,2
P22,2,516.0,2,3.9502,2,0.72,2,27.1008,2,31.3,2,0.057,2
P22,2,517.0,2,3.9475,2,0.71,2,27.1013,2,30.9,2,0.059000000000000004,2
P22,2,518.0,2,3.9411,2,0.7,2,27.1033,2,30.6,2,0.059000000000000004,2
P22,2,519.0,2,3.9388,2,0.7,2,27.1037,2,30.5,2,0.059000000000000004,2
P22,2,520.0,2,3.9344,2,0.7,2,27.1047,2,30.3,2,0.059000000000000004,2
P22,2,521.0,2,3.9305,2,0.69,2,27.1058,2,30.0,2,0.059000000000000004,2
P22,2,522.0,2,3.9286,2,0.69,2,27.1062,2,30.0,2,0.059000000000000004,2
P22,2,523.0,2,3.9277,2,0.69,2,27.1065,2,30.1,2,0.059000000000000004,2
P22,2,524.0,2,3.927,2,0.69,2,27.1068,2,29.9,2,0.059000000000000004,2
P22,2,525.0,2,3.9259,2,0.68,2,27.1072,2,29.6,2,0.059000000000000004,2
P22,2,526.0,2,3.9241,2,0.68,2,27.1075,2,29.7,2,0.062,2
P22,2,526.6,2,3.9215,2,0.69,2,27.1084,2,29.9,2,0.059000000000000004,2
P22,2,528.4,2,3.9183,2,0.67,2,27.1096,2,29.3,2,0.059000000000000004,2
P22,2,529.0,2,3.9159,2,0.67,2,27.1103,2,29.2,2,0.059000000000000004,2
P22,2,530.0,2,3.9072,2,0.67,2,27.1132,2,28.9,2,0.059000000000000004,2
P22,2,531.0,2,3.9,2,0.66,2,27.1157,2,28.7,2,0.059000000000000004,2
P22,2,532.0,2,3.8932,2,0.66,2,27.1178,2,28.5,2,0.059000000000000004,2
P22,2,533.0,2,3.8917,2,0.65,2,27.118000000000002,2,28.3,2,0.062,2
P22,2,534.0,2,3.8897,2,0.65,2,27.1185,2,28.3,2,0.059000000000000004,2
P22,2,535.0,2,3.8867,2,0.65,2,27.1194,2,28.2,2,0.059000000000000004,2
P22,2,536.0,2,3.8846,2,0.65,2,27.1198,2,28.2,2,0.059000000000000004,2
P22,2,537.0,2,3.8837,2,0.65,2,27.1202,2,28.1,2,0.059000000000000004,2
P22,2,538.0,2,3.8822,2,0.64,2,27.1205,2,28.0,2,0.057999999999999996,2
P22,2,538.9,2,3.8767,2,0.64,2,27.1222,2,28.0,2,0.061,2
P22,2,541.4,2,3.8693,2,0.63,2,27.1246,2,27.5,2,0.059000000000000004,2
P22,2,542.0,2,3.8614,2,0.63,2,27.1264,2,27.4,2,0.057999999999999996,2
P22,2,543.0,2,3.8596,2,0.62,2,27.1268,2,27.2,2,0.059000000000000004,2
P22,2,544.0,2,3.8573,2,0.62,2,27.1275,2,27.1,2,0.059000000000000004,2
P22,2,545.0,2,3.8566,2,0.62,2,27.1277,2,27.0,2,0.059000000000000004,2
P22,2,546.0,2,3.8556,2,0.62,2,27.128,2,26.9,2,0.059000000000000004,2
P22,2,547.0,2,3.8554,2,0.62,2,27.1279,2,26.8,2,0.059000000000000004,2
P22,2,548.0,2,3.8553,2,0.62,2,27.1281,2,26.8,2,0.059000000000000004,2
P22,2,549.0,2,3.8548,2,0.62,2,27.1281,2,26.9,2,0.059000000000000004,2
P22,2,550.1,2,3.8541,2,0.62,2,27.1283,2,26.9,2,0.059000000000000004,2
P22,2,550.6,2,3.8532,2,0.62,2,27.1286,2,26.8,2,0.059000000000000004,2
P22,2,553.2,2,3.8453,2,0.61,2,27.1313,2,26.6,2,0.059000000000000004,2
P22,2,554.0,2,3.8447,2,0.61,2,27.1312,2,26.5,2,0.059000000000000004,2
P22,2,555.0,2,3.8439,2,0.6,2,27.1314,2,26.3,2,0.059000000000000004,2
P22,2,556.0,2,3.8414,2,0.61,2,27.1321,2,26.3,2,0.059000000000000004,2
P22,2,557.0,2,3.8367,2,0.61,2,27.1334,2,26.3,2,0.059000000000000004,2
P22,2,558.0,2,3.8324,2,0.6,2,27.1346,2,26.2,2,0.059000000000000004,2
P22,2,559.0,2,3.8293,2,0.6,2,27.1354,2,25.9,2,0.059000000000000004,2
P22,2,560.0,2,3.8275,2,0.59,2,27.1359,2,25.8,2,0.059000000000000004,2
P22,2,561.0,2,3.8256,2,0.59,2,27.1364,2,25.8,2,0.059000000000000004,2
P22,2,562.0,2,3.8216,2,0.59,2,27.1378,2,25.6,2,0.059000000000000004,2
P22,2,563.0,2,3.8181,2,0.59,2,27.1387,2,25.6,2,0.057999999999999996,2
P22,2,564.0,2,3.8144,2,0.59,2,27.1398,2,25.6,2,0.059000000000000004,2
P22,2,565.0,2,3.8106,2,0.59,2,27.1408,2,25.6,2,0.06,2
P22,2,566.0,2,3.8085,2,0.59,2,27.1416,2,25.6,2,0.06,2
P22,2,567.0,2,3.806,2,0.58,2,27.1425,2,25.3,2,0.059000000000000004,2
P22,2,568.0,2,3.8042,2,0.58,2,27.1429,2,25.4,2,0.059000000000000004,2
P22,2,569.0,2,3.8022,2,0.58,2,27.1436,2,25.2,2,0.059000000000000004,2
P22,2,569.5,2,3.8012,2,0.58,2,27.1438,2,25.2,2,0.059000000000000004,2
P22,2,571.3,2,3.7996,2,0.57,2,27.1444,2,24.9,2,0.06,2
P22,2,572.0,2,3.7976,2,0.57,2,27.1449,2,24.9,2,0.063,2
P22,2,573.0,2,3.7957,2,0.57,2,27.1455,2,24.9,2,0.063,2
P22,2,574.0,2,3.7943,2,0.57,2,27.146,2,24.9,2,0.059000000000000004,2
P22,2,575.0,2,3.7929,2,0.57,2,27.1464,2,24.9,2,0.06,2
P22,2,576.0,2,3.7912,2,0.57,2,27.147,2,24.8,2,0.059000000000000004,2
P22,2,577.0,2,3.7857,2,0.56,2,27.1486,2,24.6,2,0.059000000000000004,2
P22,2,578.0,2,3.781,2,0.57,2,27.1498,2,24.6,2,0.059000000000000004,2
P22,2,579.0,2,3.7766,2,0.56,2,27.1511,2,24.4,2,0.059000000000000004,2
P22,2,580.0,2,3.7756,2,0.56,2,27.1513,2,24.3,2,0.059000000000000004,2
P22,2,581.0,2,3.7744,2,0.56,2,27.1517,2,24.4,2,0.059000000000000004,2
P22,2,582.0,2,3.7733,2,0.56,2,27.1519,2,24.2,2,0.059000000000000004,2
P22,2,583.0,2,3.7723,2,0.56,2,27.1524,2,24.3,2,0.059000000000000004,2
P22,2,584.0,2,3.7705,2,0.56,2,27.1529,2,24.2,2,0.059000000000000004,2
P22,2,585.0,2,3.7684,2,0.55,2,27.1535,2,24.1,2,0.059000000000000004,2
P22,2,586.0,2,3.7639,2,0.55,2,27.155,2,24.0,2,0.061,2
P22,2,587.0,2,3.7593,2,0.55,2,27.1565,2,23.8,2,0.06,2
P22,2,588.0,2,3.7584,2,0.55,2,27.1569,2,23.9,2,0.059000000000000004,2
P22,2,589.0,2,3.7565,2,0.55,2,27.1577,2,23.9,2,0.059000000000000004,2
P22,2,590.0,2,3.7539,2,0.55,2,27.1586,2,24.0,2,0.059000000000000004,2
P22,2,591.0,2,3.7526,2,0.55,2,27.159000000000002,2,24.1,2,0.059000000000000004,2
P22,2,592.0,2,3.7517,2,0.55,2,27.1596,2,24.0,2,0.059000000000000004,2
P22,2,593.0,2,3.7516,2,0.55,2,27.1609,2,24.1,2,0.059000000000000004,2
P22,2,594.0,2,3.7491,2,0.56,2,27.1622,2,24.3,2,0.059000000000000004,2
P22,2,595.0,2,3.7469,2,0.56,2,27.1633,2,24.1,2,0.059000000000000004,2
P22,2,596.0,2,3.7401,2,0.55,2,27.165,2,24.0,2,0.059000000000000004,2
P22,2,596.8,2,3.7342,2,0.55,2,27.1665,2,23.9,2,0.059000000000000004,2
P22,2,598.2,2,3.7278,2,0.54,2,27.1679,2,23.6,2,0.059000000000000004,2
P22,2,599.0,2,3.7243,2,0.54,2,27.1687,2,23.3,2,0.06,2
P22,2,600.0,2,3.7199,2,0.53,2,27.1698,2,23.2,2,0.059000000000000004,2
P22,2,601.0,2,3.7158,2,0.53,2,27.1707,2,23.0,2,0.059000000000000004,2
P22,2,602.0,2,3.7109,2,0.53,2,27.1721,2,22.9,2,0.059000000000000004,2
P22,2,603.0,2,3.7097,2,0.53,2,27.1724,2,22.9,2,0.062,2
P22,2,604.0,2,3.7091,2,0.53,2,27.1726,2,23.0,2,0.06,2
P22,2,604.9,2,3.7089999999999996,2,0.53,2,27.1727,2,23.0,2,0.059000000000000004,2
P22,2,607.2,2,3.7077,2,0.52,2,27.173000000000002,2,22.8,2,0.059000000000000004,2
P22,2,608.0,2,3.7057,2,0.52,2,27.1737,2,22.6,2,0.059000000000000004,2
P22,2,609.0,2,3.7055,2,0.52,2,27.1737,2,22.6,2,0.059000000000000004,2
P22,2,610.0,2,3.7054,2,0.52,2,27.1738,2,22.6,2,0.059000000000000004,2
P22,2,611.0,2,3.7033,2,0.52,2,27.1745,2,22.5,2,0.059000000000000004,2
P22,2,612.0,2,3.6918,2,0.51,2,27.1782,2,22.3,2,0.059000000000000004,2
P22,2,613.0,2,3.6872,2,0.51,2,27.1794,2,22.2,2,0.059000000000000004,2
P22,2,614.0,2,3.6848,2,0.51,2,27.1801,2,22.0,2,0.059000000000000004,2
P22,2,615.0,2,3.6807,2,0.51,2,27.1815,2,22.1,2,0.059000000000000004,2
P22,2,616.0,2,3.6748,2,0.5,2,27.184,2,21.9,2,0.059000000000000004,2
P22,2,617.0,2,3.6709,2,0.5,2,27.1854,2,21.8,2,0.059000000000000004,2
P22,2,617.8,2,3.6677,2,0.5,2,27.1863,2,21.8,2,0.059000000000000004,2
P22,2,619.2,2,3.6672,2,0.5,2,27.1868,2,21.8,2,0.059000000000000004,2
P22,2,620.0,2,3.6655,2,0.5,2,27.1872,2,21.7,2,0.061,2
P22,2,621.0,2,3.6646,2,0.5,2,27.1873,2,21.6,2,0.059000000000000004,2
P22,2,622.0,2,3.6624,2,0.5,2,27.1882,2,21.6,2,0.059000000000000004,2
P22,2,623.0,2,3.6609,2,0.5,2,27.1887,2,21.5,2,0.059000000000000004,2
P22,2,624.0,2,3.6585,2,0.5,2,27.1895,2,21.6,2,0.059000000000000004,2
P22,2,625.0,2,3.6576,2,0.5,2,27.1899,2,21.6,2,0.059000000000000004,2
P22,2,626.0,2,3.6565,2,0.5,2,27.1902,2,21.5,2,0.059000000000000004,2
P22,2,627.0,2,3.6544,2,0.49,2,27.1909,2,21.4,2,0.059000000000000004,2
P22,2,628.0,2,3.6536,2,0.49,2,27.191,2,21.4,2,0.059000000000000004,2
P22,2,629.0,2,3.653,2,0.49,2,27.1913,2,21.4,2,0.059000000000000004,2
P22,2,630.0,2,3.6505,2,0.49,2,27.1921,2,21.3,2,0.059000000000000004,2
P22,2,631.0,2,3.6462,2,0.49,2,27.1937,2,21.3,2,0.059000000000000004,2
P22,2,632.0,2,3.6437,2,0.49,2,27.1946,2,21.2,2,0.059000000000000004,2
P22,2,633.0,2,3.6407,2,0.49,2,27.1958,2,21.1,2,0.06,2
P22,2,634.0,2,3.6387,2,0.49,2,27.1967,2,21.1,2,0.059000000000000004,2
P22,2,635.0,2,3.6369,2,0.48,2,27.1975,2,21.0,2,0.061,2
P22,2,636.0,2,3.6354,2,0.49,2,27.1982,2,21.1,2,0.059000000000000004,2
P22,2,637.0,2,3.6346,2,0.49,2,27.1985,2,21.1,2,0.059000000000000004,2
P22,2,638.0,2,3.6333,2,0.48,2,27.199,2,21.0,2,0.059000000000000004,2
P22,2,638.8,2,3.6331,2,0.48,2,27.199,2,21.0,2,0.059000000000000004,2
P22,2,641.3,2,3.6331,2,0.48,2,27.1997,2,21.0,2,0.059000000000000004,2
P22,2,642.0,2,3.6315,2,0.48,2,27.2002,2,20.9,2,0.06,2
P22,2,643.0,2,3.6309,2,0.48,2,27.2004,2,20.8,2,0.061,2
P22,2,644.0,2,3.6307,2,0.48,2,27.2005,2,20.7,2,0.059000000000000004,2
P22,2,645.0,2,3.6296,2,0.48,2,27.2009,2,20.8,2,0.059000000000000004,2
P22,2,646.0,2,3.6267,2,0.48,2,27.2017,2,20.9,2,0.059000000000000004,2
P22,2,647.0,2,3.6224,2,0.48,2,27.2025,2,20.8,2,0.059000000000000004,2
P22,2,648.0,2,3.6205,2,0.48,2,27.2031,2,20.8,2,0.059000000000000004,2
P22,2,648.8,2,3.6180000000000003,2,0.48,2,27.2039,2,20.8,2,0.059000000000000004,2
P22,2,652.1,2,3.6103,2,0.47,2,27.206999999999997,2,20.6,2,0.059000000000000004,2
P22,2,653.0,2,3.6072,2,0.47,2,27.208000000000002,2,20.6,2,0.059000000000000004,2
P22,2,654.0,2,3.6057,2,0.47,2,27.2086,2,20.6,2,0.064,2
P22,2,655.0,2,3.6044,2,0.47,2,27.2092,2,20.6,2,0.059000000000000004,2
P22,2,656.1,2,3.5996,2,0.47,2,27.2112,2,20.5,2,0.059000000000000004,2
P22,2,656.6,2,3.5983,2,0.47,2,27.2116,2,20.4,2,0.059000000000000004,2
P22,2,659.1,2,3.5956,2,0.47,2,27.213,2,20.5,2,0.059000000000000004,2
P22,2,660.0,2,3.5925,2,0.47,2,27.2139,2,20.5,2,0.059000000000000004,2
P22,2,661.0,2,3.591,2,0.47,2,27.2142,2,20.5,2,0.059000000000000004,2
P22,2,662.0,2,3.5901,2,0.47,2,27.2145,2,20.5,2,0.059000000000000004,2
P22,2,663.0,2,3.5898,2,0.47,2,27.2147,2,20.3,2,0.059000000000000004,2
P22,2,664.0,2,3.5897,2,0.47,2,27.2148,2,20.3,2,0.057,2
P22,2,665.0,2,3.5892,2,0.47,2,27.2149,2,20.4,2,0.057999999999999996,2
P22,2,666.0,2,3.5889,2,0.47,2,27.215,2,20.3,2,0.059000000000000004,2
P22,2,667.0,2,3.5885,2,0.47,2,27.215,2,20.3,2,0.059000000000000004,2
P22,2,667.8,2,3.5879,2,0.47,2,27.2153,2,20.4,2,0.059000000000000004,2
P22,2,669.2,2,3.5843,2,0.47,2,27.2166,2,20.2,2,0.057,2
P22,2,670.0,2,3.5784,2,0.46,2,27.2186,2,20.2,2,0.059000000000000004,2
P22,2,671.0,2,3.5773,2,0.46,2,27.219,2,20.2,2,0.06,2
P22,2,671.8,2,3.5755,2,0.46,2,27.2197,2,20.2,2,0.06,2
P22,2,674.1,2,3.5717,2,0.46,2,27.2211,2,20.1,2,0.059000000000000004,2
P22,2,675.0,2,3.5675,2,0.46,2,27.2222,2,19.9,2,0.06,2
P22,2,676.0,2,3.5656,2,0.46,2,27.2229,2,19.9,2,0.059000000000000004,2
P22,2,677.0,2,3.5633,2,0.46,2,27.224,2,19.9,2,0.059000000000000004,2
P22,2,678.0,2,3.5621,2,0.46,2,27.2244,2,19.9,2,0.061,2
P22,2,679.0,2,3.5605,2,0.46,2,27.2249,2,19.9,2,0.06,2
P22,2,680.0,2,3.5576,2,0.46,2,27.2257,2,19.8,2,0.061,2
P22,2,681.0,2,3.5541,2,0.46,2,27.2267,2,19.8,2,0.061,2
P22,2,682.0,2,3.5504,2,0.45,2,27.2279,2,19.7,2,0.062,2
P22,2,683.0,2,3.5484,2,0.46,2,27.2288,2,19.8,2,0.057999999999999996,2
P22,2,684.0,2,3.5452,2,0.45,2,27.2303,2,19.6,2,0.059000000000000004,2
P22,2,685.0,2,3.542,2,0.45,2,27.2318,2,19.5,2,0.059000000000000004,2
P22,2,686.0,2,3.5401,2,0.46,2,27.2331,2,19.8,2,0.059000000000000004,2
P22,2,687.0,2,3.5375,2,0.46,2,27.2346,2,19.8,2,0.062,2
P22,2,688.0,2,3.5358,2,0.46,2,27.2353,2,19.9,2,0.059000000000000004,2
P22,2,689.0,2,3.534,2,0.46,2,27.236,2,19.8,2,0.059000000000000004,2
P22,2,690.0,2,3.532,2,0.46,2,27.2366,2,19.8,2,0.061,2
P22,2,691.0,2,3.5303,2,0.45,2,27.2373,2,19.7,2,0.061,2
P22,2,691.7,2,3.5286,2,0.45,2,27.2378,2,19.7,2,0.059000000000000004,2
P22,2,694.4,2,3.5194,2,0.45,2,27.2423,2,19.7,2,0.059000000000000004,2
P22,2,695.0,2,3.5162,2,0.45,2,27.2428,2,19.7,2,0.059000000000000004,2
P22,2,696.0,2,3.5159,2,0.45,2,27.2427,2,19.7,2,0.059000000000000004,2
P22,2,697.0,2,3.515,2,0.46,2,27.243000000000002,2,19.8,2,0.06,2
P22,2,698.0,2,3.5141,2,0.46,2,27.2432,2,19.8,2,0.06,2
P22,2,698.7,2,3.5137,2,0.45,2,27.2436,2,19.7,2,0.059000000000000004,2
P22,2,700.4,2,3.5147,2,0.46,2,27.2429,2,19.9,2,0.059000000000000004,2
P22,2,701.0,2,3.5144,2,0.46,2,27.2433,2,19.8,2,0.059000000000000004,2
P22,2,702.0,2,3.5144,2,0.45,2,27.2433,2,19.6,2,0.059000000000000004,2
P22,2,703.0,2,3.5144,2,0.45,2,27.2434,2,19.6,2,0.059000000000000004,2
P22,2,704.0,2,3.5143,2,0.45,2,27.2437,2,19.6,2,0.059000000000000004,2
P22,2,705.0,2,3.514,2,0.45,2,27.2438,2,19.7,2,0.059000000000000004,2
P22,2,706.0,2,3.5129,2,0.46,2,27.2443,2,19.8,2,0.059000000000000004,2
P22,2,707.0,2,3.5115,2,0.45,2,27.2449,2,19.7,2,0.059000000000000004,2
P22,2,708.0,2,3.5089,2,0.45,2,27.2465,2,19.7,2,0.06,2
P22,2,708.6,2,3.5075,2,0.45,2,27.2474,2,19.7,2,0.061,2
P22,2,711.0,2,3.5047,2,0.45,2,27.2504,2,19.5,2,0.059000000000000004,2
P22,2,712.0,2,3.5026,2,0.44,2,27.2508,2,19.3,2,0.059000000000000004,2
P22,2,713.0,2,3.4987,2,0.44,2,27.2525,2,19.1,2,0.059000000000000004,2
P22,2,714.0,2,3.4928,2,0.44,2,27.2558,2,18.9,2,0.059000000000000004,2
P22,2,715.0,2,3.4885,2,0.44,2,27.2578,2,18.9,2,0.059000000000000004,2
P22,2,716.0,2,3.4859,2,0.44,2,27.2586,2,18.9,2,0.059000000000000004,2
P22,2,717.0,2,3.4849,2,0.43,2,27.259,2,18.9,2,0.059000000000000004,2
P22,2,718.0,2,3.4841,2,0.43,2,27.2592,2,18.9,2,0.06,2
P22,2,718.7,2,3.483,2,0.44,2,27.2596,2,19.0,2,0.059000000000000004,2
P22,2,721.1,2,3.4795,2,0.43,2,27.2616,2,18.8,2,0.059000000000000004,2
P22,2,721.9,2,3.4788,2,0.43,2,27.2618,2,18.7,2,0.064,2
P22,2,723.2,2,3.478,2,0.43,2,27.2623,2,18.6,2,0.059000000000000004,2
P22,2,724.0,2,3.4772,2,0.43,2,27.2625,2,18.6,2,0.059000000000000004,2
P22,2,725.0,2,3.4772,2,0.43,2,27.2627,2,18.7,2,0.059000000000000004,2
P22,2,726.0,2,3.4765,2,0.43,2,27.2631,2,18.7,2,0.059000000000000004,2
P22,2,727.0,2,3.4759,2,0.42,2,27.2633,2,18.4,2,0.059000000000000004,2
P22,2,728.0,2,3.4744,2,0.43,2,27.2642,2,18.5,2,0.059000000000000004,2
P22,2,729.0,2,3.4734,2,0.43,2,27.2645,2,18.6,2,0.059000000000000004,2
P22,2,730.0,2,3.4722,2,0.43,2,27.2649,2,18.6,2,0.059000000000000004,2
P22,2,731.0,2,3.4703,2,0.43,2,27.2658,2,18.6,2,0.061,2
P22,2,733.3,2,3.4612,2,0.43,2,27.269000000000002,2,18.5,2,0.064,2
P22,2,734.0,2,3.4586,2,0.43,2,27.2694,2,18.6,2,0.062,2
P22,2,735.0,2,3.4583,2,0.43,2,27.2695,2,18.6,2,0.059000000000000004,2
P22,2,736.0,2,3.4562,2,0.42,2,27.27,2,18.3,2,0.059000000000000004,2
P22,2,736.6,2,3.4547,2,0.42,2,27.2705,2,18.3,2,0.059000000000000004,2
P22,2,738.4,2,3.4543,2,0.42,2,27.2709,2,18.2,2,0.059000000000000004,2
P22,2,739.0,2,3.4523,2,0.42,2,27.2716,2,18.2,2,0.062,2
P22,2,740.0,2,3.4505,2,0.42,2,27.2722,2,18.2,2,0.06,2
P22,2,741.0,2,3.4481,2,0.42,2,27.2732,2,18.4,2,0.059000000000000004,2
P22,2,742.0,2,3.4464,2,0.43,2,27.2737,2,18.5,2,0.059000000000000004,2
P22,2,743.0,2,3.4459,2,0.42,2,27.2738,2,18.4,2,0.059000000000000004,2
P22,2,744.0,2,3.445,2,0.42,2,27.274,2,18.4,2,0.059000000000000004,2
P22,2,745.0,2,3.4425,2,0.42,2,27.2748,2,18.2,2,0.059000000000000004,2
P22,2,746.0,2,3.4402,2,0.42,2,27.2756,2,18.2,2,0.059000000000000004,2
P22,2,748.3,2,3.4362,2,0.42,2,27.2777,2,18.2,2,0.059000000000000004,2
P22,2,749.0,2,3.4359,2,0.41,2,27.2776,2,17.9,2,0.059000000000000004,2
P22,2,750.0,2,3.4351,2,0.41,2,27.2777,2,17.9,2,0.06,2
P22,2,751.0,2,3.4341,2,0.41,2,27.2781,2,17.9,2,0.061,2
P22,2,752.0,2,3.4326,2,0.41,2,27.2786,2,17.9,2,0.059000000000000004,2
P22,2,753.0,2,3.4263,2,0.41,2,27.281,2,17.9,2,0.059000000000000004,2
P22,2,754.0,2,3.4242,2,0.41,2,27.2819,2,17.8,2,0.059000000000000004,2
P22,2,755.0,2,3.4233,2,0.41,2,27.2821,2,17.6,2,0.059000000000000004,2
P22,2,756.0,2,3.4223,2,0.41,2,27.2825,2,17.6,2,0.064,2
P22,2,757.0,2,3.4219,2,0.41,2,27.2827,2,17.6,2,0.06,2
P22,2,758.0,2,3.4213,2,0.41,2,27.283,2,17.6,2,0.059000000000000004,2
P22,2,759.0,2,3.4210000000000003,2,0.4,2,27.2831,2,17.6,2,0.059000000000000004,2
P22,2,760.0,2,3.4201,2,0.4,2,27.2834,2,17.4,2,0.059000000000000004,2
P22,2,761.0,2,3.4171,2,0.4,2,27.2845,2,17.4,2,0.06,2
P22,2,762.0,2,3.4128,2,0.4,2,27.2862,2,17.4,2,0.059000000000000004,2
P22,2,762.6,2,3.412,2,0.41,2,27.2865,2,17.6,2,0.059000000000000004,2
P22,2,765.1,2,3.4114,2,0.4,2,27.2868,2,17.5,2,0.059000000000000004,2
P22,2,766.0,2,3.4106,2,0.4,2,27.2871,2,17.3,2,0.057,2
P22,2,767.0,2,3.4098,2,0.4,2,27.2874,2,17.2,2,0.059000000000000004,2
P22,2,768.0,2,3.4089,2,0.4,2,27.2878,2,17.3,2,0.059000000000000004,2
P22,2,769.0,2,3.4081,2,0.4,2,27.288,2,17.3,2,0.059000000000000004,2
P22,2,769.6,2,3.4076,2,0.4,2,27.2882,2,17.2,2,0.059000000000000004,2
P22,2,771.4,2,3.4074,2,0.4,2,27.2883,2,17.2,2,0.059000000000000004,2
P22,2,772.0,2,3.4063,2,0.4,2,27.2885,2,17.3,2,0.059000000000000004,2
P22,2,773.0,2,3.4052,2,0.4,2,27.2891,2,17.3,2,0.057,2
P22,2,774.0,2,3.4051,2,0.4,2,27.2891,2,17.3,2,0.06,2
P22,2,775.0,2,3.4021,2,0.4,2,27.29,2,17.2,2,0.059000000000000004,2
P22,2,776.0,2,3.4006,2,0.39,2,27.2906,2,17.1,2,0.059000000000000004,2
P22,2,777.0,2,3.3965,2,0.39,2,27.2919,2,17.1,2,0.059000000000000004,2
P22,2,778.0,2,3.3874,2,0.39,2,27.2949,2,16.9,2,0.059000000000000004,2
P22,2,779.0,2,3.3828,2,0.38,2,27.2963,2,16.7,2,0.059000000000000004,2
P22,2,780.0,2,3.3823,2,0.38,2,27.2965,2,16.6,2,0.059000000000000004,2
P22,2,781.0,2,3.3818,2,0.38,2,27.2966,2,16.6,2,0.059000000000000004,2
P22,2,782.0,2,3.3808,2,0.38,2,27.2969,2,16.7,2,0.059000000000000004,2
P22,2,783.0,2,3.3798,2,0.38,2,27.2972,2,16.6,2,0.059000000000000004,2
P22,2,784.0,2,3.3784,2,0.38,2,27.2977,2,16.6,2,0.059000000000000004,2
P22,2,785.0,2,3.3757,2,0.38,2,27.2985,2,16.5,2,0.059000000000000004,2
P22,2,786.0,2,3.3727,2,0.38,2,27.2994,2,16.6,2,0.059000000000000004,2
P22,2,787.0,2,3.3703,2,0.38,2,27.3,2,16.5,2,0.059000000000000004,2
P22,2,787.7,2,3.3684,2,0.38,2,27.3007,2,16.6,2,0.059000000000000004,2
P22,2,790.2,2,3.3621,2,0.38,2,27.3027,2,16.5,2,0.059000000000000004,2
P22,2,791.0,2,3.3604,2,0.38,2,27.3031,2,16.5,2,0.059000000000000004,2
P22,2,792.0,2,3.3596,2,0.38,2,27.3032,2,16.4,2,0.059000000000000004,2
P22,2,793.0,2,3.3577,2,0.38,2,27.3037,2,16.3,2,0.057,2
P22,2,794.0,2,3.3548,2,0.37,2,27.3047,2,16.1,2,0.059000000000000004,2
P22,2,795.0,2,3.3534,2,0.37,2,27.3051,2,16.1,2,0.059000000000000004,2
P22,2,796.0,2,3.3524,2,0.37,2,27.3055,2,16.2,2,0.059000000000000004,2
P22,2,797.0,2,3.3511,2,0.37,2,27.3059,2,16.1,2,0.059000000000000004,2
P22,2,798.0,2,3.3471,2,0.37,2,27.307,2,16.3,2,0.059000000000000004,2
P22,2,799.0,2,3.3433,2,0.37,2,27.3081,2,16.2,2,0.059000000000000004,2
P22,2,799.6,2,3.3425,2,0.38,2,27.3083,2,16.4,2,0.059000000000000004,2
P22,2,802.2,2,3.3367,2,0.37,2,27.3102,2,16.0,2,0.059000000000000004,2
P22,2,803.0,2,3.3293,2,0.37,2,27.3122,2,16.0,2,0.059000000000000004,2
P22,2,804.0,2,3.3264,2,0.37,2,27.3129,2,16.0,2,0.059000000000000004,2
P22,2,805.0,2,3.3243,2,0.37,2,27.3136,2,15.9,2,0.059000000000000004,2
P22,2,806.0,2,3.3213,2,0.36,2,27.3143,2,15.8,2,0.059000000000000004,2
P22,2,807.0,2,3.3187,2,0.37,2,27.3151,2,15.9,2,0.059000000000000004,2
P22,2,808.0,2,3.315,2,0.37,2,27.316,2,15.9,2,0.059000000000000004,2
P22,2,808.8,2,3.3139999999999996,2,0.37,2,27.3163,2,16.0,2,0.059000000000000004,2
P22,2,812.1,2,3.3082,2,0.37,2,27.3181,2,15.9,2,0.059000000000000004,2
P22,2,813.0,2,3.3022,2,0.37,2,27.3192,2,15.9,2,0.059000000000000004,2
P22,2,814.0,2,3.2958,2,0.37,2,27.3199,2,16.1,2,0.059000000000000004,2
P22,2,815.0,2,3.2917,2,0.37,2,27.3205,2,16.1,2,0.059000000000000004,2
P22,2,816.0,2,3.2926,2,0.37,2,27.3206,2,16.0,2,0.059000000000000004,2
P22,2,817.0,2,3.2918,2,0.37,2,27.3223,2,16.0,2,0.06,2
P22,2,818.0,2,3.2854,2,0.37,2,27.3234,2,15.9,2,0.06,2
P22,2,819.0,2,3.2816,2,0.37,2,27.324,2,16.1,2,0.059000000000000004,2
P22,2,820.0,2,3.2766,2,0.37,2,27.3251,2,16.1,2,0.055999999999999994,2
P22,2,821.0,2,3.2735,2,0.38,2,27.3254,2,16.4,2,0.059000000000000004,2
P22,2,822.0,2,3.2710000000000004,2,0.38,2,27.3257,2,16.3,2,0.059000000000000004,2
P22,2,823.0,2,3.2686,2,0.38,2,27.3263,2,16.4,2,0.059000000000000004,2
P22,2,825.4,2,3.2668,2,0.37,2,27.3273,2,16.1,2,0.059000000000000004,2
P22,2,826.0,2,3.2654,2,0.37,2,27.3273,2,16.0,2,0.059000000000000004,2
P22,2,827.0,2,3.2669,2,0.37,2,27.3273,2,16.0,2,0.059000000000000004,2
P22,2,828.0,2,3.266,2,0.36,2,27.329,2,15.7,2,0.059000000000000004,2
P22,2,828.8,2,3.2627,2,0.35,2,27.3301,2,15.3,2,0.057999999999999996,2
P22,2,830.2,2,3.263,2,0.35,2,27.3303,2,15.2,2,0.059000000000000004,2
P22,2,831.0,2,3.2625,2,0.34,2,27.3306,2,14.9,2,0.059000000000000004,2
P22,2,832.0,2,3.26,2,0.35,2,27.3316,2,15.0,2,0.059000000000000004,2
P22,2,833.0,2,3.2585,2,0.35,2,27.331999999999997,2,15.2,2,0.059000000000000004,2
P22,2,834.0,2,3.2541,2,0.35,2,27.3333,2,15.0,2,0.059000000000000004,2
P22,2,835.0,2,3.2533,2,0.34,2,27.3335,2,14.9,2,0.059000000000000004,2
P22,2,836.0,2,3.2527,2,0.34,2,27.3338,2,14.8,2,0.06,2
P22,2,838.0,2,3.2427,2,0.35,2,27.3357,2,15.1,2,0.059000000000000004,2
P22,2,839.0,2,3.2366,2,0.35,2,27.3368,2,15.3,2,0.059000000000000004,2
P22,2,840.0,2,3.2365,2,0.35,2,27.3373,2,15.1,2,0.064,2
P22,2,841.0,2,3.2355,2,0.35,2,27.3377,2,15.1,2,0.062,2
P22,2,842.0,2,3.235,2,0.34,2,27.3381,2,14.9,2,0.059000000000000004,2
P22,2,843.0,2,3.2344,2,0.34,2,27.3385,2,14.9,2,0.059000000000000004,2
P22,2,844.0,2,3.2328,2,0.34,2,27.339000000000002,2,14.7,2,0.059000000000000004,2
P22,2,845.0,2,3.2324,2,0.34,2,27.3391,2,14.7,2,0.059000000000000004,2
P22,2,846.0,2,3.2312,2,0.34,2,27.3393,2,14.7,2,0.059000000000000004,2
P22,2,847.0,2,3.228,2,0.34,2,27.3403,2,14.6,2,0.059000000000000004,2
P22,2,848.0,2,3.2265,2,0.34,2,27.3408,2,14.6,2,0.059000000000000004,2
P22,2,849.0,2,3.2258,2,0.34,2,27.3409,2,14.6,2,0.059000000000000004,2
P22,2,850.3,2,3.2221,2,0.34,2,27.3423,2,14.7,2,0.059000000000000004,2
P22,2,851.0,2,3.2201,2,0.34,2,27.3428,2,14.6,2,0.059000000000000004,2
P22,2,852.0,2,3.2186,2,0.33,2,27.3429,2,14.5,2,0.059000000000000004,2
P22,2,853.0,2,3.2173,2,0.33,2,27.3435,2,14.3,2,0.059000000000000004,2
P22,2,854.0,2,3.2169,2,0.33,2,27.3436,2,14.4,2,0.059000000000000004,2
P22,2,855.0,2,3.2168,2,0.33,2,27.3436,2,14.3,2,0.059000000000000004,2
P22,2,856.0,2,3.216,2,0.33,2,27.3439,2,14.5,2,0.059000000000000004,2
P22,2,857.0,2,3.2142,2,0.33,2,27.3445,2,14.3,2,0.061,2
P22,2,857.6,2,3.2128,2,0.33,2,27.3449,2,14.3,2,0.059000000000000004,2
P22,2,859.3,2,3.2119,2,0.33,2,27.3451,2,14.4,2,0.059000000000000004,2
P22,2,860.0,2,3.2105,2,0.33,2,27.3455,2,14.3,2,0.059000000000000004,2
P22,2,861.0,2,3.2094,2,0.33,2,27.3457,2,14.2,2,0.059000000000000004,2
P22,2,862.0,2,3.2068,2,0.33,2,27.3465,2,14.3,2,0.057999999999999996,2
P22,2,863.0,2,3.2063,2,0.33,2,27.3466,2,14.2,2,0.059000000000000004,2
P22,2,864.0,2,3.2063,2,0.33,2,27.3467,2,14.3,2,0.057,2
P22,2,865.0,2,3.2060000000000004,2,0.33,2,27.3467,2,14.3,2,0.059000000000000004,2
P22,2,866.0,2,3.2051,2,0.33,2,27.3469,2,14.3,2,0.059000000000000004,2
P22,2,867.0,2,3.2031,2,0.33,2,27.3475,2,14.3,2,0.059000000000000004,2
P22,2,867.8,2,3.2019,2,0.33,2,27.3478,2,14.2,2,0.059000000000000004,2
P22,2,870.0,2,3.1998,2,0.33,2,27.3483,2,14.4,2,0.059000000000000004,2
P22,2,871.0,2,3.1986,2,0.33,2,27.3486,2,14.3,2,0.059000000000000004,2
P22,2,872.0,2,3.1966,2,0.33,2,27.349,2,14.3,2,0.059000000000000004,2
P22,2,873.0,2,3.1929,2,0.33,2,27.3502,2,14.2,2,0.059000000000000004,2
P22,2,874.0,2,3.1886,2,0.32,2,27.3513,2,14.1,2,0.059000000000000004,2
P22,2,875.0,2,3.1862,2,0.32,2,27.3521,2,14.0,2,0.059000000000000004,2
P22,2,876.0,2,3.1842,2,0.33,2,27.3526,2,14.2,2,0.059000000000000004,2
P22,2,877.0,2,3.1821,2,0.32,2,27.3531,2,14.0,2,0.059000000000000004,2
P22,2,878.0,2,3.1786,2,0.32,2,27.354,2,14.0,2,0.059000000000000004,2
P22,2,879.0,2,3.1738,2,0.32,2,27.3554,2,13.9,2,0.059000000000000004,2
P22,2,880.0,2,3.1737,2,0.32,2,27.3553,2,13.9,2,0.059000000000000004,2
P22,2,881.0,2,3.1725,2,0.32,2,27.3556,2,13.9,2,0.059000000000000004,2
P22,2,882.0,2,3.1719,2,0.32,2,27.3558,2,14.0,2,0.059000000000000004,2
P22,2,883.0,2,3.1718,2,0.32,2,27.355999999999998,2,13.9,2,0.059000000000000004,2
P22,2,884.0,2,3.1718,2,0.31,2,27.3558,2,13.6,2,0.059000000000000004,2
P22,2,885.0,2,3.1709,2,0.32,2,27.3563,2,13.7,2,0.059000000000000004,2
P22,2,886.0,2,3.1697,2,0.32,2,27.3565,2,13.8,2,0.059000000000000004,2
P22,2,887.0,2,3.1685,2,0.32,2,27.3569,2,13.7,2,0.059000000000000004,2
P22,2,888.0,2,3.1665,2,0.32,2,27.3575,2,13.8,2,0.059000000000000004,2
P22,2,889.0,2,3.1642,2,0.32,2,27.3581,2,13.7,2,0.059000000000000004,2
P22,2,889.8,2,3.1633,2,0.32,2,27.3584,2,13.7,2,0.061,2
P22,2,893.3,2,3.1631,2,0.31,2,27.3584,2,13.6,2,0.059000000000000004,2
P22,2,894.0,2,3.1623,2,0.32,2,27.3586,2,13.7,2,0.059000000000000004,2
P22,2,895.0,2,3.1625,2,0.31,2,27.3587,2,13.6,2,0.059000000000000004,2
P22,2,896.0,2,3.1624,2,0.31,2,27.3585,2,13.6,2,0.059000000000000004,2
P22,2,897.0,2,3.1595,2,0.32,2,27.3596,2,13.9,2,0.059000000000000004,2
P22,2,898.0,2,3.1559,2,0.32,2,27.3605,2,13.7,2,0.059000000000000004,2
P22,2,899.0,2,3.1552,2,0.31,2,27.3605,2,13.4,2,0.06,2
P22,2,900.0,2,3.1545,2,0.31,2,27.3609,2,13.6,2,0.059000000000000004,2
P22,2,901.0,2,3.1535,2,0.31,2,27.3611,2,13.6,2,0.059000000000000004,2
P22,2,902.0,2,3.1522,2,0.31,2,27.3614,2,13.6,2,0.059000000000000004,2
P22,2,903.0,2,3.1509,2,0.31,2,27.3619,2,13.5,2,0.059000000000000004,2
P22,2,904.0,2,3.1505,2,0.31,2,27.362,2,13.5,2,0.059000000000000004,2
P22,2,905.0,2,3.15,2,0.31,2,27.362,2,13.6,2,0.06,2
P22,2,906.0,2,3.1477,2,0.31,2,27.3627,2,13.6,2,0.059000000000000004,2
P22,2,907.0,2,3.1457,2,0.31,2,27.3631,2,13.6,2,0.059000000000000004,2
P22,2,908.0,2,3.1448,2,0.31,2,27.3635,2,13.4,2,0.059000000000000004,2
P22,2,909.0,2,3.1446,2,0.31,2,27.3635,2,13.5,2,0.059000000000000004,2
P22,2,909.9,2,3.1441,2,0.31,2,27.3637,2,13.5,2,0.057999999999999996,2
P22,2,911.1,2,3.1429,2,0.31,2,27.364,2,13.3,2,0.059000000000000004,2
P22,2,912.0,2,3.1423,2,0.31,2,27.3641,2,13.6,2,0.06,2
P22,2,913.0,2,3.1376,2,0.31,2,27.3655,2,13.3,2,0.06,2
P22,2,914.0,2,3.1333,2,0.31,2,27.3666,2,13.3,2,0.059000000000000004,2
P22,2,915.0,2,3.1305,2,0.31,2,27.3673,2,13.3,2,0.059000000000000004,2
P22,2,915.7,2,3.1299,2,0.31,2,27.3676,2,13.3,2,0.059000000000000004,2
P22,2,917.0,2,3.1288,2,0.31,2,27.3678,2,13.3,2,0.059000000000000004,2
P22,2,918.0,2,3.1261,2,0.31,2,27.3685,2,13.3,2,0.059000000000000004,2
P22,2,919.0,2,3.1252,2,0.3,2,27.3687,2,12.9,2,0.059000000000000004,2
P22,2,920.0,2,3.1242,2,0.3,2,27.3691,2,12.9,2,0.059000000000000004,2
P22,2,921.0,2,3.1224,2,0.3,2,27.3695,2,12.9,2,0.059000000000000004,2
P22,2,922.0,2,3.1214,2,0.3,2,27.3698,2,13.2,2,0.059000000000000004,2
P22,2,923.0,2,3.1201,2,0.3,2,27.3702,2,13.2,2,0.059000000000000004,2
P22,2,924.0,2,3.116,2,0.3,2,27.3712,2,13.0,2,0.059000000000000004,2
P22,2,925.0,2,3.1122,2,0.3,2,27.3722,2,12.9,2,0.059000000000000004,2
P22,2,926.1,2,3.1087,2,0.3,2,27.3731,2,12.9,2,0.06,2
P22,2,927.0,2,3.1063,2,0.3,2,27.3738,2,12.9,2,0.06,2
P22,2,928.0,2,3.1041,2,0.3,2,27.3743,2,13.0,2,0.059000000000000004,2
P22,2,929.0,2,3.1041,2,0.3,2,27.3742,2,13.0,2,0.059000000000000004,2
P22,2,930.0,2,3.1036,2,0.3,2,27.3744,2,13.0,2,0.059000000000000004,2
P22,2,931.0,2,3.1027,2,0.3,2,27.3748,2,13.0,2,0.059000000000000004,2
P22,2,932.0,2,3.0989,2,0.3,2,27.3756,2,13.1,2,0.059000000000000004,2
P22,2,933.0,2,3.0944,2,0.3,2,27.3768,2,13.0,2,0.059000000000000004,2
P22,2,934.4,2,3.0935,2,0.3,2,27.3771,2,13.0,2,0.059000000000000004,2
P22,2,935.0,2,3.0912,2,0.3,2,27.3775,2,13.1,2,0.059000000000000004,2
P22,2,936.0,2,3.0889,2,0.3,2,27.3781,2,13.1,2,0.059000000000000004,2
P22,2,937.0,2,3.0886,2,0.3,2,27.3783,2,13.0,2,0.059000000000000004,2
P22,2,937.8,2,3.0879,2,0.3,2,27.3785,2,13.1,2,0.059000000000000004,2
P22,2,939.3,2,3.0894,2,0.3,2,27.3783,2,13.1,2,0.059000000000000004,2
P22,2,940.0,2,3.0868,2,0.3,2,27.3788,2,13.1,2,0.061,2
P22,2,941.0,2,3.085,2,0.3,2,27.3794,2,12.9,2,0.059000000000000004,2
P22,2,942.0,2,3.0802,2,0.29,2,27.3805,2,12.8,2,0.059000000000000004,2
P22,2,943.0,2,3.0768,2,0.3,2,27.3817,2,12.9,2,0.061,2
P22,2,944.0,2,3.0732,2,0.3,2,27.3825,2,13.0,2,0.06,2
P22,2,945.0,2,3.0715,2,0.3,2,27.3829,2,13.0,2,0.059000000000000004,2
P22,2,946.0,2,3.0702,2,0.29,2,27.3834,2,12.7,2,0.059000000000000004,2
P22,2,947.0,2,3.0695,2,0.3,2,27.3835,2,12.9,2,0.059000000000000004,2
P22,2,948.0,2,3.0676,2,0.3,2,27.3839,2,12.9,2,0.059000000000000004,2
P22,2,949.0,2,3.0671,2,0.3,2,27.3839,2,12.9,2,0.059000000000000004,2
P22,2,950.0,2,3.0664,2,0.3,2,27.3842,2,12.9,2,0.059000000000000004,2
P22,2,951.0,2,3.0645,2,0.3,2,27.3847,2,12.9,2,0.059000000000000004,2
P22,2,952.0,2,3.0621,2,0.3,2,27.3852,2,12.9,2,0.057999999999999996,2
P22,2,953.0,2,3.0607,2,0.3,2,27.3855,2,12.9,2,0.059000000000000004,2
P22,2,954.0,2,3.0593,2,0.3,2,27.386,2,12.9,2,0.059000000000000004,2
P22,2,954.8,2,3.0564,2,0.3,2,27.3867,2,13.0,2,0.059000000000000004,2
P22,2,958.2,2,3.053,2,0.3,2,27.3885,2,13.0,2,0.059000000000000004,2
P22,2,959.0,2,3.0478,2,0.29,2,27.3895,2,12.8,2,0.059000000000000004,2
P22,2,960.0,2,3.0427,2,0.29,2,27.3911,2,12.6,2,0.059000000000000004,2
P22,2,961.0,2,3.0396,2,0.29,2,27.3915,2,12.6,2,0.059000000000000004,2
P22,2,962.0,2,3.0380000000000003,2,0.29,2,27.3921,2,12.6,2,0.059000000000000004,2
P22,2,963.0,2,3.0359,2,0.29,2,27.3924,2,12.6,2,0.059000000000000004,2
P22,2,964.0,2,3.0335,2,0.29,2,27.3931,2,12.6,2,0.059000000000000004,2
P22,2,965.0,2,3.0323,2,0.29,2,27.3933,2,12.6,2,0.059000000000000004,2
P22,2,966.0,2,3.0303,2,0.29,2,27.3938,2,12.6,2,0.059000000000000004,2
P22,2,967.0,2,3.0281,2,0.29,2,27.3945,2,12.6,2,0.059000000000000004,2
P22,2,968.0,2,3.0276,2,0.29,2,27.3946,2,12.4,2,0.057999999999999996,2
P22,2,969.0,2,3.0268,2,0.29,2,27.3947,2,12.5,2,0.059000000000000004,2
P22,2,970.0,2,3.0253,2,0.29,2,27.3952,2,12.5,2,0.059000000000000004,2
P22,2,971.0,2,3.0255,2,0.29,2,27.3951,2,12.4,2,0.059000000000000004,2
P22,2,972.0,2,3.0249,2,0.29,2,27.3954,2,12.5,2,0.059000000000000004,2
P22,2,973.0,2,3.0247,2,0.29,2,27.3955,2,12.5,2,0.057999999999999996,2
P22,2,974.0,2,3.0233,2,0.29,2,27.3957,2,12.6,2,0.057999999999999996,2
P22,2,975.0,2,3.0216,2,0.29,2,27.3961,2,12.7,2,0.057999999999999996,2
P22,2,977.3,2,3.0203,2,0.29,2,27.3966,2,12.6,2,0.059000000000000004,2
P22,2,978.0,2,3.0192,2,0.29,2,27.3967,2,12.7,2,0.059000000000000004,2
P22,2,979.0,2,3.0173,2,0.29,2,27.3972,2,12.6,2,0.059000000000000004,2
P22,2,980.0,2,3.0133,2,0.29,2,27.3983,2,12.6,2,0.059000000000000004,2
P22,2,981.0,2,3.0118,2,0.29,2,27.3988,2,12.6,2,0.059000000000000004,2
P22,2,982.0,2,3.0111,2,0.29,2,27.3988,2,12.7,2,0.059000000000000004,2
P22,2,983.0,2,3.0102,2,0.29,2,27.3992,2,12.6,2,0.059000000000000004,2
P22,2,984.0,2,3.0098,2,0.29,2,27.3993,2,12.6,2,0.059000000000000004,2
P22,2,985.0,2,3.0085,2,0.29,2,27.3996,2,12.6,2,0.059000000000000004,2
P22,2,986.0,2,3.0066,2,0.29,2,27.4002,2,12.4,2,0.057,2
P22,2,987.0,2,3.0011,2,0.28,2,27.4019,2,12.3,2,0.059000000000000004,2
P22,2,988.0,2,2.9991,2,0.28,2,27.4024,2,12.2,2,0.059000000000000004,2
P22,2,989.0,2,2.9982,2,0.28,2,27.4025,2,12.3,2,0.059000000000000004,2
P22,2,989.9,2,2.9986,2,0.28,2,27.4025,2,12.4,2,0.059000000000000004,2
P22,2,994.1,2,2.9972,2,0.28,2,27.4029,2,12.3,2,0.059000000000000004,2
P22,2,995.0,2,2.9962,2,0.28,2,27.4032,2,12.4,2,0.059000000000000004,2
P22,2,995.9,2,2.9919,2,0.28,2,27.4043,2,12.4,2,0.059000000000000004,2
P22,2,997.1,2,2.9858,2,0.29,2,27.4057,2,12.5,2,0.059000000000000004,2
P22,2,998.0,2,2.9859,2,0.29,2,27.4057,2,12.4,2,0.059000000000000004,2
P22,2,999.0,2,2.9859,2,0.29,2,27.4057,2,12.5,2,0.059000000000000004,2
P22,2,1000.0,2,2.9855,2,0.29,2,27.4058,2,12.6,2,0.057,2
P22,2,1001.0,2,2.985,2,0.29,2,27.4058,2,12.5,2,0.059000000000000004,2
P22,2,1002.0,2,2.9846,2,0.29,2,27.406,2,12.4,2,0.059000000000000004,2
P22,2,1003.0,2,2.9826,2,0.29,2,27.4066,2,12.5,2,0.059000000000000004,2
P22,2,1004.0,2,2.9807,2,0.29,2,27.406999999999996,2,12.5,2,0.059000000000000004,2
P22,2,1005.0,2,2.9803,2,0.29,2,27.4071,2,12.5,2,0.057999999999999996,2
P22,2,1006.0,2,2.9806,2,0.29,2,27.406999999999996,2,12.6,2,0.057999999999999996,2
P22,2,1007.0,2,2.9805,2,0.29,2,27.4071,2,12.6,2,0.059000000000000004,2
P22,2,1008.0,2,2.9802,2,0.29,2,27.4072,2,12.6,2,0.059000000000000004,2
P22,2,1008.8,2,2.9793,2,0.28,2,27.4076,2,12.4,2,0.06,2
END_DATA
