CTD,20190304CCHSIOLMM
#-----------------------------------------------------------------------------------------------------------,,,,,,,,,,,,,,,,,
#Transmissivity Fluorescence and PAR are nominal and unedited except that some records were removed in editing temperature and salinity.,,,,,,,,,,,,,,,,,
#,,,,,,,,,,,,,,,,,
#COMMENTS FOR FILES 0001 TO 0040:,,,,,,,,,,,,,,,,,
#The Oxygen:Dissolved:CTD data for this cruise were recalibrated in three steps.,,,,,,,,,,,,,,,,,
#The first correction was applied to data from above 1400 dbar and to all of cast 0040.,,,,,,,,,,,,,,,,,
#The second was applied to data below 1400 dbar from casts 0015 to 0038.,,,,,,,,,,,,,,,,,
#The final correction was applied to all data. ,,,,,,,,,,,,,,,,,
#,,,,,,,,,,,,,,,,,
#Oxygen:Dissolved:CTD data below 1400 dbar are very noisy and are considered less reliable because of the noisy signal; the limitations in the calibration; and because it was impossible to fine-tune the configuration parameters to get the best possible deep data; so there may be some hysteresis.,,,,,,,,,,,,,,,,,
#,,,,,,,,,,,,,,,,,
#The Oxygen:Dissolved:CTD data should be considered:,,,,,,,,,,,,,,,,,
#      • ±0.4 ml/l from 0 to 200 dbar,,,,,,,,,,,,,,,,,
#      • ±0.1 ml/l from 200 to 500 dbar,,,,,,,,,,,,,,,,,
#      • ±0.04 ml/l from 500 to 1500 dbar,,,,,,,,,,,,,,,,,
#      • ±0.2 ml/l below 1500 dbar,,,,,,,,,,,,,,,,,
#,,,,,,,,,,,,,,,,,
#COMMENTS FOR FILES 0046 TO 0060:,,,,,,,,,,,,,,,,,
#There were no bottle samples available to recalibrate the dissolved oxygen sensor used for this cast. ,,,,,,,,,,,,,,,,,
#Recalibration was based only on an inter-comparison of repeat casts at station P26; one with sensor #0997 (used for casts 0001 to 0040) and two with sensor #1119 (used for casts 0046 to 0060). ,,,,,,,,,,,,,,,,,
#The casts were separated in time by 4 to 6 hours.,,,,,,,,,,,,,,,,,
#Temporal variations were found to be very large between 100 and 700 dbar during repeat casts using a single sensor so the inter-comparison of sensors was limited to the mixed layer from 0 to 100 dbar and below 700 dbar. ,,,,,,,,,,,,,,,,,
#This limits the range included in the fit to high and low values.,,,,,,,,,,,,,,,,,
#A final calibration applied was based on studies of sensor #0997.,,,,,,,,,,,,,,,,,
#,,,,,,,,,,,,,,,,,
#The comparisons in areas of low Oxygen:Dissolved gradients suggest that this sensor performed well. ,,,,,,,,,,,,,,,,,
#A rough estimate suggests that the data is likely to be within:,,,,,,,,,,,,,,,,,
#      • ±0.4 ml/l from 0 to 200 dbar,,,,,,,,,,,,,,,,,
#      • ±0.2 ml/l below 200 dbar,,,,,,,,,,,,,,,,,
#,,,,,,,,,,,,,,,,,
#Transmissometer #1005DR was calibrated in March 2008 and drifted significantly but steadily until July 2009. ,,,,,,,,,,,,,,,,,
#Then a sudden shift occurred so that maximum values between September 2009 and July 2010 were very low by about 25 %/m. ,,,,,,,,,,,,,,,,,
#In August 2010 a study was made of transmissivity that led to a decision to apply post-processing corrections to all cruises between March 2008 and June 2010.,,,,,,,,,,,,,,,,,
#,,,,,,,,,,,,,,,,,
#Transmissivity data from this cruise were corrected by multiplying the original values by a correction factor which was based on assumptions that deep offshore transmissivity from a June 2009 cruise should be about 62 %/m and that drift was linear with time between March 2008 and July 2009. ,,,,,,,,,,,,,,,,,
#The corrections produced reasonable results for all cruises in that time period. ,,,,,,,,,,,,,,,,,
#,,,,,,,,,,,,,,,,,
#For details on the transmissometer post-processing see: Transmissometer_1005DR_Corrections.pdf.,,,,,,,,,,,,,,,,,
#,,,,,,,,,,,,,,,,,
#These data should still be considered nominal.,,,,,,,,,,,,,,,,,
#---------------------------------------------------------------------------------------------------,,,,,,,,,,,,,,,,,
#For details on the processing see file 2009-03-proc.pdf.,,,,,,,,,,,,,,,,,
#---------------------------------------------------------------------------------------------------,,,,,,,,,,,,,,,,,
#,,,,,,,,,,,,,,,,,
#File Name,Zone,FIL:START TIME YYYY/MM/DD, HH:MM,LOC:EVENT_NUMBER,LOC:LATITUDE,LOC:LONGITUDE,LOC:STATION,Pressure:CTD [dbar],Temperature:CTD [deg_C_(ITS90)],Salinity:Practical:CTD [PSS-78],Sigma-t:CTD [kg/m^3],Transmissivity:CTD [*/m],Oxygen:Dissolved:CTD:Volume [ml/l],Oxygen:Dissolved:CTD:Mass [µmol/kg],Fluorescence:CTD [mg/m^3],PAR:CTD [µE/m^2/sec],
#,,,,,,,,,,,,,,,,,
NUMBER_HEADERS = 8
EXPOCODE = 18DD20090127
STNBR = P3
CASTNO = 1
DATE = 29/01/2009
TIME =  18:13
LATITUDE = 48.625
LONGITUDE = -126.33317
CTDPRS,CTDPRS_FLAG_W,CTDTMP,CTDTMP_FLAG_W,CTDSAL,CTDSAL_FLAG_W,CTDOXY,CTDOXY_FLAG_W,CTDXMISS,CTDXMISS_FLAG_W,CTDFLUOR,CTDFLUOR_FLAG_W,PAR,PAR_FLAG_W
DBAR,,ITS-90,,PSS-78,,UMOL/KG,,,,MG/M^3,,UE/m^2/sec,
P3,2,2.3,2,6.7519,2,6.89,2,23.4198,2,300.5,2,0.599,2
P3,2,3.0,2,6.752999999999999,2,6.88,2,23.421,2,299.9,2,0.586,2
P3,2,3.9,2,6.7524,2,6.88,2,23.4163,2,300.2,2,0.62,2
P3,2,5.4,2,6.7488,2,6.9,2,23.4138,2,301.0,2,0.608,2
P3,2,6.0,2,6.7495,2,6.9,2,23.4132,2,301.0,2,0.5820000000000001,2
P3,2,7.0,2,6.7494,2,6.89,2,23.4145,2,300.5,2,0.583,2
P3,2,8.0,2,6.7496,2,6.84,2,23.4187,2,298.4,2,0.6,2
P3,2,9.0,2,6.7567,2,6.79,2,23.4437,2,296.3,2,0.607,2
P3,2,10.0,2,6.8582,2,6.62,2,23.7437,2,288.9,2,0.6629999999999999,2
P3,2,11.0,2,6.96,2,6.51,2,23.9501,2,283.9,2,0.669,2
P3,2,12.0,2,6.9726,2,6.53,2,23.9712,2,284.7,2,0.713,2
P3,2,13.0,2,6.9741,2,6.52,2,23.9745,2,284.4,2,0.7709999999999999,2
P3,2,14.0,2,6.9859,2,6.5,2,23.9925,2,283.3,2,0.758,2
P3,2,15.0,2,7.1088,2,6.46,2,24.1708,2,281.6,2,0.785,2
P3,2,16.0,2,7.2224,2,6.38,2,24.3294,2,278.1,2,0.807,2
P3,2,17.0,2,7.3703,2,6.28,2,24.5307,2,273.7,2,0.765,2
P3,2,18.0,2,7.4522,2,6.21,2,24.6355,2,270.4,2,0.7390000000000001,2
P3,2,19.0,2,7.4912,2,6.12,2,24.6968,2,266.6,2,0.713,2
P3,2,20.0,2,7.5548,2,6.05,2,24.7878,2,263.6,2,0.6759999999999999,2
P3,2,21.0,2,7.5691,2,5.95,2,24.8042,2,259.1,2,0.68,2
P3,2,22.0,2,7.6206,2,5.84,2,24.8734,2,254.3,2,0.632,2
P3,2,23.0,2,7.6577,2,5.77,2,24.9125,2,251.4,2,0.584,2
P3,2,24.0,2,7.6572,2,5.74,2,24.9158,2,249.9,2,0.5710000000000001,2
P3,2,25.0,2,7.6562,2,5.7,2,24.9249,2,248.2,2,0.527,2
P3,2,26.0,2,7.662000000000001,2,5.63,2,24.9328,2,245.1,2,0.495,2
P3,2,27.0,2,7.6803,2,5.55,2,24.951,2,241.7,2,0.43,2
P3,2,28.0,2,7.7035,2,5.5,2,24.9757,2,239.6,2,0.34600000000000003,2
P3,2,29.0,2,7.7059,2,5.5,2,24.9808,2,239.4,2,0.327,2
P3,2,30.0,2,7.7063,2,5.5,2,24.9826,2,239.4,2,0.31,2
P3,2,31.0,2,7.7073,2,5.47,2,24.9841,2,238.3,2,0.304,2
P3,2,32.0,2,7.7088,2,5.43,2,24.998,2,236.5,2,0.307,2
P3,2,33.0,2,7.7064,2,5.4,2,25.0152,2,235.2,2,0.285,2
P3,2,34.0,2,7.7072,2,5.38,2,25.0304,2,234.4,2,0.282,2
P3,2,35.0,2,7.7079,2,5.36,2,25.0482,2,233.6,2,0.258,2
P3,2,36.0,2,7.7152,2,5.34,2,25.0637,2,232.6,2,0.255,2
P3,2,37.0,2,7.7481,2,5.33,2,25.0907,2,232.0,2,0.253,2
P3,2,38.0,2,7.7927,2,5.32,2,25.1387,2,231.7,2,0.258,2
P3,2,39.0,2,7.8058,2,5.32,2,25.1552,2,231.7,2,0.245,2
P3,2,40.0,2,7.8081,2,5.31,2,25.1632,2,231.2,2,0.257,2
P3,2,41.1,2,7.8122,2,5.3,2,25.1718,2,230.9,2,0.261,2
P3,2,42.0,2,7.8278,2,5.3,2,25.1886,2,230.7,2,0.29100000000000004,2
P3,2,43.0,2,7.8774,2,5.3,2,25.22,2,230.7,2,0.276,2
P3,2,44.0,2,7.8836,2,5.31,2,25.2221,2,231.2,2,0.29100000000000004,2
P3,2,45.0,2,7.8935,2,5.31,2,25.2254,2,231.4,2,0.261,2
P3,2,46.0,2,7.9239999999999995,2,5.31,2,25.2379,2,231.3,2,0.264,2
P3,2,47.0,2,7.926,2,5.31,2,25.2398,2,231.3,2,0.276,2
P3,2,48.0,2,7.9278,2,5.33,2,25.243000000000002,2,232.2,2,0.271,2
P3,2,48.9,2,7.9676,2,5.39,2,25.2526,2,234.9,2,0.284,2
P3,2,50.0,2,8.0138,2,5.45,2,25.2823,2,237.3,2,0.29,2
P3,2,51.0,2,8.0242,2,5.49,2,25.2971,2,238.9,2,0.306,2
P3,2,52.0,2,8.0325,2,5.52,2,25.3038,2,240.5,2,0.284,2
P3,2,53.0,2,8.0363,2,5.55,2,25.3109,2,241.6,2,0.293,2
P3,2,54.0,2,8.039,2,5.56,2,25.3168,2,242.1,2,0.305,2
P3,2,55.0,2,8.0428,2,5.57,2,25.3215,2,242.7,2,0.29100000000000004,2
P3,2,56.0,2,8.0434,2,5.57,2,25.3372,2,242.7,2,0.29,2
P3,2,57.0,2,8.0202,2,5.43,2,25.3671,2,236.3,2,0.271,2
P3,2,58.0,2,8.0279,2,5.2,2,25.4186,2,226.4,2,0.255,2
P3,2,59.0,2,8.052,2,5.09,2,25.4311,2,221.7,2,0.221,2
P3,2,60.0,2,8.0646,2,4.99,2,25.4358,2,217.4,2,0.21899999999999997,2
P3,2,61.0,2,8.0741,2,4.88,2,25.4441,2,212.5,2,0.235,2
P3,2,62.0,2,8.0655,2,4.78,2,25.4841,2,208.3,2,0.182,2
P3,2,63.0,2,8.0533,2,4.71,2,25.5285,2,205.2,2,0.188,2
P3,2,64.0,2,8.0448,2,4.66,2,25.5466,2,202.9,2,0.16899999999999998,2
P3,2,65.0,2,8.0584,2,4.62,2,25.572,2,201.1,2,0.162,2
P3,2,66.0,2,8.0618,2,4.57,2,25.587,2,199.1,2,0.155,2
P3,2,67.0,2,8.0548,2,4.51,2,25.6054,2,196.4,2,0.147,2
P3,2,68.0,2,8.0329,2,4.5,2,25.6505,2,196.0,2,0.149,2
P3,2,69.0,2,7.9945,2,4.52,2,25.6695,2,196.7,2,0.142,2
P3,2,70.0,2,7.9817,2,4.52,2,25.6723,2,196.9,2,0.141,2
P3,2,71.0,2,7.9722,2,4.45,2,25.6851,2,193.9,2,0.145,2
P3,2,72.0,2,7.9728,2,4.39,2,25.7032,2,191.2,2,0.171,2
P3,2,73.0,2,7.9552,2,4.36,2,25.7279,2,189.5,2,0.13699999999999998,2
P3,2,74.0,2,7.9489,2,4.32,2,25.7358,2,187.8,2,0.139,2
P3,2,75.0,2,7.9501,2,4.27,2,25.7474,2,185.7,2,0.136,2
P3,2,76.0,2,7.9536,2,4.2,2,25.7618,2,182.9,2,0.14300000000000002,2
P3,2,77.0,2,7.9519,2,4.13,2,25.7774,2,179.7,2,0.136,2
P3,2,78.0,2,7.9426,2,4.04,2,25.798000000000002,2,175.8,2,0.133,2
P3,2,79.0,2,7.9272,2,3.95,2,25.8241,2,172.1,2,0.13699999999999998,2
P3,2,80.0,2,7.9089,2,3.87,2,25.8539,2,168.4,2,0.127,2
P3,2,81.0,2,7.9015,2,3.78,2,25.8662,2,164.3,2,0.13,2
P3,2,82.0,2,7.8836,2,3.7,2,25.9012,2,160.8,2,0.127,2
P3,2,83.0,2,7.8746,2,3.62,2,25.9141,2,157.6,2,0.115,2
P3,2,84.0,2,7.848,2,3.56,2,25.9575,2,154.7,2,0.11699999999999999,2
P3,2,85.0,2,7.8389,2,3.52,2,25.971999999999998,2,153.0,2,0.11800000000000001,2
P3,2,86.0,2,7.8329,2,3.48,2,25.9806,2,151.6,2,0.11599999999999999,2
P3,2,87.0,2,7.8207,2,3.45,2,25.9989,2,150.3,2,0.11599999999999999,2
P3,2,88.0,2,7.8158,2,3.42,2,26.0052,2,148.9,2,0.115,2
P3,2,89.0,2,7.81,2,3.38,2,26.0119,2,147.1,2,0.12,2
P3,2,90.0,2,7.7902,2,3.34,2,26.033,2,145.1,2,0.12300000000000001,2
P3,2,91.0,2,7.7758,2,3.28,2,26.0472,2,142.5,2,0.11599999999999999,2
P3,2,92.0,2,7.7548,2,3.21,2,26.0722,2,139.7,2,0.11699999999999999,2
P3,2,93.0,2,7.7287,2,3.15,2,26.1003,2,137.1,2,0.124,2
P3,2,94.0,2,7.7094,2,3.11,2,26.1176,2,135.1,2,0.113,2
P3,2,95.0,2,7.6937,2,3.07,2,26.1337,2,133.6,2,0.11,2
P3,2,96.0,2,7.6884,2,3.04,2,26.1423,2,132.2,2,0.10800000000000001,2
P3,2,97.0,2,7.6744,2,3.0,2,26.1558,2,130.6,2,0.10800000000000001,2
P3,2,98.0,2,7.6604,2,2.97,2,26.1703,2,129.0,2,0.11800000000000001,2
P3,2,99.0,2,7.6468,2,2.93,2,26.18,2,127.3,2,0.111,2
P3,2,100.0,2,7.6252,2,2.88,2,26.1952,2,125.2,2,0.109,2
P3,2,101.0,2,7.5943,2,2.82,2,26.2204,2,122.5,2,0.107,2
P3,2,102.0,2,7.5725,2,2.76,2,26.2473,2,120.1,2,0.10800000000000001,2
P3,2,103.0,2,7.5627,2,2.73,2,26.2606,2,118.8,2,0.106,2
P3,2,104.0,2,7.5417,2,2.71,2,26.2828,2,117.8,2,0.11199999999999999,2
P3,2,105.0,2,7.5539,2,2.68,2,26.2936,2,116.6,2,0.10800000000000001,2
P3,2,106.0,2,7.626,2,2.65,2,26.3217,2,115.5,2,0.106,2
P3,2,107.0,2,7.6203,2,2.63,2,26.3417,2,114.2,2,0.105,2
P3,2,108.0,2,7.5688,2,2.6,2,26.3479,2,113.3,2,0.106,2
P3,2,109.0,2,7.54,2,2.6,2,26.3545,2,113.0,2,0.111,2
P3,2,109.9,2,7.5341,2,2.62,2,26.3734,2,114.0,2,0.10800000000000001,2
P3,2,111.5,2,7.5374,2,2.51,2,26.3815,2,109.4,2,0.10300000000000001,2
P3,2,112.0,2,7.5278,2,2.5,2,26.388,2,108.8,2,0.10300000000000001,2
P3,2,113.0,2,7.5197,2,2.48,2,26.392,2,108.1,2,0.10300000000000001,2
P3,2,114.0,2,7.4992,2,2.47,2,26.3976,2,107.4,2,0.1,2
P3,2,115.0,2,7.4848,2,2.45,2,26.4044,2,106.8,2,0.105,2
P3,2,116.0,2,7.4767,2,2.45,2,26.4087,2,106.5,2,0.102,2
P3,2,117.0,2,7.4661,2,2.44,2,26.4142,2,106.0,2,0.10300000000000001,2
P3,2,118.0,2,7.4631,2,2.44,2,26.4159,2,106.0,2,0.102,2
P3,2,119.0,2,7.4621,2,2.43,2,26.4164,2,105.9,2,0.10300000000000001,2
P3,2,120.0,2,7.4563,2,2.43,2,26.4188,2,105.6,2,0.105,2
P3,2,121.0,2,7.4509,2,2.41,2,26.421,2,105.0,2,0.10300000000000001,2
P3,2,122.0,2,7.4406,2,2.39,2,26.4245,2,104.0,2,0.10300000000000001,2
P3,2,123.0,2,7.4086,2,2.37,2,26.4353,2,103.1,2,0.10400000000000001,2
P3,2,124.0,2,7.388,2,2.37,2,26.443,2,103.0,2,0.10400000000000001,2
P3,2,125.0,2,7.3805,2,2.37,2,26.4458,2,103.2,2,0.10300000000000001,2
P3,2,126.0,2,7.372000000000001,2,2.38,2,26.4552,2,103.3,2,0.105,2
P3,2,127.0,2,7.3609,2,2.39,2,26.4685,2,103.9,2,0.099,2
P3,2,128.0,2,7.3572,2,2.39,2,26.4712,2,103.9,2,0.099,2
P3,2,129.0,2,7.3556,2,2.37,2,26.4718,2,103.1,2,0.10099999999999999,2
P3,2,130.0,2,7.3503,2,2.36,2,26.4735,2,102.8,2,0.1,2
P3,2,131.0,2,7.3325,2,2.35,2,26.479,2,102.3,2,0.10300000000000001,2
P3,2,132.0,2,7.3157,2,2.35,2,26.484,2,102.0,2,0.10300000000000001,2
P3,2,133.0,2,7.3007,2,2.34,2,26.488000000000003,2,101.8,2,0.10300000000000001,2
P3,2,134.0,2,7.2879,2,2.34,2,26.491999999999997,2,101.7,2,0.10300000000000001,2
P3,2,135.0,2,7.2872,2,2.33,2,26.4925,2,101.5,2,0.10300000000000001,2
P3,2,136.0,2,7.2852,2,2.32,2,26.4934,2,100.8,2,0.102,2
P3,2,137.0,2,7.265,2,2.28,2,26.5008,2,99.2,2,0.102,2
P3,2,138.0,2,7.2475,2,2.23,2,26.5054,2,97.0,2,0.10300000000000001,2
P3,2,139.0,2,7.2426,2,2.19,2,26.5067,2,95.4,2,0.106,2
P3,2,140.0,2,7.2158,2,2.16,2,26.5149,2,94.1,2,0.106,2
P3,2,141.0,2,7.1968,2,2.16,2,26.5229,2,93.8,2,0.106,2
P3,2,142.0,2,7.1948,2,2.16,2,26.5235,2,93.9,2,0.10400000000000001,2
P3,2,143.0,2,7.1949,2,2.16,2,26.5229,2,93.9,2,0.105,2
P3,2,144.0,2,7.1938,2,2.16,2,26.5233,2,93.8,2,0.10400000000000001,2
P3,2,145.0,2,7.1932,2,2.16,2,26.5237,2,93.9,2,0.10300000000000001,2
P3,2,146.0,2,7.1931,2,2.16,2,26.5237,2,93.9,2,0.1,2
P3,2,147.0,2,7.1893,2,2.15,2,26.5253,2,93.5,2,0.106,2
P3,2,148.0,2,7.1851,2,2.15,2,26.5274,2,93.6,2,0.10400000000000001,2
P3,2,149.0,2,7.1861,2,2.15,2,26.5275,2,93.4,2,0.10400000000000001,2
P3,2,150.4,2,7.1856,2,2.14,2,26.5294,2,92.9,2,0.10300000000000001,2
P3,2,151.0,2,7.1827,2,2.13,2,26.5312,2,92.5,2,0.10300000000000001,2
P3,2,152.0,2,7.1764,2,2.13,2,26.5341,2,92.6,2,0.10300000000000001,2
P3,2,153.0,2,7.1725,2,2.12,2,26.5353,2,92.3,2,0.105,2
P3,2,154.0,2,7.1712,2,2.11,2,26.5359,2,91.8,2,0.102,2
P3,2,155.0,2,7.1628,2,2.11,2,26.5383,2,91.6,2,0.10300000000000001,2
P3,2,156.0,2,7.1488,2,2.1,2,26.5421,2,91.3,2,0.106,2
P3,2,157.0,2,7.1351,2,2.09,2,26.5463,2,90.9,2,0.106,2
P3,2,158.0,2,7.1265,2,2.09,2,26.5491,2,91.0,2,0.10400000000000001,2
P3,2,159.3,2,7.1105,2,2.07,2,26.5543,2,90.0,2,0.10300000000000001,2
P3,2,160.0,2,7.086,2,2.06,2,26.5618,2,89.5,2,0.102,2
P3,2,161.0,2,7.0751,2,2.05,2,26.5649,2,89.0,2,0.10300000000000001,2
P3,2,162.0,2,7.0677,2,2.05,2,26.566999999999997,2,88.9,2,0.10300000000000001,2
P3,2,163.0,2,7.0623,2,2.04,2,26.5685,2,88.8,2,0.099,2
P3,2,164.0,2,7.0556,2,2.04,2,26.5708,2,88.8,2,0.102,2
P3,2,165.0,2,7.0527,2,2.05,2,26.5719,2,89.3,2,0.10300000000000001,2
P3,2,166.0,2,7.0498,2,2.06,2,26.5727,2,89.8,2,0.099,2
P3,2,167.0,2,7.0293,2,2.07,2,26.5782,2,90.2,2,0.10099999999999999,2
P3,2,168.0,2,7.0172,2,2.09,2,26.5815,2,90.8,2,0.10300000000000001,2
P3,2,168.9,2,7.0104,2,2.09,2,26.5832,2,91.0,2,0.10300000000000001,2
P3,2,170.1,2,6.9951,2,2.09,2,26.5864,2,90.8,2,0.10099999999999999,2
P3,2,171.0,2,6.9898,2,2.09,2,26.5873,2,91.0,2,0.10099999999999999,2
P3,2,172.0,2,6.9758,2,2.11,2,26.5896,2,91.6,2,0.10400000000000001,2
P3,2,173.0,2,6.9666,2,2.13,2,26.590999999999998,2,92.5,2,0.10400000000000001,2
P3,2,174.0,2,6.9578,2,2.14,2,26.5922,2,93.1,2,0.10300000000000001,2
P3,2,175.0,2,6.9535,2,2.15,2,26.5932,2,93.6,2,0.099,2
P3,2,176.0,2,6.9416,2,2.16,2,26.5948,2,94.1,2,0.099,2
P3,2,177.0,2,6.9323,2,2.18,2,26.5968,2,94.9,2,0.10400000000000001,2
P3,2,178.0,2,6.9202,2,2.2,2,26.5982,2,95.6,2,0.10300000000000001,2
P3,2,179.0,2,6.9064,2,2.21,2,26.5993,2,96.2,2,0.10099999999999999,2
P3,2,180.0,2,6.8928,2,2.2,2,26.6007,2,95.8,2,0.10099999999999999,2
P3,2,181.0,2,6.8825,2,2.17,2,26.6031,2,94.2,2,0.1,2
P3,2,182.0,2,6.8747,2,2.13,2,26.6082,2,92.8,2,0.102,2
P3,2,183.0,2,6.8713,2,2.11,2,26.6098,2,91.7,2,0.1,2
P3,2,184.0,2,6.8631,2,2.08,2,26.6125,2,90.6,2,0.10099999999999999,2
P3,2,185.0,2,6.8571,2,2.05,2,26.616,2,89.3,2,0.10099999999999999,2
P3,2,186.0,2,6.8592,2,2.03,2,26.6179,2,88.1,2,0.10400000000000001,2
P3,2,187.0,2,6.8586,2,2.01,2,26.6198,2,87.6,2,0.10300000000000001,2
P3,2,188.0,2,6.8447,2,2.03,2,26.623,2,88.2,2,0.10300000000000001,2
P3,2,189.0,2,6.8288,2,2.05,2,26.6252,2,89.2,2,0.10300000000000001,2
P3,2,190.0,2,6.8162,2,2.07,2,26.6269,2,90.2,2,0.102,2
P3,2,191.0,2,6.7764,2,2.08,2,26.6312,2,90.6,2,0.1,2
P3,2,192.0,2,6.7547,2,2.08,2,26.6361,2,90.5,2,0.10099999999999999,2
P3,2,193.0,2,6.7506,2,2.08,2,26.6374,2,90.4,2,0.106,2
P3,2,194.0,2,6.747999999999999,2,2.06,2,26.6374,2,89.6,2,0.102,2
P3,2,195.0,2,6.7397,2,2.01,2,26.6387,2,87.3,2,0.099,2
P3,2,196.0,2,6.7506,2,1.95,2,26.6431,2,84.7,2,0.10300000000000001,2
P3,2,197.0,2,6.7439,2,1.9,2,26.6463,2,82.8,2,0.10400000000000001,2
P3,2,198.0,2,6.7454,2,1.87,2,26.6501,2,81.5,2,0.1,2
P3,2,199.0,2,6.7318,2,1.88,2,26.6534,2,81.7,2,0.102,2
P3,2,200.0,2,6.7064,2,1.9,2,26.6564,2,82.4,2,0.102,2
P3,2,201.0,2,6.6826,2,1.9,2,26.6596,2,82.8,2,0.1,2
P3,2,202.0,2,6.6698,2,1.9,2,26.6621,2,82.6,2,0.102,2
P3,2,203.0,2,6.6628,2,1.9,2,26.6638,2,82.6,2,0.10099999999999999,2
P3,2,204.0,2,6.6623,2,1.89,2,26.6641,2,82.1,2,0.102,2
P3,2,205.0,2,6.6613,2,1.87,2,26.6646,2,81.4,2,0.10300000000000001,2
P3,2,206.0,2,6.6549,2,1.85,2,26.6669,2,80.6,2,0.10099999999999999,2
P3,2,207.0,2,6.6472,2,1.82,2,26.6691,2,79.0,2,0.102,2
P3,2,208.0,2,6.6452,2,1.79,2,26.6746,2,77.9,2,0.10099999999999999,2
P3,2,209.0,2,6.652,2,1.77,2,26.6751,2,76.8,2,0.099,2
P3,2,210.0,2,6.6601,2,1.75,2,26.6759,2,76.0,2,0.10400000000000001,2
P3,2,211.0,2,6.6618,2,1.74,2,26.6763,2,75.7,2,0.10300000000000001,2
P3,2,212.0,2,6.6645,2,1.74,2,26.6768,2,75.7,2,0.102,2
P3,2,213.0,2,6.6661,2,1.74,2,26.6771,2,75.5,2,0.10099999999999999,2
P3,2,214.0,2,6.6664,2,1.73,2,26.6772,2,75.2,2,0.102,2
P3,2,215.0,2,6.6664,2,1.71,2,26.6774,2,74.5,2,0.10300000000000001,2
P3,2,216.0,2,6.6563,2,1.7,2,26.6811,2,73.9,2,0.1,2
P3,2,217.0,2,6.6452,2,1.7,2,26.6837,2,73.8,2,0.102,2
P3,2,218.0,2,6.6391,2,1.69,2,26.6848,2,73.5,2,0.10099999999999999,2
P3,2,219.0,2,6.6325,2,1.68,2,26.6865,2,73.2,2,0.102,2
P3,2,220.0,2,6.6319,2,1.68,2,26.6867,2,73.0,2,0.10099999999999999,2
P3,2,221.0,2,6.632000000000001,2,1.67,2,26.6869,2,72.6,2,0.105,2
P3,2,222.0,2,6.6321,2,1.66,2,26.6872,2,72.3,2,0.105,2
P3,2,223.0,2,6.6318,2,1.66,2,26.6878,2,72.2,2,0.10300000000000001,2
P3,2,224.0,2,6.6274,2,1.66,2,26.689,2,72.1,2,0.099,2
P3,2,225.0,2,6.6264,2,1.66,2,26.6891,2,72.0,2,0.1,2
P3,2,226.0,2,6.6252,2,1.64,2,26.6895,2,71.4,2,0.10400000000000001,2
P3,2,227.0,2,6.6208,2,1.62,2,26.6908,2,70.5,2,0.102,2
P3,2,228.0,2,6.606,2,1.6,2,26.6947,2,69.7,2,0.10400000000000001,2
P3,2,229.0,2,6.5933,2,1.59,2,26.6979,2,69.1,2,0.10300000000000001,2
P3,2,230.0,2,6.579,2,1.58,2,26.7008,2,68.7,2,0.114,2
P3,2,231.0,2,6.5754,2,1.58,2,26.7015,2,68.9,2,0.102,2
P3,2,232.0,2,6.5732,2,1.58,2,26.7017,2,68.8,2,0.10400000000000001,2
P3,2,233.0,2,6.5693,2,1.58,2,26.7024,2,68.6,2,0.1,2
P3,2,234.0,2,6.5641,2,1.57,2,26.7035,2,68.3,2,0.10400000000000001,2
P3,2,235.0,2,6.56,2,1.57,2,26.7044,2,68.4,2,0.105,2
P3,2,236.0,2,6.5584,2,1.57,2,26.7047,2,68.3,2,0.106,2
P3,2,237.0,2,6.5520000000000005,2,1.56,2,26.706,2,68.0,2,0.10300000000000001,2
P3,2,238.0,2,6.5492,2,1.56,2,26.7066,2,67.7,2,0.102,2
P3,2,239.0,2,6.5445,2,1.56,2,26.7074,2,67.8,2,0.102,2
P3,2,240.0,2,6.539,2,1.56,2,26.7085,2,67.7,2,0.1,2
P3,2,241.0,2,6.5366,2,1.56,2,26.7088,2,67.8,2,0.10099999999999999,2
P3,2,242.0,2,6.534,2,1.56,2,26.7091,2,67.7,2,0.1,2
P3,2,243.0,2,6.5326,2,1.55,2,26.7094,2,67.5,2,0.102,2
P3,2,244.0,2,6.5317,2,1.55,2,26.7094,2,67.5,2,0.10099999999999999,2
P3,2,245.0,2,6.5243,2,1.55,2,26.7102,2,67.3,2,0.10400000000000001,2
P3,2,246.0,2,6.5208,2,1.55,2,26.7108,2,67.3,2,0.10300000000000001,2
P3,2,247.0,2,6.5158,2,1.55,2,26.7114,2,67.4,2,0.10800000000000001,2
P3,2,248.0,2,6.5004,2,1.55,2,26.7133,2,67.2,2,0.10400000000000001,2
P3,2,249.0,2,6.4904,2,1.54,2,26.7145,2,67.1,2,0.10300000000000001,2
P3,2,250.0,2,6.4889,2,1.53,2,26.7149,2,66.7,2,0.10300000000000001,2
P3,2,251.0,2,6.4822,2,1.51,2,26.7173,2,65.9,2,0.10300000000000001,2
P3,2,252.0,2,6.478,2,1.5,2,26.7189,2,65.2,2,0.10300000000000001,2
P3,2,253.0,2,6.4726,2,1.49,2,26.7209,2,64.8,2,0.10300000000000001,2
P3,2,254.0,2,6.4546,2,1.48,2,26.725,2,64.5,2,0.10300000000000001,2
P3,2,255.0,2,6.4478,2,1.48,2,26.7261,2,64.5,2,0.10800000000000001,2
P3,2,256.0,2,6.4305,2,1.49,2,26.7289,2,64.7,2,0.10400000000000001,2
P3,2,256.6,2,6.4223,2,1.49,2,26.7298,2,64.9,2,0.10300000000000001,2
P3,2,258.1,2,6.4152,2,1.49,2,26.730999999999998,2,64.6,2,0.106,2
P3,2,259.0,2,6.4123,2,1.5,2,26.7311,2,65.0,2,0.10300000000000001,2
P3,2,260.0,2,6.4041,2,1.51,2,26.7312,2,65.7,2,0.10300000000000001,2
P3,2,261.0,2,6.3797,2,1.53,2,26.7326,2,66.6,2,0.10400000000000001,2
P3,2,262.0,2,6.3556,2,1.54,2,26.7344,2,66.9,2,0.10099999999999999,2
P3,2,263.0,2,6.3404,2,1.54,2,26.7361,2,67.0,2,0.10400000000000001,2
P3,2,264.0,2,6.3381,2,1.54,2,26.7362,2,67.1,2,0.10400000000000001,2
P3,2,265.0,2,6.3337,2,1.54,2,26.7366,2,66.9,2,0.10400000000000001,2
P3,2,265.9,2,6.3337,2,1.53,2,26.7377,2,66.4,2,0.10400000000000001,2
P3,2,267.1,2,6.3267,2,1.53,2,26.7382,2,66.6,2,0.10400000000000001,2
P3,2,268.0,2,6.3215,2,1.54,2,26.7387,2,67.0,2,0.10300000000000001,2
P3,2,269.0,2,6.3189,2,1.54,2,26.7391,2,67.1,2,0.105,2
P3,2,270.0,2,6.3161,2,1.54,2,26.7391,2,67.2,2,0.105,2
P3,2,271.0,2,6.3137,2,1.54,2,26.7393,2,67.0,2,0.10300000000000001,2
P3,2,272.0,2,6.3136,2,1.54,2,26.74,2,67.0,2,0.105,2
P3,2,273.0,2,6.3152,2,1.53,2,26.7403,2,66.4,2,0.10300000000000001,2
P3,2,274.0,2,6.3167,2,1.51,2,26.7408,2,65.8,2,0.10400000000000001,2
P3,2,275.0,2,6.3198,2,1.5,2,26.7425,2,65.1,2,0.099,2
P3,2,276.0,2,6.3209,2,1.49,2,26.7429,2,64.9,2,0.10099999999999999,2
P3,2,277.0,2,6.3198,2,1.49,2,26.7435,2,64.9,2,0.10400000000000001,2
P3,2,278.0,2,6.3184,2,1.49,2,26.7436,2,64.9,2,0.10300000000000001,2
P3,2,279.0,2,6.3139,2,1.49,2,26.7444,2,64.7,2,0.10400000000000001,2
P3,2,280.0,2,6.3134,2,1.48,2,26.745,2,64.4,2,0.10099999999999999,2
P3,2,281.0,2,6.3095,2,1.47,2,26.7461,2,63.9,2,0.1,2
P3,2,282.0,2,6.3048,2,1.45,2,26.7477,2,63.1,2,0.10400000000000001,2
P3,2,283.0,2,6.3009,2,1.44,2,26.7503,2,62.5,2,0.10300000000000001,2
P3,2,284.0,2,6.3001,2,1.43,2,26.7518,2,62.0,2,0.10300000000000001,2
P3,2,285.0,2,6.2986,2,1.42,2,26.7526,2,61.9,2,0.10400000000000001,2
P3,2,286.0,2,6.2962,2,1.42,2,26.7534,2,61.9,2,0.10300000000000001,2
P3,2,287.0,2,6.2963,2,1.42,2,26.7534,2,61.7,2,0.105,2
P3,2,288.0,2,6.2948,2,1.42,2,26.7534,2,61.7,2,0.102,2
P3,2,289.0,2,6.2877,2,1.42,2,26.7541,2,61.6,2,0.10300000000000001,2
P3,2,290.0,2,6.2834,2,1.41,2,26.755,2,61.4,2,0.106,2
P3,2,291.0,2,6.2829,2,1.41,2,26.7551,2,61.2,2,0.10300000000000001,2
P3,2,292.0,2,6.2831,2,1.4,2,26.7555,2,61.0,2,0.10300000000000001,2
P3,2,293.0,2,6.2828,2,1.4,2,26.7561,2,60.9,2,0.105,2
P3,2,294.0,2,6.2744,2,1.4,2,26.7572,2,60.7,2,0.10400000000000001,2
P3,2,295.0,2,6.2620000000000005,2,1.39,2,26.7591,2,60.4,2,0.105,2
P3,2,296.0,2,6.2599,2,1.39,2,26.7601,2,60.4,2,0.106,2
P3,2,297.0,2,6.2586,2,1.39,2,26.7603,2,60.3,2,0.106,2
P3,2,297.9,2,6.2561,2,1.38,2,26.7608,2,60.2,2,0.10400000000000001,2
P3,2,299.1,2,6.257999999999999,2,1.37,2,26.7612,2,59.7,2,0.10099999999999999,2
P3,2,300.0,2,6.26,2,1.36,2,26.7619,2,59.2,2,0.10300000000000001,2
P3,2,301.0,2,6.2625,2,1.35,2,26.7624,2,58.8,2,0.10300000000000001,2
P3,2,302.0,2,6.2628,2,1.34,2,26.7632,2,58.4,2,0.105,2
P3,2,303.0,2,6.2642,2,1.34,2,26.7637,2,58.0,2,0.105,2
P3,2,304.0,2,6.2639,2,1.33,2,26.7645,2,57.9,2,0.10300000000000001,2
P3,2,305.0,2,6.2629,2,1.32,2,26.7654,2,57.4,2,0.10300000000000001,2
P3,2,306.0,2,6.2622,2,1.32,2,26.7658,2,57.2,2,0.1,2
P3,2,307.0,2,6.2587,2,1.31,2,26.767,2,57.0,2,0.102,2
P3,2,308.0,2,6.2534,2,1.3,2,26.769000000000002,2,56.6,2,0.105,2
P3,2,309.0,2,6.2497,2,1.3,2,26.7699,2,56.4,2,0.10300000000000001,2
P3,2,310.0,2,6.2445,2,1.29,2,26.7713,2,56.0,2,0.105,2
P3,2,311.0,2,6.2426,2,1.29,2,26.7718,2,55.9,2,0.106,2
P3,2,312.0,2,6.2416,2,1.28,2,26.7721,2,55.7,2,0.102,2
P3,2,313.0,2,6.2409,2,1.28,2,26.7724,2,55.8,2,0.105,2
P3,2,314.0,2,6.2333,2,1.28,2,26.7741,2,55.5,2,0.105,2
P3,2,315.0,2,6.2253,2,1.27,2,26.7754,2,55.3,2,0.105,2
P3,2,316.0,2,6.2168,2,1.27,2,26.7765,2,55.2,2,0.105,2
P3,2,317.0,2,6.2123,2,1.27,2,26.7771,2,55.2,2,0.10300000000000001,2
P3,2,318.0,2,6.2098,2,1.27,2,26.7779,2,55.1,2,0.10300000000000001,2
P3,2,319.0,2,6.2074,2,1.27,2,26.7782,2,55.1,2,0.105,2
P3,2,320.0,2,6.1946,2,1.27,2,26.7791,2,55.1,2,0.10300000000000001,2
P3,2,321.0,2,6.1733,2,1.27,2,26.7812,2,55.1,2,0.106,2
P3,2,322.0,2,6.1577,2,1.27,2,26.7833,2,55.2,2,0.106,2
P3,2,323.0,2,6.1438,2,1.27,2,26.7852,2,55.4,2,0.10400000000000001,2
P3,2,324.2,2,6.14,2,1.27,2,26.7854,2,55.0,2,0.10300000000000001,2
P3,2,325.0,2,6.1398,2,1.27,2,26.7853,2,55.3,2,0.10099999999999999,2
P3,2,326.0,2,6.1368,2,1.27,2,26.7854,2,55.4,2,0.10800000000000001,2
P3,2,327.0,2,6.1313,2,1.28,2,26.785999999999998,2,55.7,2,0.106,2
P3,2,328.0,2,6.1269,2,1.29,2,26.785999999999998,2,55.9,2,0.106,2
P3,2,329.0,2,6.1182,2,1.29,2,26.7865,2,56.1,2,0.102,2
P3,2,330.0,2,6.1081,2,1.29,2,26.7871,2,56.2,2,0.10099999999999999,2
P3,2,331.0,2,6.1059,2,1.29,2,26.7873,2,56.0,2,0.102,2
P3,2,332.0,2,6.1046,2,1.28,2,26.788,2,55.8,2,0.105,2
P3,2,333.0,2,6.1028,2,1.27,2,26.7888,2,55.4,2,0.105,2
P3,2,334.0,2,6.1001,2,1.26,2,26.79,2,54.9,2,0.10099999999999999,2
P3,2,335.0,2,6.0999,2,1.26,2,26.7904,2,54.6,2,0.105,2
P3,2,336.0,2,6.1045,2,1.25,2,26.7907,2,54.3,2,0.106,2
P3,2,337.0,2,6.1079,2,1.25,2,26.7909,2,54.2,2,0.10400000000000001,2
P3,2,338.0,2,6.1128,2,1.24,2,26.7913,2,54.0,2,0.102,2
P3,2,339.0,2,6.1138,2,1.23,2,26.7915,2,53.7,2,0.102,2
P3,2,340.0,2,6.1085,2,1.23,2,26.7928,2,53.3,2,0.105,2
P3,2,341.0,2,6.0992,2,1.22,2,26.7957,2,52.8,2,0.105,2
P3,2,341.9,2,6.0908,2,1.21,2,26.7974,2,52.6,2,0.10300000000000001,2
P3,2,343.0,2,6.0826,2,1.21,2,26.7985,2,52.6,2,0.10400000000000001,2
P3,2,344.0,2,6.0773,2,1.21,2,26.7989,2,52.6,2,0.10099999999999999,2
P3,2,345.0,2,6.0729999999999995,2,1.21,2,26.7996,2,52.6,2,0.105,2
P3,2,346.0,2,6.0716,2,1.21,2,26.8,2,52.4,2,0.105,2
P3,2,347.0,2,6.0693,2,1.2,2,26.8004,2,52.0,2,0.10400000000000001,2
P3,2,348.0,2,6.053999999999999,2,1.18,2,26.8033,2,51.5,2,0.10300000000000001,2
P3,2,349.0,2,6.0281,2,1.18,2,26.8079,2,51.2,2,0.106,2
P3,2,350.0,2,6.0168,2,1.17,2,26.8093,2,51.0,2,0.102,2
P3,2,351.0,2,6.0196,2,1.17,2,26.8104,2,50.8,2,0.102,2
P3,2,352.0,2,6.0131,2,1.17,2,26.8106,2,51.0,2,0.107,2
P3,2,353.0,2,6.0021,2,1.17,2,26.8113,2,50.9,2,0.105,2
P3,2,354.0,2,5.9975,2,1.16,2,26.811999999999998,2,50.6,2,0.106,2
P3,2,355.0,2,5.9951,2,1.17,2,26.8125,2,50.8,2,0.105,2
P3,2,356.0,2,5.992000000000001,2,1.18,2,26.813000000000002,2,51.2,2,0.106,2
P3,2,357.0,2,5.9899,2,1.18,2,26.8135,2,51.2,2,0.106,2
P3,2,358.0,2,5.9885,2,1.17,2,26.8137,2,50.8,2,0.10400000000000001,2
P3,2,359.0,2,5.9856,2,1.17,2,26.8142,2,50.8,2,0.105,2
P3,2,360.0,2,5.9841,2,1.16,2,26.8144,2,50.7,2,0.10300000000000001,2
P3,2,361.0,2,5.9765,2,1.16,2,26.8157,2,50.3,2,0.10300000000000001,2
P3,2,362.0,2,5.9692,2,1.15,2,26.8169,2,50.2,2,0.10300000000000001,2
P3,2,363.0,2,5.9639999999999995,2,1.15,2,26.8179,2,50.1,2,0.10400000000000001,2
P3,2,364.0,2,5.9609,2,1.15,2,26.8185,2,50.1,2,0.10300000000000001,2
P3,2,365.0,2,5.9581,2,1.15,2,26.8194,2,49.9,2,0.10300000000000001,2
P3,2,366.0,2,5.9532,2,1.15,2,26.8201,2,49.9,2,0.105,2
P3,2,367.0,2,5.9449,2,1.14,2,26.8216,2,49.6,2,0.105,2
P3,2,368.0,2,5.9435,2,1.14,2,26.822,2,49.4,2,0.10400000000000001,2
P3,2,369.0,2,5.9403,2,1.14,2,26.8225,2,49.4,2,0.10099999999999999,2
P3,2,370.0,2,5.9337,2,1.14,2,26.8234,2,49.6,2,0.105,2
P3,2,371.0,2,5.931,2,1.13,2,26.824,2,49.3,2,0.102,2
P3,2,372.0,2,5.9275,2,1.13,2,26.8246,2,49.3,2,0.10400000000000001,2
P3,2,373.0,2,5.9249,2,1.13,2,26.8249,2,49.2,2,0.10300000000000001,2
P3,2,374.0,2,5.9211,2,1.12,2,26.8255,2,48.9,2,0.106,2
P3,2,375.0,2,5.912000000000001,2,1.13,2,26.8269,2,49.0,2,0.105,2
P3,2,376.0,2,5.9093,2,1.13,2,26.8275,2,49.0,2,0.102,2
P3,2,377.0,2,5.9067,2,1.12,2,26.8277,2,48.7,2,0.10300000000000001,2
P3,2,378.0,2,5.902,2,1.12,2,26.8286,2,48.5,2,0.10400000000000001,2
P3,2,379.0,2,5.9001,2,1.11,2,26.8289,2,48.2,2,0.105,2
P3,2,380.0,2,5.8959,2,1.1,2,26.8299,2,47.8,2,0.106,2
P3,2,381.0,2,5.8644,2,1.1,2,26.835,2,47.6,2,0.10400000000000001,2
P3,2,382.0,2,5.8494,2,1.09,2,26.8382,2,47.3,2,0.105,2
P3,2,383.0,2,5.8413,2,1.08,2,26.8392,2,47.0,2,0.10300000000000001,2
P3,2,384.0,2,5.8236,2,1.07,2,26.8427,2,46.6,2,0.106,2
P3,2,385.0,2,5.813,2,1.07,2,26.8449,2,46.4,2,0.10400000000000001,2
P3,2,386.0,2,5.8064,2,1.07,2,26.8463,2,46.3,2,0.10400000000000001,2
P3,2,387.0,2,5.8051,2,1.07,2,26.8464,2,46.4,2,0.10300000000000001,2
P3,2,388.0,2,5.8046,2,1.07,2,26.8463,2,46.4,2,0.10300000000000001,2
P3,2,389.0,2,5.8039,2,1.06,2,26.8466,2,46.2,2,0.10300000000000001,2
P3,2,390.0,2,5.8025,2,1.07,2,26.8467,2,46.3,2,0.10300000000000001,2
P3,2,391.0,2,5.8006,2,1.06,2,26.8472,2,46.3,2,0.102,2
P3,2,392.0,2,5.797999999999999,2,1.06,2,26.8478,2,46.2,2,0.1,2
P3,2,393.0,2,5.7927,2,1.06,2,26.849,2,46.1,2,0.107,2
P3,2,394.0,2,5.7913,2,1.06,2,26.8493,2,45.9,2,0.10300000000000001,2
P3,2,395.0,2,5.7894,2,1.05,2,26.8498,2,45.6,2,0.107,2
P3,2,396.0,2,5.7841,2,1.05,2,26.851,2,45.5,2,0.106,2
P3,2,397.0,2,5.7805,2,1.04,2,26.8519,2,45.4,2,0.106,2
P3,2,398.0,2,5.7775,2,1.04,2,26.8527,2,45.2,2,0.10099999999999999,2
P3,2,399.0,2,5.7677,2,1.03,2,26.8547,2,44.8,2,0.10400000000000001,2
P3,2,400.0,2,5.7622,2,1.03,2,26.8559,2,44.7,2,0.106,2
P3,2,401.0,2,5.7594,2,1.03,2,26.8565,2,44.8,2,0.10300000000000001,2
P3,2,402.0,2,5.7587,2,1.03,2,26.8566,2,44.9,2,0.10400000000000001,2
P3,2,403.0,2,5.7581,2,1.03,2,26.8568,2,44.8,2,0.105,2
P3,2,404.0,2,5.7575,2,1.03,2,26.857,2,44.9,2,0.105,2
P3,2,405.0,2,5.7552,2,1.03,2,26.8573,2,44.7,2,0.10400000000000001,2
P3,2,406.0,2,5.7535,2,1.03,2,26.8576,2,44.8,2,0.105,2
P3,2,407.0,2,5.752999999999999,2,1.03,2,26.8577,2,44.8,2,0.105,2
P3,2,408.0,2,5.7524,2,1.02,2,26.8578,2,44.6,2,0.10300000000000001,2
P3,2,409.0,2,5.7522,2,1.03,2,26.8579,2,44.7,2,0.10400000000000001,2
P3,2,410.0,2,5.7514,2,1.03,2,26.8581,2,44.9,2,0.106,2
P3,2,411.0,2,5.7513,2,1.02,2,26.8581,2,44.6,2,0.105,2
P3,2,412.0,2,5.751,2,1.02,2,26.8581,2,44.4,2,0.106,2
P3,2,413.0,2,5.7509,2,1.03,2,26.8582,2,44.7,2,0.106,2
P3,2,414.0,2,5.7513,2,1.02,2,26.8582,2,44.5,2,0.105,2
P3,2,415.0,2,5.7501,2,1.02,2,26.8583,2,44.2,2,0.107,2
P3,2,416.0,2,5.7466,2,1.02,2,26.859,2,44.4,2,0.105,2
P3,2,417.0,2,5.7452,2,1.02,2,26.8593,2,44.6,2,0.10300000000000001,2
P3,2,418.0,2,5.7434,2,1.02,2,26.8597,2,44.3,2,0.10400000000000001,2
P3,2,419.0,2,5.7411,2,1.01,2,26.8602,2,44.0,2,0.105,2
P3,2,420.0,2,5.7385,2,1.01,2,26.8606,2,44.0,2,0.10400000000000001,2
P3,2,421.0,2,5.732,2,1.01,2,26.8619,2,43.8,2,0.10400000000000001,2
P3,2,422.0,2,5.7238,2,1.0,2,26.8637,2,43.5,2,0.106,2
P3,2,423.0,2,5.7217,2,1.0,2,26.864,2,43.7,2,0.106,2
P3,2,424.0,2,5.7259,2,1.0,2,26.8633,2,43.6,2,0.106,2
P3,2,425.0,2,5.7231,2,1.0,2,26.8637,2,43.3,2,0.105,2
P3,2,426.0,2,5.706,2,0.99,2,26.8668,2,43.0,2,0.107,2
P3,2,427.0,2,5.6989,2,0.98,2,26.8687,2,42.8,2,0.105,2
P3,2,428.0,2,5.6962,2,0.99,2,26.8692,2,42.8,2,0.10300000000000001,2
P3,2,429.0,2,5.6975,2,0.99,2,26.8691,2,42.9,2,0.10400000000000001,2
P3,2,430.0,2,5.6965,2,0.99,2,26.8693,2,42.8,2,0.10800000000000001,2
P3,2,431.0,2,5.6929,2,0.98,2,26.8699,2,42.6,2,0.10400000000000001,2
P3,2,432.0,2,5.6882,2,0.97,2,26.871,2,42.3,2,0.105,2
P3,2,433.0,2,5.6805,2,0.97,2,26.8726,2,42.1,2,0.107,2
P3,2,434.0,2,5.6668,2,0.97,2,26.8754,2,42.0,2,0.107,2
P3,2,435.0,2,5.662000000000001,2,0.96,2,26.8765,2,41.8,2,0.10400000000000001,2
P3,2,436.0,2,5.6604,2,0.96,2,26.8768,2,41.7,2,0.10300000000000001,2
P3,2,437.0,2,5.6575,2,0.96,2,26.8774,2,41.7,2,0.105,2
P3,2,438.0,2,5.6481,2,0.95,2,26.8796,2,41.3,2,0.10400000000000001,2
P3,2,439.0,2,5.6414,2,0.94,2,26.8811,2,41.0,2,0.10300000000000001,2
P3,2,440.0,2,5.636,2,0.94,2,26.8823,2,40.8,2,0.10400000000000001,2
P3,2,441.0,2,5.6293,2,0.93,2,26.8836,2,40.2,2,0.10400000000000001,2
P3,2,442.0,2,5.607,2,0.91,2,26.8878,2,39.5,2,0.106,2
P3,2,443.0,2,5.5759,2,0.89,2,26.895,2,38.9,2,0.105,2
P3,2,444.0,2,5.5699,2,0.89,2,26.8962,2,38.7,2,0.10400000000000001,2
P3,2,445.0,2,5.5666,2,0.9,2,26.8969,2,39.0,2,0.10400000000000001,2
P3,2,446.0,2,5.5651,2,0.89,2,26.8975,2,38.9,2,0.106,2
P3,2,447.0,2,5.5645,2,0.89,2,26.8976,2,38.8,2,0.105,2
P3,2,448.0,2,5.5642,2,0.89,2,26.8978,2,38.7,2,0.10300000000000001,2
P3,2,449.0,2,5.5626,2,0.89,2,26.8981,2,38.7,2,0.106,2
P3,2,450.0,2,5.5605,2,0.89,2,26.8988,2,38.8,2,0.106,2
P3,2,451.0,2,5.5603,2,0.89,2,26.8988,2,38.6,2,0.10300000000000001,2
P3,2,452.0,2,5.559,2,0.89,2,26.8991,2,38.5,2,0.10400000000000001,2
P3,2,453.0,2,5.5517,2,0.88,2,26.9003,2,38.3,2,0.10400000000000001,2
P3,2,454.0,2,5.5429,2,0.88,2,26.9024,2,38.1,2,0.107,2
P3,2,455.0,2,5.5407,2,0.88,2,26.9028,2,38.0,2,0.106,2
P3,2,456.0,2,5.5401,2,0.87,2,26.903000000000002,2,38.0,2,0.10400000000000001,2
P3,2,457.0,2,5.5379,2,0.87,2,26.9034,2,37.9,2,0.105,2
P3,2,458.0,2,5.5354,2,0.87,2,26.9039,2,37.9,2,0.10300000000000001,2
P3,2,459.0,2,5.5344,2,0.87,2,26.9042,2,37.6,2,0.105,2
P3,2,460.0,2,5.5327,2,0.87,2,26.9047,2,37.7,2,0.106,2
P3,2,461.0,2,5.5298,2,0.87,2,26.9056,2,37.7,2,0.106,2
P3,2,462.0,2,5.5261,2,0.86,2,26.9064,2,37.6,2,0.105,2
P3,2,463.0,2,5.524,2,0.86,2,26.9069,2,37.4,2,0.106,2
P3,2,464.0,2,5.5198,2,0.86,2,26.908,2,37.3,2,0.10800000000000001,2
P3,2,465.0,2,5.5179,2,0.86,2,26.9085,2,37.2,2,0.105,2
P3,2,466.0,2,5.5152,2,0.85,2,26.9091,2,37.0,2,0.10400000000000001,2
P3,2,467.0,2,5.5031,2,0.84,2,26.9119,2,36.6,2,0.106,2
P3,2,468.0,2,5.496,2,0.83,2,26.9135,2,36.2,2,0.10400000000000001,2
P3,2,469.0,2,5.4878,2,0.82,2,26.9154,2,35.8,2,0.10400000000000001,2
P3,2,470.0,2,5.4795,2,0.81,2,26.916999999999998,2,35.3,2,0.106,2
P3,2,471.0,2,5.4558,2,0.8,2,26.9213,2,35.0,2,0.105,2
P3,2,472.0,2,5.4385,2,0.8,2,26.9248,2,35.0,2,0.105,2
P3,2,473.0,2,5.4355,2,0.8,2,26.9253,2,35.0,2,0.106,2
P3,2,474.0,2,5.4339,2,0.8,2,26.9255,2,34.9,2,0.10800000000000001,2
P3,2,475.0,2,5.4327,2,0.8,2,26.9257,2,34.7,2,0.107,2
P3,2,476.0,2,5.4313,2,0.81,2,26.9261,2,35.0,2,0.106,2
P3,2,477.0,2,5.4308,2,0.8,2,26.9263,2,34.8,2,0.106,2
P3,2,478.0,2,5.4304,2,0.8,2,26.9264,2,34.7,2,0.106,2
P3,2,479.0,2,5.4289,2,0.8,2,26.9267,2,34.7,2,0.10400000000000001,2
P3,2,480.0,2,5.4273,2,0.8,2,26.927,2,34.6,2,0.105,2
P3,2,481.0,2,5.4247,2,0.8,2,26.9278,2,34.6,2,0.106,2
P3,2,481.9,2,5.4214,2,0.79,2,26.9283,2,34.4,2,0.105,2
P3,2,483.0,2,5.4191,2,0.79,2,26.9285,2,34.3,2,0.107,2
P3,2,484.0,2,5.4094,2,0.78,2,26.93,2,33.9,2,0.10400000000000001,2
P3,2,485.0,2,5.3932,2,0.76,2,26.9338,2,33.1,2,0.10099999999999999,2
P3,2,486.0,2,5.3685,2,0.75,2,26.9396,2,32.4,2,0.10300000000000001,2
P3,2,487.0,2,5.3473,2,0.74,2,26.9446,2,32.1,2,0.106,2
P3,2,488.0,2,5.3384,2,0.73,2,26.9462,2,31.9,2,0.10400000000000001,2
P3,2,489.0,2,5.3311,2,0.73,2,26.9482,2,31.7,2,0.107,2
P3,2,490.0,2,5.3292,2,0.73,2,26.9488,2,31.6,2,0.10800000000000001,2
P3,2,491.0,2,5.3239,2,0.73,2,26.9502,2,31.5,2,0.106,2
P3,2,492.0,2,5.3163,2,0.72,2,26.9523,2,31.2,2,0.10400000000000001,2
P3,2,493.0,2,5.3126,2,0.71,2,26.9532,2,31.1,2,0.105,2
P3,2,494.0,2,5.311,2,0.72,2,26.9536,2,31.4,2,0.107,2
P3,2,495.0,2,5.31,2,0.72,2,26.9537,2,31.3,2,0.107,2
P3,2,496.0,2,5.3102,2,0.72,2,26.9538,2,31.2,2,0.106,2
P3,2,497.0,2,5.3095,2,0.72,2,26.9539,2,31.2,2,0.106,2
P3,2,498.0,2,5.3087,2,0.72,2,26.9542,2,31.1,2,0.109,2
P3,2,499.0,2,5.3081,2,0.71,2,26.9544,2,30.9,2,0.106,2
P3,2,500.0,2,5.306,2,0.71,2,26.9549,2,30.9,2,0.107,2
P3,2,501.0,2,5.3003,2,0.71,2,26.9561,2,30.8,2,0.109,2
P3,2,502.0,2,5.2981,2,0.71,2,26.9569,2,30.8,2,0.106,2
P3,2,503.0,2,5.295,2,0.7,2,26.9575,2,30.6,2,0.109,2
P3,2,504.0,2,5.289,2,0.7,2,26.959,2,30.4,2,0.107,2
P3,2,505.0,2,5.2847,2,0.7,2,26.9599,2,30.3,2,0.10300000000000001,2
P3,2,506.0,2,5.2829999999999995,2,0.69,2,26.9605,2,30.1,2,0.105,2
P3,2,507.0,2,5.2806,2,0.7,2,26.9611,2,30.3,2,0.106,2
P3,2,508.0,2,5.2793,2,0.7,2,26.9614,2,30.3,2,0.106,2
P3,2,509.0,2,5.2793,2,0.69,2,26.9614,2,30.1,2,0.105,2
P3,2,510.1,2,5.2789,2,0.69,2,26.9615,2,30.2,2,0.106,2
P3,2,511.0,2,5.2788,2,0.69,2,26.9614,2,29.9,2,0.105,2
P3,2,512.0,2,5.2782,2,0.69,2,26.9617,2,29.8,2,0.106,2
P3,2,513.0,2,5.2786,2,0.69,2,26.9616,2,30.1,2,0.10400000000000001,2
P3,2,514.0,2,5.2783,2,0.69,2,26.9617,2,30.2,2,0.106,2
P3,2,515.0,2,5.277,2,0.69,2,26.9622,2,30.1,2,0.106,2
P3,2,516.0,2,5.2767,2,0.69,2,26.9623,2,29.8,2,0.106,2
P3,2,517.0,2,5.2741,2,0.68,2,26.9633,2,29.4,2,0.106,2
P3,2,518.0,2,5.2699,2,0.67,2,26.9652,2,29.2,2,0.10300000000000001,2
P3,2,519.0,2,5.2649,2,0.67,2,26.9669,2,29.2,2,0.106,2
P3,2,519.8,2,5.2537,2,0.67,2,26.9699,2,29.2,2,0.106,2
P3,2,521.1,2,5.2337,2,0.64,2,26.9754,2,28.0,2,0.106,2
P3,2,522.0,2,5.225,2,0.64,2,26.9776,2,27.6,2,0.106,2
P3,2,523.0,2,5.2201,2,0.63,2,26.9785,2,27.5,2,0.10800000000000001,2
P3,2,524.0,2,5.2069,2,0.63,2,26.9815,2,27.3,2,0.10400000000000001,2
P3,2,525.0,2,5.202999999999999,2,0.63,2,26.9824,2,27.2,2,0.10400000000000001,2
P3,2,526.0,2,5.1968,2,0.62,2,26.9837,2,27.0,2,0.10800000000000001,2
P3,2,527.0,2,5.1853,2,0.62,2,26.9865,2,26.9,2,0.106,2
P3,2,528.0,2,5.1767,2,0.62,2,26.9884,2,26.7,2,0.106,2
P3,2,529.0,2,5.1754,2,0.61,2,26.9888,2,26.7,2,0.10800000000000001,2
P3,2,530.0,2,5.1727,2,0.61,2,26.9893,2,26.6,2,0.107,2
P3,2,531.0,2,5.1691,2,0.61,2,26.99,2,26.5,2,0.10800000000000001,2
P3,2,532.0,2,5.1671,2,0.61,2,26.9906,2,26.4,2,0.107,2
P3,2,533.0,2,5.1609,2,0.61,2,26.9921,2,26.3,2,0.107,2
P3,2,534.0,2,5.1566,2,0.6,2,26.9931,2,26.0,2,0.107,2
P3,2,535.0,2,5.1481,2,0.6,2,26.9949,2,25.9,2,0.11,2
P3,2,536.0,2,5.1411,2,0.59,2,26.9967,2,25.8,2,0.107,2
P3,2,537.0,2,5.1365,2,0.58,2,26.9977,2,25.4,2,0.106,2
P3,2,538.0,2,5.1304,2,0.58,2,26.9989,2,25.3,2,0.109,2
P3,2,539.0,2,5.1209,2,0.58,2,27.0012,2,25.1,2,0.109,2
P3,2,540.0,2,5.1128,2,0.57,2,27.0032,2,25.0,2,0.10800000000000001,2
P3,2,541.0,2,5.1056,2,0.57,2,27.0052,2,24.9,2,0.107,2
P3,2,542.0,2,5.0999,2,0.57,2,27.0066,2,24.6,2,0.106,2
P3,2,543.0,2,5.0976,2,0.57,2,27.0071,2,24.6,2,0.106,2
P3,2,544.0,2,5.0969,2,0.56,2,27.0074,2,24.5,2,0.109,2
P3,2,545.0,2,5.0956,2,0.56,2,27.0075,2,24.5,2,0.10800000000000001,2
P3,2,546.0,2,5.0936,2,0.56,2,27.008000000000003,2,24.4,2,0.10800000000000001,2
P3,2,547.0,2,5.093,2,0.56,2,27.0082,2,24.3,2,0.106,2
P3,2,548.0,2,5.0923,2,0.56,2,27.0083,2,24.2,2,0.106,2
P3,2,549.0,2,5.0899,2,0.56,2,27.009,2,24.2,2,0.107,2
P3,2,550.0,2,5.087,2,0.56,2,27.0096,2,24.3,2,0.11,2
P3,2,551.0,2,5.0847,2,0.56,2,27.0102,2,24.4,2,0.10800000000000001,2
P3,2,551.7,2,5.0847,2,0.55,2,27.0103,2,24.1,2,0.106,2
P3,2,553.0,2,5.0849,2,0.56,2,27.0101,2,24.2,2,0.107,2
P3,2,554.0,2,5.0848,2,0.55,2,27.0102,2,24.0,2,0.106,2
P3,2,555.0,2,5.0845,2,0.55,2,27.0103,2,24.0,2,0.106,2
P3,2,556.0,2,5.0845,2,0.55,2,27.0103,2,24.0,2,0.10800000000000001,2
P3,2,557.0,2,5.0841,2,0.55,2,27.0104,2,24.0,2,0.106,2
P3,2,558.0,2,5.0792,2,0.55,2,27.0115,2,23.8,2,0.105,2
P3,2,559.0,2,5.0707,2,0.55,2,27.0134,2,23.7,2,0.10400000000000001,2
P3,2,560.0,2,5.0679,2,0.54,2,27.0139,2,23.5,2,0.106,2
P3,2,561.0,2,5.0653,2,0.54,2,27.0144,2,23.5,2,0.105,2
P3,2,562.0,2,5.0538,2,0.54,2,27.0171,2,23.5,2,0.10800000000000001,2
P3,2,563.0,2,5.0474,2,0.53,2,27.0189,2,23.0,2,0.106,2
P3,2,564.0,2,5.0443,2,0.53,2,27.0195,2,22.9,2,0.10800000000000001,2
P3,2,565.0,2,5.0376,2,0.53,2,27.0209,2,22.9,2,0.107,2
P3,2,566.0,2,5.0313,2,0.52,2,27.0226,2,22.8,2,0.106,2
P3,2,567.0,2,5.0288,2,0.52,2,27.0232,2,22.7,2,0.105,2
P3,2,568.0,2,5.026,2,0.52,2,27.0238,2,22.6,2,0.106,2
P3,2,569.0,2,5.0214,2,0.52,2,27.0249,2,22.5,2,0.106,2
P3,2,570.0,2,5.0175,2,0.52,2,27.0259,2,22.4,2,0.10800000000000001,2
P3,2,571.0,2,5.0151,2,0.51,2,27.0265,2,22.3,2,0.11,2
P3,2,572.0,2,5.0135,2,0.51,2,27.0269,2,22.1,2,0.106,2
P3,2,573.0,2,5.0089,2,0.51,2,27.0278,2,22.2,2,0.106,2
P3,2,574.0,2,5.0044,2,0.51,2,27.0288,2,22.2,2,0.11,2
P3,2,575.0,2,5.0005,2,0.51,2,27.0299,2,22.0,2,0.10800000000000001,2
P3,2,576.0,2,4.9983,2,0.5,2,27.0303,2,21.7,2,0.106,2
P3,2,577.0,2,4.9923,2,0.5,2,27.0315,2,21.8,2,0.109,2
P3,2,578.0,2,4.9867,2,0.5,2,27.033,2,21.9,2,0.109,2
P3,2,579.1,2,4.9808,2,0.49,2,27.0344,2,21.3,2,0.109,2
P3,2,580.0,2,4.9635,2,0.48,2,27.0378,2,21.0,2,0.10800000000000001,2
P3,2,581.0,2,4.956,2,0.48,2,27.0399,2,20.9,2,0.105,2
P3,2,582.0,2,4.9544,2,0.48,2,27.0402,2,21.0,2,0.106,2
P3,2,583.0,2,4.9531,2,0.48,2,27.0404,2,20.9,2,0.106,2
P3,2,584.0,2,4.9522,2,0.48,2,27.0406,2,20.8,2,0.106,2
P3,2,585.0,2,4.9495,2,0.48,2,27.0409,2,20.7,2,0.106,2
P3,2,586.0,2,4.9414,2,0.47,2,27.0429,2,20.6,2,0.106,2
P3,2,587.0,2,4.9355,2,0.47,2,27.0443,2,20.6,2,0.11,2
P3,2,588.0,2,4.9331,2,0.47,2,27.045,2,20.4,2,0.105,2
P3,2,589.0,2,4.9297,2,0.47,2,27.0456,2,20.3,2,0.106,2
P3,2,590.0,2,4.9227,2,0.46,2,27.0473,2,20.1,2,0.106,2
P3,2,591.0,2,4.9134,2,0.46,2,27.0492,2,19.9,2,0.106,2
P3,2,592.0,2,4.9018,2,0.45,2,27.0525,2,19.7,2,0.106,2
P3,2,593.0,2,4.8973,2,0.45,2,27.0537,2,19.5,2,0.106,2
P3,2,594.0,2,4.8866,2,0.44,2,27.0562,2,19.3,2,0.109,2
P3,2,595.0,2,4.8781,2,0.44,2,27.0585,2,19.1,2,0.10800000000000001,2
P3,2,596.0,2,4.867,2,0.43,2,27.0612,2,18.6,2,0.107,2
P3,2,597.0,2,4.8298,2,0.42,2,27.0695,2,18.1,2,0.106,2
P3,2,598.0,2,4.8118,2,0.41,2,27.0745,2,17.6,2,0.106,2
P3,2,599.0,2,4.8064,2,0.4,2,27.0757,2,17.6,2,0.107,2
P3,2,600.0,2,4.8024,2,0.4,2,27.0765,2,17.6,2,0.106,2
P3,2,601.0,2,4.7984,2,0.4,2,27.0775,2,17.3,2,0.106,2
P3,2,602.0,2,4.7924,2,0.4,2,27.0788,2,17.3,2,0.106,2
P3,2,603.0,2,4.7816,2,0.4,2,27.0816,2,17.4,2,0.10800000000000001,2
P3,2,604.0,2,4.7762,2,0.4,2,27.0829,2,17.2,2,0.107,2
P3,2,605.1,2,4.768,2,0.39,2,27.0849,2,17.0,2,0.111,2
P3,2,606.0,2,4.7593,2,0.39,2,27.0872,2,16.9,2,0.107,2
P3,2,607.0,2,4.7537,2,0.39,2,27.0883,2,16.8,2,0.107,2
P3,2,608.0,2,4.7491,2,0.38,2,27.0892,2,16.7,2,0.107,2
P3,2,609.0,2,4.7468,2,0.39,2,27.0901,2,16.9,2,0.106,2
P3,2,610.0,2,4.746,2,0.38,2,27.0901,2,16.7,2,0.105,2
P3,2,611.0,2,4.7437,2,0.38,2,27.0907,2,16.5,2,0.105,2
P3,2,612.0,2,4.7385,2,0.38,2,27.0919,2,16.5,2,0.109,2
P3,2,613.0,2,4.7386,2,0.39,2,27.0921,2,16.8,2,0.11,2
P3,2,614.0,2,4.7392,2,0.38,2,27.0921,2,16.5,2,0.106,2
P3,2,615.0,2,4.7378,2,0.38,2,27.0924,2,16.3,2,0.106,2
P3,2,616.0,2,4.7356,2,0.38,2,27.0931,2,16.6,2,0.106,2
P3,2,617.0,2,4.7365,2,0.38,2,27.0928,2,16.7,2,0.106,2
P3,2,618.0,2,4.7353,2,0.38,2,27.0932,2,16.6,2,0.109,2
P3,2,618.9,2,4.732,2,0.38,2,27.0941,2,16.5,2,0.107,2
P3,2,620.2,2,4.734,2,0.38,2,27.0936,2,16.5,2,0.10800000000000001,2
P3,2,621.0,2,4.7281,2,0.38,2,27.0951,2,16.3,2,0.11,2
P3,2,622.0,2,4.7223,2,0.37,2,27.0967,2,16.0,2,0.106,2
P3,2,623.0,2,4.7115,2,0.37,2,27.0995,2,16.1,2,0.11199999999999999,2
P3,2,624.0,2,4.7021,2,0.37,2,27.1017,2,16.0,2,0.109,2
P3,2,625.0,2,4.698,2,0.36,2,27.1026,2,15.8,2,0.109,2
P3,2,626.0,2,4.6908,2,0.36,2,27.1042,2,15.6,2,0.107,2
P3,2,627.0,2,4.6795,2,0.36,2,27.1071,2,15.6,2,0.107,2
P3,2,628.0,2,4.6732,2,0.36,2,27.1086,2,15.5,2,0.10800000000000001,2
P3,2,629.0,2,4.6704,2,0.36,2,27.1092,2,15.5,2,0.11,2
P3,2,630.0,2,4.6672,2,0.36,2,27.11,2,15.5,2,0.107,2
P3,2,631.0,2,4.6627,2,0.35,2,27.1111,2,15.3,2,0.11,2
P3,2,632.0,2,4.6551,2,0.35,2,27.1129,2,15.2,2,0.109,2
P3,2,633.0,2,4.6478,2,0.35,2,27.1148,2,15.3,2,0.10800000000000001,2
P3,2,634.0,2,4.6452,2,0.35,2,27.1154,2,15.0,2,0.11,2
P3,2,635.0,2,4.6432,2,0.35,2,27.1159,2,15.2,2,0.11,2
P3,2,636.0,2,4.6426,2,0.35,2,27.1161,2,15.1,2,0.11,2
P3,2,637.0,2,4.6417,2,0.34,2,27.1162,2,14.9,2,0.109,2
P3,2,638.0,2,4.6404,2,0.35,2,27.1166,2,15.1,2,0.10800000000000001,2
P3,2,639.0,2,4.6381,2,0.34,2,27.1171,2,15.0,2,0.10800000000000001,2
P3,2,640.0,2,4.6348,2,0.34,2,27.1179,2,14.6,2,0.109,2
P3,2,641.0,2,4.6321,2,0.34,2,27.1185,2,14.8,2,0.11,2
P3,2,642.0,2,4.6286,2,0.34,2,27.1194,2,14.7,2,0.109,2
P3,2,643.0,2,4.6213,2,0.33,2,27.121,2,14.3,2,0.109,2
P3,2,644.0,2,4.6088,2,0.33,2,27.1243,2,14.3,2,0.111,2
P3,2,645.0,2,4.6032,2,0.33,2,27.1256,2,14.3,2,0.109,2
P3,2,646.0,2,4.5981,2,0.33,2,27.1268,2,14.2,2,0.107,2
P3,2,647.0,2,4.5952,2,0.32,2,27.1275,2,14.1,2,0.107,2
P3,2,648.0,2,4.5931,2,0.33,2,27.128,2,14.3,2,0.107,2
P3,2,649.0,2,4.5925,2,0.33,2,27.1281,2,14.3,2,0.109,2
P3,2,650.0,2,4.5931,2,0.32,2,27.128,2,14.0,2,0.11,2
P3,2,651.0,2,4.5914,2,0.32,2,27.1284,2,14.0,2,0.109,2
P3,2,652.0,2,4.5871,2,0.32,2,27.1294,2,14.0,2,0.106,2
P3,2,653.0,2,4.5824,2,0.32,2,27.1306,2,14.0,2,0.10800000000000001,2
P3,2,654.0,2,4.5814,2,0.32,2,27.1308,2,13.8,2,0.109,2
P3,2,655.0,2,4.5812,2,0.32,2,27.1308,2,14.1,2,0.10800000000000001,2
P3,2,656.0,2,4.5816,2,0.32,2,27.1307,2,14.1,2,0.109,2
P3,2,657.0,2,4.5827,2,0.32,2,27.1305,2,14.0,2,0.109,2
P3,2,658.0,2,4.5745,2,0.31,2,27.1327,2,13.6,2,0.106,2
P3,2,659.0,2,4.5691,2,0.31,2,27.1338,2,13.6,2,0.109,2
P3,2,660.0,2,4.566,2,0.32,2,27.1345,2,13.9,2,0.10800000000000001,2
P3,2,661.0,2,4.565,2,0.32,2,27.1349,2,13.8,2,0.11,2
P3,2,662.0,2,4.5641,2,0.31,2,27.135,2,13.5,2,0.106,2
P3,2,663.0,2,4.5625,2,0.31,2,27.1354,2,13.5,2,0.109,2
P3,2,664.0,2,4.5544,2,0.31,2,27.1374,2,13.6,2,0.107,2
P3,2,665.0,2,4.5455,2,0.3,2,27.1393,2,13.2,2,0.107,2
P3,2,666.0,2,4.5321,2,0.3,2,27.1423,2,13.0,2,0.10800000000000001,2
P3,2,667.0,2,4.5199,2,0.3,2,27.1455,2,12.9,2,0.11,2
P3,2,668.0,2,4.5146,2,0.29,2,27.1468,2,12.7,2,0.10800000000000001,2
P3,2,669.0,2,4.5111,2,0.29,2,27.1477,2,12.7,2,0.105,2
P3,2,670.0,2,4.5073,2,0.29,2,27.1485,2,12.7,2,0.107,2
P3,2,671.0,2,4.5051,2,0.29,2,27.1492,2,12.7,2,0.107,2
P3,2,672.0,2,4.5039,2,0.29,2,27.1494,2,12.7,2,0.10800000000000001,2
P3,2,673.0,2,4.5024,2,0.29,2,27.1498,2,12.7,2,0.107,2
P3,2,674.0,2,4.5007,2,0.29,2,27.1501,2,12.7,2,0.10800000000000001,2
P3,2,675.0,2,4.4989,2,0.29,2,27.1507,2,12.6,2,0.10800000000000001,2
P3,2,676.0,2,4.4996,2,0.29,2,27.1505,2,12.4,2,0.107,2
P3,2,677.0,2,4.4987,2,0.29,2,27.1508,2,12.5,2,0.11,2
P3,2,678.0,2,4.4967,2,0.29,2,27.1512,2,12.7,2,0.11,2
P3,2,679.0,2,4.4939,2,0.29,2,27.1518,2,12.5,2,0.11,2
P3,2,680.0,2,4.4911,2,0.28,2,27.1526,2,12.3,2,0.10800000000000001,2
P3,2,681.0,2,4.4883,2,0.28,2,27.1534,2,12.4,2,0.11,2
P3,2,682.0,2,4.4881,2,0.29,2,27.1533,2,12.6,2,0.11,2
P3,2,683.0,2,4.4881,2,0.29,2,27.1533,2,12.6,2,0.109,2
P3,2,684.0,2,4.4878,2,0.29,2,27.1535,2,12.6,2,0.109,2
P3,2,685.0,2,4.4877,2,0.29,2,27.1535,2,12.6,2,0.11,2
P3,2,686.0,2,4.4862,2,0.29,2,27.1539,2,12.6,2,0.11,2
P3,2,687.0,2,4.4856,2,0.29,2,27.1541,2,12.6,2,0.107,2
P3,2,688.0,2,4.4849,2,0.29,2,27.1542,2,12.6,2,0.109,2
P3,2,689.0,2,4.4842,2,0.29,2,27.1545,2,12.6,2,0.10800000000000001,2
P3,2,690.0,2,4.482,2,0.29,2,27.155,2,12.6,2,0.113,2
P3,2,691.0,2,4.4749,2,0.29,2,27.1566,2,12.5,2,0.11,2
P3,2,692.0,2,4.4658,2,0.28,2,27.1589,2,12.2,2,0.109,2
P3,2,693.0,2,4.4564,2,0.28,2,27.1611,2,12.2,2,0.11,2
P3,2,694.0,2,4.455,2,0.28,2,27.1614,2,12.3,2,0.107,2
P3,2,695.0,2,4.4549,2,0.28,2,27.1615,2,12.0,2,0.11,2
P3,2,696.0,2,4.4534,2,0.27,2,27.1619,2,11.8,2,0.109,2
P3,2,697.0,2,4.4467,2,0.27,2,27.1635,2,11.8,2,0.109,2
P3,2,698.0,2,4.4396,2,0.27,2,27.1653,2,11.6,2,0.10800000000000001,2
P3,2,699.0,2,4.4377,2,0.27,2,27.1657,2,11.8,2,0.111,2
P3,2,700.0,2,4.4359,2,0.28,2,27.1661,2,12.0,2,0.111,2
P3,2,701.0,2,4.4346,2,0.26,2,27.1664,2,11.5,2,0.11,2
P3,2,702.0,2,4.434,2,0.27,2,27.1666,2,11.7,2,0.109,2
P3,2,703.0,2,4.4299,2,0.27,2,27.1674,2,11.9,2,0.11199999999999999,2
P3,2,704.0,2,4.4212,2,0.27,2,27.1696,2,11.6,2,0.10800000000000001,2
P3,2,705.0,2,4.4149,2,0.26,2,27.171,2,11.3,2,0.107,2
P3,2,706.0,2,4.3931,2,0.27,2,27.1763,2,11.6,2,0.109,2
P3,2,707.0,2,4.3872,2,0.26,2,27.1777,2,11.2,2,0.106,2
P3,2,708.0,2,4.3843,2,0.26,2,27.1785,2,11.1,2,0.11,2
P3,2,709.0,2,4.3837,2,0.26,2,27.1787,2,11.5,2,0.11,2
P3,2,710.0,2,4.3822,2,0.26,2,27.1792,2,11.1,2,0.10800000000000001,2
P3,2,711.0,2,4.3814,2,0.25,2,27.1792,2,11.0,2,0.109,2
P3,2,712.0,2,4.3813,2,0.26,2,27.1793,2,11.3,2,0.109,2
P3,2,713.0,2,4.3817,2,0.26,2,27.1793,2,11.3,2,0.11,2
P3,2,714.0,2,4.3799,2,0.26,2,27.1796,2,11.3,2,0.11,2
P3,2,715.0,2,4.3616,2,0.25,2,27.1839,2,11.0,2,0.109,2
P3,2,716.0,2,4.3535,2,0.25,2,27.186,2,10.9,2,0.107,2
P3,2,717.0,2,4.3488,2,0.25,2,27.186999999999998,2,11.1,2,0.10800000000000001,2
P3,2,718.0,2,4.3381,2,0.25,2,27.1895,2,10.7,2,0.109,2
P3,2,719.0,2,4.3269,2,0.25,2,27.1923,2,10.6,2,0.11,2
P3,2,720.0,2,4.3202,2,0.25,2,27.1939,2,10.8,2,0.10800000000000001,2
P3,2,721.0,2,4.3118,2,0.24,2,27.1958,2,10.4,2,0.109,2
P3,2,722.0,2,4.3083,2,0.24,2,27.1969,2,10.6,2,0.106,2
P3,2,723.0,2,4.3038,2,0.25,2,27.1982,2,10.8,2,0.106,2
P3,2,724.0,2,4.3013,2,0.24,2,27.1987,2,10.5,2,0.109,2
P3,2,725.0,2,4.3005,2,0.24,2,27.1989,2,10.3,2,0.11199999999999999,2
P3,2,726.0,2,4.2999,2,0.24,2,27.199,2,10.4,2,0.11699999999999999,2
P3,2,727.0,2,4.2924,2,0.24,2,27.2009,2,10.6,2,0.111,2
P3,2,728.0,2,4.2863,2,0.24,2,27.2022,2,10.3,2,0.111,2
P3,2,729.0,2,4.2828,2,0.23,2,27.2033,2,10.2,2,0.109,2
P3,2,730.0,2,4.2802,2,0.24,2,27.2039,2,10.4,2,0.11,2
P3,2,731.0,2,4.2738,2,0.24,2,27.2054,2,10.5,2,0.107,2
P3,2,732.0,2,4.2673,2,0.24,2,27.2069,2,10.5,2,0.11,2
P3,2,733.0,2,4.2621,2,0.23,2,27.208000000000002,2,10.0,2,0.109,2
P3,2,734.0,2,4.2557,2,0.23,2,27.2098,2,10.0,2,0.113,2
P3,2,735.0,2,4.2523,2,0.24,2,27.2106,2,10.3,2,0.11,2
P3,2,736.0,2,4.2479,2,0.24,2,27.2117,2,10.4,2,0.11,2
P3,2,737.0,2,4.2461,2,0.24,2,27.2121,2,10.4,2,0.11,2
P3,2,738.0,2,4.2398,2,0.23,2,27.2135,2,10.2,2,0.107,2
P3,2,739.0,2,4.2252,2,0.23,2,27.2168,2,10.0,2,0.11,2
P3,2,740.0,2,4.2139999999999995,2,0.23,2,27.2197,2,10.0,2,0.109,2
P3,2,741.0,2,4.2112,2,0.23,2,27.2204,2,10.1,2,0.106,2
P3,2,742.0,2,4.2081,2,0.23,2,27.2213,2,10.2,2,0.111,2
P3,2,743.0,2,4.2062,2,0.23,2,27.2217,2,10.0,2,0.11,2
P3,2,744.0,2,4.2019,2,0.23,2,27.2228,2,9.9,2,0.11199999999999999,2
P3,2,745.0,2,4.199,2,0.23,2,27.2234,2,10.0,2,0.11,2
P3,2,746.0,2,4.1984,2,0.23,2,27.2236,2,9.9,2,0.11,2
P3,2,747.0,2,4.1981,2,0.23,2,27.2237,2,9.9,2,0.10800000000000001,2
P3,2,748.0,2,4.197,2,0.23,2,27.224,2,10.0,2,0.11,2
P3,2,749.0,2,4.1963,2,0.23,2,27.2242,2,10.0,2,0.10800000000000001,2
P3,2,750.0,2,4.1930000000000005,2,0.23,2,27.225,2,10.0,2,0.11199999999999999,2
P3,2,751.0,2,4.1888,2,0.23,2,27.2261,2,10.0,2,0.11,2
P3,2,752.0,2,4.1863,2,0.23,2,27.2266,2,10.0,2,0.109,2
P3,2,753.0,2,4.1849,2,0.23,2,27.226999999999997,2,9.9,2,0.11,2
P3,2,754.0,2,4.1838,2,0.23,2,27.2272,2,10.0,2,0.11,2
P3,2,755.0,2,4.1803,2,0.23,2,27.228,2,10.0,2,0.11,2
P3,2,756.0,2,4.1792,2,0.23,2,27.2282,2,10.0,2,0.11,2
P3,2,757.0,2,4.1769,2,0.23,2,27.2288,2,10.1,2,0.109,2
P3,2,758.0,2,4.176,2,0.23,2,27.2291,2,10.0,2,0.11,2
P3,2,759.0,2,4.1739,2,0.23,2,27.2296,2,9.9,2,0.109,2
P3,2,760.0,2,4.1646,2,0.23,2,27.2317,2,10.1,2,0.109,2
P3,2,761.0,2,4.1610000000000005,2,0.23,2,27.2327,2,10.0,2,0.109,2
P3,2,762.0,2,4.1599,2,0.23,2,27.2328,2,10.0,2,0.10800000000000001,2
P3,2,763.0,2,4.1584,2,0.23,2,27.2331,2,10.0,2,0.11,2
P3,2,763.6,2,4.1530000000000005,2,0.22,2,27.2347,2,9.8,2,0.11,2
P3,2,765.0,2,4.1424,2,0.22,2,27.237,2,9.8,2,0.11199999999999999,2
P3,2,766.0,2,4.1411,2,0.23,2,27.2374,2,9.8,2,0.106,2
P3,2,767.0,2,4.1384,2,0.23,2,27.2379,2,10.0,2,0.109,2
P3,2,768.0,2,4.1371,2,0.23,2,27.2385,2,10.0,2,0.107,2
P3,2,769.0,2,4.1348,2,0.23,2,27.2389,2,10.0,2,0.11,2
P3,2,770.0,2,4.1367,2,0.23,2,27.2384,2,10.0,2,0.11,2
P3,2,771.0,2,4.1361,2,0.23,2,27.2386,2,10.0,2,0.11199999999999999,2
P3,2,772.0,2,4.1352,2,0.23,2,27.2387,2,10.0,2,0.11,2
P3,2,773.0,2,4.1339999999999995,2,0.23,2,27.2391,2,10.0,2,0.111,2
P3,2,774.0,2,4.1326,2,0.23,2,27.2393,2,10.0,2,0.114,2
P3,2,775.0,2,4.1328,2,0.23,2,27.2395,2,9.9,2,0.11199999999999999,2
P3,2,776.0,2,4.1341,2,0.23,2,27.2391,2,9.9,2,0.11,2
P3,2,777.0,2,4.1349,2,0.23,2,27.2389,2,10.0,2,0.11,2
P3,2,778.0,2,4.1361,2,0.23,2,27.2387,2,9.9,2,0.109,2
P3,2,779.0,2,4.1366,2,0.23,2,27.2385,2,10.0,2,0.11,2
P3,2,780.0,2,4.1359,2,0.23,2,27.2387,2,9.9,2,0.109,2
P3,2,781.0,2,4.1353,2,0.22,2,27.2389,2,9.7,2,0.10800000000000001,2
P3,2,782.0,2,4.1346,2,0.23,2,27.239,2,10.0,2,0.11199999999999999,2
P3,2,783.0,2,4.1337,2,0.23,2,27.2392,2,10.0,2,0.11,2
P3,2,784.0,2,4.1289,2,0.23,2,27.2403,2,9.8,2,0.111,2
P3,2,785.0,2,4.1263,2,0.22,2,27.241,2,9.7,2,0.10800000000000001,2
P3,2,786.0,2,4.1262,2,0.23,2,27.2411,2,9.9,2,0.111,2
P3,2,787.0,2,4.1258,2,0.22,2,27.2412,2,9.8,2,0.109,2
P3,2,788.0,2,4.1227,2,0.22,2,27.2418,2,9.7,2,0.111,2
P3,2,789.0,2,4.1166,2,0.22,2,27.2432,2,9.6,2,0.114,2
P3,2,790.0,2,4.1108,2,0.22,2,27.2446,2,9.8,2,0.10800000000000001,2
P3,2,791.0,2,4.1014,2,0.22,2,27.2469,2,9.7,2,0.10800000000000001,2
P3,2,792.0,2,4.0971,2,0.22,2,27.2479,2,9.6,2,0.11199999999999999,2
P3,2,793.0,2,4.0945,2,0.22,2,27.2485,2,9.7,2,0.11,2
P3,2,794.0,2,4.0912,2,0.22,2,27.2493,2,9.8,2,0.11199999999999999,2
P3,2,795.0,2,4.0918,2,0.22,2,27.2492,2,9.8,2,0.11,2
P3,2,796.0,2,4.0881,2,0.22,2,27.25,2,9.7,2,0.109,2
P3,2,797.0,2,4.0757,2,0.22,2,27.2527,2,9.7,2,0.107,2
P3,2,798.0,2,4.0575,2,0.22,2,27.2573,2,9.5,2,0.10800000000000001,2
P3,2,799.0,2,4.0541,2,0.22,2,27.2581,2,9.5,2,0.11,2
P3,2,800.0,2,4.0538,2,0.22,2,27.2579,2,9.5,2,0.109,2
P3,2,801.0,2,4.0675,2,0.22,2,27.2552,2,9.7,2,0.11,2
P3,2,802.0,2,4.0639,2,0.22,2,27.2558,2,9.6,2,0.109,2
P3,2,803.0,2,4.0662,2,0.22,2,27.2553,2,9.6,2,0.109,2
P3,2,804.0,2,4.0695,2,0.22,2,27.2547,2,9.6,2,0.109,2
P3,2,805.0,2,4.0719,2,0.22,2,27.254,2,9.6,2,0.11,2
P3,2,806.0,2,4.0689,2,0.22,2,27.2548,2,9.6,2,0.11199999999999999,2
P3,2,807.0,2,4.0611,2,0.22,2,27.2567,2,9.6,2,0.113,2
END_DATA
