CTD,20190304CCHSIOLMM
#-----------------------------------------------------------------------------------------------------------,,,,,,,,,,,,,,,,,
#Transmissivity Fluorescence and PAR are nominal and unedited except that some records were removed in editing temperature and salinity.,,,,,,,,,,,,,,,,,
#,,,,,,,,,,,,,,,,,
#COMMENTS FOR FILES 0001 TO 0040:,,,,,,,,,,,,,,,,,
#The Oxygen:Dissolved:CTD data for this cruise were recalibrated in three steps.,,,,,,,,,,,,,,,,,
#The first correction was applied to data from above 1400 dbar and to all of cast 0040.,,,,,,,,,,,,,,,,,
#The second was applied to data below 1400 dbar from casts 0015 to 0038.,,,,,,,,,,,,,,,,,
#The final correction was applied to all data. ,,,,,,,,,,,,,,,,,
#,,,,,,,,,,,,,,,,,
#Oxygen:Dissolved:CTD data below 1400 dbar are very noisy and are considered less reliable because of the noisy signal; the limitations in the calibration; and because it was impossible to fine-tune the configuration parameters to get the best possible deep data; so there may be some hysteresis.,,,,,,,,,,,,,,,,,
#,,,,,,,,,,,,,,,,,
#The Oxygen:Dissolved:CTD data should be considered:,,,,,,,,,,,,,,,,,
#      • ±0.4 ml/l from 0 to 200 dbar,,,,,,,,,,,,,,,,,
#      • ±0.1 ml/l from 200 to 500 dbar,,,,,,,,,,,,,,,,,
#      • ±0.04 ml/l from 500 to 1500 dbar,,,,,,,,,,,,,,,,,
#      • ±0.2 ml/l below 1500 dbar,,,,,,,,,,,,,,,,,
#,,,,,,,,,,,,,,,,,
#COMMENTS FOR FILES 0046 TO 0060:,,,,,,,,,,,,,,,,,
#There were no bottle samples available to recalibrate the dissolved oxygen sensor used for this cast. ,,,,,,,,,,,,,,,,,
#Recalibration was based only on an inter-comparison of repeat casts at station P26; one with sensor #0997 (used for casts 0001 to 0040) and two with sensor #1119 (used for casts 0046 to 0060). ,,,,,,,,,,,,,,,,,
#The casts were separated in time by 4 to 6 hours.,,,,,,,,,,,,,,,,,
#Temporal variations were found to be very large between 100 and 700 dbar during repeat casts using a single sensor so the inter-comparison of sensors was limited to the mixed layer from 0 to 100 dbar and below 700 dbar. ,,,,,,,,,,,,,,,,,
#This limits the range included in the fit to high and low values.,,,,,,,,,,,,,,,,,
#A final calibration applied was based on studies of sensor #0997.,,,,,,,,,,,,,,,,,
#,,,,,,,,,,,,,,,,,
#The comparisons in areas of low Oxygen:Dissolved gradients suggest that this sensor performed well. ,,,,,,,,,,,,,,,,,
#A rough estimate suggests that the data is likely to be within:,,,,,,,,,,,,,,,,,
#      • ±0.4 ml/l from 0 to 200 dbar,,,,,,,,,,,,,,,,,
#      • ±0.2 ml/l below 200 dbar,,,,,,,,,,,,,,,,,
#,,,,,,,,,,,,,,,,,
#Transmissometer #1005DR was calibrated in March 2008 and drifted significantly but steadily until July 2009. ,,,,,,,,,,,,,,,,,
#Then a sudden shift occurred so that maximum values between September 2009 and July 2010 were very low by about 25 %/m. ,,,,,,,,,,,,,,,,,
#In August 2010 a study was made of transmissivity that led to a decision to apply post-processing corrections to all cruises between March 2008 and June 2010.,,,,,,,,,,,,,,,,,
#,,,,,,,,,,,,,,,,,
#Transmissivity data from this cruise were corrected by multiplying the original values by a correction factor which was based on assumptions that deep offshore transmissivity from a June 2009 cruise should be about 62 %/m and that drift was linear with time between March 2008 and July 2009. ,,,,,,,,,,,,,,,,,
#The corrections produced reasonable results for all cruises in that time period. ,,,,,,,,,,,,,,,,,
#,,,,,,,,,,,,,,,,,
#For details on the transmissometer post-processing see: Transmissometer_1005DR_Corrections.pdf.,,,,,,,,,,,,,,,,,
#,,,,,,,,,,,,,,,,,
#These data should still be considered nominal.,,,,,,,,,,,,,,,,,
#---------------------------------------------------------------------------------------------------,,,,,,,,,,,,,,,,,
#For details on the processing see file 2009-03-proc.pdf.,,,,,,,,,,,,,,,,,
#---------------------------------------------------------------------------------------------------,,,,,,,,,,,,,,,,,
#,,,,,,,,,,,,,,,,,
#File Name,Zone,FIL:START TIME YYYY/MM/DD, HH:MM,LOC:EVENT_NUMBER,LOC:LATITUDE,LOC:LONGITUDE,LOC:STATION,Pressure:CTD [dbar],Temperature:CTD [deg_C_(ITS90)],Salinity:Practical:CTD [PSS-78],Sigma-t:CTD [kg/m^3],Transmissivity:CTD [*/m],Oxygen:Dissolved:CTD:Volume [ml/l],Oxygen:Dissolved:CTD:Mass [µmol/kg],Fluorescence:CTD [mg/m^3],PAR:CTD [µE/m^2/sec],
#,,,,,,,,,,,,,,,,,
NUMBER_HEADERS = 8
EXPOCODE = 18DD20090127
STNBR = P4
CASTNO = 4
DATE = 30/01/2009
TIME =  01:49
LATITUDE = 48.651
LONGITUDE = -126.66683
CTDPRS,CTDPRS_FLAG_W,CTDTMP,CTDTMP_FLAG_W,CTDSAL,CTDSAL_FLAG_W,CTDOXY,CTDOXY_FLAG_W,CTDXMISS,CTDXMISS_FLAG_W,CTDFLUOR,CTDFLUOR_FLAG_W,PAR,PAR_FLAG_W
DBAR,,ITS-90,,PSS-78,,UMOL/KG,,,,MG/M^3,,UE/m^2/sec,
P4,2,3.1,2,7.5374,2,6.76,2,24.7362,2,294.4,2,1.104,2
P4,2,4.1,2,7.5102,2,6.74,2,24.7524,2,293.5,2,1.083,2
P4,2,5.3,2,7.4736,2,6.72,2,24.7671,2,292.9,2,1.065,2
P4,2,6.0,2,7.4665,2,6.72,2,24.7745,2,292.6,2,1.035,2
P4,2,7.0,2,7.468999999999999,2,6.72,2,24.7844,2,292.8,2,1.081,2
P4,2,8.1,2,7.4844,2,6.7,2,24.7946,2,291.9,2,1.097,2
P4,2,8.9,2,7.4858,2,6.7,2,24.7953,2,291.7,2,1.122,2
P4,2,10.0,2,7.4924,2,6.69,2,24.7971,2,291.4,2,1.139,2
P4,2,11.0,2,7.4928,2,6.69,2,24.7984,2,291.6,2,1.113,2
P4,2,12.0,2,7.4951,2,6.69,2,24.8004,2,291.4,2,1.105,2
P4,2,13.0,2,7.5053,2,6.7,2,24.8077,2,291.7,2,1.113,2
P4,2,14.0,2,7.5186,2,6.68,2,24.819000000000003,2,291.1,2,1.129,2
P4,2,15.0,2,7.5373,2,6.66,2,24.8403,2,290.3,2,1.143,2
P4,2,16.0,2,7.5411,2,6.65,2,24.8442,2,289.5,2,1.161,2
P4,2,17.0,2,7.5589,2,6.63,2,24.8654,2,288.8,2,1.1520000000000001,2
P4,2,18.0,2,7.5668,2,6.62,2,24.8743,2,288.4,2,1.162,2
P4,2,19.0,2,7.5724,2,6.62,2,24.8801,2,288.2,2,1.113,2
P4,2,20.0,2,7.5859,2,6.61,2,24.8968,2,288.1,2,1.091,2
P4,2,21.0,2,7.6035,2,6.62,2,24.9202,2,288.5,2,1.056,2
P4,2,22.0,2,7.6091,2,6.63,2,24.9271,2,288.8,2,1.031,2
P4,2,23.0,2,7.6122,2,6.61,2,24.93,2,288.1,2,1.0090000000000001,2
P4,2,24.0,2,7.6146,2,6.6,2,24.9314,2,287.4,2,1.052,2
P4,2,24.9,2,7.6187,2,6.6,2,24.9352,2,287.4,2,1.043,2
P4,2,26.0,2,7.6221,2,6.59,2,24.941,2,287.0,2,1.018,2
P4,2,27.0,2,7.6226,2,6.58,2,24.9419,2,286.7,2,1.032,2
P4,2,28.0,2,7.6256,2,6.58,2,24.9436,2,286.4,2,0.961,2
P4,2,29.0,2,7.6661,2,6.5,2,24.9661,2,283.0,2,0.91,2
P4,2,30.0,2,7.8699,2,6.45,2,25.063000000000002,2,280.7,2,0.84,2
P4,2,31.0,2,7.9567,2,6.47,2,25.1182,2,281.6,2,0.8009999999999999,2
P4,2,32.0,2,7.9403,2,6.54,2,25.1428,2,284.7,2,0.728,2
P4,2,33.0,2,7.8343,2,6.6,2,25.2092,2,287.4,2,0.747,2
P4,2,34.0,2,7.7903,2,6.61,2,25.2382,2,288.1,2,0.687,2
P4,2,35.0,2,7.7816,2,6.62,2,25.2421,2,288.3,2,0.621,2
P4,2,36.0,2,7.7679,2,6.65,2,25.2559,2,289.6,2,0.601,2
P4,2,37.0,2,7.6988,2,6.68,2,25.2724,2,291.0,2,0.578,2
P4,2,38.0,2,7.6714,2,6.69,2,25.2761,2,291.4,2,0.563,2
P4,2,39.0,2,7.6537,2,6.68,2,25.2796,2,291.0,2,0.588,2
P4,2,40.0,2,7.6367,2,6.71,2,25.2845,2,292.0,2,0.6,2
P4,2,41.0,2,7.6174,2,6.72,2,25.2927,2,292.8,2,0.579,2
P4,2,42.0,2,7.6045,2,6.73,2,25.3008,2,292.9,2,0.5529999999999999,2
P4,2,43.0,2,7.6046,2,6.73,2,25.3047,2,292.9,2,0.547,2
P4,2,44.0,2,7.6054,2,6.72,2,25.3058,2,292.5,2,0.552,2
P4,2,45.0,2,7.6053,2,6.72,2,25.3061,2,292.4,2,0.56,2
P4,2,46.0,2,7.6053,2,6.71,2,25.3061,2,292.3,2,0.5479999999999999,2
P4,2,47.0,2,7.605,2,6.72,2,25.307,2,292.4,2,0.5329999999999999,2
P4,2,48.0,2,7.6024,2,6.72,2,25.3093,2,292.6,2,0.519,2
P4,2,49.0,2,7.6022,2,6.73,2,25.3095,2,293.1,2,0.505,2
P4,2,50.0,2,7.6021,2,6.74,2,25.3096,2,293.3,2,0.506,2
P4,2,51.0,2,7.6022,2,6.72,2,25.3096,2,292.8,2,0.506,2
P4,2,52.0,2,7.6025,2,6.72,2,25.3096,2,292.7,2,0.494,2
P4,2,53.0,2,7.6029,2,6.72,2,25.3096,2,292.7,2,0.502,2
P4,2,54.0,2,7.6027,2,6.73,2,25.3099,2,292.9,2,0.505,2
P4,2,55.0,2,7.6023,2,6.73,2,25.3106,2,292.9,2,0.47200000000000003,2
P4,2,56.0,2,7.6029,2,6.73,2,25.3118,2,292.9,2,0.47700000000000004,2
P4,2,57.0,2,7.6033,2,6.73,2,25.3127,2,292.9,2,0.461,2
P4,2,58.0,2,7.6018,2,6.72,2,25.3144,2,292.6,2,0.451,2
P4,2,59.0,2,7.6027,2,6.66,2,25.3208,2,290.1,2,0.40700000000000003,2
P4,2,60.0,2,7.5979,2,6.6,2,25.3337,2,287.2,2,0.382,2
P4,2,61.0,2,7.5917,2,6.55,2,25.3385,2,285.1,2,0.369,2
P4,2,62.0,2,7.5915,2,6.36,2,25.342,2,276.7,2,0.34700000000000003,2
P4,2,63.0,2,7.6381,2,6.13,2,25.3611,2,267.1,2,0.321,2
P4,2,64.1,2,7.7243,2,5.96,2,25.4154,2,259.4,2,0.301,2
P4,2,65.0,2,7.7372,2,5.77,2,25.451,2,251.1,2,0.282,2
P4,2,66.0,2,7.7482,2,5.58,2,25.4836,2,242.9,2,0.254,2
P4,2,67.0,2,7.7735,2,5.41,2,25.5208,2,235.4,2,0.233,2
P4,2,68.0,2,7.7973,2,5.22,2,25.5487,2,227.4,2,0.226,2
P4,2,69.0,2,7.8126,2,5.12,2,25.5922,2,222.8,2,0.20199999999999999,2
P4,2,70.0,2,7.7721,2,5.1,2,25.6331,2,222.1,2,0.204,2
P4,2,71.0,2,7.6969,2,5.11,2,25.6725,2,222.5,2,0.161,2
P4,2,72.0,2,7.6885,2,5.17,2,25.6841,2,225.0,2,0.166,2
P4,2,73.0,2,7.6011,2,5.24,2,25.6961,2,228.2,2,0.156,2
P4,2,74.0,2,7.4997,2,5.27,2,25.7328,2,229.2,2,0.15,2
P4,2,75.0,2,7.4603,2,5.24,2,25.7532,2,228.1,2,0.146,2
P4,2,76.0,2,7.446000000000001,2,5.17,2,25.7663,2,225.2,2,0.14,2
P4,2,77.0,2,7.4356,2,5.06,2,25.7807,2,220.3,2,0.14,2
P4,2,78.0,2,7.4129,2,4.97,2,25.8347,2,216.4,2,0.136,2
P4,2,79.0,2,7.4146,2,4.88,2,25.8423,2,212.2,2,0.136,2
P4,2,80.0,2,7.4536,2,4.73,2,25.8585,2,205.9,2,0.13,2
P4,2,81.0,2,7.5438,2,4.62,2,25.8745,2,200.9,2,0.135,2
P4,2,82.0,2,7.5946,2,4.53,2,25.8831,2,197.1,2,0.128,2
P4,2,83.0,2,7.6354,2,4.42,2,25.8899,2,192.5,2,0.13,2
P4,2,84.0,2,7.6776,2,4.37,2,25.9147,2,190.3,2,0.127,2
P4,2,85.0,2,7.6271,2,4.38,2,25.9445,2,190.5,2,0.125,2
P4,2,86.0,2,7.6041,2,4.34,2,25.9509,2,188.8,2,0.126,2
P4,2,87.0,2,7.605,2,4.24,2,25.9659,2,184.3,2,0.122,2
P4,2,88.0,2,7.6473,2,4.14,2,25.9974,2,180.1,2,0.11800000000000001,2
P4,2,89.0,2,7.6759,2,4.07,2,26.0189,2,177.0,2,0.126,2
P4,2,90.0,2,7.6895,2,4.04,2,26.0305,2,176.0,2,0.122,2
P4,2,91.0,2,7.6844,2,4.04,2,26.0374,2,175.6,2,0.132,2
P4,2,92.0,2,7.6641,2,4.01,2,26.0424,2,174.5,2,0.122,2
P4,2,93.0,2,7.6357,2,3.96,2,26.061,2,172.4,2,0.11900000000000001,2
P4,2,94.0,2,7.6313,2,3.93,2,26.076,2,170.8,2,0.12300000000000001,2
P4,2,95.0,2,7.6316,2,3.92,2,26.0825,2,170.7,2,0.11599999999999999,2
P4,2,96.0,2,7.6307,2,3.93,2,26.0839,2,171.0,2,0.115,2
P4,2,97.0,2,7.6,2,3.92,2,26.087,2,170.4,2,0.121,2
P4,2,98.0,2,7.5752,2,3.89,2,26.1051,2,169.4,2,0.11900000000000001,2
P4,2,99.1,2,7.5663,2,3.89,2,26.1126,2,169.2,2,0.11699999999999999,2
P4,2,100.2,2,7.5524,2,3.8,2,26.1177,2,165.2,2,0.114,2
P4,2,101.0,2,7.5853,2,3.76,2,26.1276,2,163.8,2,0.11,2
P4,2,102.0,2,7.5744,2,3.75,2,26.1348,2,163.2,2,0.11,2
P4,2,103.0,2,7.5737,2,3.75,2,26.1372,2,163.2,2,0.111,2
P4,2,104.0,2,7.5729999999999995,2,3.76,2,26.1377,2,163.6,2,0.114,2
P4,2,105.0,2,7.571000000000001,2,3.76,2,26.1383,2,163.5,2,0.113,2
P4,2,106.0,2,7.5637,2,3.74,2,26.1425,2,162.7,2,0.114,2
P4,2,107.0,2,7.5575,2,3.71,2,26.1538,2,161.4,2,0.11199999999999999,2
P4,2,108.0,2,7.5582,2,3.67,2,26.1626,2,159.7,2,0.11199999999999999,2
P4,2,109.0,2,7.56,2,3.64,2,26.1694,2,158.4,2,0.115,2
P4,2,110.0,2,7.5516,2,3.65,2,26.1907,2,159.0,2,0.11800000000000001,2
P4,2,111.0,2,7.5014,2,3.67,2,26.2083,2,159.8,2,0.113,2
P4,2,112.0,2,7.4636,2,3.68,2,26.2263,2,160.2,2,0.109,2
P4,2,113.0,2,7.4544,2,3.64,2,26.2323,2,158.3,2,0.109,2
P4,2,114.0,2,7.4673,2,3.53,2,26.2435,2,153.4,2,0.111,2
P4,2,115.0,2,7.5057,2,3.41,2,26.2506,2,148.5,2,0.10800000000000001,2
P4,2,116.0,2,7.5411,2,3.28,2,26.2526,2,142.8,2,0.11,2
P4,2,117.0,2,7.5981,2,3.13,2,26.2577,2,136.4,2,0.109,2
P4,2,118.0,2,7.6673,2,2.98,2,26.2641,2,129.7,2,0.107,2
P4,2,119.1,2,7.7347,2,2.88,2,26.2718,2,125.4,2,0.11199999999999999,2
P4,2,120.0,2,7.7784,2,2.88,2,26.2762,2,125.4,2,0.11,2
P4,2,121.0,2,7.752999999999999,2,2.91,2,26.2827,2,126.7,2,0.11,2
P4,2,122.0,2,7.7376,2,2.97,2,26.2898,2,129.0,2,0.113,2
P4,2,123.0,2,7.7012,2,3.0,2,26.2946,2,130.7,2,0.107,2
P4,2,124.1,2,7.6769,2,3.02,2,26.2971,2,131.5,2,0.107,2
P4,2,124.9,2,7.6610000000000005,2,3.04,2,26.2986,2,132.3,2,0.10800000000000001,2
P4,2,126.0,2,7.6352,2,3.07,2,26.301,2,133.7,2,0.11,2
P4,2,127.0,2,7.6173,2,3.09,2,26.3023,2,134.2,2,0.106,2
P4,2,128.0,2,7.5658,2,3.01,2,26.3087,2,130.9,2,0.109,2
P4,2,129.0,2,7.5366,2,2.87,2,26.3305,2,124.8,2,0.11,2
P4,2,130.0,2,7.593999999999999,2,2.75,2,26.3448,2,119.8,2,0.113,2
P4,2,131.0,2,7.6392,2,2.74,2,26.3505,2,119.3,2,0.11199999999999999,2
P4,2,132.4,2,7.6639,2,2.67,2,26.3526,2,116.0,2,0.107,2
P4,2,133.0,2,7.6639,2,2.62,2,26.355999999999998,2,114.1,2,0.109,2
P4,2,134.0,2,7.6523,2,2.58,2,26.3597,2,112.1,2,0.109,2
P4,2,135.0,2,7.6748,2,2.54,2,26.3662,2,110.6,2,0.109,2
P4,2,136.0,2,7.6886,2,2.51,2,26.369,2,109.3,2,0.109,2
P4,2,137.0,2,7.7011,2,2.48,2,26.3707,2,107.9,2,0.111,2
P4,2,138.0,2,7.7116,2,2.45,2,26.3721,2,106.8,2,0.10800000000000001,2
P4,2,139.0,2,7.7203,2,2.44,2,26.373,2,106.2,2,0.106,2
P4,2,140.0,2,7.7221,2,2.43,2,26.3732,2,105.8,2,0.10800000000000001,2
P4,2,141.0,2,7.7192,2,2.42,2,26.3738,2,105.4,2,0.107,2
P4,2,142.0,2,7.7092,2,2.41,2,26.3758,2,105.0,2,0.106,2
P4,2,143.0,2,7.6988,2,2.4,2,26.378,2,104.3,2,0.109,2
P4,2,144.0,2,7.6895,2,2.38,2,26.3804,2,103.7,2,0.111,2
P4,2,145.0,2,7.6795,2,2.37,2,26.3854,2,102.9,2,0.11,2
P4,2,146.0,2,7.6758,2,2.34,2,26.3918,2,101.9,2,0.10800000000000001,2
P4,2,147.0,2,7.6894,2,2.34,2,26.3928,2,101.7,2,0.107,2
P4,2,148.0,2,7.7049,2,2.33,2,26.3949,2,101.3,2,0.106,2
P4,2,149.0,2,7.7231,2,2.31,2,26.3965,2,100.6,2,0.10800000000000001,2
P4,2,150.0,2,7.729,2,2.3,2,26.3977,2,100.0,2,0.106,2
P4,2,151.0,2,7.7281,2,2.29,2,26.4026,2,99.5,2,0.10800000000000001,2
P4,2,152.0,2,7.7101,2,2.28,2,26.4133,2,99.0,2,0.10800000000000001,2
P4,2,153.0,2,7.7021,2,2.26,2,26.4181,2,98.4,2,0.105,2
P4,2,154.0,2,7.6912,2,2.25,2,26.4228,2,97.8,2,0.106,2
P4,2,155.0,2,7.6745,2,2.24,2,26.4285,2,97.4,2,0.10400000000000001,2
P4,2,156.0,2,7.6652,2,2.23,2,26.4347,2,97.0,2,0.10800000000000001,2
P4,2,157.1,2,7.6565,2,2.22,2,26.4373,2,96.6,2,0.10800000000000001,2
P4,2,158.0,2,7.6454,2,2.2,2,26.4412,2,95.9,2,0.107,2
P4,2,159.0,2,7.6398,2,2.19,2,26.4433,2,95.2,2,0.105,2
P4,2,160.0,2,7.6287,2,2.17,2,26.4475,2,94.4,2,0.106,2
P4,2,161.0,2,7.6065,2,2.16,2,26.4559,2,93.8,2,0.109,2
P4,2,162.0,2,7.5975,2,2.15,2,26.4591,2,93.5,2,0.107,2
P4,2,163.0,2,7.5895,2,2.13,2,26.4613,2,92.8,2,0.106,2
P4,2,164.0,2,7.5734,2,2.12,2,26.4669,2,92.3,2,0.106,2
P4,2,165.0,2,7.5688,2,2.12,2,26.4685,2,92.4,2,0.10300000000000001,2
P4,2,166.0,2,7.5616,2,2.12,2,26.4704,2,92.2,2,0.10400000000000001,2
P4,2,167.0,2,7.5481,2,2.11,2,26.4744,2,91.8,2,0.105,2
P4,2,168.0,2,7.5294,2,2.09,2,26.4792,2,91.0,2,0.10800000000000001,2
P4,2,168.9,2,7.4877,2,2.08,2,26.4897,2,90.4,2,0.109,2
P4,2,170.0,2,7.4594,2,2.07,2,26.4967,2,89.9,2,0.105,2
P4,2,171.0,2,7.4481,2,2.06,2,26.4998,2,89.7,2,0.107,2
P4,2,172.0,2,7.4433,2,2.06,2,26.5008,2,89.5,2,0.106,2
P4,2,173.0,2,7.4231,2,2.05,2,26.5055,2,89.1,2,0.10800000000000001,2
P4,2,174.0,2,7.4026,2,2.04,2,26.5114,2,88.7,2,0.106,2
P4,2,175.0,2,7.3991,2,2.04,2,26.511999999999997,2,88.8,2,0.105,2
P4,2,176.0,2,7.392,2,2.04,2,26.5139,2,88.9,2,0.105,2
P4,2,177.0,2,7.3826,2,2.04,2,26.5165,2,88.6,2,0.10300000000000001,2
P4,2,178.0,2,7.3737,2,2.04,2,26.519000000000002,2,88.6,2,0.107,2
P4,2,179.0,2,7.3618,2,2.04,2,26.5231,2,88.9,2,0.109,2
P4,2,180.0,2,7.3539,2,2.05,2,26.5258,2,89.2,2,0.10800000000000001,2
P4,2,181.0,2,7.3521,2,2.05,2,26.5267,2,89.2,2,0.106,2
P4,2,182.0,2,7.3503,2,2.05,2,26.5274,2,89.2,2,0.107,2
P4,2,183.0,2,7.3455,2,2.04,2,26.5288,2,88.8,2,0.106,2
P4,2,184.0,2,7.3257,2,2.04,2,26.5324,2,88.7,2,0.10800000000000001,2
P4,2,185.0,2,7.3133,2,2.04,2,26.5343,2,88.6,2,0.105,2
P4,2,186.0,2,7.3095,2,2.05,2,26.5355,2,89.3,2,0.106,2
P4,2,187.0,2,7.2884,2,2.08,2,26.5394,2,90.3,2,0.106,2
P4,2,188.0,2,7.2677,2,2.08,2,26.5425,2,90.3,2,0.106,2
P4,2,189.0,2,7.2577,2,2.06,2,26.5451,2,89.5,2,0.109,2
P4,2,190.0,2,7.2579,2,2.04,2,26.5475,2,88.8,2,0.10800000000000001,2
P4,2,191.0,2,7.2542,2,2.03,2,26.549,2,88.2,2,0.10800000000000001,2
P4,2,192.0,2,7.2534,2,2.03,2,26.5509,2,88.1,2,0.10800000000000001,2
P4,2,193.0,2,7.2501,2,2.03,2,26.5524,2,88.2,2,0.106,2
P4,2,194.0,2,7.2357,2,2.03,2,26.5541,2,88.3,2,0.106,2
P4,2,195.0,2,7.2283,2,2.02,2,26.5559,2,88.0,2,0.11199999999999999,2
P4,2,196.0,2,7.2067,2,2.02,2,26.5616,2,87.9,2,0.106,2
P4,2,197.0,2,7.2043,2,2.01,2,26.5624,2,87.6,2,0.105,2
P4,2,198.0,2,7.2006,2,2.01,2,26.5634,2,87.4,2,0.10300000000000001,2
P4,2,199.1,2,7.1979,2,2.01,2,26.5642,2,87.6,2,0.105,2
P4,2,199.9,2,7.1961,2,2.02,2,26.5645,2,87.7,2,0.10800000000000001,2
P4,2,200.9,2,7.19,2,2.0,2,26.5663,2,87.1,2,0.10800000000000001,2
P4,2,202.0,2,7.1866,2,2.0,2,26.5669,2,86.9,2,0.106,2
P4,2,203.0,2,7.1766,2,2.0,2,26.5692,2,86.9,2,0.107,2
P4,2,204.0,2,7.1723,2,1.99,2,26.5706,2,86.7,2,0.105,2
P4,2,205.0,2,7.1615,2,1.99,2,26.5726,2,86.3,2,0.106,2
P4,2,206.0,2,7.1511,2,1.97,2,26.5747,2,85.8,2,0.106,2
P4,2,207.0,2,7.1217,2,1.97,2,26.5806,2,85.5,2,0.10800000000000001,2
P4,2,208.2,2,7.0842,2,1.95,2,26.5897,2,84.6,2,0.109,2
P4,2,209.0,2,7.0743,2,1.95,2,26.5919,2,84.7,2,0.106,2
P4,2,210.0,2,7.0672,2,1.95,2,26.5931,2,84.8,2,0.105,2
P4,2,211.0,2,7.0652,2,1.95,2,26.5934,2,84.8,2,0.105,2
P4,2,212.0,2,7.0643,2,1.95,2,26.5933,2,84.7,2,0.106,2
P4,2,213.0,2,7.064,2,1.95,2,26.5935,2,84.6,2,0.106,2
P4,2,214.0,2,7.0636,2,1.95,2,26.5936,2,84.6,2,0.106,2
P4,2,215.0,2,7.0634,2,1.95,2,26.5937,2,84.7,2,0.106,2
P4,2,216.0,2,7.0631,2,1.95,2,26.5937,2,84.8,2,0.10300000000000001,2
P4,2,217.0,2,7.0621,2,1.95,2,26.5938,2,84.8,2,0.105,2
P4,2,218.0,2,7.0513,2,1.95,2,26.5956,2,84.9,2,0.106,2
P4,2,219.0,2,7.0272,2,1.94,2,26.6014,2,84.5,2,0.10800000000000001,2
P4,2,220.0,2,7.0194,2,1.93,2,26.6036,2,83.8,2,0.107,2
P4,2,221.0,2,7.0079,2,1.92,2,26.6064,2,83.5,2,0.10800000000000001,2
P4,2,222.0,2,6.9933,2,1.91,2,26.6099,2,83.3,2,0.105,2
P4,2,223.0,2,6.9788,2,1.91,2,26.6125,2,82.9,2,0.106,2
P4,2,224.0,2,6.9665,2,1.89,2,26.6153,2,82.3,2,0.113,2
P4,2,225.0,2,6.9508,2,1.88,2,26.6194,2,81.9,2,0.10800000000000001,2
P4,2,226.0,2,6.944,2,1.88,2,26.6212,2,81.8,2,0.106,2
P4,2,227.0,2,6.9395,2,1.88,2,26.6222,2,81.6,2,0.11,2
P4,2,228.0,2,6.9344,2,1.88,2,26.6233,2,81.7,2,0.109,2
P4,2,229.0,2,6.9239,2,1.88,2,26.6255,2,81.6,2,0.107,2
P4,2,230.0,2,6.92,2,1.88,2,26.6263,2,81.7,2,0.10400000000000001,2
P4,2,231.0,2,6.9155,2,1.88,2,26.627,2,81.7,2,0.105,2
P4,2,232.0,2,6.9107,2,1.88,2,26.6279,2,81.9,2,0.106,2
P4,2,233.0,2,6.9072,2,1.88,2,26.6285,2,82.0,2,0.10400000000000001,2
P4,2,234.0,2,6.9028,2,1.89,2,26.6293,2,82.0,2,0.106,2
P4,2,235.0,2,6.8851,2,1.89,2,26.6329,2,82.1,2,0.10800000000000001,2
P4,2,236.0,2,6.87,2,1.88,2,26.636,2,81.9,2,0.10800000000000001,2
P4,2,237.0,2,6.8606,2,1.88,2,26.6371,2,81.9,2,0.107,2
P4,2,238.0,2,6.8479,2,1.91,2,26.6383,2,83.2,2,0.10800000000000001,2
P4,2,239.0,2,6.8293,2,1.95,2,26.6394,2,84.6,2,0.107,2
P4,2,240.0,2,6.8052,2,1.97,2,26.6411,2,85.5,2,0.106,2
P4,2,241.0,2,6.797999999999999,2,1.98,2,26.6418,2,86.2,2,0.106,2
P4,2,242.0,2,6.7779,2,1.99,2,26.6432,2,86.5,2,0.107,2
P4,2,243.0,2,6.7533,2,1.99,2,26.6466,2,86.4,2,0.105,2
P4,2,244.0,2,6.7037,2,1.99,2,26.651999999999997,2,86.5,2,0.106,2
P4,2,245.0,2,6.6935,2,1.99,2,26.6534,2,86.4,2,0.111,2
P4,2,246.0,2,6.6822,2,2.0,2,26.6552,2,87.0,2,0.107,2
P4,2,247.0,2,6.6652,2,2.03,2,26.6574,2,88.2,2,0.107,2
P4,2,248.0,2,6.6361,2,2.07,2,26.6591,2,90.0,2,0.109,2
P4,2,249.0,2,6.5933,2,2.12,2,26.6615,2,92.1,2,0.106,2
P4,2,250.0,2,6.5536,2,2.15,2,26.6647,2,93.4,2,0.109,2
P4,2,251.0,2,6.5182,2,2.15,2,26.6684,2,93.7,2,0.10800000000000001,2
P4,2,252.0,2,6.5165,2,2.16,2,26.6688,2,93.8,2,0.10800000000000001,2
P4,2,253.0,2,6.5071,2,2.18,2,26.6691,2,94.7,2,0.106,2
P4,2,254.0,2,6.4843,2,2.21,2,26.6711,2,95.9,2,0.106,2
P4,2,255.0,2,6.4334,2,2.22,2,26.6746,2,96.4,2,0.105,2
P4,2,256.0,2,6.4231,2,2.22,2,26.6783,2,96.5,2,0.10400000000000001,2
P4,2,257.0,2,6.4068,2,2.21,2,26.6807,2,96.2,2,0.109,2
P4,2,258.0,2,6.4042,2,2.2,2,26.6815,2,95.6,2,0.107,2
P4,2,259.0,2,6.4037,2,2.18,2,26.6832,2,94.7,2,0.10800000000000001,2
P4,2,260.0,2,6.3858,2,2.16,2,26.686,2,94.0,2,0.105,2
P4,2,261.0,2,6.3787,2,2.15,2,26.6884,2,93.4,2,0.10400000000000001,2
P4,2,262.0,2,6.3808,2,2.14,2,26.6888,2,93.3,2,0.105,2
P4,2,263.0,2,6.3844,2,2.15,2,26.6894,2,93.7,2,0.10800000000000001,2
P4,2,264.0,2,6.3660000000000005,2,2.17,2,26.6899,2,94.2,2,0.10800000000000001,2
P4,2,265.0,2,6.3579,2,2.17,2,26.691,2,94.2,2,0.105,2
P4,2,266.0,2,6.3607,2,2.17,2,26.6913,2,94.3,2,0.111,2
P4,2,267.0,2,6.3624,2,2.17,2,26.6913,2,94.2,2,0.11,2
P4,2,268.0,2,6.361000000000001,2,2.16,2,26.6914,2,94.1,2,0.109,2
P4,2,269.0,2,6.3569,2,2.17,2,26.6918,2,94.5,2,0.106,2
P4,2,270.0,2,6.3483,2,2.17,2,26.6927,2,94.4,2,0.109,2
P4,2,271.0,2,6.3427,2,2.15,2,26.6935,2,93.7,2,0.10800000000000001,2
P4,2,272.0,2,6.3485,2,2.13,2,26.6941,2,92.6,2,0.11,2
P4,2,273.0,2,6.3518,2,2.12,2,26.6951,2,92.0,2,0.106,2
P4,2,273.9,2,6.3439,2,2.12,2,26.6978,2,92.2,2,0.10800000000000001,2
P4,2,275.1,2,6.3224,2,2.11,2,26.6993,2,91.6,2,0.107,2
P4,2,276.0,2,6.315,2,2.08,2,26.7011,2,90.5,2,0.107,2
P4,2,277.0,2,6.2985,2,2.05,2,26.7045,2,89.1,2,0.107,2
P4,2,278.0,2,6.29,2,2.01,2,26.7098,2,87.4,2,0.106,2
P4,2,279.0,2,6.2891,2,1.96,2,26.7103,2,85.4,2,0.109,2
P4,2,280.0,2,6.2944,2,1.92,2,26.7147,2,83.5,2,0.106,2
P4,2,281.0,2,6.3037,2,1.89,2,26.7168,2,82.1,2,0.109,2
P4,2,281.9,2,6.3101,2,1.88,2,26.7173,2,81.6,2,0.105,2
P4,2,283.0,2,6.3296,2,1.79,2,26.72,2,78.0,2,0.106,2
P4,2,284.0,2,6.3346,2,1.78,2,26.7216,2,77.5,2,0.10800000000000001,2
P4,2,285.0,2,6.3333,2,1.79,2,26.7218,2,77.8,2,0.106,2
P4,2,286.0,2,6.3336,2,1.79,2,26.721999999999998,2,77.7,2,0.107,2
P4,2,287.0,2,6.3337,2,1.79,2,26.7221,2,77.7,2,0.105,2
P4,2,288.0,2,6.3334,2,1.78,2,26.7224,2,77.6,2,0.109,2
P4,2,289.0,2,6.3326,2,1.77,2,26.7232,2,77.1,2,0.106,2
P4,2,290.0,2,6.3303,2,1.75,2,26.7244,2,76.1,2,0.105,2
P4,2,291.0,2,6.3289,2,1.73,2,26.7264,2,75.3,2,0.106,2
P4,2,292.0,2,6.3285,2,1.72,2,26.7275,2,75.0,2,0.10800000000000001,2
P4,2,293.0,2,6.3285,2,1.74,2,26.7277,2,75.4,2,0.11199999999999999,2
P4,2,294.0,2,6.312,2,1.76,2,26.7284,2,76.5,2,0.109,2
P4,2,295.0,2,6.2686,2,1.76,2,26.7302,2,76.5,2,0.106,2
P4,2,296.0,2,6.2645,2,1.68,2,26.733,2,73.0,2,0.106,2
P4,2,297.0,2,6.303,2,1.6,2,26.7355,2,69.7,2,0.11,2
P4,2,298.0,2,6.3197,2,1.58,2,26.7369,2,68.5,2,0.107,2
P4,2,299.0,2,6.3212,2,1.55,2,26.7379,2,67.5,2,0.111,2
P4,2,300.0,2,6.3229999999999995,2,1.53,2,26.7387,2,66.6,2,0.107,2
P4,2,301.0,2,6.33,2,1.51,2,26.74,2,65.5,2,0.11,2
P4,2,302.0,2,6.3361,2,1.49,2,26.7419,2,64.7,2,0.11,2
P4,2,303.0,2,6.3391,2,1.48,2,26.7441,2,64.2,2,0.107,2
P4,2,304.0,2,6.3393,2,1.47,2,26.7443,2,64.0,2,0.10800000000000001,2
P4,2,305.0,2,6.34,2,1.47,2,26.7443,2,64.0,2,0.11,2
P4,2,306.0,2,6.3377,2,1.47,2,26.7451,2,63.8,2,0.109,2
P4,2,307.0,2,6.3386,2,1.46,2,26.7455,2,63.6,2,0.11,2
P4,2,308.0,2,6.3417,2,1.45,2,26.746,2,63.0,2,0.109,2
P4,2,309.0,2,6.3413,2,1.43,2,26.7469,2,62.4,2,0.109,2
P4,2,310.0,2,6.3389,2,1.41,2,26.7476,2,61.5,2,0.10400000000000001,2
P4,2,311.0,2,6.3423,2,1.39,2,26.7498,2,60.6,2,0.10800000000000001,2
P4,2,312.0,2,6.3285,2,1.38,2,26.7536,2,60.0,2,0.10800000000000001,2
P4,2,313.0,2,6.3149,2,1.37,2,26.7564,2,59.7,2,0.106,2
P4,2,314.0,2,6.2925,2,1.37,2,26.7593,2,59.5,2,0.107,2
P4,2,315.0,2,6.2766,2,1.36,2,26.7615,2,59.3,2,0.109,2
P4,2,316.0,2,6.2485,2,1.36,2,26.7659,2,58.9,2,0.10800000000000001,2
P4,2,317.0,2,6.2356,2,1.35,2,26.7683,2,58.8,2,0.11,2
P4,2,318.0,2,6.2326,2,1.35,2,26.7689,2,58.7,2,0.107,2
P4,2,319.0,2,6.2327,2,1.34,2,26.7688,2,58.4,2,0.106,2
P4,2,320.0,2,6.2328,2,1.34,2,26.7688,2,58.4,2,0.105,2
P4,2,321.0,2,6.2321,2,1.35,2,26.7691,2,58.5,2,0.10800000000000001,2
P4,2,322.0,2,6.2302,2,1.34,2,26.7695,2,58.3,2,0.107,2
P4,2,323.0,2,6.2235,2,1.33,2,26.7711,2,57.9,2,0.107,2
P4,2,324.0,2,6.2112,2,1.33,2,26.774,2,57.6,2,0.10800000000000001,2
P4,2,325.0,2,6.2053,2,1.32,2,26.775,2,57.2,2,0.106,2
P4,2,326.0,2,6.2037,2,1.32,2,26.7753,2,57.2,2,0.106,2
P4,2,327.0,2,6.2010000000000005,2,1.32,2,26.7756,2,57.5,2,0.10800000000000001,2
P4,2,328.0,2,6.1974,2,1.32,2,26.7763,2,57.5,2,0.109,2
P4,2,329.0,2,6.1927,2,1.31,2,26.7771,2,57.0,2,0.107,2
P4,2,330.0,2,6.1909,2,1.31,2,26.7773,2,56.8,2,0.106,2
P4,2,331.0,2,6.1885,2,1.31,2,26.7778,2,57.0,2,0.106,2
P4,2,332.0,2,6.1859,2,1.3,2,26.7783,2,56.7,2,0.11,2
P4,2,333.0,2,6.1842,2,1.3,2,26.7785,2,56.5,2,0.10800000000000001,2
P4,2,334.0,2,6.183,2,1.3,2,26.7788,2,56.7,2,0.107,2
P4,2,335.0,2,6.1813,2,1.31,2,26.779,2,56.9,2,0.106,2
P4,2,336.0,2,6.1804,2,1.3,2,26.7791,2,56.6,2,0.106,2
P4,2,337.0,2,6.1789,2,1.3,2,26.7792,2,56.6,2,0.109,2
P4,2,338.0,2,6.1771,2,1.31,2,26.7796,2,56.8,2,0.106,2
P4,2,339.0,2,6.1753,2,1.3,2,26.7798,2,56.7,2,0.109,2
P4,2,340.0,2,6.1683,2,1.3,2,26.7806,2,56.7,2,0.107,2
P4,2,341.0,2,6.1418,2,1.31,2,26.7827,2,57.0,2,0.106,2
P4,2,342.0,2,6.1231,2,1.31,2,26.7844,2,57.0,2,0.10800000000000001,2
P4,2,343.0,2,6.1164,2,1.31,2,26.7851,2,56.8,2,0.10800000000000001,2
P4,2,344.0,2,6.1068,2,1.3,2,26.7864,2,56.6,2,0.11,2
P4,2,345.0,2,6.0986,2,1.3,2,26.7875,2,56.3,2,0.109,2
P4,2,346.0,2,6.0951,2,1.29,2,26.7884,2,56.1,2,0.106,2
P4,2,347.0,2,6.0933,2,1.28,2,26.7892,2,55.8,2,0.109,2
P4,2,348.0,2,6.0902,2,1.27,2,26.7915,2,55.1,2,0.107,2
P4,2,349.0,2,6.0863,2,1.25,2,26.7941,2,54.5,2,0.10800000000000001,2
P4,2,350.0,2,6.0799,2,1.25,2,26.7959,2,54.2,2,0.10800000000000001,2
P4,2,351.0,2,6.0681,2,1.25,2,26.798000000000002,2,54.5,2,0.10800000000000001,2
P4,2,352.0,2,6.0239,2,1.26,2,26.801,2,54.7,2,0.10800000000000001,2
P4,2,353.0,2,5.9689,2,1.29,2,26.8038,2,56.0,2,0.10400000000000001,2
P4,2,354.0,2,5.9106,2,1.3,2,26.805999999999997,2,56.7,2,0.107,2
P4,2,355.0,2,5.8893,2,1.31,2,26.8075,2,56.8,2,0.109,2
P4,2,356.0,2,5.8737,2,1.3,2,26.8089,2,56.6,2,0.106,2
P4,2,357.0,2,5.8607,2,1.29,2,26.8106,2,56.2,2,0.11,2
P4,2,358.0,2,5.8502,2,1.29,2,26.8128,2,56.2,2,0.106,2
P4,2,359.0,2,5.8401,2,1.27,2,26.8135,2,55.3,2,0.11,2
P4,2,360.0,2,5.814,2,1.25,2,26.8188,2,54.3,2,0.109,2
P4,2,361.0,2,5.8081,2,1.25,2,26.8211,2,54.2,2,0.109,2
P4,2,362.0,2,5.8091,2,1.23,2,26.8222,2,53.6,2,0.107,2
P4,2,363.0,2,5.8115,2,1.24,2,26.8225,2,53.9,2,0.10800000000000001,2
P4,2,364.0,2,5.8135,2,1.24,2,26.8224,2,54.0,2,0.10800000000000001,2
P4,2,365.0,2,5.8133,2,1.23,2,26.8226,2,53.6,2,0.10800000000000001,2
P4,2,366.0,2,5.8142,2,1.23,2,26.8225,2,53.6,2,0.107,2
P4,2,367.0,2,5.8138,2,1.23,2,26.8225,2,53.7,2,0.10800000000000001,2
P4,2,368.0,2,5.814,2,1.24,2,26.8227,2,53.9,2,0.109,2
P4,2,369.0,2,5.8142,2,1.24,2,26.8226,2,54.0,2,0.106,2
P4,2,370.0,2,5.8098,2,1.24,2,26.8229,2,54.0,2,0.10800000000000001,2
P4,2,371.0,2,5.8076,2,1.24,2,26.823,2,53.8,2,0.10800000000000001,2
P4,2,372.0,2,5.7896,2,1.23,2,26.8241,2,53.5,2,0.107,2
P4,2,373.0,2,5.7739,2,1.23,2,26.8255,2,53.5,2,0.106,2
P4,2,374.0,2,5.7489,2,1.23,2,26.828000000000003,2,53.4,2,0.107,2
P4,2,375.0,2,5.6874,2,1.23,2,26.8335,2,53.5,2,0.11,2
P4,2,376.0,2,5.6633,2,1.24,2,26.8358,2,53.7,2,0.11,2
P4,2,377.0,2,5.6514,2,1.24,2,26.8363,2,54.0,2,0.105,2
P4,2,378.0,2,5.6434,2,1.25,2,26.8364,2,54.1,2,0.106,2
P4,2,379.0,2,5.6221,2,1.25,2,26.8377,2,54.1,2,0.109,2
P4,2,380.0,2,5.6134,2,1.24,2,26.8383,2,53.9,2,0.106,2
P4,2,381.0,2,5.6119,2,1.23,2,26.8384,2,53.5,2,0.106,2
P4,2,382.0,2,5.6087,2,1.23,2,26.8392,2,53.4,2,0.109,2
P4,2,383.0,2,5.5763,2,1.23,2,26.8429,2,53.5,2,0.106,2
P4,2,384.0,2,5.5327,2,1.23,2,26.8477,2,53.5,2,0.10400000000000001,2
P4,2,384.9,2,5.5247,2,1.23,2,26.8484,2,53.3,2,0.105,2
P4,2,386.4,2,5.518,2,1.21,2,26.8496,2,52.8,2,0.106,2
P4,2,387.0,2,5.5153,2,1.22,2,26.8501,2,52.9,2,0.105,2
P4,2,388.0,2,5.5102,2,1.22,2,26.8507,2,53.0,2,0.10800000000000001,2
P4,2,389.0,2,5.5086,2,1.22,2,26.8508,2,53.0,2,0.107,2
P4,2,390.0,2,5.5092,2,1.22,2,26.8507,2,53.1,2,0.107,2
P4,2,391.0,2,5.5075,2,1.22,2,26.8507,2,53.2,2,0.105,2
P4,2,392.0,2,5.5053,2,1.22,2,26.851,2,53.1,2,0.106,2
P4,2,393.0,2,5.5042,2,1.21,2,26.8513,2,52.7,2,0.10800000000000001,2
P4,2,394.3,2,5.5048,2,1.19,2,26.8521,2,51.7,2,0.109,2
P4,2,395.0,2,5.5047,2,1.18,2,26.853,2,51.5,2,0.106,2
P4,2,396.0,2,5.5044,2,1.17,2,26.8557,2,51.0,2,0.107,2
P4,2,397.0,2,5.5035,2,1.16,2,26.8577,2,50.5,2,0.107,2
P4,2,398.0,2,5.5012,2,1.15,2,26.859,2,50.0,2,0.107,2
P4,2,399.0,2,5.4996,2,1.14,2,26.8603,2,49.6,2,0.107,2
P4,2,399.9,2,5.4938,2,1.12,2,26.8631,2,48.6,2,0.10800000000000001,2
P4,2,401.0,2,5.4875,2,1.1,2,26.8664,2,47.8,2,0.10300000000000001,2
P4,2,402.0,2,5.4758,2,1.09,2,26.8703,2,47.3,2,0.10800000000000001,2
P4,2,403.0,2,5.4719,2,1.08,2,26.8719,2,47.1,2,0.111,2
P4,2,404.0,2,5.468999999999999,2,1.08,2,26.8726,2,46.8,2,0.106,2
P4,2,405.0,2,5.4609,2,1.08,2,26.8743,2,46.7,2,0.109,2
P4,2,406.1,2,5.452000000000001,2,1.07,2,26.8759,2,46.5,2,0.109,2
P4,2,406.9,2,5.4446,2,1.06,2,26.8782,2,46.0,2,0.10800000000000001,2
P4,2,408.0,2,5.4438,2,1.05,2,26.8793,2,45.6,2,0.11,2
P4,2,409.0,2,5.444,2,1.06,2,26.8798,2,45.9,2,0.109,2
P4,2,410.0,2,5.4427,2,1.05,2,26.8806,2,45.5,2,0.11,2
P4,2,411.0,2,5.4442,2,1.03,2,26.8816,2,44.9,2,0.109,2
P4,2,412.0,2,5.4431,2,1.02,2,26.8825,2,44.5,2,0.10800000000000001,2
P4,2,413.0,2,5.4422,2,1.0,2,26.8854,2,43.6,2,0.107,2
P4,2,414.0,2,5.4371,2,0.99,2,26.8912,2,42.9,2,0.10800000000000001,2
P4,2,415.0,2,5.4337,2,0.98,2,26.8917,2,42.5,2,0.107,2
P4,2,416.0,2,5.4342,2,0.98,2,26.892,2,42.6,2,0.107,2
P4,2,417.0,2,5.4296,2,0.99,2,26.893,2,42.8,2,0.10800000000000001,2
P4,2,418.0,2,5.4149,2,0.98,2,26.8946,2,42.4,2,0.106,2
P4,2,419.1,2,5.3967,2,0.99,2,26.8958,2,43.0,2,0.107,2
P4,2,420.0,2,5.3253,2,1.0,2,26.8996,2,43.6,2,0.106,2
P4,2,421.0,2,5.3147,2,1.0,2,26.9,2,43.6,2,0.105,2
P4,2,422.0,2,5.3011,2,1.0,2,26.9011,2,43.3,2,0.107,2
P4,2,423.0,2,5.2595,2,0.99,2,26.9048,2,42.9,2,0.106,2
P4,2,424.0,2,5.2496,2,0.98,2,26.9074,2,42.7,2,0.109,2
P4,2,425.0,2,5.2514,2,0.98,2,26.9075,2,42.4,2,0.10400000000000001,2
P4,2,426.0,2,5.2508,2,0.97,2,26.9095,2,42.3,2,0.107,2
P4,2,427.0,2,5.2459,2,0.97,2,26.9121,2,42.0,2,0.10800000000000001,2
P4,2,428.0,2,5.2443,2,0.96,2,26.9125,2,41.8,2,0.11,2
P4,2,429.0,2,5.24,2,0.96,2,26.9125,2,41.9,2,0.10800000000000001,2
P4,2,430.0,2,5.2381,2,0.97,2,26.9127,2,42.1,2,0.107,2
P4,2,431.0,2,5.2374,2,0.97,2,26.9127,2,42.0,2,0.109,2
P4,2,432.0,2,5.2381,2,0.95,2,26.9132,2,41.5,2,0.106,2
P4,2,433.0,2,5.2418,2,0.94,2,26.9154,2,41.0,2,0.106,2
P4,2,434.0,2,5.2411,2,0.94,2,26.9163,2,41.0,2,0.10800000000000001,2
P4,2,434.9,2,5.2394,2,0.93,2,26.9168,2,40.6,2,0.106,2
P4,2,436.0,2,5.2462,2,0.92,2,26.9181,2,39.9,2,0.10800000000000001,2
P4,2,437.0,2,5.2569,2,0.9,2,26.92,2,39.3,2,0.107,2
P4,2,438.0,2,5.2676,2,0.89,2,26.9215,2,38.7,2,0.107,2
P4,2,439.0,2,5.2782,2,0.88,2,26.9221,2,38.1,2,0.11,2
P4,2,440.0,2,5.3026,2,0.87,2,26.9243,2,37.7,2,0.106,2
P4,2,441.0,2,5.3161,2,0.86,2,26.9263,2,37.2,2,0.10800000000000001,2
P4,2,442.0,2,5.3186,2,0.85,2,26.9265,2,37.1,2,0.111,2
P4,2,443.0,2,5.3201,2,0.85,2,26.927,2,37.0,2,0.10800000000000001,2
P4,2,444.0,2,5.322,2,0.84,2,26.9276,2,36.7,2,0.106,2
P4,2,445.0,2,5.334,2,0.84,2,26.9284,2,36.6,2,0.10800000000000001,2
P4,2,446.0,2,5.3119,2,0.84,2,26.9303,2,36.6,2,0.10800000000000001,2
P4,2,447.0,2,5.2909,2,0.84,2,26.9319,2,36.6,2,0.106,2
P4,2,448.0,2,5.295,2,0.83,2,26.9321,2,36.2,2,0.10800000000000001,2
P4,2,449.0,2,5.2626,2,0.83,2,26.9343,2,36.0,2,0.109,2
P4,2,450.0,2,5.2381,2,0.83,2,26.9379,2,36.0,2,0.105,2
P4,2,451.0,2,5.2292,2,0.83,2,26.9385,2,36.1,2,0.107,2
P4,2,452.0,2,5.2147,2,0.83,2,26.9396,2,36.2,2,0.10800000000000001,2
P4,2,453.0,2,5.2099,2,0.83,2,26.94,2,35.9,2,0.106,2
P4,2,454.1,2,5.2042,2,0.81,2,26.9413,2,35.4,2,0.109,2
P4,2,455.0,2,5.2043,2,0.82,2,26.941999999999997,2,35.6,2,0.10800000000000001,2
P4,2,456.0,2,5.2064,2,0.81,2,26.9427,2,35.3,2,0.109,2
P4,2,457.0,2,5.2066,2,0.8,2,26.943,2,35.0,2,0.109,2
P4,2,458.0,2,5.2001,2,0.81,2,26.9443,2,35.2,2,0.109,2
P4,2,459.0,2,5.1964,2,0.81,2,26.9447,2,35.0,2,0.10800000000000001,2
P4,2,460.0,2,5.1903,2,0.8,2,26.9451,2,35.0,2,0.11,2
P4,2,461.0,2,5.181,2,0.8,2,26.9469,2,34.6,2,0.107,2
P4,2,462.0,2,5.1769,2,0.78,2,26.9482,2,33.8,2,0.107,2
P4,2,463.0,2,5.1813,2,0.77,2,26.9511,2,33.5,2,0.11,2
P4,2,464.0,2,5.1855,2,0.76,2,26.9532,2,33.2,2,0.11,2
P4,2,465.0,2,5.1876,2,0.75,2,26.9552,2,32.8,2,0.10800000000000001,2
P4,2,466.0,2,5.1871,2,0.75,2,26.9566,2,32.6,2,0.11,2
P4,2,467.0,2,5.1897,2,0.75,2,26.9571,2,32.4,2,0.11,2
P4,2,468.0,2,5.1913,2,0.75,2,26.9575,2,32.6,2,0.10800000000000001,2
P4,2,469.0,2,5.1927,2,0.75,2,26.9577,2,32.5,2,0.109,2
P4,2,470.0,2,5.1952,2,0.74,2,26.9582,2,32.1,2,0.10800000000000001,2
P4,2,471.0,2,5.1964,2,0.74,2,26.9583,2,32.0,2,0.107,2
P4,2,472.0,2,5.1972,2,0.73,2,26.9585,2,31.9,2,0.111,2
P4,2,473.0,2,5.1994,2,0.72,2,26.9589,2,31.3,2,0.114,2
P4,2,474.0,2,5.2103,2,0.7,2,26.9623,2,30.5,2,0.111,2
P4,2,475.0,2,5.2178,2,0.69,2,26.965999999999998,2,30.0,2,0.10800000000000001,2
P4,2,476.0,2,5.2174,2,0.68,2,26.9672,2,29.6,2,0.109,2
P4,2,477.0,2,5.2176,2,0.68,2,26.9676,2,29.7,2,0.109,2
P4,2,478.0,2,5.2165,2,0.67,2,26.968000000000004,2,29.3,2,0.107,2
P4,2,479.0,2,5.2151,2,0.68,2,26.9684,2,29.6,2,0.109,2
P4,2,480.0,2,5.2126,2,0.68,2,26.969,2,29.4,2,0.11,2
P4,2,481.0,2,5.2094,2,0.67,2,26.9698,2,29.1,2,0.109,2
P4,2,482.0,2,5.2054,2,0.67,2,26.9709,2,29.0,2,0.111,2
P4,2,483.0,2,5.1984,2,0.66,2,26.9721,2,28.6,2,0.10800000000000001,2
P4,2,484.0,2,5.1877,2,0.65,2,26.9747,2,28.1,2,0.107,2
P4,2,485.0,2,5.1849,2,0.65,2,26.9765,2,28.2,2,0.106,2
P4,2,486.0,2,5.1695,2,0.65,2,26.9779,2,28.1,2,0.107,2
P4,2,487.0,2,5.1579,2,0.64,2,26.9802,2,27.7,2,0.11,2
P4,2,488.0,2,5.1562,2,0.63,2,26.9819,2,27.3,2,0.10800000000000001,2
P4,2,489.0,2,5.1527,2,0.63,2,26.9845,2,27.3,2,0.11,2
P4,2,490.0,2,5.1517,2,0.62,2,26.987,2,26.8,2,0.109,2
P4,2,491.0,2,5.1532,2,0.61,2,26.9874,2,26.6,2,0.10800000000000001,2
P4,2,492.0,2,5.1536,2,0.62,2,26.9874,2,27.0,2,0.11,2
P4,2,493.0,2,5.1539,2,0.62,2,26.9874,2,27.0,2,0.107,2
P4,2,494.0,2,5.154,2,0.61,2,26.9874,2,26.5,2,0.11,2
P4,2,495.0,2,5.1535,2,0.62,2,26.9874,2,26.7,2,0.109,2
P4,2,496.0,2,5.1503,2,0.61,2,26.9879,2,26.6,2,0.11199999999999999,2
P4,2,497.0,2,5.1456,2,0.61,2,26.9882,2,26.6,2,0.109,2
P4,2,498.0,2,5.1417,2,0.62,2,26.9887,2,26.7,2,0.107,2
P4,2,499.0,2,5.1422,2,0.61,2,26.9886,2,26.7,2,0.11,2
P4,2,500.0,2,5.1431,2,0.61,2,26.9885,2,26.3,2,0.109,2
P4,2,501.0,2,5.1434,2,0.6,2,26.9886,2,26.2,2,0.10800000000000001,2
P4,2,502.0,2,5.1444,2,0.61,2,26.9893,2,26.3,2,0.106,2
P4,2,503.0,2,5.1419,2,0.6,2,26.9898,2,26.0,2,0.109,2
P4,2,504.0,2,5.1266,2,0.59,2,26.9916,2,25.8,2,0.10800000000000001,2
P4,2,505.0,2,5.111000000000001,2,0.59,2,26.994,2,25.8,2,0.106,2
P4,2,505.7,2,5.0985,2,0.59,2,26.9969,2,25.8,2,0.10800000000000001,2
P4,2,507.0,2,5.0796,2,0.58,2,26.9984,2,25.2,2,0.109,2
P4,2,508.0,2,5.0746,2,0.58,2,26.9989,2,25.2,2,0.109,2
P4,2,509.0,2,5.0666,2,0.58,2,26.9998,2,25.1,2,0.10800000000000001,2
P4,2,510.0,2,5.062,2,0.57,2,27.0006,2,24.8,2,0.10800000000000001,2
P4,2,511.0,2,5.0525,2,0.57,2,27.0019,2,24.6,2,0.10800000000000001,2
P4,2,512.0,2,5.0439,2,0.56,2,27.0027,2,24.6,2,0.11,2
P4,2,513.0,2,5.0391,2,0.57,2,27.0033,2,24.6,2,0.109,2
P4,2,514.0,2,5.0362,2,0.56,2,27.0038,2,24.5,2,0.109,2
P4,2,515.0,2,5.034,2,0.57,2,27.0042,2,24.6,2,0.107,2
P4,2,516.0,2,5.0314,2,0.56,2,27.0047,2,24.5,2,0.109,2
P4,2,517.0,2,5.0306,2,0.56,2,27.0049,2,24.3,2,0.11,2
P4,2,518.0,2,5.0280000000000005,2,0.56,2,27.0052,2,24.4,2,0.10800000000000001,2
P4,2,519.0,2,5.0258,2,0.56,2,27.0057,2,24.2,2,0.10800000000000001,2
P4,2,520.0,2,5.0179,2,0.54,2,27.006999999999998,2,23.6,2,0.11,2
P4,2,521.0,2,5.0097,2,0.55,2,27.0087,2,23.7,2,0.107,2
P4,2,522.0,2,5.006,2,0.55,2,27.0091,2,23.9,2,0.107,2
P4,2,523.0,2,5.0031,2,0.55,2,27.0094,2,23.8,2,0.111,2
P4,2,524.0,2,4.9999,2,0.55,2,27.0097,2,23.7,2,0.11,2
P4,2,525.0,2,4.9961,2,0.54,2,27.01,2,23.4,2,0.111,2
P4,2,526.0,2,4.9882,2,0.54,2,27.0108,2,23.3,2,0.109,2
P4,2,527.0,2,4.98,2,0.54,2,27.0122,2,23.5,2,0.11,2
P4,2,528.0,2,4.9782,2,0.54,2,27.0124,2,23.5,2,0.11,2
P4,2,529.0,2,4.977,2,0.54,2,27.013,2,23.4,2,0.11,2
P4,2,530.0,2,4.9756,2,0.53,2,27.0132,2,23.0,2,0.11,2
P4,2,531.0,2,4.9612,2,0.52,2,27.0168,2,22.5,2,0.10800000000000001,2
P4,2,532.0,2,4.9482,2,0.51,2,27.0203,2,22.3,2,0.11,2
P4,2,533.0,2,4.9395,2,0.51,2,27.0226,2,22.3,2,0.11,2
P4,2,534.0,2,4.9391,2,0.51,2,27.0228,2,22.3,2,0.11,2
P4,2,535.0,2,4.939,2,0.51,2,27.0228,2,22.3,2,0.106,2
P4,2,536.0,2,4.9391,2,0.51,2,27.0228,2,22.2,2,0.10800000000000001,2
P4,2,537.0,2,4.938,2,0.5,2,27.0237,2,21.9,2,0.10800000000000001,2
P4,2,538.0,2,4.9359,2,0.5,2,27.0253,2,21.8,2,0.109,2
P4,2,539.0,2,4.9334,2,0.5,2,27.0274,2,21.6,2,0.109,2
P4,2,540.0,2,4.9302,2,0.49,2,27.0296,2,21.3,2,0.106,2
P4,2,541.0,2,4.9269,2,0.48,2,27.0307,2,20.9,2,0.11,2
P4,2,542.0,2,4.9182,2,0.47,2,27.0334,2,20.6,2,0.11,2
P4,2,543.0,2,4.9067,2,0.47,2,27.0368,2,20.4,2,0.11,2
P4,2,544.0,2,4.9019,2,0.46,2,27.038,2,20.1,2,0.109,2
P4,2,545.0,2,4.8971,2,0.46,2,27.0394,2,19.8,2,0.106,2
P4,2,546.0,2,4.8888,2,0.46,2,27.0418,2,19.8,2,0.11,2
P4,2,547.0,2,4.8778,2,0.46,2,27.0436,2,19.9,2,0.109,2
P4,2,547.7,2,4.8762,2,0.45,2,27.0439,2,19.7,2,0.107,2
P4,2,549.0,2,4.8705,2,0.45,2,27.0454,2,19.4,2,0.11,2
P4,2,550.0,2,4.8632,2,0.44,2,27.0483,2,19.3,2,0.109,2
P4,2,551.0,2,4.8606,2,0.44,2,27.0508,2,18.9,2,0.11,2
P4,2,552.0,2,4.8606,2,0.43,2,27.051,2,18.7,2,0.109,2
P4,2,553.0,2,4.8607,2,0.44,2,27.051,2,18.9,2,0.11,2
P4,2,554.0,2,4.8596,2,0.43,2,27.0514,2,18.9,2,0.111,2
P4,2,555.0,2,4.853,2,0.44,2,27.0536,2,19.0,2,0.10800000000000001,2
P4,2,556.0,2,4.8563,2,0.43,2,27.0524,2,18.5,2,0.11199999999999999,2
P4,2,557.0,2,4.8422,2,0.41,2,27.0571,2,18.0,2,0.11,2
P4,2,558.0,2,4.8385,2,0.42,2,27.0583,2,18.1,2,0.109,2
P4,2,559.0,2,4.8372,2,0.42,2,27.0587,2,18.2,2,0.11,2
P4,2,560.0,2,4.8317,2,0.42,2,27.0604,2,18.1,2,0.11,2
P4,2,561.0,2,4.834,2,0.41,2,27.06,2,17.8,2,0.10800000000000001,2
P4,2,562.0,2,4.8298,2,0.4,2,27.0609,2,17.5,2,0.109,2
P4,2,563.0,2,4.8136,2,0.41,2,27.0658,2,17.6,2,0.11,2
P4,2,564.4,2,4.8117,2,0.41,2,27.066,2,17.6,2,0.11,2
P4,2,565.0,2,4.8036,2,0.4,2,27.0669,2,17.4,2,0.111,2
P4,2,566.0,2,4.7954,2,0.39,2,27.0675,2,17.0,2,0.11,2
P4,2,567.0,2,4.7815,2,0.39,2,27.0686,2,16.9,2,0.109,2
P4,2,568.0,2,4.7573,2,0.38,2,27.0718,2,16.7,2,0.10800000000000001,2
P4,2,569.0,2,4.7536,2,0.38,2,27.0742,2,16.5,2,0.113,2
P4,2,570.0,2,4.7556,2,0.38,2,27.0761,2,16.7,2,0.109,2
P4,2,570.8,2,4.7563,2,0.39,2,27.0772,2,16.8,2,0.113,2
P4,2,572.0,2,4.7518,2,0.37,2,27.0783,2,16.1,2,0.11,2
P4,2,573.0,2,4.7464,2,0.37,2,27.0796,2,16.2,2,0.11,2
P4,2,574.0,2,4.7396,2,0.37,2,27.08,2,16.2,2,0.11199999999999999,2
P4,2,575.0,2,4.7301,2,0.37,2,27.0808,2,16.2,2,0.109,2
P4,2,576.0,2,4.7215,2,0.37,2,27.0815,2,16.1,2,0.10800000000000001,2
P4,2,577.0,2,4.7184,2,0.37,2,27.0818,2,16.1,2,0.10800000000000001,2
P4,2,578.0,2,4.7142,2,0.37,2,27.0827,2,15.9,2,0.109,2
P4,2,579.0,2,4.7065,2,0.36,2,27.0839,2,15.7,2,0.109,2
P4,2,580.0,2,4.7024,2,0.36,2,27.0842,2,15.7,2,0.111,2
P4,2,581.0,2,4.7016,2,0.36,2,27.0849,2,15.8,2,0.113,2
P4,2,582.0,2,4.7015,2,0.36,2,27.085,2,15.8,2,0.109,2
P4,2,583.0,2,4.7017,2,0.36,2,27.0852,2,15.5,2,0.11,2
P4,2,584.0,2,4.7016,2,0.36,2,27.0853,2,15.6,2,0.106,2
P4,2,585.0,2,4.7019,2,0.37,2,27.0855,2,15.9,2,0.109,2
P4,2,586.0,2,4.7029,2,0.37,2,27.0855,2,15.9,2,0.11,2
P4,2,587.0,2,4.7045,2,0.37,2,27.0856,2,15.9,2,0.11,2
P4,2,588.0,2,4.7069,2,0.36,2,27.086,2,15.7,2,0.109,2
P4,2,589.0,2,4.705,2,0.36,2,27.0859,2,15.6,2,0.11,2
P4,2,590.0,2,4.7058,2,0.36,2,27.0859,2,15.6,2,0.109,2
P4,2,591.0,2,4.7088,2,0.35,2,27.0883,2,15.3,2,0.11,2
P4,2,592.0,2,4.7056,2,0.34,2,27.0912,2,15.0,2,0.11,2
P4,2,593.0,2,4.7033,2,0.35,2,27.0924,2,15.2,2,0.113,2
P4,2,594.0,2,4.6985,2,0.34,2,27.0935,2,15.0,2,0.10800000000000001,2
P4,2,595.0,2,4.6955,2,0.34,2,27.094,2,15.0,2,0.10800000000000001,2
P4,2,596.0,2,4.6933,2,0.34,2,27.0943,2,14.8,2,0.10800000000000001,2
P4,2,597.0,2,4.6919,2,0.34,2,27.0947,2,14.9,2,0.11,2
P4,2,598.0,2,4.6915,2,0.35,2,27.0949,2,15.1,2,0.10800000000000001,2
P4,2,599.0,2,4.6909,2,0.35,2,27.0953,2,15.2,2,0.107,2
P4,2,600.0,2,4.6905,2,0.34,2,27.0956,2,15.0,2,0.109,2
P4,2,600.8,2,4.6901,2,0.34,2,27.0961,2,15.0,2,0.11199999999999999,2
P4,2,602.1,2,4.6876,2,0.34,2,27.096999999999998,2,14.9,2,0.109,2
P4,2,603.0,2,4.6864,2,0.34,2,27.0974,2,14.7,2,0.10800000000000001,2
P4,2,604.0,2,4.6848,2,0.33,2,27.0979,2,14.5,2,0.111,2
P4,2,605.0,2,4.6683,2,0.33,2,27.1032,2,14.4,2,0.109,2
P4,2,606.0,2,4.6596,2,0.33,2,27.1059,2,14.3,2,0.107,2
P4,2,607.0,2,4.6539,2,0.33,2,27.1074,2,14.2,2,0.11199999999999999,2
P4,2,608.0,2,4.6483,2,0.32,2,27.1089,2,14.1,2,0.111,2
P4,2,609.0,2,4.6466,2,0.32,2,27.1093,2,14.1,2,0.11199999999999999,2
P4,2,610.0,2,4.645,2,0.33,2,27.1097,2,14.3,2,0.111,2
P4,2,611.0,2,4.6431,2,0.32,2,27.1103,2,14.0,2,0.11,2
P4,2,612.0,2,4.6409,2,0.32,2,27.1109,2,14.1,2,0.11,2
P4,2,613.0,2,4.6388,2,0.32,2,27.1114,2,14.1,2,0.109,2
P4,2,614.0,2,4.6285,2,0.32,2,27.1141,2,13.8,2,0.113,2
P4,2,615.0,2,4.6244,2,0.32,2,27.1153,2,13.8,2,0.11199999999999999,2
P4,2,616.0,2,4.6204,2,0.31,2,27.1165,2,13.6,2,0.10800000000000001,2
P4,2,617.0,2,4.618,2,0.31,2,27.116999999999997,2,13.7,2,0.111,2
P4,2,618.0,2,4.612,2,0.31,2,27.1189,2,13.6,2,0.11,2
P4,2,619.0,2,4.6059,2,0.31,2,27.1209,2,13.4,2,0.11,2
P4,2,620.0,2,4.5962,2,0.31,2,27.1239,2,13.5,2,0.113,2
P4,2,621.0,2,4.5932,2,0.31,2,27.1246,2,13.5,2,0.11199999999999999,2
P4,2,622.0,2,4.5887,2,0.3,2,27.125999999999998,2,13.2,2,0.11,2
P4,2,623.0,2,4.5871,2,0.3,2,27.1266,2,13.1,2,0.11199999999999999,2
P4,2,624.0,2,4.5864,2,0.31,2,27.1266,2,13.3,2,0.113,2
P4,2,625.0,2,4.5859,2,0.31,2,27.1268,2,13.3,2,0.10800000000000001,2
P4,2,626.0,2,4.5845,2,0.3,2,27.1274,2,13.1,2,0.11199999999999999,2
P4,2,627.0,2,4.5828,2,0.3,2,27.1277,2,13.0,2,0.11,2
P4,2,628.0,2,4.5827,2,0.3,2,27.1278,2,13.0,2,0.10800000000000001,2
P4,2,629.0,2,4.5831,2,0.31,2,27.1278,2,13.3,2,0.106,2
P4,2,630.0,2,4.5836,2,0.31,2,27.1276,2,13.3,2,0.107,2
P4,2,631.0,2,4.5833,2,0.31,2,27.1278,2,13.3,2,0.106,2
P4,2,632.0,2,4.58,2,0.31,2,27.1286,2,13.3,2,0.10800000000000001,2
P4,2,633.1,2,4.5807,2,0.3,2,27.1286,2,13.0,2,0.11,2
P4,2,633.9,2,4.5821,2,0.3,2,27.1281,2,13.0,2,0.11,2
P4,2,635.0,2,4.5801,2,0.3,2,27.1287,2,13.1,2,0.11,2
P4,2,636.0,2,4.579,2,0.3,2,27.129,2,13.1,2,0.11,2
P4,2,637.0,2,4.5781,2,0.3,2,27.1292,2,13.2,2,0.11,2
P4,2,638.0,2,4.5773,2,0.3,2,27.1294,2,13.2,2,0.10800000000000001,2
P4,2,639.0,2,4.5776,2,0.3,2,27.1293,2,13.2,2,0.113,2
P4,2,640.0,2,4.5768,2,0.3,2,27.1296,2,13.2,2,0.11,2
P4,2,641.1,2,4.5772,2,0.3,2,27.1294,2,13.1,2,0.11199999999999999,2
P4,2,642.0,2,4.5773,2,0.3,2,27.1294,2,13.0,2,0.107,2
P4,2,643.0,2,4.5727,2,0.29,2,27.1308,2,12.6,2,0.11,2
P4,2,644.0,2,4.5699,2,0.29,2,27.1315,2,12.8,2,0.11,2
P4,2,645.0,2,4.5676,2,0.3,2,27.1321,2,13.0,2,0.11,2
P4,2,646.0,2,4.5646,2,0.3,2,27.1327,2,12.9,2,0.11,2
P4,2,647.0,2,4.5554,2,0.29,2,27.1348,2,12.5,2,0.11,2
P4,2,648.0,2,4.5484,2,0.28,2,27.1364,2,12.3,2,0.11,2
P4,2,648.9,2,4.5396,2,0.28,2,27.1387,2,12.4,2,0.11,2
P4,2,650.2,2,4.5236,2,0.28,2,27.1423,2,12.4,2,0.11199999999999999,2
P4,2,651.0,2,4.5197,2,0.28,2,27.1432,2,12.0,2,0.11,2
P4,2,652.0,2,4.5143,2,0.28,2,27.1446,2,12.1,2,0.107,2
P4,2,653.0,2,4.5125,2,0.28,2,27.1454,2,12.3,2,0.109,2
P4,2,654.0,2,4.512,2,0.28,2,27.1454,2,12.1,2,0.10800000000000001,2
P4,2,655.0,2,4.5111,2,0.28,2,27.1458,2,12.0,2,0.11,2
P4,2,656.0,2,4.5106,2,0.28,2,27.146,2,12.1,2,0.10800000000000001,2
P4,2,657.0,2,4.5102,2,0.28,2,27.1462,2,12.0,2,0.11,2
P4,2,658.0,2,4.5089,2,0.27,2,27.147,2,11.7,2,0.11199999999999999,2
P4,2,659.0,2,4.5078,2,0.27,2,27.1474,2,11.8,2,0.109,2
P4,2,660.0,2,4.5065,2,0.28,2,27.1478,2,12.0,2,0.11,2
P4,2,661.0,2,4.5053,2,0.28,2,27.148000000000003,2,12.1,2,0.10800000000000001,2
P4,2,662.0,2,4.5052,2,0.28,2,27.1481,2,12.1,2,0.11,2
P4,2,663.0,2,4.5053,2,0.28,2,27.148000000000003,2,12.1,2,0.11,2
P4,2,664.0,2,4.5052,2,0.28,2,27.1481,2,12.0,2,0.111,2
P4,2,665.0,2,4.5042,2,0.27,2,27.1483,2,11.6,2,0.11,2
P4,2,666.0,2,4.5024,2,0.27,2,27.1488,2,11.7,2,0.11,2
P4,2,667.0,2,4.4989,2,0.28,2,27.1495,2,12.0,2,0.109,2
P4,2,668.0,2,4.4908,2,0.27,2,27.1513,2,11.9,2,0.11,2
P4,2,669.0,2,4.4878,2,0.27,2,27.1519,2,11.9,2,0.109,2
P4,2,670.0,2,4.4866,2,0.27,2,27.151999999999997,2,11.7,2,0.111,2
P4,2,671.0,2,4.4845,2,0.26,2,27.1525,2,11.4,2,0.11199999999999999,2
P4,2,672.0,2,4.4821,2,0.27,2,27.1533,2,11.7,2,0.11199999999999999,2
P4,2,673.0,2,4.4798,2,0.27,2,27.1539,2,11.7,2,0.11,2
P4,2,674.0,2,4.4792,2,0.27,2,27.1541,2,11.7,2,0.11,2
P4,2,675.0,2,4.4784,2,0.27,2,27.1542,2,11.6,2,0.11199999999999999,2
P4,2,676.0,2,4.4781,2,0.27,2,27.1543,2,11.6,2,0.111,2
P4,2,677.0,2,4.4785,2,0.26,2,27.1545,2,11.5,2,0.109,2
P4,2,678.0,2,4.4786,2,0.26,2,27.1545,2,11.4,2,0.11199999999999999,2
P4,2,679.1,2,4.4781,2,0.27,2,27.1547,2,11.6,2,0.111,2
P4,2,680.0,2,4.4774,2,0.26,2,27.1549,2,11.5,2,0.111,2
P4,2,680.9,2,4.4711,2,0.26,2,27.1561,2,11.5,2,0.11,2
P4,2,682.0,2,4.4558,2,0.26,2,27.1591,2,11.2,2,0.11199999999999999,2
P4,2,683.0,2,4.4510000000000005,2,0.25,2,27.1597,2,11.0,2,0.114,2
P4,2,684.0,2,4.4484,2,0.26,2,27.1602,2,11.2,2,0.11199999999999999,2
P4,2,685.0,2,4.4404,2,0.25,2,27.1614,2,11.0,2,0.109,2
P4,2,686.0,2,4.4334,2,0.25,2,27.1622,2,10.7,2,0.107,2
P4,2,687.0,2,4.4199,2,0.25,2,27.165,2,10.9,2,0.11,2
P4,2,688.0,2,4.4153,2,0.25,2,27.1663,2,10.7,2,0.111,2
P4,2,689.0,2,4.4117,2,0.25,2,27.1673,2,10.8,2,0.11,2
P4,2,690.0,2,4.4075,2,0.25,2,27.1691,2,10.7,2,0.109,2
P4,2,691.0,2,4.4005,2,0.24,2,27.1709,2,10.6,2,0.11,2
P4,2,692.0,2,4.3882,2,0.25,2,27.1742,2,10.6,2,0.109,2
P4,2,693.0,2,4.3861,2,0.24,2,27.1748,2,10.3,2,0.11,2
P4,2,694.0,2,4.3857,2,0.24,2,27.1748,2,10.4,2,0.11199999999999999,2
P4,2,695.0,2,4.3844,2,0.24,2,27.175,2,10.6,2,0.113,2
P4,2,696.1,2,4.3829,2,0.24,2,27.1755,2,10.6,2,0.111,2
P4,2,696.9,2,4.3822,2,0.24,2,27.1755,2,10.4,2,0.11199999999999999,2
P4,2,698.0,2,4.3813,2,0.24,2,27.1756,2,10.3,2,0.11199999999999999,2
P4,2,699.0,2,4.3807,2,0.24,2,27.1755,2,10.5,2,0.111,2
P4,2,700.0,2,4.3772,2,0.24,2,27.176,2,10.6,2,0.11,2
P4,2,701.0,2,4.3766,2,0.24,2,27.1762,2,10.4,2,0.11,2
P4,2,702.0,2,4.3762,2,0.24,2,27.1763,2,10.3,2,0.11199999999999999,2
P4,2,703.0,2,4.373,2,0.23,2,27.1769,2,10.2,2,0.11199999999999999,2
P4,2,703.8,2,4.3649,2,0.23,2,27.1797,2,10.1,2,0.11199999999999999,2
P4,2,705.0,2,4.3584,2,0.24,2,27.1811,2,10.3,2,0.11,2
P4,2,706.0,2,4.3549,2,0.23,2,27.1818,2,10.1,2,0.11,2
P4,2,707.0,2,4.3509,2,0.23,2,27.1827,2,10.0,2,0.111,2
P4,2,708.0,2,4.349,2,0.23,2,27.1829,2,10.0,2,0.111,2
P4,2,709.0,2,4.3485,2,0.23,2,27.1829,2,10.0,2,0.10800000000000001,2
P4,2,710.0,2,4.3472,2,0.23,2,27.1828,2,10.0,2,0.11,2
P4,2,711.0,2,4.3471,2,0.23,2,27.183000000000003,2,10.0,2,0.111,2
P4,2,712.1,2,4.3462,2,0.23,2,27.1833,2,10.0,2,0.111,2
P4,2,712.9,2,4.3461,2,0.23,2,27.1831,2,9.8,2,0.109,2
P4,2,714.0,2,4.3468,2,0.23,2,27.183000000000003,2,10.0,2,0.11,2
P4,2,715.0,2,4.3459,2,0.23,2,27.183000000000003,2,10.0,2,0.11199999999999999,2
P4,2,716.0,2,4.345,2,0.23,2,27.1831,2,10.0,2,0.11,2
P4,2,717.0,2,4.3433,2,0.23,2,27.1835,2,10.0,2,0.109,2
P4,2,718.1,2,4.3413,2,0.22,2,27.184,2,9.8,2,0.11199999999999999,2
P4,2,718.9,2,4.3394,2,0.22,2,27.1843,2,9.7,2,0.11199999999999999,2
P4,2,720.0,2,4.3351,2,0.22,2,27.1851,2,9.7,2,0.113,2
P4,2,721.0,2,4.323,2,0.23,2,27.188000000000002,2,9.9,2,0.114,2
P4,2,722.0,2,4.3199,2,0.23,2,27.189,2,9.9,2,0.11199999999999999,2
P4,2,723.0,2,4.3186,2,0.23,2,27.1896,2,9.9,2,0.11199999999999999,2
P4,2,724.0,2,4.3180000000000005,2,0.22,2,27.1897,2,9.8,2,0.111,2
P4,2,725.0,2,4.3142,2,0.22,2,27.1908,2,9.6,2,0.10800000000000001,2
P4,2,726.1,2,4.3137,2,0.22,2,27.191,2,9.6,2,0.11199999999999999,2
P4,2,726.9,2,4.3107,2,0.22,2,27.1917,2,9.5,2,0.11199999999999999,2
P4,2,728.0,2,4.2925,2,0.22,2,27.1953,2,9.7,2,0.114,2
P4,2,729.0,2,4.2878,2,0.22,2,27.1964,2,9.6,2,0.10800000000000001,2
P4,2,730.0,2,4.2864,2,0.22,2,27.1966,2,9.4,2,0.11199999999999999,2
P4,2,731.2,2,4.2852,2,0.21,2,27.1965,2,9.3,2,0.11199999999999999,2
P4,2,732.0,2,4.2847,2,0.22,2,27.1967,2,9.4,2,0.11,2
P4,2,733.0,2,4.2832,2,0.22,2,27.197,2,9.6,2,0.11,2
P4,2,734.0,2,4.2808,2,0.22,2,27.1976,2,9.6,2,0.11,2
P4,2,735.0,2,4.2786,2,0.22,2,27.1982,2,9.4,2,0.11,2
P4,2,736.0,2,4.2756,2,0.22,2,27.1988,2,9.4,2,0.111,2
P4,2,737.0,2,4.2728,2,0.22,2,27.1996,2,9.4,2,0.11,2
P4,2,738.1,2,4.2716,2,0.22,2,27.1997,2,9.3,2,0.111,2
P4,2,739.0,2,4.2709,2,0.21,2,27.2,2,9.2,2,0.11199999999999999,2
P4,2,740.0,2,4.2709,2,0.22,2,27.2,2,9.4,2,0.111,2
P4,2,741.0,2,4.2669999999999995,2,0.22,2,27.2009,2,9.3,2,0.11,2
P4,2,742.0,2,4.2587,2,0.22,2,27.2031,2,9.4,2,0.111,2
P4,2,743.0,2,4.243,2,0.21,2,27.2072,2,9.3,2,0.109,2
P4,2,744.0,2,4.2381,2,0.21,2,27.2082,2,9.0,2,0.109,2
P4,2,745.0,2,4.2338,2,0.21,2,27.2092,2,9.0,2,0.113,2
P4,2,746.0,2,4.2311,2,0.21,2,27.2099,2,9.0,2,0.10800000000000001,2
P4,2,747.0,2,4.2305,2,0.21,2,27.2101,2,9.0,2,0.107,2
P4,2,748.0,2,4.2285,2,0.21,2,27.2103,2,9.1,2,0.11,2
P4,2,748.9,2,4.2257,2,0.21,2,27.2113,2,9.2,2,0.113,2
P4,2,750.3,2,4.2219999999999995,2,0.2,2,27.212,2,8.9,2,0.114,2
P4,2,751.0,2,4.2192,2,0.2,2,27.2127,2,8.8,2,0.11,2
P4,2,752.0,2,4.2162,2,0.2,2,27.2135,2,8.8,2,0.11,2
P4,2,753.0,2,4.2144,2,0.2,2,27.214000000000002,2,8.9,2,0.11199999999999999,2
P4,2,754.0,2,4.2118,2,0.21,2,27.2146,2,9.0,2,0.11,2
P4,2,755.0,2,4.206,2,0.21,2,27.2159,2,9.0,2,0.11,2
P4,2,756.0,2,4.1975,2,0.21,2,27.218000000000004,2,9.0,2,0.11199999999999999,2
P4,2,757.0,2,4.1918,2,0.2,2,27.2195,2,8.9,2,0.11,2
P4,2,758.0,2,4.1879,2,0.2,2,27.2207,2,8.8,2,0.113,2
P4,2,759.0,2,4.1832,2,0.2,2,27.2223,2,8.6,2,0.11,2
P4,2,760.0,2,4.1771,2,0.2,2,27.224,2,8.7,2,0.11199999999999999,2
P4,2,761.0,2,4.1592,2,0.2,2,27.229,2,8.7,2,0.11,2
P4,2,762.0,2,4.1507,2,0.2,2,27.2315,2,8.6,2,0.111,2
P4,2,763.0,2,4.1489,2,0.19,2,27.2319,2,8.4,2,0.11,2
P4,2,764.0,2,4.1473,2,0.19,2,27.2323,2,8.4,2,0.11199999999999999,2
P4,2,765.0,2,4.1453,2,0.2,2,27.2327,2,8.6,2,0.11,2
P4,2,766.0,2,4.1437,2,0.2,2,27.2332,2,8.6,2,0.111,2
P4,2,767.0,2,4.1422,2,0.2,2,27.2336,2,8.6,2,0.11199999999999999,2
P4,2,768.0,2,4.14,2,0.2,2,27.2344,2,8.7,2,0.11,2
P4,2,769.1,2,4.1375,2,0.2,2,27.2352,2,8.7,2,0.11199999999999999,2
P4,2,769.9,2,4.1345,2,0.19,2,27.236,2,8.4,2,0.11,2
P4,2,771.0,2,4.1323,2,0.19,2,27.2365,2,8.3,2,0.109,2
P4,2,772.0,2,4.1294,2,0.19,2,27.2374,2,8.4,2,0.107,2
P4,2,773.0,2,4.1244,2,0.2,2,27.2391,2,8.6,2,0.109,2
P4,2,774.0,2,4.1217,2,0.2,2,27.2403,2,8.6,2,0.11,2
P4,2,775.0,2,4.1188,2,0.2,2,27.2416,2,8.6,2,0.113,2
P4,2,776.0,2,4.1161,2,0.19,2,27.2424,2,8.4,2,0.11199999999999999,2
P4,2,777.0,2,4.1145,2,0.2,2,27.243000000000002,2,8.5,2,0.111,2
P4,2,777.9,2,4.1134,2,0.2,2,27.2431,2,8.5,2,0.111,2
P4,2,779.0,2,4.1127,2,0.2,2,27.2435,2,8.6,2,0.109,2
P4,2,780.0,2,4.111000000000001,2,0.2,2,27.2441,2,8.6,2,0.11199999999999999,2
P4,2,781.0,2,4.1065,2,0.2,2,27.2454,2,8.5,2,0.113,2
P4,2,782.0,2,4.0986,2,0.2,2,27.2477,2,8.5,2,0.113,2
P4,2,783.0,2,4.0951,2,0.2,2,27.249000000000002,2,8.5,2,0.113,2
P4,2,783.9,2,4.0925,2,0.2,2,27.2496,2,8.6,2,0.109,2
P4,2,785.4,2,4.0913,2,0.19,2,27.2499,2,8.5,2,0.11,2
P4,2,786.0,2,4.0911,2,0.2,2,27.2501,2,8.5,2,0.11,2
P4,2,787.0,2,4.0914,2,0.19,2,27.2502,2,8.5,2,0.11,2
P4,2,788.0,2,4.0903,2,0.19,2,27.2506,2,8.5,2,0.113,2
P4,2,789.0,2,4.0892,2,0.2,2,27.2513,2,8.6,2,0.11199999999999999,2
P4,2,790.0,2,4.0841,2,0.2,2,27.2527,2,8.6,2,0.11,2
P4,2,791.1,2,4.0804,2,0.19,2,27.2539,2,8.5,2,0.111,2
P4,2,792.0,2,4.0754,2,0.19,2,27.255,2,8.4,2,0.114,2
P4,2,793.0,2,4.0738,2,0.19,2,27.2552,2,8.4,2,0.10800000000000001,2
P4,2,794.0,2,4.0723,2,0.19,2,27.2554,2,8.2,2,0.11,2
P4,2,795.0,2,4.0624,2,0.19,2,27.2579,2,8.3,2,0.11,2
P4,2,796.0,2,4.059,2,0.19,2,27.2589,2,8.3,2,0.11,2
P4,2,797.0,2,4.0579,2,0.19,2,27.2592,2,8.3,2,0.11,2
P4,2,798.0,2,4.0546,2,0.19,2,27.2602,2,8.4,2,0.11199999999999999,2
P4,2,799.0,2,4.0522,2,0.19,2,27.2607,2,8.4,2,0.111,2
P4,2,800.0,2,4.0483,2,0.19,2,27.2617,2,8.4,2,0.11,2
P4,2,801.0,2,4.0457,2,0.19,2,27.2625,2,8.4,2,0.11,2
P4,2,802.0,2,4.0436,2,0.19,2,27.2628,2,8.4,2,0.11,2
P4,2,803.0,2,4.0414,2,0.19,2,27.2635,2,8.4,2,0.109,2
P4,2,804.0,2,4.0377,2,0.19,2,27.2644,2,8.4,2,0.113,2
P4,2,804.8,2,4.0346,2,0.19,2,27.2654,2,8.4,2,0.114,2
P4,2,806.0,2,4.0319,2,0.19,2,27.2658,2,8.3,2,0.111,2
P4,2,807.0,2,4.0292,2,0.19,2,27.2665,2,8.5,2,0.109,2
P4,2,808.0,2,4.0253,2,0.2,2,27.2674,2,8.5,2,0.10800000000000001,2
P4,2,809.0,2,4.0215,2,0.19,2,27.2685,2,8.4,2,0.113,2
P4,2,810.0,2,4.0187,2,0.19,2,27.2691,2,8.3,2,0.114,2
P4,2,811.0,2,4.0175,2,0.19,2,27.2694,2,8.4,2,0.11199999999999999,2
P4,2,812.0,2,4.0158,2,0.19,2,27.2697,2,8.4,2,0.11,2
P4,2,813.0,2,4.015,2,0.19,2,27.2699,2,8.4,2,0.11199999999999999,2
P4,2,813.7,2,4.013999999999999,2,0.19,2,27.2703,2,8.3,2,0.11,2
P4,2,815.1,2,4.0101,2,0.19,2,27.2711,2,8.2,2,0.11199999999999999,2
P4,2,816.0,2,4.0049,2,0.19,2,27.2722,2,8.3,2,0.11,2
P4,2,817.0,2,3.9994,2,0.19,2,27.2736,2,8.2,2,0.10800000000000001,2
P4,2,818.0,2,3.9972,2,0.19,2,27.2742,2,8.3,2,0.111,2
P4,2,819.0,2,3.9934,2,0.19,2,27.2749,2,8.3,2,0.113,2
P4,2,820.0,2,3.9883,2,0.19,2,27.2765,2,8.2,2,0.11,2
P4,2,821.0,2,3.9856,2,0.19,2,27.276999999999997,2,8.3,2,0.109,2
P4,2,822.0,2,3.9825,2,0.19,2,27.2778,2,8.2,2,0.11,2
P4,2,823.0,2,3.9809,2,0.19,2,27.2782,2,8.3,2,0.11,2
P4,2,824.0,2,3.9791,2,0.19,2,27.2786,2,8.4,2,0.114,2
P4,2,825.0,2,3.9767,2,0.19,2,27.2794,2,8.3,2,0.113,2
P4,2,826.1,2,3.9752,2,0.19,2,27.2798,2,8.3,2,0.113,2
P4,2,827.0,2,3.9727,2,0.19,2,27.2805,2,8.3,2,0.11199999999999999,2
P4,2,828.0,2,3.9627,2,0.19,2,27.2826,2,8.1,2,0.11,2
P4,2,829.0,2,3.9496,2,0.19,2,27.2858,2,8.3,2,0.11199999999999999,2
P4,2,830.0,2,3.949,2,0.19,2,27.285999999999998,2,8.5,2,0.113,2
P4,2,831.0,2,3.9481,2,0.19,2,27.2862,2,8.3,2,0.11,2
P4,2,832.0,2,3.9476,2,0.19,2,27.2864,2,8.3,2,0.11,2
P4,2,833.0,2,3.9467,2,0.19,2,27.2866,2,8.3,2,0.11199999999999999,2
P4,2,834.0,2,3.9453,2,0.19,2,27.2869,2,8.3,2,0.11,2
P4,2,835.0,2,3.9434,2,0.19,2,27.2875,2,8.3,2,0.111,2
P4,2,836.0,2,3.9435,2,0.19,2,27.2874,2,8.3,2,0.113,2
P4,2,837.0,2,3.9377,2,0.19,2,27.2889,2,8.5,2,0.111,2
P4,2,838.0,2,3.9346,2,0.19,2,27.2898,2,8.2,2,0.11,2
P4,2,839.0,2,3.9305,2,0.19,2,27.2907,2,8.3,2,0.111,2
P4,2,840.0,2,3.9269,2,0.19,2,27.2916,2,8.4,2,0.113,2
P4,2,840.6,2,3.9187,2,0.19,2,27.2936,2,8.4,2,0.11,2
P4,2,842.0,2,3.9136,2,0.19,2,27.2951,2,8.3,2,0.111,2
P4,2,843.0,2,3.9079,2,0.19,2,27.2964,2,8.4,2,0.11,2
P4,2,844.0,2,3.9019999999999997,2,0.19,2,27.2978,2,8.5,2,0.109,2
P4,2,845.0,2,3.8998,2,0.19,2,27.2982,2,8.4,2,0.11199999999999999,2
P4,2,846.0,2,3.8979,2,0.19,2,27.2986,2,8.3,2,0.11,2
P4,2,847.0,2,3.892,2,0.19,2,27.3003,2,8.3,2,0.11199999999999999,2
P4,2,848.0,2,3.891,2,0.19,2,27.3005,2,8.4,2,0.11,2
P4,2,849.0,2,3.8906,2,0.19,2,27.3006,2,8.4,2,0.114,2
P4,2,850.0,2,3.8905,2,0.19,2,27.3006,2,8.4,2,0.113,2
P4,2,851.0,2,3.8901,2,0.19,2,27.3006,2,8.3,2,0.115,2
P4,2,852.0,2,3.887,2,0.2,2,27.3013,2,8.6,2,0.113,2
P4,2,853.0,2,3.883,2,0.19,2,27.3022,2,8.3,2,0.11,2
P4,2,854.0,2,3.8767,2,0.19,2,27.304000000000002,2,8.4,2,0.111,2
P4,2,855.0,2,3.8758,2,0.19,2,27.3042,2,8.5,2,0.11,2
P4,2,856.0,2,3.8744,2,0.19,2,27.3045,2,8.2,2,0.11199999999999999,2
P4,2,857.0,2,3.8735,2,0.19,2,27.3047,2,8.3,2,0.109,2
P4,2,858.0,2,3.8722,2,0.19,2,27.3048,2,8.4,2,0.11,2
P4,2,859.0,2,3.8668,2,0.2,2,27.3059,2,8.6,2,0.11,2
P4,2,860.0,2,3.8615,2,0.19,2,27.3074,2,8.4,2,0.11,2
P4,2,861.0,2,3.86,2,0.19,2,27.3078,2,8.3,2,0.114,2
P4,2,862.0,2,3.86,2,0.19,2,27.3078,2,8.3,2,0.113,2
P4,2,863.0,2,3.8604,2,0.2,2,27.308000000000003,2,8.5,2,0.11199999999999999,2
P4,2,864.0,2,3.8605,2,0.19,2,27.3081,2,8.5,2,0.11,2
P4,2,865.0,2,3.8579,2,0.19,2,27.3087,2,8.4,2,0.109,2
P4,2,866.0,2,3.8551,2,0.19,2,27.3091,2,8.3,2,0.113,2
P4,2,867.0,2,3.8546,2,0.19,2,27.3092,2,8.5,2,0.11199999999999999,2
P4,2,868.0,2,3.8543,2,0.2,2,27.3095,2,8.5,2,0.11199999999999999,2
P4,2,869.0,2,3.8542,2,0.19,2,27.3095,2,8.4,2,0.11199999999999999,2
P4,2,870.0,2,3.8542,2,0.2,2,27.3097,2,8.6,2,0.111,2
P4,2,871.0,2,3.8543,2,0.19,2,27.3096,2,8.5,2,0.109,2
P4,2,872.0,2,3.8526,2,0.19,2,27.3101,2,8.5,2,0.11,2
P4,2,873.0,2,3.85,2,0.19,2,27.3108,2,8.5,2,0.111,2
P4,2,874.0,2,3.8484,2,0.19,2,27.3112,2,8.4,2,0.109,2
P4,2,875.0,2,3.8433,2,0.19,2,27.3124,2,8.5,2,0.111,2
P4,2,876.0,2,3.8396,2,0.2,2,27.3133,2,8.6,2,0.111,2
P4,2,877.0,2,3.8378,2,0.19,2,27.3138,2,8.5,2,0.113,2
P4,2,878.0,2,3.8367,2,0.2,2,27.3141,2,8.5,2,0.11,2
P4,2,879.0,2,3.8360000000000003,2,0.2,2,27.3143,2,8.5,2,0.111,2
P4,2,880.0,2,3.8351,2,0.2,2,27.3144,2,8.5,2,0.11,2
P4,2,881.0,2,3.8351,2,0.2,2,27.3145,2,8.5,2,0.11199999999999999,2
P4,2,882.0,2,3.8337,2,0.2,2,27.3149,2,8.5,2,0.11,2
P4,2,883.0,2,3.8314,2,0.2,2,27.3155,2,8.5,2,0.11,2
P4,2,884.0,2,3.8285,2,0.2,2,27.3161,2,8.5,2,0.113,2
P4,2,885.0,2,3.8222,2,0.2,2,27.3175,2,8.6,2,0.11199999999999999,2
P4,2,886.0,2,3.8113,2,0.2,2,27.3195,2,8.6,2,0.111,2
P4,2,887.0,2,3.8038,2,0.2,2,27.3211,2,8.5,2,0.111,2
P4,2,888.0,2,3.7978,2,0.2,2,27.323,2,8.7,2,0.11,2
P4,2,889.0,2,3.7966,2,0.2,2,27.3233,2,8.8,2,0.11,2
P4,2,890.0,2,3.7954,2,0.2,2,27.3235,2,8.9,2,0.10800000000000001,2
P4,2,891.0,2,3.7937,2,0.21,2,27.3241,2,9.0,2,0.106,2
P4,2,892.0,2,3.7914,2,0.21,2,27.3246,2,9.0,2,0.111,2
P4,2,893.0,2,3.7893,2,0.2,2,27.3251,2,8.7,2,0.11199999999999999,2
P4,2,894.0,2,3.7879,2,0.2,2,27.3255,2,8.7,2,0.11199999999999999,2
P4,2,895.0,2,3.7876,2,0.2,2,27.3256,2,8.7,2,0.111,2
P4,2,896.0,2,3.7868,2,0.2,2,27.3257,2,8.7,2,0.11199999999999999,2
P4,2,897.0,2,3.7864,2,0.2,2,27.3259,2,8.8,2,0.111,2
P4,2,898.0,2,3.786,2,0.2,2,27.326,2,8.8,2,0.114,2
P4,2,899.0,2,3.7848,2,0.2,2,27.3262,2,8.8,2,0.111,2
P4,2,900.0,2,3.7838,2,0.2,2,27.3266,2,8.7,2,0.111,2
P4,2,901.0,2,3.7827,2,0.2,2,27.3268,2,8.8,2,0.109,2
P4,2,902.0,2,3.7815,2,0.2,2,27.326999999999998,2,8.8,2,0.111,2
P4,2,903.0,2,3.7798,2,0.2,2,27.3275,2,8.8,2,0.114,2
P4,2,904.0,2,3.7792,2,0.2,2,27.3277,2,8.9,2,0.11199999999999999,2
P4,2,905.2,2,3.7786,2,0.2,2,27.3278,2,8.9,2,0.11,2
P4,2,906.0,2,3.778,2,0.21,2,27.3278,2,9.0,2,0.11199999999999999,2
P4,2,907.0,2,3.7761,2,0.2,2,27.3282,2,8.9,2,0.11,2
P4,2,908.0,2,3.7749,2,0.21,2,27.3284,2,9.0,2,0.113,2
P4,2,909.0,2,3.7744,2,0.21,2,27.3287,2,9.0,2,0.114,2
P4,2,910.0,2,3.7735,2,0.21,2,27.3288,2,9.0,2,0.113,2
P4,2,911.0,2,3.7733,2,0.21,2,27.3288,2,9.2,2,0.111,2
P4,2,912.0,2,3.7705,2,0.21,2,27.3294,2,9.3,2,0.11,2
P4,2,913.0,2,3.7599,2,0.21,2,27.3309,2,9.1,2,0.11,2
P4,2,914.0,2,3.755,2,0.21,2,27.3317,2,9.1,2,0.11199999999999999,2
P4,2,914.9,2,3.7527,2,0.21,2,27.3322,2,9.2,2,0.111,2
P4,2,916.0,2,3.7498,2,0.22,2,27.3327,2,9.6,2,0.11199999999999999,2
P4,2,917.0,2,3.7386,2,0.22,2,27.3346,2,9.4,2,0.113,2
P4,2,918.0,2,3.7339,2,0.22,2,27.3355,2,9.3,2,0.11,2
P4,2,919.0,2,3.7331,2,0.22,2,27.3356,2,9.4,2,0.111,2
P4,2,920.0,2,3.7334,2,0.22,2,27.3355,2,9.5,2,0.113,2
P4,2,921.0,2,3.7329,2,0.22,2,27.3356,2,9.4,2,0.113,2
P4,2,922.0,2,3.7248,2,0.22,2,27.3375,2,9.7,2,0.111,2
P4,2,923.0,2,3.7187,2,0.22,2,27.3389,2,9.7,2,0.114,2
P4,2,924.0,2,3.7144,2,0.22,2,27.3398,2,9.6,2,0.11199999999999999,2
P4,2,925.0,2,3.7123,2,0.22,2,27.3406,2,9.4,2,0.113,2
P4,2,926.0,2,3.7111,2,0.22,2,27.3405,2,9.6,2,0.111,2
P4,2,927.0,2,3.7016,2,0.22,2,27.3426,2,9.4,2,0.114,2
P4,2,928.0,2,3.697,2,0.22,2,27.3436,2,9.6,2,0.11,2
P4,2,929.0,2,3.6904,2,0.22,2,27.3451,2,9.8,2,0.11,2
P4,2,930.0,2,3.6839,2,0.23,2,27.3464,2,9.9,2,0.11199999999999999,2
P4,2,931.0,2,3.6765,2,0.23,2,27.3479,2,10.0,2,0.114,2
P4,2,932.0,2,3.6717,2,0.23,2,27.3489,2,9.9,2,0.114,2
P4,2,933.0,2,3.6693,2,0.23,2,27.3493,2,9.8,2,0.11199999999999999,2
P4,2,933.9,2,3.6673,2,0.22,2,27.3499,2,9.7,2,0.111,2
P4,2,936.1,2,3.6576,2,0.22,2,27.3519,2,9.8,2,0.11,2
P4,2,937.0,2,3.6553,2,0.22,2,27.3523,2,9.8,2,0.111,2
P4,2,938.0,2,3.6524,2,0.23,2,27.3529,2,9.9,2,0.114,2
P4,2,939.0,2,3.6492,2,0.23,2,27.3536,2,10.2,2,0.111,2
P4,2,940.0,2,3.6445,2,0.23,2,27.3545,2,10.2,2,0.111,2
P4,2,941.0,2,3.6411,2,0.23,2,27.3553,2,10.1,2,0.11,2
P4,2,942.0,2,3.6393,2,0.23,2,27.3557,2,10.0,2,0.109,2
P4,2,943.0,2,3.6361,2,0.23,2,27.3564,2,9.9,2,0.10800000000000001,2
P4,2,943.8,2,3.6338,2,0.23,2,27.357,2,9.9,2,0.111,2
P4,2,945.0,2,3.6337,2,0.23,2,27.3569,2,10.0,2,0.11199999999999999,2
P4,2,946.0,2,3.634,2,0.23,2,27.3571,2,10.0,2,0.11,2
P4,2,947.0,2,3.6341,2,0.23,2,27.3569,2,10.0,2,0.11,2
P4,2,948.0,2,3.6341,2,0.23,2,27.357,2,9.9,2,0.11199999999999999,2
P4,2,949.0,2,3.6339,2,0.23,2,27.3569,2,10.0,2,0.11199999999999999,2
P4,2,950.1,2,3.6328,2,0.23,2,27.3573,2,10.2,2,0.113,2
P4,2,951.0,2,3.6333,2,0.23,2,27.3573,2,10.1,2,0.113,2
P4,2,952.0,2,3.6303,2,0.23,2,27.3578,2,10.2,2,0.111,2
P4,2,953.0,2,3.6292,2,0.23,2,27.358,2,10.0,2,0.10800000000000001,2
P4,2,954.0,2,3.6267,2,0.23,2,27.3586,2,10.2,2,0.113,2
P4,2,955.0,2,3.6201,2,0.24,2,27.3599,2,10.3,2,0.11,2
P4,2,956.0,2,3.6169,2,0.24,2,27.3605,2,10.3,2,0.11,2
P4,2,957.0,2,3.616,2,0.23,2,27.3608,2,10.2,2,0.11199999999999999,2
P4,2,958.0,2,3.6148,2,0.24,2,27.361,2,10.3,2,0.11199999999999999,2
P4,2,958.8,2,3.6089,2,0.24,2,27.362,2,10.3,2,0.113,2
P4,2,960.5,2,3.6009,2,0.23,2,27.3629,2,10.2,2,0.11,2
P4,2,961.0,2,3.5964,2,0.23,2,27.3643,2,10.2,2,0.10800000000000001,2
P4,2,962.0,2,3.583,2,0.23,2,27.3666,2,10.2,2,0.111,2
P4,2,963.0,2,3.5727,2,0.23,2,27.3686,2,10.2,2,0.113,2
P4,2,964.0,2,3.5681,2,0.24,2,27.3694,2,10.3,2,0.111,2
P4,2,965.0,2,3.5639,2,0.24,2,27.3705,2,10.4,2,0.11199999999999999,2
P4,2,966.0,2,3.5599,2,0.25,2,27.3713,2,10.7,2,0.11,2
P4,2,967.0,2,3.5561,2,0.25,2,27.3721,2,10.7,2,0.111,2
P4,2,968.0,2,3.5485,2,0.25,2,27.3738,2,10.6,2,0.113,2
P4,2,969.0,2,3.5405,2,0.24,2,27.3755,2,10.6,2,0.114,2
P4,2,969.6,2,3.5359,2,0.24,2,27.3766,2,10.6,2,0.113,2
P4,2,971.1,2,3.5311,2,0.25,2,27.3778,2,11.0,2,0.11,2
P4,2,972.0,2,3.5326,2,0.25,2,27.3777,2,10.6,2,0.11199999999999999,2
P4,2,973.0,2,3.5303,2,0.25,2,27.378,2,10.7,2,0.111,2
P4,2,974.0,2,3.5288,2,0.25,2,27.3784,2,10.7,2,0.111,2
P4,2,975.0,2,3.5263,2,0.25,2,27.379,2,10.8,2,0.11,2
P4,2,976.0,2,3.5254,2,0.25,2,27.3791,2,10.7,2,0.107,2
P4,2,977.0,2,3.5228,2,0.25,2,27.3798,2,10.7,2,0.11199999999999999,2
P4,2,978.0,2,3.5218,2,0.25,2,27.3802,2,10.6,2,0.111,2
P4,2,978.9,2,3.5215,2,0.25,2,27.3801,2,10.7,2,0.10800000000000001,2
P4,2,980.0,2,3.5216,2,0.25,2,27.3801,2,10.8,2,0.111,2
P4,2,981.0,2,3.5218,2,0.25,2,27.3801,2,10.6,2,0.109,2
P4,2,982.0,2,3.5217,2,0.25,2,27.38,2,10.8,2,0.11199999999999999,2
P4,2,983.0,2,3.5213,2,0.25,2,27.3801,2,10.8,2,0.11,2
P4,2,984.0,2,3.5204,2,0.25,2,27.3803,2,10.7,2,0.111,2
P4,2,985.0,2,3.5197,2,0.25,2,27.3804,2,10.8,2,0.11,2
P4,2,986.0,2,3.5183,2,0.25,2,27.3808,2,10.9,2,0.114,2
P4,2,987.1,2,3.5179,2,0.25,2,27.381,2,10.9,2,0.109,2
P4,2,988.0,2,3.5177,2,0.25,2,27.381,2,10.9,2,0.109,2
P4,2,989.0,2,3.5179,2,0.25,2,27.3811,2,10.9,2,0.11,2
P4,2,990.0,2,3.5182,2,0.25,2,27.381,2,10.9,2,0.113,2
P4,2,991.0,2,3.5183,2,0.25,2,27.3808,2,10.9,2,0.111,2
P4,2,992.0,2,3.5179,2,0.24,2,27.381,2,10.6,2,0.109,2
P4,2,993.0,2,3.5183,2,0.25,2,27.3808,2,10.9,2,0.109,2
P4,2,994.0,2,3.5181,2,0.25,2,27.381,2,11.0,2,0.109,2
P4,2,995.0,2,3.5182,2,0.25,2,27.3811,2,11.0,2,0.111,2
P4,2,996.0,2,3.5175,2,0.25,2,27.381999999999998,2,10.9,2,0.114,2
P4,2,997.0,2,3.5169,2,0.25,2,27.3823,2,10.8,2,0.114,2
P4,2,998.0,2,3.5139,2,0.25,2,27.3832,2,11.0,2,0.111,2
P4,2,998.9,2,3.5138,2,0.25,2,27.3831,2,11.0,2,0.113,2
P4,2,1000.0,2,3.5138,2,0.25,2,27.383000000000003,2,11.0,2,0.111,2
P4,2,1001.0,2,3.5136,2,0.25,2,27.3833,2,11.0,2,0.11,2
P4,2,1002.0,2,3.514,2,0.25,2,27.3835,2,11.0,2,0.11199999999999999,2
P4,2,1003.1,2,3.5139,2,0.25,2,27.3842,2,11.0,2,0.111,2
P4,2,1003.9,2,3.5135,2,0.25,2,27.3843,2,10.9,2,0.109,2
P4,2,1005.0,2,3.512,2,0.25,2,27.3848,2,11.0,2,0.113,2
P4,2,1006.0,2,3.5114,2,0.25,2,27.3848,2,11.0,2,0.113,2
P4,2,1007.0,2,3.5104,2,0.25,2,27.385,2,11.0,2,0.11,2
P4,2,1008.0,2,3.5097,2,0.25,2,27.385,2,11.0,2,0.11199999999999999,2
P4,2,1009.0,2,3.509,2,0.25,2,27.3853,2,11.0,2,0.111,2
P4,2,1010.1,2,3.5084,2,0.25,2,27.3855,2,11.0,2,0.114,2
P4,2,1011.0,2,3.5077,2,0.25,2,27.3856,2,11.0,2,0.11,2
P4,2,1011.9,2,3.5072,2,0.25,2,27.3856,2,11.0,2,0.11,2
P4,2,1013.0,2,3.5053,2,0.25,2,27.3861,2,11.0,2,0.111,2
P4,2,1014.0,2,3.5049,2,0.25,2,27.3862,2,11.0,2,0.113,2
P4,2,1015.0,2,3.5037,2,0.25,2,27.3864,2,11.0,2,0.10800000000000001,2
P4,2,1016.0,2,3.5007,2,0.25,2,27.3871,2,11.0,2,0.113,2
P4,2,1017.1,2,3.4994,2,0.25,2,27.3876,2,11.0,2,0.113,2
P4,2,1017.9,2,3.4988,2,0.25,2,27.3876,2,11.0,2,0.11,2
P4,2,1019.0,2,3.4996,2,0.25,2,27.3875,2,11.0,2,0.11,2
P4,2,1020.0,2,3.498,2,0.26,2,27.3878,2,11.1,2,0.113,2
P4,2,1021.0,2,3.4930000000000003,2,0.26,2,27.3888,2,11.2,2,0.111,2
P4,2,1022.0,2,3.4902,2,0.26,2,27.3894,2,11.2,2,0.111,2
P4,2,1023.1,2,3.488,2,0.26,2,27.3899,2,11.3,2,0.109,2
P4,2,1024.0,2,3.4862,2,0.26,2,27.3904,2,11.3,2,0.113,2
P4,2,1025.0,2,3.4845,2,0.26,2,27.3907,2,11.2,2,0.113,2
P4,2,1026.0,2,3.4825,2,0.26,2,27.3912,2,11.3,2,0.11,2
P4,2,1027.0,2,3.4811,2,0.26,2,27.3914,2,11.4,2,0.113,2
P4,2,1028.0,2,3.4815,2,0.26,2,27.3914,2,11.2,2,0.11,2
P4,2,1029.0,2,3.4799,2,0.26,2,27.3916,2,11.2,2,0.11,2
P4,2,1030.0,2,3.4775,2,0.26,2,27.3921,2,11.3,2,0.109,2
P4,2,1031.0,2,3.4739,2,0.26,2,27.3928,2,11.3,2,0.111,2
P4,2,1032.0,2,3.4699,2,0.26,2,27.3937,2,11.4,2,0.111,2
P4,2,1033.0,2,3.4664,2,0.26,2,27.3943,2,11.4,2,0.111,2
P4,2,1034.4,2,3.4608,2,0.26,2,27.3954,2,11.4,2,0.11,2
P4,2,1034.9,2,3.4522,2,0.27,2,27.3973,2,11.7,2,0.11,2
P4,2,1036.0,2,3.4475,2,0.27,2,27.3983,2,11.8,2,0.113,2
P4,2,1037.0,2,3.4469,2,0.27,2,27.3984,2,11.6,2,0.11,2
P4,2,1038.0,2,3.4455,2,0.27,2,27.3988,2,11.6,2,0.11199999999999999,2
P4,2,1039.0,2,3.4452,2,0.26,2,27.3988,2,11.5,2,0.111,2
P4,2,1040.1,2,3.4435,2,0.26,2,27.3993,2,11.5,2,0.11199999999999999,2
P4,2,1041.0,2,3.4426,2,0.27,2,27.3993,2,11.6,2,0.11,2
P4,2,1042.0,2,3.4428,2,0.27,2,27.3993,2,11.7,2,0.109,2
P4,2,1043.0,2,3.4428,2,0.27,2,27.3993,2,11.7,2,0.111,2
P4,2,1044.0,2,3.4424,2,0.27,2,27.3994,2,11.8,2,0.11,2
P4,2,1045.1,2,3.4416,2,0.27,2,27.3997,2,11.8,2,0.11199999999999999,2
P4,2,1046.0,2,3.4405,2,0.27,2,27.3997,2,11.9,2,0.111,2
P4,2,1047.0,2,3.4394,2,0.27,2,27.4001,2,11.6,2,0.113,2
P4,2,1048.0,2,3.4321,2,0.27,2,27.4015,2,11.8,2,0.11,2
P4,2,1049.0,2,3.4231,2,0.27,2,27.4035,2,11.8,2,0.11,2
P4,2,1050.0,2,3.4189,2,0.27,2,27.4044,2,11.7,2,0.10800000000000001,2
P4,2,1051.0,2,3.4146,2,0.27,2,27.4052,2,11.7,2,0.111,2
P4,2,1051.9,2,3.4044,2,0.27,2,27.4074,2,11.8,2,0.11,2
P4,2,1054.1,2,3.4003,2,0.28,2,27.4083,2,12.2,2,0.109,2
P4,2,1055.0,2,3.3997,2,0.28,2,27.4083,2,12.1,2,0.10800000000000001,2
P4,2,1056.0,2,3.3976,2,0.28,2,27.4087,2,12.0,2,0.109,2
P4,2,1057.0,2,3.3899,2,0.28,2,27.4106,2,12.1,2,0.11,2
P4,2,1058.0,2,3.3851,2,0.28,2,27.4114,2,12.3,2,0.11199999999999999,2
P4,2,1059.0,2,3.3718,2,0.29,2,27.414,2,12.5,2,0.10800000000000001,2
P4,2,1060.0,2,3.3672,2,0.29,2,27.4146,2,12.6,2,0.11199999999999999,2
P4,2,1061.1,2,3.3638,2,0.28,2,27.4152,2,12.3,2,0.114,2
P4,2,1061.7,2,3.3627,2,0.28,2,27.4155,2,12.2,2,0.11,2
P4,2,1063.3,2,3.3589,2,0.29,2,27.4162,2,12.7,2,0.11,2
P4,2,1064.0,2,3.3539,2,0.29,2,27.4171,2,12.6,2,0.11,2
P4,2,1065.0,2,3.346,2,0.29,2,27.4186,2,12.7,2,0.111,2
P4,2,1066.0,2,3.3416,2,0.29,2,27.4196,2,12.6,2,0.10800000000000001,2
P4,2,1067.0,2,3.3389,2,0.29,2,27.4201,2,12.6,2,0.107,2
P4,2,1068.0,2,3.3361,2,0.3,2,27.4204,2,12.9,2,0.11,2
P4,2,1069.0,2,3.3339999999999996,2,0.3,2,27.4208,2,13.2,2,0.109,2
P4,2,1070.0,2,3.3314,2,0.3,2,27.4213,2,12.9,2,0.111,2
P4,2,1071.0,2,3.3235,2,0.29,2,27.423000000000002,2,12.8,2,0.11,2
P4,2,1072.0,2,3.3142,2,0.3,2,27.4243,2,13.0,2,0.109,2
P4,2,1073.0,2,3.3064,2,0.31,2,27.4255,2,13.3,2,0.11199999999999999,2
P4,2,1074.0,2,3.3018,2,0.3,2,27.4262,2,12.9,2,0.11,2
P4,2,1075.0,2,3.2995,2,0.3,2,27.4265,2,13.0,2,0.111,2
P4,2,1076.0,2,3.2983,2,0.3,2,27.4269,2,13.2,2,0.11,2
P4,2,1077.0,2,3.2977,2,0.3,2,27.427,2,13.1,2,0.107,2
P4,2,1078.0,2,3.2968,2,0.31,2,27.4274,2,13.3,2,0.11199999999999999,2
P4,2,1079.0,2,3.2953,2,0.31,2,27.4279,2,13.5,2,0.111,2
P4,2,1080.0,2,3.2929,2,0.3,2,27.4284,2,13.2,2,0.11,2
P4,2,1081.0,2,3.29,2,0.3,2,27.4288,2,13.2,2,0.109,2
P4,2,1082.0,2,3.2836,2,0.31,2,27.4295,2,13.5,2,0.109,2
P4,2,1083.0,2,3.2763,2,0.31,2,27.4308,2,13.7,2,0.10800000000000001,2
P4,2,1084.0,2,3.2699,2,0.31,2,27.432,2,13.5,2,0.111,2
P4,2,1085.0,2,3.2641,2,0.31,2,27.4331,2,13.4,2,0.109,2
P4,2,1086.0,2,3.2627,2,0.31,2,27.4335,2,13.5,2,0.10800000000000001,2
P4,2,1087.0,2,3.2616,2,0.31,2,27.4337,2,13.5,2,0.11199999999999999,2
P4,2,1088.0,2,3.2605,2,0.31,2,27.434,2,13.6,2,0.109,2
P4,2,1089.0,2,3.2598,2,0.31,2,27.434,2,13.6,2,0.107,2
P4,2,1090.1,2,3.2593,2,0.31,2,27.4342,2,13.7,2,0.111,2
P4,2,1090.9,2,3.2592,2,0.31,2,27.4342,2,13.6,2,0.109,2
P4,2,1092.0,2,3.2595,2,0.31,2,27.4342,2,13.5,2,0.11,2
P4,2,1093.0,2,3.2586,2,0.31,2,27.4342,2,13.5,2,0.11199999999999999,2
P4,2,1094.0,2,3.2572,2,0.31,2,27.4344,2,13.6,2,0.11,2
P4,2,1095.1,2,3.2538,2,0.31,2,27.4351,2,13.6,2,0.11199999999999999,2
P4,2,1096.4,2,3.2521,2,0.31,2,27.4352,2,13.6,2,0.11,2
P4,2,1097.0,2,3.2515,2,0.31,2,27.4355,2,13.6,2,0.11,2
P4,2,1098.0,2,3.2505,2,0.31,2,27.4357,2,13.6,2,0.107,2
P4,2,1099.0,2,3.2493,2,0.32,2,27.4361,2,13.9,2,0.105,2
P4,2,1100.0,2,3.2449,2,0.32,2,27.436999999999998,2,14.0,2,0.11,2
P4,2,1101.0,2,3.2424,2,0.32,2,27.4373,2,14.0,2,0.11,2
P4,2,1101.8,2,3.2397,2,0.32,2,27.438000000000002,2,14.0,2,0.113,2
P4,2,1103.1,2,3.2376,2,0.32,2,27.4383,2,13.9,2,0.11,2
P4,2,1104.0,2,3.2355,2,0.32,2,27.4388,2,13.9,2,0.109,2
P4,2,1105.0,2,3.2318,2,0.32,2,27.4395,2,13.9,2,0.11,2
P4,2,1106.0,2,3.2293,2,0.32,2,27.4399,2,14.0,2,0.109,2
P4,2,1107.0,2,3.2263,2,0.33,2,27.4405,2,14.2,2,0.109,2
P4,2,1108.0,2,3.2238,2,0.33,2,27.4409,2,14.3,2,0.11,2
P4,2,1108.8,2,3.2221,2,0.33,2,27.4412,2,14.3,2,0.109,2
P4,2,1110.3,2,3.2221,2,0.32,2,27.4412,2,14.0,2,0.10800000000000001,2
P4,2,1111.0,2,3.222,2,0.32,2,27.4413,2,14.1,2,0.11,2
P4,2,1112.0,2,3.2221,2,0.32,2,27.4412,2,14.1,2,0.109,2
P4,2,1113.0,2,3.2217,2,0.32,2,27.4413,2,14.1,2,0.11,2
P4,2,1114.0,2,3.2196,2,0.32,2,27.4417,2,14.1,2,0.10800000000000001,2
P4,2,1115.0,2,3.2174,2,0.32,2,27.4424,2,14.1,2,0.109,2
P4,2,1116.4,2,3.2157,2,0.33,2,27.4428,2,14.2,2,0.11,2
P4,2,1117.0,2,3.2151,2,0.33,2,27.4429,2,14.2,2,0.11199999999999999,2
P4,2,1118.0,2,3.2148,2,0.33,2,27.443,2,14.3,2,0.10800000000000001,2
P4,2,1119.0,2,3.2141,2,0.34,2,27.4433,2,14.6,2,0.107,2
P4,2,1120.0,2,3.2137,2,0.33,2,27.4435,2,14.4,2,0.11,2
P4,2,1121.0,2,3.2119999999999997,2,0.33,2,27.444000000000003,2,14.3,2,0.10800000000000001,2
P4,2,1122.1,2,3.2082,2,0.33,2,27.4449,2,14.4,2,0.11199999999999999,2
P4,2,1122.7,2,3.2069,2,0.33,2,27.4453,2,14.4,2,0.11,2
P4,2,1124.0,2,3.2064,2,0.33,2,27.4453,2,14.4,2,0.11199999999999999,2
P4,2,1125.0,2,3.2030000000000003,2,0.33,2,27.4459,2,14.3,2,0.10800000000000001,2
P4,2,1126.0,2,3.2009,2,0.33,2,27.4464,2,14.4,2,0.111,2
P4,2,1127.0,2,3.2002,2,0.34,2,27.4466,2,14.6,2,0.109,2
P4,2,1128.0,2,3.1995,2,0.34,2,27.4466,2,14.7,2,0.10800000000000001,2
P4,2,1129.0,2,3.1989,2,0.34,2,27.4468,2,14.7,2,0.107,2
P4,2,1130.0,2,3.1987,2,0.34,2,27.4469,2,14.6,2,0.11,2
P4,2,1131.0,2,3.1983,2,0.34,2,27.4469,2,14.6,2,0.107,2
P4,2,1132.1,2,3.1976,2,0.34,2,27.4471,2,14.6,2,0.11,2
P4,2,1133.0,2,3.1969,2,0.34,2,27.4471,2,14.6,2,0.109,2
P4,2,1134.0,2,3.1935,2,0.34,2,27.4477,2,14.6,2,0.11,2
P4,2,1135.0,2,3.1882,2,0.34,2,27.4487,2,14.6,2,0.11,2
P4,2,1136.0,2,3.1854,2,0.34,2,27.4492,2,14.6,2,0.106,2
P4,2,1137.0,2,3.1795,2,0.34,2,27.4502,2,14.9,2,0.10800000000000001,2
P4,2,1138.0,2,3.1745,2,0.35,2,27.451,2,15.2,2,0.106,2
P4,2,1139.0,2,3.1732,2,0.35,2,27.4513,2,15.2,2,0.107,2
P4,2,1140.0,2,3.1722,2,0.34,2,27.4513,2,14.8,2,0.109,2
P4,2,1141.0,2,3.1689999999999996,2,0.34,2,27.451999999999998,2,14.8,2,0.10800000000000001,2
P4,2,1142.0,2,3.167,2,0.34,2,27.4523,2,14.8,2,0.109,2
P4,2,1143.0,2,3.1665,2,0.34,2,27.4524,2,14.8,2,0.109,2
P4,2,1144.0,2,3.1657,2,0.35,2,27.4524,2,15.1,2,0.11,2
P4,2,1145.0,2,3.1645,2,0.35,2,27.4527,2,15.0,2,0.109,2
P4,2,1146.1,2,3.1619,2,0.35,2,27.453000000000003,2,15.1,2,0.106,2
P4,2,1147.0,2,3.159,2,0.35,2,27.4535,2,15.2,2,0.109,2
P4,2,1148.0,2,3.1577,2,0.35,2,27.4537,2,15.0,2,0.11199999999999999,2
P4,2,1149.0,2,3.1556,2,0.35,2,27.4542,2,15.1,2,0.11,2
P4,2,1150.0,2,3.1532,2,0.35,2,27.4545,2,15.2,2,0.11,2
P4,2,1151.0,2,3.1525,2,0.35,2,27.4545,2,15.1,2,0.109,2
P4,2,1152.0,2,3.1491,2,0.35,2,27.4553,2,15.1,2,0.111,2
P4,2,1153.0,2,3.1457,2,0.35,2,27.4558,2,15.1,2,0.11199999999999999,2
P4,2,1154.0,2,3.1429,2,0.35,2,27.4563,2,15.2,2,0.11,2
P4,2,1155.0,2,3.1396,2,0.35,2,27.4569,2,15.3,2,0.11,2
P4,2,1156.0,2,3.1362,2,0.35,2,27.4574,2,15.4,2,0.111,2
P4,2,1157.0,2,3.1326,2,0.35,2,27.4578,2,15.4,2,0.109,2
P4,2,1158.0,2,3.1313,2,0.35,2,27.4579,2,15.4,2,0.11,2
P4,2,1159.0,2,3.1317,2,0.35,2,27.4578,2,15.3,2,0.11199999999999999,2
P4,2,1160.0,2,3.1297,2,0.35,2,27.4582,2,15.3,2,0.11,2
P4,2,1161.0,2,3.1285,2,0.35,2,27.4585,2,15.3,2,0.111,2
P4,2,1162.1,2,3.1274,2,0.35,2,27.4587,2,15.3,2,0.10800000000000001,2
P4,2,1162.9,2,3.1267,2,0.35,2,27.4589,2,15.3,2,0.109,2
P4,2,1164.0,2,3.1186,2,0.36,2,27.46,2,15.8,2,0.109,2
P4,2,1165.0,2,3.1127,2,0.37,2,27.461,2,15.9,2,0.10800000000000001,2
P4,2,1166.0,2,3.1124,2,0.36,2,27.461,2,15.6,2,0.11199999999999999,2
P4,2,1167.0,2,3.1113,2,0.36,2,27.4611,2,15.7,2,0.11,2
P4,2,1168.0,2,3.1105,2,0.36,2,27.4612,2,15.6,2,0.113,2
P4,2,1169.0,2,3.1095,2,0.36,2,27.4613,2,15.6,2,0.109,2
P4,2,1170.0,2,3.1086,2,0.36,2,27.4614,2,15.6,2,0.10800000000000001,2
P4,2,1171.0,2,3.1056,2,0.36,2,27.4618,2,15.8,2,0.11,2
P4,2,1172.0,2,3.1034,2,0.36,2,27.4622,2,15.8,2,0.11199999999999999,2
P4,2,1173.1,2,3.1025,2,0.36,2,27.4624,2,15.8,2,0.11,2
P4,2,1173.9,2,3.1031,2,0.37,2,27.4622,2,15.9,2,0.109,2
P4,2,1175.0,2,3.1033,2,0.36,2,27.4623,2,15.6,2,0.11,2
P4,2,1175.9,2,3.1033,2,0.36,2,27.4622,2,15.8,2,0.11,2
P4,2,1177.0,2,3.1011,2,0.37,2,27.4628,2,15.9,2,0.113,2
P4,2,1178.0,2,3.1006,2,0.37,2,27.4625,2,15.9,2,0.107,2
P4,2,1179.0,2,3.0978,2,0.36,2,27.463,2,15.8,2,0.11,2
P4,2,1180.0,2,3.0923,2,0.36,2,27.4639,2,15.8,2,0.109,2
P4,2,1181.0,2,3.0891,2,0.37,2,27.4646,2,15.9,2,0.109,2
P4,2,1182.0,2,3.0875,2,0.37,2,27.4649,2,15.9,2,0.109,2
P4,2,1183.0,2,3.0869999999999997,2,0.37,2,27.4649,2,16.2,2,0.11199999999999999,2
P4,2,1184.0,2,3.0872,2,0.37,2,27.4649,2,16.2,2,0.11199999999999999,2
P4,2,1185.0,2,3.0876,2,0.37,2,27.4649,2,16.2,2,0.11,2
P4,2,1186.0,2,3.0877,2,0.37,2,27.4649,2,15.9,2,0.107,2
P4,2,1187.0,2,3.0875,2,0.37,2,27.4649,2,16.1,2,0.11199999999999999,2
P4,2,1188.0,2,3.0872,2,0.37,2,27.465,2,16.1,2,0.111,2
P4,2,1189.0,2,3.0853,2,0.37,2,27.4653,2,16.1,2,0.109,2
P4,2,1190.0,2,3.0836,2,0.37,2,27.4655,2,16.0,2,0.11199999999999999,2
P4,2,1191.0,2,3.0801,2,0.37,2,27.4661,2,16.1,2,0.10800000000000001,2
P4,2,1192.0,2,3.0715,2,0.38,2,27.4675,2,16.4,2,0.11,2
P4,2,1193.0,2,3.0624,2,0.38,2,27.4694,2,16.7,2,0.10800000000000001,2
P4,2,1194.0,2,3.0559,2,0.38,2,27.4707,2,16.5,2,0.111,2
P4,2,1194.9,2,3.0551,2,0.38,2,27.4707,2,16.5,2,0.11,2
P4,2,1196.0,2,3.0539,2,0.39,2,27.4709,2,16.8,2,0.111,2
P4,2,1197.0,2,3.0529,2,0.39,2,27.4712,2,16.8,2,0.11,2
P4,2,1198.0,2,3.0526,2,0.38,2,27.4714,2,16.6,2,0.109,2
P4,2,1199.0,2,3.0527,2,0.38,2,27.4713,2,16.7,2,0.107,2
P4,2,1200.0,2,3.0512,2,0.38,2,27.4715,2,16.6,2,0.11,2
P4,2,1201.0,2,3.0499,2,0.38,2,27.4718,2,16.6,2,0.11,2
P4,2,1202.0,2,3.0489,2,0.38,2,27.4721,2,16.7,2,0.11199999999999999,2
P4,2,1203.0,2,3.0483,2,0.38,2,27.4722,2,16.6,2,0.11,2
P4,2,1203.9,2,3.0486,2,0.39,2,27.471999999999998,2,17.0,2,0.10800000000000001,2
P4,2,1205.0,2,3.048,2,0.39,2,27.4722,2,16.8,2,0.111,2
P4,2,1206.0,2,3.0481,2,0.38,2,27.4722,2,16.6,2,0.11,2
P4,2,1207.0,2,3.0476,2,0.39,2,27.4722,2,16.8,2,0.107,2
P4,2,1208.0,2,3.0472,2,0.39,2,27.4724,2,16.9,2,0.11,2
P4,2,1209.0,2,3.0458,2,0.39,2,27.4725,2,16.8,2,0.11,2
P4,2,1210.0,2,3.0459,2,0.38,2,27.4726,2,16.7,2,0.11,2
P4,2,1211.0,2,3.0457,2,0.39,2,27.4726,2,16.9,2,0.10800000000000001,2
P4,2,1212.0,2,3.0453,2,0.39,2,27.4727,2,16.9,2,0.11,2
P4,2,1213.0,2,3.043,2,0.39,2,27.4732,2,16.8,2,0.109,2
P4,2,1214.0,2,3.0417,2,0.39,2,27.4735,2,16.8,2,0.111,2
P4,2,1214.9,2,3.0419,2,0.39,2,27.4732,2,16.8,2,0.11,2
P4,2,1216.0,2,3.0409,2,0.39,2,27.4735,2,16.8,2,0.11,2
P4,2,1217.0,2,3.0386,2,0.39,2,27.474,2,16.8,2,0.11,2
P4,2,1218.0,2,3.0357,2,0.39,2,27.4744,2,16.8,2,0.11,2
P4,2,1219.0,2,3.0325,2,0.39,2,27.4752,2,16.9,2,0.109,2
P4,2,1220.0,2,3.0283,2,0.39,2,27.4759,2,17.1,2,0.10800000000000001,2
P4,2,1221.0,2,3.0260000000000002,2,0.4,2,27.4765,2,17.3,2,0.11,2
P4,2,1222.0,2,3.0262,2,0.4,2,27.4765,2,17.2,2,0.11,2
P4,2,1223.0,2,3.0254,2,0.4,2,27.4764,2,17.3,2,0.11,2
P4,2,1224.1,2,3.0243,2,0.39,2,27.4768,2,17.1,2,0.11,2
P4,2,1224.9,2,3.025,2,0.39,2,27.4767,2,17.0,2,0.109,2
P4,2,1225.9,2,3.0237,2,0.39,2,27.4769,2,17.0,2,0.11,2
P4,2,1227.0,2,3.0218,2,0.39,2,27.4772,2,17.1,2,0.11199999999999999,2
P4,2,1228.0,2,3.0196,2,0.4,2,27.4777,2,17.3,2,0.113,2
P4,2,1229.0,2,3.0169,2,0.4,2,27.4781,2,17.5,2,0.111,2
P4,2,1230.0,2,3.0139,2,0.41,2,27.4785,2,17.6,2,0.11199999999999999,2
P4,2,1231.0,2,3.0107,2,0.4,2,27.4793,2,17.5,2,0.11199999999999999,2
P4,2,1232.0,2,3.0101,2,0.4,2,27.4795,2,17.4,2,0.11,2
P4,2,1233.0,2,3.0093,2,0.4,2,27.4796,2,17.3,2,0.11,2
P4,2,1234.0,2,3.0026,2,0.4,2,27.4806,2,17.5,2,0.10800000000000001,2
P4,2,1235.1,2,2.9959,2,0.41,2,27.4821,2,18.0,2,0.109,2
P4,2,1236.3,2,2.9883,2,0.41,2,27.4832,2,17.8,2,0.11199999999999999,2
P4,2,1237.0,2,2.971,2,0.42,2,27.4869,2,18.1,2,0.107,2
P4,2,1238.0,2,2.9667,2,0.42,2,27.4876,2,18.3,2,0.11,2
P4,2,1239.0,2,2.9579,2,0.43,2,27.4892,2,18.5,2,0.113,2
P4,2,1240.0,2,2.9501,2,0.43,2,27.4909,2,18.8,2,0.11,2
P4,2,1241.0,2,2.9476,2,0.43,2,27.4912,2,18.8,2,0.111,2
P4,2,1242.0,2,2.9445,2,0.43,2,27.4918,2,18.6,2,0.11,2
P4,2,1243.0,2,2.9419999999999997,2,0.43,2,27.4923,2,18.8,2,0.10800000000000001,2
P4,2,1244.0,2,2.9386,2,0.44,2,27.4928,2,19.0,2,0.11,2
P4,2,1245.0,2,2.9313,2,0.43,2,27.4942,2,18.9,2,0.111,2
P4,2,1246.0,2,2.9228,2,0.44,2,27.4956,2,19.2,2,0.114,2
P4,2,1247.0,2,2.9094,2,0.44,2,27.4987,2,19.3,2,0.111,2
P4,2,1247.9,2,2.9051,2,0.45,2,27.4995,2,19.5,2,0.111,2
P4,2,1249.0,2,2.9009,2,0.46,2,27.5002,2,19.9,2,0.11199999999999999,2
P4,2,1250.0,2,2.8921,2,0.45,2,27.502,2,19.6,2,0.113,2
P4,2,1251.0,2,2.8846,2,0.46,2,27.5033,2,19.9,2,0.113,2
P4,2,1252.0,2,2.8824,2,0.46,2,27.5039,2,19.9,2,0.113,2
P4,2,1253.0,2,2.8810000000000002,2,0.46,2,27.504,2,19.9,2,0.10800000000000001,2
P4,2,1254.0,2,2.878,2,0.46,2,27.5045,2,20.2,2,0.111,2
P4,2,1254.9,2,2.8716,2,0.47,2,27.5056,2,20.2,2,0.10800000000000001,2
P4,2,1257.0,2,2.8647,2,0.47,2,27.506999999999998,2,20.5,2,0.114,2
P4,2,1258.0,2,2.8584,2,0.47,2,27.5081,2,20.6,2,0.109,2
P4,2,1259.0,2,2.8506,2,0.47,2,27.5096,2,20.5,2,0.111,2
P4,2,1260.0,2,2.8472,2,0.47,2,27.5103,2,20.6,2,0.113,2
P4,2,1261.0,2,2.8424,2,0.48,2,27.5108,2,20.8,2,0.114,2
P4,2,1262.0,2,2.8394,2,0.47,2,27.5113,2,20.6,2,0.11199999999999999,2
P4,2,1263.0,2,2.8339,2,0.49,2,27.5124,2,21.1,2,0.11,2
P4,2,1264.0,2,2.827,2,0.48,2,27.5138,2,21.0,2,0.11199999999999999,2
P4,2,1265.0,2,2.8231,2,0.49,2,27.5144,2,21.3,2,0.113,2
P4,2,1266.0,2,2.8229,2,0.49,2,27.5144,2,21.2,2,0.111,2
P4,2,1267.0,2,2.8214,2,0.5,2,27.5148,2,21.5,2,0.114,2
P4,2,1268.0,2,2.8185,2,0.49,2,27.5155,2,21.2,2,0.114,2
P4,2,1269.0,2,2.8156,2,0.5,2,27.516,2,21.6,2,0.11599999999999999,2
P4,2,1270.0,2,2.8135,2,0.5,2,27.5165,2,21.5,2,0.113,2
P4,2,1271.0,2,2.8103,2,0.5,2,27.5174,2,21.5,2,0.11199999999999999,2
P4,2,1272.0,2,2.8081,2,0.5,2,27.5178,2,21.8,2,0.113,2
P4,2,1273.0,2,2.8068,2,0.5,2,27.5179,2,21.9,2,0.11199999999999999,2
P4,2,1274.0,2,2.8069,2,0.5,2,27.5178,2,21.6,2,0.114,2
P4,2,1274.7,2,2.8062,2,0.5,2,27.5181,2,21.6,2,0.11599999999999999,2
P4,2,1276.2,2,2.8054,2,0.5,2,27.5182,2,21.7,2,0.114,2
P4,2,1277.0,2,2.8051,2,0.5,2,27.5183,2,21.6,2,0.115,2
P4,2,1278.0,2,2.8046,2,0.5,2,27.5184,2,21.7,2,0.115,2
P4,2,1278.8,2,2.8042,2,0.5,2,27.5184,2,21.7,2,0.111,2
P4,2,1280.1,2,2.7968,2,0.51,2,27.5195,2,22.1,2,0.114,2
P4,2,1281.0,2,2.7957,2,0.51,2,27.5197,2,22.2,2,0.114,2
P4,2,1282.0,2,2.7948,2,0.5,2,27.5198,2,21.8,2,0.115,2
P4,2,1283.0,2,2.792,2,0.51,2,27.5203,2,22.2,2,0.114,2
P4,2,1284.0,2,2.7908,2,0.51,2,27.5206,2,22.0,2,0.115,2
P4,2,1285.0,2,2.7910000000000004,2,0.5,2,27.5205,2,21.9,2,0.115,2
P4,2,1285.8,2,2.7911,2,0.5,2,27.5204,2,21.9,2,0.114,2
P4,2,1287.3,2,2.7897,2,0.5,2,27.5204,2,21.9,2,0.114,2
P4,2,1288.0,2,2.7899,2,0.5,2,27.5205,2,21.9,2,0.114,2
P4,2,1289.0,2,2.7874,2,0.51,2,27.5209,2,22.0,2,0.11599999999999999,2
P4,2,1290.0,2,2.7857,2,0.51,2,27.5212,2,22.0,2,0.11699999999999999,2
P4,2,1291.0,2,2.7848,2,0.51,2,27.5214,2,22.2,2,0.114,2
P4,2,1292.0,2,2.7841,2,0.51,2,27.5215,2,22.4,2,0.11800000000000001,2
P4,2,1293.0,2,2.7826,2,0.51,2,27.5217,2,22.3,2,0.11699999999999999,2
P4,2,1293.9,2,2.7814,2,0.51,2,27.5219,2,22.2,2,0.115,2
P4,2,1295.0,2,2.7799,2,0.51,2,27.5222,2,22.1,2,0.114,2
P4,2,1296.1,2,2.7824,2,0.51,2,27.5217,2,22.1,2,0.115,2
P4,2,1297.1,2,2.7828,2,0.51,2,27.5217,2,22.2,2,0.11599999999999999,2
P4,2,1297.9,2,2.7822,2,0.51,2,27.5217,2,22.2,2,0.11800000000000001,2
P4,2,1299.0,2,2.7812,2,0.51,2,27.5219,2,22.3,2,0.11599999999999999,2
P4,2,1300.0,2,2.7801,2,0.51,2,27.5221,2,22.4,2,0.11599999999999999,2
P4,2,1301.0,2,2.7779,2,0.52,2,27.5225,2,22.5,2,0.115,2
END_DATA
