CTD,20190304CCHSIOLMM
#-----------------------------------------------------------------------------------------------------------,,,,,,,,,,,,,,,,,
#Transmissivity Fluorescence and PAR are nominal and unedited except that some records were removed in editing temperature and salinity.,,,,,,,,,,,,,,,,,
#,,,,,,,,,,,,,,,,,
#COMMENTS FOR FILES 0001 TO 0040:,,,,,,,,,,,,,,,,,
#The Oxygen:Dissolved:CTD data for this cruise were recalibrated in three steps.,,,,,,,,,,,,,,,,,
#The first correction was applied to data from above 1400 dbar and to all of cast 0040.,,,,,,,,,,,,,,,,,
#The second was applied to data below 1400 dbar from casts 0015 to 0038.,,,,,,,,,,,,,,,,,
#The final correction was applied to all data. ,,,,,,,,,,,,,,,,,
#,,,,,,,,,,,,,,,,,
#Oxygen:Dissolved:CTD data below 1400 dbar are very noisy and are considered less reliable because of the noisy signal; the limitations in the calibration; and because it was impossible to fine-tune the configuration parameters to get the best possible deep data; so there may be some hysteresis.,,,,,,,,,,,,,,,,,
#,,,,,,,,,,,,,,,,,
#The Oxygen:Dissolved:CTD data should be considered:,,,,,,,,,,,,,,,,,
#      • ±0.4 ml/l from 0 to 200 dbar,,,,,,,,,,,,,,,,,
#      • ±0.1 ml/l from 200 to 500 dbar,,,,,,,,,,,,,,,,,
#      • ±0.04 ml/l from 500 to 1500 dbar,,,,,,,,,,,,,,,,,
#      • ±0.2 ml/l below 1500 dbar,,,,,,,,,,,,,,,,,
#,,,,,,,,,,,,,,,,,
#COMMENTS FOR FILES 0046 TO 0060:,,,,,,,,,,,,,,,,,
#There were no bottle samples available to recalibrate the dissolved oxygen sensor used for this cast. ,,,,,,,,,,,,,,,,,
#Recalibration was based only on an inter-comparison of repeat casts at station P26; one with sensor #0997 (used for casts 0001 to 0040) and two with sensor #1119 (used for casts 0046 to 0060). ,,,,,,,,,,,,,,,,,
#The casts were separated in time by 4 to 6 hours.,,,,,,,,,,,,,,,,,
#Temporal variations were found to be very large between 100 and 700 dbar during repeat casts using a single sensor so the inter-comparison of sensors was limited to the mixed layer from 0 to 100 dbar and below 700 dbar. ,,,,,,,,,,,,,,,,,
#This limits the range included in the fit to high and low values.,,,,,,,,,,,,,,,,,
#A final calibration applied was based on studies of sensor #0997.,,,,,,,,,,,,,,,,,
#,,,,,,,,,,,,,,,,,
#The comparisons in areas of low Oxygen:Dissolved gradients suggest that this sensor performed well. ,,,,,,,,,,,,,,,,,
#A rough estimate suggests that the data is likely to be within:,,,,,,,,,,,,,,,,,
#      • ±0.4 ml/l from 0 to 200 dbar,,,,,,,,,,,,,,,,,
#      • ±0.2 ml/l below 200 dbar,,,,,,,,,,,,,,,,,
#,,,,,,,,,,,,,,,,,
#Transmissometer #1005DR was calibrated in March 2008 and drifted significantly but steadily until July 2009. ,,,,,,,,,,,,,,,,,
#Then a sudden shift occurred so that maximum values between September 2009 and July 2010 were very low by about 25 %/m. ,,,,,,,,,,,,,,,,,
#In August 2010 a study was made of transmissivity that led to a decision to apply post-processing corrections to all cruises between March 2008 and June 2010.,,,,,,,,,,,,,,,,,
#,,,,,,,,,,,,,,,,,
#Transmissivity data from this cruise were corrected by multiplying the original values by a correction factor which was based on assumptions that deep offshore transmissivity from a June 2009 cruise should be about 62 %/m and that drift was linear with time between March 2008 and July 2009. ,,,,,,,,,,,,,,,,,
#The corrections produced reasonable results for all cruises in that time period. ,,,,,,,,,,,,,,,,,
#,,,,,,,,,,,,,,,,,
#For details on the transmissometer post-processing see: Transmissometer_1005DR_Corrections.pdf.,,,,,,,,,,,,,,,,,
#,,,,,,,,,,,,,,,,,
#These data should still be considered nominal.,,,,,,,,,,,,,,,,,
#---------------------------------------------------------------------------------------------------,,,,,,,,,,,,,,,,,
#For details on the processing see file 2009-03-proc.pdf.,,,,,,,,,,,,,,,,,
#---------------------------------------------------------------------------------------------------,,,,,,,,,,,,,,,,,
#,,,,,,,,,,,,,,,,,
#File Name,Zone,FIL:START TIME YYYY/MM/DD, HH:MM,LOC:EVENT_NUMBER,LOC:LATITUDE,LOC:LONGITUDE,LOC:STATION,Pressure:CTD [dbar],Temperature:CTD [deg_C_(ITS90)],Salinity:Practical:CTD [PSS-78],Sigma-t:CTD [kg/m^3],Transmissivity:CTD [*/m],Oxygen:Dissolved:CTD:Volume [ml/l],Oxygen:Dissolved:CTD:Mass [µmol/kg],Fluorescence:CTD [mg/m^3],PAR:CTD [µE/m^2/sec],
#,,,,,,,,,,,,,,,,,
NUMBER_HEADERS = 8
EXPOCODE = 18DD20090127
STNBR = P12
CASTNO = 5
DATE = 01/02/2009
TIME =  00:32
LATITUDE = 48.97133
LONGITUDE = -130.66533
CTDPRS,CTDPRS_FLAG_W,CTDTMP,CTDTMP_FLAG_W,CTDSAL,CTDSAL_FLAG_W,CTDOXY,CTDOXY_FLAG_W,CTDXMISS,CTDXMISS_FLAG_W,CTDFLUOR,CTDFLUOR_FLAG_W,PAR,PAR_FLAG_W
DBAR,,ITS-90,,PSS-78,,UMOL/KG,,,,MG/M^3,,UE/m^2/sec,
P12,2,3.3,2,7.6358,2,6.74,2,25.3514,2,293.3,2,0.9570000000000001,2
P12,2,4.0,2,7.6339999999999995,2,6.73,2,25.3518,2,293.2,2,0.9440000000000001,2
P12,2,5.1,2,7.6342,2,6.72,2,25.3518,2,292.8,2,0.9590000000000001,2
P12,2,6.1,2,7.6349,2,6.74,2,25.3516,2,293.4,2,0.981,2
P12,2,7.0,2,7.6347,2,6.74,2,25.3517,2,293.3,2,0.995,2
P12,2,8.0,2,7.6372,2,6.72,2,25.3513,2,292.6,2,0.9620000000000001,2
P12,2,9.0,2,7.6391,2,6.71,2,25.3508,2,292.1,2,0.983,2
P12,2,10.0,2,7.6389,2,6.73,2,25.3509,2,293.0,2,0.977,2
P12,2,11.0,2,7.6381,2,6.74,2,25.3511,2,293.3,2,0.9540000000000001,2
P12,2,12.0,2,7.6373,2,6.74,2,25.3511,2,293.3,2,0.9640000000000001,2
P12,2,13.1,2,7.6373,2,6.74,2,25.3511,2,293.2,2,0.961,2
P12,2,13.6,2,7.6372,2,6.73,2,25.3513,2,293.2,2,0.951,2
P12,2,16.0,2,7.6378,2,6.7,2,25.351,2,291.9,2,0.9540000000000001,2
P12,2,17.0,2,7.638,2,6.71,2,25.351,2,292.0,2,0.963,2
P12,2,18.0,2,7.6391,2,6.73,2,25.3509,2,292.9,2,0.9670000000000001,2
P12,2,19.0,2,7.6393,2,6.74,2,25.3509,2,293.5,2,0.945,2
P12,2,20.1,2,7.6388,2,6.74,2,25.351,2,293.4,2,0.9640000000000001,2
P12,2,20.9,2,7.6391,2,6.74,2,25.3509,2,293.3,2,0.973,2
P12,2,22.0,2,7.6382,2,6.74,2,25.351,2,293.2,2,0.9790000000000001,2
P12,2,23.0,2,7.6355,2,6.72,2,25.3513,2,292.7,2,0.977,2
P12,2,24.0,2,7.6344,2,6.72,2,25.3513,2,292.6,2,0.9640000000000001,2
P12,2,25.0,2,7.6363,2,6.73,2,25.3511,2,293.0,2,0.9840000000000001,2
P12,2,26.0,2,7.6388,2,6.73,2,25.3509,2,293.1,2,0.966,2
P12,2,27.0,2,7.6334,2,6.73,2,25.3515,2,292.9,2,0.9690000000000001,2
P12,2,28.0,2,7.6296,2,6.72,2,25.3518,2,292.6,2,0.9570000000000001,2
P12,2,29.0,2,7.6291,2,6.73,2,25.3519,2,292.9,2,0.946,2
P12,2,30.0,2,7.6272,2,6.73,2,25.351999999999997,2,292.9,2,0.948,2
P12,2,30.9,2,7.627000000000001,2,6.72,2,25.3521,2,292.5,2,0.96,2
P12,2,32.0,2,7.6275,2,6.7,2,25.3521,2,291.8,2,0.9490000000000001,2
P12,2,33.0,2,7.6273,2,6.71,2,25.3521,2,292.0,2,0.9420000000000001,2
P12,2,34.0,2,7.6272,2,6.72,2,25.3521,2,292.4,2,0.9570000000000001,2
P12,2,35.0,2,7.6277,2,6.72,2,25.351999999999997,2,292.7,2,0.9590000000000001,2
P12,2,36.0,2,7.6279,2,6.73,2,25.3521,2,293.1,2,0.9990000000000001,2
P12,2,37.0,2,7.6277,2,6.73,2,25.3521,2,293.2,2,0.995,2
P12,2,38.1,2,7.6271,2,6.74,2,25.3522,2,293.2,2,1.015,2
P12,2,39.3,2,7.6261,2,6.74,2,25.3524,2,293.3,2,0.975,2
P12,2,40.0,2,7.626,2,6.74,2,25.3523,2,293.4,2,0.9670000000000001,2
P12,2,41.0,2,7.6255,2,6.74,2,25.3523,2,293.3,2,0.977,2
P12,2,41.8,2,7.6251,2,6.74,2,25.3525,2,293.6,2,0.9640000000000001,2
P12,2,43.0,2,7.6245,2,6.71,2,25.3526,2,292.2,2,1.005,2
P12,2,44.0,2,7.6247,2,6.72,2,25.3525,2,292.6,2,1.2409999999999999,2
P12,2,45.0,2,7.6248,2,6.73,2,25.3524,2,293.0,2,0.9990000000000001,2
P12,2,46.0,2,7.6249,2,6.73,2,25.3524,2,292.9,2,0.9990000000000001,2
P12,2,47.0,2,7.6249,2,6.72,2,25.3524,2,292.7,2,0.983,2
P12,2,48.0,2,7.6243,2,6.72,2,25.3524,2,292.7,2,0.972,2
P12,2,49.0,2,7.6238,2,6.74,2,25.3526,2,293.3,2,1.052,2
P12,2,50.0,2,7.6237,2,6.75,2,25.3527,2,293.9,2,0.96,2
P12,2,51.1,2,7.6236,2,6.74,2,25.3527,2,293.3,2,0.9670000000000001,2
P12,2,51.9,2,7.6242,2,6.73,2,25.3525,2,293.0,2,0.965,2
P12,2,53.0,2,7.6241,2,6.73,2,25.3525,2,293.1,2,0.968,2
P12,2,54.1,2,7.6239,2,6.72,2,25.3526,2,292.7,2,0.971,2
P12,2,55.0,2,7.6242,2,6.7,2,25.3525,2,291.9,2,0.9570000000000001,2
P12,2,56.0,2,7.624,2,6.7,2,25.3526,2,291.9,2,0.958,2
P12,2,57.0,2,7.6243,2,6.7,2,25.3524,2,291.9,2,0.966,2
P12,2,58.0,2,7.6245,2,6.71,2,25.3526,2,292.0,2,0.9259999999999999,2
P12,2,59.0,2,7.6245,2,6.71,2,25.3526,2,292.2,2,0.937,2
P12,2,60.0,2,7.6241,2,6.72,2,25.3525,2,292.7,2,0.955,2
P12,2,61.0,2,7.6242,2,6.72,2,25.3527,2,292.8,2,0.958,2
P12,2,62.0,2,7.6239,2,6.72,2,25.3526,2,292.6,2,0.951,2
P12,2,63.0,2,7.624,2,6.73,2,25.3526,2,293.2,2,0.951,2
P12,2,64.0,2,7.6241,2,6.73,2,25.3525,2,293.2,2,0.9490000000000001,2
P12,2,64.9,2,7.6239,2,6.72,2,25.3526,2,292.6,2,0.95,2
P12,2,66.0,2,7.6242,2,6.71,2,25.3525,2,292.1,2,0.9540000000000001,2
P12,2,67.0,2,7.6246,2,6.72,2,25.3524,2,292.7,2,1.006,2
P12,2,68.0,2,7.6242,2,6.73,2,25.3525,2,293.0,2,0.9940000000000001,2
P12,2,69.0,2,7.6239,2,6.74,2,25.3526,2,293.4,2,0.963,2
P12,2,70.0,2,7.6238,2,6.74,2,25.3525,2,293.4,2,0.9540000000000001,2
P12,2,71.0,2,7.6236,2,6.73,2,25.3528,2,293.1,2,0.97,2
P12,2,72.0,2,7.6234,2,6.73,2,25.3529,2,293.0,2,0.924,2
P12,2,73.0,2,7.6236,2,6.73,2,25.3527,2,292.9,2,0.9229999999999999,2
P12,2,74.0,2,7.6238,2,6.73,2,25.3527,2,293.2,2,0.929,2
P12,2,75.1,2,7.6237,2,6.72,2,25.3528,2,292.5,2,0.9420000000000001,2
P12,2,75.9,2,7.6239,2,6.71,2,25.3527,2,292.0,2,0.938,2
P12,2,77.0,2,7.6243,2,6.71,2,25.3527,2,292.1,2,0.9490000000000001,2
P12,2,78.0,2,7.6245,2,6.71,2,25.3526,2,292.0,2,0.946,2
P12,2,79.0,2,7.6247,2,6.7,2,25.3525,2,291.8,2,0.9259999999999999,2
P12,2,80.0,2,7.6247,2,6.71,2,25.3525,2,292.1,2,0.9179999999999999,2
P12,2,81.0,2,7.6248,2,6.73,2,25.3525,2,292.9,2,0.929,2
P12,2,82.0,2,7.6247,2,6.73,2,25.3526,2,293.2,2,0.92,2
P12,2,83.1,2,7.6245,2,6.72,2,25.3526,2,292.8,2,0.971,2
P12,2,83.8,2,7.6244,2,6.72,2,25.3527,2,292.6,2,0.9159999999999999,2
P12,2,84.9,2,7.6245,2,6.72,2,25.3527,2,292.8,2,0.909,2
P12,2,86.0,2,7.6248,2,6.72,2,25.3526,2,292.5,2,0.915,2
P12,2,87.0,2,7.6249,2,6.71,2,25.3527,2,292.3,2,0.9440000000000001,2
P12,2,88.0,2,7.625,2,6.71,2,25.3527,2,292.0,2,0.9009999999999999,2
P12,2,89.0,2,7.625,2,6.7,2,25.3527,2,291.7,2,0.912,2
P12,2,90.0,2,7.6253,2,6.7,2,25.3526,2,291.8,2,0.924,2
P12,2,91.0,2,7.6257,2,6.73,2,25.3525,2,293.0,2,0.94,2
P12,2,92.0,2,7.6257,2,6.74,2,25.3525,2,293.5,2,0.938,2
P12,2,93.1,2,7.6254,2,6.74,2,25.3526,2,293.5,2,0.9209999999999999,2
P12,2,94.0,2,7.6257,2,6.73,2,25.3526,2,292.9,2,0.925,2
P12,2,95.0,2,7.626,2,6.72,2,25.3525,2,292.8,2,0.9390000000000001,2
P12,2,96.0,2,7.626,2,6.72,2,25.3525,2,292.7,2,0.9279999999999999,2
P12,2,97.0,2,7.6261,2,6.73,2,25.3526,2,293.0,2,1.0,2
P12,2,98.0,2,7.6259,2,6.73,2,25.3525,2,293.1,2,0.9279999999999999,2
P12,2,99.1,2,7.6257,2,6.72,2,25.3526,2,292.8,2,0.9009999999999999,2
P12,2,100.1,2,7.6256,2,6.73,2,25.3528,2,292.9,2,0.9079999999999999,2
P12,2,100.9,2,7.6255,2,6.72,2,25.3529,2,292.5,2,0.9109999999999999,2
P12,2,102.0,2,7.6257,2,6.71,2,25.353,2,292.3,2,0.907,2
P12,2,103.0,2,7.6257,2,6.71,2,25.3532,2,292.3,2,0.907,2
P12,2,104.0,2,7.6253,2,6.71,2,25.3535,2,292.3,2,0.9079999999999999,2
P12,2,105.0,2,7.6167,2,6.71,2,25.3566,2,292.2,2,0.883,2
P12,2,106.1,2,7.6058,2,6.7,2,25.3615,2,291.8,2,0.826,2
P12,2,107.0,2,7.58,2,6.62,2,25.3703,2,288.2,2,0.726,2
P12,2,108.0,2,7.5365,2,6.58,2,25.3829,2,286.6,2,0.687,2
P12,2,109.0,2,7.4676,2,6.55,2,25.404,2,285.2,2,0.5870000000000001,2
P12,2,110.0,2,7.4105,2,6.52,2,25.4204,2,283.8,2,0.53,2
P12,2,111.0,2,7.3515,2,6.5,2,25.4337,2,282.9,2,0.508,2
P12,2,112.0,2,7.2494,2,6.5,2,25.4533,2,283.1,2,0.466,2
P12,2,113.2,2,7.0906,2,6.5,2,25.4817,2,283.0,2,0.379,2
P12,2,113.9,2,7.0639,2,6.42,2,25.5109,2,279.4,2,0.332,2
P12,2,115.0,2,7.034,2,6.38,2,25.5307,2,277.7,2,0.315,2
P12,2,116.0,2,6.9227,2,6.35,2,25.5772,2,276.5,2,0.301,2
P12,2,117.0,2,6.8035,2,6.33,2,25.6182,2,275.4,2,0.282,2
P12,2,118.0,2,6.7561,2,6.3,2,25.6331,2,274.3,2,0.27899999999999997,2
P12,2,119.0,2,6.7153,2,6.28,2,25.6476,2,273.6,2,0.271,2
P12,2,120.1,2,6.629,2,6.26,2,25.6831,2,272.5,2,0.259,2
P12,2,121.0,2,6.5497,2,6.25,2,25.7244,2,272.0,2,0.245,2
P12,2,122.0,2,6.5269,2,6.15,2,25.7391,2,267.7,2,0.23600000000000002,2
P12,2,123.0,2,6.4915,2,6.14,2,25.7562,2,267.3,2,0.23800000000000002,2
P12,2,124.0,2,6.4096,2,6.14,2,25.7924,2,267.0,2,0.23800000000000002,2
P12,2,125.0,2,6.3815,2,6.13,2,25.8099,2,266.7,2,0.233,2
P12,2,126.0,2,6.3695,2,6.12,2,25.8285,2,266.4,2,0.22699999999999998,2
P12,2,127.1,2,6.365,2,6.11,2,25.846999999999998,2,265.9,2,0.225,2
P12,2,128.0,2,6.365,2,6.08,2,25.8557,2,264.6,2,0.221,2
P12,2,129.0,2,6.3663,2,6.05,2,25.8671,2,263.2,2,0.212,2
P12,2,130.0,2,6.3660000000000005,2,6.02,2,25.8803,2,262.2,2,0.205,2
P12,2,131.0,2,6.3678,2,5.95,2,25.9111,2,259.0,2,0.20600000000000002,2
P12,2,131.9,2,6.3731,2,5.89,2,25.9322,2,256.2,2,0.205,2
P12,2,133.0,2,6.3817,2,5.85,2,25.963,2,254.6,2,0.203,2
P12,2,134.0,2,6.3954,2,5.83,2,25.9837,2,253.5,2,0.20600000000000002,2
P12,2,135.0,2,6.4051,2,5.81,2,26.0006,2,252.9,2,0.204,2
P12,2,136.0,2,6.4084,2,5.8,2,26.0081,2,252.4,2,0.201,2
P12,2,137.0,2,6.4115,2,5.79,2,26.013,2,251.9,2,0.19899999999999998,2
P12,2,137.9,2,6.4143,2,5.78,2,26.018,2,251.7,2,0.2,2
P12,2,139.0,2,6.4167,2,5.74,2,26.0223,2,249.9,2,0.19899999999999998,2
P12,2,140.0,2,6.4183,2,5.72,2,26.0255,2,248.9,2,0.19699999999999998,2
P12,2,141.0,2,6.4206,2,5.69,2,26.0323,2,247.8,2,0.19699999999999998,2
P12,2,142.0,2,6.4263,2,5.67,2,26.0465,2,246.7,2,0.192,2
P12,2,143.0,2,6.4309,2,5.65,2,26.0589,2,245.9,2,0.195,2
P12,2,144.0,2,6.435,2,5.63,2,26.0697,2,245.0,2,0.196,2
P12,2,145.0,2,6.438,2,5.6,2,26.0781,2,243.7,2,0.19899999999999998,2
P12,2,146.1,2,6.4415,2,5.57,2,26.0903,2,242.4,2,0.198,2
P12,2,147.0,2,6.4435,2,5.53,2,26.0998,2,240.6,2,0.19699999999999998,2
P12,2,147.9,2,6.4489,2,5.48,2,26.1287,2,238.3,2,0.195,2
P12,2,148.9,2,6.4702,2,5.33,2,26.189,2,231.7,2,0.2,2
P12,2,150.0,2,6.4903,2,5.23,2,26.230999999999998,2,227.7,2,0.196,2
P12,2,151.0,2,6.4894,2,5.15,2,26.2534,2,224.0,2,0.193,2
P12,2,152.0,2,6.4699,2,5.07,2,26.2849,2,220.4,2,0.192,2
P12,2,153.0,2,6.4394,2,5.0,2,26.3227,2,217.3,2,0.19399999999999998,2
P12,2,154.0,2,6.4358,2,4.96,2,26.3793,2,215.8,2,0.192,2
P12,2,154.8,2,6.4311,2,4.98,2,26.3909,2,216.4,2,0.196,2
P12,2,156.2,2,6.4299,2,4.89,2,26.414,2,212.9,2,0.192,2
P12,2,157.0,2,6.4294,2,4.86,2,26.4207,2,211.5,2,0.18899999999999997,2
P12,2,158.0,2,6.4255,2,4.83,2,26.4428,2,210.1,2,0.193,2
P12,2,159.0,2,6.4331,2,4.82,2,26.4653,2,209.8,2,0.191,2
P12,2,160.0,2,6.4509,2,4.79,2,26.4804,2,208.3,2,0.198,2
P12,2,161.0,2,6.4597,2,4.79,2,26.4832,2,208.4,2,0.20800000000000002,2
P12,2,162.0,2,6.4694,2,4.8,2,26.4896,2,208.6,2,0.19899999999999998,2
P12,2,163.0,2,6.4752,2,4.79,2,26.4949,2,208.4,2,0.195,2
P12,2,163.9,2,6.4793,2,4.77,2,26.5001,2,207.3,2,0.18899999999999997,2
P12,2,165.0,2,6.4824,2,4.74,2,26.5098,2,206.2,2,0.183,2
P12,2,166.0,2,6.4833,2,4.73,2,26.5132,2,205.6,2,0.188,2
P12,2,167.0,2,6.4815,2,4.73,2,26.5168,2,205.7,2,0.18899999999999997,2
P12,2,168.0,2,6.4792,2,4.73,2,26.5198,2,205.8,2,0.192,2
P12,2,168.9,2,6.4755,2,4.72,2,26.522,2,205.4,2,0.19399999999999998,2
P12,2,170.0,2,6.4719,2,4.7,2,26.5242,2,204.2,2,0.18899999999999997,2
P12,2,171.0,2,6.4704,2,4.7,2,26.5256,2,204.5,2,0.18899999999999997,2
P12,2,172.0,2,6.4703,2,4.69,2,26.5263,2,204.1,2,0.18899999999999997,2
P12,2,173.1,2,6.4679,2,4.67,2,26.529,2,203.2,2,0.19,2
P12,2,174.1,2,6.4615,2,4.65,2,26.5349,2,202.1,2,0.195,2
P12,2,175.0,2,6.4606,2,4.64,2,26.5359,2,201.6,2,0.191,2
P12,2,176.0,2,6.4604,2,4.62,2,26.5364,2,201.1,2,0.191,2
P12,2,177.0,2,6.4598,2,4.6,2,26.5376,2,200.0,2,0.19,2
P12,2,177.9,2,6.4572,2,4.56,2,26.5407,2,198.2,2,0.193,2
P12,2,179.0,2,6.4408,2,4.52,2,26.5497,2,196.5,2,0.191,2
P12,2,180.0,2,6.4354,2,4.5,2,26.5519,2,195.8,2,0.184,2
P12,2,181.0,2,6.4246,2,4.49,2,26.5561,2,195.3,2,0.18600000000000003,2
P12,2,182.0,2,6.4157,2,4.48,2,26.5597,2,194.7,2,0.18899999999999997,2
P12,2,183.0,2,6.4064,2,4.47,2,26.5638,2,194.4,2,0.18899999999999997,2
P12,2,183.9,2,6.4019,2,4.46,2,26.5657,2,194.0,2,0.18899999999999997,2
P12,2,185.0,2,6.3961,2,4.44,2,26.568,2,193.0,2,0.187,2
P12,2,186.0,2,6.3952,2,4.44,2,26.5684,2,193.0,2,0.187,2
P12,2,187.0,2,6.3942,2,4.44,2,26.5686,2,193.0,2,0.188,2
P12,2,188.0,2,6.3914,2,4.43,2,26.5694,2,192.7,2,0.188,2
P12,2,189.0,2,6.3865,2,4.42,2,26.5712,2,192.3,2,0.187,2
P12,2,190.0,2,6.3835,2,4.41,2,26.5723,2,191.8,2,0.187,2
P12,2,191.0,2,6.381,2,4.39,2,26.5732,2,191.1,2,0.18899999999999997,2
P12,2,192.0,2,6.3674,2,4.38,2,26.578000000000003,2,190.3,2,0.188,2
P12,2,193.0,2,6.3559,2,4.36,2,26.5817,2,189.8,2,0.188,2
P12,2,194.0,2,6.3532,2,4.36,2,26.5824,2,189.6,2,0.188,2
P12,2,194.9,2,6.348,2,4.34,2,26.584,2,188.5,2,0.18899999999999997,2
P12,2,196.0,2,6.3446,2,4.34,2,26.5852,2,188.6,2,0.188,2
P12,2,197.0,2,6.3405,2,4.34,2,26.5865,2,188.5,2,0.19,2
P12,2,198.0,2,6.3365,2,4.33,2,26.5879,2,188.3,2,0.187,2
P12,2,199.0,2,6.3338,2,4.34,2,26.5886,2,188.6,2,0.19,2
P12,2,200.0,2,6.3248,2,4.31,2,26.5906,2,187.3,2,0.187,2
P12,2,201.0,2,6.3136,2,4.26,2,26.5927,2,185.1,2,0.18899999999999997,2
P12,2,202.0,2,6.2826,2,4.22,2,26.5999,2,183.4,2,0.187,2
P12,2,202.8,2,6.2661,2,4.2,2,26.6043,2,182.7,2,0.187,2
P12,2,204.1,2,6.2503,2,4.2,2,26.6078,2,182.5,2,0.19,2
P12,2,205.0,2,6.2459,2,4.2,2,26.61,2,182.6,2,0.188,2
P12,2,205.8,2,6.2482,2,4.19,2,26.6108,2,182.4,2,0.18899999999999997,2
P12,2,207.0,2,6.2362,2,4.15,2,26.6158,2,180.5,2,0.18899999999999997,2
P12,2,208.0,2,6.2288,2,4.13,2,26.6173,2,179.6,2,0.18600000000000003,2
P12,2,209.0,2,6.2226,2,4.12,2,26.6192,2,179.3,2,0.188,2
P12,2,210.1,2,6.2208,2,4.12,2,26.62,2,179.1,2,0.191,2
P12,2,210.9,2,6.2212,2,4.11,2,26.6203,2,178.9,2,0.187,2
P12,2,212.0,2,6.2217,2,4.1,2,26.6213,2,178.4,2,0.187,2
P12,2,213.0,2,6.2174,2,4.09,2,26.6231,2,177.7,2,0.18899999999999997,2
P12,2,214.0,2,6.2131,2,4.07,2,26.6242,2,176.8,2,0.19,2
P12,2,215.0,2,6.197,2,4.04,2,26.6272,2,175.6,2,0.18899999999999997,2
P12,2,216.0,2,6.1681,2,4.02,2,26.6344,2,174.8,2,0.19,2
P12,2,217.3,2,6.1544,2,3.98,2,26.6376,2,173.0,2,0.18899999999999997,2
P12,2,218.0,2,6.143,2,3.96,2,26.6401,2,172.3,2,0.187,2
P12,2,219.0,2,6.1325,2,3.96,2,26.6423,2,172.1,2,0.188,2
P12,2,220.0,2,6.1311,2,3.96,2,26.6425,2,172.1,2,0.19,2
P12,2,221.0,2,6.1301,2,3.95,2,26.6427,2,171.9,2,0.187,2
P12,2,222.0,2,6.1261,2,3.94,2,26.6433,2,171.3,2,0.187,2
P12,2,223.0,2,6.1203,2,3.93,2,26.6445,2,170.9,2,0.187,2
P12,2,224.0,2,6.1142,2,3.92,2,26.6454,2,170.7,2,0.187,2
P12,2,225.0,2,6.1077,2,3.93,2,26.6466,2,170.7,2,0.192,2
P12,2,226.1,2,6.0923,2,3.87,2,26.6493,2,168.2,2,0.188,2
P12,2,227.0,2,6.0749,2,3.84,2,26.6529,2,167.0,2,0.18899999999999997,2
P12,2,228.0,2,6.0729999999999995,2,3.83,2,26.6536,2,166.6,2,0.184,2
P12,2,229.0,2,6.0625,2,3.83,2,26.6553,2,166.4,2,0.187,2
P12,2,230.0,2,6.0543,2,3.82,2,26.6565,2,166.1,2,0.187,2
P12,2,231.0,2,6.0485,2,3.8,2,26.6577,2,165.4,2,0.184,2
P12,2,232.0,2,6.0434,2,3.79,2,26.6587,2,164.8,2,0.184,2
P12,2,233.0,2,6.0286,2,3.78,2,26.6618,2,164.2,2,0.187,2
P12,2,234.0,2,6.0043,2,3.77,2,26.6674,2,164.1,2,0.18600000000000003,2
P12,2,234.9,2,5.9964,2,3.77,2,26.669,2,163.9,2,0.18600000000000003,2
P12,2,236.0,2,5.9839,2,3.71,2,26.6712,2,161.5,2,0.188,2
P12,2,237.0,2,5.9799,2,3.71,2,26.6718,2,161.3,2,0.184,2
P12,2,238.0,2,5.9751,2,3.7,2,26.6726,2,161.0,2,0.18600000000000003,2
P12,2,239.0,2,5.9639,2,3.69,2,26.6745,2,160.5,2,0.187,2
P12,2,240.0,2,5.9534,2,3.67,2,26.6765,2,159.7,2,0.187,2
P12,2,241.0,2,5.9459,2,3.66,2,26.6781,2,159.1,2,0.188,2
P12,2,242.1,2,5.933,2,3.66,2,26.6796,2,159.0,2,0.18899999999999997,2
P12,2,242.9,2,5.9111,2,3.66,2,26.6825,2,159.1,2,0.188,2
P12,2,244.2,2,5.899,2,3.67,2,26.6833,2,159.5,2,0.185,2
P12,2,245.0,2,5.8935,2,3.65,2,26.684,2,158.9,2,0.18899999999999997,2
P12,2,246.0,2,5.888,2,3.65,2,26.6847,2,158.7,2,0.18899999999999997,2
P12,2,247.0,2,5.8843,2,3.65,2,26.6853,2,158.9,2,0.188,2
P12,2,248.1,2,5.8811,2,3.65,2,26.686,2,158.5,2,0.188,2
P12,2,249.1,2,5.8795,2,3.64,2,26.6863,2,158.2,2,0.188,2
P12,2,250.0,2,5.876,2,3.62,2,26.6868,2,157.6,2,0.18899999999999997,2
P12,2,251.0,2,5.8676,2,3.61,2,26.6881,2,156.9,2,0.19,2
P12,2,252.0,2,5.8587,2,3.6,2,26.6896,2,156.5,2,0.185,2
P12,2,253.0,2,5.8509,2,3.59,2,26.6908,2,156.1,2,0.187,2
P12,2,254.0,2,5.8439,2,3.58,2,26.6918,2,155.8,2,0.187,2
P12,2,255.0,2,5.8389,2,3.58,2,26.6924,2,155.5,2,0.18899999999999997,2
P12,2,256.0,2,5.8328,2,3.57,2,26.6933,2,155.2,2,0.187,2
P12,2,257.0,2,5.8289,2,3.56,2,26.6938,2,154.8,2,0.185,2
P12,2,258.0,2,5.8182,2,3.54,2,26.6951,2,153.7,2,0.187,2
P12,2,259.0,2,5.8039,2,3.52,2,26.6974,2,153.0,2,0.188,2
P12,2,259.9,2,5.7979,2,3.51,2,26.6984,2,152.7,2,0.18600000000000003,2
P12,2,261.0,2,5.7831,2,3.47,2,26.7005,2,150.9,2,0.184,2
P12,2,262.0,2,5.7671,2,3.46,2,26.703000000000003,2,150.3,2,0.18,2
P12,2,263.0,2,5.7647,2,3.45,2,26.7035,2,149.9,2,0.18899999999999997,2
P12,2,264.0,2,5.7643,2,3.44,2,26.7034,2,149.5,2,0.196,2
P12,2,265.0,2,5.7539,2,3.43,2,26.7056,2,149.2,2,0.193,2
P12,2,266.0,2,5.7403,2,3.42,2,26.7071,2,148.9,2,0.18100000000000002,2
P12,2,267.0,2,5.7358,2,3.42,2,26.7079,2,148.5,2,0.182,2
P12,2,268.0,2,5.7247,2,3.41,2,26.7095,2,148.2,2,0.184,2
P12,2,269.0,2,5.7213,2,3.4,2,26.7098,2,148.0,2,0.187,2
P12,2,270.0,2,5.7049,2,3.38,2,26.712,2,147.0,2,0.18600000000000003,2
P12,2,271.0,2,5.6796,2,3.32,2,26.7158,2,144.5,2,0.183,2
P12,2,272.0,2,5.6588,2,3.31,2,26.7187,2,143.8,2,0.187,2
P12,2,273.0,2,5.6502,2,3.3,2,26.7198,2,143.3,2,0.187,2
P12,2,274.0,2,5.6396,2,3.27,2,26.7214,2,142.2,2,0.187,2
P12,2,275.0,2,5.6245,2,3.24,2,26.7235,2,141.1,2,0.18600000000000003,2
P12,2,276.0,2,5.6132,2,3.22,2,26.7253,2,140.1,2,0.187,2
P12,2,277.0,2,5.598,2,3.2,2,26.7274,2,139.2,2,0.185,2
P12,2,278.0,2,5.5747,2,3.19,2,26.7308,2,138.5,2,0.18600000000000003,2
P12,2,279.3,2,5.5621,2,3.16,2,26.7324,2,137.2,2,0.188,2
P12,2,280.0,2,5.5554,2,3.15,2,26.7337,2,137.0,2,0.187,2
P12,2,281.0,2,5.5519,2,3.14,2,26.7342,2,136.7,2,0.19,2
P12,2,281.9,2,5.5479,2,3.12,2,26.7347,2,135.5,2,0.184,2
P12,2,283.0,2,5.5313,2,3.08,2,26.7374,2,134.0,2,0.185,2
P12,2,284.0,2,5.5104,2,3.06,2,26.7407,2,132.8,2,0.183,2
P12,2,285.0,2,5.4952,2,3.03,2,26.7433,2,131.7,2,0.18600000000000003,2
P12,2,286.0,2,5.4811,2,3.01,2,26.7451,2,130.7,2,0.187,2
P12,2,287.0,2,5.4665,2,2.99,2,26.7472,2,130.0,2,0.187,2
P12,2,288.0,2,5.4553,2,2.99,2,26.7487,2,130.1,2,0.185,2
P12,2,289.1,2,5.4538,2,2.95,2,26.749000000000002,2,128.5,2,0.185,2
P12,2,290.0,2,5.4502,2,2.92,2,26.7497,2,127.1,2,0.182,2
P12,2,291.0,2,5.4415,2,2.89,2,26.7514,2,125.6,2,0.18,2
P12,2,292.0,2,5.4307,2,2.85,2,26.7539,2,123.8,2,0.17800000000000002,2
P12,2,293.0,2,5.3994,2,2.81,2,26.76,2,122.0,2,0.182,2
P12,2,294.0,2,5.367999999999999,2,2.77,2,26.7653,2,120.4,2,0.18600000000000003,2
P12,2,295.0,2,5.346,2,2.75,2,26.7686,2,119.4,2,0.185,2
P12,2,296.0,2,5.3364,2,2.75,2,26.7698,2,119.4,2,0.184,2
P12,2,296.8,2,5.3303,2,2.77,2,26.7708,2,120.5,2,0.185,2
P12,2,298.0,2,5.3207,2,2.7,2,26.7728,2,117.6,2,0.184,2
P12,2,299.0,2,5.3166,2,2.69,2,26.7734,2,117.0,2,0.179,2
P12,2,300.0,2,5.3151,2,2.69,2,26.7737,2,116.9,2,0.18,2
P12,2,301.0,2,5.3119,2,2.68,2,26.7743,2,116.7,2,0.179,2
P12,2,302.0,2,5.3065,2,2.69,2,26.7752,2,116.8,2,0.182,2
P12,2,303.0,2,5.3033,2,2.68,2,26.7758,2,116.5,2,0.179,2
P12,2,304.0,2,5.3020000000000005,2,2.67,2,26.7759,2,116.3,2,0.183,2
P12,2,305.0,2,5.2993,2,2.67,2,26.7765,2,116.0,2,0.183,2
P12,2,306.0,2,5.295,2,2.66,2,26.7773,2,115.7,2,0.183,2
P12,2,307.0,2,5.2904,2,2.65,2,26.7782,2,115.4,2,0.184,2
P12,2,308.1,2,5.2853,2,2.64,2,26.7793,2,114.7,2,0.18600000000000003,2
P12,2,309.0,2,5.2846,2,2.62,2,26.7795,2,113.9,2,0.18600000000000003,2
P12,2,310.0,2,5.2848,2,2.61,2,26.7794,2,113.4,2,0.185,2
P12,2,311.0,2,5.2778,2,2.6,2,26.7806,2,113.0,2,0.185,2
P12,2,312.0,2,5.2735,2,2.59,2,26.7815,2,112.7,2,0.183,2
P12,2,313.0,2,5.2732,2,2.58,2,26.7815,2,112.3,2,0.18600000000000003,2
P12,2,314.0,2,5.2673,2,2.57,2,26.7825,2,111.7,2,0.18899999999999997,2
P12,2,315.0,2,5.2525,2,2.56,2,26.7852,2,111.2,2,0.187,2
P12,2,315.9,2,5.2437,2,2.55,2,26.7866,2,111.0,2,0.18899999999999997,2
P12,2,317.4,2,5.2331,2,2.52,2,26.7882,2,109.5,2,0.187,2
P12,2,318.0,2,5.2266,2,2.5,2,26.7896,2,108.9,2,0.187,2
P12,2,319.0,2,5.2188,2,2.49,2,26.7908,2,108.4,2,0.184,2
P12,2,320.0,2,5.2152,2,2.49,2,26.7917,2,108.4,2,0.188,2
P12,2,321.1,2,5.1973,2,2.41,2,26.7953,2,104.7,2,0.184,2
P12,2,322.0,2,5.166,2,2.36,2,26.8013,2,102.7,2,0.183,2
P12,2,323.0,2,5.1523,2,2.33,2,26.8043,2,101.1,2,0.183,2
P12,2,324.0,2,5.138999999999999,2,2.3,2,26.8072,2,100.0,2,0.18100000000000002,2
P12,2,325.0,2,5.1314,2,2.29,2,26.8091,2,99.5,2,0.183,2
P12,2,326.0,2,5.1248,2,2.28,2,26.8105,2,99.3,2,0.188,2
P12,2,326.8,2,5.1225,2,2.3,2,26.811,2,99.8,2,0.187,2
P12,2,329.1,2,5.0939,2,2.21,2,26.8174,2,96.0,2,0.183,2
P12,2,330.0,2,5.0837,2,2.18,2,26.8186,2,95.0,2,0.185,2
P12,2,331.0,2,5.074,2,2.17,2,26.8196,2,94.3,2,0.184,2
P12,2,332.0,2,5.0633,2,2.16,2,26.8216,2,94.0,2,0.188,2
P12,2,332.8,2,5.0527,2,2.17,2,26.8235,2,94.3,2,0.18600000000000003,2
P12,2,335.0,2,5.0322,2,2.09,2,26.8289,2,91.0,2,0.183,2
P12,2,336.0,2,5.0286,2,2.08,2,26.8297,2,90.4,2,0.185,2
P12,2,337.0,2,5.0280000000000005,2,2.08,2,26.8297,2,90.5,2,0.188,2
P12,2,338.0,2,5.0275,2,2.07,2,26.8298,2,90.0,2,0.187,2
P12,2,339.0,2,5.015,2,2.05,2,26.8326,2,89.3,2,0.185,2
P12,2,340.0,2,5.0099,2,2.04,2,26.8337,2,88.8,2,0.185,2
P12,2,341.0,2,5.004,2,2.04,2,26.8352,2,88.7,2,0.185,2
P12,2,342.0,2,5.0014,2,2.03,2,26.8357,2,88.3,2,0.187,2
P12,2,343.0,2,4.9984,2,2.02,2,26.8364,2,87.8,2,0.187,2
P12,2,344.0,2,4.9879,2,2.0,2,26.8387,2,87.1,2,0.18600000000000003,2
P12,2,345.0,2,4.9825,2,1.99,2,26.8402,2,86.5,2,0.187,2
P12,2,346.0,2,4.978,2,1.97,2,26.8411,2,85.5,2,0.182,2
P12,2,347.0,2,4.9763,2,1.96,2,26.8414,2,85.1,2,0.183,2
P12,2,348.0,2,4.9739,2,1.95,2,26.8421,2,84.6,2,0.18600000000000003,2
P12,2,349.0,2,4.97,2,1.93,2,26.8429,2,84.1,2,0.184,2
P12,2,350.0,2,4.9475,2,1.92,2,26.8478,2,83.5,2,0.188,2
P12,2,351.0,2,4.939,2,1.93,2,26.8496,2,83.9,2,0.18600000000000003,2
P12,2,352.5,2,4.9377,2,1.89,2,26.8499,2,82.2,2,0.183,2
P12,2,353.0,2,4.9309,2,1.88,2,26.8512,2,81.8,2,0.18100000000000002,2
P12,2,354.0,2,4.9212,2,1.87,2,26.8534,2,81.4,2,0.187,2
P12,2,355.1,2,4.9158,2,1.87,2,26.8545,2,81.5,2,0.185,2
P12,2,357.1,2,4.8936,2,1.82,2,26.8592,2,79.2,2,0.183,2
P12,2,358.0,2,4.8841,2,1.81,2,26.8615,2,78.7,2,0.18100000000000002,2
P12,2,359.0,2,4.8815,2,1.8,2,26.8618,2,78.3,2,0.187,2
P12,2,360.0,2,4.8734,2,1.79,2,26.8634,2,78.0,2,0.187,2
P12,2,360.8,2,4.8657,2,1.8,2,26.865,2,78.2,2,0.187,2
P12,2,363.2,2,4.8553,2,1.77,2,26.8674,2,77.0,2,0.183,2
P12,2,364.0,2,4.8415,2,1.76,2,26.87,2,76.7,2,0.184,2
P12,2,365.0,2,4.8356,2,1.75,2,26.8712,2,76.3,2,0.18100000000000002,2
P12,2,366.0,2,4.8313,2,1.75,2,26.8721,2,76.0,2,0.185,2
P12,2,367.0,2,4.8214,2,1.75,2,26.874000000000002,2,75.9,2,0.188,2
P12,2,367.7,2,4.8151,2,1.75,2,26.8754,2,76.3,2,0.183,2
P12,2,370.0,2,4.7875,2,1.7,2,26.8819,2,73.8,2,0.179,2
P12,2,371.0,2,4.7699,2,1.69,2,26.8857,2,73.3,2,0.179,2
P12,2,372.0,2,4.7575,2,1.68,2,26.8881,2,72.9,2,0.18600000000000003,2
P12,2,373.0,2,4.7519,2,1.68,2,26.8888,2,73.1,2,0.185,2
P12,2,375.2,2,4.7525,2,1.67,2,26.8892,2,72.4,2,0.182,2
P12,2,376.0,2,4.7487,2,1.66,2,26.8899,2,72.1,2,0.182,2
P12,2,377.0,2,4.7399,2,1.65,2,26.8917,2,71.7,2,0.18600000000000003,2
P12,2,378.0,2,4.7324,2,1.65,2,26.8931,2,71.9,2,0.183,2
P12,2,378.6,2,4.7276,2,1.65,2,26.8944,2,71.9,2,0.183,2
P12,2,380.5,2,4.7256,2,1.63,2,26.8941,2,70.9,2,0.183,2
P12,2,381.0,2,4.7228,2,1.63,2,26.8952,2,71.0,2,0.183,2
P12,2,382.0,2,4.7212,2,1.64,2,26.8956,2,71.2,2,0.184,2
P12,2,383.0,2,4.7199,2,1.62,2,26.8959,2,70.6,2,0.184,2
P12,2,384.0,2,4.7164,2,1.62,2,26.8965,2,70.2,2,0.183,2
P12,2,385.0,2,4.7098,2,1.6,2,26.8981,2,69.7,2,0.18600000000000003,2
P12,2,386.0,2,4.6968,2,1.6,2,26.901,2,69.6,2,0.18600000000000003,2
P12,2,387.0,2,4.69,2,1.6,2,26.9023,2,69.5,2,0.187,2
P12,2,387.6,2,4.6888,2,1.6,2,26.9024,2,69.7,2,0.187,2
P12,2,389.0,2,4.6887,2,1.6,2,26.9025,2,69.5,2,0.188,2
P12,2,390.0,2,4.6885,2,1.58,2,26.9025,2,68.8,2,0.183,2
P12,2,391.0,2,4.6873,2,1.58,2,26.9027,2,68.9,2,0.185,2
P12,2,392.0,2,4.6783,2,1.58,2,26.9045,2,68.9,2,0.182,2
P12,2,393.0,2,4.6745,2,1.58,2,26.9056,2,68.6,2,0.182,2
P12,2,394.0,2,4.6727,2,1.57,2,26.9058,2,68.0,2,0.182,2
P12,2,395.1,2,4.6708,2,1.57,2,26.9063,2,68.1,2,0.185,2
P12,2,395.7,2,4.6707,2,1.57,2,26.9064,2,68.2,2,0.18899999999999997,2
P12,2,397.0,2,4.6681,2,1.55,2,26.9068,2,67.4,2,0.185,2
P12,2,398.0,2,4.6658,2,1.55,2,26.9073,2,67.4,2,0.185,2
P12,2,398.8,2,4.6631,2,1.56,2,26.908,2,67.8,2,0.185,2
P12,2,399.9,2,4.6523,2,1.52,2,26.9104,2,66.2,2,0.184,2
P12,2,401.0,2,4.6431,2,1.51,2,26.9126,2,65.5,2,0.183,2
P12,2,402.0,2,4.6412,2,1.5,2,26.913,2,65.4,2,0.183,2
P12,2,403.0,2,4.6396,2,1.49,2,26.9133,2,64.9,2,0.187,2
P12,2,404.0,2,4.631,2,1.48,2,26.9154,2,64.3,2,0.187,2
P12,2,405.0,2,4.6213,2,1.46,2,26.9176,2,63.4,2,0.184,2
P12,2,406.0,2,4.6163,2,1.45,2,26.9186,2,63.0,2,0.18600000000000003,2
P12,2,407.0,2,4.6113,2,1.44,2,26.9198,2,62.5,2,0.187,2
P12,2,408.0,2,4.6062,2,1.43,2,26.9211,2,62.3,2,0.18899999999999997,2
P12,2,409.0,2,4.6046,2,1.44,2,26.9215,2,62.7,2,0.185,2
P12,2,410.2,2,4.6041,2,1.45,2,26.9215,2,62.9,2,0.187,2
P12,2,411.0,2,4.6038,2,1.44,2,26.9216,2,62.5,2,0.187,2
P12,2,412.0,2,4.6028,2,1.43,2,26.9218,2,62.1,2,0.185,2
P12,2,413.0,2,4.602,2,1.42,2,26.921999999999997,2,61.8,2,0.179,2
P12,2,414.0,2,4.5995,2,1.42,2,26.9227,2,61.8,2,0.179,2
P12,2,415.0,2,4.5975,2,1.41,2,26.9231,2,61.4,2,0.182,2
P12,2,416.0,2,4.5925,2,1.39,2,26.9244,2,60.6,2,0.183,2
P12,2,417.0,2,4.5892,2,1.4,2,26.9252,2,60.7,2,0.185,2
P12,2,417.8,2,4.5873,2,1.41,2,26.9256,2,61.1,2,0.188,2
P12,2,419.4,2,4.5792,2,1.39,2,26.9268,2,60.4,2,0.183,2
P12,2,420.0,2,4.5679,2,1.39,2,26.9295,2,60.5,2,0.185,2
P12,2,421.0,2,4.5626,2,1.39,2,26.9308,2,60.6,2,0.183,2
P12,2,421.8,2,4.5599,2,1.4,2,26.9314,2,60.8,2,0.185,2
P12,2,423.5,2,4.5573,2,1.37,2,26.932,2,59.5,2,0.179,2
P12,2,424.0,2,4.5541,2,1.37,2,26.933000000000003,2,59.5,2,0.17800000000000002,2
P12,2,425.0,2,4.5499,2,1.36,2,26.934,2,59.3,2,0.17600000000000002,2
P12,2,426.0,2,4.5466,2,1.36,2,26.9347,2,58.9,2,0.17800000000000002,2
P12,2,427.0,2,4.5423,2,1.35,2,26.9358,2,58.6,2,0.179,2
P12,2,428.0,2,4.538,2,1.34,2,26.9368,2,58.2,2,0.182,2
P12,2,429.0,2,4.5349,2,1.34,2,26.9375,2,58.3,2,0.18600000000000003,2
P12,2,429.8,2,4.5313,2,1.35,2,26.9385,2,58.5,2,0.184,2
P12,2,432.2,2,4.5208,2,1.31,2,26.9414,2,57.0,2,0.179,2
P12,2,433.0,2,4.5176,2,1.31,2,26.9419,2,56.9,2,0.18,2
P12,2,434.0,2,4.5145,2,1.31,2,26.9426,2,56.8,2,0.184,2
P12,2,435.0,2,4.5129,2,1.3,2,26.9429,2,56.7,2,0.185,2
P12,2,436.0,2,4.5102,2,1.3,2,26.9437,2,56.6,2,0.183,2
P12,2,437.0,2,4.505,2,1.28,2,26.945,2,55.7,2,0.183,2
P12,2,438.0,2,4.4974,2,1.27,2,26.947,2,55.3,2,0.183,2
P12,2,439.0,2,4.4947,2,1.27,2,26.9477,2,55.1,2,0.182,2
P12,2,440.0,2,4.4925,2,1.26,2,26.9483,2,54.6,2,0.18100000000000002,2
P12,2,441.0,2,4.487,2,1.25,2,26.9497,2,54.5,2,0.183,2
P12,2,442.0,2,4.4839,2,1.26,2,26.9506,2,54.9,2,0.18600000000000003,2
P12,2,443.5,2,4.4787,2,1.23,2,26.9519,2,53.3,2,0.179,2
P12,2,444.0,2,4.47,2,1.21,2,26.9541,2,52.7,2,0.18,2
P12,2,445.0,2,4.4597,2,1.2,2,26.9572,2,52.0,2,0.177,2
P12,2,446.0,2,4.4501,2,1.18,2,26.9597,2,51.3,2,0.177,2
P12,2,447.0,2,4.4446,2,1.18,2,26.9612,2,51.3,2,0.17600000000000002,2
P12,2,448.0,2,4.4392,2,1.17,2,26.9628,2,50.9,2,0.18100000000000002,2
P12,2,449.0,2,4.4337,2,1.17,2,26.9642,2,50.9,2,0.179,2
P12,2,450.0,2,4.4315,2,1.17,2,26.9645,2,50.7,2,0.182,2
P12,2,451.0,2,4.4306,2,1.18,2,26.9647,2,51.2,2,0.183,2
P12,2,453.4,2,4.4313,2,1.15,2,26.965,2,50.2,2,0.17600000000000002,2
P12,2,454.0,2,4.4249,2,1.15,2,26.9664,2,50.1,2,0.179,2
P12,2,455.0,2,4.4187,2,1.15,2,26.9677,2,50.2,2,0.183,2
P12,2,456.0,2,4.4156,2,1.15,2,26.9685,2,50.2,2,0.183,2
P12,2,456.9,2,4.4158,2,1.15,2,26.9684,2,50.2,2,0.182,2
P12,2,459.2,2,4.4144,2,1.14,2,26.9688,2,49.6,2,0.184,2
P12,2,460.0,2,4.4144,2,1.14,2,26.9687,2,49.6,2,0.182,2
P12,2,461.0,2,4.4148,2,1.14,2,26.9686,2,49.7,2,0.179,2
P12,2,462.0,2,4.4151,2,1.15,2,26.9686,2,49.8,2,0.177,2
P12,2,463.0,2,4.4154,2,1.14,2,26.9686,2,49.8,2,0.179,2
P12,2,464.0,2,4.4152,2,1.15,2,26.9687,2,49.9,2,0.184,2
P12,2,465.1,2,4.4165,2,1.14,2,26.9684,2,49.4,2,0.182,2
P12,2,466.0,2,4.4142,2,1.13,2,26.9691,2,49.2,2,0.18100000000000002,2
P12,2,467.0,2,4.4105,2,1.12,2,26.9701,2,48.9,2,0.17800000000000002,2
P12,2,468.0,2,4.4081,2,1.12,2,26.9709,2,48.7,2,0.18,2
P12,2,469.0,2,4.4028,2,1.11,2,26.9724,2,48.4,2,0.18,2
P12,2,470.0,2,4.3978,2,1.1,2,26.9738,2,47.9,2,0.174,2
P12,2,471.0,2,4.3913,2,1.09,2,26.9758,2,47.3,2,0.177,2
P12,2,472.0,2,4.3882,2,1.09,2,26.976999999999997,2,47.3,2,0.18100000000000002,2
P12,2,473.0,2,4.3862,2,1.09,2,26.9776,2,47.2,2,0.185,2
P12,2,473.7,2,4.3852,2,1.09,2,26.978,2,47.5,2,0.183,2
P12,2,476.4,2,4.3865,2,1.08,2,26.9782,2,46.8,2,0.179,2
P12,2,477.0,2,4.3835,2,1.07,2,26.9789,2,46.6,2,0.17800000000000002,2
P12,2,478.0,2,4.381,2,1.06,2,26.9796,2,46.3,2,0.17600000000000002,2
P12,2,479.0,2,4.3777,2,1.06,2,26.9807,2,46.3,2,0.177,2
P12,2,480.0,2,4.375,2,1.06,2,26.9815,2,45.9,2,0.18100000000000002,2
P12,2,481.0,2,4.3709,2,1.05,2,26.9827,2,45.5,2,0.18100000000000002,2
P12,2,481.8,2,4.3644,2,1.06,2,26.9852,2,46.0,2,0.183,2
P12,2,483.1,2,4.3604,2,1.05,2,26.9872,2,45.7,2,0.183,2
P12,2,483.6,2,4.3572,2,1.04,2,26.9886,2,45.3,2,0.183,2
P12,2,485.3,2,4.3516,2,1.02,2,26.9897,2,44.3,2,0.17800000000000002,2
P12,2,486.0,2,4.345,2,1.0,2,26.9914,2,43.6,2,0.182,2
P12,2,487.0,2,4.3405,2,1.0,2,26.9926,2,43.4,2,0.17800000000000002,2
P12,2,488.0,2,4.3389,2,0.99,2,26.9933,2,43.1,2,0.182,2
P12,2,489.1,2,4.3323,2,0.98,2,26.996,2,42.7,2,0.182,2
P12,2,490.0,2,4.3303,2,0.98,2,26.9968,2,42.5,2,0.182,2
P12,2,491.0,2,4.3298,2,0.97,2,26.997,2,42.2,2,0.17800000000000002,2
P12,2,492.0,2,4.3285,2,0.97,2,26.9976,2,42.1,2,0.17600000000000002,2
P12,2,493.0,2,4.3276,2,0.97,2,26.998,2,42.2,2,0.174,2
P12,2,494.0,2,4.3241,2,0.97,2,26.9992,2,42.0,2,0.175,2
P12,2,495.0,2,4.3226,2,0.96,2,26.9997,2,41.7,2,0.175,2
P12,2,496.0,2,4.3203,2,0.95,2,27.0003,2,41.5,2,0.182,2
P12,2,497.1,2,4.3182,2,0.96,2,27.0012,2,41.6,2,0.183,2
P12,2,497.6,2,4.3175,2,0.96,2,27.0015,2,41.6,2,0.183,2
P12,2,500.3,2,4.3137,2,0.94,2,27.003,2,41.0,2,0.18,2
P12,2,501.0,2,4.3124,2,0.94,2,27.0035,2,40.9,2,0.18100000000000002,2
P12,2,502.0,2,4.3114,2,0.93,2,27.0039,2,40.6,2,0.177,2
P12,2,503.0,2,4.3111,2,0.93,2,27.004,2,40.4,2,0.17600000000000002,2
P12,2,504.0,2,4.3084,2,0.92,2,27.0052,2,40.2,2,0.175,2
P12,2,505.0,2,4.3069999999999995,2,0.92,2,27.0058,2,40.1,2,0.17800000000000002,2
P12,2,506.0,2,4.3051,2,0.92,2,27.0063,2,39.9,2,0.17600000000000002,2
P12,2,507.0,2,4.3023,2,0.92,2,27.0073,2,40.0,2,0.18,2
P12,2,507.9,2,4.2984,2,0.92,2,27.0083,2,40.2,2,0.183,2
P12,2,509.3,2,4.2922,2,0.9,2,27.011,2,39.3,2,0.184,2
P12,2,509.8,2,4.2893,2,0.9,2,27.011999999999997,2,39.1,2,0.17800000000000002,2
P12,2,511.2,2,4.2819,2,0.88,2,27.0149,2,38.1,2,0.17600000000000002,2
P12,2,512.0,2,4.2809,2,0.87,2,27.0153,2,37.9,2,0.19699999999999998,2
P12,2,513.0,2,4.2804,2,0.87,2,27.0155,2,37.9,2,0.17600000000000002,2
P12,2,514.0,2,4.2799,2,0.87,2,27.0157,2,37.8,2,0.17300000000000001,2
P12,2,515.0,2,4.2788,2,0.87,2,27.0163,2,37.7,2,0.17800000000000002,2
P12,2,516.0,2,4.2773,2,0.87,2,27.0171,2,37.6,2,0.177,2
P12,2,517.0,2,4.2737,2,0.86,2,27.0187,2,37.6,2,0.179,2
P12,2,518.0,2,4.2698,2,0.86,2,27.02,2,37.3,2,0.191,2
P12,2,518.6,2,4.2691,2,0.86,2,27.0203,2,37.5,2,0.183,2
P12,2,520.0,2,4.2707,2,0.86,2,27.0196,2,37.3,2,0.18,2
P12,2,521.0,2,4.2698,2,0.85,2,27.02,2,36.8,2,0.179,2
P12,2,522.0,2,4.2637,2,0.83,2,27.0224,2,36.3,2,0.179,2
P12,2,523.0,2,4.2598,2,0.83,2,27.0238,2,36.2,2,0.177,2
P12,2,524.0,2,4.2529,2,0.83,2,27.026,2,36.1,2,0.17600000000000002,2
P12,2,525.0,2,4.2484,2,0.83,2,27.0272,2,36.0,2,0.179,2
P12,2,526.0,2,4.2392,2,0.83,2,27.0289,2,35.9,2,0.177,2
P12,2,527.0,2,4.2343,2,0.82,2,27.03,2,35.7,2,0.179,2
P12,2,528.0,2,4.2302,2,0.83,2,27.0307,2,36.0,2,0.185,2
P12,2,530.3,2,4.2282,2,0.82,2,27.031,2,35.6,2,0.18,2
P12,2,531.0,2,4.2244,2,0.82,2,27.0325,2,35.6,2,0.179,2
P12,2,532.0,2,4.2203,2,0.82,2,27.0334,2,35.5,2,0.17600000000000002,2
P12,2,533.0,2,4.2192,2,0.82,2,27.0336,2,35.8,2,0.17800000000000002,2
P12,2,534.0,2,4.2189,2,0.82,2,27.0336,2,35.8,2,0.17800000000000002,2
P12,2,535.0,2,4.2154,2,0.82,2,27.0344,2,35.5,2,0.17800000000000002,2
P12,2,536.0,2,4.2125,2,0.81,2,27.035,2,35.4,2,0.182,2
P12,2,537.0,2,4.2107,2,0.81,2,27.0356,2,35.4,2,0.185,2
P12,2,539.1,2,4.2074,2,0.81,2,27.037,2,35.1,2,0.177,2
P12,2,540.0,2,4.203,2,0.8,2,27.0383,2,34.7,2,0.172,2
P12,2,541.0,2,4.2014,2,0.8,2,27.0387,2,34.6,2,0.175,2
P12,2,542.0,2,4.1949,2,0.79,2,27.0412,2,34.3,2,0.17600000000000002,2
P12,2,543.0,2,4.1895,2,0.78,2,27.0436,2,34.1,2,0.17800000000000002,2
P12,2,544.0,2,4.1877,2,0.78,2,27.0443,2,33.9,2,0.182,2
P12,2,544.7,2,4.1872,2,0.79,2,27.0444,2,34.2,2,0.183,2
P12,2,547.1,2,4.1855,2,0.76,2,27.0466,2,33.3,2,0.177,2
P12,2,548.0,2,4.1843,2,0.76,2,27.0475,2,32.9,2,0.182,2
P12,2,548.7,2,4.1828,2,0.75,2,27.0488,2,32.7,2,0.179,2
P12,2,550.3,2,4.1799,2,0.73,2,27.051,2,31.9,2,0.17800000000000002,2
P12,2,551.0,2,4.1761,2,0.73,2,27.0522,2,31.6,2,0.175,2
P12,2,552.0,2,4.1686,2,0.72,2,27.0547,2,31.4,2,0.17600000000000002,2
P12,2,553.0,2,4.1659,2,0.72,2,27.0556,2,31.5,2,0.17800000000000002,2
P12,2,554.0,2,4.1655,2,0.72,2,27.0556,2,31.4,2,0.17800000000000002,2
P12,2,555.0,2,4.1643,2,0.73,2,27.0561,2,31.5,2,0.183,2
P12,2,555.7,2,4.1631,2,0.73,2,27.0568,2,31.6,2,0.18100000000000002,2
P12,2,558.0,2,4.1628,2,0.71,2,27.0572,2,31.0,2,0.179,2
P12,2,559.0,2,4.1626,2,0.71,2,27.0572,2,30.8,2,0.17800000000000002,2
P12,2,560.0,2,4.1625,2,0.7,2,27.0575,2,30.3,2,0.179,2
P12,2,561.0,2,4.1611,2,0.69,2,27.0585,2,30.0,2,0.177,2
P12,2,562.0,2,4.1582,2,0.71,2,27.0593,2,30.7,2,0.179,2
P12,2,563.0,2,4.1566,2,0.71,2,27.0598,2,30.7,2,0.179,2
P12,2,564.0,2,4.1534,2,0.7,2,27.0612,2,30.4,2,0.18,2
P12,2,565.0,2,4.1503,2,0.69,2,27.0626,2,30.2,2,0.18100000000000002,2
P12,2,566.0,2,4.1472,2,0.69,2,27.0634,2,30.0,2,0.18100000000000002,2
P12,2,567.2,2,4.1443,2,0.69,2,27.0642,2,29.9,2,0.17600000000000002,2
P12,2,568.0,2,4.145,2,0.69,2,27.064,2,29.8,2,0.175,2
P12,2,569.0,2,4.1386,2,0.69,2,27.0662,2,29.8,2,0.17600000000000002,2
P12,2,570.0,2,4.128,2,0.69,2,27.0691,2,30.0,2,0.174,2
P12,2,571.0,2,4.127,2,0.69,2,27.0702,2,29.9,2,0.177,2
P12,2,572.0,2,4.127,2,0.68,2,27.0705,2,29.6,2,0.174,2
P12,2,573.0,2,4.1249,2,0.68,2,27.0724,2,29.4,2,0.17800000000000002,2
P12,2,573.9,2,4.1209,2,0.68,2,27.0744,2,29.4,2,0.18,2
P12,2,575.3,2,4.1175,2,0.66,2,27.0764,2,28.8,2,0.179,2
P12,2,576.0,2,4.1077,2,0.65,2,27.0801,2,28.3,2,0.18,2
P12,2,577.0,2,4.0969,2,0.64,2,27.0836,2,27.9,2,0.17800000000000002,2
P12,2,578.0,2,4.0924,2,0.64,2,27.0845,2,27.9,2,0.182,2
P12,2,578.5,2,4.0907,2,0.64,2,27.0853,2,28.0,2,0.18100000000000002,2
P12,2,580.3,2,4.086,2,0.64,2,27.0862,2,27.6,2,0.177,2
P12,2,581.0,2,4.0841,2,0.63,2,27.0868,2,27.6,2,0.177,2
P12,2,582.0,2,4.0831,2,0.63,2,27.0877,2,27.5,2,0.179,2
P12,2,583.0,2,4.083,2,0.63,2,27.0882,2,27.5,2,0.177,2
P12,2,584.0,2,4.0828,2,0.62,2,27.0884,2,27.0,2,0.17600000000000002,2
P12,2,585.0,2,4.0794,2,0.61,2,27.0908,2,26.6,2,0.177,2
P12,2,586.0,2,4.0767,2,0.61,2,27.0931,2,26.5,2,0.18100000000000002,2
P12,2,587.0,2,4.0751,2,0.61,2,27.0949,2,26.5,2,0.18100000000000002,2
P12,2,589.2,2,4.0771,2,0.6,2,27.0954,2,25.9,2,0.179,2
P12,2,590.0,2,4.0798,2,0.59,2,27.0968,2,25.8,2,0.179,2
P12,2,591.0,2,4.081,2,0.59,2,27.0976,2,25.6,2,0.184,2
P12,2,591.8,2,4.0807,2,0.59,2,27.0975,2,25.6,2,0.18100000000000002,2
P12,2,592.9,2,4.081,2,0.58,2,27.0974,2,25.4,2,0.177,2
P12,2,594.0,2,4.0813,2,0.58,2,27.0979,2,25.4,2,0.179,2
P12,2,595.0,2,4.0823,2,0.58,2,27.0986,2,25.3,2,0.179,2
P12,2,596.0,2,4.0807,2,0.58,2,27.0994,2,25.2,2,0.179,2
P12,2,597.2,2,4.0682,2,0.57,2,27.1004,2,24.9,2,0.18,2
P12,2,598.0,2,4.0619,2,0.57,2,27.1011,2,24.8,2,0.18,2
P12,2,598.8,2,4.0601,2,0.57,2,27.1013,2,25.0,2,0.183,2
P12,2,600.0,2,4.0547,2,0.57,2,27.1021,2,24.6,2,0.182,2
P12,2,601.0,2,4.0489,2,0.57,2,27.104,2,24.8,2,0.183,2
P12,2,602.0,2,4.0445,2,0.56,2,27.105999999999998,2,24.4,2,0.18100000000000002,2
P12,2,602.9,2,4.0428,2,0.56,2,27.1069,2,24.2,2,0.183,2
END_DATA
