CTD,20190304CCHSIOLMM
#-----------------------------------------------------------------------------------------------------------,,,,,,,,,,,,,,,,,
#Transmissivity Fluorescence and PAR are nominal and unedited except that some records were removed in editing temperature and salinity.,,,,,,,,,,,,,,,,,
#,,,,,,,,,,,,,,,,,
#COMMENTS FOR FILES 0001 TO 0040:,,,,,,,,,,,,,,,,,
#The Oxygen:Dissolved:CTD data for this cruise were recalibrated in three steps.,,,,,,,,,,,,,,,,,
#The first correction was applied to data from above 1400 dbar and to all of cast 0040.,,,,,,,,,,,,,,,,,
#The second was applied to data below 1400 dbar from casts 0015 to 0038.,,,,,,,,,,,,,,,,,
#The final correction was applied to all data. ,,,,,,,,,,,,,,,,,
#,,,,,,,,,,,,,,,,,
#Oxygen:Dissolved:CTD data below 1400 dbar are very noisy and are considered less reliable because of the noisy signal; the limitations in the calibration; and because it was impossible to fine-tune the configuration parameters to get the best possible deep data; so there may be some hysteresis.,,,,,,,,,,,,,,,,,
#,,,,,,,,,,,,,,,,,
#The Oxygen:Dissolved:CTD data should be considered:,,,,,,,,,,,,,,,,,
#      • ±0.4 ml/l from 0 to 200 dbar,,,,,,,,,,,,,,,,,
#      • ±0.1 ml/l from 200 to 500 dbar,,,,,,,,,,,,,,,,,
#      • ±0.04 ml/l from 500 to 1500 dbar,,,,,,,,,,,,,,,,,
#      • ±0.2 ml/l below 1500 dbar,,,,,,,,,,,,,,,,,
#,,,,,,,,,,,,,,,,,
#COMMENTS FOR FILES 0046 TO 0060:,,,,,,,,,,,,,,,,,
#There were no bottle samples available to recalibrate the dissolved oxygen sensor used for this cast. ,,,,,,,,,,,,,,,,,
#Recalibration was based only on an inter-comparison of repeat casts at station P26; one with sensor #0997 (used for casts 0001 to 0040) and two with sensor #1119 (used for casts 0046 to 0060). ,,,,,,,,,,,,,,,,,
#The casts were separated in time by 4 to 6 hours.,,,,,,,,,,,,,,,,,
#Temporal variations were found to be very large between 100 and 700 dbar during repeat casts using a single sensor so the inter-comparison of sensors was limited to the mixed layer from 0 to 100 dbar and below 700 dbar. ,,,,,,,,,,,,,,,,,
#This limits the range included in the fit to high and low values.,,,,,,,,,,,,,,,,,
#A final calibration applied was based on studies of sensor #0997.,,,,,,,,,,,,,,,,,
#,,,,,,,,,,,,,,,,,
#The comparisons in areas of low Oxygen:Dissolved gradients suggest that this sensor performed well. ,,,,,,,,,,,,,,,,,
#A rough estimate suggests that the data is likely to be within:,,,,,,,,,,,,,,,,,
#      • ±0.4 ml/l from 0 to 200 dbar,,,,,,,,,,,,,,,,,
#      • ±0.2 ml/l below 200 dbar,,,,,,,,,,,,,,,,,
#,,,,,,,,,,,,,,,,,
#Transmissometer #1005DR was calibrated in March 2008 and drifted significantly but steadily until July 2009. ,,,,,,,,,,,,,,,,,
#Then a sudden shift occurred so that maximum values between September 2009 and July 2010 were very low by about 25 %/m. ,,,,,,,,,,,,,,,,,
#In August 2010 a study was made of transmissivity that led to a decision to apply post-processing corrections to all cruises between March 2008 and June 2010.,,,,,,,,,,,,,,,,,
#,,,,,,,,,,,,,,,,,
#Transmissivity data from this cruise were corrected by multiplying the original values by a correction factor which was based on assumptions that deep offshore transmissivity from a June 2009 cruise should be about 62 %/m and that drift was linear with time between March 2008 and July 2009. ,,,,,,,,,,,,,,,,,
#The corrections produced reasonable results for all cruises in that time period. ,,,,,,,,,,,,,,,,,
#,,,,,,,,,,,,,,,,,
#For details on the transmissometer post-processing see: Transmissometer_1005DR_Corrections.pdf.,,,,,,,,,,,,,,,,,
#,,,,,,,,,,,,,,,,,
#These data should still be considered nominal.,,,,,,,,,,,,,,,,,
#---------------------------------------------------------------------------------------------------,,,,,,,,,,,,,,,,,
#For details on the processing see file 2009-03-proc.pdf.,,,,,,,,,,,,,,,,,
#---------------------------------------------------------------------------------------------------,,,,,,,,,,,,,,,,,
#,,,,,,,,,,,,,,,,,
#File Name,Zone,FIL:START TIME YYYY/MM/DD, HH:MM,LOC:EVENT_NUMBER,LOC:LATITUDE,LOC:LONGITUDE,LOC:STATION,Pressure:CTD [dbar],Temperature:CTD [deg_C_(ITS90)],Salinity:Practical:CTD [PSS-78],Sigma-t:CTD [kg/m^3],Transmissivity:CTD [*/m],Oxygen:Dissolved:CTD:Volume [ml/l],Oxygen:Dissolved:CTD:Mass [µmol/kg],Fluorescence:CTD [mg/m^3],PAR:CTD [µE/m^2/sec],
#,,,,,,,,,,,,,,,,,
NUMBER_HEADERS = 8
EXPOCODE = 18DD20090127
STNBR = P18
CASTNO = 1
DATE = 07/02/2009
TIME =  10:18
LATITUDE = 49.4335
LONGITUDE = -136.66733
CTDPRS,CTDPRS_FLAG_W,CTDTMP,CTDTMP_FLAG_W,CTDSAL,CTDSAL_FLAG_W,CTDOXY,CTDOXY_FLAG_W,CTDXMISS,CTDXMISS_FLAG_W,CTDFLUOR,CTDFLUOR_FLAG_W,PAR,PAR_FLAG_W
DBAR,,ITS-90,,PSS-78,,UMOL/KG,,,,MG/M^3,,UE/m^2/sec,
P18,2,3.0,2,6.4926,2,6.89,2,25.511999999999997,2,300.1,2,1.1640000000000001,2
P18,2,3.9,2,6.4928,2,6.89,2,25.511999999999997,2,299.8,2,1.166,2
P18,2,7.4,2,6.4914,2,6.9,2,25.5124,2,300.2,2,1.3259999999999998,2
P18,2,8.0,2,6.4919,2,6.9,2,25.5122,2,300.2,2,1.185,2
P18,2,9.1,2,6.492000000000001,2,6.9,2,25.5121,2,300.5,2,1.137,2
P18,2,9.9,2,6.4915,2,6.9,2,25.5122,2,300.5,2,1.122,2
P18,2,11.0,2,6.4913,2,6.9,2,25.5122,2,300.4,2,1.165,2
P18,2,12.0,2,6.4910000000000005,2,6.91,2,25.5121,2,300.6,2,1.147,2
P18,2,13.0,2,6.4916,2,6.91,2,25.511999999999997,2,300.6,2,1.203,2
P18,2,14.0,2,6.4918,2,6.91,2,25.511999999999997,2,300.6,2,1.161,2
P18,2,15.0,2,6.4919,2,6.9,2,25.511999999999997,2,300.4,2,1.16,2
P18,2,16.0,2,6.4919,2,6.9,2,25.511999999999997,2,300.3,2,1.089,2
P18,2,17.0,2,6.4918,2,6.89,2,25.5122,2,300.2,2,1.16,2
P18,2,18.1,2,6.4919,2,6.9,2,25.5121,2,300.4,2,1.146,2
P18,2,19.0,2,6.4917,2,6.9,2,25.5122,2,300.2,2,1.177,2
P18,2,20.0,2,6.4917,2,6.91,2,25.5121,2,300.6,2,1.119,2
P18,2,21.0,2,6.4923,2,6.91,2,25.5121,2,300.7,2,1.162,2
P18,2,22.0,2,6.4931,2,6.9,2,25.5119,2,300.4,2,1.18,2
P18,2,23.0,2,6.4939,2,6.89,2,25.5118,2,300.1,2,1.237,2
P18,2,24.0,2,6.4939,2,6.89,2,25.5118,2,299.8,2,1.3359999999999999,2
P18,2,25.0,2,6.4942,2,6.88,2,25.5118,2,299.6,2,1.204,2
P18,2,26.0,2,6.4939,2,6.89,2,25.5119,2,299.9,2,1.167,2
P18,2,26.9,2,6.4938,2,6.91,2,25.5119,2,300.6,2,1.186,2
P18,2,28.0,2,6.4938,2,6.91,2,25.511999999999997,2,300.7,2,1.527,2
P18,2,29.0,2,6.4942,2,6.91,2,25.5118,2,300.7,2,1.271,2
P18,2,30.0,2,6.4945,2,6.91,2,25.5117,2,300.6,2,1.287,2
P18,2,31.0,2,6.4939,2,6.9,2,25.5119,2,300.5,2,1.2590000000000001,2
P18,2,32.0,2,6.4935,2,6.9,2,25.511999999999997,2,300.3,2,1.195,2
P18,2,33.0,2,6.4936,2,6.9,2,25.5121,2,300.5,2,1.208,2
P18,2,34.0,2,6.4932,2,6.9,2,25.5121,2,300.2,2,1.178,2
P18,2,35.0,2,6.4933,2,6.91,2,25.5121,2,300.7,2,1.1320000000000001,2
P18,2,36.0,2,6.4933,2,6.92,2,25.5122,2,301.3,2,1.143,2
P18,2,37.0,2,6.4933,2,6.92,2,25.511999999999997,2,301.4,2,1.128,2
P18,2,38.0,2,6.4932,2,6.93,2,25.511999999999997,2,301.5,2,1.1909999999999998,2
P18,2,39.0,2,6.4934,2,6.93,2,25.5118,2,301.5,2,1.113,2
P18,2,40.0,2,6.4935,2,6.91,2,25.5121,2,300.9,2,1.115,2
P18,2,41.0,2,6.4935,2,6.89,2,25.5121,2,300.0,2,1.0959999999999999,2
P18,2,42.0,2,6.4935,2,6.9,2,25.5121,2,300.4,2,1.135,2
P18,2,43.0,2,6.4937,2,6.91,2,25.511999999999997,2,300.9,2,1.176,2
P18,2,44.0,2,6.4943,2,6.9,2,25.5119,2,300.5,2,1.185,2
P18,2,45.0,2,6.4946,2,6.9,2,25.5117,2,300.3,2,1.12,2
P18,2,46.0,2,6.4948,2,6.9,2,25.5117,2,300.2,2,1.148,2
P18,2,47.0,2,6.4949,2,6.9,2,25.5117,2,300.2,2,1.158,2
P18,2,48.0,2,6.4949,2,6.9,2,25.5118,2,300.4,2,1.123,2
P18,2,49.2,2,6.4945,2,6.9,2,25.5123,2,300.4,2,1.141,2
P18,2,50.0,2,6.494,2,6.9,2,25.5122,2,300.6,2,1.18,2
P18,2,51.0,2,6.4942,2,6.9,2,25.5122,2,300.5,2,1.179,2
P18,2,52.0,2,6.4945,2,6.9,2,25.5121,2,300.6,2,1.151,2
P18,2,53.0,2,6.4949,2,6.91,2,25.5121,2,300.8,2,1.12,2
P18,2,54.0,2,6.4946,2,6.91,2,25.5123,2,301.0,2,1.062,2
P18,2,55.0,2,6.4947,2,6.91,2,25.5123,2,300.8,2,1.187,2
P18,2,56.0,2,6.4945,2,6.91,2,25.5126,2,300.7,2,1.104,2
P18,2,57.0,2,6.4947,2,6.91,2,25.5124,2,300.8,2,1.127,2
P18,2,58.0,2,6.4949,2,6.91,2,25.5125,2,300.9,2,1.178,2
P18,2,59.0,2,6.4952,2,6.91,2,25.5124,2,300.9,2,1.122,2
P18,2,60.1,2,6.4946,2,6.91,2,25.5122,2,300.8,2,1.131,2
P18,2,61.0,2,6.495,2,6.9,2,25.5124,2,300.5,2,1.139,2
P18,2,62.0,2,6.4954,2,6.91,2,25.5125,2,300.7,2,1.131,2
P18,2,63.0,2,6.4948,2,6.9,2,25.5125,2,300.6,2,1.105,2
P18,2,64.0,2,6.4947,2,6.89,2,25.5122,2,300.0,2,1.112,2
P18,2,65.0,2,6.4945,2,6.9,2,25.5124,2,300.5,2,1.101,2
P18,2,66.0,2,6.4957,2,6.9,2,25.5123,2,300.3,2,1.19,2
P18,2,67.0,2,6.4968,2,6.9,2,25.5123,2,300.3,2,1.2209999999999999,2
P18,2,68.0,2,6.4965,2,6.9,2,25.5122,2,300.4,2,1.123,2
P18,2,69.0,2,6.4964,2,6.91,2,25.5122,2,300.6,2,1.114,2
P18,2,70.1,2,6.4948,2,6.91,2,25.5125,2,300.7,2,1.129,2
P18,2,71.0,2,6.4947,2,6.9,2,25.5125,2,300.4,2,1.141,2
P18,2,71.9,2,6.4947,2,6.9,2,25.5126,2,300.6,2,1.0959999999999999,2
P18,2,73.0,2,6.4954,2,6.9,2,25.5127,2,300.3,2,1.159,2
P18,2,74.0,2,6.4956,2,6.9,2,25.5127,2,300.4,2,1.114,2
P18,2,75.0,2,6.4949,2,6.89,2,25.5128,2,300.1,2,1.077,2
P18,2,76.0,2,6.4929,2,6.89,2,25.5136,2,300.2,2,1.2670000000000001,2
P18,2,77.0,2,6.4927,2,6.9,2,25.5137,2,300.5,2,1.138,2
P18,2,78.0,2,6.4929,2,6.9,2,25.5136,2,300.6,2,1.089,2
P18,2,79.0,2,6.4908,2,6.9,2,25.514,2,300.4,2,1.087,2
P18,2,79.9,2,6.4916,2,6.91,2,25.514,2,300.6,2,1.085,2
P18,2,81.0,2,6.4917,2,6.9,2,25.514,2,300.2,2,1.0759999999999998,2
P18,2,82.0,2,6.4903,2,6.88,2,25.5141,2,299.6,2,1.082,2
P18,2,83.0,2,6.4885,2,6.87,2,25.5147,2,299.0,2,1.057,2
P18,2,84.0,2,6.4833,2,6.86,2,25.5172,2,298.6,2,0.983,2
P18,2,85.0,2,6.4487,2,6.85,2,25.5306,2,298.4,2,0.968,2
P18,2,86.0,2,6.435,2,6.86,2,25.5353,2,298.4,2,0.8,2
P18,2,87.0,2,6.4285,2,6.85,2,25.5402,2,298.2,2,0.7170000000000001,2
P18,2,88.0,2,6.4126,2,6.84,2,25.5464,2,297.5,2,0.6679999999999999,2
P18,2,89.0,2,6.3947,2,6.78,2,25.5538,2,295.2,2,0.59,2
P18,2,90.0,2,6.3684,2,6.74,2,25.5678,2,293.4,2,0.55,2
P18,2,91.0,2,6.3354,2,6.71,2,25.5834,2,292.2,2,0.53,2
P18,2,92.0,2,6.2189,2,6.69,2,25.627,2,291.3,2,0.449,2
P18,2,93.0,2,6.1828,2,6.7,2,25.6372,2,291.5,2,0.43200000000000005,2
P18,2,94.1,2,6.1444,2,6.65,2,25.649,2,289.6,2,0.312,2
P18,2,95.0,2,6.1055,2,6.62,2,25.6614,2,288.2,2,0.305,2
P18,2,96.0,2,6.1009,2,6.6,2,25.6627,2,287.2,2,0.27899999999999997,2
P18,2,97.0,2,6.0238,2,6.58,2,25.6906,2,286.4,2,0.27699999999999997,2
P18,2,98.0,2,5.9486,2,6.56,2,25.7166,2,285.7,2,0.243,2
P18,2,99.0,2,5.9211,2,6.56,2,25.7249,2,285.5,2,0.239,2
P18,2,100.0,2,5.9134,2,6.56,2,25.7274,2,285.4,2,0.22399999999999998,2
P18,2,101.0,2,5.9058,2,6.55,2,25.7305,2,285.0,2,0.21899999999999997,2
P18,2,102.0,2,5.8948,2,6.53,2,25.7352,2,284.3,2,0.185,2
P18,2,103.0,2,5.8774,2,6.5,2,25.743000000000002,2,282.9,2,0.16899999999999998,2
P18,2,104.0,2,5.8498,2,6.47,2,25.7544,2,281.8,2,0.172,2
P18,2,105.0,2,5.7589,2,6.44,2,25.7868,2,280.4,2,0.166,2
P18,2,105.9,2,5.6342,2,6.42,2,25.8245,2,279.5,2,0.14800000000000002,2
P18,2,107.0,2,5.5929,2,6.34,2,25.8383,2,275.9,2,0.155,2
P18,2,107.9,2,5.5639,2,6.31,2,25.8494,2,274.5,2,0.12300000000000001,2
P18,2,109.0,2,5.5439,2,6.27,2,25.8591,2,273.0,2,0.1,2
P18,2,110.0,2,5.4994,2,6.24,2,25.8867,2,271.7,2,0.115,2
P18,2,111.0,2,5.4453,2,6.22,2,25.9239,2,270.7,2,0.154,2
P18,2,112.0,2,5.4231,2,6.2,2,25.9372,2,269.8,2,0.08900000000000001,2
P18,2,113.0,2,5.4112,2,6.19,2,25.9429,2,269.2,2,0.083,2
P18,2,114.0,2,5.399,2,6.18,2,25.9623,2,268.8,2,0.08900000000000001,2
P18,2,115.0,2,5.3901,2,6.17,2,25.9826,2,268.6,2,0.07200000000000001,2
P18,2,116.0,2,5.3847,2,6.16,2,25.995,2,268.2,2,0.076,2
P18,2,117.0,2,5.3815,2,6.16,2,26.0076,2,268.1,2,0.11,2
P18,2,118.0,2,5.3808,2,6.16,2,26.0131,2,267.9,2,0.07400000000000001,2
P18,2,119.0,2,5.3805,2,6.14,2,26.0204,2,267.4,2,0.069,2
P18,2,120.0,2,5.3805,2,6.12,2,26.0259,2,266.5,2,0.06,2
P18,2,121.0,2,5.3773,2,6.1,2,26.0411,2,265.5,2,0.064,2
P18,2,122.0,2,5.3801,2,6.09,2,26.0495,2,265.1,2,0.085,2
P18,2,123.0,2,5.3854,2,6.08,2,26.0621,2,264.7,2,0.073,2
P18,2,124.0,2,5.3952,2,6.07,2,26.0679,2,264.0,2,0.059000000000000004,2
P18,2,125.0,2,5.4013,2,6.05,2,26.074,2,263.5,2,0.059000000000000004,2
P18,2,126.0,2,5.4126,2,6.05,2,26.0905,2,263.1,2,0.057,2
P18,2,126.9,2,5.4155,2,5.99,2,26.1029,2,260.8,2,0.059000000000000004,2
P18,2,128.0,2,5.3969,2,5.92,2,26.1448,2,257.4,2,0.055999999999999994,2
P18,2,129.0,2,5.4003,2,5.88,2,26.1535,2,256.0,2,0.046,2
P18,2,130.0,2,5.4055,2,5.85,2,26.1599,2,254.5,2,0.047,2
P18,2,131.0,2,5.4089,2,5.82,2,26.1659,2,253.2,2,0.05,2
P18,2,132.0,2,5.4259,2,5.79,2,26.1905,2,251.9,2,0.055,2
P18,2,133.1,2,5.4327,2,5.76,2,26.2139,2,250.7,2,0.064,2
P18,2,134.0,2,5.4344,2,5.74,2,26.2307,2,249.6,2,0.051,2
P18,2,135.1,2,5.4343,2,5.68,2,26.2342,2,247.1,2,0.048,2
P18,2,136.0,2,5.4322,2,5.61,2,26.2584,2,243.9,2,0.053,2
P18,2,137.0,2,5.4223,2,5.54,2,26.2904,2,241.2,2,0.049,2
P18,2,138.0,2,5.4131,2,5.5,2,26.3061,2,239.4,2,0.051,2
P18,2,139.0,2,5.4075,2,5.47,2,26.311,2,238.0,2,0.057999999999999996,2
P18,2,140.0,2,5.396,2,5.43,2,26.3198,2,236.1,2,0.051,2
P18,2,141.0,2,5.3864,2,5.38,2,26.3325,2,233.8,2,0.051,2
P18,2,142.0,2,5.375,2,5.32,2,26.3521,2,231.3,2,0.049,2
P18,2,143.0,2,5.3563,2,5.27,2,26.3792,2,229.1,2,0.052000000000000005,2
P18,2,144.0,2,5.3436,2,5.24,2,26.3998,2,228.0,2,0.049,2
P18,2,145.2,2,5.3342,2,5.17,2,26.4034,2,224.8,2,0.052000000000000005,2
P18,2,146.0,2,5.3119,2,5.11,2,26.4118,2,222.4,2,0.059000000000000004,2
P18,2,147.0,2,5.2786,2,5.06,2,26.433000000000003,2,219.9,2,0.054000000000000006,2
P18,2,148.0,2,5.3016,2,5.01,2,26.4442,2,217.8,2,0.046,2
P18,2,149.0,2,5.3045,2,4.96,2,26.4555,2,215.7,2,0.051,2
P18,2,150.0,2,5.271,2,4.92,2,26.475,2,214.1,2,0.057999999999999996,2
P18,2,151.0,2,5.2453,2,4.9,2,26.4875,2,213.0,2,0.062,2
P18,2,151.9,2,5.2473,2,4.9,2,26.4924,2,213.0,2,0.08800000000000001,2
P18,2,153.1,2,5.2447,2,4.83,2,26.500999999999998,2,210.2,2,0.051,2
P18,2,154.0,2,5.2461,2,4.8,2,26.5056,2,208.8,2,0.048,2
P18,2,155.0,2,5.2447,2,4.77,2,26.5129,2,207.3,2,0.045,2
P18,2,156.0,2,5.2375,2,4.74,2,26.5265,2,206.1,2,0.051,2
P18,2,157.0,2,5.2345,2,4.73,2,26.534000000000002,2,205.6,2,0.055999999999999994,2
P18,2,158.1,2,5.2337,2,4.72,2,26.5344,2,205.3,2,0.051,2
P18,2,159.3,2,5.2329,2,4.69,2,26.5346,2,204.1,2,0.048,2
P18,2,160.0,2,5.2327,2,4.68,2,26.535,2,203.4,2,0.054000000000000006,2
P18,2,161.0,2,5.2318,2,4.66,2,26.5364,2,202.4,2,0.048,2
P18,2,162.0,2,5.2285,2,4.62,2,26.5449,2,201.1,2,0.059000000000000004,2
P18,2,163.0,2,5.2252,2,4.6,2,26.5552,2,200.0,2,0.054000000000000006,2
P18,2,164.0,2,5.2211,2,4.58,2,26.5623,2,199.3,2,0.051,2
P18,2,165.0,2,5.2199,2,4.56,2,26.5649,2,198.5,2,0.052000000000000005,2
P18,2,166.0,2,5.2188,2,4.54,2,26.5675,2,197.4,2,0.048,2
P18,2,167.0,2,5.2142,2,4.51,2,26.5757,2,196.0,2,0.065,2
P18,2,168.0,2,5.2057,2,4.46,2,26.5853,2,194.0,2,0.1,2
P18,2,169.0,2,5.1953,2,4.4,2,26.5976,2,191.4,2,0.081,2
P18,2,170.1,2,5.1729,2,4.34,2,26.6175,2,188.9,2,0.057999999999999996,2
P18,2,171.0,2,5.1549,2,4.29,2,26.6272,2,186.4,2,0.053,2
P18,2,172.0,2,5.1468,2,4.24,2,26.6312,2,184.5,2,0.05,2
P18,2,173.0,2,5.1312,2,4.2,2,26.6362,2,182.5,2,0.06,2
P18,2,174.0,2,5.1163,2,4.15,2,26.6444,2,180.5,2,0.061,2
P18,2,175.0,2,5.1033,2,4.1,2,26.651999999999997,2,178.5,2,0.055,2
P18,2,176.0,2,5.0915,2,4.07,2,26.6587,2,176.8,2,0.061,2
P18,2,177.0,2,5.0865,2,4.04,2,26.6629,2,175.6,2,0.054000000000000006,2
P18,2,178.0,2,5.0923,2,4.02,2,26.6659,2,174.6,2,0.05,2
P18,2,179.0,2,5.0851,2,3.99,2,26.6683,2,173.7,2,0.053,2
P18,2,180.0,2,5.077,2,3.97,2,26.6715,2,172.7,2,0.054000000000000006,2
P18,2,181.0,2,5.0731,2,3.95,2,26.6742,2,171.6,2,0.055,2
P18,2,182.0,2,5.0641,2,3.92,2,26.6819,2,170.5,2,0.05,2
P18,2,183.0,2,5.0599,2,3.91,2,26.6853,2,169.8,2,0.048,2
P18,2,184.0,2,5.0605,2,3.9,2,26.6865,2,169.5,2,0.048,2
P18,2,185.0,2,5.0636,2,3.89,2,26.6882,2,169.1,2,0.053,2
P18,2,186.0,2,5.0638,2,3.88,2,26.6891,2,168.5,2,0.06,2
P18,2,187.0,2,5.0612,2,3.86,2,26.691,2,168.0,2,0.055,2
P18,2,188.0,2,5.0549,2,3.85,2,26.6935,2,167.2,2,0.051,2
P18,2,189.0,2,5.0505,2,3.83,2,26.6949,2,166.4,2,0.051,2
P18,2,189.9,2,5.0384,2,3.8,2,26.699,2,165.1,2,0.051,2
P18,2,191.0,2,5.0296,2,3.76,2,26.701999999999998,2,163.4,2,0.052000000000000005,2
P18,2,192.0,2,5.0249,2,3.72,2,26.7036,2,161.6,2,0.052000000000000005,2
P18,2,193.0,2,5.0115,2,3.68,2,26.7077,2,160.0,2,0.057999999999999996,2
P18,2,194.0,2,4.9933,2,3.65,2,26.7127,2,158.9,2,0.057,2
P18,2,195.0,2,4.9871,2,3.64,2,26.7144,2,158.1,2,0.049,2
P18,2,196.0,2,4.9793,2,3.62,2,26.7166,2,157.4,2,0.05,2
P18,2,197.0,2,4.9749,2,3.61,2,26.7175,2,157.0,2,0.051,2
P18,2,198.0,2,4.9733,2,3.6,2,26.7178,2,156.6,2,0.05,2
P18,2,199.0,2,4.9701,2,3.58,2,26.7187,2,155.8,2,0.054000000000000006,2
P18,2,200.0,2,4.9603,2,3.57,2,26.7212,2,155.1,2,0.08800000000000001,2
P18,2,200.7,2,4.9491,2,3.56,2,26.7241,2,154.8,2,0.075,2
P18,2,202.2,2,4.9373,2,3.52,2,26.726999999999997,2,153.1,2,0.064,2
P18,2,203.0,2,4.9336,2,3.51,2,26.7277,2,152.5,2,0.055,2
P18,2,204.0,2,4.933,2,3.5,2,26.7277,2,152.1,2,0.054000000000000006,2
P18,2,205.0,2,4.9324,2,3.49,2,26.7278,2,151.7,2,0.051,2
P18,2,206.0,2,4.9285,2,3.47,2,26.7294,2,151.1,2,0.053,2
P18,2,207.0,2,4.9187,2,3.46,2,26.7332,2,150.5,2,0.059000000000000004,2
P18,2,208.0,2,4.9144,2,3.45,2,26.7338,2,150.1,2,0.057999999999999996,2
P18,2,209.0,2,4.909,2,3.44,2,26.735,2,149.5,2,0.052000000000000005,2
P18,2,210.0,2,4.8986,2,3.4,2,26.737,2,147.8,2,0.051,2
P18,2,211.0,2,4.8969,2,3.38,2,26.7384,2,147.0,2,0.055,2
P18,2,212.0,2,4.8944,2,3.36,2,26.7393,2,146.1,2,0.055,2
P18,2,213.0,2,4.879,2,3.35,2,26.7423,2,145.6,2,0.051,2
P18,2,214.0,2,4.874,2,3.33,2,26.7429,2,144.8,2,0.057999999999999996,2
P18,2,215.0,2,4.8718,2,3.31,2,26.7435,2,144.1,2,0.053,2
P18,2,216.0,2,4.8541,2,3.3,2,26.7499,2,143.4,2,0.057,2
P18,2,217.0,2,4.8486,2,3.28,2,26.7508,2,142.8,2,0.051,2
P18,2,218.0,2,4.8467,2,3.28,2,26.7511,2,142.6,2,0.05,2
P18,2,219.0,2,4.8462,2,3.27,2,26.7512,2,142.3,2,0.053,2
P18,2,220.0,2,4.8449,2,3.27,2,26.7515,2,142.1,2,0.057999999999999996,2
P18,2,221.1,2,4.842,2,3.26,2,26.7522,2,141.7,2,0.071,2
P18,2,222.4,2,4.8324,2,3.23,2,26.7547,2,140.5,2,0.055999999999999994,2
P18,2,222.7,2,4.8282,2,3.22,2,26.756,2,139.9,2,0.052000000000000005,2
P18,2,224.0,2,4.822,2,3.19,2,26.7578,2,138.6,2,0.055,2
P18,2,225.0,2,4.8111,2,3.17,2,26.7602,2,137.9,2,0.111,2
P18,2,226.0,2,4.8055,2,3.16,2,26.7613,2,137.5,2,0.055999999999999994,2
P18,2,227.0,2,4.8034,2,3.15,2,26.7619,2,137.2,2,0.051,2
P18,2,228.0,2,4.8016,2,3.15,2,26.7624,2,137.0,2,0.055,2
P18,2,229.0,2,4.7994,2,3.14,2,26.763,2,136.6,2,0.052000000000000005,2
P18,2,230.0,2,4.7946,2,3.13,2,26.7642,2,135.9,2,0.055999999999999994,2
P18,2,231.0,2,4.7891,2,3.12,2,26.7656,2,135.4,2,0.054000000000000006,2
P18,2,232.0,2,4.7865,2,3.09,2,26.7665,2,134.4,2,0.055,2
P18,2,233.0,2,4.7808,2,3.06,2,26.7681,2,133.2,2,0.051,2
P18,2,234.0,2,4.763,2,3.03,2,26.7722,2,131.9,2,0.054000000000000006,2
P18,2,235.0,2,4.7447,2,3.01,2,26.7764,2,130.7,2,0.051,2
P18,2,236.0,2,4.7413,2,2.98,2,26.776999999999997,2,129.7,2,0.051,2
P18,2,237.0,2,4.7304,2,2.96,2,26.7794,2,128.7,2,0.051,2
P18,2,238.0,2,4.7229,2,2.93,2,26.7818,2,127.5,2,0.051,2
P18,2,239.0,2,4.7186,2,2.91,2,26.7833,2,126.4,2,0.054000000000000006,2
P18,2,240.0,2,4.7132,2,2.88,2,26.7852,2,125.2,2,0.051,2
P18,2,241.0,2,4.7041,2,2.86,2,26.7882,2,124.3,2,0.053,2
P18,2,242.0,2,4.6985,2,2.85,2,26.7898,2,123.7,2,0.068,2
P18,2,243.0,2,4.6971,2,2.83,2,26.7901,2,123.2,2,0.055,2
P18,2,244.0,2,4.6957,2,2.83,2,26.7905,2,123.0,2,0.054000000000000006,2
P18,2,245.0,2,4.6937,2,2.82,2,26.7912,2,122.4,2,0.051,2
P18,2,246.0,2,4.6892,2,2.81,2,26.7925,2,122.2,2,0.051,2
P18,2,246.8,2,4.685,2,2.81,2,26.7935,2,122.3,2,0.051,2
P18,2,249.0,2,4.678999999999999,2,2.78,2,26.7952,2,121.0,2,0.053,2
P18,2,250.0,2,4.678999999999999,2,2.77,2,26.7951,2,120.6,2,0.055999999999999994,2
P18,2,251.0,2,4.6775,2,2.77,2,26.7954,2,120.4,2,0.051,2
P18,2,252.0,2,4.6768,2,2.77,2,26.7955,2,120.4,2,0.068,2
P18,2,253.0,2,4.6725,2,2.77,2,26.7961,2,120.3,2,0.06,2
P18,2,254.0,2,4.6698,2,2.76,2,26.7961,2,120.1,2,0.066,2
P18,2,255.0,2,4.6686,2,2.75,2,26.7967,2,119.4,2,0.055999999999999994,2
P18,2,256.0,2,4.6605,2,2.73,2,26.7981,2,118.7,2,0.051,2
P18,2,257.0,2,4.65,2,2.71,2,26.8002,2,117.8,2,0.051,2
P18,2,258.0,2,4.638,2,2.7,2,26.8029,2,117.3,2,0.051,2
P18,2,258.7,2,4.6306,2,2.7,2,26.8051,2,117.4,2,0.051,2
P18,2,261.0,2,4.6286,2,2.64,2,26.8073,2,115.0,2,0.052000000000000005,2
P18,2,262.0,2,4.6172,2,2.62,2,26.8091,2,114.0,2,0.063,2
P18,2,263.0,2,4.6126,2,2.59,2,26.8104,2,112.8,2,0.054000000000000006,2
P18,2,264.0,2,4.6039,2,2.57,2,26.8124,2,111.8,2,0.051,2
P18,2,265.0,2,4.592,2,2.55,2,26.8162,2,111.0,2,0.055,2
P18,2,266.0,2,4.5865,2,2.54,2,26.8182,2,110.3,2,0.054000000000000006,2
P18,2,267.0,2,4.5838,2,2.54,2,26.8191,2,110.2,2,0.057,2
P18,2,267.6,2,4.5829,2,2.54,2,26.8199,2,110.6,2,0.055,2
P18,2,271.1,2,4.5742,2,2.45,2,26.8245,2,106.7,2,0.055,2
P18,2,272.0,2,4.5552,2,2.44,2,26.8287,2,106.0,2,0.055,2
P18,2,273.0,2,4.5511,2,2.42,2,26.8293,2,105.2,2,0.051,2
P18,2,274.0,2,4.5448,2,2.4,2,26.8306,2,104.5,2,0.054000000000000006,2
P18,2,275.0,2,4.5392,2,2.39,2,26.8321,2,103.9,2,0.052000000000000005,2
P18,2,276.0,2,4.5362,2,2.38,2,26.8326,2,103.3,2,0.052000000000000005,2
P18,2,277.0,2,4.5332,2,2.37,2,26.8336,2,103.0,2,0.055,2
P18,2,278.0,2,4.5265,2,2.35,2,26.8353,2,102.3,2,0.055999999999999994,2
P18,2,279.0,2,4.5228,2,2.33,2,26.8367,2,101.3,2,0.054000000000000006,2
P18,2,280.0,2,4.5148,2,2.32,2,26.8407,2,100.7,2,0.055,2
P18,2,280.6,2,4.5122,2,2.32,2,26.8418,2,101.0,2,0.055,2
P18,2,282.3,2,4.5089999999999995,2,2.28,2,26.8444,2,99.0,2,0.059000000000000004,2
P18,2,283.0,2,4.5023,2,2.25,2,26.8474,2,98.0,2,0.055,2
P18,2,284.0,2,4.4992,2,2.23,2,26.8493,2,97.0,2,0.052000000000000005,2
P18,2,285.0,2,4.4971,2,2.22,2,26.8504,2,96.3,2,0.054000000000000006,2
P18,2,286.0,2,4.4947,2,2.2,2,26.8516,2,95.8,2,0.053,2
P18,2,287.0,2,4.4925,2,2.2,2,26.8523,2,95.5,2,0.055,2
P18,2,288.0,2,4.4891,2,2.19,2,26.8535,2,95.1,2,0.055,2
P18,2,289.0,2,4.4844,2,2.18,2,26.8551,2,94.6,2,0.057,2
P18,2,290.0,2,4.4817,2,2.17,2,26.855999999999998,2,94.5,2,0.054000000000000006,2
P18,2,290.9,2,4.4773,2,2.18,2,26.8574,2,94.9,2,0.054000000000000006,2
P18,2,294.3,2,4.4698,2,2.13,2,26.8606,2,92.7,2,0.055,2
P18,2,295.0,2,4.4654,2,2.12,2,26.8626,2,92.0,2,0.055,2
P18,2,296.0,2,4.4604,2,2.09,2,26.8641,2,91.0,2,0.059000000000000004,2
P18,2,297.0,2,4.4564,2,2.08,2,26.8657,2,90.5,2,0.059000000000000004,2
P18,2,298.0,2,4.4547,2,2.07,2,26.8661,2,90.2,2,0.055,2
P18,2,299.0,2,4.4510000000000005,2,2.07,2,26.8675,2,89.9,2,0.055,2
P18,2,300.0,2,4.4507,2,2.06,2,26.8673,2,89.7,2,0.057,2
P18,2,301.0,2,4.4501,2,2.06,2,26.8676,2,89.6,2,0.055,2
P18,2,302.0,2,4.4497,2,2.06,2,26.8675,2,89.6,2,0.055,2
P18,2,302.8,2,4.4497,2,2.07,2,26.8674,2,89.9,2,0.055,2
P18,2,305.2,2,4.4468,2,2.04,2,26.8692,2,88.7,2,0.055,2
P18,2,306.0,2,4.4391,2,2.03,2,26.8712,2,88.3,2,0.055,2
P18,2,307.0,2,4.4354,2,2.02,2,26.8721,2,88.0,2,0.055,2
P18,2,308.0,2,4.434,2,2.02,2,26.8726,2,87.6,2,0.081,2
P18,2,309.0,2,4.4303,2,2.01,2,26.8736,2,87.2,2,0.066,2
P18,2,310.0,2,4.4285,2,2.0,2,26.874000000000002,2,86.9,2,0.055999999999999994,2
P18,2,310.9,2,4.427,2,1.99,2,26.8749,2,86.7,2,0.055999999999999994,2
P18,2,312.1,2,4.4264,2,1.99,2,26.8752,2,86.5,2,0.057,2
P18,2,313.0,2,4.4255,2,1.98,2,26.8756,2,86.1,2,0.055,2
P18,2,314.0,2,4.425,2,1.97,2,26.8758,2,85.8,2,0.057,2
P18,2,315.0,2,4.4236,2,1.97,2,26.8764,2,85.6,2,0.055,2
P18,2,316.0,2,4.4191,2,1.96,2,26.8787,2,85.3,2,0.055,2
P18,2,317.0,2,4.418,2,1.96,2,26.879,2,85.1,2,0.055,2
P18,2,318.0,2,4.4158,2,1.95,2,26.88,2,84.7,2,0.055999999999999994,2
P18,2,318.7,2,4.4135,2,1.95,2,26.8811,2,84.7,2,0.06,2
P18,2,320.4,2,4.4061,2,1.9,2,26.8845,2,82.6,2,0.07400000000000001,2
P18,2,321.0,2,4.4006,2,1.89,2,26.8871,2,82.0,2,0.066,2
P18,2,322.0,2,4.3976,2,1.86,2,26.8884,2,81.0,2,0.055,2
P18,2,323.0,2,4.3939,2,1.84,2,26.8902,2,80.0,2,0.055,2
P18,2,324.0,2,4.3873,2,1.83,2,26.8935,2,79.4,2,0.057999999999999996,2
P18,2,325.0,2,4.3835,2,1.81,2,26.8958,2,78.7,2,0.055999999999999994,2
P18,2,326.0,2,4.3826,2,1.8,2,26.8963,2,78.3,2,0.055,2
P18,2,327.0,2,4.3807,2,1.8,2,26.8978,2,78.3,2,0.055,2
P18,2,329.1,2,4.3783,2,1.77,2,26.8996,2,77.2,2,0.055,2
P18,2,330.0,2,4.3777,2,1.75,2,26.9,2,76.2,2,0.051,2
P18,2,331.0,2,4.3741,2,1.74,2,26.9023,2,75.4,2,0.057,2
P18,2,332.0,2,4.3662,2,1.72,2,26.9065,2,74.7,2,0.057,2
P18,2,333.0,2,4.3634,2,1.7,2,26.9079,2,74.1,2,0.055999999999999994,2
P18,2,334.0,2,4.3622,2,1.69,2,26.9085,2,73.6,2,0.057,2
P18,2,335.0,2,4.3614,2,1.69,2,26.909000000000002,2,73.4,2,0.055,2
P18,2,336.0,2,4.3605,2,1.68,2,26.9095,2,73.2,2,0.054000000000000006,2
P18,2,337.0,2,4.3596,2,1.68,2,26.9101,2,73.1,2,0.057,2
P18,2,338.0,2,4.3592,2,1.68,2,26.9105,2,72.9,2,0.055,2
P18,2,339.0,2,4.3584,2,1.67,2,26.910999999999998,2,72.6,2,0.055,2
P18,2,340.0,2,4.3576,2,1.67,2,26.9115,2,72.4,2,0.06,2
P18,2,341.0,2,4.3564,2,1.66,2,26.9122,2,72.3,2,0.057999999999999996,2
P18,2,342.0,2,4.3552,2,1.65,2,26.9131,2,71.9,2,0.055999999999999994,2
P18,2,343.0,2,4.353,2,1.65,2,26.9145,2,71.6,2,0.059000000000000004,2
P18,2,344.0,2,4.3512,2,1.64,2,26.9156,2,71.2,2,0.059000000000000004,2
P18,2,345.0,2,4.3514,2,1.63,2,26.9162,2,70.9,2,0.059000000000000004,2
P18,2,346.0,2,4.3458,2,1.63,2,26.9178,2,70.8,2,0.057,2
P18,2,347.0,2,4.343999999999999,2,1.62,2,26.9185,2,70.6,2,0.055,2
P18,2,348.0,2,4.3427,2,1.61,2,26.9195,2,70.1,2,0.057,2
P18,2,349.0,2,4.3438,2,1.6,2,26.921,2,69.6,2,0.055999999999999994,2
P18,2,350.0,2,4.3417,2,1.59,2,26.9221,2,69.0,2,0.057999999999999996,2
P18,2,351.0,2,4.3374,2,1.57,2,26.9247,2,68.3,2,0.055999999999999994,2
P18,2,352.0,2,4.3335,2,1.57,2,26.9265,2,68.0,2,0.055,2
P18,2,353.0,2,4.3309,2,1.56,2,26.9274,2,67.8,2,0.057999999999999996,2
P18,2,354.0,2,4.3266,2,1.55,2,26.9296,2,67.2,2,0.055,2
P18,2,355.0,2,4.3251,2,1.54,2,26.9306,2,66.8,2,0.055,2
P18,2,356.0,2,4.3221,2,1.53,2,26.9326,2,66.6,2,0.055999999999999994,2
P18,2,357.0,2,4.3194,2,1.53,2,26.9344,2,66.7,2,0.057,2
P18,2,357.6,2,4.3184,2,1.54,2,26.9351,2,67.1,2,0.057999999999999996,2
P18,2,359.3,2,4.3161,2,1.52,2,26.9364,2,66.2,2,0.059000000000000004,2
P18,2,360.0,2,4.3156,2,1.51,2,26.9368,2,65.8,2,0.057,2
P18,2,361.0,2,4.3143,2,1.5,2,26.9377,2,65.4,2,0.057999999999999996,2
P18,2,362.0,2,4.3101,2,1.5,2,26.9397,2,65.1,2,0.06,2
P18,2,363.0,2,4.3071,2,1.49,2,26.9417,2,64.7,2,0.06,2
P18,2,364.0,2,4.3069999999999995,2,1.48,2,26.9421,2,64.5,2,0.059000000000000004,2
P18,2,365.0,2,4.3072,2,1.48,2,26.941999999999997,2,64.4,2,0.055999999999999994,2
P18,2,366.0,2,4.3061,2,1.47,2,26.943,2,64.1,2,0.055999999999999994,2
P18,2,367.0,2,4.305,2,1.47,2,26.9439,2,63.9,2,0.055,2
P18,2,368.0,2,4.3042,2,1.47,2,26.9445,2,63.7,2,0.057,2
P18,2,369.0,2,4.3028,2,1.46,2,26.9454,2,63.5,2,0.055999999999999994,2
P18,2,370.0,2,4.2993,2,1.45,2,26.9472,2,63.2,2,0.057999999999999996,2
P18,2,371.0,2,4.2958,2,1.45,2,26.9494,2,62.9,2,0.055,2
P18,2,372.0,2,4.2919,2,1.44,2,26.9517,2,62.6,2,0.055,2
P18,2,373.0,2,4.2892,2,1.44,2,26.9532,2,62.6,2,0.055,2
P18,2,375.5,2,4.2882,2,1.43,2,26.9538,2,62.3,2,0.059000000000000004,2
P18,2,376.0,2,4.2872,2,1.42,2,26.9546,2,61.9,2,0.059000000000000004,2
P18,2,377.0,2,4.2857,2,1.42,2,26.9553,2,61.7,2,0.055999999999999994,2
P18,2,378.0,2,4.2845,2,1.42,2,26.9563,2,61.6,2,0.055999999999999994,2
P18,2,379.0,2,4.2841,2,1.41,2,26.9565,2,61.4,2,0.059000000000000004,2
P18,2,380.0,2,4.2834,2,1.41,2,26.9569,2,61.3,2,0.057999999999999996,2
P18,2,381.0,2,4.2823,2,1.41,2,26.9577,2,61.3,2,0.057,2
P18,2,382.0,2,4.281000000000001,2,1.4,2,26.9585,2,61.1,2,0.055,2
P18,2,383.0,2,4.28,2,1.4,2,26.959,2,60.9,2,0.057999999999999996,2
P18,2,384.0,2,4.2791,2,1.4,2,26.9596,2,60.8,2,0.055999999999999994,2
P18,2,385.0,2,4.2782,2,1.39,2,26.9602,2,60.6,2,0.055999999999999994,2
P18,2,385.9,2,4.2765,2,1.39,2,26.9612,2,60.5,2,0.059000000000000004,2
P18,2,387.5,2,4.2734,2,1.37,2,26.9632,2,59.6,2,0.059000000000000004,2
P18,2,388.0,2,4.2691,2,1.36,2,26.9662,2,59.3,2,0.059000000000000004,2
P18,2,389.0,2,4.2667,2,1.35,2,26.9677,2,58.7,2,0.057999999999999996,2
P18,2,390.0,2,4.2656,2,1.34,2,26.9682,2,58.4,2,0.055,2
P18,2,391.0,2,4.2646,2,1.34,2,26.9689,2,58.3,2,0.059000000000000004,2
P18,2,392.0,2,4.2636,2,1.34,2,26.9694,2,58.2,2,0.055,2
P18,2,393.0,2,4.2628,2,1.34,2,26.9699,2,58.1,2,0.055,2
P18,2,394.0,2,4.2621,2,1.34,2,26.9702,2,58.0,2,0.055,2
P18,2,394.8,2,4.2611,2,1.34,2,26.9708,2,58.2,2,0.057999999999999996,2
P18,2,397.3,2,4.2551,2,1.31,2,26.9746,2,56.9,2,0.055999999999999994,2
P18,2,398.0,2,4.2502,2,1.3,2,26.9777,2,56.6,2,0.057999999999999996,2
P18,2,399.0,2,4.2491,2,1.29,2,26.9782,2,56.2,2,0.057999999999999996,2
P18,2,400.0,2,4.2483,2,1.29,2,26.9787,2,56.1,2,0.059000000000000004,2
P18,2,401.0,2,4.2474,2,1.29,2,26.979,2,55.9,2,0.057999999999999996,2
P18,2,402.0,2,4.2471,2,1.28,2,26.9791,2,55.6,2,0.055999999999999994,2
P18,2,403.0,2,4.2464,2,1.28,2,26.9797,2,55.6,2,0.059000000000000004,2
P18,2,404.0,2,4.2454,2,1.28,2,26.9802,2,55.5,2,0.059000000000000004,2
P18,2,405.0,2,4.2442,2,1.27,2,26.9809,2,55.3,2,0.059000000000000004,2
P18,2,406.0,2,4.2416,2,1.27,2,26.9823,2,55.1,2,0.055999999999999994,2
P18,2,407.0,2,4.2396,2,1.26,2,26.9835,2,54.8,2,0.055999999999999994,2
P18,2,408.0,2,4.2378,2,1.25,2,26.9846,2,54.5,2,0.055999999999999994,2
P18,2,409.0,2,4.2366,2,1.24,2,26.9853,2,54.1,2,0.055999999999999994,2
P18,2,410.0,2,4.2332,2,1.23,2,26.9877,2,53.4,2,0.059000000000000004,2
P18,2,411.0,2,4.2273,2,1.22,2,26.9911,2,52.9,2,0.059000000000000004,2
P18,2,412.0,2,4.2249,2,1.21,2,26.9924,2,52.7,2,0.059000000000000004,2
P18,2,413.0,2,4.2233,2,1.21,2,26.9934,2,52.6,2,0.057999999999999996,2
P18,2,413.8,2,4.2229,2,1.21,2,26.9938,2,52.6,2,0.055,2
P18,2,416.0,2,4.221,2,1.2,2,26.9953,2,52.2,2,0.055999999999999994,2
P18,2,417.0,2,4.2204,2,1.2,2,26.9958,2,52.1,2,0.059000000000000004,2
P18,2,418.0,2,4.2198,2,1.2,2,26.9962,2,52.2,2,0.057999999999999996,2
P18,2,419.0,2,4.2191,2,1.2,2,26.9966,2,51.9,2,0.059000000000000004,2
P18,2,420.0,2,4.2189,2,1.19,2,26.9966,2,51.7,2,0.059000000000000004,2
P18,2,421.0,2,4.2187,2,1.19,2,26.9969,2,51.8,2,0.059000000000000004,2
P18,2,422.0,2,4.2185,2,1.19,2,26.9971,2,51.7,2,0.055999999999999994,2
P18,2,423.0,2,4.2177,2,1.18,2,26.9976,2,51.5,2,0.057999999999999996,2
P18,2,424.0,2,4.2168,2,1.18,2,26.9983,2,51.2,2,0.057999999999999996,2
P18,2,425.0,2,4.2157,2,1.17,2,26.9989,2,51.0,2,0.055,2
P18,2,426.0,2,4.2121,2,1.17,2,27.0008,2,50.8,2,0.057,2
P18,2,427.0,2,4.2102,2,1.16,2,27.002,2,50.5,2,0.059000000000000004,2
P18,2,428.0,2,4.2082,2,1.15,2,27.0031,2,50.1,2,0.059000000000000004,2
P18,2,429.0,2,4.2048,2,1.15,2,27.0049,2,49.9,2,0.059000000000000004,2
P18,2,429.5,2,4.2033,2,1.15,2,27.0055,2,50.1,2,0.059000000000000004,2
P18,2,431.2,2,4.1955,2,1.11,2,27.01,2,48.3,2,0.059000000000000004,2
P18,2,432.0,2,4.1879,2,1.09,2,27.0138,2,47.6,2,0.057999999999999996,2
P18,2,433.0,2,4.1807,2,1.08,2,27.0173,2,46.8,2,0.057999999999999996,2
P18,2,434.0,2,4.1752,2,1.06,2,27.0196,2,46.0,2,0.059000000000000004,2
P18,2,435.0,2,4.1724,2,1.05,2,27.0206,2,45.5,2,0.059000000000000004,2
P18,2,436.0,2,4.1694,2,1.04,2,27.0216,2,45.1,2,0.059000000000000004,2
P18,2,437.0,2,4.1608,2,1.03,2,27.0243,2,44.9,2,0.057999999999999996,2
P18,2,437.7,2,4.1565,2,1.03,2,27.0251,2,44.7,2,0.055,2
P18,2,439.4,2,4.1535,2,1.01,2,27.0265,2,43.7,2,0.055,2
P18,2,440.0,2,4.1515,2,1.0,2,27.0271,2,43.5,2,0.059000000000000004,2
P18,2,441.0,2,4.1502,2,0.99,2,27.0275,2,43.1,2,0.059000000000000004,2
P18,2,442.0,2,4.1473,2,0.99,2,27.0281,2,42.9,2,0.059000000000000004,2
P18,2,442.8,2,4.1424,2,0.99,2,27.03,2,42.9,2,0.057999999999999996,2
P18,2,444.2,2,4.138999999999999,2,0.97,2,27.031999999999996,2,42.1,2,0.057999999999999996,2
P18,2,445.0,2,4.1385,2,0.97,2,27.0325,2,42.0,2,0.057,2
P18,2,446.0,2,4.1359,2,0.96,2,27.0341,2,41.6,2,0.059000000000000004,2
P18,2,447.0,2,4.1307,2,0.95,2,27.0355,2,41.3,2,0.061,2
P18,2,448.0,2,4.127,2,0.94,2,27.0366,2,40.7,2,0.059000000000000004,2
P18,2,449.0,2,4.1241,2,0.93,2,27.0375,2,40.6,2,0.057,2
P18,2,450.0,2,4.1223,2,0.93,2,27.0381,2,40.4,2,0.059000000000000004,2
P18,2,451.0,2,4.1181,2,0.93,2,27.0399,2,40.3,2,0.059000000000000004,2
P18,2,451.9,2,4.1167,2,0.93,2,27.0408,2,40.3,2,0.059000000000000004,2
P18,2,453.4,2,4.1182,2,0.92,2,27.0402,2,40.0,2,0.059000000000000004,2
P18,2,454.0,2,4.1146,2,0.91,2,27.0417,2,39.6,2,0.059000000000000004,2
P18,2,455.0,2,4.111000000000001,2,0.9,2,27.0427,2,39.3,2,0.057999999999999996,2
P18,2,456.0,2,4.1056,2,0.89,2,27.0444,2,38.9,2,0.059000000000000004,2
P18,2,457.0,2,4.1012,2,0.89,2,27.0459,2,38.8,2,0.057999999999999996,2
P18,2,458.0,2,4.1003,2,0.89,2,27.046,2,38.6,2,0.057999999999999996,2
P18,2,458.8,2,4.0994,2,0.89,2,27.0465,2,38.9,2,0.059000000000000004,2
P18,2,461.0,2,4.0888,2,0.87,2,27.0494,2,37.8,2,0.059000000000000004,2
P18,2,462.0,2,4.0823,2,0.86,2,27.0511,2,37.2,2,0.055,2
P18,2,463.0,2,4.0797,2,0.85,2,27.0524,2,36.8,2,0.057,2
P18,2,464.0,2,4.0765,2,0.84,2,27.0535,2,36.4,2,0.057999999999999996,2
P18,2,465.0,2,4.0726,2,0.83,2,27.0546,2,36.1,2,0.059000000000000004,2
P18,2,466.0,2,4.0692,2,0.83,2,27.055999999999997,2,36.0,2,0.059000000000000004,2
P18,2,467.0,2,4.0649,2,0.82,2,27.0577,2,35.8,2,0.059000000000000004,2
P18,2,468.0,2,4.0607,2,0.82,2,27.0588,2,35.5,2,0.061,2
P18,2,469.0,2,4.0531,2,0.81,2,27.0612,2,35.0,2,0.059000000000000004,2
P18,2,470.0,2,4.0459,2,0.8,2,27.0637,2,34.7,2,0.059000000000000004,2
P18,2,471.0,2,4.0447,2,0.8,2,27.0643,2,34.6,2,0.059000000000000004,2
P18,2,472.0,2,4.0427,2,0.8,2,27.0652,2,34.6,2,0.059000000000000004,2
P18,2,472.6,2,4.0385,2,0.8,2,27.0675,2,34.8,2,0.057999999999999996,2
P18,2,474.4,2,4.0324,2,0.79,2,27.0699,2,34.5,2,0.055,2
P18,2,475.0,2,4.0318,2,0.79,2,27.0701,2,34.2,2,0.059000000000000004,2
P18,2,476.0,2,4.0289,2,0.78,2,27.0703,2,33.7,2,0.059000000000000004,2
P18,2,477.0,2,4.0279,2,0.77,2,27.0705,2,33.6,2,0.059000000000000004,2
P18,2,478.0,2,4.0279,2,0.77,2,27.0708,2,33.6,2,0.059000000000000004,2
P18,2,479.0,2,4.0298,2,0.78,2,27.0718,2,33.7,2,0.059000000000000004,2
P18,2,480.0,2,4.031000000000001,2,0.78,2,27.0721,2,33.8,2,0.059000000000000004,2
P18,2,481.0,2,4.0316,2,0.78,2,27.0724,2,34.0,2,0.059000000000000004,2
P18,2,482.0,2,4.0318,2,0.79,2,27.0737,2,34.2,2,0.059000000000000004,2
P18,2,482.9,2,4.0306,2,0.78,2,27.0745,2,34.0,2,0.059000000000000004,2
P18,2,485.4,2,4.0294,2,0.78,2,27.0782,2,33.7,2,0.057999999999999996,2
P18,2,486.0,2,4.0207,2,0.77,2,27.0792,2,33.4,2,0.055999999999999994,2
P18,2,487.0,2,4.0142,2,0.76,2,27.0801,2,33.2,2,0.057,2
P18,2,488.0,2,4.0137,2,0.76,2,27.0804,2,33.0,2,0.059000000000000004,2
P18,2,489.0,2,4.0119,2,0.75,2,27.0812,2,32.8,2,0.059000000000000004,2
P18,2,490.0,2,4.0092,2,0.75,2,27.0826,2,32.7,2,0.059000000000000004,2
P18,2,491.0,2,4.0054,2,0.75,2,27.0838,2,32.5,2,0.059000000000000004,2
P18,2,491.7,2,3.9987,2,0.75,2,27.0852,2,32.5,2,0.059000000000000004,2
P18,2,494.2,2,3.9979,2,0.74,2,27.0891,2,32.2,2,0.059000000000000004,2
P18,2,495.0,2,3.9915,2,0.74,2,27.0899,2,32.1,2,0.059000000000000004,2
P18,2,496.0,2,3.9902,2,0.74,2,27.0906,2,32.2,2,0.059000000000000004,2
P18,2,497.2,2,3.9873,2,0.74,2,27.0916,2,32.1,2,0.059000000000000004,2
P18,2,498.0,2,3.9856,2,0.73,2,27.0928,2,31.8,2,0.059000000000000004,2
P18,2,499.0,2,3.9766,2,0.72,2,27.0946,2,31.3,2,0.059000000000000004,2
P18,2,500.0,2,3.9722,2,0.71,2,27.096,2,31.0,2,0.059000000000000004,2
P18,2,501.0,2,3.9697,2,0.71,2,27.0965,2,30.9,2,0.059000000000000004,2
P18,2,502.0,2,3.9685,2,0.71,2,27.0973,2,30.9,2,0.059000000000000004,2
P18,2,503.0,2,3.9672,2,0.72,2,27.0977,2,31.1,2,0.059000000000000004,2
P18,2,504.0,2,3.967,2,0.72,2,27.0982,2,31.3,2,0.059000000000000004,2
P18,2,504.8,2,3.9731,2,0.72,2,27.0994,2,31.3,2,0.059000000000000004,2
P18,2,506.0,2,3.9760000000000004,2,0.73,2,27.0999,2,31.7,2,0.06,2
P18,2,507.0,2,3.9730000000000003,2,0.72,2,27.1004,2,31.5,2,0.062,2
P18,2,508.0,2,3.9726,2,0.72,2,27.1006,2,31.2,2,0.059000000000000004,2
P18,2,509.0,2,3.9682,2,0.71,2,27.1015,2,31.0,2,0.059000000000000004,2
P18,2,510.0,2,3.9573,2,0.7,2,27.1038,2,30.5,2,0.06,2
P18,2,511.0,2,3.9524,2,0.69,2,27.1047,2,30.1,2,0.059000000000000004,2
P18,2,512.0,2,3.9435,2,0.68,2,27.1063,2,29.5,2,0.059000000000000004,2
P18,2,513.0,2,3.9296,2,0.67,2,27.1077,2,29.2,2,0.059000000000000004,2
P18,2,513.7,2,3.9186,2,0.67,2,27.1087,2,29.2,2,0.057999999999999996,2
P18,2,516.2,2,3.9144,2,0.66,2,27.1117,2,28.6,2,0.057,2
P18,2,517.0,2,3.9027,2,0.66,2,27.1139,2,28.5,2,0.061,2
P18,2,518.0,2,3.9082,2,0.65,2,27.1149,2,28.5,2,0.059000000000000004,2
P18,2,519.0,2,3.9114,2,0.66,2,27.1156,2,28.5,2,0.055999999999999994,2
P18,2,520.0,2,3.9086,2,0.66,2,27.1163,2,28.6,2,0.057999999999999996,2
P18,2,521.0,2,3.9064,2,0.66,2,27.1168,2,28.6,2,0.059000000000000004,2
P18,2,522.0,2,3.9049,2,0.65,2,27.1172,2,28.5,2,0.059000000000000004,2
P18,2,523.0,2,3.9041,2,0.65,2,27.1175,2,28.4,2,0.059000000000000004,2
P18,2,524.0,2,3.903,2,0.65,2,27.1176,2,28.3,2,0.059000000000000004,2
P18,2,525.0,2,3.9011,2,0.65,2,27.1181,2,28.1,2,0.059000000000000004,2
P18,2,526.0,2,3.8963,2,0.64,2,27.1188,2,28.0,2,0.059000000000000004,2
P18,2,527.0,2,3.8912,2,0.64,2,27.1195,2,28.0,2,0.057999999999999996,2
P18,2,528.0,2,3.8886,2,0.64,2,27.1199,2,27.8,2,0.057,2
P18,2,529.0,2,3.8907,2,0.63,2,27.1195,2,27.5,2,0.059000000000000004,2
P18,2,530.0,2,3.8828,2,0.63,2,27.121,2,27.3,2,0.059000000000000004,2
P18,2,531.0,2,3.8775,2,0.63,2,27.1221,2,27.2,2,0.059000000000000004,2
P18,2,532.0,2,3.8743,2,0.63,2,27.1237,2,27.2,2,0.059000000000000004,2
P18,2,533.0,2,3.8697,2,0.63,2,27.1268,2,27.3,2,0.06,2
P18,2,534.0,2,3.8672,2,0.63,2,27.128,2,27.2,2,0.06,2
P18,2,535.0,2,3.8652,2,0.63,2,27.1284,2,27.3,2,0.059000000000000004,2
P18,2,536.0,2,3.8625,2,0.62,2,27.129,2,27.2,2,0.063,2
P18,2,537.0,2,3.8608,2,0.62,2,27.1294,2,27.1,2,0.061,2
P18,2,537.8,2,3.8608,2,0.62,2,27.1298,2,27.2,2,0.057999999999999996,2
P18,2,539.0,2,3.8614,2,0.62,2,27.1296,2,27.2,2,0.057999999999999996,2
P18,2,540.0,2,3.8619,2,0.62,2,27.1297,2,27.1,2,0.059000000000000004,2
P18,2,541.0,2,3.8603,2,0.62,2,27.1304,2,27.2,2,0.055999999999999994,2
P18,2,542.0,2,3.8559,2,0.62,2,27.1315,2,27.2,2,0.057,2
P18,2,543.0,2,3.8535,2,0.62,2,27.1325,2,27.0,2,0.059000000000000004,2
P18,2,544.0,2,3.8513,2,0.62,2,27.1335,2,27.1,2,0.057999999999999996,2
P18,2,545.0,2,3.8461,2,0.62,2,27.1351,2,27.0,2,0.057999999999999996,2
P18,2,546.0,2,3.8431,2,0.62,2,27.1358,2,27.1,2,0.059000000000000004,2
P18,2,546.8,2,3.8421,2,0.62,2,27.1361,2,27.0,2,0.059000000000000004,2
P18,2,548.4,2,3.8402,2,0.62,2,27.1367,2,26.7,2,0.059000000000000004,2
P18,2,549.0,2,3.8385,2,0.62,2,27.1371,2,26.8,2,0.059000000000000004,2
P18,2,550.0,2,3.8387,2,0.61,2,27.1369,2,26.6,2,0.059000000000000004,2
P18,2,551.0,2,3.8379,2,0.61,2,27.1373,2,26.7,2,0.059000000000000004,2
P18,2,552.0,2,3.8368,2,0.61,2,27.1375,2,26.6,2,0.057999999999999996,2
P18,2,553.0,2,3.8361,2,0.61,2,27.1377,2,26.7,2,0.059000000000000004,2
P18,2,554.0,2,3.8351,2,0.61,2,27.1381,2,26.6,2,0.06,2
P18,2,555.0,2,3.8337,2,0.61,2,27.1386,2,26.5,2,0.06,2
P18,2,556.0,2,3.832,2,0.61,2,27.1391,2,26.6,2,0.059000000000000004,2
P18,2,556.7,2,3.8299,2,0.62,2,27.1398,2,26.7,2,0.059000000000000004,2
P18,2,558.2,2,3.8253,2,0.61,2,27.1411,2,26.3,2,0.059000000000000004,2
P18,2,559.0,2,3.8255,2,0.61,2,27.1411,2,26.4,2,0.059000000000000004,2
P18,2,560.0,2,3.8226,2,0.61,2,27.1418,2,26.3,2,0.059000000000000004,2
P18,2,561.0,2,3.8115,2,0.6,2,27.145,2,26.2,2,0.059000000000000004,2
P18,2,562.0,2,3.8026,2,0.6,2,27.1472,2,25.9,2,0.059000000000000004,2
P18,2,563.0,2,3.7985,2,0.59,2,27.1482,2,25.8,2,0.059000000000000004,2
P18,2,564.0,2,3.7951,2,0.59,2,27.1488,2,25.7,2,0.059000000000000004,2
P18,2,565.0,2,3.7917,2,0.59,2,27.1498,2,25.7,2,0.059000000000000004,2
P18,2,566.1,2,3.7896,2,0.59,2,27.1504,2,25.8,2,0.059000000000000004,2
P18,2,568.1,2,3.7831,2,0.59,2,27.1522,2,25.6,2,0.059000000000000004,2
P18,2,569.0,2,3.7811,2,0.59,2,27.1525,2,25.6,2,0.059000000000000004,2
P18,2,570.0,2,3.778,2,0.59,2,27.1534,2,25.5,2,0.059000000000000004,2
P18,2,571.0,2,3.7743,2,0.58,2,27.1544,2,25.2,2,0.059000000000000004,2
P18,2,572.0,2,3.7721,2,0.57,2,27.1548,2,25.0,2,0.057999999999999996,2
P18,2,573.0,2,3.7667,2,0.57,2,27.1561,2,24.8,2,0.059000000000000004,2
P18,2,574.0,2,3.7638,2,0.56,2,27.1568,2,24.5,2,0.059000000000000004,2
P18,2,575.0,2,3.7592,2,0.56,2,27.1582,2,24.3,2,0.059000000000000004,2
P18,2,576.0,2,3.7517,2,0.56,2,27.1605,2,24.2,2,0.059000000000000004,2
P18,2,577.0,2,3.7488,2,0.56,2,27.1616,2,24.2,2,0.059000000000000004,2
P18,2,578.0,2,3.7477,2,0.56,2,27.1618,2,24.2,2,0.059000000000000004,2
P18,2,579.0,2,3.7456,2,0.56,2,27.1623,2,24.3,2,0.059000000000000004,2
P18,2,580.0,2,3.7428,2,0.56,2,27.1631,2,24.3,2,0.059000000000000004,2
P18,2,582.3,2,3.7404,2,0.55,2,27.1639,2,24.0,2,0.059000000000000004,2
P18,2,583.0,2,3.7395,2,0.55,2,27.1641,2,24.0,2,0.055999999999999994,2
P18,2,584.0,2,3.7386,2,0.55,2,27.1643,2,23.9,2,0.057999999999999996,2
P18,2,585.0,2,3.7349,2,0.55,2,27.1656,2,23.9,2,0.059000000000000004,2
P18,2,586.0,2,3.7332,2,0.55,2,27.1661,2,23.9,2,0.059000000000000004,2
P18,2,587.0,2,3.7317,2,0.55,2,27.1666,2,23.8,2,0.057999999999999996,2
P18,2,588.0,2,3.7289999999999996,2,0.55,2,27.1672,2,23.8,2,0.059000000000000004,2
P18,2,589.0,2,3.7260000000000004,2,0.55,2,27.1684,2,23.9,2,0.059000000000000004,2
P18,2,590.0,2,3.7243,2,0.55,2,27.1686,2,23.8,2,0.059000000000000004,2
P18,2,591.0,2,3.7222,2,0.54,2,27.1692,2,23.6,2,0.059000000000000004,2
P18,2,592.0,2,3.7213,2,0.54,2,27.1693,2,23.5,2,0.059000000000000004,2
P18,2,593.0,2,3.72,2,0.53,2,27.1698,2,23.2,2,0.057999999999999996,2
P18,2,594.0,2,3.7152,2,0.53,2,27.1716,2,23.1,2,0.059000000000000004,2
P18,2,595.0,2,3.7110000000000003,2,0.53,2,27.1732,2,23.1,2,0.059000000000000004,2
P18,2,596.0,2,3.7103,2,0.53,2,27.1735,2,22.9,2,0.059000000000000004,2
P18,2,597.0,2,3.7073,2,0.53,2,27.1746,2,22.9,2,0.059000000000000004,2
P18,2,598.0,2,3.7047,2,0.52,2,27.1756,2,22.6,2,0.059000000000000004,2
P18,2,599.0,2,3.7017,2,0.52,2,27.1765,2,22.4,2,0.059000000000000004,2
P18,2,600.0,2,3.6957,2,0.52,2,27.1784,2,22.5,2,0.094,2
P18,2,600.7,2,3.6869,2,0.52,2,27.1811,2,22.5,2,0.066,2
P18,2,603.2,2,3.6823,2,0.51,2,27.1834,2,22.2,2,0.059000000000000004,2
P18,2,604.0,2,3.6823,2,0.51,2,27.1834,2,22.3,2,0.059000000000000004,2
P18,2,605.0,2,3.6823,2,0.51,2,27.1834,2,22.3,2,0.059000000000000004,2
P18,2,606.0,2,3.6818,2,0.51,2,27.1836,2,22.1,2,0.059000000000000004,2
P18,2,607.0,2,3.6816,2,0.51,2,27.1836,2,22.0,2,0.059000000000000004,2
P18,2,608.0,2,3.6806,2,0.51,2,27.1842,2,22.0,2,0.059000000000000004,2
P18,2,609.0,2,3.6798,2,0.5,2,27.1846,2,21.9,2,0.057999999999999996,2
P18,2,610.0,2,3.6793,2,0.51,2,27.1848,2,22.0,2,0.059000000000000004,2
P18,2,611.0,2,3.6787,2,0.51,2,27.1851,2,22.1,2,0.06,2
P18,2,612.0,2,3.6744,2,0.5,2,27.1864,2,21.9,2,0.059000000000000004,2
P18,2,613.0,2,3.6615,2,0.51,2,27.1889,2,22.1,2,0.059000000000000004,2
P18,2,614.0,2,3.6531,2,0.51,2,27.1916,2,22.0,2,0.059000000000000004,2
P18,2,615.0,2,3.6518,2,0.51,2,27.1917,2,22.1,2,0.059000000000000004,2
P18,2,616.0,2,3.6505,2,0.51,2,27.1924,2,22.2,2,0.059000000000000004,2
P18,2,617.0,2,3.6494,2,0.51,2,27.1927,2,22.1,2,0.059000000000000004,2
P18,2,618.0,2,3.6489,2,0.51,2,27.1929,2,22.0,2,0.059000000000000004,2
P18,2,620.1,2,3.6476,2,0.51,2,27.1936,2,22.0,2,0.059000000000000004,2
P18,2,621.0,2,3.6473,2,0.51,2,27.1937,2,22.0,2,0.059000000000000004,2
P18,2,622.0,2,3.6472,2,0.5,2,27.1935,2,21.9,2,0.059000000000000004,2
P18,2,623.0,2,3.6461,2,0.5,2,27.1939,2,21.9,2,0.059000000000000004,2
P18,2,624.0,2,3.6459,2,0.5,2,27.1941,2,21.9,2,0.059000000000000004,2
P18,2,625.0,2,3.6443,2,0.5,2,27.1951,2,21.9,2,0.059000000000000004,2
P18,2,626.0,2,3.6442,2,0.5,2,27.1957,2,21.7,2,0.059000000000000004,2
P18,2,627.0,2,3.6439,2,0.5,2,27.1957,2,21.7,2,0.059000000000000004,2
P18,2,628.0,2,3.6430000000000002,2,0.5,2,27.195999999999998,2,21.8,2,0.059000000000000004,2
P18,2,629.0,2,3.6413,2,0.5,2,27.1962,2,21.7,2,0.059000000000000004,2
P18,2,630.0,2,3.6362,2,0.5,2,27.1974,2,21.8,2,0.059000000000000004,2
P18,2,631.0,2,3.6321,2,0.5,2,27.1985,2,21.9,2,0.059000000000000004,2
P18,2,632.0,2,3.6308,2,0.5,2,27.1989,2,21.7,2,0.059000000000000004,2
P18,2,633.0,2,3.6276,2,0.5,2,27.1998,2,21.8,2,0.059000000000000004,2
P18,2,634.0,2,3.6263,2,0.5,2,27.2004,2,21.9,2,0.059000000000000004,2
P18,2,635.0,2,3.6239999999999997,2,0.5,2,27.2015,2,21.7,2,0.06,2
P18,2,636.0,2,3.6204,2,0.5,2,27.2032,2,21.7,2,0.061,2
P18,2,637.0,2,3.6179,2,0.5,2,27.204,2,21.6,2,0.059000000000000004,2
P18,2,638.0,2,3.615,2,0.5,2,27.205,2,21.5,2,0.059000000000000004,2
P18,2,639.0,2,3.6126,2,0.49,2,27.2058,2,21.4,2,0.059000000000000004,2
P18,2,640.0,2,3.6123,2,0.49,2,27.2061,2,21.4,2,0.059000000000000004,2
P18,2,641.0,2,3.6123,2,0.49,2,27.2061,2,21.5,2,0.06,2
P18,2,642.0,2,3.6123,2,0.49,2,27.2061,2,21.5,2,0.059000000000000004,2
P18,2,643.0,2,3.612,2,0.49,2,27.2061,2,21.5,2,0.059000000000000004,2
P18,2,644.0,2,3.611,2,0.49,2,27.2067,2,21.3,2,0.059000000000000004,2
P18,2,645.0,2,3.6096,2,0.49,2,27.2071,2,21.3,2,0.059000000000000004,2
P18,2,646.0,2,3.6075,2,0.49,2,27.208000000000002,2,21.4,2,0.059000000000000004,2
P18,2,647.0,2,3.6049,2,0.49,2,27.2091,2,21.4,2,0.059000000000000004,2
P18,2,648.0,2,3.6041,2,0.49,2,27.21,2,21.3,2,0.059000000000000004,2
P18,2,649.0,2,3.6031,2,0.49,2,27.2106,2,21.2,2,0.059000000000000004,2
P18,2,650.2,2,3.595,2,0.49,2,27.2138,2,21.1,2,0.059000000000000004,2
P18,2,651.0,2,3.5922,2,0.48,2,27.2152,2,21.0,2,0.059000000000000004,2
P18,2,652.0,2,3.5885,2,0.48,2,27.2163,2,20.9,2,0.059000000000000004,2
P18,2,653.0,2,3.5851,2,0.48,2,27.2172,2,20.9,2,0.057999999999999996,2
P18,2,654.0,2,3.5828,2,0.48,2,27.2181,2,21.0,2,0.059000000000000004,2
P18,2,655.0,2,3.5810000000000004,2,0.48,2,27.2188,2,21.0,2,0.059000000000000004,2
P18,2,656.0,2,3.5792,2,0.48,2,27.2194,2,20.9,2,0.059000000000000004,2
P18,2,657.0,2,3.5785,2,0.48,2,27.2198,2,20.8,2,0.059000000000000004,2
P18,2,658.0,2,3.5779,2,0.48,2,27.22,2,20.9,2,0.059000000000000004,2
P18,2,659.0,2,3.5777,2,0.48,2,27.2201,2,20.9,2,0.06,2
P18,2,660.0,2,3.5763,2,0.48,2,27.2208,2,20.8,2,0.059000000000000004,2
P18,2,661.0,2,3.5744,2,0.48,2,27.2214,2,20.7,2,0.059000000000000004,2
P18,2,662.0,2,3.571,2,0.47,2,27.2221,2,20.6,2,0.06,2
P18,2,663.0,2,3.5754,2,0.47,2,27.2231,2,20.6,2,0.06,2
P18,2,664.0,2,3.5758,2,0.47,2,27.2239,2,20.6,2,0.059000000000000004,2
P18,2,664.7,2,3.5749,2,0.47,2,27.2245,2,20.5,2,0.059000000000000004,2
P18,2,666.1,2,3.5749,2,0.47,2,27.2247,2,20.3,2,0.064,2
P18,2,667.0,2,3.5745,2,0.47,2,27.2252,2,20.3,2,0.062,2
P18,2,668.0,2,3.5738,2,0.46,2,27.2253,2,20.1,2,0.059000000000000004,2
P18,2,669.0,2,3.5739,2,0.46,2,27.2254,2,20.1,2,0.059000000000000004,2
P18,2,670.0,2,3.5751,2,0.46,2,27.2258,2,20.1,2,0.059000000000000004,2
P18,2,671.0,2,3.5758,2,0.46,2,27.2265,2,20.0,2,0.059000000000000004,2
P18,2,672.0,2,3.5722,2,0.46,2,27.2279,2,20.0,2,0.059000000000000004,2
P18,2,673.0,2,3.5637,2,0.46,2,27.2286,2,20.2,2,0.059000000000000004,2
P18,2,674.0,2,3.5618,2,0.47,2,27.2294,2,20.3,2,0.059000000000000004,2
P18,2,675.0,2,3.5568,2,0.47,2,27.2298,2,20.4,2,0.059000000000000004,2
P18,2,675.8,2,3.5534,2,0.47,2,27.2299,2,20.4,2,0.059000000000000004,2
P18,2,677.0,2,3.5554,2,0.47,2,27.2298,2,20.5,2,0.057999999999999996,2
P18,2,678.0,2,3.552,2,0.47,2,27.2309,2,20.4,2,0.059000000000000004,2
P18,2,679.0,2,3.5519,2,0.47,2,27.2322,2,20.3,2,0.059000000000000004,2
P18,2,680.0,2,3.5578,2,0.46,2,27.2333,2,20.0,2,0.059000000000000004,2
P18,2,681.0,2,3.5556,2,0.45,2,27.2351,2,19.6,2,0.062,2
P18,2,682.0,2,3.5547,2,0.45,2,27.2356,2,19.5,2,0.06,2
P18,2,683.0,2,3.5539,2,0.45,2,27.2361,2,19.4,2,0.059000000000000004,2
P18,2,684.0,2,3.5533,2,0.45,2,27.2362,2,19.4,2,0.059000000000000004,2
P18,2,685.0,2,3.5512,2,0.44,2,27.237,2,19.3,2,0.059000000000000004,2
P18,2,686.0,2,3.5478,2,0.45,2,27.2381,2,19.4,2,0.061,2
P18,2,687.0,2,3.5447,2,0.45,2,27.2388,2,19.5,2,0.06,2
P18,2,688.0,2,3.5424,2,0.45,2,27.2394,2,19.4,2,0.059000000000000004,2
P18,2,688.7,2,3.5398,2,0.45,2,27.24,2,19.5,2,0.059000000000000004,2
P18,2,691.3,2,3.5318,2,0.45,2,27.2426,2,19.6,2,0.059000000000000004,2
P18,2,692.0,2,3.5277,2,0.45,2,27.2435,2,19.6,2,0.059000000000000004,2
P18,2,693.0,2,3.5258,2,0.45,2,27.2436,2,19.6,2,0.059000000000000004,2
P18,2,694.0,2,3.5229,2,0.45,2,27.2447,2,19.4,2,0.057999999999999996,2
P18,2,695.0,2,3.523,2,0.44,2,27.2459,2,19.3,2,0.06,2
P18,2,696.0,2,3.5224,2,0.44,2,27.2462,2,19.2,2,0.06,2
P18,2,697.0,2,3.5216,2,0.44,2,27.2465,2,19.1,2,0.059000000000000004,2
P18,2,698.0,2,3.5208,2,0.44,2,27.2467,2,19.3,2,0.059000000000000004,2
P18,2,699.0,2,3.5199,2,0.44,2,27.2472,2,19.2,2,0.059000000000000004,2
P18,2,699.6,2,3.5193,2,0.44,2,27.2474,2,19.1,2,0.059000000000000004,2
P18,2,701.3,2,3.5198,2,0.44,2,27.2472,2,19.2,2,0.059000000000000004,2
P18,2,702.0,2,3.5180000000000002,2,0.44,2,27.248,2,19.0,2,0.059000000000000004,2
P18,2,703.0,2,3.5173,2,0.44,2,27.2479,2,18.9,2,0.063,2
P18,2,704.0,2,3.5163,2,0.44,2,27.2483,2,19.0,2,0.06,2
P18,2,705.0,2,3.5149,2,0.44,2,27.2487,2,19.2,2,0.059000000000000004,2
P18,2,706.0,2,3.5122,2,0.44,2,27.2492,2,19.3,2,0.059000000000000004,2
P18,2,707.0,2,3.5093,2,0.44,2,27.2502,2,19.3,2,0.063,2
P18,2,707.9,2,3.5079,2,0.45,2,27.2508,2,19.4,2,0.061,2
P18,2,710.2,2,3.5063,2,0.44,2,27.2516,2,19.2,2,0.059000000000000004,2
P18,2,711.0,2,3.5057,2,0.44,2,27.2517,2,19.1,2,0.059000000000000004,2
P18,2,712.0,2,3.5051,2,0.44,2,27.2519,2,19.1,2,0.059000000000000004,2
P18,2,713.0,2,3.5042,2,0.44,2,27.2522,2,19.2,2,0.06,2
P18,2,714.0,2,3.5024,2,0.44,2,27.2527,2,19.2,2,0.06,2
P18,2,715.0,2,3.5,2,0.44,2,27.2535,2,19.2,2,0.059000000000000004,2
P18,2,716.0,2,3.4991,2,0.44,2,27.254,2,19.1,2,0.059000000000000004,2
P18,2,717.0,2,3.4967,2,0.43,2,27.2549,2,18.9,2,0.059000000000000004,2
P18,2,718.0,2,3.4951,2,0.44,2,27.2555,2,19.1,2,0.059000000000000004,2
P18,2,719.0,2,3.4913,2,0.44,2,27.256999999999998,2,19.0,2,0.059000000000000004,2
P18,2,720.0,2,3.4896,2,0.44,2,27.2576,2,18.9,2,0.059000000000000004,2
P18,2,721.0,2,3.4896,2,0.44,2,27.2576,2,18.9,2,0.059000000000000004,2
P18,2,722.0,2,3.4898,2,0.43,2,27.2576,2,18.8,2,0.059000000000000004,2
P18,2,723.0,2,3.4897,2,0.43,2,27.2576,2,18.7,2,0.057999999999999996,2
P18,2,724.0,2,3.4902,2,0.44,2,27.2576,2,18.9,2,0.059000000000000004,2
P18,2,725.0,2,3.4902,2,0.43,2,27.2577,2,18.8,2,0.059000000000000004,2
P18,2,726.0,2,3.4899,2,0.44,2,27.2578,2,18.9,2,0.061,2
P18,2,727.0,2,3.4899,2,0.43,2,27.2577,2,18.9,2,0.061,2
P18,2,728.0,2,3.4895,2,0.44,2,27.258000000000003,2,18.9,2,0.059000000000000004,2
P18,2,729.0,2,3.4881,2,0.43,2,27.2585,2,18.8,2,0.064,2
P18,2,730.0,2,3.4874,2,0.43,2,27.2586,2,18.8,2,0.06,2
P18,2,731.0,2,3.486,2,0.43,2,27.2592,2,18.9,2,0.059000000000000004,2
P18,2,731.8,2,3.4839,2,0.43,2,27.2598,2,18.7,2,0.059000000000000004,2
P18,2,733.3,2,3.4789999999999996,2,0.43,2,27.2613,2,18.7,2,0.061,2
P18,2,734.0,2,3.4773,2,0.43,2,27.2621,2,18.8,2,0.059000000000000004,2
P18,2,735.0,2,3.4754,2,0.43,2,27.2626,2,18.8,2,0.059000000000000004,2
P18,2,736.0,2,3.4745,2,0.43,2,27.2628,2,18.8,2,0.059000000000000004,2
P18,2,737.0,2,3.4726,2,0.43,2,27.2634,2,18.6,2,0.059000000000000004,2
P18,2,738.0,2,3.4688,2,0.43,2,27.2648,2,18.6,2,0.059000000000000004,2
P18,2,739.0,2,3.4655,2,0.43,2,27.2663,2,18.5,2,0.065,2
P18,2,740.0,2,3.4636,2,0.43,2,27.2671,2,18.7,2,0.061,2
P18,2,742.2,2,3.4605,2,0.42,2,27.2691,2,18.4,2,0.059000000000000004,2
P18,2,743.0,2,3.4569,2,0.42,2,27.27,2,18.4,2,0.063,2
P18,2,744.0,2,3.4558,2,0.42,2,27.2702,2,18.4,2,0.06,2
P18,2,745.0,2,3.4556,2,0.42,2,27.2706,2,18.4,2,0.059000000000000004,2
P18,2,745.9,2,3.4545,2,0.42,2,27.2711,2,18.3,2,0.059000000000000004,2
P18,2,747.0,2,3.4542,2,0.42,2,27.2712,2,18.3,2,0.06,2
P18,2,748.0,2,3.4527,2,0.42,2,27.2714,2,18.2,2,0.06,2
P18,2,749.0,2,3.4509,2,0.42,2,27.2725,2,18.1,2,0.059000000000000004,2
P18,2,750.0,2,3.45,2,0.42,2,27.273000000000003,2,18.1,2,0.062,2
P18,2,751.0,2,3.4487,2,0.42,2,27.2732,2,18.3,2,0.06,2
P18,2,752.0,2,3.4459,2,0.42,2,27.2739,2,18.3,2,0.059000000000000004,2
P18,2,753.0,2,3.4419,2,0.42,2,27.275,2,18.1,2,0.059000000000000004,2
P18,2,754.0,2,3.4384,2,0.42,2,27.2758,2,18.2,2,0.059000000000000004,2
P18,2,754.6,2,3.4379,2,0.42,2,27.276,2,18.3,2,0.059000000000000004,2
P18,2,757.1,2,3.4336,2,0.42,2,27.2771,2,18.2,2,0.059000000000000004,2
P18,2,758.0,2,3.4323,2,0.42,2,27.2777,2,18.3,2,0.059000000000000004,2
P18,2,759.0,2,3.4305,2,0.42,2,27.2785,2,18.3,2,0.059000000000000004,2
P18,2,760.0,2,3.428,2,0.42,2,27.279,2,18.2,2,0.059000000000000004,2
P18,2,761.0,2,3.4263,2,0.41,2,27.2796,2,18.0,2,0.059000000000000004,2
P18,2,762.0,2,3.4258,2,0.42,2,27.2799,2,18.3,2,0.059000000000000004,2
P18,2,763.0,2,3.4256,2,0.42,2,27.28,2,18.3,2,0.057999999999999996,2
P18,2,764.0,2,3.425,2,0.42,2,27.28,2,18.3,2,0.059000000000000004,2
P18,2,765.0,2,3.425,2,0.42,2,27.2799,2,18.2,2,0.059000000000000004,2
P18,2,767.1,2,3.4246,2,0.42,2,27.2801,2,18.1,2,0.06,2
P18,2,768.0,2,3.4229,2,0.42,2,27.2808,2,18.3,2,0.06,2
P18,2,769.0,2,3.4217,2,0.42,2,27.2811,2,18.2,2,0.059000000000000004,2
P18,2,770.0,2,3.4207,2,0.42,2,27.2813,2,18.1,2,0.059000000000000004,2
P18,2,771.0,2,3.4181,2,0.41,2,27.2822,2,18.0,2,0.059000000000000004,2
P18,2,772.0,2,3.4132,2,0.42,2,27.2837,2,18.2,2,0.059000000000000004,2
P18,2,773.0,2,3.4117,2,0.42,2,27.2843,2,18.3,2,0.059000000000000004,2
P18,2,774.0,2,3.4111,2,0.42,2,27.2845,2,18.3,2,0.059000000000000004,2
P18,2,775.0,2,3.4102,2,0.42,2,27.2847,2,18.1,2,0.059000000000000004,2
P18,2,776.0,2,3.4098,2,0.41,2,27.2849,2,18.0,2,0.059000000000000004,2
P18,2,777.0,2,3.408,2,0.42,2,27.2854,2,18.1,2,0.059000000000000004,2
P18,2,780.0,2,3.4019999999999997,2,0.41,2,27.2878,2,17.9,2,0.059000000000000004,2
P18,2,781.0,2,3.4012,2,0.41,2,27.2884,2,17.9,2,0.059000000000000004,2
P18,2,782.0,2,3.4003,2,0.41,2,27.2887,2,17.7,2,0.059000000000000004,2
P18,2,783.0,2,3.4002,2,0.41,2,27.2892,2,17.6,2,0.059000000000000004,2
P18,2,784.0,2,3.3998,2,0.4,2,27.2895,2,17.5,2,0.059000000000000004,2
P18,2,785.0,2,3.3996,2,0.41,2,27.2896,2,17.6,2,0.059000000000000004,2
P18,2,786.0,2,3.3988,2,0.41,2,27.2898,2,17.6,2,0.059000000000000004,2
P18,2,786.7,2,3.398,2,0.41,2,27.2901,2,17.7,2,0.059000000000000004,2
P18,2,789.3,2,3.3969,2,0.41,2,27.2907,2,17.6,2,0.059000000000000004,2
P18,2,790.0,2,3.3967,2,0.41,2,27.2905,2,17.6,2,0.059000000000000004,2
P18,2,791.0,2,3.3962,2,0.4,2,27.2909,2,17.4,2,0.059000000000000004,2
P18,2,792.0,2,3.3958,2,0.4,2,27.2911,2,17.3,2,0.059000000000000004,2
P18,2,793.0,2,3.3963,2,0.4,2,27.2915,2,17.3,2,0.059000000000000004,2
P18,2,794.0,2,3.3965,2,0.4,2,27.291999999999998,2,17.3,2,0.059000000000000004,2
P18,2,795.0,2,3.3958,2,0.4,2,27.2924,2,17.3,2,0.055999999999999994,2
P18,2,796.0,2,3.3953,2,0.39,2,27.2925,2,17.1,2,0.057,2
P18,2,796.9,2,3.3926,2,0.4,2,27.2932,2,17.2,2,0.059000000000000004,2
P18,2,799.2,2,3.3872,2,0.39,2,27.2955,2,17.1,2,0.059000000000000004,2
P18,2,800.0,2,3.3849,2,0.39,2,27.2958,2,17.0,2,0.059000000000000004,2
P18,2,801.0,2,3.3802,2,0.39,2,27.296999999999997,2,17.1,2,0.059000000000000004,2
P18,2,802.0,2,3.3752,2,0.39,2,27.298000000000002,2,17.1,2,0.059000000000000004,2
P18,2,802.7,2,3.3732,2,0.39,2,27.2985,2,17.1,2,0.059000000000000004,2
P18,2,805.0,2,3.3737,2,0.39,2,27.299,2,16.9,2,0.059000000000000004,2
P18,2,806.0,2,3.3717,2,0.39,2,27.2994,2,16.9,2,0.059000000000000004,2
P18,2,807.0,2,3.3656,2,0.4,2,27.3003,2,17.2,2,0.059000000000000004,2
P18,2,808.0,2,3.3628,2,0.4,2,27.3009,2,17.3,2,0.057999999999999996,2
P18,2,809.0,2,3.3603,2,0.39,2,27.3018,2,17.1,2,0.059000000000000004,2
P18,2,810.0,2,3.3558,2,0.4,2,27.3028,2,17.3,2,0.059000000000000004,2
P18,2,811.0,2,3.3549,2,0.4,2,27.303,2,17.3,2,0.059000000000000004,2
P18,2,811.7,2,3.3539,2,0.4,2,27.3037,2,17.3,2,0.059000000000000004,2
P18,2,813.5,2,3.3533,2,0.39,2,27.3039,2,17.0,2,0.059000000000000004,2
P18,2,814.0,2,3.3531,2,0.39,2,27.3039,2,16.9,2,0.059000000000000004,2
P18,2,815.0,2,3.3523,2,0.39,2,27.3041,2,16.9,2,0.059000000000000004,2
P18,2,816.0,2,3.3503,2,0.39,2,27.3049,2,17.0,2,0.059000000000000004,2
P18,2,817.0,2,3.3466,2,0.39,2,27.305999999999997,2,17.0,2,0.06,2
P18,2,817.5,2,3.3459,2,0.39,2,27.3064,2,16.9,2,0.059000000000000004,2
P18,2,819.1,2,3.3425,2,0.39,2,27.3078,2,16.8,2,0.059000000000000004,2
P18,2,820.0,2,3.342,2,0.38,2,27.308000000000003,2,16.6,2,0.059000000000000004,2
P18,2,821.0,2,3.3404,2,0.38,2,27.3083,2,16.5,2,0.059000000000000004,2
P18,2,822.0,2,3.3397,2,0.38,2,27.3094,2,16.5,2,0.059000000000000004,2
P18,2,823.0,2,3.3363,2,0.38,2,27.3111,2,16.3,2,0.059000000000000004,2
P18,2,824.0,2,3.3360000000000003,2,0.37,2,27.3112,2,16.3,2,0.059000000000000004,2
P18,2,825.0,2,3.3355,2,0.37,2,27.3115,2,16.1,2,0.059000000000000004,2
P18,2,826.0,2,3.3346,2,0.37,2,27.3118,2,16.2,2,0.06,2
P18,2,826.7,2,3.3333,2,0.37,2,27.3122,2,16.2,2,0.06,2
P18,2,829.3,2,3.3345,2,0.37,2,27.3119,2,16.1,2,0.059000000000000004,2
P18,2,830.0,2,3.3345,2,0.37,2,27.3119,2,16.0,2,0.059000000000000004,2
P18,2,831.0,2,3.3343,2,0.37,2,27.3119,2,16.0,2,0.059000000000000004,2
P18,2,832.0,2,3.3332,2,0.37,2,27.3124,2,16.0,2,0.059000000000000004,2
P18,2,833.0,2,3.3319,2,0.37,2,27.3128,2,16.2,2,0.059000000000000004,2
P18,2,834.0,2,3.3305,2,0.37,2,27.3133,2,16.0,2,0.059000000000000004,2
P18,2,834.6,2,3.3303,2,0.37,2,27.3135,2,16.0,2,0.059000000000000004,2
P18,2,836.0,2,3.3301,2,0.37,2,27.3136,2,15.9,2,0.059000000000000004,2
P18,2,837.0,2,3.3291,2,0.37,2,27.314,2,16.0,2,0.059000000000000004,2
P18,2,838.0,2,3.3278,2,0.37,2,27.3144,2,16.0,2,0.059000000000000004,2
P18,2,839.0,2,3.3255,2,0.36,2,27.315,2,15.8,2,0.059000000000000004,2
P18,2,840.5,2,3.3255,2,0.37,2,27.3147,2,15.9,2,0.059000000000000004,2
P18,2,841.0,2,3.3253,2,0.36,2,27.3151,2,15.7,2,0.059000000000000004,2
P18,2,842.0,2,3.3249,2,0.36,2,27.3153,2,15.6,2,0.059000000000000004,2
P18,2,843.0,2,3.3238,2,0.36,2,27.3158,2,15.8,2,0.059000000000000004,2
P18,2,844.0,2,3.3229,2,0.36,2,27.3162,2,15.8,2,0.059000000000000004,2
P18,2,845.0,2,3.3189,2,0.37,2,27.3173,2,15.9,2,0.059000000000000004,2
P18,2,846.0,2,3.3143,2,0.37,2,27.318,2,15.9,2,0.059000000000000004,2
P18,2,846.8,2,3.3107,2,0.37,2,27.3187,2,15.9,2,0.059000000000000004,2
P18,2,849.2,2,3.301,2,0.36,2,27.3212,2,15.8,2,0.059000000000000004,2
P18,2,850.0,2,3.2965,2,0.37,2,27.322,2,15.9,2,0.059000000000000004,2
P18,2,851.0,2,3.2947,2,0.37,2,27.3225,2,16.2,2,0.059000000000000004,2
P18,2,852.0,2,3.2905,2,0.37,2,27.3235,2,16.2,2,0.059000000000000004,2
P18,2,853.0,2,3.2869,2,0.37,2,27.3241,2,16.2,2,0.059000000000000004,2
P18,2,854.0,2,3.2831,2,0.38,2,27.325,2,16.3,2,0.059000000000000004,2
P18,2,855.0,2,3.2803,2,0.37,2,27.3259,2,16.2,2,0.059000000000000004,2
P18,2,856.0,2,3.278,2,0.37,2,27.3264,2,16.0,2,0.059000000000000004,2
P18,2,857.0,2,3.2776,2,0.37,2,27.3265,2,16.1,2,0.06,2
P18,2,858.1,2,3.2772,2,0.37,2,27.3268,2,16.0,2,0.059000000000000004,2
P18,2,858.9,2,3.2775,2,0.37,2,27.3271,2,15.9,2,0.057999999999999996,2
P18,2,860.0,2,3.2781,2,0.36,2,27.3273,2,15.8,2,0.059000000000000004,2
P18,2,861.0,2,3.2787,2,0.36,2,27.3271,2,15.6,2,0.059000000000000004,2
P18,2,862.0,2,3.2779,2,0.36,2,27.3278,2,15.6,2,0.059000000000000004,2
P18,2,863.0,2,3.2728,2,0.35,2,27.3296,2,15.4,2,0.059000000000000004,2
P18,2,864.0,2,3.2718,2,0.35,2,27.33,2,15.3,2,0.059000000000000004,2
P18,2,865.0,2,3.2698,2,0.35,2,27.3308,2,15.3,2,0.059000000000000004,2
P18,2,866.0,2,3.2687,2,0.35,2,27.3311,2,15.3,2,0.059000000000000004,2
P18,2,867.0,2,3.2666,2,0.35,2,27.3318,2,15.2,2,0.059000000000000004,2
P18,2,867.7,2,3.2653,2,0.35,2,27.3323,2,15.1,2,0.059000000000000004,2
P18,2,869.1,2,3.264,2,0.35,2,27.3326,2,15.1,2,0.059000000000000004,2
P18,2,870.0,2,3.2621,2,0.35,2,27.3332,2,15.0,2,0.059000000000000004,2
P18,2,871.0,2,3.2596,2,0.35,2,27.3337,2,15.0,2,0.06,2
P18,2,872.0,2,3.2574,2,0.34,2,27.3344,2,14.9,2,0.06,2
P18,2,873.0,2,3.2557,2,0.34,2,27.335,2,15.0,2,0.059000000000000004,2
P18,2,873.8,2,3.2553,2,0.34,2,27.3351,2,15.0,2,0.059000000000000004,2
P18,2,875.0,2,3.2541,2,0.34,2,27.3354,2,14.9,2,0.059000000000000004,2
P18,2,876.0,2,3.253,2,0.34,2,27.3358,2,14.9,2,0.059000000000000004,2
P18,2,877.0,2,3.2522,2,0.35,2,27.3358,2,15.1,2,0.059000000000000004,2
P18,2,878.0,2,3.2488,2,0.35,2,27.3363,2,15.2,2,0.059000000000000004,2
P18,2,879.0,2,3.2444,2,0.35,2,27.3369,2,15.3,2,0.059000000000000004,2
P18,2,880.0,2,3.2418,2,0.35,2,27.3376,2,15.3,2,0.059000000000000004,2
P18,2,881.0,2,3.2391,2,0.35,2,27.3382,2,15.3,2,0.059000000000000004,2
P18,2,882.0,2,3.236,2,0.35,2,27.3394,2,15.3,2,0.059000000000000004,2
P18,2,883.0,2,3.2348,2,0.35,2,27.3399,2,15.1,2,0.059000000000000004,2
P18,2,884.0,2,3.2336,2,0.35,2,27.3402,2,15.0,2,0.057999999999999996,2
P18,2,884.8,2,3.2323,2,0.35,2,27.3407,2,15.2,2,0.06,2
P18,2,887.1,2,3.2288,2,0.35,2,27.3414,2,15.0,2,0.059000000000000004,2
P18,2,888.0,2,3.2277,2,0.34,2,27.3416,2,14.9,2,0.059000000000000004,2
P18,2,889.0,2,3.2248,2,0.35,2,27.3422,2,15.0,2,0.059000000000000004,2
P18,2,890.0,2,3.2234,2,0.35,2,27.3424,2,15.1,2,0.059000000000000004,2
P18,2,891.0,2,3.2219,2,0.35,2,27.3427,2,15.2,2,0.059000000000000004,2
P18,2,892.0,2,3.2185,2,0.35,2,27.3437,2,15.3,2,0.059000000000000004,2
P18,2,893.0,2,3.2155,2,0.34,2,27.3449,2,15.0,2,0.059000000000000004,2
P18,2,894.0,2,3.2138,2,0.34,2,27.3456,2,14.9,2,0.059000000000000004,2
P18,2,895.0,2,3.2135,2,0.34,2,27.3458,2,14.9,2,0.06,2
P18,2,896.0,2,3.2131,2,0.34,2,27.3457,2,14.8,2,0.059000000000000004,2
P18,2,897.0,2,3.2123,2,0.34,2,27.346,2,14.9,2,0.059000000000000004,2
P18,2,898.0,2,3.2122,2,0.34,2,27.3462,2,14.9,2,0.059000000000000004,2
P18,2,899.0,2,3.2124,2,0.34,2,27.3463,2,14.8,2,0.059000000000000004,2
P18,2,900.0,2,3.213,2,0.33,2,27.3465,2,14.3,2,0.059000000000000004,2
P18,2,901.0,2,3.2137,2,0.33,2,27.3478,2,14.2,2,0.059000000000000004,2
P18,2,902.0,2,3.2133,2,0.33,2,27.3484,2,14.2,2,0.059000000000000004,2
P18,2,903.0,2,3.2113,2,0.32,2,27.3489,2,14.0,2,0.059000000000000004,2
P18,2,904.0,2,3.2072,2,0.32,2,27.3499,2,14.0,2,0.059000000000000004,2
P18,2,905.0,2,3.2054,2,0.32,2,27.3504,2,14.1,2,0.059000000000000004,2
P18,2,906.0,2,3.2045,2,0.32,2,27.3505,2,14.0,2,0.059000000000000004,2
P18,2,907.0,2,3.2045,2,0.32,2,27.3505,2,14.0,2,0.059000000000000004,2
P18,2,908.0,2,3.2043,2,0.32,2,27.3507,2,14.1,2,0.059000000000000004,2
P18,2,909.0,2,3.2038,2,0.32,2,27.3508,2,13.9,2,0.059000000000000004,2
P18,2,910.0,2,3.2030000000000003,2,0.32,2,27.3511,2,13.9,2,0.06,2
P18,2,911.0,2,3.2023,2,0.32,2,27.3513,2,14.0,2,0.059000000000000004,2
P18,2,912.0,2,3.2012,2,0.32,2,27.3515,2,14.0,2,0.059000000000000004,2
P18,2,913.0,2,3.2006,2,0.32,2,27.3515,2,14.0,2,0.059000000000000004,2
P18,2,914.0,2,3.1989,2,0.32,2,27.3519,2,13.9,2,0.059000000000000004,2
P18,2,915.0,2,3.1938,2,0.32,2,27.3527,2,14.1,2,0.059000000000000004,2
P18,2,916.0,2,3.1903,2,0.33,2,27.3533,2,14.2,2,0.059000000000000004,2
P18,2,917.0,2,3.1898,2,0.32,2,27.3535,2,14.1,2,0.059000000000000004,2
P18,2,918.0,2,3.1901,2,0.32,2,27.3535,2,14.1,2,0.059000000000000004,2
P18,2,919.0,2,3.1902,2,0.32,2,27.3538,2,14.1,2,0.059000000000000004,2
P18,2,920.0,2,3.1911,2,0.32,2,27.3541,2,14.1,2,0.059000000000000004,2
P18,2,921.0,2,3.1911,2,0.32,2,27.3545,2,13.8,2,0.059000000000000004,2
P18,2,922.0,2,3.1896,2,0.31,2,27.3548,2,13.6,2,0.059000000000000004,2
P18,2,923.0,2,3.1898,2,0.31,2,27.3557,2,13.6,2,0.055999999999999994,2
P18,2,924.0,2,3.1888,2,0.31,2,27.3562,2,13.5,2,0.06,2
P18,2,925.0,2,3.1881,2,0.31,2,27.3565,2,13.3,2,0.059000000000000004,2
P18,2,926.0,2,3.1869,2,0.31,2,27.3568,2,13.3,2,0.059000000000000004,2
P18,2,927.0,2,3.1862,2,0.31,2,27.357,2,13.3,2,0.059000000000000004,2
P18,2,928.0,2,3.1848,2,0.31,2,27.3572,2,13.4,2,0.059000000000000004,2
P18,2,929.0,2,3.1824,2,0.31,2,27.3578,2,13.4,2,0.06,2
P18,2,929.6,2,3.1811,2,0.31,2,27.3581,2,13.5,2,0.06,2
P18,2,931.4,2,3.1807,2,0.32,2,27.358,2,13.7,2,0.059000000000000004,2
P18,2,932.0,2,3.1776,2,0.31,2,27.3582,2,13.6,2,0.059000000000000004,2
P18,2,933.0,2,3.1755,2,0.31,2,27.3585,2,13.4,2,0.059000000000000004,2
P18,2,934.0,2,3.1746,2,0.31,2,27.3589,2,13.6,2,0.059000000000000004,2
P18,2,935.0,2,3.1733,2,0.31,2,27.3593,2,13.5,2,0.059000000000000004,2
P18,2,936.0,2,3.1704,2,0.31,2,27.3602,2,13.5,2,0.059000000000000004,2
P18,2,937.0,2,3.1677,2,0.31,2,27.361,2,13.5,2,0.059000000000000004,2
P18,2,938.0,2,3.1651,2,0.31,2,27.3617,2,13.4,2,0.059000000000000004,2
P18,2,939.0,2,3.1634,2,0.31,2,27.3621,2,13.4,2,0.059000000000000004,2
P18,2,940.0,2,3.1619,2,0.31,2,27.3623,2,13.5,2,0.059000000000000004,2
P18,2,941.0,2,3.16,2,0.31,2,27.3627,2,13.3,2,0.059000000000000004,2
P18,2,941.9,2,3.1578,2,0.31,2,27.3634,2,13.4,2,0.059000000000000004,2
P18,2,944.0,2,3.1495,2,0.31,2,27.3655,2,13.3,2,0.059000000000000004,2
P18,2,945.0,2,3.1453,2,0.31,2,27.3666,2,13.3,2,0.059000000000000004,2
P18,2,946.0,2,3.141,2,0.31,2,27.3679,2,13.3,2,0.059000000000000004,2
P18,2,947.0,2,3.1406,2,0.31,2,27.3679,2,13.3,2,0.059000000000000004,2
P18,2,948.0,2,3.1393,2,0.31,2,27.3681,2,13.3,2,0.059000000000000004,2
P18,2,949.0,2,3.1365,2,0.3,2,27.3686,2,13.0,2,0.06,2
P18,2,950.0,2,3.1336,2,0.3,2,27.3694,2,13.2,2,0.057,2
P18,2,951.0,2,3.1324,2,0.31,2,27.3697,2,13.3,2,0.059000000000000004,2
P18,2,952.0,2,3.1308,2,0.3,2,27.3702,2,13.2,2,0.059000000000000004,2
P18,2,953.0,2,3.1301,2,0.3,2,27.3704,2,13.2,2,0.059000000000000004,2
P18,2,954.0,2,3.1292,2,0.3,2,27.3707,2,13.1,2,0.059000000000000004,2
P18,2,955.0,2,3.1278,2,0.3,2,27.3712,2,13.1,2,0.059000000000000004,2
P18,2,956.0,2,3.1260000000000003,2,0.3,2,27.3715,2,13.1,2,0.059000000000000004,2
P18,2,957.0,2,3.1205,2,0.3,2,27.3728,2,13.2,2,0.059000000000000004,2
P18,2,959.4,2,3.117,2,0.3,2,27.374000000000002,2,12.9,2,0.059000000000000004,2
P18,2,960.0,2,3.117,2,0.3,2,27.3736,2,13.1,2,0.059000000000000004,2
P18,2,961.0,2,3.117,2,0.31,2,27.3735,2,13.3,2,0.061,2
P18,2,962.0,2,3.1156,2,0.3,2,27.374000000000002,2,13.0,2,0.062,2
P18,2,963.0,2,3.1146,2,0.3,2,27.3744,2,12.9,2,0.059000000000000004,2
P18,2,964.0,2,3.1137,2,0.3,2,27.3747,2,13.0,2,0.059000000000000004,2
P18,2,965.0,2,3.1125,2,0.3,2,27.3749,2,13.2,2,0.059000000000000004,2
P18,2,966.0,2,3.1112,2,0.3,2,27.3752,2,13.2,2,0.059000000000000004,2
P18,2,966.5,2,3.1105,2,0.3,2,27.3754,2,13.2,2,0.06,2
P18,2,968.1,2,3.1079,2,0.3,2,27.375999999999998,2,13.0,2,0.061,2
P18,2,969.0,2,3.1048,2,0.3,2,27.377,2,13.1,2,0.059000000000000004,2
P18,2,970.0,2,3.1032,2,0.3,2,27.3774,2,13.0,2,0.059000000000000004,2
P18,2,971.0,2,3.0980000000000003,2,0.3,2,27.3785,2,13.0,2,0.059000000000000004,2
P18,2,972.0,2,3.0937,2,0.3,2,27.3796,2,13.0,2,0.059000000000000004,2
P18,2,973.0,2,3.0911,2,0.3,2,27.3803,2,13.0,2,0.059000000000000004,2
P18,2,974.0,2,3.089,2,0.3,2,27.3807,2,13.0,2,0.059000000000000004,2
P18,2,975.0,2,3.0845,2,0.3,2,27.3815,2,13.0,2,0.059000000000000004,2
P18,2,976.0,2,3.0827,2,0.3,2,27.381999999999998,2,13.0,2,0.059000000000000004,2
P18,2,976.6,2,3.0821,2,0.3,2,27.3823,2,13.0,2,0.059000000000000004,2
P18,2,978.3,2,3.077,2,0.3,2,27.3836,2,13.0,2,0.059000000000000004,2
P18,2,979.0,2,3.0747,2,0.3,2,27.3842,2,13.0,2,0.059000000000000004,2
P18,2,980.0,2,3.0721,2,0.3,2,27.3846,2,13.0,2,0.059000000000000004,2
P18,2,981.0,2,3.0692,2,0.3,2,27.3855,2,12.9,2,0.059000000000000004,2
P18,2,982.0,2,3.0666,2,0.3,2,27.3862,2,12.9,2,0.059000000000000004,2
P18,2,983.0,2,3.0655,2,0.3,2,27.3865,2,13.0,2,0.059000000000000004,2
P18,2,984.0,2,3.0647,2,0.29,2,27.3868,2,12.8,2,0.059000000000000004,2
P18,2,985.0,2,3.0642,2,0.29,2,27.386999999999997,2,12.7,2,0.059000000000000004,2
P18,2,986.0,2,3.0638,2,0.29,2,27.3872,2,12.8,2,0.06,2
P18,2,987.0,2,3.0633,2,0.3,2,27.3873,2,12.9,2,0.059000000000000004,2
P18,2,988.0,2,3.0624,2,0.29,2,27.3876,2,12.7,2,0.059000000000000004,2
P18,2,989.0,2,3.0613,2,0.29,2,27.3879,2,12.8,2,0.059000000000000004,2
P18,2,990.0,2,3.0589,2,0.29,2,27.3887,2,12.8,2,0.06,2
P18,2,991.0,2,3.0573,2,0.29,2,27.389,2,12.7,2,0.059000000000000004,2
P18,2,992.0,2,3.055,2,0.29,2,27.3894,2,12.7,2,0.059000000000000004,2
P18,2,993.0,2,3.0541,2,0.29,2,27.3895,2,12.8,2,0.059000000000000004,2
P18,2,994.0,2,3.0527,2,0.29,2,27.3899,2,12.8,2,0.057999999999999996,2
P18,2,995.0,2,3.0524,2,0.29,2,27.39,2,12.8,2,0.059000000000000004,2
P18,2,996.0,2,3.0519,2,0.29,2,27.39,2,12.7,2,0.059000000000000004,2
P18,2,997.0,2,3.0519,2,0.3,2,27.3902,2,12.9,2,0.059000000000000004,2
P18,2,998.0,2,3.051,2,0.29,2,27.3903,2,12.6,2,0.059000000000000004,2
P18,2,999.0,2,3.0489,2,0.29,2,27.391,2,12.7,2,0.057999999999999996,2
P18,2,999.9,2,3.0495,2,0.29,2,27.3907,2,12.8,2,0.059000000000000004,2
P18,2,1001.0,2,3.0471,2,0.29,2,27.3912,2,12.8,2,0.059000000000000004,2
P18,2,1002.0,2,3.0441,2,0.29,2,27.3917,2,12.8,2,0.059000000000000004,2
P18,2,1003.0,2,3.0418,2,0.3,2,27.3923,2,12.9,2,0.057,2
P18,2,1003.9,2,3.0395,2,0.29,2,27.3931,2,12.7,2,0.059000000000000004,2
P18,2,1004.8,2,3.0377,2,0.29,2,27.3933,2,12.6,2,0.059000000000000004,2
P18,2,1006.2,2,3.0344,2,0.29,2,27.3946,2,12.6,2,0.059000000000000004,2
P18,2,1007.0,2,3.033,2,0.29,2,27.3951,2,12.7,2,0.059000000000000004,2
P18,2,1008.0,2,3.0315,2,0.29,2,27.3955,2,12.7,2,0.059000000000000004,2
P18,2,1009.0,2,3.0297,2,0.29,2,27.3959,2,12.5,2,0.06,2
P18,2,1009.7,2,3.0282,2,0.29,2,27.3963,2,12.6,2,0.06,2
END_DATA
