CTD,20190304CCHSIOLMM
#---------------------------------------------------------------------------------------------------,,,,,,,,,,,,,,,,
#Fluorescence - Transmissivity and PAR data are nominal and unedited except that some records were removed in editing temperature and salinity.,,,,,,,,,,,,,,,,
#---------------------------------------------------------------------------------------------------,,,,,,,,,,,,,,,,
#COMMENTS FOR CASTS 0001 TO 0032,,,,,,,,,,,,,,,,
#CTD Serial Number 0506; SBE Dissolved Oxygen sensor Serial Number 1176.,,,,,,,,,,,,,,,,
#,,,,,,,,,,,,,,,,
#As has been noted from several other cruises using Oxygen:Dissolved:CTD sensor #1176 in the summer 2010 the data are odd for some casts (casts 0022 to 0032) with concentration values offset by approximately 0.24 ml/l from the normal-looking casts and a higher noise level in the raw oxygen voltage.,,,,,,,,,,,,,,,,
#Data were recalibrated to correct for this offset but there were only 3 casts with titrated dissolved oxygen samples for the normal casts and 1 from the odd casts.,,,,,,,,,,,,,,,,
#Establishing which casts require the special recalibration was based on the noise level in the Oxygen:Dissolved:CTD voltage and information from other cruises was used to recalibrate the odd casts.,,,,,,,,,,,,,,,,
#,,,,,,,,,,,,,,,,
#The quality of the Oxygen:Dissolved:CTD calibration is considered lower than usual and there are insufficient data to make precision estimates. ,,,,,,,,,,,,,,,,
#,,,,,,,,,,,,,,,,
#---------------------------------------------------------------------------------------------------,,,,,,,,,,,,,,,,
#COMMENTS FOR CASTS 0036 TO 0129,,,,,,,,,,,,,,,,
#CTD Serial Number 0443; SBE Dissolved Oxygen sensor Serial Number 1483.,,,,,,,,,,,,,,,,
#,,,,,,,,,,,,,,,,
#There are only 3 casts with titrated dissolved oxygen samples that could be compared to the Oxygen:Dissolved:CTD data for sensor #1438 and 1 of them looked significantly different in the comparison from the other 2. ,,,,,,,,,,,,,,,,
#Recalibration of dissolved oxygen was based on the 2 casts that looked similar.,,,,,,,,,,,,,,,,
#There are insufficient data to make a precision estimate.,,,,,,,,,,,,,,,,
#,,,,,,,,,,,,,,,,
#For Oxygen:Dissolved:CTD sensor #1438 values below 2200 dbar were replaced by pad values because there is evidence of significant hysteresis.,,,,,,,,,,,,,,,,
#The Salinity:Practical data from CTD #0443 showed evidence of flow rate problems in the top 200 dbar; the two-sided noise caused by that was minimized by bin-averaging.,,,,,,,,,,,,,,,,
#,,,,,,,,,,,,,,,,
#***********************************************************************,,,,,,,,,,,,,,,,
#In June 2011 it was discovered that the wrong information was used for conversion of the Oxygen:Dissolved:CTD sensor data for CTD #0443.,,,,,,,,,,,,,,,,
#Sensor #1483 was actually used for this cruise.,,,,,,,,,,,,,,,,
#,,,,,,,,,,,,,,,,
#The Oxygen:Dissolved:CTD channel was reprocessed. ,,,,,,,,,,,,,,,,
#A new recalibration scheme was found by rerunning the bottle comparison. ,,,,,,,,,,,,,,,,
#The files were then merged with all the other channels from the original processing.,,,,,,,,,,,,,,,,
#,,,,,,,,,,,,,,,,
#The hysteresis noted in the original processing remains and the quality of the data is still considered of lower quality than usual.,,,,,,,,,,,,,,,,
#,,,,,,,,,,,,,,,,
#Note that the correct calibration information for the Oxygen:Dissolved:CTD sensor can be found at the end of the processing report along with detail about how the reprocessing was done.,,,,,,,,,,,,,,,,
#,,,,,,,,,,,,,,,,
#---------------------------------------------------------------------------------------------------,,,,,,,,,,,,,,,,
#For details on the processing see file 2010-14-proc.pdf.,,,,,,,,,,,,,,,,
#---------------------------------------------------------------------------------------------------,,,,,,,,,,,,,,,,
#,,,,,,,,,,,,,,,,
#File Name,Zone,FIL:START TIME YYYY/MM/DD, HH:MM,LOC:EVENT_NUMBER,LOC:LATITUDE,LOC:LONGITUDE,LOC:STATION,Pressure:CTD [dbar],Temperature:CTD [deg_C_(ITS90)],Salinity:Practical:CTD [PSS-78],Sigma-t:CTD [kg/m^3],Transmissivity:CTD [*/m],Oxygen:Dissolved:CTD:Volume [ml/l],Oxygen:Dissolved:CTD:Mass [µmol/kg],Fluorescence:CTD [mg/m^3],PAR:CTD [µE/m^2/sec]
#,,,,,,,,,,,,,,,,
NUMBER_HEADERS = 8
EXPOCODE = 18DD20100817
STNBR = P19
CASTNO = 1
DATE = 25/08/2010
TIME =  01:31
LATITUDE = 49.500170000000004
LONGITUDE = -137.66666999999998
CTDPRS,CTDPRS_FLAG_W,CTDTMP,CTDTMP_FLAG_W,CTDSAL,CTDSAL_FLAG_W,CTDOXY,CTDOXY_FLAG_W,CTDXMISS,CTDXMISS_FLAG_W,CTDFLUOR,CTDFLUOR_FLAG_W,PAR,PAR_FLAG_W
DBAR,,ITS-90,,PSS-78,,UMOL/KG,,,,MG/M^3,,UE/m^2/sec,
4.1,2,15.6756,2,32.3081,2,247.7,2,49.0,2,0.61,2,,2
5.0,2,15.6743,2,32.3082,2,248.1,2,48.9,2,0.64,2,,2
6.0,2,15.6723,2,32.3083,2,248.5,2,48.9,2,0.647,2,,2
7.0,2,15.673,2,32.3086,2,248.2,2,49.0,2,0.728,2,,2
8.0,2,15.6688,2,32.3087,2,248.0,2,49.0,2,0.858,2,,2
9.0,2,15.6537,2,32.309,2,248.5,2,48.8,2,0.966,2,,2
10.0,2,15.5987,2,32.3119,2,249.2,2,48.6,2,1.2009999999999998,2,,2
11.0,2,15.5706,2,32.3136,2,249.2,2,48.6,2,1.334,2,,2
12.0,2,15.5155,2,32.3187,2,248.6,2,48.4,2,1.484,2,,2
13.0,2,15.4676,2,32.3223,2,248.9,2,48.3,2,1.581,2,,2
14.0,2,15.4483,2,32.323,2,248.9,2,48.4,2,1.68,2,,2
15.0,2,15.4386,2,32.3233,2,248.9,2,48.4,2,1.744,2,,2
16.0,2,15.4373,2,32.3243,2,249.2,2,48.5,2,1.8780000000000001,2,,2
17.0,2,15.4307,2,32.3254,2,249.2,2,48.6,2,1.901,2,,2
18.0,2,15.4214,2,32.3242,2,249.9,2,48.5,2,1.935,2,,2
19.0,2,15.4152,2,32.3249,2,250.5,2,48.6,2,1.983,2,,2
20.0,2,15.3834,2,32.3265,2,250.6,2,48.8,2,2.066,2,,2
21.0,2,15.3332,2,32.3332,2,251.6,2,49.1,2,2.1,2,,2
22.0,2,15.2631,2,32.3413,2,253.0,2,49.3,2,2.202,2,,2
23.0,2,15.1809,2,32.3472,2,254.5,2,49.5,2,2.226,2,,2
24.0,2,15.0346,2,32.3656,2,258.9,2,49.8,2,2.307,2,,2
25.0,2,14.7392,2,32.4118,2,265.4,2,50.3,2,2.381,2,,2
26.0,2,14.0494,2,32.4718,2,271.6,2,49.6,2,2.557,2,,2
27.0,2,13.5683,2,32.4743,2,276.2,2,49.4,2,2.68,2,,2
28.0,2,12.993,2,32.5161,2,280.0,2,49.9,2,2.7319999999999998,2,,2
29.1,2,12.6849,2,32.5593,2,281.4,2,50.5,2,2.781,2,,2
30.0,2,12.6384,2,32.5529,2,282.7,2,50.6,2,2.824,2,,2
31.0,2,12.4193,2,32.5425,2,284.2,2,50.6,2,2.8810000000000002,2,,2
32.0,2,12.2638,2,32.5392,2,284.4,2,50.5,2,2.9210000000000003,2,,2
33.0,2,11.8933,2,32.5349,2,286.6,2,50.7,2,2.99,2,,2
34.0,2,11.7851,2,32.535,2,286.5,2,50.8,2,3.02,2,,2
35.0,2,11.7004,2,32.5381,2,288.0,2,51.0,2,3.09,2,,2
36.0,2,11.3649,2,32.5359,2,288.6,2,51.0,2,3.168,2,,2
37.0,2,11.1452,2,32.5461,2,288.3,2,51.2,2,3.2,2,,2
38.0,2,10.852,2,32.5528,2,288.0,2,51.6,2,3.2430000000000003,2,,2
39.0,2,10.7163,2,32.5504,2,288.7,2,51.9,2,3.266,2,,2
40.0,2,10.6247,2,32.5559,2,289.0,2,51.8,2,3.3,2,,2
41.0,2,10.5807,2,32.5585,2,288.4,2,51.9,2,3.2960000000000003,2,,2
42.0,2,10.4144,2,32.5688,2,288.6,2,52.0,2,3.298,2,,2
43.0,2,10.3346,2,32.5757,2,287.5,2,52.3,2,3.313,2,,2
44.0,2,10.1382,2,32.5831,2,286.4,2,52.6,2,3.332,2,,2
45.0,2,9.9199,2,32.5921,2,285.4,2,52.8,2,3.312,2,,2
46.0,2,9.7332,2,32.6006,2,285.1,2,53.2,2,3.307,2,,2
47.0,2,9.6178,2,32.6028,2,285.6,2,53.4,2,3.2939999999999996,2,,2
48.0,2,9.5433,2,32.6069,2,285.7,2,53.6,2,3.24,2,,2
49.0,2,9.4896,2,32.6072,2,285.1,2,53.8,2,3.241,2,,2
50.0,2,9.3683,2,32.6123,2,285.2,2,54.0,2,3.2230000000000003,2,,2
51.0,2,9.2503,2,32.6157,2,285.0,2,54.2,2,3.181,2,,2
52.0,2,9.1065,2,32.6273,2,284.7,2,54.3,2,3.15,2,,2
53.0,2,9.0547,2,32.6315,2,284.7,2,54.7,2,3.114,2,,2
54.0,2,8.9908,2,32.6347,2,284.7,2,54.8,2,3.082,2,,2
55.0,2,8.8889,2,32.6354,2,285.5,2,55.1,2,3.017,2,,2
56.0,2,8.7832,2,32.6345,2,284.7,2,55.2,2,2.9130000000000003,2,,2
57.0,2,8.5206,2,32.6107,2,283.5,2,55.7,2,2.7,2,,2
58.0,2,8.2678,2,32.5804,2,283.4,2,56.3,2,2.512,2,,2
59.0,2,8.0157,2,32.5543,2,282.3,2,57.0,2,2.291,2,,2
60.0,2,7.8584,2,32.5493,2,281.9,2,57.7,2,2.173,2,,2
61.0,2,8.081,2,32.6287,2,283.0,2,57.0,2,2.391,2,,2
62.0,2,8.2217,2,32.6655,2,281.7,2,56.9,2,2.419,2,,2
63.0,2,8.1053,2,32.6531,2,282.0,2,57.2,2,2.199,2,,2
64.0,2,7.9242,2,32.6447,2,282.3,2,57.6,2,2.009,2,,2
65.0,2,8.0153,2,32.6693,2,282.7,2,57.6,2,1.6469999999999998,2,,2
66.0,2,7.8785,2,32.6645,2,283.0,2,57.7,2,1.3459999999999999,2,,2
67.0,2,7.8215,2,32.67,2,283.1,2,57.8,2,0.6779999999999999,2,,2
68.0,2,7.7469,2,32.6645,2,283.3,2,58.1,2,0.163,2,,2
69.0,2,7.7077,2,32.6634,2,282.9,2,58.3,2,0.057999999999999996,2,,2
70.0,2,7.6529,2,32.6654,2,282.7,2,58.4,2,0.06,2,,2
71.0,2,7.6127,2,32.6692,2,283.0,2,58.5,2,0.066,2,,2
72.0,2,7.5852,2,32.6705,2,282.8,2,58.7,2,0.06,2,,2
73.0,2,7.5246,2,32.6714,2,281.8,2,58.7,2,0.057999999999999996,2,,2
74.0,2,7.4386,2,32.6787,2,280.9,2,59.2,2,0.049,2,,2
75.0,2,7.388999999999999,2,32.6816,2,280.7,2,59.1,2,0.038,2,,2
76.0,2,7.36,2,32.683,2,280.5,2,59.4,2,0.049,2,,2
77.0,2,7.3469,2,32.6829,2,280.4,2,59.5,2,0.054000000000000006,2,,2
78.0,2,7.3219,2,32.6839,2,279.9,2,59.6,2,0.071,2,,2
79.0,2,7.2854,2,32.687,2,278.9,2,59.7,2,0.099,2,,2
80.0,2,7.2097,2,32.6947,2,278.5,2,59.8,2,0.08199999999999999,2,,2
81.0,2,7.1881,2,32.6992,2,278.0,2,60.1,2,0.055999999999999994,2,,2
82.0,2,7.1671,2,32.7019,2,277.1,2,60.1,2,0.094,2,,2
83.0,2,7.1328,2,32.7071,2,276.4,2,60.2,2,0.272,2,,2
84.0,2,7.1113,2,32.7111,2,275.9,2,60.3,2,0.434,2,,2
85.0,2,7.0851,2,32.7165,2,275.2,2,60.4,2,0.603,2,,2
86.0,2,7.0593,2,32.7232,2,274.5,2,60.5,2,0.207,2,,2
87.0,2,7.0434,2,32.7312,2,273.7,2,60.6,2,0.753,2,,2
88.0,2,7.0104,2,32.7428,2,273.2,2,60.6,2,0.511,2,,2
89.0,2,6.9895,2,32.7537,2,272.4,2,60.8,2,0.594,2,,2
90.0,2,6.978,2,32.7573,2,271.5,2,60.8,2,0.564,2,,2
91.0,2,6.9559,2,32.7661,2,271.1,2,60.8,2,0.52,2,,2
92.0,2,6.9274,2,32.7796,2,269.9,2,60.9,2,0.496,2,,2
93.0,2,6.8886,2,32.8021,2,268.4,2,61.0,2,0.488,2,,2
94.0,2,6.8581,2,32.8234,2,266.7,2,60.9,2,0.456,2,,2
95.0,2,6.8293,2,32.849000000000004,2,265.0,2,61.2,2,0.289,2,,2
96.0,2,6.8141,2,32.8676,2,264.2,2,61.2,2,0.278,2,,2
97.0,2,6.8082,2,32.8757,2,263.3,2,61.3,2,0.237,2,,2
98.0,2,6.7913,2,32.8913,2,261.9,2,61.3,2,0.22699999999999998,2,,2
99.0,2,6.7842,2,32.8986,2,261.0,2,61.2,2,0.22,2,,2
100.0,2,6.7768,2,32.9117,2,260.7,2,61.3,2,0.221,2,,2
101.0,2,6.7789,2,32.924,2,260.5,2,61.3,2,0.22,2,,2
102.0,2,6.7789,2,32.9297,2,259.7,2,61.3,2,0.226,2,,2
103.0,2,6.7763,2,32.9383,2,258.7,2,61.3,2,0.223,2,,2
104.0,2,6.7646,2,32.9719,2,257.1,2,61.4,2,0.19899999999999998,2,,2
105.0,2,6.7602,2,33.0074,2,255.1,2,61.4,2,0.2,2,,2
106.0,2,6.7549,2,33.0339,2,252.9,2,61.3,2,0.18600000000000003,2,,2
107.0,2,6.7367,2,33.1068,2,249.7,2,61.4,2,0.17,2,,2
108.0,2,6.7176,2,33.1698,2,246.7,2,61.4,2,0.157,2,,2
109.0,2,6.711,2,33.1911,2,244.4,2,61.4,2,0.147,2,,2
110.0,2,6.6965,2,33.2233,2,242.2,2,61.4,2,0.147,2,,2
111.0,2,6.6772,2,33.2566,2,240.4,2,61.4,2,0.125,2,,2
112.0,2,6.6545,2,33.2908,2,238.7,2,61.5,2,0.122,2,,2
113.0,2,6.6449,2,33.3009,2,237.6,2,61.6,2,0.109,2,,2
114.0,2,6.6369,2,33.3096,2,237.1,2,61.5,2,0.115,2,,2
115.0,2,6.6215,2,33.3263,2,236.3,2,61.5,2,0.1,2,,2
116.0,2,6.5931,2,33.3465,2,234.4,2,60.2,2,0.114,2,,2
117.0,2,6.5389,2,33.3764,2,231.5,2,61.1,2,0.141,2,,2
118.0,2,6.4761,2,33.4076,2,229.5,2,61.6,2,0.145,2,,2
119.0,2,6.442,2,33.4235,2,228.2,2,61.6,2,0.174,2,,2
120.0,2,6.4206,2,33.4326,2,227.0,2,61.6,2,0.17300000000000001,2,,2
121.0,2,6.3878,2,33.4531,2,225.9,2,61.6,2,0.172,2,,2
122.0,2,6.376,2,33.4597,2,225.2,2,61.5,2,0.115,2,,2
123.0,2,6.3729,2,33.4618,2,224.7,2,61.6,2,0.008,2,,2
124.0,2,6.367000000000001,2,33.465,2,224.0,2,61.5,2,0.024,2,,2
125.0,2,6.3509,2,33.4733,2,222.9,2,61.6,2,0.009000000000000001,2,,2
126.0,2,6.3164,2,33.4958,2,221.5,2,61.6,2,0.01,2,,2
127.0,2,6.2923,2,33.516,2,220.2,2,61.6,2,0.003,2,,2
128.0,2,6.287000000000001,2,33.5367,2,218.9,2,61.6,2,0.002,2,,2
129.0,2,6.2669,2,33.5456,2,218.0,2,61.6,2,0.016,2,,2
130.0,2,6.2547,2,33.5501,2,217.2,2,61.6,2,0.01,2,,2
131.0,2,6.2541,2,33.5542,2,216.5,2,61.6,2,0.01,2,,2
132.0,2,6.2494,2,33.5635,2,215.9,2,61.6,2,0.02,2,,2
133.0,2,6.2435,2,33.5781,2,214.9,2,61.6,2,0.009000000000000001,2,,2
134.0,2,6.2456,2,33.5938,2,213.9,2,61.6,2,0.019,2,,2
135.0,2,6.2287,2,33.5979,2,212.6,2,61.6,2,0.01,2,,2
136.0,2,6.2079,2,33.6162,2,211.3,2,61.6,2,0.024,2,,2
137.0,2,6.2046,2,33.6258,2,210.3,2,61.6,2,0.018000000000000002,2,,2
138.0,2,6.182,2,33.6333,2,209.0,2,61.5,2,0.019,2,,2
139.0,2,6.1581,2,33.6381,2,208.1,2,61.6,2,0.021,2,,2
140.0,2,6.1438,2,33.6455,2,207.1,2,61.6,2,0.024,2,,2
141.0,2,6.105,2,33.6522,2,206.2,2,61.6,2,0.016,2,,2
142.0,2,6.1185,2,33.665,2,204.9,2,61.6,2,0.018000000000000002,2,,2
143.0,2,6.1477,2,33.6797,2,204.2,2,61.5,2,0.023,2,,2
144.0,2,6.1569,2,33.6883,2,203.0,2,61.6,2,0.024,2,,2
145.0,2,6.1618,2,33.7014,2,201.7,2,61.5,2,0.022000000000000002,2,,2
146.0,2,6.1273,2,33.7055,2,200.8,2,61.4,2,0.006,2,,2
147.0,2,6.1071,2,33.7062,2,200.0,2,61.4,2,0.021,2,,2
148.0,2,6.0885,2,33.7069,2,199.2,2,61.4,2,0.011000000000000001,2,,2
149.0,2,6.079,2,33.7098,2,198.2,2,61.4,2,0.006,2,,2
150.0,2,6.0455,2,33.7213,2,196.9,2,61.5,2,0.022000000000000002,2,,2
151.0,2,6.0059,2,33.7236,2,195.7,2,61.4,2,0.011000000000000001,2,,2
152.0,2,5.9905,2,33.7259,2,194.6,2,61.5,2,0.022000000000000002,2,,2
153.0,2,5.9582,2,33.731,2,193.7,2,61.5,2,0.024,2,,2
154.0,2,5.9451,2,33.7335,2,193.0,2,61.4,2,0.017,2,,2
155.0,2,5.9384,2,33.7346,2,192.4,2,61.5,2,0.019,2,,2
156.0,2,5.931,2,33.7369,2,191.8,2,61.5,2,0.019,2,,2
157.0,2,5.9181,2,33.7406,2,191.0,2,61.5,2,0.013999999999999999,2,,2
158.0,2,5.9028,2,33.7416,2,190.2,2,61.4,2,0.017,2,,2
159.0,2,5.8875,2,33.7445,2,189.5,2,61.4,2,0.018000000000000002,2,,2
160.0,2,5.8817,2,33.749,2,188.6,2,61.4,2,0.017,2,,2
161.0,2,5.8488,2,33.7506,2,187.4,2,61.4,2,0.024,2,,2
162.0,2,5.8287,2,33.7514,2,186.9,2,61.4,2,0.024,2,,2
163.0,2,5.8284,2,33.7552,2,186.0,2,61.4,2,0.02,2,,2
164.0,2,5.7955,2,33.757,2,184.9,2,61.4,2,0.024,2,,2
165.0,2,5.7548,2,33.7552,2,184.1,2,61.4,2,0.02,2,,2
166.0,2,5.7244,2,33.7541,2,182.9,2,61.4,2,0.02,2,,2
167.0,2,5.6928,2,33.7534,2,182.3,2,61.4,2,0.024,2,,2
168.0,2,5.6711,2,33.7528,2,181.8,2,61.4,2,0.024,2,,2
169.0,2,5.6479,2,33.7531,2,180.9,2,61.4,2,0.013999999999999999,2,,2
170.0,2,5.6133,2,33.7565,2,179.8,2,61.4,2,0.019,2,,2
171.0,2,5.6077,2,33.7591,2,178.9,2,61.4,2,0.017,2,,2
172.0,2,5.5968,2,33.7606,2,178.2,2,61.4,2,0.023,2,,2
173.0,2,5.5714,2,33.7599,2,177.3,2,61.4,2,0.018000000000000002,2,,2
174.0,2,5.5809,2,33.7648,2,176.5,2,61.4,2,0.018000000000000002,2,,2
175.0,2,5.5607,2,33.7642,2,175.8,2,61.4,2,0.024,2,,2
176.0,2,5.5033,2,33.7603,2,174.9,2,61.3,2,0.019,2,,2
177.0,2,5.4568,2,33.759,2,173.9,2,61.4,2,0.012,2,,2
178.0,2,5.4223,2,33.7584,2,172.7,2,61.4,2,0.022000000000000002,2,,2
179.0,2,5.3865,2,33.7597,2,171.4,2,61.4,2,0.019,2,,2
180.0,2,5.3683,2,33.7599,2,170.3,2,61.3,2,0.016,2,,2
181.0,2,5.3621,2,33.7642,2,169.1,2,61.4,2,0.017,2,,2
182.0,2,5.3648,2,33.7684,2,168.1,2,61.4,2,0.024,2,,2
183.0,2,5.3595,2,33.7694,2,167.1,2,61.4,2,0.019,2,,2
184.0,2,5.3269,2,33.7675,2,166.3,2,61.4,2,0.017,2,,2
185.0,2,5.2874,2,33.7649,2,165.8,2,61.4,2,0.023,2,,2
186.0,2,5.2537,2,33.7646,2,164.9,2,61.4,2,0.023,2,,2
187.0,2,5.2369,2,33.7651,2,164.1,2,61.4,2,0.021,2,,2
188.0,2,5.2286,2,33.7656,2,163.5,2,61.4,2,0.024,2,,2
189.0,2,5.2184,2,33.7656,2,162.8,2,61.4,2,0.024,2,,2
190.0,2,5.2011,2,33.7656,2,162.0,2,61.3,2,0.016,2,,2
191.0,2,5.178,2,33.7666,2,161.2,2,61.4,2,0.013999999999999999,2,,2
192.0,2,5.1669,2,33.7677,2,160.8,2,61.3,2,0.013000000000000001,2,,2
193.0,2,5.1641,2,33.7677,2,160.4,2,61.4,2,0.02,2,,2
194.0,2,5.159,2,33.7677,2,159.8,2,61.4,2,0.024,2,,2
195.0,2,5.1553,2,33.768,2,159.4,2,61.4,2,0.021,2,,2
196.0,2,5.1444,2,33.7681,2,158.9,2,61.4,2,0.01,2,,2
197.0,2,5.1356,2,33.7683,2,158.3,2,61.4,2,0.017,2,,2
198.0,2,5.1214,2,33.7683,2,157.7,2,61.4,2,0.022000000000000002,2,,2
199.0,2,5.1019,2,33.7687,2,157.2,2,61.3,2,0.021,2,,2
200.0,2,5.087,2,33.7689,2,156.8,2,61.4,2,0.021,2,,2
201.0,2,5.0737,2,33.7693,2,156.1,2,61.4,2,0.013999999999999999,2,,2
202.0,2,5.0651,2,33.7697,2,155.4,2,61.4,2,0.023,2,,2
203.0,2,5.0514,2,33.7692,2,154.6,2,61.4,2,0.024,2,,2
204.0,2,5.0416,2,33.7696,2,154.2,2,61.4,2,0.024,2,,2
205.0,2,5.0301,2,33.7705,2,153.4,2,61.4,2,0.022000000000000002,2,,2
206.0,2,5.0175,2,33.7711,2,152.8,2,61.4,2,0.02,2,,2
207.0,2,4.9983,2,33.7701,2,152.0,2,61.4,2,0.024,2,,2
208.0,2,4.9846,2,33.7699,2,151.5,2,61.4,2,0.023,2,,2
209.0,2,4.9803,2,33.7698,2,151.2,2,61.4,2,0.024,2,,2
210.0,2,4.9765,2,33.7698,2,150.8,2,61.4,2,0.015,2,,2
211.0,2,4.9706,2,33.77,2,150.7,2,61.4,2,0.013999999999999999,2,,2
212.0,2,4.9589,2,33.7708,2,149.8,2,61.4,2,0.019,2,,2
213.0,2,4.949,2,33.7714,2,149.2,2,61.4,2,0.017,2,,2
214.0,2,4.9404,2,33.7724,2,148.8,2,61.4,2,0.023,2,,2
215.0,2,4.9374,2,33.7725,2,148.4,2,61.4,2,0.021,2,,2
216.0,2,4.9358,2,33.7726,2,148.1,2,61.4,2,0.017,2,,2
217.0,2,4.9332,2,33.7731,2,147.9,2,61.4,2,0.024,2,,2
218.0,2,4.9255,2,33.7741,2,147.3,2,61.4,2,0.016,2,,2
219.0,2,4.9104,2,33.7755,2,146.2,2,61.4,2,0.022000000000000002,2,,2
220.0,2,4.8964,2,33.7757,2,145.2,2,61.4,2,0.02,2,,2
221.0,2,4.8707,2,33.7755,2,144.0,2,61.4,2,0.022000000000000002,2,,2
222.0,2,4.8519,2,33.7775,2,142.8,2,61.3,2,0.018000000000000002,2,,2
223.0,2,4.842,2,33.7783,2,142.1,2,61.3,2,0.022000000000000002,2,,2
224.0,2,4.8339,2,33.7787,2,141.3,2,61.4,2,0.018000000000000002,2,,2
225.0,2,4.8260000000000005,2,33.7791,2,140.7,2,61.4,2,0.018000000000000002,2,,2
226.0,2,4.8174,2,33.7798,2,140.3,2,61.4,2,0.019,2,,2
227.0,2,4.8156,2,33.7799,2,139.7,2,61.3,2,0.015,2,,2
228.0,2,4.8079,2,33.7801,2,139.3,2,61.4,2,0.024,2,,2
229.0,2,4.7983,2,33.7809,2,138.8,2,61.4,2,0.015,2,,2
230.0,2,4.7841,2,33.782,2,137.6,2,61.4,2,0.019,2,,2
231.0,2,4.7769,2,33.7826,2,137.0,2,61.4,2,0.024,2,,2
232.0,2,4.7748,2,33.7829,2,136.5,2,61.4,2,0.022000000000000002,2,,2
233.0,2,4.7713,2,33.7832,2,136.0,2,61.4,2,0.022000000000000002,2,,2
234.0,2,4.7667,2,33.784,2,135.7,2,61.4,2,0.024,2,,2
235.0,2,4.7627,2,33.7842,2,135.3,2,61.4,2,0.02,2,,2
236.0,2,4.7542,2,33.7848,2,135.0,2,61.4,2,0.021,2,,2
237.0,2,4.7505,2,33.7851,2,134.6,2,61.3,2,0.022000000000000002,2,,2
238.0,2,4.7402,2,33.7853,2,134.4,2,61.4,2,0.017,2,,2
239.0,2,4.7377,2,33.7857,2,133.9,2,61.4,2,0.013999999999999999,2,,2
240.0,2,4.7332,2,33.7869,2,133.1,2,61.4,2,0.024,2,,2
241.0,2,4.7261,2,33.7876,2,132.5,2,61.4,2,0.012,2,,2
242.0,2,4.7228,2,33.7879,2,131.8,2,61.4,2,0.022000000000000002,2,,2
243.0,2,4.7143,2,33.7894,2,130.9,2,61.4,2,0.021,2,,2
244.0,2,4.6903,2,33.7914,2,129.7,2,61.2,2,0.02,2,,2
245.0,2,4.6786,2,33.7936,2,128.2,2,61.4,2,0.017,2,,2
246.0,2,4.6671,2,33.7957,2,126.5,2,61.4,2,0.018000000000000002,2,,2
247.0,2,4.6503,2,33.7994,2,125.1,2,61.4,2,0.019,2,,2
248.0,2,4.6429,2,33.8011,2,124.1,2,61.4,2,0.024,2,,2
249.0,2,4.6419,2,33.8015,2,123.5,2,61.4,2,0.022000000000000002,2,,2
250.0,2,4.6346,2,33.8028,2,122.6,2,61.4,2,0.017,2,,2
251.0,2,4.6224,2,33.8049,2,121.5,2,61.2,2,0.024,2,,2
252.0,2,4.6168,2,33.8061,2,120.7,2,61.4,2,0.02,2,,2
253.0,2,4.613,2,33.806999999999995,2,120.0,2,61.4,2,0.024,2,,2
254.0,2,4.6082,2,33.8087,2,119.3,2,61.2,2,0.024,2,,2
255.0,2,4.5962,2,33.8105,2,118.3,2,61.4,2,0.024,2,,2
256.0,2,4.5869,2,33.8111,2,117.3,2,61.4,2,0.02,2,,2
257.0,2,4.5807,2,33.8112,2,116.8,2,61.4,2,0.024,2,,2
258.0,2,4.5755,2,33.8116,2,116.3,2,61.4,2,0.018000000000000002,2,,2
259.0,2,4.5701,2,33.8116,2,115.7,2,61.4,2,0.024,2,,2
260.0,2,4.5618,2,33.8123,2,115.1,2,61.4,2,0.024,2,,2
261.0,2,4.5569999999999995,2,33.8137,2,114.4,2,61.4,2,0.024,2,,2
262.0,2,4.5538,2,33.8149,2,113.7,2,61.4,2,0.024,2,,2
263.0,2,4.5491,2,33.8173,2,112.8,2,61.4,2,0.024,2,,2
264.0,2,4.5429,2,33.8193,2,111.7,2,61.4,2,0.024,2,,2
265.0,2,4.5364,2,33.8209,2,110.6,2,61.4,2,0.024,2,,2
266.0,2,4.5272,2,33.823,2,109.8,2,61.4,2,0.024,2,,2
267.0,2,4.5209,2,33.824,2,108.7,2,61.4,2,0.024,2,,2
268.0,2,4.5092,2,33.8253,2,108.0,2,61.4,2,0.027999999999999997,2,,2
269.0,2,4.5029,2,33.8264,2,107.3,2,61.4,2,0.026000000000000002,2,,2
270.0,2,4.4996,2,33.8271,2,106.7,2,61.4,2,0.024,2,,2
271.0,2,4.4995,2,33.8277,2,106.4,2,61.4,2,0.024,2,,2
272.0,2,4.4999,2,33.8284,2,106.0,2,61.4,2,0.024,2,,2
273.0,2,4.4973,2,33.8288,2,105.8,2,61.4,2,0.031,2,,2
274.0,2,4.4934,2,33.8292,2,105.2,2,61.4,2,0.027000000000000003,2,,2
275.0,2,4.4852,2,33.8301,2,104.8,2,61.5,2,0.027999999999999997,2,,2
276.0,2,4.4736,2,33.8308,2,104.3,2,61.5,2,0.033,2,,2
277.0,2,4.4692,2,33.8317,2,103.5,2,61.5,2,0.033,2,,2
278.0,2,4.4577,2,33.8329,2,102.5,2,61.5,2,0.03,2,,2
279.0,2,4.4262,2,33.8308,2,101.7,2,61.5,2,0.044000000000000004,2,,2
280.0,2,4.4159,2,33.8308,2,101.5,2,61.5,2,0.043,2,,2
281.0,2,4.4185,2,33.8314,2,101.3,2,61.5,2,0.04,2,,2
282.0,2,4.4192,2,33.8319,2,100.9,2,61.5,2,0.039,2,,2
283.0,2,4.4161,2,33.8331,2,100.6,2,61.6,2,0.040999999999999995,2,,2
284.0,2,4.4147,2,33.8348,2,99.9,2,61.5,2,0.042,2,,2
285.0,2,4.4098,2,33.8364,2,99.1,2,61.5,2,0.040999999999999995,2,,2
286.0,2,4.4025,2,33.8373,2,98.4,2,61.6,2,0.040999999999999995,2,,2
287.0,2,4.3963,2,33.8397,2,97.4,2,61.6,2,0.043,2,,2
288.0,2,4.3902,2,33.8417,2,96.5,2,61.6,2,0.046,2,,2
289.0,2,4.3838,2,33.8445,2,95.6,2,61.4,2,0.040999999999999995,2,,2
290.0,2,4.3792,2,33.8478,2,94.8,2,61.2,2,0.044000000000000004,2,,2
291.0,2,4.3823,2,33.8504,2,93.9,2,61.6,2,0.047,2,,2
292.0,2,4.3864,2,33.852,2,93.7,2,61.6,2,0.046,2,,2
293.0,2,4.3859,2,33.853,2,93.5,2,61.6,2,0.037000000000000005,2,,2
294.0,2,4.3821,2,33.8542,2,92.8,2,61.6,2,0.040999999999999995,2,,2
295.0,2,4.3779,2,33.8559,2,92.0,2,61.6,2,0.039,2,,2
296.0,2,4.3759,2,33.8573,2,91.6,2,61.6,2,0.042,2,,2
297.0,2,4.3684,2,33.8591,2,91.1,2,61.6,2,0.043,2,,2
298.0,2,4.3631,2,33.8598,2,90.2,2,61.6,2,0.044000000000000004,2,,2
299.0,2,4.3554,2,33.8612,2,89.8,2,61.6,2,0.043,2,,2
300.0,2,4.3506,2,33.8626,2,89.0,2,61.6,2,0.049,2,,2
301.0,2,4.3485,2,33.8667,2,88.3,2,61.6,2,0.049,2,,2
302.0,2,4.3422,2,33.8685,2,87.5,2,61.6,2,0.049,2,,2
303.0,2,4.3404,2,33.869,2,87.0,2,61.6,2,0.049,2,,2
304.0,2,4.3389999999999995,2,33.8691,2,86.9,2,61.6,2,0.049,2,,2
305.0,2,4.328,2,33.8707,2,86.4,2,61.6,2,0.046,2,,2
306.0,2,4.3202,2,33.8732,2,85.5,2,61.6,2,0.049,2,,2
307.0,2,4.3178,2,33.8749,2,84.8,2,61.6,2,0.049,2,,2
308.0,2,4.3133,2,33.8762,2,84.4,2,61.6,2,0.049,2,,2
309.0,2,4.3095,2,33.8778,2,83.9,2,61.6,2,0.049,2,,2
310.0,2,4.3075,2,33.8788,2,83.4,2,61.6,2,0.049,2,,2
311.0,2,4.3024,2,33.8811,2,82.8,2,61.3,2,0.05,2,,2
312.0,2,4.3001,2,33.8824,2,82.2,2,61.6,2,0.061,2,,2
313.0,2,4.2958,2,33.8844,2,81.6,2,61.6,2,0.061,2,,2
314.0,2,4.2939,2,33.885,2,81.2,2,61.7,2,0.062,2,,2
315.0,2,4.2927,2,33.8856,2,81.0,2,61.6,2,0.057999999999999996,2,,2
316.0,2,4.2918,2,33.8862,2,80.5,2,61.6,2,0.063,2,,2
317.0,2,4.2876,2,33.8879,2,79.9,2,61.7,2,0.061,2,,2
318.0,2,4.2809,2,33.891,2,79.2,2,61.7,2,0.06,2,,2
319.0,2,4.2766,2,33.8925,2,78.6,2,61.7,2,0.057999999999999996,2,,2
320.0,2,4.2751,2,33.8931,2,78.3,2,61.7,2,0.061,2,,2
321.0,2,4.2745,2,33.8933,2,77.9,2,61.7,2,0.061,2,,2
322.0,2,4.2725,2,33.8941,2,77.7,2,61.7,2,0.065,2,,2
323.0,2,4.2696,2,33.8954,2,77.2,2,61.7,2,0.063,2,,2
324.0,2,4.2669999999999995,2,33.8967,2,76.7,2,61.7,2,0.053,2,,2
325.0,2,4.2641,2,33.8978,2,76.3,2,61.6,2,0.052000000000000005,2,,2
326.0,2,4.2609,2,33.8993,2,75.8,2,61.7,2,0.049,2,,2
327.0,2,4.2562,2,33.9017,2,75.2,2,61.7,2,0.057999999999999996,2,,2
328.0,2,4.2548,2,33.9023,2,74.7,2,61.7,2,0.061,2,,2
329.0,2,4.2539,2,33.903,2,74.4,2,61.6,2,0.055999999999999994,2,,2
330.0,2,4.2517,2,33.9043,2,74.1,2,61.7,2,0.061,2,,2
331.0,2,4.2495,2,33.9054,2,73.7,2,61.7,2,0.061,2,,2
332.0,2,4.2477,2,33.9063,2,73.6,2,61.7,2,0.059000000000000004,2,,2
333.0,2,4.2454,2,33.9073,2,73.1,2,61.7,2,0.063,2,,2
334.0,2,4.244,2,33.9081,2,72.8,2,61.7,2,0.063,2,,2
335.0,2,4.2426,2,33.909,2,72.6,2,61.7,2,0.065,2,,2
336.0,2,4.2412,2,33.9099,2,72.3,2,61.7,2,0.063,2,,2
337.0,2,4.239,2,33.9111,2,71.9,2,61.7,2,0.061,2,,2
338.0,2,4.2389,2,33.9113,2,71.8,2,61.7,2,0.061,2,,2
339.0,2,4.2384,2,33.912,2,71.8,2,61.7,2,0.061,2,,2
340.0,2,4.2368,2,33.9133,2,71.1,2,61.7,2,0.061,2,,2
341.0,2,4.2353,2,33.9149,2,70.9,2,61.7,2,0.06,2,,2
342.0,2,4.2348,2,33.9151,2,70.5,2,61.7,2,0.057,2,,2
343.0,2,4.2327,2,33.9166,2,70.2,2,61.7,2,0.054000000000000006,2,,2
344.0,2,4.229,2,33.9198,2,69.6,2,61.6,2,0.062,2,,2
345.0,2,4.2314,2,33.9216,2,69.3,2,61.7,2,0.077,2,,2
346.0,2,4.2334,2,33.9234,2,69.0,2,61.7,2,0.057,2,,2
347.0,2,4.2298,2,33.9253,2,68.8,2,61.7,2,0.049,2,,2
348.0,2,4.2271,2,33.9269,2,68.3,2,61.6,2,0.055,2,,2
349.0,2,4.2267,2,33.928000000000004,2,67.7,2,61.7,2,0.049,2,,2
350.0,2,4.2248,2,33.9306,2,67.3,2,61.7,2,0.049,2,,2
351.0,2,4.2154,2,33.9323,2,66.8,2,61.7,2,0.049,2,,2
352.0,2,4.21,2,33.9328,2,66.2,2,61.7,2,0.049,2,,2
353.0,2,4.207,2,33.934,2,65.9,2,61.3,2,0.062,2,,2
354.0,2,4.2063,2,33.9351,2,65.6,2,61.7,2,0.049,2,,2
355.0,2,4.2038,2,33.9359,2,65.3,2,61.7,2,0.049,2,,2
356.0,2,4.1995,2,33.9367,2,65.2,2,61.7,2,0.05,2,,2
357.0,2,4.1994,2,33.9374,2,64.9,2,61.7,2,0.057999999999999996,2,,2
358.0,2,4.1973,2,33.9381,2,64.6,2,61.7,2,0.049,2,,2
359.0,2,4.1961,2,33.9399,2,64.4,2,61.7,2,0.049,2,,2
360.0,2,4.1925,2,33.9413,2,64.0,2,61.8,2,0.054000000000000006,2,,2
361.0,2,4.1867,2,33.943000000000005,2,63.4,2,61.8,2,0.05,2,,2
362.0,2,4.1807,2,33.9435,2,63.0,2,61.7,2,0.057,2,,2
363.0,2,4.1752,2,33.9443,2,62.6,2,61.7,2,0.052000000000000005,2,,2
364.0,2,4.1738,2,33.9454,2,62.3,2,61.7,2,0.052000000000000005,2,,2
365.0,2,4.1736,2,33.9461,2,62.0,2,61.7,2,0.054000000000000006,2,,2
366.0,2,4.1754,2,33.948,2,61.9,2,61.7,2,0.061,2,,2
367.0,2,4.1724,2,33.9499,2,61.6,2,61.8,2,0.061,2,,2
368.0,2,4.1689,2,33.9513,2,61.1,2,61.7,2,0.052000000000000005,2,,2
369.0,2,4.1686,2,33.9521,2,60.9,2,61.7,2,0.054000000000000006,2,,2
370.0,2,4.1687,2,33.9526,2,60.7,2,61.7,2,0.053,2,,2
371.0,2,4.1692,2,33.9532,2,60.6,2,61.8,2,0.054000000000000006,2,,2
372.0,2,4.1703,2,33.9549,2,60.4,2,61.8,2,0.049,2,,2
373.0,2,4.1671,2,33.9559,2,60.3,2,61.8,2,0.055999999999999994,2,,2
374.0,2,4.1667,2,33.9561,2,60.2,2,61.8,2,0.049,2,,2
375.0,2,4.1668,2,33.9568,2,60.1,2,61.8,2,0.049,2,,2
376.0,2,4.1668,2,33.957,2,59.9,2,61.8,2,0.052000000000000005,2,,2
377.0,2,4.1657,2,33.9578,2,59.9,2,61.8,2,0.05,2,,2
378.0,2,4.1645,2,33.9585,2,59.6,2,61.7,2,0.05,2,,2
379.0,2,4.1639,2,33.959,2,59.6,2,61.8,2,0.049,2,,2
380.0,2,4.1625,2,33.9597,2,59.4,2,61.6,2,0.052000000000000005,2,,2
381.0,2,4.1604,2,33.9613,2,59.0,2,61.7,2,0.049,2,,2
382.0,2,4.1568,2,33.9634,2,58.7,2,61.8,2,0.05,2,,2
383.0,2,4.1546,2,33.9643,2,58.5,2,61.8,2,0.049,2,,2
384.0,2,4.1526,2,33.9652,2,58.1,2,61.8,2,0.049,2,,2
385.0,2,4.1473,2,33.9673,2,57.8,2,61.8,2,0.051,2,,2
386.0,2,4.1449,2,33.9684,2,57.3,2,61.8,2,0.053,2,,2
387.0,2,4.1423,2,33.9699,2,57.1,2,61.8,2,0.049,2,,2
388.0,2,4.1403,2,33.9716,2,56.6,2,61.8,2,0.049,2,,2
389.0,2,4.1389,2,33.9721,2,56.5,2,61.8,2,0.049,2,,2
390.0,2,4.1385,2,33.9724,2,56.0,2,61.8,2,0.049,2,,2
391.0,2,4.1374,2,33.9727,2,55.9,2,61.8,2,0.055,2,,2
392.0,2,4.1355,2,33.9732,2,55.6,2,61.8,2,0.052000000000000005,2,,2
393.0,2,4.1314,2,33.9758,2,55.2,2,61.8,2,0.049,2,,2
394.0,2,4.1302,2,33.9766,2,55.0,2,61.7,2,0.061,2,,2
395.0,2,4.1276,2,33.9786,2,54.6,2,61.7,2,0.059000000000000004,2,,2
396.0,2,4.1269,2,33.9794,2,54.3,2,61.8,2,0.061,2,,2
397.0,2,4.1266,2,33.9795,2,54.2,2,61.8,2,0.052000000000000005,2,,2
398.0,2,4.1263,2,33.9798,2,54.2,2,61.8,2,0.057999999999999996,2,,2
399.0,2,4.1266,2,33.9803,2,54.0,2,61.7,2,0.06,2,,2
400.0,2,4.1264,2,33.9814,2,53.7,2,61.8,2,0.054000000000000006,2,,2
401.0,2,4.1245,2,33.9833,2,53.5,2,61.8,2,0.054000000000000006,2,,2
402.0,2,4.1221,2,33.985,2,53.2,2,61.8,2,0.05,2,,2
403.0,2,4.1207,2,33.9859,2,52.7,2,61.8,2,0.049,2,,2
404.0,2,4.1184,2,33.9868,2,52.6,2,61.8,2,0.055999999999999994,2,,2
405.0,2,4.1216,2,33.9904,2,52.1,2,61.8,2,0.052000000000000005,2,,2
406.0,2,4.1222,2,33.9908,2,52.0,2,61.7,2,0.049,2,,2
407.0,2,4.1239,2,33.992,2,51.6,2,61.8,2,0.054000000000000006,2,,2
408.0,2,4.1249,2,33.9934,2,51.5,2,61.8,2,0.05,2,,2
409.0,2,4.1248,2,33.9948,2,51.4,2,61.8,2,0.052000000000000005,2,,2
410.0,2,4.1261,2,33.9961,2,51.1,2,61.8,2,0.049,2,,2
411.0,2,4.1262,2,33.9975,2,50.8,2,61.6,2,0.049,2,,2
412.0,2,4.1254,2,33.9995,2,50.8,2,61.8,2,0.049,2,,2
413.0,2,4.1253,2,34.0013,2,50.3,2,61.7,2,0.049,2,,2
414.0,2,4.1251,2,34.0023,2,50.0,2,61.8,2,0.049,2,,2
415.0,2,4.1246,2,34.0028,2,50.1,2,61.8,2,0.047,2,,2
416.0,2,4.1238,2,34.004,2,49.8,2,61.8,2,0.045,2,,2
417.0,2,4.1218,2,34.006,2,49.6,2,61.8,2,0.04,2,,2
418.0,2,4.121,2,34.0066,2,49.2,2,61.8,2,0.034,2,,2
419.0,2,4.1211,2,34.007,2,49.2,2,61.8,2,0.037000000000000005,2,,2
420.0,2,4.1205,2,34.0074,2,48.9,2,61.8,2,0.026000000000000002,2,,2
421.0,2,4.1174,2,34.0084,2,48.7,2,61.8,2,0.031,2,,2
422.0,2,4.1156,2,34.0089,2,48.5,2,61.8,2,0.024,2,,2
423.0,2,4.1133,2,34.0098,2,48.3,2,61.8,2,0.024,2,,2
424.0,2,4.1124,2,34.0106,2,48.2,2,61.8,2,0.024,2,,2
425.0,2,4.1095,2,34.0116,2,48.0,2,61.8,2,0.027999999999999997,2,,2
426.0,2,4.1066,2,34.0131,2,47.4,2,61.8,2,0.024,2,,2
427.0,2,4.1037,2,34.0137,2,47.3,2,61.8,2,0.024,2,,2
428.0,2,4.1002,2,34.0144,2,47.2,2,61.8,2,0.024,2,,2
429.0,2,4.0982,2,34.0147,2,47.0,2,61.8,2,0.024,2,,2
430.0,2,4.0961,2,34.015,2,46.9,2,61.8,2,0.024,2,,2
431.0,2,4.0951,2,34.0163,2,46.6,2,61.8,2,0.024,2,,2
432.0,2,4.0963,2,34.016999999999996,2,46.5,2,61.8,2,0.019,2,,2
433.0,2,4.0952,2,34.0177,2,46.2,2,61.8,2,0.018000000000000002,2,,2
434.0,2,4.0918,2,34.0184,2,46.2,2,61.8,2,0.019,2,,2
435.0,2,4.0872,2,34.0187,2,46.0,2,61.8,2,0.021,2,,2
436.0,2,4.0858,2,34.0191,2,45.7,2,61.8,2,0.019,2,,2
437.0,2,4.0844,2,34.0194,2,45.6,2,61.8,2,0.022000000000000002,2,,2
438.0,2,4.0782,2,34.0211,2,45.4,2,61.8,2,0.024,2,,2
439.0,2,4.0741,2,34.0228,2,44.9,2,61.8,2,0.021,2,,2
440.0,2,4.0723,2,34.0236,2,44.6,2,61.8,2,0.024,2,,2
441.0,2,4.0691,2,34.0252,2,44.3,2,61.6,2,0.024,2,,2
442.0,2,4.0665,2,34.0267,2,44.0,2,61.8,2,0.024,2,,2
443.0,2,4.0633,2,34.0279,2,43.7,2,61.7,2,0.024,2,,2
444.0,2,4.0627,2,34.0281,2,43.6,2,61.8,2,0.022000000000000002,2,,2
445.0,2,4.0626,2,34.028,2,43.6,2,61.8,2,0.018000000000000002,2,,2
446.0,2,4.0618,2,34.0283,2,43.5,2,61.8,2,0.023,2,,2
447.0,2,4.0575,2,34.03,2,43.0,2,61.8,2,0.023,2,,2
448.0,2,4.053,2,34.0321,2,42.9,2,61.9,2,0.024,2,,2
449.0,2,4.0505,2,34.0334,2,42.7,2,61.9,2,0.019,2,,2
450.0,2,4.0495,2,34.0349,2,42.3,2,61.8,2,0.023,2,,2
451.0,2,4.0496,2,34.0361,2,42.1,2,61.8,2,0.02,2,,2
452.0,2,4.0501,2,34.037,2,42.2,2,61.9,2,0.024,2,,2
453.0,2,4.051,2,34.0381,2,41.8,2,61.9,2,0.021,2,,2
454.0,2,4.0517,2,34.0395,2,41.8,2,61.9,2,0.02,2,,2
455.0,2,4.0507,2,34.0406,2,41.5,2,61.9,2,0.024,2,,2
456.0,2,4.0495,2,34.0414,2,41.6,2,61.9,2,0.024,2,,2
457.0,2,4.0488,2,34.0418,2,41.3,2,61.9,2,0.023,2,,2
458.0,2,4.0475,2,34.0425,2,41.3,2,61.9,2,0.021,2,,2
459.0,2,4.0472,2,34.0428,2,41.1,2,61.9,2,0.024,2,,2
460.0,2,4.0468,2,34.0433,2,40.9,2,61.9,2,0.024,2,,2
461.0,2,4.0461,2,34.0441,2,41.2,2,62.0,2,0.024,2,,2
462.0,2,4.0443,2,34.0452,2,41.0,2,61.9,2,0.019,2,,2
463.0,2,4.0398,2,34.0469,2,40.5,2,62.0,2,0.024,2,,2
464.0,2,4.0384,2,34.0479,2,40.2,2,61.9,2,0.024,2,,2
465.0,2,4.0379,2,34.0483,2,40.2,2,61.9,2,0.021,2,,2
466.0,2,4.0366,2,34.0489,2,40.3,2,61.9,2,0.024,2,,2
467.0,2,4.0358,2,34.0493,2,40.0,2,61.9,2,0.021,2,,2
468.0,2,4.035,2,34.0497,2,40.0,2,62.0,2,0.024,2,,2
469.0,2,4.0335,2,34.0512,2,39.6,2,62.0,2,0.024,2,,2
470.0,2,4.0327,2,34.052,2,39.5,2,61.9,2,0.02,2,,2
471.0,2,4.0324,2,34.0523,2,39.6,2,62.0,2,0.024,2,,2
472.0,2,4.0321,2,34.0525,2,39.2,2,62.0,2,0.022000000000000002,2,,2
473.0,2,4.0312,2,34.0534,2,39.4,2,61.9,2,0.024,2,,2
474.0,2,4.0279,2,34.0561,2,39.1,2,62.0,2,0.023,2,,2
475.0,2,4.0262,2,34.0578,2,38.8,2,62.0,2,0.023,2,,2
476.0,2,4.0247,2,34.0597,2,38.5,2,61.5,2,0.017,2,,2
477.0,2,4.0209,2,34.0627,2,38.1,2,62.0,2,0.017,2,,2
478.0,2,4.0185,2,34.0646,2,38.2,2,62.0,2,0.024,2,,2
479.0,2,4.0174,2,34.0661,2,37.7,2,62.0,2,0.024,2,,2
480.0,2,4.0164,2,34.067,2,37.4,2,62.0,2,0.024,2,,2
481.0,2,4.0165,2,34.068000000000005,2,37.5,2,62.0,2,0.024,2,,2
482.0,2,4.0169,2,34.0691,2,37.2,2,62.0,2,0.023,2,,2
483.0,2,4.0173,2,34.0702,2,37.2,2,62.0,2,0.02,2,,2
484.0,2,4.0169,2,34.0709,2,37.1,2,62.0,2,0.019,2,,2
485.0,2,4.0171,2,34.0716,2,37.0,2,62.0,2,0.024,2,,2
486.0,2,4.0177,2,34.0728,2,37.1,2,61.8,2,0.024,2,,2
487.0,2,4.0174,2,34.0754,2,36.9,2,61.9,2,0.024,2,,2
488.0,2,4.0177,2,34.0763,2,36.6,2,62.0,2,0.024,2,,2
489.0,2,4.0187,2,34.0768,2,36.7,2,62.0,2,0.023,2,,2
490.0,2,4.0213,2,34.0776,2,36.5,2,62.0,2,0.023,2,,2
491.0,2,4.0236,2,34.08,2,36.4,2,62.0,2,0.024,2,,2
492.0,2,4.0246,2,34.0814,2,36.3,2,62.0,2,0.02,2,,2
493.0,2,4.0265,2,34.0824,2,36.4,2,62.0,2,0.023,2,,2
494.0,2,4.0286,2,34.0839,2,36.4,2,62.0,2,0.024,2,,2
495.0,2,4.0272,2,34.0842,2,35.9,2,62.0,2,0.017,2,,2
496.0,2,4.0246,2,34.0855,2,36.1,2,62.0,2,0.024,2,,2
497.0,2,4.0258,2,34.0873,2,35.9,2,62.0,2,0.021,2,,2
498.0,2,4.0264,2,34.0885,2,35.6,2,62.0,2,0.02,2,,2
499.0,2,4.0247,2,34.0896,2,35.7,2,62.0,2,0.02,2,,2
500.0,2,4.025,2,34.0909,2,35.8,2,61.7,2,0.021,2,,2
501.0,2,4.0253,2,34.0923,2,35.6,2,62.0,2,0.019,2,,2
502.0,2,4.0247,2,34.0933,2,35.3,2,62.0,2,0.024,2,,2
503.0,2,4.0238,2,34.0939,2,35.2,2,62.0,2,0.024,2,,2
504.0,2,4.0216,2,34.0948,2,35.0,2,62.0,2,0.022000000000000002,2,,2
505.0,2,4.0188,2,34.0961,2,34.9,2,62.0,2,0.023,2,,2
506.0,2,4.0157,2,34.0969,2,34.6,2,62.0,2,0.018000000000000002,2,,2
507.0,2,4.0089999999999995,2,34.0971,2,34.3,2,62.0,2,0.013000000000000001,2,,2
508.0,2,4.0033,2,34.0975,2,34.2,2,62.0,2,0.022000000000000002,2,,2
509.0,2,4.0028,2,34.098,2,34.2,2,62.0,2,0.018000000000000002,2,,2
510.0,2,4.0006,2,34.0991,2,34.1,2,62.0,2,0.024,2,,2
511.0,2,3.9992,2,34.1004,2,33.9,2,62.0,2,0.023,2,,2
512.0,2,3.9978,2,34.1021,2,33.9,2,62.0,2,0.022000000000000002,2,,2
513.0,2,3.9959,2,34.1034,2,33.6,2,62.0,2,0.024,2,,2
514.0,2,3.9943,2,34.1042,2,33.6,2,62.0,2,0.022000000000000002,2,,2
515.0,2,3.9936,2,34.1047,2,33.7,2,62.0,2,0.017,2,,2
516.0,2,3.9924,2,34.1054,2,33.3,2,62.0,2,0.021,2,,2
517.0,2,3.9912,2,34.106,2,33.2,2,61.6,2,0.024,2,,2
518.0,2,3.9878,2,34.107,2,33.0,2,62.0,2,0.013999999999999999,2,,2
519.0,2,3.9842,2,34.1085,2,32.8,2,62.0,2,0.018000000000000002,2,,2
520.0,2,3.9819999999999998,2,34.11,2,32.5,2,62.0,2,0.01,2,,2
521.0,2,3.9819,2,34.1115,2,32.3,2,62.0,2,0.013000000000000001,2,,2
522.0,2,3.9852,2,34.114000000000004,2,31.9,2,62.0,2,0.012,2,,2
523.0,2,3.9863,2,34.1159,2,31.5,2,62.0,2,0.012,2,,2
524.0,2,3.9857,2,34.1168,2,31.1,2,61.9,2,0.015,2,,2
525.0,2,3.9833,2,34.1181,2,30.9,2,62.0,2,0.015,2,,2
526.0,2,3.9810000000000003,2,34.119,2,30.6,2,62.0,2,0.016,2,,2
527.0,2,3.9774,2,34.12,2,30.6,2,62.0,2,0.019,2,,2
528.0,2,3.9716,2,34.1213,2,30.3,2,62.0,2,0.011000000000000001,2,,2
529.0,2,3.969,2,34.1219,2,30.3,2,62.0,2,0.021,2,,2
530.0,2,3.9641,2,34.123000000000005,2,30.1,2,62.0,2,0.013999999999999999,2,,2
531.0,2,3.9573,2,34.1249,2,30.0,2,62.0,2,0.022000000000000002,2,,2
532.0,2,3.9562,2,34.1252,2,29.9,2,62.0,2,0.017,2,,2
533.0,2,3.9554,2,34.1253,2,29.9,2,62.0,2,0.022000000000000002,2,,2
534.0,2,3.9535,2,34.1258,2,29.7,2,62.0,2,0.035,2,,2
535.0,2,3.9526,2,34.1261,2,29.6,2,61.9,2,0.054000000000000006,2,,2
536.0,2,3.9522,2,34.1262,2,29.7,2,62.0,2,0.051,2,,2
537.0,2,3.951,2,34.1265,2,29.7,2,62.0,2,0.024,2,,2
538.0,2,3.9486,2,34.1272,2,29.6,2,61.9,2,0.022000000000000002,2,,2
539.0,2,3.9469,2,34.1278,2,29.3,2,62.0,2,0.06,2,,2
540.0,2,3.9457,2,34.128,2,29.3,2,62.0,2,0.057,2,,2
541.0,2,3.9425,2,34.1289,2,29.4,2,62.0,2,0.071,2,,2
542.0,2,3.9367,2,34.1304,2,29.3,2,62.0,2,0.069,2,,2
543.0,2,3.927,2,34.1328,2,28.8,2,62.0,2,0.066,2,,2
544.0,2,3.9205,2,34.1344,2,28.7,2,62.0,2,0.091,2,,2
545.0,2,3.9164,2,34.1354,2,28.5,2,62.0,2,0.102,2,,2
546.0,2,3.9143,2,34.1358,2,28.6,2,62.0,2,0.098,2,,2
547.0,2,3.9106,2,34.1367,2,28.4,2,62.0,2,0.08,2,,2
548.0,2,3.9073,2,34.1374,2,28.2,2,62.0,2,0.092,2,,2
549.0,2,3.9046,2,34.1382,2,28.3,2,61.9,2,0.09699999999999999,2,,2
550.0,2,3.9021,2,34.1388,2,28.4,2,62.0,2,0.094,2,,2
551.0,2,3.9001,2,34.1392,2,28.3,2,61.9,2,0.098,2,,2
552.0,2,3.8954,2,34.1403,2,28.0,2,62.0,2,0.08800000000000001,2,,2
553.0,2,3.8906,2,34.1417,2,27.8,2,62.0,2,0.075,2,,2
554.0,2,3.888,2,34.1423,2,27.9,2,62.0,2,0.009000000000000001,2,,2
555.0,2,3.8865,2,34.1427,2,27.8,2,62.0,2,0.026000000000000002,2,,2
556.0,2,3.8851,2,34.143,2,27.7,2,62.0,2,0.018000000000000002,2,,2
557.0,2,3.8834,2,34.1435,2,27.8,2,62.0,2,0.044000000000000004,2,,2
558.0,2,3.8819999999999997,2,34.1438,2,27.8,2,62.0,2,0.08,2,,2
559.0,2,3.8806,2,34.1441,2,27.6,2,62.0,2,0.07400000000000001,2,,2
560.0,2,3.8784,2,34.1448,2,27.5,2,61.9,2,0.09699999999999999,2,,2
561.0,2,3.8756,2,34.1454,2,27.2,2,62.0,2,0.096,2,,2
562.0,2,3.8704,2,34.1467,2,27.2,2,62.0,2,0.098,2,,2
563.0,2,3.8686,2,34.1471,2,26.9,2,62.0,2,0.092,2,,2
564.0,2,3.8627,2,34.1486,2,27.0,2,62.0,2,0.049,2,,2
565.0,2,3.8569999999999998,2,34.1501,2,27.0,2,62.0,2,0.057,2,,2
566.0,2,3.8541,2,34.1509,2,27.0,2,62.0,2,0.095,2,,2
567.0,2,3.8534,2,34.1509,2,26.9,2,62.0,2,0.098,2,,2
568.0,2,3.8523,2,34.1512,2,26.6,2,62.0,2,0.091,2,,2
569.0,2,3.8501,2,34.1516,2,26.6,2,62.0,2,0.098,2,,2
570.0,2,3.8438,2,34.1533,2,26.6,2,62.0,2,0.085,2,,2
571.0,2,3.8374,2,34.1549,2,26.3,2,62.0,2,0.032,2,,2
572.0,2,3.8311,2,34.1565,2,26.4,2,62.0,2,0.04,2,,2
573.0,2,3.8274,2,34.1573,2,26.2,2,62.0,2,0.079,2,,2
574.0,2,3.8228,2,34.1584,2,25.9,2,62.0,2,0.064,2,,2
575.0,2,3.8172,2,34.1597,2,25.9,2,62.0,2,0.037000000000000005,2,,2
576.0,2,3.8121,2,34.161,2,25.7,2,62.0,2,0.042,2,,2
577.0,2,3.8085,2,34.1619,2,25.5,2,62.0,2,0.061,2,,2
578.0,2,3.8065,2,34.1624,2,25.6,2,62.0,2,0.067,2,,2
579.0,2,3.8044,2,34.1628,2,25.4,2,62.0,2,0.065,2,,2
580.0,2,3.8004,2,34.1639,2,25.3,2,62.0,2,0.049,2,,2
581.0,2,3.7947,2,34.1653,2,25.2,2,62.0,2,0.055999999999999994,2,,2
582.0,2,3.7889,2,34.1668,2,24.9,2,62.0,2,0.049,2,,2
583.0,2,3.7863,2,34.1675,2,24.9,2,62.0,2,0.049,2,,2
584.0,2,3.7847,2,34.1679,2,24.9,2,62.0,2,0.049,2,,2
585.0,2,3.7826,2,34.1684,2,24.6,2,62.0,2,0.049,2,,2
586.0,2,3.7806,2,34.1689,2,24.6,2,62.0,2,0.049,2,,2
587.0,2,3.7781,2,34.1697,2,24.6,2,62.0,2,0.049,2,,2
588.0,2,3.7755,2,34.1702,2,24.2,2,62.0,2,0.049,2,,2
589.0,2,3.7736,2,34.1708,2,24.4,2,62.0,2,0.05,2,,2
590.0,2,3.7716,2,34.1713,2,24.4,2,62.0,2,0.049,2,,2
591.0,2,3.7681,2,34.1722,2,24.2,2,62.0,2,0.049,2,,2
592.0,2,3.766,2,34.1728,2,24.0,2,62.0,2,0.049,2,,2
593.0,2,3.7652,2,34.1731,2,23.9,2,62.0,2,0.049,2,,2
594.0,2,3.764,2,34.1733,2,24.0,2,62.0,2,0.049,2,,2
595.0,2,3.7629,2,34.1737,2,23.9,2,61.7,2,0.049,2,,2
596.0,2,3.7611,2,34.1741,2,23.8,2,61.9,2,0.049,2,,2
597.0,2,3.7582,2,34.1749,2,23.7,2,62.0,2,0.05,2,,2
598.0,2,3.7557,2,34.1755,2,23.7,2,62.0,2,0.051,2,,2
599.0,2,3.7543,2,34.1758,2,23.7,2,62.0,2,0.049,2,,2
600.0,2,3.7528,2,34.1763,2,23.5,2,62.0,2,0.049,2,,2
601.0,2,3.7507,2,34.1767,2,23.3,2,62.0,2,0.049,2,,2
602.0,2,3.7493,2,34.1769,2,23.3,2,62.0,2,0.049,2,,2
603.0,2,3.7484,2,34.1771,2,23.4,2,62.0,2,0.049,2,,2
604.0,2,3.7464,2,34.1777,2,23.4,2,62.0,2,0.049,2,,2
605.0,2,3.7443,2,34.1783,2,23.4,2,62.0,2,0.049,2,,2
606.0,2,3.7419,2,34.1786,2,23.3,2,61.9,2,0.049,2,,2
607.0,2,3.7404,2,34.1791,2,23.3,2,61.8,2,0.049,2,,2
608.0,2,3.737,2,34.1797,2,23.2,2,61.9,2,0.049,2,,2
609.0,2,3.7348,2,34.1801,2,23.2,2,62.0,2,0.049,2,,2
610.0,2,3.7324,2,34.1805,2,23.0,2,62.0,2,0.063,2,,2
611.0,2,3.7297,2,34.181,2,23.0,2,62.0,2,0.08,2,,2
612.0,2,3.7258,2,34.1815,2,23.2,2,62.0,2,0.08199999999999999,2,,2
613.0,2,3.7208,2,34.1824,2,23.1,2,62.0,2,0.073,2,,2
614.0,2,3.7174,2,34.1832,2,23.2,2,62.0,2,0.028999999999999998,2,,2
615.0,2,3.7155,2,34.1835,2,23.0,2,62.0,2,0.017,2,,2
616.0,2,3.7118,2,34.1842,2,23.0,2,62.0,2,0.013999999999999999,2,,2
617.0,2,3.7044,2,34.1858,2,22.9,2,62.0,2,0.021,2,,2
618.0,2,3.7004,2,34.1869,2,22.6,2,62.0,2,0.013999999999999999,2,,2
619.0,2,3.6988,2,34.1873,2,22.7,2,61.6,2,0.024,2,,2
620.0,2,3.6979,2,34.1875,2,22.7,2,62.0,2,0.021,2,,2
621.0,2,3.6935,2,34.1884,2,22.6,2,62.0,2,0.024,2,,2
622.0,2,3.6907,2,34.1891,2,22.7,2,62.0,2,0.021,2,,2
623.0,2,3.6884,2,34.1896,2,22.5,2,62.0,2,0.015,2,,2
624.0,2,3.6841,2,34.1907,2,22.2,2,62.0,2,0.08199999999999999,2,,2
625.0,2,3.68,2,34.1917,2,22.2,2,62.0,2,0.094,2,,2
626.0,2,3.6762,2,34.1928,2,22.2,2,62.0,2,0.078,2,,2
627.0,2,3.6736,2,34.1934,2,22.2,2,62.0,2,0.073,2,,2
628.0,2,3.6706,2,34.194,2,22.0,2,62.0,2,0.07400000000000001,2,,2
629.0,2,3.6689999999999996,2,34.1943,2,22.2,2,62.0,2,0.073,2,,2
630.0,2,3.6664,2,34.1947,2,22.0,2,62.0,2,0.073,2,,2
631.0,2,3.6616,2,34.1957,2,22.2,2,62.0,2,0.081,2,,2
632.0,2,3.6592,2,34.1963,2,22.0,2,62.0,2,0.073,2,,2
633.0,2,3.6566,2,34.1968,2,22.0,2,62.0,2,0.073,2,,2
634.0,2,3.6541,2,34.1973,2,21.9,2,62.0,2,0.071,2,,2
635.0,2,3.6525,2,34.1978,2,22.0,2,62.0,2,0.071,2,,2
636.0,2,3.6499,2,34.1983,2,21.6,2,62.0,2,0.085,2,,2
637.0,2,3.6484,2,34.1986,2,21.8,2,62.0,2,0.083,2,,2
638.0,2,3.6469,2,34.1988,2,21.8,2,62.0,2,0.075,2,,2
639.0,2,3.6454,2,34.1992,2,21.8,2,62.0,2,0.073,2,,2
640.0,2,3.6447,2,34.1993,2,21.8,2,62.0,2,0.073,2,,2
641.0,2,3.6436,2,34.1997,2,21.9,2,62.0,2,0.07400000000000001,2,,2
642.0,2,3.6411,2,34.2,2,21.7,2,62.0,2,0.073,2,,2
643.0,2,3.6386,2,34.2006,2,21.8,2,62.0,2,0.078,2,,2
644.0,2,3.6338,2,34.2014,2,21.6,2,62.0,2,0.087,2,,2
645.0,2,3.6310000000000002,2,34.2018,2,21.6,2,62.0,2,0.094,2,,2
646.0,2,3.6284,2,34.2023,2,21.6,2,62.0,2,0.076,2,,2
647.0,2,3.6248,2,34.2031,2,21.3,2,62.0,2,0.086,2,,2
648.0,2,3.6198,2,34.2041,2,21.4,2,62.0,2,0.09699999999999999,2,,2
649.0,2,3.6159,2,34.2048,2,21.4,2,62.0,2,0.09699999999999999,2,,2
650.0,2,3.6143,2,34.2049,2,21.5,2,62.0,2,0.08900000000000001,2,,2
651.0,2,3.6124,2,34.2055,2,21.4,2,62.0,2,0.08800000000000001,2,,2
652.0,2,3.6119,2,34.2057,2,21.2,2,62.0,2,0.073,2,,2
653.0,2,3.6117,2,34.2056,2,21.2,2,62.0,2,0.073,2,,2
654.0,2,3.6072,2,34.2065,2,21.1,2,62.0,2,0.076,2,,2
655.0,2,3.605,2,34.207,2,21.2,2,62.0,2,0.09300000000000001,2,,2
656.0,2,3.6045,2,34.2072,2,21.2,2,62.0,2,0.095,2,,2
657.0,2,3.6037,2,34.2074,2,21.2,2,62.0,2,0.094,2,,2
658.0,2,3.6005,2,34.2084,2,21.2,2,62.0,2,0.095,2,,2
659.0,2,3.5981,2,34.2091,2,21.1,2,62.0,2,0.081,2,,2
660.0,2,3.5969,2,34.2094,2,21.2,2,62.0,2,0.085,2,,2
661.0,2,3.5955,2,34.2097,2,21.1,2,62.0,2,0.095,2,,2
662.0,2,3.5946,2,34.211,2,21.0,2,62.0,2,0.096,2,,2
663.0,2,3.5896,2,34.2122,2,20.8,2,62.0,2,0.09699999999999999,2,,2
664.0,2,3.5860000000000003,2,34.213,2,20.6,2,62.0,2,0.084,2,,2
665.0,2,3.5846,2,34.2133,2,20.8,2,62.0,2,0.098,2,,2
666.0,2,3.5836,2,34.2135,2,20.8,2,62.0,2,0.098,2,,2
667.0,2,3.5833,2,34.2136,2,20.8,2,62.0,2,0.10099999999999999,2,,2
668.0,2,3.5831,2,34.2136,2,20.8,2,61.8,2,0.098,2,,2
669.0,2,3.5832,2,34.2136,2,20.7,2,61.1,2,0.098,2,,2
670.0,2,3.5837,2,34.2135,2,20.9,2,62.0,2,0.105,2,,2
671.0,2,3.5824,2,34.2137,2,20.8,2,62.0,2,0.11,2,,2
672.0,2,3.5813,2,34.2141,2,20.6,2,62.0,2,0.10400000000000001,2,,2
673.0,2,3.5818,2,34.2139,2,20.6,2,62.0,2,0.061,2,,2
674.0,2,3.5806,2,34.2144,2,20.7,2,62.0,2,0.036000000000000004,2,,2
675.0,2,3.577,2,34.2156,2,20.4,2,62.0,2,0.068,2,,2
676.0,2,3.5725,2,34.2185,2,20.4,2,62.0,2,0.07400000000000001,2,,2
677.0,2,3.5728,2,34.22,2,20.3,2,62.0,2,0.036000000000000004,2,,2
678.0,2,3.5728,2,34.2204,2,20.0,2,62.0,2,0.033,2,,2
679.0,2,3.5725,2,34.2203,2,20.0,2,62.0,2,0.069,2,,2
680.0,2,3.572,2,34.2206,2,20.1,2,62.0,2,0.096,2,,2
681.0,2,3.5711,2,34.2206,2,20.2,2,62.0,2,0.10300000000000001,2,,2
682.0,2,3.568,2,34.2206,2,20.1,2,62.0,2,0.10800000000000001,2,,2
683.0,2,3.5657,2,34.2209,2,20.0,2,62.0,2,0.107,2,,2
684.0,2,3.5651,2,34.2217,2,20.0,2,62.0,2,0.051,2,,2
685.0,2,3.5637,2,34.2225,2,19.9,2,62.0,2,0.043,2,,2
686.0,2,3.5623,2,34.2228,2,19.8,2,62.0,2,0.08900000000000001,2,,2
687.0,2,3.5608,2,34.2233,2,19.9,2,62.0,2,0.052000000000000005,2,,2
688.0,2,3.5594,2,34.2238,2,19.8,2,62.0,2,0.019,2,,2
689.0,2,3.5589999999999997,2,34.2241,2,19.8,2,62.0,2,0.019,2,,2
690.0,2,3.5580000000000003,2,34.2247,2,19.8,2,62.0,2,0.013000000000000001,2,,2
691.0,2,3.5543,2,34.226,2,19.8,2,62.0,2,0.027000000000000003,2,,2
692.0,2,3.5526,2,34.2264,2,19.7,2,62.0,2,0.032,2,,2
693.0,2,3.5507,2,34.227,2,19.5,2,62.0,2,0.037000000000000005,2,,2
694.0,2,3.5491,2,34.2275,2,19.4,2,61.8,2,0.042,2,,2
695.0,2,3.548,2,34.2279,2,19.5,2,62.0,2,0.098,2,,2
696.0,2,3.5473,2,34.228,2,19.4,2,62.0,2,0.07400000000000001,2,,2
697.0,2,3.5439999999999996,2,34.229,2,19.4,2,62.0,2,0.067,2,,2
698.0,2,3.543,2,34.2295,2,19.3,2,62.0,2,0.066,2,,2
699.0,2,3.5422,2,34.2297,2,19.2,2,62.0,2,0.08,2,,2
700.0,2,3.5396,2,34.2305,2,19.1,2,62.0,2,0.036000000000000004,2,,2
701.0,2,3.5367,2,34.2314,2,19.1,2,62.0,2,0.085,2,,2
702.0,2,3.5355,2,34.2316,2,19.2,2,62.0,2,0.07200000000000001,2,,2
703.0,2,3.5323,2,34.2323,2,19.1,2,62.0,2,0.094,2,,2
704.0,2,3.5302,2,34.2329,2,19.2,2,62.0,2,0.067,2,,2
705.0,2,3.5295,2,34.2331,2,19.2,2,62.0,2,0.03,2,,2
706.0,2,3.5246,2,34.2342,2,19.1,2,62.0,2,0.034,2,,2
707.0,2,3.5203,2,34.2356,2,19.0,2,62.0,2,0.035,2,,2
708.0,2,3.5148,2,34.2364,2,18.7,2,62.0,2,0.068,2,,2
709.0,2,3.5086,2,34.2377,2,18.7,2,62.0,2,0.046,2,,2
710.0,2,3.5047,2,34.2385,2,18.7,2,62.0,2,0.09300000000000001,2,,2
711.0,2,3.4983,2,34.2396,2,18.8,2,62.0,2,0.096,2,,2
712.0,2,3.492,2,34.2404,2,18.7,2,62.0,2,0.075,2,,2
713.0,2,3.4876,2,34.2412,2,18.6,2,62.0,2,0.073,2,,2
714.0,2,3.4864,2,34.2418,2,18.3,2,62.0,2,0.073,2,,2
715.0,2,3.4856,2,34.2419,2,18.6,2,62.0,2,0.073,2,,2
716.0,2,3.4847,2,34.2421,2,18.7,2,62.0,2,0.073,2,,2
717.0,2,3.4831,2,34.2426,2,18.4,2,62.0,2,0.073,2,,2
718.1,2,3.4793,2,34.2432,2,18.5,2,62.0,2,0.062,2,,2
719.0,2,3.4751,2,34.2446,2,18.6,2,62.0,2,0.065,2,,2
720.0,2,3.472,2,34.2451,2,18.5,2,62.0,2,0.061,2,,2
721.0,2,3.4687,2,34.2461,2,18.5,2,62.0,2,0.061,2,,2
722.0,2,3.4665,2,34.2466,2,18.5,2,62.0,2,0.061,2,,2
723.0,2,3.4656,2,34.2473,2,18.3,2,62.0,2,0.061,2,,2
724.0,2,3.4656,2,34.248000000000005,2,18.2,2,62.0,2,0.067,2,,2
725.0,2,3.4653,2,34.2484,2,18.0,2,62.0,2,0.073,2,,2
726.0,2,3.4645,2,34.2487,2,18.1,2,62.0,2,0.073,2,,2
727.0,2,3.4637,2,34.249,2,18.1,2,62.0,2,0.067,2,,2
728.0,2,3.4635,2,34.2493,2,18.2,2,62.0,2,0.061,2,,2
729.0,2,3.4634,2,34.2496,2,18.1,2,61.8,2,0.061,2,,2
730.0,2,3.4604,2,34.2501,2,18.0,2,62.0,2,0.061,2,,2
731.0,2,3.4574,2,34.2505,2,18.1,2,62.0,2,0.066,2,,2
732.0,2,3.4542,2,34.2509,2,18.0,2,62.0,2,0.073,2,,2
733.0,2,3.4552,2,34.2513,2,18.0,2,62.0,2,0.068,2,,2
734.0,2,3.4547,2,34.2516,2,18.0,2,62.0,2,0.076,2,,2
735.0,2,3.4543,2,34.2516,2,17.8,2,62.0,2,0.07200000000000001,2,,2
736.0,2,3.4539999999999997,2,34.2518,2,17.9,2,62.0,2,0.063,2,,2
737.0,2,3.4530000000000003,2,34.2518,2,17.9,2,62.0,2,0.08199999999999999,2,,2
738.0,2,3.4505,2,34.2523,2,17.9,2,62.0,2,0.085,2,,2
739.0,2,3.4489,2,34.2528,2,17.9,2,62.0,2,0.086,2,,2
740.0,2,3.4444,2,34.254,2,17.9,2,62.0,2,0.098,2,,2
741.0,2,3.4419,2,34.2548,2,17.9,2,62.0,2,0.078,2,,2
742.0,2,3.4401,2,34.2549,2,17.9,2,62.0,2,0.073,2,,2
743.0,2,3.4374,2,34.2554,2,17.9,2,62.0,2,0.066,2,,2
744.0,2,3.4339999999999997,2,34.2559,2,17.9,2,62.0,2,0.061,2,,2
745.0,2,3.4345,2,34.2565,2,17.8,2,62.0,2,0.061,2,,2
746.0,2,3.4353,2,34.2573,2,17.8,2,62.0,2,0.061,2,,2
747.0,2,3.4309,2,34.2582,2,17.6,2,62.0,2,0.067,2,,2
748.0,2,3.4295,2,34.2591,2,17.6,2,62.0,2,0.061,2,,2
749.1,2,3.4269,2,34.2595,2,17.4,2,62.0,2,0.061,2,,2
750.0,2,3.4263,2,34.2597,2,17.5,2,62.0,2,0.061,2,,2
751.0,2,3.4247,2,34.26,2,17.6,2,62.0,2,0.061,2,,2
752.0,2,3.4234,2,34.2606,2,17.6,2,62.0,2,0.061,2,,2
753.0,2,3.4223,2,34.2606,2,17.4,2,62.0,2,0.061,2,,2
754.0,2,3.4198,2,34.2607,2,17.5,2,62.0,2,0.061,2,,2
755.0,2,3.4172,2,34.2611,2,17.6,2,62.0,2,0.061,2,,2
756.0,2,3.4154,2,34.2612,2,17.6,2,62.0,2,0.07,2,,2
757.0,2,3.4126,2,34.2612,2,17.6,2,62.0,2,0.062,2,,2
758.0,2,3.4077,2,34.2616,2,17.6,2,62.0,2,0.07200000000000001,2,,2
759.0,2,3.4047,2,34.2616,2,17.7,2,62.0,2,0.073,2,,2
760.0,2,3.4036,2,34.2617,2,17.7,2,62.0,2,0.073,2,,2
761.0,2,3.4016,2,34.2619,2,17.9,2,62.0,2,0.073,2,,2
762.0,2,3.3981,2,34.2627,2,17.8,2,62.0,2,0.073,2,,2
763.0,2,3.3968,2,34.2631,2,17.8,2,62.0,2,0.073,2,,2
764.0,2,3.3967,2,34.2631,2,17.9,2,62.0,2,0.073,2,,2
765.0,2,3.3952,2,34.2636,2,17.8,2,62.0,2,0.08,2,,2
766.0,2,3.3941,2,34.264,2,17.7,2,62.0,2,0.073,2,,2
767.0,2,3.3935,2,34.2642,2,17.8,2,62.0,2,0.094,2,,2
767.9,2,3.3926,2,34.2645,2,17.7,2,62.0,2,0.098,2,,2
769.2,2,3.3906,2,34.2653,2,17.7,2,62.0,2,0.098,2,,2
770.0,2,3.3899,2,34.2658,2,17.6,2,62.0,2,0.063,2,,2
771.0,2,3.3907,2,34.266,2,17.6,2,61.9,2,0.012,2,,2
772.0,2,3.39,2,34.2663,2,17.6,2,62.0,2,0.019,2,,2
773.0,2,3.3892,2,34.2668,2,17.5,2,62.0,2,0.024,2,,2
774.0,2,3.3905,2,34.2678,2,17.3,2,62.0,2,0.017,2,,2
775.0,2,3.3951,2,34.2693,2,17.1,2,62.0,2,0.024,2,,2
776.0,2,3.3955,2,34.2693,2,16.8,2,62.0,2,0.075,2,,2
777.0,2,3.3949,2,34.2706,2,16.9,2,62.0,2,0.037000000000000005,2,,2
778.0,2,3.3896,2,34.2712,2,16.6,2,62.0,2,0.012,2,,2
779.0,2,3.3878,2,34.2711,2,16.7,2,62.0,2,0.019,2,,2
780.0,2,3.3841,2,34.271,2,16.9,2,62.0,2,0.012,2,,2
781.0,2,3.3802,2,34.2714,2,16.9,2,62.0,2,0.02,2,,2
782.0,2,3.3747,2,34.273,2,16.8,2,62.0,2,0.02,2,,2
783.0,2,3.3731,2,34.2737,2,16.8,2,62.0,2,0.019,2,,2
784.0,2,3.3716,2,34.2741,2,16.8,2,62.0,2,0.016,2,,2
785.0,2,3.3703,2,34.2742,2,16.9,2,62.0,2,0.024,2,,2
786.0,2,3.3693,2,34.2747,2,16.7,2,62.0,2,0.024,2,,2
787.0,2,3.3680000000000003,2,34.275,2,16.7,2,62.0,2,0.016,2,,2
788.0,2,3.3680000000000003,2,34.2755,2,16.7,2,62.0,2,0.024,2,,2
789.0,2,3.3679,2,34.2757,2,16.4,2,62.0,2,0.024,2,,2
790.0,2,3.3679,2,34.2759,2,16.5,2,62.0,2,0.024,2,,2
791.0,2,3.3679,2,34.275999999999996,2,16.6,2,62.0,2,0.024,2,,2
792.0,2,3.3677,2,34.2761,2,16.6,2,62.0,2,0.024,2,,2
793.0,2,3.3675,2,34.2762,2,16.6,2,62.0,2,0.023,2,,2
794.0,2,3.3674,2,34.2762,2,16.6,2,62.0,2,0.021,2,,2
795.0,2,3.3674,2,34.2764,2,16.6,2,62.0,2,0.024,2,,2
796.0,2,3.3672,2,34.2765,2,16.5,2,62.0,2,0.024,2,,2
797.0,2,3.3669,2,34.2767,2,16.4,2,62.0,2,0.021,2,,2
798.0,2,3.3669,2,34.2769,2,16.5,2,62.0,2,0.017,2,,2
799.0,2,3.3629,2,34.2788,2,16.3,2,61.3,2,0.024,2,,2
800.0,2,3.3605,2,34.2797,2,16.1,2,62.0,2,0.021,2,,2
801.0,2,3.3598,2,34.2801,2,16.2,2,62.0,2,0.016,2,,2
802.0,2,3.3584,2,34.2807,2,16.2,2,62.0,2,0.015,2,,2
803.0,2,3.3536,2,34.2818,2,16.1,2,62.0,2,0.018000000000000002,2,,2
804.0,2,3.35,2,34.2821,2,16.0,2,62.0,2,0.017,2,,2
805.0,2,3.3496,2,34.2822,2,16.0,2,62.0,2,0.021,2,,2
806.0,2,3.3476,2,34.2828,2,15.9,2,62.0,2,0.019,2,,2
807.0,2,3.3463,2,34.2834,2,15.9,2,62.0,2,0.016,2,,2
808.0,2,3.3459,2,34.2839,2,15.9,2,62.0,2,0.016,2,,2
809.0,2,3.3458,2,34.2841,2,15.8,2,62.0,2,0.02,2,,2
810.0,2,3.3458,2,34.2843,2,15.9,2,62.0,2,0.016,2,,2
811.0,2,3.3459,2,34.2845,2,15.9,2,62.0,2,0.015,2,,2
812.0,2,3.3456,2,34.2849,2,15.7,2,62.0,2,0.024,2,,2
813.0,2,3.3439,2,34.2855,2,15.8,2,62.0,2,0.022000000000000002,2,,2
814.0,2,3.3415,2,34.2865,2,15.7,2,62.0,2,0.019,2,,2
815.0,2,3.3407,2,34.2867,2,15.3,2,62.0,2,0.024,2,,2
816.0,2,3.3378,2,34.2879,2,15.3,2,62.0,2,0.021,2,,2
817.0,2,3.3359,2,34.2885,2,15.5,2,62.0,2,0.015,2,,2
818.0,2,3.3326,2,34.2894,2,15.4,2,62.0,2,0.019,2,,2
819.0,2,3.3316,2,34.2899,2,15.0,2,62.0,2,0.022000000000000002,2,,2
820.0,2,3.3316,2,34.29,2,15.1,2,62.0,2,0.024,2,,2
821.0,2,3.3309,2,34.2904,2,15.1,2,62.0,2,0.024,2,,2
822.0,2,3.3307,2,34.2905,2,15.2,2,62.0,2,0.013000000000000001,2,,2
823.0,2,3.3297,2,34.2909,2,15.1,2,62.0,2,0.018000000000000002,2,,2
824.0,2,3.3275,2,34.2917,2,15.0,2,62.0,2,0.023,2,,2
825.0,2,3.3267,2,34.2918,2,15.1,2,62.0,2,0.012,2,,2
826.0,2,3.3263,2,34.292,2,15.0,2,62.0,2,0.016,2,,2
827.0,2,3.3259,2,34.2921,2,15.0,2,62.0,2,0.019,2,,2
828.0,2,3.321,2,34.2932,2,15.1,2,62.0,2,0.024,2,,2
829.0,2,3.3072,2,34.2931,2,15.2,2,62.0,2,0.021,2,,2
830.0,2,3.3037,2,34.2934,2,15.4,2,62.0,2,0.015,2,,2
830.9,2,3.3035,2,34.2933,2,15.4,2,62.0,2,0.024,2,,2
832.0,2,3.3031,2,34.2939,2,15.3,2,62.0,2,0.017,2,,2
833.0,2,3.3019,2,34.2941,2,15.7,2,62.0,2,0.015,2,,2
834.0,2,3.3004,2,34.2943,2,15.7,2,62.0,2,0.023,2,,2
835.0,2,3.2963,2,34.2951,2,15.5,2,62.0,2,0.022000000000000002,2,,2
836.1,2,3.2924,2,34.2959,2,15.4,2,62.0,2,0.013999999999999999,2,,2
836.9,2,3.29,2,34.2964,2,15.6,2,62.0,2,0.015,2,,2
838.0,2,3.2883,2,34.2975,2,15.3,2,62.0,2,0.022000000000000002,2,,2
839.0,2,3.2879,2,34.2979,2,15.1,2,62.0,2,0.019,2,,2
840.0,2,3.2869,2,34.2988,2,14.9,2,62.0,2,0.025,2,,2
841.0,2,3.2885,2,34.2997,2,15.1,2,62.0,2,0.031,2,,2
842.0,2,3.2862,2,34.3006,2,15.0,2,62.0,2,0.046,2,,2
843.0,2,3.2832,2,34.3015,2,14.7,2,62.0,2,0.028999999999999998,2,,2
844.0,2,3.2823,2,34.3023,2,14.6,2,62.0,2,0.026000000000000002,2,,2
845.0,2,3.2817,2,34.3027,2,14.4,2,62.0,2,0.024,2,,2
846.0,2,3.2808,2,34.3027,2,14.2,2,62.0,2,0.048,2,,2
847.0,2,3.2799,2,34.3026,2,14.6,2,62.0,2,0.07,2,,2
848.0,2,3.2764,2,34.3027,2,14.6,2,62.0,2,0.021,2,,2
849.0,2,3.2739999999999996,2,34.3034,2,14.5,2,62.0,2,0.009000000000000001,2,,2
850.0,2,3.2731,2,34.3036,2,14.6,2,62.0,2,0.011000000000000001,2,,2
851.0,2,3.2731,2,34.3035,2,14.6,2,62.0,2,0.02,2,,2
852.0,2,3.2731,2,34.3037,2,14.6,2,62.0,2,0.022000000000000002,2,,2
853.0,2,3.2711,2,34.3042,2,14.6,2,62.0,2,0.024,2,,2
854.0,2,3.2687,2,34.3041,2,14.6,2,62.0,2,0.024,2,,2
855.0,2,3.2666,2,34.304,2,14.6,2,62.0,2,0.024,2,,2
856.0,2,3.265,2,34.3043,2,14.6,2,62.0,2,0.024,2,,2
857.0,2,3.2647,2,34.3048,2,14.7,2,62.0,2,0.018000000000000002,2,,2
858.0,2,3.2651,2,34.3056,2,14.6,2,62.0,2,0.02,2,,2
859.0,2,3.2634,2,34.3059,2,14.5,2,62.0,2,0.024,2,,2
860.0,2,3.2604,2,34.3066,2,14.6,2,62.0,2,0.022000000000000002,2,,2
861.0,2,3.2589,2,34.3076,2,14.4,2,62.0,2,0.024,2,,2
862.0,2,3.2568,2,34.3076,2,14.4,2,62.0,2,0.023,2,,2
863.0,2,3.2552,2,34.3077,2,14.5,2,62.0,2,0.024,2,,2
864.0,2,3.2531,2,34.308,2,14.5,2,62.0,2,0.015,2,,2
865.0,2,3.2488,2,34.3087,2,14.6,2,62.0,2,0.023,2,,2
866.0,2,3.2453,2,34.3093,2,14.5,2,62.0,2,0.024,2,,2
867.0,2,3.2426,2,34.3097,2,14.6,2,62.0,2,0.024,2,,2
868.0,2,3.24,2,34.3105,2,14.5,2,62.0,2,0.024,2,,2
869.0,2,3.2377,2,34.3111,2,14.5,2,62.0,2,0.024,2,,2
870.0,2,3.2361,2,34.3116,2,14.5,2,62.0,2,0.027000000000000003,2,,2
871.0,2,3.2353,2,34.3119,2,14.4,2,62.0,2,0.025,2,,2
872.0,2,3.2352,2,34.312,2,14.5,2,62.0,2,0.027999999999999997,2,,2
873.0,2,3.2344,2,34.3121,2,14.2,2,62.0,2,0.024,2,,2
874.0,2,3.2327,2,34.3126,2,14.3,2,62.0,2,0.027999999999999997,2,,2
875.0,2,3.2317,2,34.3128,2,14.2,2,62.0,2,0.02,2,,2
876.0,2,3.2304,2,34.3132,2,14.2,2,62.0,2,0.028999999999999998,2,,2
877.0,2,3.2298,2,34.3135,2,14.1,2,62.0,2,0.024,2,,2
878.0,2,3.2291,2,34.3136,2,14.2,2,62.0,2,0.024,2,,2
879.0,2,3.2273,2,34.314,2,14.2,2,62.0,2,0.024,2,,2
880.0,2,3.2266,2,34.3142,2,14.2,2,62.0,2,0.021,2,,2
881.0,2,3.2242,2,34.3149,2,14.2,2,62.0,2,0.024,2,,2
882.0,2,3.2194,2,34.3162,2,14.1,2,62.0,2,0.02,2,,2
883.0,2,3.2178,2,34.3167,2,14.0,2,62.0,2,0.017,2,,2
884.0,2,3.2165,2,34.3171,2,13.8,2,62.0,2,0.024,2,,2
885.0,2,3.2145,2,34.3175,2,13.7,2,62.0,2,0.024,2,,2
886.0,2,3.2129,2,34.3178,2,13.9,2,62.0,2,0.019,2,,2
887.0,2,3.2105,2,34.3182,2,13.9,2,62.0,2,0.017,2,,2
888.0,2,3.2087,2,34.3186,2,13.9,2,62.0,2,0.012,2,,2
889.0,2,3.2077,2,34.3188,2,13.9,2,62.0,2,0.024,2,,2
890.0,2,3.2048,2,34.3196,2,13.9,2,62.0,2,0.019,2,,2
891.0,2,3.2011,2,34.3202,2,13.8,2,62.0,2,0.024,2,,2
892.0,2,3.1994,2,34.3207,2,13.7,2,62.0,2,0.024,2,,2
893.0,2,3.1987,2,34.3207,2,13.8,2,62.0,2,0.021,2,,2
894.0,2,3.1951,2,34.3216,2,13.8,2,62.0,2,0.02,2,,2
895.0,2,3.193,2,34.3221,2,13.7,2,62.0,2,0.022000000000000002,2,,2
896.0,2,3.1919999999999997,2,34.3224,2,13.6,2,62.0,2,0.021,2,,2
897.0,2,3.1914,2,34.3225,2,13.7,2,62.0,2,0.021,2,,2
898.0,2,3.1909,2,34.3226,2,13.6,2,62.0,2,0.024,2,,2
899.0,2,3.1889,2,34.323,2,13.6,2,62.0,2,0.015,2,,2
900.0,2,3.1864,2,34.3235,2,13.6,2,62.0,2,0.02,2,,2
901.0,2,3.185,2,34.3238,2,13.6,2,62.0,2,0.024,2,,2
902.0,2,3.1830000000000003,2,34.3243,2,13.5,2,62.0,2,0.018000000000000002,2,,2
903.0,2,3.1811,2,34.3248,2,13.6,2,62.0,2,0.022000000000000002,2,,2
904.0,2,3.1798,2,34.3251,2,13.5,2,62.0,2,0.024,2,,2
905.0,2,3.1785,2,34.3254,2,13.5,2,62.0,2,0.016,2,,2
906.0,2,3.1745,2,34.3261,2,13.6,2,62.0,2,0.023,2,,2
907.0,2,3.1716,2,34.3264,2,13.6,2,62.0,2,0.013000000000000001,2,,2
908.0,2,3.1696,2,34.3268,2,13.6,2,62.0,2,0.011000000000000001,2,,2
909.0,2,3.1686,2,34.3269,2,13.6,2,62.0,2,0.024,2,,2
910.0,2,3.1675,2,34.3272,2,13.6,2,62.0,2,0.024,2,,2
911.0,2,3.1669,2,34.3273,2,13.6,2,62.0,2,0.024,2,,2
912.0,2,3.1648,2,34.3278,2,13.5,2,62.0,2,0.02,2,,2
913.0,2,3.1636,2,34.3279,2,13.6,2,62.0,2,0.013999999999999999,2,,2
914.0,2,3.1628,2,34.3282,2,13.6,2,62.0,2,0.015,2,,2
915.0,2,3.1621,2,34.3284,2,13.6,2,62.0,2,0.015,2,,2
916.0,2,3.1603,2,34.3288,2,13.5,2,62.0,2,0.022000000000000002,2,,2
917.0,2,3.1595,2,34.3291,2,13.6,2,62.0,2,0.021,2,,2
918.0,2,3.1588,2,34.3293,2,13.6,2,62.0,2,0.022000000000000002,2,,2
919.0,2,3.1572,2,34.3297,2,13.5,2,62.0,2,0.024,2,,2
920.0,2,3.1549,2,34.3301,2,13.6,2,62.0,2,0.024,2,,2
921.0,2,3.1532,2,34.3304,2,13.4,2,62.0,2,0.018000000000000002,2,,2
922.0,2,3.1517,2,34.3307,2,13.5,2,62.0,2,0.015,2,,2
923.0,2,3.1502,2,34.330999999999996,2,13.5,2,62.0,2,0.013000000000000001,2,,2
924.0,2,3.1487,2,34.3314,2,13.4,2,62.0,2,0.021,2,,2
925.0,2,3.1473,2,34.3318,2,13.4,2,62.0,2,0.017,2,,2
926.0,2,3.1463,2,34.3321,2,13.2,2,62.0,2,0.024,2,,2
927.0,2,3.1433,2,34.3328,2,13.2,2,62.0,2,0.019,2,,2
928.0,2,3.1394,2,34.3335,2,13.2,2,62.0,2,0.012,2,,2
929.0,2,3.1391,2,34.3337,2,13.2,2,62.0,2,0.012,2,,2
930.0,2,3.1389,2,34.3336,2,13.3,2,62.0,2,0.013999999999999999,2,,2
931.0,2,3.1388,2,34.3337,2,13.3,2,62.0,2,0.024,2,,2
932.0,2,3.1372,2,34.334,2,13.3,2,62.0,2,0.021,2,,2
933.0,2,3.1355,2,34.3345,2,13.2,2,62.0,2,0.019,2,,2
934.0,2,3.1348,2,34.3346,2,13.3,2,62.0,2,0.024,2,,2
935.0,2,3.1343,2,34.3349,2,13.2,2,62.0,2,0.019,2,,2
936.0,2,3.1333,2,34.3354,2,13.2,2,62.0,2,0.02,2,,2
937.0,2,3.1336,2,34.3355,2,13.2,2,62.0,2,0.023,2,,2
938.0,2,3.1316,2,34.3359,2,13.1,2,62.0,2,0.018000000000000002,2,,2
939.0,2,3.1306,2,34.3366,2,13.0,2,62.0,2,0.021,2,,2
940.0,2,3.1304,2,34.3373,2,12.7,2,62.0,2,0.023,2,,2
941.0,2,3.13,2,34.3374,2,12.8,2,62.0,2,0.019,2,,2
942.0,2,3.1289999999999996,2,34.3376,2,12.9,2,62.0,2,0.024,2,,2
943.0,2,3.1273,2,34.3375,2,12.9,2,62.0,2,0.019,2,,2
944.0,2,3.1265,2,34.3376,2,12.9,2,62.0,2,0.02,2,,2
945.0,2,3.1264,2,34.3378,2,12.9,2,62.0,2,0.017,2,,2
946.0,2,3.1246,2,34.3379,2,12.9,2,62.0,2,0.013999999999999999,2,,2
947.0,2,3.1222,2,34.3382,2,12.9,2,62.0,2,0.013000000000000001,2,,2
948.0,2,3.1211,2,34.3385,2,12.9,2,62.0,2,0.019,2,,2
949.0,2,3.1198,2,34.3387,2,12.9,2,62.0,2,0.018000000000000002,2,,2
950.0,2,3.1192,2,34.3389,2,12.9,2,62.0,2,0.017,2,,2
951.0,2,3.1176,2,34.3392,2,12.9,2,62.0,2,0.019,2,,2
952.0,2,3.1157,2,34.3396,2,12.7,2,62.0,2,0.02,2,,2
953.0,2,3.1133,2,34.3403,2,12.9,2,62.0,2,0.017,2,,2
954.0,2,3.1117,2,34.3407,2,12.8,2,62.0,2,0.019,2,,2
955.0,2,3.1107,2,34.3412,2,12.7,2,62.0,2,0.017,2,,2
956.0,2,3.1106,2,34.3425,2,12.4,2,62.0,2,0.021,2,,2
957.0,2,3.11,2,34.3428,2,12.5,2,62.0,2,0.021,2,,2
958.0,2,3.1081,2,34.343,2,12.5,2,62.0,2,0.024,2,,2
959.0,2,3.1034,2,34.3436,2,12.6,2,62.0,2,0.018000000000000002,2,,2
960.0,2,3.1011,2,34.3435,2,12.5,2,62.0,2,0.016,2,,2
961.0,2,3.0991,2,34.3439,2,12.5,2,62.0,2,0.012,2,,2
962.0,2,3.0966,2,34.3443,2,12.6,2,62.0,2,0.019,2,,2
963.0,2,3.0936,2,34.3447,2,12.6,2,62.0,2,0.017,2,,2
964.0,2,3.0922,2,34.345,2,12.6,2,62.0,2,0.016,2,,2
965.0,2,3.0912,2,34.3453,2,12.5,2,62.0,2,0.023,2,,2
966.0,2,3.0899,2,34.3456,2,12.6,2,62.0,2,0.022000000000000002,2,,2
967.0,2,3.0888,2,34.346,2,12.6,2,62.0,2,0.017,2,,2
968.0,2,3.0882,2,34.3461,2,12.5,2,62.0,2,0.02,2,,2
969.0,2,3.0855,2,34.3467,2,12.4,2,62.0,2,0.015,2,,2
970.0,2,3.0841,2,34.3471,2,12.5,2,62.0,2,0.022000000000000002,2,,2
971.0,2,3.0811,2,34.3481,2,12.4,2,62.0,2,0.024,2,,2
972.0,2,3.0783,2,34.3489,2,12.4,2,62.0,2,0.02,2,,2
973.0,2,3.0751,2,34.3493,2,12.2,2,62.0,2,0.021,2,,2
974.0,2,3.0731,2,34.3505,2,12.1,2,62.0,2,0.024,2,,2
975.0,2,3.0746,2,34.3511,2,12.1,2,62.0,2,0.013000000000000001,2,,2
976.0,2,3.0746,2,34.3516,2,12.0,2,62.0,2,0.016,2,,2
977.0,2,3.0732,2,34.3519,2,12.0,2,62.0,2,0.024,2,,2
978.0,2,3.07,2,34.3525,2,12.0,2,62.0,2,0.017,2,,2
979.0,2,3.0676,2,34.3529,2,11.8,2,62.0,2,0.013000000000000001,2,,2
980.0,2,3.0656,2,34.353,2,11.9,2,62.0,2,0.017,2,,2
981.0,2,3.0615,2,34.3532,2,12.2,2,62.0,2,0.016,2,,2
982.0,2,3.0594,2,34.354,2,11.9,2,62.0,2,0.017,2,,2
983.0,2,3.0580000000000003,2,34.3552,2,11.8,2,62.0,2,0.018000000000000002,2,,2
984.0,2,3.0576,2,34.3556,2,11.4,2,62.0,2,0.015,2,,2
985.0,2,3.0576,2,34.3556,2,11.1,2,62.0,2,0.015,2,,2
986.0,2,3.0571,2,34.3559,2,11.5,2,62.0,2,0.024,2,,2
987.0,2,3.0559,2,34.3563,2,11.4,2,61.9,2,0.013999999999999999,2,,2
988.0,2,3.0545,2,34.3572,2,11.4,2,62.0,2,0.02,2,,2
989.0,2,3.0526,2,34.3577,2,11.5,2,62.0,2,0.02,2,,2
990.0,2,3.0507,2,34.3583,2,11.5,2,62.0,2,0.02,2,,2
991.0,2,3.0503,2,34.3587,2,11.5,2,62.0,2,0.018000000000000002,2,,2
992.0,2,3.0477,2,34.359,2,11.5,2,62.0,2,0.018000000000000002,2,,2
993.0,2,3.0467,2,34.3592,2,11.5,2,62.0,2,0.016,2,,2
994.0,2,3.0458,2,34.3595,2,11.5,2,62.0,2,0.022000000000000002,2,,2
995.0,2,3.0448,2,34.3602,2,11.5,2,62.0,2,0.022000000000000002,2,,2
996.0,2,3.0432,2,34.3611,2,11.4,2,62.0,2,0.021,2,,2
997.0,2,3.0410000000000004,2,34.3613,2,11.4,2,62.0,2,0.012,2,,2
998.0,2,3.0405,2,34.3612,2,11.2,2,62.0,2,0.012,2,,2
999.0,2,3.0408,2,34.3612,2,11.5,2,62.0,2,0.012,2,,2
1000.0,2,3.0404,2,34.3611,2,11.3,2,62.0,2,0.005,2,,2
1001.0,2,3.0392,2,34.3616,2,11.2,2,62.0,2,0.013999999999999999,2,,2
1002.0,2,3.0388,2,34.3622,2,11.2,2,62.0,2,0.085,2,,2
1003.0,2,3.0392,2,34.3632,2,10.9,2,62.0,2,0.10099999999999999,2,,2
1004.0,2,3.0368,2,34.3636,2,11.0,2,62.0,2,0.109,2,,2
1005.0,2,3.0368,2,34.3644,2,11.0,2,62.0,2,0.109,2,,2
1006.0,2,3.0368,2,34.3649,2,10.8,2,62.0,2,0.11,2,,2
1007.0,2,3.0359,2,34.3655,2,10.6,2,62.0,2,0.10400000000000001,2,,2
1008.0,2,3.035,2,34.3659,2,10.6,2,62.0,2,0.09699999999999999,2,,2
1009.0,2,3.0332,2,34.3666,2,10.4,2,62.0,2,0.09699999999999999,2,,2
1010.0,2,3.0328,2,34.3671,2,10.4,2,62.0,2,0.083,2,,2
1011.0,2,3.0318,2,34.3674,2,10.1,2,62.0,2,0.073,2,,2
1012.0,2,3.0301,2,34.3674,2,10.3,2,62.0,2,0.083,2,,2
1013.0,2,3.0296,2,34.3677,2,10.4,2,62.0,2,0.086,2,,2
1014.0,2,3.0289,2,34.3677,2,10.4,2,62.0,2,0.08800000000000001,2,,2
1015.0,2,3.0277,2,34.3681,2,10.4,2,62.0,2,0.098,2,,2
1016.0,2,3.0259,2,34.3687,2,10.4,2,62.0,2,0.09,2,,2
1017.0,2,3.0248,2,34.3693,2,10.2,2,62.0,2,0.084,2,,2
1018.0,2,3.0241,2,34.3694,2,10.1,2,62.0,2,0.086,2,,2
1019.0,2,3.0237,2,34.3696,2,10.1,2,62.0,2,0.092,2,,2
1020.0,2,3.0229,2,34.3699,2,9.9,2,62.0,2,0.098,2,,2
1021.0,2,3.0214,2,34.3702,2,9.9,2,62.0,2,0.075,2,,2
1022.0,2,3.0196,2,34.3708,2,10.1,2,62.0,2,0.076,2,,2
1023.0,2,3.0188,2,34.3709,2,10.2,2,62.0,2,0.086,2,,2
1024.0,2,3.0177,2,34.3711,2,10.0,2,62.0,2,0.07200000000000001,2,,2
1025.0,2,3.0171,2,34.3711,2,10.0,2,62.0,2,0.071,2,,2
1026.0,2,3.0163,2,34.3714,2,10.1,2,62.0,2,0.068,2,,2
1027.0,2,3.0131,2,34.3717,2,10.1,2,62.0,2,0.069,2,,2
1028.0,2,3.0101,2,34.3728,2,9.9,2,62.0,2,0.062,2,,2
1029.0,2,3.0082,2,34.3735,2,10.0,2,62.0,2,0.068,2,,2
1030.0,2,3.0066,2,34.3738,2,10.0,2,62.0,2,0.063,2,,2
1031.0,2,3.0063,2,34.374,2,10.0,2,62.0,2,0.071,2,,2
1032.0,2,3.0055,2,34.3742,2,10.0,2,62.0,2,0.066,2,,2
1033.0,2,3.0048,2,34.3743,2,9.9,2,62.0,2,0.061,2,,2
1034.0,2,3.0032,2,34.3747,2,9.9,2,62.0,2,0.07200000000000001,2,,2
1035.1,2,3.0003,2,34.3755,2,10.1,2,62.0,2,0.073,2,,2
1036.0,2,2.9984,2,34.3757,2,10.0,2,62.0,2,0.062,2,,2
1036.9,2,2.9966,2,34.3762,2,10.0,2,62.0,2,0.061,2,,2
1038.0,2,2.9941,2,34.3767,2,10.0,2,62.0,2,0.061,2,,2
1039.0,2,2.9924,2,34.376999999999995,2,9.9,2,62.0,2,0.061,2,,2
1040.0,2,2.9916,2,34.3773,2,10.0,2,62.0,2,0.061,2,,2
1041.0,2,2.9887,2,34.3779,2,10.0,2,62.0,2,0.061,2,,2
1042.1,2,2.9863,2,34.3785,2,10.0,2,62.0,2,0.061,2,,2
1043.1,2,2.9846,2,34.379,2,10.0,2,62.0,2,0.061,2,,2
1044.0,2,2.9826,2,34.3793,2,9.9,2,62.0,2,0.061,2,,2
1045.0,2,2.9798,2,34.3799,2,10.0,2,62.0,2,0.061,2,,2
1046.0,2,2.9760000000000004,2,34.3809,2,10.0,2,62.0,2,0.061,2,,2
1047.0,2,2.9748,2,34.381,2,9.9,2,62.0,2,0.061,2,,2
1048.0,2,2.9733,2,34.3814,2,9.9,2,62.0,2,0.061,2,,2
1049.1,2,2.9697,2,34.3822,2,10.0,2,62.0,2,0.061,2,,2
1049.9,2,2.9686,2,34.3824,2,10.1,2,62.0,2,0.061,2,,2
1050.9,2,2.9677,2,34.3827,2,9.9,2,62.0,2,0.061,2,,2
1052.0,2,2.9651,2,34.3833,2,10.0,2,62.0,2,0.061,2,,2
1053.0,2,2.9641,2,34.3835,2,9.9,2,62.0,2,0.061,2,,2
1054.0,2,2.9618,2,34.3842,2,9.9,2,62.0,2,0.061,2,,2
1055.0,2,2.9606,2,34.3843,2,10.0,2,62.0,2,0.061,2,,2
1056.0,2,2.9601,2,34.3845,2,10.0,2,62.0,2,0.061,2,,2
1057.1,2,2.9598,2,34.3845,2,9.9,2,62.0,2,0.061,2,,2
1058.0,2,2.9596,2,34.3846,2,10.0,2,62.0,2,0.061,2,,2
1059.0,2,2.9588,2,34.3847,2,9.9,2,62.0,2,0.061,2,,2
1060.0,2,2.9573,2,34.3852,2,9.9,2,62.0,2,0.061,2,,2
1061.0,2,2.9539999999999997,2,34.3859,2,10.0,2,62.0,2,0.061,2,,2
1062.0,2,2.9525,2,34.3862,2,10.0,2,62.0,2,0.061,2,,2
1063.0,2,2.9487,2,34.3872,2,10.0,2,62.0,2,0.061,2,,2
1064.0,2,2.945,2,34.3879,2,10.0,2,62.0,2,0.061,2,,2
1065.0,2,2.9433,2,34.3885,2,10.0,2,62.0,2,0.061,2,,2
1066.0,2,2.9419,2,34.3887,2,10.0,2,62.0,2,0.061,2,,2
1067.0,2,2.94,2,34.389,2,10.0,2,62.0,2,0.061,2,,2
1068.0,2,2.9384,2,34.3893,2,10.0,2,62.0,2,0.061,2,,2
1069.0,2,2.9352,2,34.3902,2,9.9,2,62.0,2,0.061,2,,2
1070.0,2,2.9318,2,34.391,2,10.0,2,62.0,2,0.061,2,,2
1071.3,2,2.9294,2,34.3916,2,10.0,2,62.0,2,0.061,2,,2
1071.9,2,2.9289,2,34.3916,2,10.0,2,62.0,2,0.061,2,,2
1073.0,2,2.928,2,34.3918,2,9.9,2,62.0,2,0.061,2,,2
1074.0,2,2.9268,2,34.3921,2,9.9,2,62.0,2,0.061,2,,2
1075.0,2,2.9259,2,34.3923,2,10.1,2,62.0,2,0.061,2,,2
1076.0,2,2.9233,2,34.393,2,10.1,2,62.0,2,0.061,2,,2
1077.0,2,2.9212,2,34.3934,2,9.9,2,62.0,2,0.061,2,,2
1078.0,2,2.9183,2,34.3942,2,10.1,2,62.0,2,0.061,2,,2
1079.0,2,2.9153,2,34.3947,2,10.1,2,62.0,2,0.061,2,,2
1080.0,2,2.9144,2,34.395,2,10.1,2,62.0,2,0.061,2,,2
1081.0,2,2.9139,2,34.3951,2,10.1,2,62.0,2,0.061,2,,2
1082.0,2,2.9135,2,34.3952,2,10.1,2,62.0,2,0.061,2,,2
1083.0,2,2.9098,2,34.396,2,10.0,2,62.0,2,0.061,2,,2
1084.0,2,2.904,2,34.3974,2,10.0,2,62.0,2,0.061,2,,2
1085.0,2,2.9025,2,34.3978,2,10.2,2,62.0,2,0.061,2,,2
1086.0,2,2.8999,2,34.3983,2,10.1,2,62.0,2,0.061,2,,2
1087.0,2,2.8973,2,34.399,2,10.1,2,62.0,2,0.061,2,,2
1088.0,2,2.8951,2,34.3995,2,10.0,2,62.0,2,0.061,2,,2
1089.0,2,2.8931,2,34.3999,2,10.1,2,62.0,2,0.061,2,,2
1090.0,2,2.8919,2,34.4002,2,10.2,2,62.0,2,0.061,2,,2
1091.0,2,2.8903,2,34.4005,2,10.1,2,62.0,2,0.061,2,,2
1092.0,2,2.8882,2,34.4011,2,10.2,2,62.0,2,0.061,2,,2
1093.0,2,2.8876,2,34.4012,2,10.1,2,62.0,2,0.067,2,,2
1094.0,2,2.8861,2,34.4015,2,10.2,2,62.0,2,0.061,2,,2
1095.0,2,2.8837,2,34.402,2,10.2,2,62.0,2,0.061,2,,2
1096.0,2,2.8826,2,34.4024,2,10.2,2,62.0,2,0.061,2,,2
1097.0,2,2.8819,2,34.4025,2,10.2,2,62.0,2,0.061,2,,2
1098.0,2,2.8812,2,34.4027,2,10.2,2,62.0,2,0.061,2,,2
1099.0,2,2.8798,2,34.403,2,10.2,2,62.0,2,0.065,2,,2
1100.0,2,2.8783,2,34.4033,2,10.2,2,62.0,2,0.061,2,,2
1101.0,2,2.8749,2,34.404,2,10.1,2,62.0,2,0.061,2,,2
1102.0,2,2.8718,2,34.4046,2,10.2,2,62.0,2,0.061,2,,2
1103.0,2,2.8704,2,34.405,2,10.2,2,62.0,2,0.061,2,,2
1104.0,2,2.8689,2,34.4053,2,10.2,2,62.0,2,0.061,2,,2
1105.0,2,2.8671,2,34.4056,2,10.2,2,62.0,2,0.061,2,,2
1106.0,2,2.8661,2,34.4058,2,10.3,2,62.0,2,0.061,2,,2
1107.0,2,2.8649,2,34.4061,2,10.2,2,62.0,2,0.061,2,,2
1108.0,2,2.8645,2,34.4062,2,10.3,2,62.0,2,0.061,2,,2
1109.0,2,2.8635,2,34.4064,2,10.2,2,62.0,2,0.061,2,,2
1110.0,2,2.8611,2,34.4069,2,10.2,2,62.0,2,0.061,2,,2
1111.0,2,2.8594,2,34.4073,2,10.3,2,62.0,2,0.061,2,,2
1112.0,2,2.8576,2,34.4075,2,10.3,2,62.0,2,0.061,2,,2
1113.0,2,2.8547,2,34.4078,2,10.3,2,62.0,2,0.061,2,,2
1114.0,2,2.8525,2,34.4081,2,10.4,2,62.0,2,0.061,2,,2
1115.0,2,2.8504,2,34.4084,2,10.3,2,62.0,2,0.061,2,,2
1116.0,2,2.8493,2,34.4085,2,10.4,2,62.0,2,0.061,2,,2
1117.0,2,2.8474,2,34.4088,2,10.4,2,62.0,2,0.061,2,,2
1117.9,2,2.8458,2,34.4094,2,10.5,2,62.0,2,0.063,2,,2
1119.1,2,2.8428,2,34.4097,2,10.6,2,62.0,2,0.061,2,,2
1120.0,2,2.8408,2,34.4101,2,10.4,2,62.0,2,0.061,2,,2
1121.0,2,2.8392,2,34.4103,2,10.5,2,62.0,2,0.061,2,,2
1122.0,2,2.838,2,34.4107,2,10.7,2,62.0,2,0.061,2,,2
1123.0,2,2.8369999999999997,2,34.4109,2,10.6,2,62.0,2,0.061,2,,2
1124.1,2,2.8325,2,34.4119,2,10.5,2,62.0,2,0.061,2,,2
1125.1,2,2.8306,2,34.4124,2,10.6,2,62.0,2,0.061,2,,2
1125.9,2,2.8301,2,34.4126,2,10.6,2,62.0,2,0.061,2,,2
1127.0,2,2.8296,2,34.4126,2,10.7,2,62.0,2,0.061,2,,2
1128.0,2,2.8265,2,34.4131,2,10.6,2,62.0,2,0.061,2,,2
1129.0,2,2.8251,2,34.4134,2,10.6,2,62.0,2,0.061,2,,2
1130.0,2,2.8239,2,34.4135,2,10.6,2,62.0,2,0.061,2,,2
1131.0,2,2.823,2,34.4137,2,10.7,2,62.0,2,0.061,2,,2
1132.0,2,2.8218,2,34.4138,2,10.6,2,62.0,2,0.061,2,,2
1133.0,2,2.8208,2,34.414,2,10.6,2,62.0,2,0.061,2,,2
1134.0,2,2.8204,2,34.4141,2,10.6,2,62.0,2,0.061,2,,2
1135.0,2,2.8196,2,34.4143,2,10.7,2,62.0,2,0.061,2,,2
1136.0,2,2.8192,2,34.4144,2,10.6,2,62.0,2,0.061,2,,2
1137.0,2,2.8188,2,34.4144,2,10.7,2,62.0,2,0.061,2,,2
1138.0,2,2.8178,2,34.4146,2,10.6,2,62.0,2,0.061,2,,2
1139.0,2,2.8171,2,34.4147,2,10.7,2,62.0,2,0.061,2,,2
1140.0,2,2.8149,2,34.4152,2,10.6,2,62.0,2,0.061,2,,2
1141.0,2,2.8113,2,34.4156,2,10.7,2,62.0,2,0.061,2,,2
1142.0,2,2.8085,2,34.4158,2,10.7,2,62.0,2,0.061,2,,2
1143.0,2,2.8067,2,34.4162,2,10.7,2,62.0,2,0.061,2,,2
1144.0,2,2.8056,2,34.4163,2,10.7,2,62.0,2,0.061,2,,2
1145.0,2,2.8053,2,34.4165,2,10.7,2,62.0,2,0.061,2,,2
1146.0,2,2.8046,2,34.4167,2,10.7,2,62.0,2,0.061,2,,2
1147.0,2,2.8032,2,34.417,2,10.7,2,62.0,2,0.061,2,,2
1148.0,2,2.8015,2,34.4169,2,10.7,2,62.0,2,0.061,2,,2
1149.0,2,2.8003,2,34.4172,2,10.7,2,62.0,2,0.061,2,,2
1150.0,2,2.7998,2,34.4176,2,10.7,2,62.0,2,0.061,2,,2
1151.0,2,2.7978,2,34.4173,2,10.7,2,62.0,2,0.061,2,,2
1152.0,2,2.7937,2,34.4174,2,10.8,2,62.0,2,0.061,2,,2
1153.2,2,2.7932,2,34.4176,2,10.9,2,62.0,2,0.061,2,,2
1154.0,2,2.7928,2,34.4178,2,10.9,2,62.0,2,0.061,2,,2
1155.0,2,2.792,2,34.4179,2,10.9,2,62.0,2,0.061,2,,2
1156.0,2,2.7899,2,34.4178,2,10.8,2,62.0,2,0.061,2,,2
1157.0,2,2.7868,2,34.4179,2,11.2,2,62.0,2,0.061,2,,2
1158.0,2,2.7838,2,34.4179,2,11.2,2,62.0,2,0.061,2,,2
1159.0,2,2.7814,2,34.4185,2,11.1,2,62.0,2,0.061,2,,2
1160.0,2,2.779,2,34.4187,2,11.2,2,62.0,2,0.061,2,,2
1161.0,2,2.7775,2,34.4187,2,11.2,2,62.0,2,0.061,2,,2
1162.0,2,2.772,2,34.4185,2,11.1,2,62.0,2,0.061,2,,2
1163.0,2,2.7666,2,34.4188,2,11.2,2,62.0,2,0.061,2,,2
1164.0,2,2.7663,2,34.4196,2,11.2,2,62.0,2,0.061,2,,2
1165.0,2,2.7649,2,34.4198,2,11.6,2,62.0,2,0.061,2,,2
1166.0,2,2.7627,2,34.4198,2,11.5,2,62.0,2,0.061,2,,2
1167.0,2,2.7591,2,34.42,2,11.5,2,62.0,2,0.061,2,,2
1168.0,2,2.7561,2,34.42,2,11.5,2,62.0,2,0.061,2,,2
1169.0,2,2.7536,2,34.42,2,11.5,2,62.0,2,0.061,2,,2
1170.0,2,2.7539,2,34.4208,2,11.6,2,62.0,2,0.061,2,,2
1171.0,2,2.7527,2,34.4214,2,11.4,2,62.0,2,0.061,2,,2
1172.0,2,2.7507,2,34.4216,2,11.6,2,62.0,2,0.061,2,,2
1173.0,2,2.747,2,34.422,2,11.5,2,62.0,2,0.061,2,,2
1174.0,2,2.7462,2,34.4228,2,11.6,2,62.0,2,0.061,2,,2
1175.0,2,2.7445,2,34.4235,2,11.6,2,62.0,2,0.061,2,,2
1176.0,2,2.7418,2,34.4237,2,11.6,2,62.0,2,0.061,2,,2
1177.0,2,2.7391,2,34.4238,2,11.6,2,62.0,2,0.061,2,,2
1178.0,2,2.7367,2,34.4238,2,11.6,2,62.0,2,0.061,2,,2
1179.0,2,2.7348,2,34.4238,2,11.6,2,62.0,2,0.061,2,,2
1180.0,2,2.7342,2,34.4239,2,11.6,2,62.0,2,0.061,2,,2
1181.0,2,2.7325,2,34.4243,2,11.8,2,62.0,2,0.065,2,,2
1182.0,2,2.7319,2,34.4244,2,11.8,2,62.0,2,0.065,2,,2
1183.0,2,2.7311,2,34.4243,2,11.8,2,62.0,2,0.067,2,,2
1184.0,2,2.7264,2,34.425,2,11.7,2,62.0,2,0.07,2,,2
1185.0,2,2.7239999999999998,2,34.4254,2,11.9,2,62.0,2,0.067,2,,2
1186.0,2,2.7237,2,34.4254,2,11.9,2,62.0,2,0.062,2,,2
1187.0,2,2.7234,2,34.4255,2,11.8,2,62.0,2,0.061,2,,2
1188.0,2,2.7229,2,34.4257,2,11.9,2,62.0,2,0.061,2,,2
1189.1,2,2.7221,2,34.4258,2,11.9,2,62.0,2,0.061,2,,2
1190.0,2,2.7213,2,34.4259,2,11.9,2,62.0,2,0.066,2,,2
1191.0,2,2.719,2,34.4263,2,12.0,2,62.0,2,0.062,2,,2
1192.0,2,2.7171,2,34.4268,2,11.9,2,62.0,2,0.062,2,,2
1193.0,2,2.715,2,34.427,2,11.9,2,62.0,2,0.065,2,,2
1194.0,2,2.7133,2,34.4273,2,11.9,2,62.0,2,0.068,2,,2
1195.0,2,2.7119999999999997,2,34.4274,2,12.0,2,62.0,2,0.061,2,,2
1196.0,2,2.7112,2,34.4277,2,12.1,2,62.0,2,0.066,2,,2
1197.0,2,2.7106,2,34.4277,2,12.1,2,62.0,2,0.065,2,,2
1198.0,2,2.7096,2,34.428000000000004,2,12.0,2,62.0,2,0.069,2,,2
1199.0,2,2.7086,2,34.4281,2,12.0,2,62.0,2,0.064,2,,2
1200.0,2,2.7067,2,34.4285,2,12.0,2,62.0,2,0.062,2,,2
1201.0,2,2.7057,2,34.4289,2,12.0,2,62.0,2,0.073,2,,2
1202.0,2,2.7036,2,34.4292,2,12.0,2,62.0,2,0.073,2,,2
1203.0,2,2.7025,2,34.4294,2,12.0,2,62.0,2,0.07,2,,2
1204.0,2,2.7013,2,34.4295,2,12.0,2,62.0,2,0.066,2,,2
1205.0,2,2.6995,2,34.4298,2,12.0,2,62.0,2,0.069,2,,2
1206.0,2,2.698,2,34.4301,2,12.0,2,62.0,2,0.067,2,,2
1207.0,2,2.6972,2,34.4301,2,12.0,2,62.0,2,0.069,2,,2
1208.0,2,2.6964,2,34.4303,2,12.0,2,62.0,2,0.071,2,,2
1209.1,2,2.6948,2,34.4307,2,12.0,2,62.0,2,0.065,2,,2
1209.9,2,2.6943,2,34.4307,2,12.0,2,62.0,2,0.068,2,,2
1211.0,2,2.6927,2,34.4312,2,12.0,2,62.0,2,0.068,2,,2
1212.0,2,2.6921,2,34.4311,2,12.0,2,62.0,2,0.067,2,,2
1213.0,2,2.6912,2,34.4313,2,12.0,2,62.0,2,0.067,2,,2
1214.1,2,2.6888,2,34.4318,2,12.0,2,62.0,2,0.073,2,,2
1215.1,2,2.6858,2,34.4323,2,12.0,2,62.0,2,0.065,2,,2
1215.9,2,2.6851,2,34.4324,2,12.0,2,62.0,2,0.061,2,,2
1217.0,2,2.6833,2,34.4327,2,12.0,2,62.0,2,0.07200000000000001,2,,2
1218.0,2,2.6817,2,34.4331,2,12.1,2,62.0,2,0.07200000000000001,2,,2
1219.0,2,2.6807,2,34.4333,2,12.1,2,62.0,2,0.065,2,,2
1220.0,2,2.6799,2,34.4336,2,12.1,2,62.0,2,0.071,2,,2
1221.1,2,2.6783,2,34.4338,2,12.1,2,62.0,2,0.062,2,,2
1222.0,2,2.6775,2,34.434,2,12.1,2,62.0,2,0.071,2,,2
1223.0,2,2.6768,2,34.4342,2,12.1,2,62.0,2,0.073,2,,2
1224.0,2,2.6755,2,34.4344,2,12.1,2,62.0,2,0.067,2,,2
1225.0,2,2.6752,2,34.4345,2,12.1,2,62.0,2,0.07,2,,2
1226.0,2,2.6748,2,34.4346,2,12.1,2,62.0,2,0.064,2,,2
1227.0,2,2.6744,2,34.4347,2,12.1,2,62.0,2,0.07,2,,2
1228.0,2,2.6738,2,34.4349,2,12.1,2,62.0,2,0.068,2,,2
1229.0,2,2.6727,2,34.4351,2,12.1,2,62.0,2,0.07,2,,2
1230.0,2,2.6716,2,34.4354,2,12.1,2,62.0,2,0.068,2,,2
1231.0,2,2.6689999999999996,2,34.4359,2,12.1,2,62.0,2,0.07200000000000001,2,,2
1232.0,2,2.6658,2,34.4364,2,12.1,2,62.0,2,0.073,2,,2
1233.0,2,2.6642,2,34.4368,2,12.2,2,62.0,2,0.068,2,,2
1234.0,2,2.6619,2,34.4373,2,12.2,2,62.0,2,0.068,2,,2
1235.0,2,2.6598,2,34.4376,2,12.1,2,62.0,2,0.066,2,,2
1236.0,2,2.6587,2,34.4379,2,12.3,2,62.0,2,0.068,2,,2
1237.0,2,2.6579,2,34.4381,2,12.0,2,62.0,2,0.069,2,,2
1238.0,2,2.657,2,34.4382,2,12.3,2,62.0,2,0.07200000000000001,2,,2
1239.0,2,2.6556,2,34.4386,2,12.4,2,62.0,2,0.068,2,,2
1240.0,2,2.6547,2,34.4386,2,12.5,2,62.0,2,0.07200000000000001,2,,2
1241.0,2,2.6521,2,34.4391,2,12.2,2,62.0,2,0.068,2,,2
1242.0,2,2.6501,2,34.4396,2,12.4,2,62.0,2,0.067,2,,2
1243.0,2,2.6492,2,34.4397,2,12.6,2,62.0,2,0.073,2,,2
1244.0,2,2.6472,2,34.4402,2,13.1,2,62.0,2,0.071,2,,2
1245.0,2,2.6463,2,34.4403,2,13.0,2,62.0,2,0.069,2,,2
1245.8,2,2.6460000000000004,2,34.4405,2,12.9,2,62.0,2,0.073,2,,2
1247.1,2,2.6459,2,34.4403,2,12.6,2,62.0,2,0.073,2,,2
1248.0,2,2.6454,2,34.4406,2,12.8,2,62.0,2,0.07200000000000001,2,,2
1249.0,2,2.6445,2,34.4407,2,12.9,2,62.0,2,0.063,2,,2
1250.0,2,2.6439999999999997,2,34.4409,2,12.7,2,62.0,2,0.073,2,,2
1251.0,2,2.6431,2,34.4412,2,12.4,2,62.0,2,0.068,2,,2
1252.0,2,2.6418,2,34.4419,2,12.7,2,62.0,2,0.064,2,,2
1252.8,2,2.6407,2,34.4422,2,12.9,2,62.0,2,0.065,2,,2
1254.1,2,2.638,2,34.4427,2,12.7,2,62.0,2,0.064,2,,2
1255.0,2,2.6353,2,34.4429,2,13.0,2,62.0,2,0.063,2,,2
1256.0,2,2.6324,2,34.4433,2,12.8,2,62.0,2,0.07,2,,2
1257.0,2,2.6310000000000002,2,34.4437,2,13.1,2,62.0,2,0.07,2,,2
1258.0,2,2.6299,2,34.4437,2,13.1,2,62.0,2,0.068,2,,2
1259.0,2,2.6287,2,34.4441,2,13.0,2,62.0,2,0.071,2,,2
1260.0,2,2.628,2,34.4443,2,13.0,2,62.0,2,0.066,2,,2
1261.0,2,2.6276,2,34.4443,2,13.0,2,62.0,2,0.071,2,,2
1262.0,2,2.6256,2,34.4447,2,13.0,2,62.0,2,0.069,2,,2
1263.0,2,2.6238,2,34.4449,2,13.1,2,62.0,2,0.073,2,,2
1264.0,2,2.623,2,34.4451,2,13.1,2,62.0,2,0.068,2,,2
1265.0,2,2.6228,2,34.4452,2,13.2,2,62.0,2,0.069,2,,2
1266.0,2,2.6227,2,34.4451,2,13.1,2,62.0,2,0.069,2,,2
1267.0,2,2.6223,2,34.4454,2,13.2,2,62.0,2,0.068,2,,2
1268.0,2,2.6209,2,34.4456,2,13.3,2,62.0,2,0.061,2,,2
1269.0,2,2.6195,2,34.446,2,13.3,2,62.0,2,0.069,2,,2
1270.0,2,2.6182,2,34.4462,2,13.4,2,62.0,2,0.071,2,,2
1271.0,2,2.6163,2,34.4464,2,13.3,2,62.0,2,0.064,2,,2
1272.0,2,2.6145,2,34.4468,2,13.2,2,62.0,2,0.07200000000000001,2,,2
1273.0,2,2.6133,2,34.4472,2,13.3,2,62.0,2,0.067,2,,2
1274.0,2,2.6108,2,34.4476,2,13.5,2,62.0,2,0.065,2,,2
1275.0,2,2.6089,2,34.4479,2,13.3,2,62.0,2,0.067,2,,2
1276.0,2,2.6069999999999998,2,34.4486,2,13.4,2,62.0,2,0.07200000000000001,2,,2
1277.0,2,2.6062,2,34.4488,2,13.5,2,62.0,2,0.07200000000000001,2,,2
1278.0,2,2.6053,2,34.449,2,13.4,2,62.0,2,0.069,2,,2
1279.0,2,2.6043,2,34.4492,2,13.4,2,62.0,2,0.073,2,,2
1280.0,2,2.6034,2,34.4495,2,13.4,2,62.0,2,0.073,2,,2
1281.0,2,2.6029,2,34.4497,2,13.4,2,62.0,2,0.073,2,,2
1282.0,2,2.6022,2,34.4499,2,13.4,2,62.0,2,0.073,2,,2
1283.0,2,2.6005,2,34.4502,2,13.4,2,62.0,2,0.073,2,,2
1284.0,2,2.5983,2,34.4506,2,13.5,2,62.0,2,0.07,2,,2
1285.0,2,2.5978,2,34.4507,2,13.5,2,62.0,2,0.069,2,,2
1286.0,2,2.5967,2,34.4509,2,13.4,2,62.0,2,0.069,2,,2
1287.0,2,2.596,2,34.4511,2,13.5,2,62.0,2,0.073,2,,2
1288.0,2,2.5957,2,34.4513,2,13.4,2,62.0,2,0.073,2,,2
1289.0,2,2.5934,2,34.4519,2,13.6,2,62.0,2,0.073,2,,2
1290.0,2,2.592,2,34.452,2,13.6,2,62.0,2,0.071,2,,2
1291.0,2,2.5918,2,34.4519,2,13.5,2,62.0,2,0.07200000000000001,2,,2
1292.0,2,2.5911,2,34.4519,2,13.3,2,62.0,2,0.069,2,,2
1293.0,2,2.5912,2,34.452,2,13.6,2,62.0,2,0.07200000000000001,2,,2
1294.0,2,2.5907,2,34.452,2,13.7,2,62.0,2,0.073,2,,2
1295.0,2,2.5886,2,34.4524,2,13.9,2,62.0,2,0.064,2,,2
1296.0,2,2.5869,2,34.4525,2,13.9,2,62.0,2,0.07200000000000001,2,,2
1297.0,2,2.5853,2,34.4529,2,13.7,2,62.0,2,0.073,2,,2
1298.0,2,2.5847,2,34.4532,2,13.7,2,62.0,2,0.07200000000000001,2,,2
1299.0,2,2.5837,2,34.4535,2,13.8,2,62.0,2,0.071,2,,2
1300.0,2,2.5836,2,34.4536,2,13.9,2,62.0,2,0.073,2,,2
1301.0,2,2.5837,2,34.4536,2,13.8,2,62.0,2,0.073,2,,2
1302.0,2,2.5832,2,34.4537,2,13.8,2,62.0,2,0.068,2,,2
1303.0,2,2.5821,2,34.454,2,13.8,2,62.0,2,0.073,2,,2
1304.0,2,2.5812,2,34.4542,2,13.7,2,62.0,2,0.073,2,,2
1305.4,2,2.5805,2,34.4543,2,13.9,2,62.0,2,0.073,2,,2
1306.0,2,2.5801,2,34.4543,2,13.8,2,62.0,2,0.073,2,,2
1307.0,2,2.5802,2,34.4543,2,13.8,2,62.0,2,0.07,2,,2
1308.0,2,2.5801,2,34.4543,2,13.8,2,62.0,2,0.07,2,,2
1309.0,2,2.5779,2,34.4544,2,13.9,2,62.0,2,0.073,2,,2
1310.0,2,2.5761,2,34.4547,2,13.9,2,62.0,2,0.073,2,,2
1311.0,2,2.5753,2,34.4547,2,13.9,2,62.0,2,0.073,2,,2
1312.0,2,2.5744,2,34.455,2,13.9,2,62.0,2,0.073,2,,2
1313.0,2,2.5736,2,34.4555,2,14.0,2,62.0,2,0.073,2,,2
1314.0,2,2.5724,2,34.4559,2,14.0,2,62.0,2,0.073,2,,2
1315.0,2,2.5714,2,34.4562,2,13.9,2,62.0,2,0.066,2,,2
1316.0,2,2.5701,2,34.4565,2,13.9,2,62.0,2,0.067,2,,2
1317.0,2,2.5686,2,34.4568,2,14.1,2,62.0,2,0.073,2,,2
1318.0,2,2.5679,2,34.4569,2,14.0,2,62.0,2,0.073,2,,2
1319.0,2,2.5669,2,34.4572,2,14.0,2,62.0,2,0.073,2,,2
1320.0,2,2.5663,2,34.4573,2,14.0,2,62.0,2,0.073,2,,2
1321.0,2,2.5653,2,34.4575,2,14.3,2,62.0,2,0.07200000000000001,2,,2
1321.9,2,2.5637,2,34.4579,2,14.0,2,62.0,2,0.073,2,,2
1323.3,2,2.563,2,34.4579,2,14.2,2,62.0,2,0.073,2,,2
1324.0,2,2.5624,2,34.4581,2,14.1,2,62.0,2,0.07200000000000001,2,,2
1325.0,2,2.5592,2,34.4585,2,14.2,2,62.0,2,0.07200000000000001,2,,2
1326.0,2,2.5577,2,34.4589,2,14.3,2,62.0,2,0.073,2,,2
1327.0,2,2.5564,2,34.4591,2,14.3,2,62.0,2,0.073,2,,2
1328.0,2,2.5551,2,34.4593,2,14.4,2,62.0,2,0.073,2,,2
1329.0,2,2.5532,2,34.4597,2,14.4,2,62.0,2,0.066,2,,2
1330.0,2,2.5521,2,34.4599,2,14.4,2,62.0,2,0.073,2,,2
1331.0,2,2.5508,2,34.46,2,14.3,2,62.0,2,0.073,2,,2
1332.0,2,2.5503,2,34.4602,2,14.4,2,62.0,2,0.065,2,,2
1333.0,2,2.5494,2,34.4604,2,14.3,2,62.0,2,0.073,2,,2
1334.0,2,2.5473,2,34.4608,2,14.4,2,62.0,2,0.061,2,,2
1335.0,2,2.5454,2,34.4612,2,14.6,2,62.0,2,0.071,2,,2
1336.0,2,2.5451,2,34.4611,2,14.4,2,62.0,2,0.07200000000000001,2,,2
1337.0,2,2.5452,2,34.4612,2,14.5,2,62.0,2,0.066,2,,2
1338.0,2,2.545,2,34.4612,2,14.5,2,62.0,2,0.066,2,,2
1339.0,2,2.5439,2,34.4614,2,14.6,2,62.0,2,0.067,2,,2
1340.0,2,2.5412,2,34.4619,2,14.7,2,62.0,2,0.063,2,,2
1341.0,2,2.5384,2,34.4625,2,14.6,2,62.0,2,0.073,2,,2
1342.0,2,2.5371,2,34.4626,2,14.6,2,62.0,2,0.07,2,,2
1343.0,2,2.5345,2,34.4632,2,14.7,2,62.0,2,0.066,2,,2
1344.0,2,2.5336,2,34.4634,2,14.8,2,62.0,2,0.068,2,,2
1345.0,2,2.5332,2,34.4635,2,14.9,2,62.0,2,0.07,2,,2
1346.0,2,2.5328,2,34.4636,2,14.8,2,62.0,2,0.073,2,,2
1347.0,2,2.5323,2,34.4637,2,14.7,2,62.0,2,0.073,2,,2
1348.0,2,2.5316,2,34.4639,2,14.8,2,62.0,2,0.073,2,,2
1349.0,2,2.5313,2,34.4639,2,14.8,2,62.0,2,0.073,2,,2
1350.0,2,2.5289,2,34.4644,2,14.9,2,62.0,2,0.073,2,,2
1351.0,2,2.5234,2,34.4655,2,14.9,2,62.0,2,0.073,2,,2
1352.0,2,2.5202,2,34.466,2,15.0,2,62.0,2,0.08199999999999999,2,,2
1353.0,2,2.5178,2,34.4665,2,15.1,2,62.0,2,0.073,2,,2
1354.0,2,2.516,2,34.4669,2,15.5,2,62.0,2,0.073,2,,2
1355.0,2,2.5149,2,34.467,2,15.1,2,62.0,2,0.073,2,,2
1356.0,2,2.5143,2,34.4673,2,15.3,2,62.0,2,0.07,2,,2
1357.0,2,2.5138,2,34.4672,2,15.2,2,62.0,2,0.073,2,,2
1358.0,2,2.5116,2,34.4677,2,15.2,2,62.0,2,0.073,2,,2
1359.0,2,2.5114,2,34.4677,2,15.2,2,62.0,2,0.073,2,,2
1360.0,2,2.5115,2,34.4678,2,15.2,2,62.0,2,0.073,2,,2
1361.0,2,2.5113,2,34.4678,2,15.2,2,62.0,2,0.073,2,,2
1362.0,2,2.5098,2,34.4682,2,15.2,2,62.0,2,0.069,2,,2
1364.0,2,2.5075,2,34.4687,2,15.2,2,62.0,2,0.073,2,,2
1365.0,2,2.5073,2,34.4688,2,15.4,2,62.0,2,0.073,2,,2
1366.0,2,2.5063,2,34.469,2,15.3,2,62.0,2,0.073,2,,2
1367.1,2,2.5043,2,34.4694,2,15.3,2,62.0,2,0.073,2,,2
1367.5,2,2.5034,2,34.4696,2,15.5,2,62.0,2,0.073,2,,2
1369.0,2,2.5012,2,34.4699,2,15.8,2,62.0,2,0.073,2,,2
1370.0,2,2.4991,2,34.4704,2,15.8,2,62.0,2,0.073,2,,2
1371.0,2,2.498,2,34.4706,2,15.6,2,62.0,2,0.073,2,,2
1372.0,2,2.4964,2,34.4709,2,15.8,2,62.0,2,0.073,2,,2
1373.0,2,2.4943,2,34.4714,2,15.9,2,62.0,2,0.073,2,,2
1373.8,2,2.492,2,34.472,2,15.7,2,62.0,2,0.073,2,,2
1375.3,2,2.4911,2,34.4719,2,15.9,2,62.0,2,0.073,2,,2
1376.0,2,2.4908,2,34.472,2,15.9,2,62.0,2,0.073,2,,2
1377.0,2,2.4898,2,34.4721,2,15.9,2,62.0,2,0.073,2,,2
1378.0,2,2.4879,2,34.4727,2,15.9,2,62.0,2,0.066,2,,2
1379.0,2,2.4876,2,34.4728,2,16.0,2,62.0,2,0.073,2,,2
1379.8,2,2.4871,2,34.4729,2,16.0,2,62.0,2,0.073,2,,2
1381.3,2,2.4866,2,34.4729,2,16.2,2,62.0,2,0.069,2,,2
1382.0,2,2.484,2,34.4735,2,16.1,2,62.0,2,0.068,2,,2
1383.0,2,2.4827,2,34.4738,2,16.0,2,62.0,2,0.061,2,,2
1384.0,2,2.4825,2,34.4737,2,16.3,2,62.0,2,0.068,2,,2
1385.0,2,2.4815,2,34.4739,2,16.2,2,62.0,2,0.069,2,,2
1386.0,2,2.48,2,34.4743,2,16.2,2,62.0,2,0.066,2,,2
1387.0,2,2.4785,2,34.4746,2,16.3,2,62.0,2,0.063,2,,2
1388.0,2,2.4779,2,34.4746,2,16.5,2,62.0,2,0.066,2,,2
1389.0,2,2.4777,2,34.4747,2,16.5,2,62.0,2,0.061,2,,2
1390.0,2,2.477,2,34.4748,2,16.5,2,62.0,2,0.061,2,,2
1391.0,2,2.4764,2,34.4749,2,16.5,2,62.0,2,0.073,2,,2
1392.0,2,2.4757,2,34.4751,2,16.5,2,62.0,2,0.07200000000000001,2,,2
1393.0,2,2.4749,2,34.4751,2,16.5,2,62.0,2,0.073,2,,2
1394.0,2,2.4729,2,34.4756,2,16.5,2,62.0,2,0.073,2,,2
1395.0,2,2.47,2,34.4758,2,16.7,2,62.0,2,0.065,2,,2
1396.0,2,2.4679,2,34.4762,2,16.7,2,62.0,2,0.069,2,,2
1397.0,2,2.4665,2,34.4765,2,16.7,2,62.0,2,0.065,2,,2
1398.0,2,2.4651,2,34.4769,2,16.7,2,62.0,2,0.07200000000000001,2,,2
1399.0,2,2.4646,2,34.477,2,17.0,2,62.0,2,0.068,2,,2
1400.0,2,2.4636,2,34.4772,2,17.2,2,62.0,2,0.073,2,,2
1401.0,2,2.4614,2,34.4775,2,17.0,2,62.0,2,0.073,2,,2
1402.0,2,2.4596,2,34.478,2,16.9,2,62.0,2,0.071,2,,2
1403.0,2,2.4579,2,34.4782,2,17.0,2,62.0,2,0.073,2,,2
1404.0,2,2.4558,2,34.4786,2,17.1,2,62.0,2,0.071,2,,2
1405.0,2,2.454,2,34.479,2,17.1,2,62.0,2,0.073,2,,2
1406.1,2,2.4529,2,34.4794,2,17.1,2,62.0,2,0.073,2,,2
1407.0,2,2.4518,2,34.4795,2,17.0,2,62.0,2,0.071,2,,2
1408.0,2,2.4502,2,34.4798,2,17.2,2,62.0,2,0.07200000000000001,2,,2
1409.0,2,2.4493,2,34.48,2,17.4,2,62.0,2,0.071,2,,2
1410.0,2,2.4482,2,34.4802,2,17.4,2,62.0,2,0.067,2,,2
1411.0,2,2.4472,2,34.4803,2,17.4,2,62.0,2,0.065,2,,2
1412.0,2,2.4453,2,34.4808,2,17.5,2,62.0,2,0.071,2,,2
1413.0,2,2.4443,2,34.481,2,17.5,2,62.0,2,0.07,2,,2
1414.0,2,2.4427,2,34.4813,2,17.5,2,62.0,2,0.07,2,,2
1415.0,2,2.44,2,34.4817,2,17.5,2,62.0,2,0.067,2,,2
1416.0,2,2.4384,2,34.482,2,17.5,2,62.0,2,0.07200000000000001,2,,2
1417.0,2,2.4361,2,34.4822,2,17.9,2,62.0,2,0.064,2,,2
1418.0,2,2.4339,2,34.4827,2,17.9,2,62.0,2,0.07200000000000001,2,,2
1419.0,2,2.4315,2,34.4831,2,17.9,2,62.0,2,0.064,2,,2
1420.0,2,2.4299,2,34.4834,2,18.1,2,62.0,2,0.07200000000000001,2,,2
1421.0,2,2.4294,2,34.4837,2,17.9,2,62.0,2,0.071,2,,2
1422.0,2,2.4287,2,34.4838,2,18.1,2,62.0,2,0.064,2,,2
1423.0,2,2.4283,2,34.4838,2,18.3,2,62.0,2,0.073,2,,2
1424.0,2,2.4279,2,34.4839,2,18.3,2,62.0,2,0.073,2,,2
1425.0,2,2.4267,2,34.4841,2,18.4,2,62.0,2,0.07,2,,2
1426.0,2,2.4254,2,34.4845,2,18.3,2,62.0,2,0.073,2,,2
1427.0,2,2.4247,2,34.4846,2,18.3,2,62.0,2,0.073,2,,2
1428.0,2,2.4243,2,34.4846,2,18.3,2,62.0,2,0.073,2,,2
1429.0,2,2.4235,2,34.4848,2,18.3,2,62.0,2,0.073,2,,2
1430.0,2,2.4224,2,34.4851,2,18.3,2,62.0,2,0.073,2,,2
1431.0,2,2.4217,2,34.4853,2,18.4,2,62.0,2,0.073,2,,2
1432.0,2,2.421,2,34.4854,2,18.5,2,62.0,2,0.073,2,,2
1433.0,2,2.4203,2,34.4856,2,18.5,2,62.0,2,0.073,2,,2
1434.0,2,2.42,2,34.4856,2,18.4,2,62.0,2,0.073,2,,2
1435.0,2,2.419,2,34.4856,2,18.5,2,62.0,2,0.073,2,,2
1436.0,2,2.4167,2,34.4861,2,18.9,2,62.0,2,0.073,2,,2
1437.0,2,2.4153,2,34.4863,2,18.6,2,62.0,2,0.073,2,,2
1438.0,2,2.4146,2,34.4864,2,18.7,2,62.0,2,0.07,2,,2
1439.0,2,2.4139,2,34.4865,2,18.7,2,62.0,2,0.068,2,,2
1440.0,2,2.4139,2,34.4866,2,18.9,2,62.0,2,0.069,2,,2
1441.0,2,2.4137,2,34.4867,2,18.9,2,62.0,2,0.073,2,,2
1442.0,2,2.4137,2,34.4867,2,18.7,2,62.0,2,0.07200000000000001,2,,2
1443.0,2,2.4143,2,34.4865,2,18.8,2,62.0,2,0.071,2,,2
1444.0,2,2.4136,2,34.4867,2,18.8,2,62.0,2,0.07,2,,2
1445.0,2,2.4119,2,34.4871,2,18.8,2,62.0,2,0.073,2,,2
1446.0,2,2.4103,2,34.4873,2,18.8,2,62.0,2,0.073,2,,2
1447.1,2,2.4076,2,34.488,2,18.8,2,62.0,2,0.073,2,,2
1447.9,2,2.407,2,34.488,2,19.0,2,62.0,2,0.073,2,,2
1449.0,2,2.4069,2,34.488,2,19.1,2,62.0,2,0.065,2,,2
1450.0,2,2.4066,2,34.488,2,19.0,2,62.0,2,0.073,2,,2
1451.0,2,2.4055,2,34.4882,2,19.2,2,62.0,2,0.073,2,,2
1452.0,2,2.4036,2,34.4887,2,19.2,2,62.0,2,0.069,2,,2
1453.1,2,2.403,2,34.4888,2,19.2,2,62.0,2,0.061,2,,2
1453.7,2,2.4027,2,34.4889,2,19.2,2,62.0,2,0.067,2,,2
1455.0,2,2.4012,2,34.4891,2,19.2,2,62.0,2,0.073,2,,2
1456.0,2,2.401,2,34.4892,2,19.4,2,62.0,2,0.073,2,,2
1457.0,2,2.4008,2,34.4892,2,19.3,2,62.0,2,0.073,2,,2
1458.0,2,2.3999,2,34.4894,2,19.3,2,62.0,2,0.073,2,,2
1459.0,2,2.3994,2,34.4896,2,19.3,2,62.0,2,0.073,2,,2
1460.0,2,2.3988,2,34.4897,2,19.3,2,62.0,2,0.073,2,,2
1461.0,2,2.398,2,34.4899,2,19.6,2,62.0,2,0.073,2,,2
1461.8,2,2.3964,2,34.4903,2,19.6,2,62.0,2,0.066,2,,2
1463.0,2,2.3943,2,34.4906,2,19.7,2,62.0,2,0.067,2,,2
1464.0,2,2.3936,2,34.4907,2,19.7,2,62.0,2,0.065,2,,2
1465.0,2,2.3931,2,34.4907,2,19.8,2,62.0,2,0.069,2,,2
1466.0,2,2.392,2,34.491,2,19.7,2,62.0,2,0.073,2,,2
1467.0,2,2.39,2,34.4914,2,19.8,2,62.0,2,0.073,2,,2
1468.0,2,2.3881,2,34.4918,2,19.8,2,62.0,2,0.073,2,,2
1469.0,2,2.3877,2,34.4918,2,19.7,2,62.0,2,0.064,2,,2
1470.0,2,2.3875,2,34.4919,2,19.9,2,62.0,2,0.073,2,,2
1471.0,2,2.3874,2,34.4919,2,20.1,2,62.0,2,0.067,2,,2
1472.0,2,2.3872,2,34.492,2,20.0,2,62.0,2,0.073,2,,2
1473.0,2,2.3865,2,34.4921,2,20.0,2,62.0,2,0.073,2,,2
1474.0,2,2.3859,2,34.4922,2,20.0,2,62.0,2,0.067,2,,2
1475.0,2,2.3852,2,34.4923,2,20.1,2,62.0,2,0.07,2,,2
1476.0,2,2.3846,2,34.4924,2,20.0,2,62.0,2,0.064,2,,2
1477.0,2,2.3842,2,34.4927,2,20.0,2,62.0,2,0.073,2,,2
1478.0,2,2.3835,2,34.4928,2,20.0,2,62.0,2,0.063,2,,2
1479.0,2,2.3819,2,34.493,2,20.2,2,62.0,2,0.07200000000000001,2,,2
1480.0,2,2.3794,2,34.4936,2,20.2,2,62.0,2,0.069,2,,2
1481.3,2,2.3789,2,34.4938,2,20.2,2,62.0,2,0.069,2,,2
1482.0,2,2.3778,2,34.494,2,20.2,2,62.0,2,0.065,2,,2
1483.0,2,2.3768,2,34.4941,2,20.3,2,62.0,2,0.069,2,,2
1484.0,2,2.376,2,34.4944,2,20.2,2,62.0,2,0.068,2,,2
1485.0,2,2.3749,2,34.4946,2,20.4,2,62.0,2,0.066,2,,2
1486.0,2,2.374,2,34.4947,2,20.4,2,62.0,2,0.064,2,,2
1487.0,2,2.3735,2,34.4949,2,20.7,2,62.0,2,0.063,2,,2
1488.0,2,2.372,2,34.495,2,20.6,2,62.0,2,0.068,2,,2
1489.0,2,2.3703,2,34.4954,2,20.5,2,62.0,2,0.07200000000000001,2,,2
1490.0,2,2.3693,2,34.4956,2,20.5,2,62.0,2,0.07,2,,2
1491.0,2,2.3681,2,34.4959,2,20.8,2,62.0,2,0.061,2,,2
1492.0,2,2.3672,2,34.496,2,20.6,2,62.0,2,0.061,2,,2
1493.0,2,2.366,2,34.4963,2,20.6,2,62.0,2,0.07,2,,2
1493.8,2,2.3655,2,34.4965,2,20.7,2,62.0,2,0.07,2,,2
1495.0,2,2.3653,2,34.4964,2,20.9,2,62.0,2,0.071,2,,2
1496.0,2,2.3651,2,34.4965,2,20.8,2,62.0,2,0.067,2,,2
1497.0,2,2.3647,2,34.4965,2,20.9,2,62.0,2,0.067,2,,2
1498.0,2,2.3639,2,34.4969,2,21.1,2,62.0,2,0.068,2,,2
1498.9,2,2.3633,2,34.497,2,21.0,2,62.0,2,0.064,2,,2
1500.1,2,2.3618,2,34.4973,2,21.0,2,62.0,2,0.073,2,,2
1501.0,2,2.3606,2,34.4974,2,20.9,2,62.0,2,0.066,2,,2
1502.0,2,2.3596,2,34.4977,2,21.0,2,62.0,2,0.069,2,,2
1503.0,2,2.3587,2,34.498000000000005,2,21.1,2,62.0,2,0.065,2,,2
1504.0,2,2.3579,2,34.498000000000005,2,21.2,2,62.0,2,0.061,2,,2
1505.0,2,2.3567,2,34.4983,2,21.2,2,62.0,2,0.061,2,,2
1506.0,2,2.3551,2,34.4985,2,21.1,2,62.0,2,0.066,2,,2
1507.0,2,2.3537,2,34.499,2,21.1,2,62.0,2,0.068,2,,2
1508.0,2,2.3521,2,34.4993,2,21.5,2,62.0,2,0.073,2,,2
1509.1,2,2.3499,2,34.4996,2,21.5,2,62.0,2,0.063,2,,2
1510.0,2,2.349,2,34.4998,2,21.6,2,62.0,2,0.07200000000000001,2,,2
1511.0,2,2.3487,2,34.4999,2,21.6,2,62.0,2,0.061,2,,2
1512.0,2,2.3482,2,34.5001,2,21.5,2,62.0,2,0.062,2,,2
1513.0,2,2.3475,2,34.5002,2,21.5,2,62.0,2,0.069,2,,2
1514.0,2,2.3465,2,34.5004,2,21.6,2,62.0,2,0.07,2,,2
1515.0,2,2.3454,2,34.5005,2,21.6,2,62.0,2,0.065,2,,2
1516.0,2,2.3448,2,34.5007,2,21.6,2,62.0,2,0.061,2,,2
1517.0,2,2.3442,2,34.5008,2,21.7,2,62.0,2,0.067,2,,2
1518.0,2,2.3431,2,34.501,2,21.7,2,62.0,2,0.066,2,,2
1519.0,2,2.3397,2,34.5017,2,21.8,2,62.0,2,0.061,2,,2
1520.0,2,2.3387,2,34.5019,2,22.4,2,62.0,2,0.068,2,,2
1521.0,2,2.3376,2,34.5022,2,22.0,2,62.0,2,0.063,2,,2
1522.0,2,2.3364,2,34.5024,2,22.0,2,62.0,2,0.073,2,,2
1523.0,2,2.336,2,34.5025,2,22.1,2,61.9,2,0.069,2,,2
1524.0,2,2.3358,2,34.5026,2,22.1,2,62.0,2,0.073,2,,2
1525.0,2,2.3354,2,34.5026,2,22.1,2,62.0,2,0.062,2,,2
1526.0,2,2.3341,2,34.5028,2,22.5,2,62.0,2,0.061,2,,2
1527.0,2,2.3329,2,34.5031,2,22.4,2,62.0,2,0.061,2,,2
1528.0,2,2.332,2,34.5034,2,22.4,2,62.0,2,0.066,2,,2
1529.0,2,2.3315,2,34.5034,2,22.5,2,62.0,2,0.063,2,,2
1530.0,2,2.3311,2,34.5036,2,22.5,2,62.0,2,0.068,2,,2
1531.0,2,2.3305,2,34.5037,2,22.4,2,62.0,2,0.066,2,,2
1532.0,2,2.33,2,34.5038,2,22.2,2,62.0,2,0.065,2,,2
1533.0,2,2.3289,2,34.504,2,22.5,2,62.0,2,0.07,2,,2
1534.0,2,2.3283,2,34.5041,2,22.5,2,62.0,2,0.061,2,,2
1535.0,2,2.3277,2,34.5043,2,22.5,2,62.0,2,0.07,2,,2
1536.0,2,2.3268,2,34.5044,2,22.5,2,62.0,2,0.067,2,,2
1537.0,2,2.3263,2,34.5045,2,22.5,2,62.0,2,0.065,2,,2
1538.0,2,2.3247,2,34.5048,2,22.7,2,62.0,2,0.067,2,,2
1539.0,2,2.3212,2,34.5055,2,22.8,2,62.0,2,0.063,2,,2
1540.0,2,2.319,2,34.506,2,23.0,2,62.0,2,0.068,2,,2
1541.0,2,2.3171,2,34.5063,2,23.0,2,62.0,2,0.065,2,,2
1542.0,2,2.3158,2,34.5066,2,23.1,2,62.0,2,0.07,2,,2
1543.0,2,2.3145,2,34.507,2,23.1,2,62.0,2,0.073,2,,2
1544.0,2,2.314,2,34.507,2,23.2,2,62.0,2,0.066,2,,2
1545.0,2,2.313,2,34.507,2,23.4,2,62.0,2,0.067,2,,2
1546.0,2,2.3113,2,34.5074,2,23.4,2,62.0,2,0.061,2,,2
1547.0,2,2.3096,2,34.5078,2,23.3,2,62.0,2,0.068,2,,2
1548.0,2,2.3079,2,34.5082,2,23.4,2,62.0,2,0.068,2,,2
1549.0,2,2.3065,2,34.5085,2,23.5,2,62.0,2,0.069,2,,2
1550.0,2,2.3048,2,34.5088,2,23.4,2,62.0,2,0.061,2,,2
1551.0,2,2.3029,2,34.5092,2,23.5,2,62.0,2,0.061,2,,2
1552.0,2,2.3018,2,34.5095,2,24.0,2,61.9,2,0.066,2,,2
1553.0,2,2.3008,2,34.5097,2,23.8,2,62.0,2,0.069,2,,2
1554.0,2,2.2975,2,34.5103,2,24.0,2,62.0,2,0.07200000000000001,2,,2
1555.0,2,2.2956,2,34.5106,2,23.8,2,62.0,2,0.073,2,,2
1556.0,2,2.295,2,34.5109,2,24.0,2,62.0,2,0.07,2,,2
1557.0,2,2.2938,2,34.510999999999996,2,24.1,2,62.0,2,0.062,2,,2
1558.0,2,2.2926,2,34.5113,2,24.2,2,62.0,2,0.066,2,,2
1559.0,2,2.2916,2,34.5115,2,24.4,2,62.0,2,0.07,2,,2
1560.0,2,2.2901,2,34.5118,2,24.4,2,62.0,2,0.065,2,,2
1561.0,2,2.2894,2,34.512,2,24.3,2,62.0,2,0.069,2,,2
1562.0,2,2.289,2,34.512,2,24.3,2,62.0,2,0.063,2,,2
1563.0,2,2.2873,2,34.5123,2,24.2,2,62.0,2,0.066,2,,2
1564.0,2,2.2857,2,34.5127,2,24.2,2,62.0,2,0.073,2,,2
1565.0,2,2.285,2,34.5127,2,24.4,2,62.0,2,0.062,2,,2
1566.0,2,2.2841,2,34.5131,2,24.7,2,62.0,2,0.062,2,,2
1567.0,2,2.2835,2,34.5132,2,24.9,2,62.0,2,0.067,2,,2
1568.0,2,2.283,2,34.5133,2,24.6,2,62.0,2,0.062,2,,2
1569.0,2,2.282,2,34.5135,2,24.7,2,62.0,2,0.062,2,,2
1570.0,2,2.2803,2,34.5138,2,24.7,2,62.0,2,0.067,2,,2
1571.0,2,2.2788,2,34.5141,2,24.8,2,62.0,2,0.069,2,,2
1572.0,2,2.2785,2,34.5142,2,24.8,2,62.0,2,0.065,2,,2
1573.0,2,2.2785,2,34.5142,2,24.9,2,62.0,2,0.069,2,,2
1574.0,2,2.2783,2,34.5143,2,24.9,2,62.0,2,0.069,2,,2
1575.0,2,2.2775,2,34.5145,2,25.0,2,62.0,2,0.066,2,,2
1576.0,2,2.2761,2,34.5146,2,25.2,2,62.0,2,0.061,2,,2
1577.0,2,2.2755,2,34.5149,2,25.2,2,62.0,2,0.064,2,,2
1578.0,2,2.2754,2,34.5149,2,25.2,2,62.0,2,0.065,2,,2
1578.9,2,2.2754,2,34.5149,2,25.1,2,62.0,2,0.07,2,,2
1580.0,2,2.2755,2,34.5148,2,25.2,2,62.0,2,0.07,2,,2
1581.0,2,2.275,2,34.5149,2,25.2,2,62.0,2,0.069,2,,2
1582.0,2,2.2744,2,34.5153,2,25.2,2,62.0,2,0.07200000000000001,2,,2
1583.0,2,2.274,2,34.5153,2,25.1,2,62.0,2,0.073,2,,2
1584.0,2,2.2738,2,34.5153,2,25.2,2,62.0,2,0.068,2,,2
1585.0,2,2.2729,2,34.5154,2,25.2,2,62.0,2,0.067,2,,2
1586.0,2,2.2711,2,34.5158,2,25.3,2,62.0,2,0.068,2,,2
1587.0,2,2.2686,2,34.5163,2,25.2,2,62.0,2,0.067,2,,2
1588.0,2,2.2675,2,34.5166,2,25.5,2,62.0,2,0.061,2,,2
1589.0,2,2.2667,2,34.5167,2,25.7,2,62.0,2,0.067,2,,2
1590.0,2,2.2648,2,34.5169,2,25.8,2,62.0,2,0.07200000000000001,2,,2
1591.0,2,2.2639,2,34.5173,2,25.7,2,62.0,2,0.071,2,,2
1592.0,2,2.2637,2,34.5173,2,25.8,2,62.0,2,0.062,2,,2
1593.0,2,2.2632,2,34.5175,2,25.7,2,62.0,2,0.067,2,,2
1594.0,2,2.2623,2,34.5176,2,25.8,2,62.0,2,0.065,2,,2
1595.0,2,2.2615,2,34.5178,2,26.0,2,62.0,2,0.069,2,,2
1596.0,2,2.2609,2,34.518,2,26.1,2,62.0,2,0.066,2,,2
1597.0,2,2.2607,2,34.518,2,26.0,2,62.0,2,0.067,2,,2
1598.0,2,2.2602,2,34.518,2,26.0,2,62.0,2,0.062,2,,2
1599.0,2,2.2591,2,34.5182,2,26.1,2,62.0,2,0.062,2,,2
1600.0,2,2.2577,2,34.5186,2,26.0,2,62.0,2,0.061,2,,2
1601.0,2,2.2564,2,34.5188,2,26.1,2,62.0,2,0.07200000000000001,2,,2
1602.0,2,2.2543,2,34.5193,2,26.2,2,62.0,2,0.073,2,,2
1603.0,2,2.2535,2,34.5193,2,26.4,2,62.0,2,0.064,2,,2
1604.0,2,2.2524,2,34.5195,2,26.7,2,62.0,2,0.069,2,,2
1605.0,2,2.2508,2,34.52,2,26.8,2,62.0,2,0.064,2,,2
1606.0,2,2.2501,2,34.52,2,26.5,2,62.0,2,0.067,2,,2
1607.0,2,2.2493,2,34.5203,2,26.7,2,62.0,2,0.07,2,,2
1608.0,2,2.2482,2,34.5204,2,26.7,2,62.0,2,0.064,2,,2
1608.9,2,2.2475,2,34.5207,2,26.5,2,62.0,2,0.063,2,,2
1610.3,2,2.2439,2,34.5214,2,26.6,2,62.0,2,0.073,2,,2
1611.0,2,2.2421,2,34.5217,2,26.6,2,62.0,2,0.066,2,,2
1612.0,2,2.2413,2,34.5218,2,26.6,2,62.0,2,0.067,2,,2
1613.0,2,2.2403,2,34.5221,2,27.0,2,62.0,2,0.062,2,,2
1614.0,2,2.2392,2,34.5224,2,27.0,2,62.0,2,0.066,2,,2
1615.0,2,2.2384,2,34.5225,2,26.9,2,62.0,2,0.064,2,,2
1616.0,2,2.2371,2,34.5228,2,27.4,2,62.0,2,0.067,2,,2
1617.0,2,2.2366,2,34.5228,2,28.1,2,62.0,2,0.068,2,,2
1618.0,2,2.2359,2,34.523,2,27.5,2,62.0,2,0.068,2,,2
1619.0,2,2.2351,2,34.5232,2,27.5,2,62.0,2,0.068,2,,2
1620.0,2,2.2348,2,34.5232,2,27.5,2,62.0,2,0.062,2,,2
1621.0,2,2.2345,2,34.5233,2,27.7,2,62.0,2,0.061,2,,2
1622.0,2,2.2342,2,34.5234,2,27.8,2,62.0,2,0.062,2,,2
1623.0,2,2.2338,2,34.5233,2,27.7,2,62.0,2,0.07200000000000001,2,,2
END_DATA
