CTD,20190304CCHSIOLMM
#---------------------------------------------------------------------------------------------------,,,,,,,,,,,,,,,,
#Fluorescence - Transmissivity and PAR data are nominal and unedited except that some records were removed in editing temperature and salinity.,,,,,,,,,,,,,,,,
#---------------------------------------------------------------------------------------------------,,,,,,,,,,,,,,,,
#COMMENTS FOR CASTS 0001 TO 0032,,,,,,,,,,,,,,,,
#CTD Serial Number 0506; SBE Dissolved Oxygen sensor Serial Number 1176.,,,,,,,,,,,,,,,,
#,,,,,,,,,,,,,,,,
#As has been noted from several other cruises using Oxygen:Dissolved:CTD sensor #1176 in the summer 2010 the data are odd for some casts (casts 0022 to 0032) with concentration values offset by approximately 0.24 ml/l from the normal-looking casts and a higher noise level in the raw oxygen voltage.,,,,,,,,,,,,,,,,
#Data were recalibrated to correct for this offset but there were only 3 casts with titrated dissolved oxygen samples for the normal casts and 1 from the odd casts.,,,,,,,,,,,,,,,,
#Establishing which casts require the special recalibration was based on the noise level in the Oxygen:Dissolved:CTD voltage and information from other cruises was used to recalibrate the odd casts.,,,,,,,,,,,,,,,,
#,,,,,,,,,,,,,,,,
#The quality of the Oxygen:Dissolved:CTD calibration is considered lower than usual and there are insufficient data to make precision estimates. ,,,,,,,,,,,,,,,,
#,,,,,,,,,,,,,,,,
#---------------------------------------------------------------------------------------------------,,,,,,,,,,,,,,,,
#COMMENTS FOR CASTS 0036 TO 0129,,,,,,,,,,,,,,,,
#CTD Serial Number 0443; SBE Dissolved Oxygen sensor Serial Number 1483.,,,,,,,,,,,,,,,,
#,,,,,,,,,,,,,,,,
#There are only 3 casts with titrated dissolved oxygen samples that could be compared to the Oxygen:Dissolved:CTD data for sensor #1438 and 1 of them looked significantly different in the comparison from the other 2. ,,,,,,,,,,,,,,,,
#Recalibration of dissolved oxygen was based on the 2 casts that looked similar.,,,,,,,,,,,,,,,,
#There are insufficient data to make a precision estimate.,,,,,,,,,,,,,,,,
#,,,,,,,,,,,,,,,,
#For Oxygen:Dissolved:CTD sensor #1438 values below 2200 dbar were replaced by pad values because there is evidence of significant hysteresis.,,,,,,,,,,,,,,,,
#The Salinity:Practical data from CTD #0443 showed evidence of flow rate problems in the top 200 dbar; the two-sided noise caused by that was minimized by bin-averaging.,,,,,,,,,,,,,,,,
#,,,,,,,,,,,,,,,,
#***********************************************************************,,,,,,,,,,,,,,,,
#In June 2011 it was discovered that the wrong information was used for conversion of the Oxygen:Dissolved:CTD sensor data for CTD #0443.,,,,,,,,,,,,,,,,
#Sensor #1483 was actually used for this cruise.,,,,,,,,,,,,,,,,
#,,,,,,,,,,,,,,,,
#The Oxygen:Dissolved:CTD channel was reprocessed. ,,,,,,,,,,,,,,,,
#A new recalibration scheme was found by rerunning the bottle comparison. ,,,,,,,,,,,,,,,,
#The files were then merged with all the other channels from the original processing.,,,,,,,,,,,,,,,,
#,,,,,,,,,,,,,,,,
#The hysteresis noted in the original processing remains and the quality of the data is still considered of lower quality than usual.,,,,,,,,,,,,,,,,
#,,,,,,,,,,,,,,,,
#Note that the correct calibration information for the Oxygen:Dissolved:CTD sensor can be found at the end of the processing report along with detail about how the reprocessing was done.,,,,,,,,,,,,,,,,
#,,,,,,,,,,,,,,,,
#---------------------------------------------------------------------------------------------------,,,,,,,,,,,,,,,,
#For details on the processing see file 2010-14-proc.pdf.,,,,,,,,,,,,,,,,
#---------------------------------------------------------------------------------------------------,,,,,,,,,,,,,,,,
#,,,,,,,,,,,,,,,,
#File Name,Zone,FIL:START TIME YYYY/MM/DD, HH:MM,LOC:EVENT_NUMBER,LOC:LATITUDE,LOC:LONGITUDE,LOC:STATION,Pressure:CTD [dbar],Temperature:CTD [deg_C_(ITS90)],Salinity:Practical:CTD [PSS-78],Sigma-t:CTD [kg/m^3],Transmissivity:CTD [*/m],Oxygen:Dissolved:CTD:Volume [ml/l],Oxygen:Dissolved:CTD:Mass [µmol/kg],Fluorescence:CTD [mg/m^3],PAR:CTD [µE/m^2/sec]
#,,,,,,,,,,,,,,,,
NUMBER_HEADERS = 8
EXPOCODE = 18DD20100817
STNBR = P4
CASTNO = 1
DATE = 20/08/2010
TIME =  07:22
LATITUDE = 48.64967
LONGITUDE = -126.66666000000001
CTDPRS,CTDPRS_FLAG_W,CTDTMP,CTDTMP_FLAG_W,CTDSAL,CTDSAL_FLAG_W,CTDOXY,CTDOXY_FLAG_W,CTDXMISS,CTDXMISS_FLAG_W,CTDFLUOR,CTDFLUOR_FLAG_W,PAR,PAR_FLAG_W
DBAR,,ITS-90,,PSS-78,,UMOL/KG,,,,MG/M^3,,UE/m^2/sec,
3.0,2,11.8738,2,32.1082,2,274.2,2,29.1,2,2.426,2,,2
4.0,2,11.8746,2,32.1083,2,274.6,2,29.2,2,2.383,2,,2
5.0,2,11.8734,2,32.1086,2,274.6,2,29.2,2,2.3930000000000002,2,,2
6.1,2,11.8734,2,32.1085,2,274.3,2,29.1,2,2.386,2,,2
6.9,2,11.8746,2,32.1085,2,274.1,2,29.1,2,2.401,2,,2
8.0,2,11.8759,2,32.1084,2,274.3,2,29.1,2,2.388,2,,2
9.0,2,11.8759,2,32.1086,2,274.2,2,29.2,2,2.415,2,,2
10.0,2,11.8754,2,32.1087,2,273.9,2,29.2,2,2.4459999999999997,2,,2
11.0,2,11.8752,2,32.1087,2,274.2,2,29.2,2,2.438,2,,2
12.0,2,11.8753,2,32.1087,2,274.1,2,29.2,2,2.452,2,,2
13.0,2,11.8756,2,32.1083,2,274.0,2,29.1,2,2.383,2,,2
14.0,2,11.8667,2,32.1099,2,272.5,2,29.2,2,2.3569999999999998,2,,2
15.0,2,11.844000000000001,2,32.1132,2,271.3,2,29.6,2,2.375,2,,2
16.0,2,11.6906,2,32.1328,2,269.0,2,30.4,2,2.3569999999999998,2,,2
17.0,2,11.5684,2,32.1391,2,263.6,2,32.5,2,2.327,2,,2
18.0,2,11.5041,2,32.1364,2,259.4,2,33.4,2,2.251,2,,2
19.0,2,11.196,2,32.1367,2,252.8,2,36.2,2,2.032,2,,2
20.0,2,10.8387,2,32.1465,2,240.3,2,40.4,2,1.758,2,,2
21.0,2,10.3717,2,32.1595,2,250.5,2,43.1,2,1.4369999999999998,2,,2
22.0,2,9.4948,2,32.2358,2,264.1,2,48.6,2,0.907,2,,2
23.0,2,9.2554,2,32.349000000000004,2,270.5,2,54.9,2,0.574,2,,2
24.0,2,9.2263,2,32.372,2,273.3,2,57.1,2,0.43,2,,2
25.0,2,9.2024,2,32.3899,2,273.7,2,58.0,2,0.32799999999999996,2,,2
26.0,2,9.1973,2,32.3933,2,273.0,2,58.2,2,0.266,2,,2
27.0,2,9.1769,2,32.3944,2,272.7,2,58.4,2,0.22399999999999998,2,,2
28.0,2,9.109,2,32.399,2,272.0,2,57.4,2,0.18899999999999997,2,,2
29.0,2,8.9779,2,32.408,2,272.0,2,58.8,2,0.166,2,,2
30.0,2,8.875,2,32.4149,2,272.2,2,59.2,2,0.145,2,,2
31.0,2,8.7936,2,32.4202,2,272.6,2,59.2,2,0.121,2,,2
32.0,2,8.7551,2,32.4234,2,273.0,2,59.4,2,0.11800000000000001,2,,2
33.0,2,8.712,2,32.4291,2,274.3,2,59.6,2,0.10400000000000001,2,,2
34.0,2,8.6943,2,32.4342,2,274.7,2,59.6,2,0.11199999999999999,2,,2
35.0,2,8.6601,2,32.4449,2,274.6,2,59.5,2,0.122,2,,2
36.0,2,8.5965,2,32.4521,2,274.0,2,59.6,2,0.12300000000000001,2,,2
37.0,2,8.4765,2,32.4545,2,273.7,2,59.7,2,0.12,2,,2
38.0,2,8.3856,2,32.4619,2,273.5,2,59.8,2,0.11699999999999999,2,,2
39.0,2,8.3218,2,32.4622,2,273.5,2,59.9,2,0.087,2,,2
40.0,2,8.2577,2,32.4719,2,273.8,2,60.0,2,0.08,2,,2
41.0,2,8.2017,2,32.4787,2,273.6,2,59.7,2,0.077,2,,2
42.0,2,8.1946,2,32.4794,2,273.5,2,60.0,2,0.078,2,,2
43.0,2,8.1643,2,32.4862,2,273.9,2,60.2,2,0.081,2,,2
44.0,2,8.1231,2,32.4956,2,274.0,2,60.3,2,0.077,2,,2
45.0,2,8.0912,2,32.5023,2,274.2,2,60.4,2,0.077,2,,2
46.0,2,8.0709,2,32.5058,2,274.4,2,60.4,2,0.068,2,,2
47.0,2,8.054,2,32.509,2,274.5,2,60.4,2,0.073,2,,2
48.0,2,8.027999999999999,2,32.5138,2,274.5,2,60.5,2,0.066,2,,2
49.0,2,8.0051,2,32.5178,2,274.6,2,60.4,2,0.068,2,,2
50.0,2,7.9762,2,32.5231,2,274.3,2,60.5,2,0.062,2,,2
51.0,2,7.9599,2,32.5259,2,273.4,2,60.5,2,0.068,2,,2
52.0,2,7.9525,2,32.5271,2,271.4,2,60.6,2,0.062,2,,2
53.0,2,7.9414,2,32.53,2,270.1,2,60.5,2,0.064,2,,2
54.0,2,7.9297,2,32.5354,2,268.4,2,60.4,2,0.065,2,,2
55.0,2,7.8712,2,32.5515,2,267.0,2,60.5,2,0.061,2,,2
56.0,2,7.8436,2,32.5611,2,265.9,2,60.5,2,0.066,2,,2
57.0,2,7.8208,2,32.5708,2,264.0,2,60.5,2,0.073,2,,2
58.0,2,7.8043,2,32.5784,2,261.2,2,60.6,2,0.061,2,,2
59.0,2,7.7665,2,32.5989,2,256.1,2,60.5,2,0.061,2,,2
60.0,2,7.7455,2,32.6104,2,251.9,2,60.6,2,0.067,2,,2
61.0,2,7.6778,2,32.6486,2,249.9,2,60.4,2,0.063,2,,2
62.0,2,7.6386,2,32.6683,2,248.2,2,60.5,2,0.054000000000000006,2,,2
63.0,2,7.624,2,32.6752,2,246.4,2,60.5,2,0.061,2,,2
64.0,2,7.5782,2,32.6996,2,244.7,2,60.4,2,0.062,2,,2
65.0,2,7.5411,2,32.722,2,241.2,2,60.6,2,0.055999999999999994,2,,2
66.0,2,7.5248,2,32.7331,2,236.5,2,60.6,2,0.055999999999999994,2,,2
67.0,2,7.4918,2,32.7644,2,232.8,2,60.5,2,0.064,2,,2
68.0,2,7.466,2,32.8118,2,229.3,2,60.5,2,0.069,2,,2
69.0,2,7.465,2,32.8314,2,225.5,2,60.5,2,0.061,2,,2
70.0,2,7.4644,2,32.8569,2,222.1,2,60.5,2,0.06,2,,2
71.0,2,7.4632,2,32.876,2,216.0,2,60.5,2,0.061,2,,2
72.0,2,7.4632,2,32.8914,2,210.9,2,60.5,2,0.061,2,,2
73.0,2,7.5,2,32.9824,2,208.6,2,60.3,2,0.061,2,,2
74.0,2,7.5232,2,33.0231,2,208.3,2,60.3,2,0.061,2,,2
75.0,2,7.5233,2,33.0259,2,208.6,2,60.3,2,0.063,2,,2
76.0,2,7.5269,2,33.0285,2,208.3,2,60.3,2,0.061,2,,2
77.0,2,7.5286,2,33.0302,2,208.1,2,60.4,2,0.066,2,,2
78.0,2,7.5274,2,33.0328,2,208.3,2,60.4,2,0.061,2,,2
79.0,2,7.5218,2,33.0397,2,208.5,2,60.4,2,0.061,2,,2
80.0,2,7.5002,2,33.0573,2,208.5,2,60.3,2,0.061,2,,2
81.0,2,7.4911,2,33.0627,2,209.1,2,60.4,2,0.061,2,,2
82.0,2,7.478,2,33.0689,2,211.9,2,60.4,2,0.061,2,,2
83.0,2,7.4369,2,33.0817,2,216.2,2,60.4,2,0.061,2,,2
84.0,2,7.3629999999999995,2,33.1028,2,219.0,2,60.6,2,0.061,2,,2
85.0,2,7.3013,2,33.1183,2,220.0,2,60.8,2,0.064,2,,2
86.0,2,7.273,2,33.124,2,220.2,2,60.6,2,0.062,2,,2
87.0,2,7.2585,2,33.1262,2,219.9,2,60.8,2,0.061,2,,2
88.0,2,7.2557,2,33.1292,2,218.4,2,60.8,2,0.061,2,,2
89.0,2,7.257000000000001,2,33.1313,2,213.4,2,60.8,2,0.062,2,,2
90.0,2,7.2588,2,33.1339,2,206.4,2,60.8,2,0.065,2,,2
91.0,2,7.2591,2,33.1574,2,200.4,2,60.8,2,0.069,2,,2
92.0,2,7.2728,2,33.2205,2,197.4,2,60.8,2,0.07,2,,2
93.1,2,7.3011,2,33.2934,2,195.8,2,60.7,2,0.067,2,,2
94.0,2,7.3019,2,33.306,2,194.5,2,60.8,2,0.065,2,,2
95.0,2,7.3028,2,33.3137,2,193.3,2,60.7,2,0.066,2,,2
96.0,2,7.3035,2,33.3231,2,193.1,2,60.8,2,0.061,2,,2
97.0,2,7.2778,2,33.3623,2,193.2,2,60.8,2,0.061,2,,2
98.0,2,7.2524,2,33.3847,2,194.1,2,60.7,2,0.059000000000000004,2,,2
99.0,2,7.2449,2,33.3897,2,195.6,2,60.8,2,0.065,2,,2
100.0,2,7.2154,2,33.4017,2,197.0,2,60.9,2,0.061,2,,2
101.0,2,7.1944,2,33.407,2,197.6,2,60.8,2,0.061,2,,2
102.0,2,7.1517,2,33.4211,2,197.4,2,60.9,2,0.061,2,,2
103.0,2,7.1455,2,33.435,2,196.8,2,60.9,2,0.059000000000000004,2,,2
104.0,2,7.1306,2,33.4556,2,195.8,2,60.9,2,0.055999999999999994,2,,2
105.0,2,7.1313,2,33.4609,2,194.1,2,60.9,2,0.057,2,,2
106.0,2,7.1263,2,33.4828,2,192.8,2,61.0,2,0.052000000000000005,2,,2
107.0,2,7.1263,2,33.504,2,190.6,2,61.0,2,0.049,2,,2
108.0,2,7.1312,2,33.5103,2,185.7,2,61.0,2,0.049,2,,2
109.0,2,7.1492,2,33.5451,2,181.9,2,61.0,2,0.054000000000000006,2,,2
110.0,2,7.1613,2,33.5749,2,180.4,2,61.0,2,0.049,2,,2
111.0,2,7.1637,2,33.5905,2,179.4,2,61.0,2,0.049,2,,2
112.0,2,7.1669,2,33.5995,2,178.8,2,60.8,2,0.049,2,,2
113.0,2,7.1691,2,33.6027,2,178.4,2,60.9,2,0.049,2,,2
114.0,2,7.1699,2,33.6045,2,177.6,2,60.9,2,0.049,2,,2
115.0,2,7.1717,2,33.6095,2,177.0,2,60.9,2,0.049,2,,2
116.0,2,7.1705,2,33.6213,2,176.3,2,60.9,2,0.049,2,,2
116.9,2,7.1638,2,33.6311,2,175.3,2,60.8,2,0.049,2,,2
118.0,2,7.155,2,33.6416,2,174.6,2,60.8,2,0.049,2,,2
119.0,2,7.1458,2,33.6509,2,174.4,2,60.9,2,0.049,2,,2
120.0,2,7.1402,2,33.6564,2,174.2,2,61.0,2,0.049,2,,2
121.0,2,7.1381,2,33.6586,2,174.1,2,60.9,2,0.049,2,,2
122.0,2,7.1351,2,33.6608,2,173.9,2,60.9,2,0.05,2,,2
123.1,2,7.1268,2,33.667,2,173.4,2,60.9,2,0.049,2,,2
124.0,2,7.1209,2,33.6714,2,172.7,2,60.9,2,0.049,2,,2
125.0,2,7.1175,2,33.6748,2,171.0,2,60.9,2,0.049,2,,2
126.0,2,7.1126,2,33.6792,2,167.7,2,60.8,2,0.049,2,,2
127.0,2,7.0998,2,33.6985,2,164.1,2,61.0,2,0.049,2,,2
128.0,2,7.0978,2,33.7195,2,161.9,2,61.0,2,0.049,2,,2
129.0,2,7.1066,2,33.7366,2,160.9,2,61.0,2,0.049,2,,2
130.0,2,7.1105,2,33.7428,2,160.4,2,60.9,2,0.049,2,,2
131.0,2,7.1121,2,33.7462,2,159.9,2,60.9,2,0.049,2,,2
132.0,2,7.1133,2,33.7479,2,158.7,2,60.9,2,0.049,2,,2
133.0,2,7.1136,2,33.7517,2,156.8,2,60.9,2,0.049,2,,2
134.0,2,7.1121,2,33.7585,2,156.4,2,60.8,2,0.049,2,,2
135.0,2,7.1107,2,33.7681,2,156.3,2,60.8,2,0.049,2,,2
136.0,2,7.1081,2,33.7703,2,154.7,2,60.9,2,0.049,2,,2
136.9,2,7.1075,2,33.7713,2,153.2,2,60.9,2,0.049,2,,2
138.0,2,7.1076,2,33.7734,2,151.8,2,60.8,2,0.049,2,,2
139.0,2,7.108,2,33.7743,2,151.0,2,60.9,2,0.049,2,,2
140.0,2,7.1079,2,33.7752,2,150.4,2,60.8,2,0.049,2,,2
141.0,2,7.1057,2,33.7856,2,150.2,2,60.8,2,0.049,2,,2
142.0,2,7.0947,2,33.7912,2,149.9,2,60.8,2,0.049,2,,2
143.0,2,7.0846,2,33.7932,2,149.3,2,60.8,2,0.078,2,,2
144.0,2,7.0816,2,33.7947,2,147.6,2,60.8,2,0.063,2,,2
145.0,2,7.0842,2,33.7981,2,144.3,2,60.8,2,0.049,2,,2
146.0,2,7.0888,2,33.8069,2,142.3,2,60.7,2,0.049,2,,2
147.0,2,7.0841,2,33.8168,2,140.7,2,60.6,2,0.049,2,,2
148.0,2,7.0656,2,33.8252,2,139.9,2,60.7,2,0.049,2,,2
149.0,2,7.0275,2,33.8344,2,139.6,2,60.6,2,0.049,2,,2
150.0,2,7.0184,2,33.8373,2,139.6,2,60.6,2,0.049,2,,2
151.0,2,7.0132,2,33.8375,2,139.6,2,60.6,2,0.049,2,,2
152.0,2,7.002999999999999,2,33.8385,2,139.6,2,60.6,2,0.049,2,,2
153.0,2,6.9832,2,33.8412,2,139.5,2,60.6,2,0.049,2,,2
154.0,2,6.9707,2,33.8432,2,139.2,2,60.7,2,0.049,2,,2
155.0,2,6.9683,2,33.8435,2,138.6,2,60.8,2,0.049,2,,2
156.0,2,6.9533,2,33.8457,2,137.6,2,60.7,2,0.049,2,,2
157.0,2,6.9432,2,33.8473,2,136.6,2,60.7,2,0.049,2,,2
158.0,2,6.9108,2,33.8544,2,136.3,2,60.7,2,0.052000000000000005,2,,2
159.0,2,6.9015,2,33.8558,2,136.2,2,60.7,2,0.049,2,,2
160.0,2,6.8965,2,33.8566,2,136.1,2,60.8,2,0.049,2,,2
161.0,2,6.8955,2,33.8568,2,135.4,2,60.8,2,0.049,2,,2
162.0,2,6.8958,2,33.8568,2,134.0,2,60.8,2,0.049,2,,2
163.0,2,6.8916,2,33.8581,2,132.5,2,60.8,2,0.049,2,,2
164.0,2,6.8737,2,33.8629,2,130.8,2,60.8,2,0.049,2,,2
165.0,2,6.8674,2,33.8641,2,129.5,2,60.8,2,0.049,2,,2
166.1,2,6.8525,2,33.8685,2,128.9,2,60.6,2,0.049,2,,2
167.0,2,6.8456,2,33.8698,2,128.5,2,60.6,2,0.049,2,,2
168.0,2,6.8391,2,33.8706,2,127.5,2,60.7,2,0.049,2,,2
169.0,2,6.827000000000001,2,33.8727,2,126.9,2,60.6,2,0.049,2,,2
170.0,2,6.8229999999999995,2,33.8736,2,126.6,2,60.6,2,0.049,2,,2
171.0,2,6.8119,2,33.8756,2,126.2,2,60.6,2,0.049,2,,2
172.0,2,6.8076,2,33.8762,2,125.9,2,60.6,2,0.049,2,,2
173.0,2,6.8055,2,33.8766,2,125.6,2,60.6,2,0.049,2,,2
174.0,2,6.8022,2,33.8771,2,125.5,2,60.6,2,0.049,2,,2
175.0,2,6.8006,2,33.8774,2,125.5,2,60.5,2,0.049,2,,2
176.0,2,6.7986,2,33.8777,2,125.4,2,60.5,2,0.049,2,,2
177.1,2,6.7966,2,33.878,2,124.6,2,60.6,2,0.049,2,,2
178.0,2,6.7914,2,33.8789,2,123.4,2,60.6,2,0.049,2,,2
179.0,2,6.7806,2,33.8807,2,123.0,2,60.5,2,0.049,2,,2
180.0,2,6.7751,2,33.8813,2,122.9,2,60.6,2,0.049,2,,2
181.0,2,6.7701,2,33.882,2,122.8,2,60.5,2,0.049,2,,2
182.1,2,6.7622,2,33.8831,2,122.3,2,60.5,2,0.049,2,,2
183.0,2,6.7567,2,33.8837,2,122.1,2,60.6,2,0.049,2,,2
184.0,2,6.7419,2,33.8855,2,122.1,2,60.6,2,0.049,2,,2
185.0,2,6.7311,2,33.8865,2,121.9,2,60.6,2,0.049,2,,2
186.0,2,6.7256,2,33.887,2,121.4,2,60.6,2,0.049,2,,2
187.0,2,6.7136,2,33.888000000000005,2,120.9,2,60.5,2,0.049,2,,2
188.0,2,6.6968,2,33.8902,2,120.6,2,60.6,2,0.049,2,,2
189.0,2,6.6869,2,33.8912,2,119.9,2,60.6,2,0.049,2,,2
190.0,2,6.6747,2,33.8923,2,118.5,2,60.6,2,0.049,2,,2
191.0,2,6.6559,2,33.8941,2,117.6,2,60.6,2,0.049,2,,2
192.0,2,6.6401,2,33.8957,2,117.1,2,60.4,2,0.049,2,,2
193.0,2,6.6313,2,33.8966,2,116.7,2,60.5,2,0.049,2,,2
194.0,2,6.6274,2,33.8969,2,116.5,2,60.5,2,0.049,2,,2
195.0,2,6.6249,2,33.897,2,116.0,2,60.6,2,0.049,2,,2
196.0,2,6.6212,2,33.8974,2,115.1,2,60.6,2,0.049,2,,2
197.0,2,6.6126,2,33.8981,2,114.3,2,60.5,2,0.049,2,,2
198.0,2,6.5857,2,33.9006,2,113.7,2,60.5,2,0.049,2,,2
199.0,2,6.5543,2,33.9037,2,112.9,2,60.5,2,0.049,2,,2
200.0,2,6.5403,2,33.9051,2,111.8,2,60.6,2,0.049,2,,2
201.0,2,6.5217,2,33.9068,2,110.2,2,60.6,2,0.049,2,,2
202.0,2,6.5022,2,33.9082,2,109.6,2,60.5,2,0.049,2,,2
203.0,2,6.479,2,33.9105,2,109.5,2,60.6,2,0.049,2,,2
204.0,2,6.4748,2,33.9107,2,109.5,2,60.6,2,0.049,2,,2
205.0,2,6.4746,2,33.9105,2,109.2,2,60.5,2,0.049,2,,2
206.0,2,6.4739,2,33.9104,2,108.8,2,60.6,2,0.049,2,,2
207.0,2,6.4691,2,33.911,2,108.2,2,60.6,2,0.049,2,,2
208.0,2,6.4621,2,33.9119,2,107.8,2,60.6,2,0.049,2,,2
209.0,2,6.4554,2,33.9128,2,107.7,2,60.6,2,0.049,2,,2
210.0,2,6.4517,2,33.9131,2,107.4,2,60.6,2,0.049,2,,2
211.0,2,6.4483,2,33.9136,2,106.3,2,60.5,2,0.049,2,,2
212.0,2,6.4397,2,33.9147,2,104.4,2,60.6,2,0.049,2,,2
213.0,2,6.4263,2,33.9168,2,102.9,2,60.6,2,0.049,2,,2
214.0,2,6.4033,2,33.9204,2,102.2,2,60.6,2,0.049,2,,2
215.0,2,6.3921,2,33.9223,2,101.8,2,60.7,2,0.049,2,,2
216.0,2,6.3823,2,33.9235,2,101.2,2,60.6,2,0.049,2,,2
217.0,2,6.3775,2,33.9237,2,100.5,2,60.7,2,0.049,2,,2
218.0,2,6.3703,2,33.925,2,99.8,2,60.7,2,0.049,2,,2
219.0,2,6.3606,2,33.9266,2,99.1,2,60.7,2,0.049,2,,2
220.0,2,6.3547,2,33.9275,2,98.8,2,60.7,2,0.049,2,,2
221.0,2,6.3526,2,33.9276,2,98.4,2,60.7,2,0.049,2,,2
222.0,2,6.3499,2,33.928000000000004,2,98.0,2,60.7,2,0.049,2,,2
223.0,2,6.3452,2,33.9288,2,97.7,2,60.7,2,0.049,2,,2
224.0,2,6.341,2,33.9296,2,97.2,2,60.7,2,0.049,2,,2
225.0,2,6.3378,2,33.93,2,96.6,2,60.7,2,0.049,2,,2
226.0,2,6.3341,2,33.9306,2,95.9,2,60.7,2,0.049,2,,2
227.0,2,6.3291,2,33.9313,2,95.4,2,60.7,2,0.049,2,,2
228.0,2,6.3182,2,33.933,2,95.2,2,60.7,2,0.049,2,,2
229.1,2,6.3115,2,33.9338,2,94.9,2,60.8,2,0.049,2,,2
230.0,2,6.3087,2,33.934,2,94.2,2,60.8,2,0.049,2,,2
231.0,2,6.2987,2,33.9351,2,93.4,2,60.7,2,0.049,2,,2
232.0,2,6.2807,2,33.9371,2,93.1,2,60.8,2,0.049,2,,2
233.0,2,6.2752,2,33.9374,2,92.4,2,60.8,2,0.049,2,,2
234.0,2,6.2663,2,33.9383,2,91.8,2,60.8,2,0.049,2,,2
235.0,2,6.2604,2,33.9387,2,91.4,2,60.8,2,0.049,2,,2
236.0,2,6.2408,2,33.9409,2,91.1,2,60.8,2,0.049,2,,2
237.0,2,6.2346,2,33.9413,2,90.8,2,60.8,2,0.049,2,,2
238.0,2,6.2311,2,33.9416,2,90.5,2,60.8,2,0.049,2,,2
239.0,2,6.229,2,33.9419,2,89.9,2,60.8,2,0.049,2,,2
240.0,2,6.2252,2,33.9425,2,88.9,2,60.8,2,0.049,2,,2
241.0,2,6.2139999999999995,2,33.9443,2,87.8,2,60.7,2,0.049,2,,2
242.0,2,6.1985,2,33.9469,2,87.3,2,60.8,2,0.049,2,,2
243.0,2,6.1924,2,33.9478,2,87.1,2,60.9,2,0.049,2,,2
244.0,2,6.1916,2,33.9476,2,87.1,2,60.8,2,0.049,2,,2
245.0,2,6.1914,2,33.9476,2,87.1,2,60.8,2,0.049,2,,2
246.0,2,6.1906,2,33.9476,2,87.2,2,60.8,2,0.049,2,,2
247.0,2,6.1905,2,33.9476,2,87.1,2,60.8,2,0.049,2,,2
248.1,2,6.1885,2,33.9481,2,85.2,2,60.8,2,0.049,2,,2
249.0,2,6.1803,2,33.9493,2,84.0,2,60.8,2,0.049,2,,2
250.0,2,6.1689,2,33.9514,2,83.0,2,60.9,2,0.049,2,,2
251.0,2,6.1549,2,33.9542,2,82.4,2,60.9,2,0.049,2,,2
252.0,2,6.1433,2,33.9566,2,82.1,2,60.9,2,0.049,2,,2
253.0,2,6.1351,2,33.9573,2,81.8,2,60.9,2,0.049,2,,2
254.0,2,6.1317,2,33.9577,2,81.7,2,60.9,2,0.049,2,,2
255.0,2,6.1306,2,33.9579,2,81.4,2,61.0,2,0.049,2,,2
256.0,2,6.1306,2,33.9577,2,81.0,2,60.9,2,0.049,2,,2
257.0,2,6.1273,2,33.9586,2,80.9,2,60.9,2,0.049,2,,2
258.0,2,6.1245,2,33.9592,2,80.8,2,60.9,2,0.049,2,,2
259.0,2,6.1265,2,33.9589,2,80.0,2,60.9,2,0.052000000000000005,2,,2
260.0,2,6.1217,2,33.9598,2,79.3,2,60.9,2,0.049,2,,2
261.0,2,6.1078,2,33.9612,2,78.9,2,61.0,2,0.049,2,,2
262.0,2,6.0941,2,33.9627,2,78.7,2,60.9,2,0.049,2,,2
263.0,2,6.087999999999999,2,33.963,2,78.1,2,60.9,2,0.049,2,,2
264.0,2,6.0846,2,33.9642,2,76.7,2,60.9,2,0.049,2,,2
265.0,2,6.0826,2,33.9658,2,75.8,2,60.7,2,0.049,2,,2
266.0,2,6.0781,2,33.9679,2,75.5,2,61.0,2,0.049,2,,2
267.0,2,6.0688,2,33.9698,2,75.4,2,61.0,2,0.049,2,,2
268.0,2,6.0628,2,33.9702,2,75.1,2,61.0,2,0.049,2,,2
269.0,2,6.0602,2,33.9701,2,73.8,2,61.0,2,0.049,2,,2
270.0,2,6.0407,2,33.9732,2,72.7,2,61.0,2,0.049,2,,2
271.0,2,6.0341,2,33.974000000000004,2,72.2,2,61.0,2,0.049,2,,2
272.0,2,6.0297,2,33.9745,2,71.8,2,61.0,2,0.049,2,,2
273.0,2,6.0215,2,33.9763,2,71.5,2,61.0,2,0.049,2,,2
274.0,2,6.0174,2,33.9767,2,71.3,2,61.0,2,0.049,2,,2
275.0,2,6.0111,2,33.9776,2,71.0,2,61.0,2,0.049,2,,2
276.0,2,6.0051,2,33.978,2,70.5,2,61.0,2,0.049,2,,2
277.0,2,6.0007,2,33.9787,2,70.1,2,61.0,2,0.049,2,,2
278.0,2,5.9973,2,33.9793,2,69.6,2,61.0,2,0.049,2,,2
279.0,2,5.9928,2,33.9802,2,69.5,2,61.0,2,0.057999999999999996,2,,2
280.0,2,5.987,2,33.9809,2,69.3,2,61.0,2,0.049,2,,2
281.0,2,5.9741,2,33.9812,2,69.0,2,61.0,2,0.049,2,,2
282.0,2,5.9729,2,33.9813,2,68.6,2,61.0,2,0.049,2,,2
283.0,2,5.9688,2,33.9818,2,68.0,2,61.0,2,0.049,2,,2
284.0,2,5.9647,2,33.983000000000004,2,67.7,2,61.0,2,0.049,2,,2
285.0,2,5.9599,2,33.9841,2,67.6,2,61.0,2,0.049,2,,2
286.0,2,5.9561,2,33.9845,2,67.4,2,61.0,2,0.049,2,,2
287.0,2,5.952000000000001,2,33.9847,2,67.1,2,61.0,2,0.049,2,,2
288.0,2,5.9505,2,33.9848,2,66.5,2,61.0,2,0.049,2,,2
289.0,2,5.9416,2,33.986,2,66.1,2,61.1,2,0.049,2,,2
290.0,2,5.9349,2,33.9871,2,65.8,2,61.0,2,0.049,2,,2
291.0,2,5.9298,2,33.9877,2,65.7,2,61.0,2,0.049,2,,2
292.0,2,5.9266,2,33.988,2,65.6,2,61.0,2,0.049,2,,2
293.0,2,5.9233,2,33.9881,2,65.5,2,61.1,2,0.049,2,,2
294.0,2,5.9191,2,33.9886,2,65.6,2,61.0,2,0.049,2,,2
295.0,2,5.9178,2,33.9886,2,65.2,2,61.0,2,0.049,2,,2
296.1,2,5.9139,2,33.9892,2,64.4,2,61.0,2,0.049,2,,2
296.9,2,5.9001,2,33.9908,2,63.8,2,61.0,2,0.049,2,,2
298.0,2,5.8943,2,33.9915,2,63.4,2,61.0,2,0.049,2,,2
299.0,2,5.8905,2,33.9919,2,63.2,2,61.0,2,0.049,2,,2
300.0,2,5.8814,2,33.9928,2,63.0,2,61.0,2,0.049,2,,2
301.0,2,5.8763,2,33.9932,2,62.8,2,61.0,2,0.049,2,,2
302.0,2,5.8669,2,33.9944,2,62.5,2,61.1,2,0.051,2,,2
303.0,2,5.8632,2,33.995,2,62.2,2,61.0,2,0.049,2,,2
304.0,2,5.8614,2,33.9952,2,61.6,2,61.1,2,0.049,2,,2
305.0,2,5.8523,2,33.9966,2,61.3,2,61.1,2,0.049,2,,2
306.0,2,5.8443,2,33.9979,2,61.0,2,61.1,2,0.049,2,,2
307.0,2,5.8398,2,33.9986,2,60.7,2,61.1,2,0.049,2,,2
308.0,2,5.8373,2,33.999,2,60.4,2,61.0,2,0.049,2,,2
309.0,2,5.834,2,33.9994,2,60.1,2,61.0,2,0.049,2,,2
310.0,2,5.8259,2,34.0004,2,59.7,2,61.1,2,0.049,2,,2
311.0,2,5.816,2,34.0015,2,59.5,2,61.1,2,0.049,2,,2
312.0,2,5.8138,2,34.0017,2,59.4,2,61.1,2,0.049,2,,2
313.0,2,5.8101,2,34.0022,2,59.3,2,61.0,2,0.049,2,,2
314.0,2,5.8048,2,34.0025,2,59.1,2,61.1,2,0.049,2,,2
315.0,2,5.7984,2,34.0028,2,58.8,2,60.9,2,0.049,2,,2
316.0,2,5.7904,2,34.0027,2,58.7,2,61.0,2,0.049,2,,2
317.0,2,5.7815,2,34.0036,2,58.4,2,61.0,2,0.049,2,,2
318.0,2,5.7699,2,34.0044,2,58.1,2,61.0,2,0.049,2,,2
319.0,2,5.7641,2,34.0049,2,57.9,2,61.1,2,0.049,2,,2
320.0,2,5.7636,2,34.005,2,57.8,2,61.0,2,0.049,2,,2
321.0,2,5.7629,2,34.0052,2,57.7,2,61.0,2,0.049,2,,2
322.0,2,5.7626,2,34.0054,2,57.7,2,61.0,2,0.049,2,,2
323.0,2,5.7627,2,34.0055,2,57.7,2,61.1,2,0.049,2,,2
324.0,2,5.763,2,34.0055,2,57.6,2,61.0,2,0.049,2,,2
325.0,2,5.7619,2,34.0056,2,57.1,2,61.1,2,0.049,2,,2
326.0,2,5.7586,2,34.0064,2,56.9,2,61.0,2,0.049,2,,2
327.0,2,5.7567,2,34.0079,2,56.7,2,61.1,2,0.049,2,,2
328.0,2,5.7519,2,34.0083,2,56.6,2,61.0,2,0.049,2,,2
329.0,2,5.7468,2,34.0087,2,56.3,2,61.0,2,0.049,2,,2
330.0,2,5.7442,2,34.0088,2,56.3,2,61.0,2,0.049,2,,2
331.0,2,5.7408,2,34.0089,2,56.2,2,61.1,2,0.049,2,,2
332.0,2,5.7344,2,34.0093,2,56.0,2,61.1,2,0.049,2,,2
333.0,2,5.7292,2,34.0095,2,55.9,2,61.1,2,0.049,2,,2
334.0,2,5.7254,2,34.0097,2,55.7,2,61.1,2,0.049,2,,2
335.0,2,5.7247,2,34.0098,2,55.5,2,61.1,2,0.049,2,,2
336.0,2,5.7241,2,34.010999999999996,2,55.0,2,61.1,2,0.049,2,,2
337.0,2,5.7236,2,34.0123,2,54.6,2,61.0,2,0.049,2,,2
338.0,2,5.7184,2,34.0144,2,54.5,2,61.1,2,0.049,2,,2
339.0,2,5.715,2,34.0142,2,54.5,2,61.2,2,0.049,2,,2
340.0,2,5.7099,2,34.014,2,54.6,2,61.2,2,0.049,2,,2
341.0,2,5.7053,2,34.0139,2,54.4,2,61.1,2,0.049,2,,2
342.0,2,5.6945,2,34.0135,2,54.4,2,61.1,2,0.049,2,,2
343.0,2,5.6849,2,34.0131,2,54.2,2,61.1,2,0.049,2,,2
344.0,2,5.6631,2,34.0129,2,54.0,2,61.1,2,0.049,2,,2
345.0,2,5.6491,2,34.0141,2,53.8,2,61.1,2,0.049,2,,2
346.0,2,5.6443,2,34.0148,2,53.4,2,61.1,2,0.049,2,,2
347.0,2,5.6421,2,34.0159,2,53.0,2,61.1,2,0.049,2,,2
348.0,2,5.6421,2,34.0167,2,52.3,2,61.2,2,0.049,2,,2
349.0,2,5.6382,2,34.0181,2,51.9,2,61.1,2,0.049,2,,2
350.0,2,5.622999999999999,2,34.0198,2,51.7,2,61.2,2,0.049,2,,2
351.0,2,5.6166,2,34.0209,2,51.5,2,61.0,2,0.049,2,,2
352.0,2,5.6161,2,34.0211,2,51.4,2,61.2,2,0.049,2,,2
353.0,2,5.6151,2,34.0215,2,51.4,2,61.1,2,0.049,2,,2
354.0,2,5.6147,2,34.0216,2,51.3,2,61.1,2,0.049,2,,2
355.0,2,5.6142,2,34.0216,2,51.0,2,61.2,2,0.049,2,,2
356.0,2,5.6126,2,34.0219,2,50.3,2,61.2,2,0.049,2,,2
357.0,2,5.5991,2,34.0233,2,49.7,2,61.2,2,0.049,2,,2
358.0,2,5.5773,2,34.0269,2,49.5,2,61.2,2,0.049,2,,2
359.0,2,5.5755,2,34.0281,2,49.2,2,61.2,2,0.049,2,,2
360.0,2,5.5747,2,34.0287,2,49.0,2,61.2,2,0.049,2,,2
361.0,2,5.5684,2,34.0293,2,48.6,2,61.2,2,0.049,2,,2
362.0,2,5.5552,2,34.0299,2,48.2,2,61.2,2,0.049,2,,2
363.0,2,5.5414,2,34.0319,2,48.0,2,61.2,2,0.049,2,,2
364.0,2,5.5386,2,34.0323,2,47.7,2,61.2,2,0.049,2,,2
365.0,2,5.537000000000001,2,34.0325,2,47.6,2,61.3,2,0.049,2,,2
366.0,2,5.5324,2,34.0336,2,47.6,2,61.3,2,0.049,2,,2
367.0,2,5.5315,2,34.0339,2,47.3,2,61.3,2,0.049,2,,2
368.0,2,5.531000000000001,2,34.0341,2,46.6,2,61.3,2,0.049,2,,2
369.0,2,5.5251,2,34.0374,2,46.0,2,61.3,2,0.049,2,,2
370.0,2,5.5195,2,34.0391,2,45.7,2,61.3,2,0.049,2,,2
371.0,2,5.515,2,34.0402,2,45.3,2,61.3,2,0.049,2,,2
372.0,2,5.5117,2,34.0413,2,45.2,2,61.2,2,0.049,2,,2
373.0,2,5.5105,2,34.042,2,45.0,2,61.3,2,0.049,2,,2
374.0,2,5.5101,2,34.0425,2,45.0,2,61.3,2,0.049,2,,2
375.0,2,5.5102,2,34.0425,2,44.7,2,61.3,2,0.049,2,,2
376.0,2,5.5092,2,34.0432,2,44.3,2,61.3,2,0.049,2,,2
377.1,2,5.5019,2,34.045,2,43.8,2,61.3,2,0.049,2,,2
378.0,2,5.4833,2,34.0479,2,43.5,2,61.3,2,0.049,2,,2
379.0,2,5.4754,2,34.0488,2,43.1,2,61.3,2,0.049,2,,2
380.0,2,5.4726,2,34.0492,2,43.2,2,61.3,2,0.049,2,,2
381.0,2,5.4712,2,34.0494,2,43.0,2,61.2,2,0.049,2,,2
382.0,2,5.4689,2,34.0498,2,42.7,2,61.3,2,0.049,2,,2
383.0,2,5.4655,2,34.0502,2,42.5,2,61.3,2,0.049,2,,2
384.0,2,5.4482,2,34.0516,2,42.4,2,61.4,2,0.049,2,,2
385.0,2,5.4392,2,34.0521,2,42.3,2,61.4,2,0.049,2,,2
386.0,2,5.4294,2,34.0526,2,42.1,2,61.4,2,0.049,2,,2
387.0,2,5.4267,2,34.0524,2,41.6,2,61.4,2,0.049,2,,2
388.0,2,5.4194,2,34.0536,2,40.9,2,61.4,2,0.049,2,,2
389.0,2,5.4045,2,34.0566,2,40.5,2,61.4,2,0.049,2,,2
390.0,2,5.3956,2,34.0585,2,40.4,2,61.4,2,0.049,2,,2
391.0,2,5.3921,2,34.0599,2,40.0,2,61.2,2,0.049,2,,2
392.0,2,5.3892,2,34.0615,2,39.7,2,61.4,2,0.049,2,,2
393.0,2,5.3852,2,34.0625,2,39.5,2,61.5,2,0.049,2,,2
394.0,2,5.3793,2,34.0638,2,39.2,2,61.4,2,0.049,2,,2
395.0,2,5.364,2,34.0646,2,39.1,2,61.4,2,0.049,2,,2
396.0,2,5.3553,2,34.0646,2,38.8,2,61.4,2,0.049,2,,2
397.0,2,5.3489,2,34.0652,2,38.6,2,61.4,2,0.049,2,,2
398.0,2,5.3455,2,34.066,2,38.4,2,61.3,2,0.049,2,,2
399.0,2,5.3413,2,34.067,2,38.2,2,61.4,2,0.049,2,,2
400.0,2,5.3357,2,34.0678,2,38.1,2,61.4,2,0.049,2,,2
401.0,2,5.3322,2,34.0682,2,38.0,2,61.4,2,0.049,2,,2
402.0,2,5.3285,2,34.0689,2,37.8,2,61.4,2,0.049,2,,2
403.0,2,5.325,2,34.0694,2,37.7,2,61.4,2,0.049,2,,2
404.0,2,5.321000000000001,2,34.0699,2,37.6,2,61.3,2,0.049,2,,2
405.0,2,5.3191,2,34.0701,2,37.6,2,61.4,2,0.049,2,,2
406.0,2,5.3181,2,34.0702,2,37.4,2,61.4,2,0.049,2,,2
407.0,2,5.3128,2,34.0707,2,37.4,2,61.5,2,0.049,2,,2
408.0,2,5.3021,2,34.0715,2,37.3,2,61.5,2,0.049,2,,2
409.0,2,5.2848,2,34.0714,2,37.1,2,61.5,2,0.049,2,,2
410.0,2,5.2779,2,34.0714,2,37.0,2,61.6,2,0.049,2,,2
411.0,2,5.2756,2,34.0714,2,37.0,2,61.5,2,0.049,2,,2
412.0,2,5.2748,2,34.0717,2,36.9,2,61.5,2,0.049,2,,2
413.0,2,5.2708,2,34.071999999999996,2,36.8,2,61.5,2,0.049,2,,2
414.0,2,5.2702,2,34.0726,2,36.4,2,61.6,2,0.049,2,,2
415.0,2,5.2701,2,34.0731,2,36.4,2,61.5,2,0.049,2,,2
416.0,2,5.2599,2,34.0752,2,36.2,2,61.5,2,0.049,2,,2
417.0,2,5.252000000000001,2,34.0752,2,36.0,2,61.6,2,0.049,2,,2
418.1,2,5.252999999999999,2,34.0762,2,36.0,2,61.6,2,0.049,2,,2
418.9,2,5.2257,2,34.0753,2,35.6,2,61.5,2,0.049,2,,2
420.0,2,5.1989,2,34.0756,2,35.4,2,61.6,2,0.049,2,,2
421.0,2,5.1966,2,34.077,2,35.3,2,61.6,2,0.049,2,,2
422.0,2,5.196000000000001,2,34.0781,2,35.1,2,61.6,2,0.049,2,,2
423.1,2,5.1884,2,34.0783,2,35.3,2,61.6,2,0.049,2,,2
424.0,2,5.1802,2,34.0777,2,35.2,2,61.6,2,0.049,2,,2
425.0,2,5.1726,2,34.0769,2,35.0,2,61.6,2,0.049,2,,2
426.0,2,5.1656,2,34.078,2,35.0,2,61.6,2,0.049,2,,2
427.0,2,5.1536,2,34.0784,2,35.0,2,61.6,2,0.049,2,,2
428.0,2,5.1346,2,34.0773,2,34.9,2,61.5,2,0.049,2,,2
429.0,2,5.1312,2,34.0773,2,34.6,2,61.6,2,0.049,2,,2
430.0,2,5.12,2,34.0786,2,34.2,2,61.6,2,0.049,2,,2
431.0,2,5.1027,2,34.0809,2,33.9,2,61.6,2,0.049,2,,2
432.0,2,5.0956,2,34.0812,2,33.7,2,61.6,2,0.049,2,,2
433.0,2,5.0845,2,34.0811,2,33.5,2,61.6,2,0.049,2,,2
434.0,2,5.0691,2,34.0831,2,33.3,2,61.7,2,0.049,2,,2
435.0,2,5.0687,2,34.0835,2,33.3,2,61.6,2,0.049,2,,2
436.0,2,5.0689,2,34.0837,2,33.1,2,61.7,2,0.049,2,,2
437.0,2,5.0676,2,34.0846,2,33.0,2,61.7,2,0.049,2,,2
438.0,2,5.0668,2,34.0854,2,32.8,2,61.7,2,0.049,2,,2
439.0,2,5.0652,2,34.0864,2,32.7,2,61.6,2,0.049,2,,2
440.0,2,5.0595,2,34.0868,2,32.3,2,61.7,2,0.049,2,,2
441.0,2,5.0601,2,34.0881,2,31.8,2,61.7,2,0.049,2,,2
442.0,2,5.0586,2,34.0889,2,31.3,2,61.7,2,0.049,2,,2
443.0,2,5.0564,2,34.0911,2,31.1,2,61.7,2,0.049,2,,2
444.0,2,5.0493,2,34.0956,2,31.0,2,61.7,2,0.049,2,,2
445.1,2,5.0377,2,34.0982,2,30.6,2,61.7,2,0.049,2,,2
446.0,2,5.0283,2,34.0989,2,30.3,2,61.7,2,0.049,2,,2
447.0,2,5.0215,2,34.0995,2,29.9,2,61.7,2,0.049,2,,2
448.0,2,5.0202,2,34.1001,2,30.0,2,61.7,2,0.049,2,,2
449.0,2,5.02,2,34.1004,2,30.0,2,61.7,2,0.049,2,,2
450.0,2,5.0202,2,34.1004,2,29.9,2,61.7,2,0.049,2,,2
451.0,2,5.0196,2,34.1006,2,29.6,2,61.5,2,0.049,2,,2
452.0,2,5.0163,2,34.1016,2,29.1,2,61.7,2,0.049,2,,2
453.0,2,4.9846,2,34.1049,2,28.7,2,61.8,2,0.049,2,,2
454.0,2,4.9736,2,34.1061,2,28.4,2,61.8,2,0.049,2,,2
455.0,2,4.9679,2,34.1075,2,28.3,2,61.7,2,0.049,2,,2
456.0,2,4.957,2,34.1092,2,28.5,2,61.7,2,0.049,2,,2
457.0,2,4.9538,2,34.1093,2,28.4,2,61.7,2,0.049,2,,2
458.0,2,4.9525,2,34.1092,2,28.0,2,61.8,2,0.049,2,,2
458.9,2,4.9483,2,34.1096,2,27.5,2,61.8,2,0.049,2,,2
460.0,2,4.9363,2,34.1123,2,27.4,2,61.8,2,0.049,2,,2
461.0,2,4.9294,2,34.1137,2,27.4,2,61.8,2,0.049,2,,2
462.0,2,4.914,2,34.1136,2,27.4,2,61.7,2,0.049,2,,2
463.0,2,4.9039,2,34.1131,2,27.5,2,61.8,2,0.049,2,,2
464.0,2,4.9022,2,34.1128,2,27.6,2,61.8,2,0.049,2,,2
465.0,2,4.8959,2,34.1122,2,27.6,2,61.8,2,0.049,2,,2
466.0,2,4.8919,2,34.1119,2,27.6,2,61.7,2,0.049,2,,2
467.0,2,4.8908,2,34.1115,2,27.7,2,61.8,2,0.049,2,,2
468.0,2,4.8837,2,34.111,2,27.7,2,61.8,2,0.049,2,,2
469.0,2,4.8732,2,34.1104,2,27.8,2,61.8,2,0.049,2,,2
470.0,2,4.8691,2,34.11,2,27.8,2,61.7,2,0.049,2,,2
471.0,2,4.863,2,34.1097,2,27.8,2,61.8,2,0.049,2,,2
472.0,2,4.8603,2,34.1096,2,27.8,2,61.7,2,0.049,2,,2
473.0,2,4.8595,2,34.1095,2,27.7,2,61.7,2,0.049,2,,2
474.0,2,4.8596,2,34.1094,2,27.9,2,61.7,2,0.049,2,,2
475.0,2,4.8594,2,34.1094,2,28.0,2,61.7,2,0.049,2,,2
476.0,2,4.8551,2,34.109,2,28.0,2,61.5,2,0.049,2,,2
477.0,2,4.8428,2,34.1083,2,28.0,2,61.7,2,0.049,2,,2
478.1,2,4.8327,2,34.1087,2,27.9,2,61.6,2,0.049,2,,2
478.9,2,4.8198,2,34.1098,2,27.7,2,61.7,2,0.049,2,,2
480.0,2,4.8102,2,34.111,2,27.4,2,61.7,2,0.049,2,,2
481.0,2,4.8074,2,34.1111,2,26.8,2,61.7,2,0.049,2,,2
482.0,2,4.8048,2,34.1121,2,26.6,2,61.7,2,0.049,2,,2
483.0,2,4.8124,2,34.1157,2,26.6,2,61.7,2,0.049,2,,2
484.0,2,4.8129,2,34.1171,2,26.4,2,61.6,2,0.049,2,,2
485.0,2,4.8122,2,34.1177,2,26.0,2,61.7,2,0.049,2,,2
486.0,2,4.8117,2,34.1191,2,26.0,2,61.4,2,0.049,2,,2
487.0,2,4.8108,2,34.1207,2,25.7,2,61.7,2,0.049,2,,2
488.0,2,4.812,2,34.1213,2,25.7,2,61.7,2,0.049,2,,2
489.0,2,4.8127,2,34.1219,2,25.7,2,61.8,2,0.049,2,,2
490.0,2,4.8128,2,34.1219,2,25.5,2,61.8,2,0.049,2,,2
491.0,2,4.8131,2,34.1219,2,25.5,2,61.7,2,0.049,2,,2
492.0,2,4.8132,2,34.122,2,25.5,2,61.7,2,0.049,2,,2
493.0,2,4.8124,2,34.1224,2,25.6,2,61.8,2,0.049,2,,2
494.0,2,4.8115,2,34.1226,2,25.6,2,61.7,2,0.049,2,,2
495.1,2,4.8093,2,34.123000000000005,2,25.6,2,61.7,2,0.049,2,,2
496.2,2,4.8018,2,34.1232,2,25.0,2,61.7,2,0.049,2,,2
497.0,2,4.7973,2,34.1234,2,24.6,2,61.6,2,0.049,2,,2
498.0,2,4.795,2,34.1249,2,24.2,2,61.7,2,0.049,2,,2
499.0,2,4.7941,2,34.1286,2,24.1,2,61.8,2,0.049,2,,2
500.0,2,4.7885,2,34.1303,2,24.0,2,61.8,2,0.049,2,,2
501.0,2,4.7841,2,34.1311,2,23.7,2,61.8,2,0.049,2,,2
502.0,2,4.7777,2,34.1318,2,23.7,2,61.8,2,0.049,2,,2
503.0,2,4.77,2,34.1323,2,23.6,2,61.8,2,0.049,2,,2
504.0,2,4.7657,2,34.1325,2,23.6,2,61.4,2,0.049,2,,2
505.0,2,4.763,2,34.1328,2,23.6,2,61.8,2,0.049,2,,2
506.0,2,4.7623,2,34.1331,2,23.4,2,61.8,2,0.049,2,,2
507.0,2,4.76,2,34.1336,2,23.4,2,61.7,2,0.049,2,,2
508.0,2,4.7594,2,34.134,2,23.5,2,61.7,2,0.049,2,,2
509.0,2,4.7587,2,34.134,2,23.5,2,61.8,2,0.049,2,,2
510.0,2,4.7585,2,34.134,2,23.5,2,61.8,2,0.049,2,,2
511.0,2,4.7582,2,34.1341,2,23.3,2,61.8,2,0.049,2,,2
512.0,2,4.7581,2,34.134,2,23.3,2,61.8,2,0.049,2,,2
513.0,2,4.755,2,34.1341,2,23.3,2,61.8,2,0.049,2,,2
514.0,2,4.7528,2,34.1347,2,23.3,2,61.7,2,0.049,2,,2
514.9,2,4.7525,2,34.1349,2,23.3,2,61.7,2,0.049,2,,2
516.0,2,4.7513,2,34.1353,2,23.0,2,61.7,2,0.049,2,,2
517.0,2,4.7458,2,34.1356,2,23.0,2,61.8,2,0.049,2,,2
518.0,2,4.7366,2,34.135999999999996,2,22.9,2,61.8,2,0.049,2,,2
519.0,2,4.7324,2,34.135999999999996,2,23.0,2,61.8,2,0.049,2,,2
520.1,2,4.7259,2,34.1366,2,23.0,2,61.8,2,0.049,2,,2
521.0,2,4.7214,2,34.137,2,22.6,2,61.7,2,0.049,2,,2
522.0,2,4.7111,2,34.1385,2,22.4,2,61.7,2,0.049,2,,2
523.0,2,4.7010000000000005,2,34.1402,2,22.3,2,61.8,2,0.049,2,,2
524.0,2,4.6913,2,34.1415,2,22.3,2,61.8,2,0.049,2,,2
525.0,2,4.6851,2,34.1423,2,22.1,2,61.1,2,0.049,2,,2
526.0,2,4.6835,2,34.1427,2,22.1,2,61.7,2,0.049,2,,2
527.0,2,4.6828,2,34.1426,2,22.1,2,61.8,2,0.049,2,,2
528.1,2,4.6823,2,34.1427,2,22.1,2,61.8,2,0.049,2,,2
529.0,2,4.6816,2,34.1427,2,22.1,2,61.7,2,0.049,2,,2
530.0,2,4.681,2,34.1428,2,22.0,2,61.7,2,0.049,2,,2
531.0,2,4.6805,2,34.1429,2,22.0,2,61.8,2,0.049,2,,2
532.0,2,4.6806,2,34.1429,2,22.0,2,61.7,2,0.049,2,,2
533.0,2,4.68,2,34.1429,2,22.0,2,61.8,2,0.049,2,,2
534.0,2,4.678,2,34.1431,2,21.8,2,61.8,2,0.049,2,,2
535.0,2,4.6701,2,34.1447,2,21.7,2,61.7,2,0.049,2,,2
536.0,2,4.6651,2,34.1455,2,21.2,2,61.8,2,0.05,2,,2
537.0,2,4.66,2,34.1471,2,21.0,2,61.8,2,0.051,2,,2
538.0,2,4.65,2,34.1503,2,20.9,2,61.8,2,0.049,2,,2
539.0,2,4.6465,2,34.1513,2,20.9,2,61.8,2,0.049,2,,2
540.0,2,4.6467,2,34.1518,2,20.7,2,61.7,2,0.049,2,,2
541.0,2,4.6466,2,34.152,2,20.6,2,61.8,2,0.049,2,,2
542.0,2,4.6462,2,34.1522,2,20.8,2,61.7,2,0.049,2,,2
543.0,2,4.6454,2,34.1522,2,20.7,2,61.7,2,0.049,2,,2
544.0,2,4.645,2,34.1524,2,20.6,2,61.8,2,0.049,2,,2
545.0,2,4.6447,2,34.1525,2,20.7,2,61.8,2,0.049,2,,2
546.0,2,4.6443,2,34.1525,2,20.7,2,61.8,2,0.049,2,,2
547.0,2,4.6441,2,34.1525,2,20.7,2,61.7,2,0.052000000000000005,2,,2
548.0,2,4.6435,2,34.1527,2,20.6,2,61.7,2,0.049,2,,2
549.0,2,4.6429,2,34.1528,2,20.5,2,61.8,2,0.049,2,,2
550.0,2,4.6427,2,34.1529,2,20.5,2,61.8,2,0.049,2,,2
551.0,2,4.6372,2,34.1532,2,20.5,2,61.7,2,0.049,2,,2
552.0,2,4.6328,2,34.1535,2,20.5,2,61.8,2,0.049,2,,2
553.0,2,4.6301,2,34.1538,2,20.3,2,61.8,2,0.049,2,,2
554.0,2,4.6297,2,34.1538,2,20.3,2,61.8,2,0.049,2,,2
555.0,2,4.6262,2,34.1544,2,20.2,2,61.7,2,0.049,2,,2
556.0,2,4.6235,2,34.1549,2,20.3,2,61.8,2,0.049,2,,2
557.0,2,4.6225,2,34.155,2,20.1,2,61.8,2,0.049,2,,2
558.0,2,4.6212,2,34.1554,2,19.9,2,61.8,2,0.049,2,,2
559.0,2,4.6203,2,34.1556,2,19.7,2,61.8,2,0.049,2,,2
560.0,2,4.6142,2,34.1597,2,19.6,2,61.8,2,0.049,2,,2
561.0,2,4.6131,2,34.1606,2,19.3,2,61.8,2,0.049,2,,2
562.0,2,4.6126,2,34.1613,2,19.1,2,61.7,2,0.049,2,,2
563.0,2,4.6126,2,34.1641,2,19.0,2,61.8,2,0.049,2,,2
564.0,2,4.6128,2,34.166,2,18.9,2,61.8,2,0.049,2,,2
565.0,2,4.6004,2,34.1695,2,18.8,2,61.8,2,0.052000000000000005,2,,2
566.0,2,4.5939,2,34.1702,2,18.6,2,61.7,2,0.049,2,,2
567.0,2,4.5919,2,34.1705,2,18.6,2,61.7,2,0.049,2,,2
568.0,2,4.591,2,34.1709,2,18.5,2,61.8,2,0.049,2,,2
569.0,2,4.5893,2,34.1711,2,18.4,2,61.7,2,0.049,2,,2
570.0,2,4.587,2,34.1719,2,18.3,2,61.7,2,0.049,2,,2
571.0,2,4.5817,2,34.1729,2,18.3,2,61.7,2,0.049,2,,2
572.0,2,4.5806,2,34.1731,2,18.3,2,61.7,2,0.049,2,,2
573.0,2,4.5762,2,34.1737,2,18.3,2,61.7,2,0.049,2,,2
574.0,2,4.5733,2,34.1741,2,18.2,2,61.7,2,0.049,2,,2
575.0,2,4.5702,2,34.1745,2,18.1,2,61.7,2,0.049,2,,2
575.9,2,4.5659,2,34.1752,2,17.8,2,61.7,2,0.049,2,,2
577.0,2,4.5499,2,34.1784,2,17.6,2,61.7,2,0.049,2,,2
578.0,2,4.5442,2,34.1806,2,17.4,2,61.7,2,0.049,2,,2
579.0,2,4.542,2,34.1811,2,17.4,2,61.7,2,0.049,2,,2
580.0,2,4.5360000000000005,2,34.1821,2,17.5,2,61.7,2,0.049,2,,2
581.0,2,4.5336,2,34.1826,2,17.4,2,61.7,2,0.049,2,,2
582.0,2,4.5311,2,34.1833,2,17.3,2,61.7,2,0.049,2,,2
583.0,2,4.5313,2,34.1835,2,17.3,2,61.7,2,0.049,2,,2
584.0,2,4.5296,2,34.1841,2,17.3,2,61.7,2,0.049,2,,2
585.0,2,4.5273,2,34.1847,2,17.3,2,61.7,2,0.049,2,,2
586.0,2,4.5265,2,34.1854,2,17.1,2,61.7,2,0.049,2,,2
587.0,2,4.5273,2,34.1861,2,17.1,2,61.7,2,0.049,2,,2
588.0,2,4.5271,2,34.1866,2,17.2,2,61.7,2,0.049,2,,2
589.0,2,4.5263,2,34.187,2,17.0,2,61.8,2,0.049,2,,2
590.0,2,4.5213,2,34.1875,2,17.0,2,61.7,2,0.049,2,,2
591.0,2,4.519,2,34.1877,2,17.0,2,61.7,2,0.049,2,,2
592.1,2,4.5172,2,34.1876,2,17.1,2,61.6,2,0.049,2,,2
593.1,2,4.5139,2,34.1882,2,16.9,2,61.7,2,0.049,2,,2
594.0,2,4.5133,2,34.1888,2,16.7,2,61.8,2,0.049,2,,2
595.0,2,4.5118,2,34.1891,2,16.7,2,61.7,2,0.049,2,,2
596.0,2,4.5099,2,34.1893,2,16.8,2,61.7,2,0.049,2,,2
597.0,2,4.5089999999999995,2,34.1897,2,16.9,2,61.7,2,0.049,2,,2
598.0,2,4.5065,2,34.1899,2,16.8,2,61.7,2,0.049,2,,2
599.0,2,4.5047,2,34.1901,2,16.6,2,61.7,2,0.049,2,,2
600.0,2,4.5031,2,34.1901,2,16.7,2,61.7,2,0.049,2,,2
601.0,2,4.501,2,34.1904,2,16.8,2,61.7,2,0.049,2,,2
602.1,2,4.497,2,34.1904,2,16.7,2,61.7,2,0.049,2,,2
602.9,2,4.4967,2,34.1904,2,16.6,2,61.7,2,0.049,2,,2
604.0,2,4.4963,2,34.1904,2,16.6,2,61.7,2,0.049,2,,2
605.0,2,4.4965,2,34.1905,2,16.6,2,61.7,2,0.049,2,,2
606.0,2,4.4972,2,34.1908,2,16.6,2,61.7,2,0.049,2,,2
607.0,2,4.4987,2,34.1927,2,16.5,2,61.7,2,0.049,2,,2
608.0,2,4.4997,2,34.1935,2,16.4,2,61.7,2,0.049,2,,2
609.1,2,4.4982,2,34.194,2,16.4,2,61.7,2,0.049,2,,2
610.0,2,4.4937,2,34.1943,2,16.3,2,61.7,2,0.049,2,,2
611.1,2,4.4838,2,34.1955,2,16.4,2,61.7,2,0.049,2,,2
612.0,2,4.4811,2,34.1958,2,16.3,2,61.7,2,0.049,2,,2
613.0,2,4.4762,2,34.196,2,16.2,2,61.7,2,0.049,2,,2
614.0,2,4.4692,2,34.1963,2,16.2,2,61.7,2,0.049,2,,2
615.0,2,4.4665,2,34.1967,2,16.3,2,61.7,2,0.049,2,,2
616.0,2,4.4658,2,34.1965,2,16.1,2,61.7,2,0.049,2,,2
617.0,2,4.4625,2,34.1961,2,16.2,2,61.7,2,0.049,2,,2
618.0,2,4.4598,2,34.1959,2,16.1,2,61.7,2,0.049,2,,2
619.0,2,4.4563,2,34.1964,2,16.1,2,61.7,2,0.049,2,,2
620.0,2,4.4541,2,34.1968,2,16.1,2,61.8,2,0.049,2,,2
621.0,2,4.4507,2,34.1977,2,16.0,2,61.7,2,0.049,2,,2
622.0,2,4.4483,2,34.1981,2,16.0,2,61.7,2,0.049,2,,2
623.0,2,4.4456,2,34.1983,2,15.9,2,61.7,2,0.049,2,,2
624.0,2,4.4391,2,34.1996,2,15.6,2,61.7,2,0.049,2,,2
625.0,2,4.4299,2,34.2011,2,15.6,2,61.7,2,0.049,2,,2
626.0,2,4.4225,2,34.2028,2,15.6,2,61.8,2,0.049,2,,2
627.0,2,4.4178,2,34.2038,2,15.6,2,61.8,2,0.049,2,,2
628.0,2,4.4154,2,34.2042,2,15.4,2,61.5,2,0.049,2,,2
629.0,2,4.4149,2,34.2051,2,15.4,2,61.7,2,0.049,2,,2
630.0,2,4.4143,2,34.2061,2,15.5,2,61.7,2,0.049,2,,2
631.0,2,4.4139,2,34.2065,2,15.3,2,61.7,2,0.049,2,,2
632.0,2,4.4139,2,34.2068,2,15.4,2,61.7,2,0.049,2,,2
633.0,2,4.4132,2,34.2071,2,15.4,2,61.8,2,0.052000000000000005,2,,2
634.0,2,4.4142,2,34.2073,2,15.3,2,61.7,2,0.049,2,,2
635.0,2,4.4151,2,34.2076,2,15.3,2,61.7,2,0.049,2,,2
636.0,2,4.4141,2,34.2084,2,15.3,2,61.7,2,0.049,2,,2
637.0,2,4.4145,2,34.209,2,15.1,2,61.7,2,0.049,2,,2
638.0,2,4.4158,2,34.2094,2,15.1,2,61.7,2,0.049,2,,2
639.0,2,4.4187,2,34.2106,2,15.1,2,61.7,2,0.049,2,,2
640.0,2,4.4209,2,34.2112,2,15.0,2,61.7,2,0.049,2,,2
641.0,2,4.4214,2,34.2114,2,15.1,2,61.7,2,0.049,2,,2
642.0,2,4.4218,2,34.2117,2,14.9,2,61.6,2,0.049,2,,2
643.0,2,4.4211,2,34.2123,2,14.9,2,61.6,2,0.049,2,,2
644.0,2,4.4194,2,34.2124,2,15.1,2,61.7,2,0.049,2,,2
645.0,2,4.4179,2,34.2123,2,15.0,2,61.7,2,0.049,2,,2
646.0,2,4.418,2,34.2123,2,15.0,2,61.6,2,0.049,2,,2
647.0,2,4.4192,2,34.2122,2,15.0,2,61.7,2,0.049,2,,2
648.0,2,4.4168,2,34.2121,2,15.1,2,61.7,2,0.049,2,,2
649.0,2,4.4144,2,34.2119,2,15.0,2,61.7,2,0.049,2,,2
650.0,2,4.4129,2,34.2119,2,14.9,2,61.7,2,0.049,2,,2
651.0,2,4.4125,2,34.2118,2,14.9,2,61.7,2,0.049,2,,2
652.1,2,4.4110000000000005,2,34.2118,2,15.0,2,61.6,2,0.049,2,,2
652.9,2,4.4093,2,34.2116,2,15.0,2,61.7,2,0.049,2,,2
654.0,2,4.4074,2,34.2117,2,15.0,2,61.6,2,0.049,2,,2
655.0,2,4.4069,2,34.2117,2,15.0,2,61.7,2,0.049,2,,2
656.0,2,4.4054,2,34.2116,2,14.9,2,61.7,2,0.049,2,,2
657.0,2,4.3985,2,34.2116,2,15.0,2,61.7,2,0.049,2,,2
658.0,2,4.3937,2,34.2114,2,15.0,2,61.7,2,0.049,2,,2
659.0,2,4.3889,2,34.2114,2,14.9,2,61.8,2,0.049,2,,2
660.0,2,4.3855,2,34.2114,2,14.9,2,61.8,2,0.049,2,,2
661.0,2,4.3747,2,34.2118,2,14.9,2,61.8,2,0.049,2,,2
662.0,2,4.364,2,34.2126,2,14.6,2,61.7,2,0.049,2,,2
663.0,2,4.3523,2,34.2158,2,14.4,2,61.7,2,0.049,2,,2
664.0,2,4.3452,2,34.2209,2,14.3,2,61.6,2,0.049,2,,2
665.0,2,4.3501,2,34.2247,2,14.3,2,61.6,2,0.049,2,,2
666.0,2,4.3574,2,34.2265,2,14.1,2,61.6,2,0.049,2,,2
667.0,2,4.3711,2,34.2297,2,14.1,2,61.5,2,0.049,2,,2
668.0,2,4.3753,2,34.2306,2,14.0,2,61.6,2,0.049,2,,2
669.0,2,4.3758,2,34.2308,2,13.9,2,61.5,2,0.049,2,,2
670.0,2,4.3782,2,34.2311,2,14.0,2,61.4,2,0.049,2,,2
670.7,2,4.3838,2,34.2322,2,13.9,2,61.4,2,0.049,2,,2
672.1,2,4.3879,2,34.234,2,13.9,2,61.2,2,0.049,2,,2
673.0,2,4.3874,2,34.2345,2,13.9,2,61.4,2,0.049,2,,2
674.0,2,4.3873,2,34.2347,2,13.9,2,61.4,2,0.049,2,,2
675.0,2,4.387,2,34.235,2,13.8,2,61.4,2,0.049,2,,2
676.0,2,4.3885,2,34.2355,2,13.9,2,61.4,2,0.049,2,,2
677.0,2,4.3953,2,34.236999999999995,2,13.9,2,61.3,2,0.049,2,,2
678.0,2,4.396,2,34.2373,2,13.8,2,61.3,2,0.049,2,,2
679.0,2,4.3979,2,34.2376,2,13.8,2,61.4,2,0.049,2,,2
680.0,2,4.3984,2,34.2379,2,13.9,2,61.3,2,0.049,2,,2
681.0,2,4.4005,2,34.2383,2,13.9,2,61.3,2,0.049,2,,2
682.0,2,4.4058,2,34.2397,2,13.8,2,61.2,2,0.049,2,,2
683.0,2,4.4076,2,34.241,2,13.6,2,61.2,2,0.049,2,,2
684.0,2,4.4083,2,34.2427,2,13.6,2,60.9,2,0.049,2,,2
685.0,2,4.3991,2,34.2471,2,13.6,2,61.1,2,0.049,2,,2
686.0,2,4.3868,2,34.2511,2,13.5,2,61.1,2,0.049,2,,2
687.0,2,4.3836,2,34.2517,2,13.4,2,61.0,2,0.049,2,,2
688.0,2,4.3811,2,34.2521,2,13.4,2,61.0,2,0.049,2,,2
689.0,2,4.3766,2,34.2531,2,13.3,2,61.0,2,0.049,2,,2
690.0,2,4.3734,2,34.2537,2,13.2,2,61.0,2,0.049,2,,2
691.0,2,4.3652,2,34.2553,2,13.0,2,60.9,2,0.049,2,,2
692.0,2,4.3436,2,34.2602,2,12.9,2,60.9,2,0.049,2,,2
693.0,2,4.3262,2,34.2638,2,12.8,2,61.0,2,0.049,2,,2
694.0,2,4.3196,2,34.2648,2,12.9,2,60.9,2,0.049,2,,2
695.0,2,4.3078,2,34.2664,2,12.8,2,60.9,2,0.049,2,,2
696.0,2,4.3002,2,34.268,2,12.7,2,60.9,2,0.049,2,,2
697.0,2,4.2887,2,34.2698,2,12.6,2,60.8,2,0.049,2,,2
698.0,2,4.2749,2,34.2723,2,12.7,2,60.7,2,0.049,2,,2
699.0,2,4.2701,2,34.2733,2,12.6,2,60.7,2,0.049,2,,2
700.0,2,4.2669,2,34.2737,2,12.6,2,60.7,2,0.049,2,,2
701.0,2,4.2628,2,34.2739,2,12.6,2,60.7,2,0.049,2,,2
702.0,2,4.2604,2,34.2742,2,12.6,2,60.8,2,0.049,2,,2
703.0,2,4.2598,2,34.2745,2,12.6,2,60.7,2,0.049,2,,2
704.0,2,4.2585,2,34.2752,2,12.5,2,60.6,2,0.049,2,,2
705.0,2,4.2527,2,34.277,2,12.3,2,60.7,2,0.049,2,,2
706.0,2,4.2307,2,34.282,2,12.4,2,60.6,2,0.049,2,,2
707.0,2,4.229,2,34.2821,2,12.4,2,60.6,2,0.049,2,,2
708.0,2,4.2278,2,34.2822,2,12.3,2,60.6,2,0.049,2,,2
709.0,2,4.2269,2,34.2824,2,12.3,2,60.6,2,0.049,2,,2
710.0,2,4.2239,2,34.283,2,12.3,2,60.6,2,0.049,2,,2
711.0,2,4.2221,2,34.2833,2,12.3,2,60.6,2,0.049,2,,2
712.0,2,4.2205,2,34.2837,2,12.3,2,60.6,2,0.049,2,,2
713.0,2,4.218,2,34.2842,2,12.2,2,60.6,2,0.049,2,,2
714.0,2,4.2126,2,34.2852,2,12.1,2,60.6,2,0.049,2,,2
715.0,2,4.203,2,34.287,2,12.2,2,60.5,2,0.049,2,,2
716.0,2,4.2001,2,34.2876,2,12.2,2,60.4,2,0.049,2,,2
717.0,2,4.199,2,34.2877,2,12.2,2,60.5,2,0.049,2,,2
718.0,2,4.199,2,34.2876,2,12.3,2,60.5,2,0.049,2,,2
719.0,2,4.1966,2,34.2881,2,12.1,2,60.5,2,0.049,2,,2
720.0,2,4.1927,2,34.289,2,12.0,2,60.3,2,0.049,2,,2
721.0,2,4.1897,2,34.2893,2,12.1,2,60.5,2,0.049,2,,2
722.0,2,4.1863,2,34.29,2,12.1,2,60.1,2,0.049,2,,2
723.0,2,4.1842,2,34.2904,2,12.0,2,60.5,2,0.049,2,,2
724.0,2,4.1826,2,34.2906,2,12.0,2,60.5,2,0.049,2,,2
725.0,2,4.1818,2,34.2907,2,12.1,2,60.5,2,0.049,2,,2
726.0,2,4.1809,2,34.2908,2,12.0,2,60.4,2,0.049,2,,2
727.0,2,4.1789,2,34.291,2,12.0,2,60.6,2,0.049,2,,2
728.0,2,4.1772,2,34.2913,2,12.1,2,60.6,2,0.049,2,,2
729.0,2,4.1768,2,34.2915,2,11.9,2,60.4,2,0.049,2,,2
730.0,2,4.1764,2,34.2916,2,12.0,2,60.5,2,0.049,2,,2
731.1,2,4.1762,2,34.2915,2,11.9,2,60.6,2,0.049,2,,2
732.0,2,4.1758,2,34.2917,2,12.0,2,60.3,2,0.049,2,,2
733.0,2,4.1747,2,34.2919,2,11.9,2,60.5,2,0.049,2,,2
734.0,2,4.1709,2,34.2925,2,11.9,2,60.5,2,0.049,2,,2
735.0,2,4.1662,2,34.293,2,11.9,2,60.6,2,0.049,2,,2
736.0,2,4.1636,2,34.2931,2,12.0,2,60.6,2,0.049,2,,2
737.0,2,4.1591,2,34.2937,2,11.9,2,60.6,2,0.049,2,,2
738.0,2,4.1537,2,34.2945,2,11.8,2,60.6,2,0.049,2,,2
739.0,2,4.1467,2,34.2953,2,11.9,2,60.6,2,0.049,2,,2
740.0,2,4.1403,2,34.2967,2,11.8,2,60.6,2,0.049,2,,2
741.0,2,4.1309,2,34.2982,2,11.8,2,60.6,2,0.049,2,,2
742.0,2,4.1308,2,34.2983,2,11.7,2,60.6,2,0.049,2,,2
743.0,2,4.1297,2,34.2984,2,11.7,2,60.6,2,0.049,2,,2
744.0,2,4.1279,2,34.2986,2,11.9,2,60.6,2,0.049,2,,2
745.0,2,4.1225,2,34.2991,2,11.7,2,60.6,2,0.049,2,,2
746.0,2,4.1216,2,34.2992,2,11.7,2,60.6,2,0.049,2,,2
747.0,2,4.121,2,34.2993,2,11.7,2,60.6,2,0.049,2,,2
748.0,2,4.1209,2,34.2993,2,11.8,2,60.6,2,0.049,2,,2
749.0,2,4.1206,2,34.2994,2,11.7,2,60.5,2,0.049,2,,2
750.0,2,4.1205,2,34.2992,2,11.7,2,60.5,2,0.049,2,,2
751.0,2,4.1192,2,34.2995,2,11.6,2,60.6,2,0.049,2,,2
752.1,2,4.0944,2,34.3027,2,11.5,2,60.7,2,0.049,2,,2
753.0,2,4.0804,2,34.3042,2,11.5,2,60.8,2,0.049,2,,2
754.0,2,4.0802,2,34.3047,2,11.5,2,60.8,2,0.049,2,,2
755.0,2,4.082,2,34.3054,2,11.6,2,60.8,2,0.049,2,,2
756.0,2,4.0814,2,34.3055,2,11.6,2,60.8,2,0.049,2,,2
757.0,2,4.082,2,34.3057,2,11.4,2,60.8,2,0.049,2,,2
758.0,2,4.0824,2,34.306,2,11.5,2,60.8,2,0.049,2,,2
759.0,2,4.0814,2,34.3065,2,11.6,2,60.8,2,0.049,2,,2
760.0,2,4.0779,2,34.3066,2,11.5,2,60.8,2,0.049,2,,2
761.0,2,4.0746,2,34.3068,2,11.5,2,60.8,2,0.049,2,,2
762.0,2,4.073,2,34.3068,2,11.3,2,60.8,2,0.049,2,,2
763.0,2,4.0712,2,34.3073,2,11.5,2,60.8,2,0.049,2,,2
764.0,2,4.0701,2,34.3079,2,11.3,2,60.8,2,0.049,2,,2
765.0,2,4.0686,2,34.3083,2,11.3,2,60.8,2,0.049,2,,2
766.0,2,4.0665,2,34.309,2,11.4,2,60.8,2,0.049,2,,2
767.0,2,4.0642,2,34.3094,2,11.3,2,60.8,2,0.049,2,,2
768.0,2,4.0622,2,34.3101,2,11.4,2,60.8,2,0.049,2,,2
769.0,2,4.0592,2,34.311,2,11.5,2,60.8,2,0.049,2,,2
770.0,2,4.0589,2,34.3111,2,11.4,2,60.9,2,0.049,2,,2
771.0,2,4.0597,2,34.3112,2,11.4,2,60.8,2,0.049,2,,2
772.0,2,4.0577,2,34.312,2,11.3,2,60.8,2,0.049,2,,2
773.0,2,4.0541,2,34.3125,2,11.3,2,60.9,2,0.049,2,,2
774.0,2,4.0514,2,34.3132,2,11.3,2,60.9,2,0.049,2,,2
775.0,2,4.0491,2,34.314,2,11.3,2,60.9,2,0.049,2,,2
776.0,2,4.0464,2,34.3147,2,11.3,2,60.9,2,0.049,2,,2
777.0,2,4.0419,2,34.3153,2,11.2,2,60.9,2,0.049,2,,2
778.0,2,4.0385,2,34.3153,2,11.1,2,61.0,2,0.049,2,,2
779.0,2,4.0311,2,34.3152,2,11.2,2,61.0,2,0.049,2,,2
780.0,2,4.0244,2,34.3153,2,11.3,2,61.1,2,0.049,2,,2
781.0,2,4.0216,2,34.3162,2,11.0,2,61.1,2,0.049,2,,2
782.1,2,4.0167,2,34.3166,2,11.0,2,61.2,2,0.049,2,,2
783.4,2,4.0059,2,34.3167,2,10.9,2,61.2,2,0.049,2,,2
784.0,2,3.9905,2,34.3163,2,10.9,2,61.3,2,0.049,2,,2
785.0,2,3.9822,2,34.3162,2,10.9,2,61.4,2,0.049,2,,2
786.0,2,3.9798,2,34.3162,2,10.8,2,61.4,2,0.049,2,,2
787.0,2,3.977,2,34.316,2,10.7,2,61.5,2,0.049,2,,2
788.0,2,3.9751,2,34.316,2,10.8,2,61.5,2,0.049,2,,2
789.0,2,3.975,2,34.3158,2,10.8,2,61.5,2,0.049,2,,2
790.0,2,3.9744,2,34.3158,2,10.8,2,61.5,2,0.049,2,,2
791.0,2,3.9730000000000003,2,34.3158,2,10.8,2,61.5,2,0.049,2,,2
792.0,2,3.9717,2,34.3162,2,10.9,2,61.5,2,0.049,2,,2
793.0,2,3.9721,2,34.317,2,10.8,2,61.5,2,0.049,2,,2
794.0,2,3.9739999999999998,2,34.3179,2,10.9,2,61.4,2,0.049,2,,2
795.0,2,3.9730000000000003,2,34.3184,2,10.9,2,61.4,2,0.049,2,,2
796.0,2,3.9698,2,34.3191,2,10.7,2,61.4,2,0.049,2,,2
797.0,2,3.9655,2,34.3184,2,10.7,2,61.5,2,0.049,2,,2
798.0,2,3.9564,2,34.3178,2,10.7,2,61.6,2,0.049,2,,2
799.0,2,3.9425,2,34.3174,2,10.6,2,61.6,2,0.049,2,,2
800.0,2,3.9342,2,34.3176,2,10.6,2,61.6,2,0.049,2,,2
801.0,2,3.9294,2,34.3178,2,10.6,2,61.7,2,0.049,2,,2
802.0,2,3.9194,2,34.3176,2,10.6,2,61.7,2,0.049,2,,2
803.0,2,3.915,2,34.3174,2,10.5,2,61.7,2,0.049,2,,2
804.0,2,3.9056,2,34.3188,2,10.5,2,61.7,2,0.049,2,,2
805.0,2,3.9009,2,34.3204,2,10.6,2,61.7,2,0.049,2,,2
806.0,2,3.9025,2,34.321999999999996,2,10.6,2,61.7,2,0.049,2,,2
807.0,2,3.8977,2,34.3235,2,10.5,2,61.7,2,0.049,2,,2
808.0,2,3.8856,2,34.3256,2,10.6,2,61.7,2,0.049,2,,2
809.0,2,3.8845,2,34.3259,2,10.6,2,61.6,2,0.049,2,,2
810.0,2,3.8843,2,34.3262,2,10.5,2,61.7,2,0.049,2,,2
811.1,2,3.8823,2,34.3267,2,10.6,2,61.7,2,0.049,2,,2
812.0,2,3.8783,2,34.3272,2,10.5,2,61.7,2,0.049,2,,2
813.0,2,3.8771,2,34.3273,2,10.5,2,61.7,2,0.049,2,,2
814.0,2,3.8771,2,34.3274,2,10.7,2,61.7,2,0.049,2,,2
815.0,2,3.8771,2,34.3274,2,10.6,2,61.7,2,0.049,2,,2
816.0,2,3.8769,2,34.3276,2,10.3,2,61.6,2,0.049,2,,2
817.0,2,3.8759,2,34.3276,2,10.5,2,61.6,2,0.049,2,,2
818.0,2,3.8743,2,34.3278,2,10.6,2,61.6,2,0.049,2,,2
819.0,2,3.8734,2,34.3279,2,10.5,2,61.7,2,0.049,2,,2
820.0,2,3.8735,2,34.3278,2,10.3,2,61.7,2,0.049,2,,2
821.0,2,3.873,2,34.3278,2,10.5,2,61.7,2,0.049,2,,2
822.0,2,3.8714,2,34.3279,2,10.4,2,61.7,2,0.049,2,,2
823.0,2,3.8696,2,34.3281,2,10.5,2,61.7,2,0.049,2,,2
824.0,2,3.8675,2,34.3282,2,10.5,2,61.6,2,0.049,2,,2
825.0,2,3.8656,2,34.3284,2,10.5,2,61.7,2,0.049,2,,2
826.0,2,3.8634,2,34.3293,2,10.6,2,61.7,2,0.049,2,,2
827.0,2,3.8612,2,34.3299,2,10.5,2,61.7,2,0.049,2,,2
828.0,2,3.8583,2,34.3307,2,10.4,2,61.7,2,0.049,2,,2
829.1,2,3.8564,2,34.3313,2,10.6,2,61.7,2,0.049,2,,2
829.9,2,3.855,2,34.3319,2,10.6,2,61.7,2,0.049,2,,2
831.0,2,3.855,2,34.3328,2,10.4,2,61.6,2,0.049,2,,2
832.0,2,3.8554,2,34.3329,2,10.4,2,61.7,2,0.049,2,,2
833.0,2,3.8553,2,34.333,2,10.6,2,61.7,2,0.049,2,,2
834.1,2,3.8552,2,34.3333,2,10.6,2,61.7,2,0.049,2,,2
834.9,2,3.8553,2,34.3333,2,10.6,2,61.7,2,0.049,2,,2
836.0,2,3.8563,2,34.3339,2,10.4,2,61.6,2,0.049,2,,2
837.0,2,3.8564,2,34.3339,2,10.4,2,61.6,2,0.049,2,,2
838.0,2,3.8565,2,34.3339,2,10.6,2,61.7,2,0.049,2,,2
839.0,2,3.8567,2,34.3341,2,10.6,2,61.6,2,0.049,2,,2
840.0,2,3.8567,2,34.3342,2,10.6,2,61.6,2,0.049,2,,2
841.0,2,3.8576,2,34.3343,2,10.5,2,61.6,2,0.049,2,,2
842.0,2,3.8577,2,34.3347,2,10.5,2,61.6,2,0.049,2,,2
843.0,2,3.8578,2,34.3349,2,10.6,2,61.6,2,0.049,2,,2
844.0,2,3.8582,2,34.3356,2,10.6,2,61.6,2,0.049,2,,2
845.0,2,3.8584,2,34.3358,2,10.6,2,61.6,2,0.049,2,,2
846.0,2,3.8585,2,34.3357,2,10.7,2,61.6,2,0.049,2,,2
847.0,2,3.8591,2,34.3363,2,10.7,2,61.6,2,0.049,2,,2
848.0,2,3.8593,2,34.3365,2,10.6,2,61.6,2,0.049,2,,2
849.0,2,3.8593,2,34.3365,2,10.5,2,61.6,2,0.049,2,,2
850.0,2,3.8594,2,34.3369,2,10.7,2,61.6,2,0.049,2,,2
851.0,2,3.8593,2,34.3373,2,10.6,2,61.6,2,0.049,2,,2
852.0,2,3.8589,2,34.3376,2,10.6,2,61.5,2,0.049,2,,2
853.0,2,3.8586,2,34.3377,2,10.6,2,61.6,2,0.049,2,,2
854.0,2,3.858,2,34.3382,2,10.7,2,61.6,2,0.049,2,,2
855.0,2,3.8575,2,34.3387,2,10.8,2,61.5,2,0.049,2,,2
856.0,2,3.8568,2,34.3393,2,10.8,2,61.4,2,0.049,2,,2
857.0,2,3.8573,2,34.3401,2,10.8,2,61.4,2,0.049,2,,2
858.0,2,3.8569999999999998,2,34.3411,2,10.9,2,61.4,2,0.049,2,,2
859.0,2,3.8551,2,34.3418,2,10.9,2,61.4,2,0.049,2,,2
860.0,2,3.8461,2,34.3433,2,10.8,2,61.3,2,0.049,2,,2
861.0,2,3.8339,2,34.345,2,10.8,2,61.4,2,0.049,2,,2
862.0,2,3.8295,2,34.3453,2,10.9,2,61.4,2,0.049,2,,2
862.8,2,3.8216,2,34.3462,2,10.8,2,61.4,2,0.049,2,,2
864.0,2,3.8032,2,34.3479,2,10.8,2,61.5,2,0.049,2,,2
865.0,2,3.7984,2,34.3483,2,10.7,2,61.6,2,0.049,2,,2
866.0,2,3.7957,2,34.3485,2,10.6,2,61.6,2,0.049,2,,2
867.0,2,3.7914,2,34.3489,2,10.7,2,61.6,2,0.049,2,,2
868.0,2,3.7884,2,34.3492,2,10.8,2,61.5,2,0.049,2,,2
869.0,2,3.7864,2,34.3496,2,10.7,2,61.6,2,0.049,2,,2
870.0,2,3.7842,2,34.3501,2,10.7,2,61.6,2,0.049,2,,2
871.0,2,3.7825,2,34.3507,2,10.8,2,61.6,2,0.049,2,,2
872.0,2,3.7813,2,34.3511,2,10.8,2,61.6,2,0.049,2,,2
873.0,2,3.7817,2,34.3516,2,10.8,2,61.6,2,0.049,2,,2
874.0,2,3.7811,2,34.352,2,10.9,2,61.5,2,0.049,2,,2
875.0,2,3.7802,2,34.3522,2,10.9,2,61.6,2,0.049,2,,2
876.0,2,3.78,2,34.3523,2,10.8,2,61.5,2,0.049,2,,2
877.0,2,3.7791,2,34.3525,2,10.8,2,61.5,2,0.049,2,,2
878.0,2,3.7779,2,34.3524,2,10.9,2,61.5,2,0.049,2,,2
879.0,2,3.7772,2,34.3528,2,10.9,2,61.6,2,0.049,2,,2
880.0,2,3.7771,2,34.3534,2,10.9,2,61.5,2,0.049,2,,2
881.0,2,3.7742,2,34.3534,2,10.9,2,61.5,2,0.049,2,,2
882.0,2,3.7691,2,34.3544,2,10.9,2,61.5,2,0.049,2,,2
883.0,2,3.7667,2,34.355,2,11.0,2,61.5,2,0.049,2,,2
884.0,2,3.7643,2,34.3566,2,11.1,2,61.4,2,0.049,2,,2
885.0,2,3.7649,2,34.3574,2,11.2,2,61.3,2,0.049,2,,2
886.0,2,3.7613,2,34.3591,2,11.3,2,61.2,2,0.049,2,,2
887.0,2,3.7543,2,34.3604,2,11.2,2,61.2,2,0.049,2,,2
888.0,2,3.7441,2,34.3613,2,11.1,2,61.2,2,0.049,2,,2
889.0,2,3.7338,2,34.3628,2,11.3,2,61.2,2,0.049,2,,2
890.0,2,3.7291,2,34.3635,2,11.4,2,61.2,2,0.049,2,,2
891.0,2,3.7273,2,34.3639,2,11.2,2,61.2,2,0.049,2,,2
892.0,2,3.7228,2,34.3647,2,11.3,2,61.2,2,0.049,2,,2
893.0,2,3.7185,2,34.3657,2,11.3,2,61.2,2,0.049,2,,2
894.0,2,3.7106,2,34.3667,2,11.3,2,61.2,2,0.049,2,,2
895.0,2,3.7067,2,34.3672,2,11.2,2,61.2,2,0.049,2,,2
896.0,2,3.7067,2,34.3671,2,11.4,2,61.2,2,0.049,2,,2
897.0,2,3.7055,2,34.3675,2,11.5,2,61.2,2,0.049,2,,2
898.0,2,3.7044,2,34.3675,2,11.5,2,61.2,2,0.049,2,,2
899.0,2,3.7026,2,34.368,2,11.4,2,61.2,2,0.049,2,,2
900.0,2,3.701,2,34.3684,2,11.5,2,61.2,2,0.049,2,,2
901.0,2,3.6989,2,34.369,2,11.5,2,61.1,2,0.049,2,,2
902.2,2,3.6937,2,34.3696,2,11.5,2,61.2,2,0.049,2,,2
903.0,2,3.6898,2,34.37,2,11.4,2,61.2,2,0.049,2,,2
904.0,2,3.6853,2,34.3706,2,11.6,2,61.2,2,0.049,2,,2
905.0,2,3.6811,2,34.3715,2,11.7,2,61.2,2,0.049,2,,2
906.0,2,3.6766,2,34.3729,2,11.6,2,61.1,2,0.049,2,,2
907.0,2,3.6681,2,34.3739,2,11.7,2,61.1,2,0.049,2,,2
908.0,2,3.6602,2,34.3752,2,11.6,2,61.2,2,0.049,2,,2
909.0,2,3.6567,2,34.3758,2,11.6,2,61.1,2,0.049,2,,2
910.0,2,3.6551,2,34.3759,2,11.6,2,61.2,2,0.049,2,,2
911.0,2,3.6548,2,34.3758,2,11.6,2,61.2,2,0.049,2,,2
912.0,2,3.6543,2,34.3758,2,11.6,2,61.2,2,0.049,2,,2
913.0,2,3.6522,2,34.3758,2,11.8,2,61.2,2,0.049,2,,2
914.0,2,3.6494,2,34.3763,2,11.6,2,61.2,2,0.049,2,,2
915.0,2,3.6466,2,34.3766,2,11.6,2,61.3,2,0.049,2,,2
916.0,2,3.6453,2,34.3768,2,11.6,2,61.2,2,0.049,2,,2
917.0,2,3.6446,2,34.3771,2,11.8,2,61.2,2,0.049,2,,2
918.0,2,3.642,2,34.3774,2,11.7,2,61.2,2,0.049,2,,2
919.0,2,3.6407,2,34.3777,2,11.7,2,60.9,2,0.049,2,,2
920.0,2,3.6394,2,34.378,2,11.7,2,61.2,2,0.049,2,,2
921.0,2,3.6383,2,34.3783,2,11.9,2,61.2,2,0.049,2,,2
922.0,2,3.6377,2,34.3789,2,12.0,2,61.0,2,0.049,2,,2
923.0,2,3.6354,2,34.38,2,11.9,2,61.0,2,0.049,2,,2
924.0,2,3.6329,2,34.3807,2,11.9,2,60.9,2,0.049,2,,2
925.0,2,3.6292,2,34.3815,2,11.9,2,60.8,2,0.049,2,,2
926.0,2,3.6276,2,34.3819,2,12.0,2,60.8,2,0.049,2,,2
927.0,2,3.627,2,34.3821,2,12.0,2,60.8,2,0.049,2,,2
928.0,2,3.625,2,34.3824,2,12.1,2,60.8,2,0.049,2,,2
929.0,2,3.6237,2,34.3827,2,11.9,2,60.8,2,0.049,2,,2
930.0,2,3.6239,2,34.3826,2,12.0,2,60.8,2,0.049,2,,2
931.0,2,3.6229,2,34.3828,2,12.0,2,60.7,2,0.049,2,,2
932.0,2,3.6219,2,34.3829,2,11.9,2,60.4,2,0.049,2,,2
933.0,2,3.6212,2,34.3832,2,12.0,2,60.8,2,0.049,2,,2
934.0,2,3.6204,2,34.3832,2,12.1,2,60.7,2,0.049,2,,2
935.0,2,3.6198,2,34.3833,2,12.0,2,60.8,2,0.049,2,,2
936.0,2,3.6192,2,34.3834,2,12.0,2,60.8,2,0.049,2,,2
937.0,2,3.6168,2,34.3839,2,12.0,2,60.8,2,0.049,2,,2
938.0,2,3.6153,2,34.3839,2,12.1,2,60.7,2,0.049,2,,2
939.0,2,3.6143,2,34.3842,2,12.1,2,60.7,2,0.049,2,,2
940.0,2,3.6119,2,34.3845,2,12.2,2,60.7,2,0.049,2,,2
941.0,2,3.6097,2,34.3849,2,12.1,2,60.8,2,0.049,2,,2
942.0,2,3.6086,2,34.385,2,12.2,2,60.7,2,0.049,2,,2
943.0,2,3.608,2,34.385,2,12.2,2,60.7,2,0.049,2,,2
944.0,2,3.6060000000000003,2,34.3854,2,12.1,2,60.8,2,0.049,2,,2
944.9,2,3.5999,2,34.3865,2,12.2,2,60.8,2,0.049,2,,2
946.0,2,3.5965,2,34.387,2,12.2,2,60.8,2,0.049,2,,2
947.0,2,3.5948,2,34.3874,2,12.2,2,60.8,2,0.049,2,,2
948.0,2,3.5943,2,34.3874,2,12.2,2,60.9,2,0.049,2,,2
949.0,2,3.5941,2,34.3874,2,12.3,2,60.9,2,0.049,2,,2
950.0,2,3.5926,2,34.3879,2,12.4,2,60.9,2,0.049,2,,2
951.0,2,3.5903,2,34.3883,2,12.3,2,60.9,2,0.049,2,,2
951.9,2,3.5873,2,34.3887,2,12.2,2,60.9,2,0.049,2,,2
953.4,2,3.5858,2,34.3889,2,12.3,2,60.8,2,0.049,2,,2
954.0,2,3.5854,2,34.3891,2,12.3,2,60.9,2,0.049,2,,2
955.0,2,3.5834,2,34.39,2,12.4,2,61.0,2,0.049,2,,2
956.0,2,3.5797,2,34.391,2,12.3,2,61.1,2,0.049,2,,2
957.0,2,3.5789,2,34.3912,2,12.4,2,61.2,2,0.049,2,,2
958.0,2,3.5761,2,34.3918,2,12.5,2,61.2,2,0.049,2,,2
959.0,2,3.5693,2,34.3924,2,12.5,2,61.0,2,0.049,2,,2
960.0,2,3.5693,2,34.3923,2,12.4,2,61.0,2,0.049,2,,2
961.0,2,3.5663,2,34.3925,2,12.4,2,61.1,2,0.049,2,,2
962.1,2,3.5657,2,34.3926,2,12.5,2,61.0,2,0.049,2,,2
963.0,2,3.5648,2,34.3927,2,12.4,2,61.1,2,0.049,2,,2
964.0,2,3.5637,2,34.3929,2,12.5,2,61.0,2,0.049,2,,2
965.0,2,3.5627,2,34.393,2,12.5,2,61.0,2,0.049,2,,2
966.0,2,3.5587,2,34.3931,2,12.4,2,60.9,2,0.049,2,,2
967.0,2,3.5594,2,34.3929,2,12.6,2,61.0,2,0.049,2,,2
968.0,2,3.5594,2,34.3927,2,12.5,2,61.0,2,0.049,2,,2
969.0,2,3.5580000000000003,2,34.3932,2,12.6,2,61.0,2,0.049,2,,2
970.0,2,3.5524,2,34.3942,2,12.6,2,61.0,2,0.049,2,,2
971.0,2,3.5516,2,34.3945,2,12.6,2,61.0,2,0.049,2,,2
972.0,2,3.5472,2,34.3958,2,12.7,2,61.0,2,0.049,2,,2
973.0,2,3.5458,2,34.3962,2,12.6,2,61.1,2,0.049,2,,2
974.0,2,3.5458,2,34.3962,2,12.6,2,61.2,2,0.049,2,,2
975.0,2,3.5456,2,34.3964,2,12.6,2,61.2,2,0.049,2,,2
976.0,2,3.5445,2,34.3966,2,12.7,2,61.2,2,0.049,2,,2
977.0,2,3.5439999999999996,2,34.3967,2,12.6,2,61.2,2,0.049,2,,2
978.0,2,3.5431,2,34.3969,2,12.7,2,61.2,2,0.049,2,,2
979.0,2,3.5397,2,34.3976,2,12.8,2,61.2,2,0.049,2,,2
980.0,2,3.5371,2,34.398,2,12.7,2,61.2,2,0.049,2,,2
981.0,2,3.5349,2,34.3984,2,12.7,2,61.3,2,0.049,2,,2
982.0,2,3.5314,2,34.399,2,12.7,2,61.3,2,0.049,2,,2
983.0,2,3.529,2,34.3994,2,12.9,2,61.2,2,0.049,2,,2
984.0,2,3.5273,2,34.3995,2,12.8,2,61.3,2,0.049,2,,2
985.0,2,3.5269,2,34.3995,2,12.7,2,61.3,2,0.049,2,,2
986.0,2,3.5254,2,34.3999,2,12.9,2,61.1,2,0.049,2,,2
987.0,2,3.5218,2,34.4004,2,12.9,2,61.3,2,0.049,2,,2
988.0,2,3.5208,2,34.4006,2,12.9,2,61.3,2,0.049,2,,2
989.0,2,3.5208,2,34.4006,2,12.8,2,61.3,2,0.049,2,,2
990.0,2,3.5214,2,34.4004,2,12.9,2,61.3,2,0.049,2,,2
991.0,2,3.5207,2,34.4005,2,12.9,2,61.3,2,0.049,2,,2
992.0,2,3.514,2,34.4017,2,12.9,2,61.3,2,0.049,2,,2
993.0,2,3.5111,2,34.4021,2,12.9,2,61.3,2,0.049,2,,2
994.0,2,3.5105,2,34.4021,2,13.0,2,61.2,2,0.049,2,,2
995.0,2,3.5051,2,34.4029,2,13.0,2,61.2,2,0.049,2,,2
996.0,2,3.5024,2,34.4034,2,13.1,2,61.1,2,0.049,2,,2
997.0,2,3.5014,2,34.4034,2,13.0,2,61.3,2,0.049,2,,2
998.0,2,3.5007,2,34.4034,2,13.0,2,61.3,2,0.049,2,,2
999.0,2,3.5,2,34.4036,2,13.0,2,61.3,2,0.049,2,,2
1000.0,2,3.4996,2,34.4036,2,13.0,2,61.3,2,0.049,2,,2
1001.0,2,3.4997,2,34.4036,2,13.0,2,61.3,2,0.049,2,,2
1002.0,2,3.4992,2,34.4035,2,13.0,2,61.3,2,0.049,2,,2
1003.0,2,3.4985,2,34.4038,2,13.1,2,61.3,2,0.049,2,,2
1004.0,2,3.4965,2,34.4042,2,13.0,2,61.3,2,0.049,2,,2
1005.0,2,3.4963,2,34.4041,2,13.0,2,61.2,2,0.049,2,,2
1006.0,2,3.4960000000000004,2,34.404,2,12.9,2,61.3,2,0.049,2,,2
1007.0,2,3.4898,2,34.4052,2,13.0,2,61.3,2,0.049,2,,2
1008.0,2,3.4877,2,34.4054,2,13.2,2,61.2,2,0.049,2,,2
1009.0,2,3.4863,2,34.4056,2,13.2,2,61.3,2,0.049,2,,2
1010.0,2,3.4847,2,34.4058,2,13.2,2,61.3,2,0.049,2,,2
1011.0,2,3.4841,2,34.4059,2,13.2,2,61.3,2,0.049,2,,2
1012.0,2,3.4814,2,34.4063,2,13.4,2,61.2,2,0.049,2,,2
1013.0,2,3.4794,2,34.4066,2,13.1,2,61.3,2,0.049,2,,2
1014.0,2,3.4791,2,34.4065,2,13.2,2,61.3,2,0.049,2,,2
1015.0,2,3.4788,2,34.4066,2,13.2,2,61.3,2,0.049,2,,2
1016.0,2,3.478,2,34.4066,2,13.2,2,61.2,2,0.049,2,,2
1017.0,2,3.477,2,34.4067,2,13.3,2,61.4,2,0.049,2,,2
1018.0,2,3.4754,2,34.407,2,13.2,2,61.3,2,0.049,2,,2
1019.0,2,3.4713,2,34.4075,2,13.2,2,61.3,2,0.049,2,,2
1020.0,2,3.4623,2,34.4087,2,13.3,2,61.4,2,0.049,2,,2
1021.0,2,3.4615,2,34.4087,2,13.5,2,61.3,2,0.049,2,,2
1022.0,2,3.46,2,34.4087,2,13.4,2,61.3,2,0.049,2,,2
1023.0,2,3.4567,2,34.4092,2,13.5,2,61.4,2,0.049,2,,2
1024.0,2,3.4541,2,34.4093,2,13.5,2,61.4,2,0.049,2,,2
1025.0,2,3.451,2,34.4098,2,13.4,2,61.3,2,0.049,2,,2
1026.0,2,3.4483,2,34.4099,2,13.4,2,61.3,2,0.049,2,,2
1027.0,2,3.4476,2,34.4099,2,13.5,2,61.4,2,0.049,2,,2
1028.0,2,3.4465,2,34.4099,2,13.3,2,61.3,2,0.049,2,,2
1029.0,2,3.443,2,34.4103,2,13.5,2,61.3,2,0.049,2,,2
1030.0,2,3.4368,2,34.411,2,13.5,2,61.2,2,0.049,2,,2
1031.0,2,3.4357,2,34.411,2,13.5,2,61.3,2,0.049,2,,2
1032.0,2,3.4344,2,34.4112,2,13.5,2,61.3,2,0.049,2,,2
1033.0,2,3.4342,2,34.4112,2,13.6,2,61.3,2,0.049,2,,2
1034.0,2,3.4322,2,34.4116,2,13.6,2,61.1,2,0.049,2,,2
1035.0,2,3.4315,2,34.4115,2,13.6,2,61.2,2,0.049,2,,2
1036.0,2,3.4311,2,34.4116,2,13.7,2,61.2,2,0.049,2,,2
1037.0,2,3.4311,2,34.4115,2,13.6,2,61.2,2,0.049,2,,2
1038.0,2,3.4283,2,34.412,2,13.6,2,61.2,2,0.049,2,,2
1039.0,2,3.427,2,34.412,2,13.6,2,61.2,2,0.049,2,,2
1040.0,2,3.4252,2,34.4123,2,13.7,2,61.2,2,0.049,2,,2
1041.0,2,3.4233,2,34.4126,2,13.7,2,61.2,2,0.049,2,,2
1042.0,2,3.4221,2,34.4125,2,13.7,2,61.2,2,0.049,2,,2
1043.0,2,3.4182,2,34.4129,2,13.7,2,61.2,2,0.049,2,,2
1044.0,2,3.4088,2,34.4136,2,13.8,2,61.2,2,0.049,2,,2
1045.0,2,3.4024,2,34.4146,2,13.8,2,61.2,2,0.049,2,,2
1046.0,2,3.4010000000000002,2,34.4148,2,13.8,2,61.2,2,0.049,2,,2
1047.0,2,3.3987,2,34.4152,2,13.9,2,61.2,2,0.049,2,,2
1048.0,2,3.3968,2,34.4155,2,13.8,2,61.2,2,0.049,2,,2
1049.0,2,3.3962,2,34.4156,2,13.9,2,61.2,2,0.049,2,,2
1050.0,2,3.3960000000000004,2,34.4156,2,13.9,2,61.2,2,0.049,2,,2
1051.0,2,3.3961,2,34.4156,2,14.0,2,61.2,2,0.049,2,,2
1052.0,2,3.3949,2,34.4156,2,13.9,2,61.2,2,0.049,2,,2
1053.0,2,3.3944,2,34.4159,2,13.9,2,61.2,2,0.049,2,,2
1054.0,2,3.3943,2,34.416,2,13.9,2,61.2,2,0.049,2,,2
1055.0,2,3.3908,2,34.4162,2,14.0,2,61.2,2,0.049,2,,2
1056.0,2,3.3814,2,34.4173,2,14.2,2,61.2,2,0.049,2,,2
1057.0,2,3.3792,2,34.4175,2,13.9,2,61.1,2,0.049,2,,2
1058.0,2,3.3785,2,34.4174,2,14.0,2,61.1,2,0.049,2,,2
1059.0,2,3.3779,2,34.4174,2,14.0,2,61.1,2,0.049,2,,2
1060.0,2,3.3766,2,34.4177,2,14.2,2,61.1,2,0.049,2,,2
1061.0,2,3.3735,2,34.418,2,14.2,2,61.1,2,0.049,2,,2
1062.0,2,3.3684,2,34.4188,2,14.2,2,61.1,2,0.049,2,,2
1063.0,2,3.3601,2,34.42,2,14.4,2,61.1,2,0.049,2,,2
1064.0,2,3.3553,2,34.4208,2,14.2,2,61.1,2,0.049,2,,2
1065.0,2,3.3554,2,34.4207,2,14.2,2,61.1,2,0.049,2,,2
1066.0,2,3.3532,2,34.4209,2,14.4,2,61.1,2,0.049,2,,2
1067.0,2,3.3505,2,34.4212,2,14.4,2,61.1,2,0.049,2,,2
1068.0,2,3.3481,2,34.4216,2,14.4,2,61.1,2,0.049,2,,2
1069.0,2,3.3451,2,34.4219,2,14.6,2,61.1,2,0.049,2,,2
1070.0,2,3.3349,2,34.4232,2,14.7,2,61.1,2,0.049,2,,2
1071.0,2,3.312,2,34.4263,2,14.8,2,61.0,2,0.049,2,,2
1072.0,2,3.3083,2,34.4265,2,14.8,2,61.0,2,0.049,2,,2
1073.0,2,3.3075,2,34.4264,2,14.9,2,61.0,2,0.049,2,,2
1074.0,2,3.3045,2,34.4268,2,15.0,2,60.9,2,0.049,2,,2
1075.0,2,3.3,2,34.4274,2,14.9,2,61.0,2,0.049,2,,2
1076.0,2,3.2976,2,34.4278,2,15.1,2,61.0,2,0.049,2,,2
1077.0,2,3.2956,2,34.4282,2,15.0,2,60.9,2,0.08199999999999999,2,,2
1078.0,2,3.2875,2,34.4293,2,15.1,2,60.9,2,0.063,2,,2
1079.0,2,3.2837,2,34.4297,2,15.0,2,61.0,2,0.049,2,,2
1080.1,2,3.2823,2,34.4298,2,15.0,2,60.9,2,0.052000000000000005,2,,2
1080.9,2,3.2821,2,34.4297,2,15.1,2,60.9,2,0.049,2,,2
1082.0,2,3.2784,2,34.4303,2,15.1,2,60.7,2,0.049,2,,2
1083.0,2,3.2734,2,34.431,2,15.4,2,60.9,2,0.049,2,,2
1084.0,2,3.2691,2,34.4312,2,15.5,2,60.8,2,0.049,2,,2
1085.0,2,3.2585,2,34.4328,2,15.4,2,60.8,2,0.049,2,,2
1086.0,2,3.2501,2,34.4336,2,15.4,2,60.7,2,0.049,2,,2
1087.0,2,3.2473,2,34.4339,2,15.5,2,60.7,2,0.049,2,,2
1088.0,2,3.2455,2,34.434,2,15.6,2,60.6,2,0.049,2,,2
1089.0,2,3.2381,2,34.4349,2,15.6,2,60.6,2,0.049,2,,2
1090.0,2,3.2315,2,34.4356,2,15.6,2,60.2,2,0.049,2,,2
1091.0,2,3.2277,2,34.4359,2,15.6,2,60.4,2,0.049,2,,2
1092.0,2,3.2235,2,34.4365,2,15.6,2,60.5,2,0.049,2,,2
1093.0,2,3.2217,2,34.4366,2,15.8,2,60.5,2,0.049,2,,2
1094.0,2,3.221,2,34.4368,2,15.7,2,60.4,2,0.049,2,,2
1095.0,2,3.2212,2,34.4369,2,15.7,2,60.5,2,0.049,2,,2
1096.0,2,3.2192,2,34.4369,2,15.6,2,60.5,2,0.049,2,,2
1097.0,2,3.2192,2,34.437,2,15.7,2,60.5,2,0.049,2,,2
1098.0,2,3.219,2,34.4371,2,15.6,2,60.5,2,0.049,2,,2
1099.0,2,3.2169,2,34.4374,2,15.8,2,60.5,2,0.049,2,,2
1100.0,2,3.2152,2,34.4376,2,15.8,2,60.5,2,0.049,2,,2
1101.0,2,3.215,2,34.4376,2,15.7,2,60.5,2,0.049,2,,2
1102.0,2,3.2145,2,34.4376,2,15.7,2,60.5,2,0.049,2,,2
1103.1,2,3.214,2,34.4376,2,15.8,2,60.5,2,0.049,2,,2
1103.9,2,3.2143,2,34.4376,2,15.6,2,60.5,2,0.049,2,,2
1105.0,2,3.2145,2,34.4377,2,15.8,2,60.5,2,0.049,2,,2
1106.0,2,3.2146,2,34.4377,2,15.8,2,60.4,2,0.049,2,,2
1107.0,2,3.2142,2,34.4377,2,15.7,2,60.5,2,0.049,2,,2
1108.0,2,3.2126,2,34.4381,2,15.7,2,60.6,2,0.049,2,,2
1109.0,2,3.2123,2,34.4381,2,15.9,2,60.5,2,0.049,2,,2
1110.0,2,3.2115,2,34.4382,2,15.7,2,60.6,2,0.049,2,,2
1111.0,2,3.21,2,34.4386,2,15.9,2,60.7,2,0.049,2,,2
1112.0,2,3.2092,2,34.4387,2,15.8,2,60.7,2,0.049,2,,2
1113.0,2,3.2089999999999996,2,34.4388,2,15.7,2,60.7,2,0.048,2,,2
1114.0,2,3.2082,2,34.4388,2,15.8,2,60.7,2,0.049,2,,2
1115.0,2,3.2059,2,34.4392,2,15.9,2,60.9,2,0.049,2,,2
1116.0,2,3.2036,2,34.4396,2,15.8,2,60.9,2,0.049,2,,2
1117.0,2,3.2035,2,34.4396,2,15.8,2,60.9,2,0.049,2,,2
1118.0,2,3.2030000000000003,2,34.4397,2,15.8,2,60.9,2,0.049,2,,2
1119.0,2,3.2017,2,34.4399,2,15.9,2,61.0,2,0.049,2,,2
1120.0,2,3.2013,2,34.4401,2,15.9,2,61.0,2,0.049,2,,2
1121.0,2,3.2008,2,34.4401,2,15.7,2,61.0,2,0.049,2,,2
1122.0,2,3.2007,2,34.4401,2,15.9,2,61.0,2,0.049,2,,2
1123.0,2,3.2,2,34.4402,2,15.8,2,61.1,2,0.049,2,,2
1124.0,2,3.199,2,34.4404,2,15.7,2,61.0,2,0.049,2,,2
1125.0,2,3.1976,2,34.4406,2,15.9,2,61.1,2,0.049,2,,2
1126.0,2,3.1973,2,34.4406,2,15.9,2,61.0,2,0.049,2,,2
1127.0,2,3.1953,2,34.441,2,15.8,2,61.1,2,0.049,2,,2
1128.0,2,3.1928,2,34.4413,2,15.9,2,61.2,2,0.049,2,,2
1128.9,2,3.1845,2,34.4423,2,16.2,2,61.2,2,0.049,2,,2
1130.5,2,3.1715,2,34.4445,2,15.9,2,61.4,2,0.049,2,,2
1131.0,2,3.1692,2,34.4444,2,16.0,2,61.4,2,0.049,2,,2
1132.0,2,3.1681,2,34.4444,2,16.3,2,61.4,2,0.049,2,,2
1133.0,2,3.1672,2,34.4445,2,16.2,2,61.4,2,0.044000000000000004,2,,2
1134.1,2,3.1663,2,34.4443,2,16.2,2,61.3,2,0.047,2,,2
1135.0,2,3.1636,2,34.4445,2,16.2,2,61.4,2,0.049,2,,2
1135.9,2,3.1609,2,34.445,2,16.2,2,61.4,2,0.049,2,,2
1137.2,2,3.159,2,34.4452,2,16.5,2,61.4,2,0.049,2,,2
1138.1,2,3.1563,2,34.4454,2,16.3,2,61.3,2,0.049,2,,2
1139.0,2,3.1545,2,34.4456,2,16.2,2,61.4,2,0.049,2,,2
1140.0,2,3.1547,2,34.4455,2,16.4,2,61.3,2,0.049,2,,2
1141.0,2,3.1554,2,34.4454,2,16.3,2,61.3,2,0.049,2,,2
1142.0,2,3.1555,2,34.4455,2,16.4,2,61.3,2,0.049,2,,2
1143.0,2,3.1553,2,34.4455,2,16.4,2,61.3,2,0.049,2,,2
1144.0,2,3.1558,2,34.4454,2,16.4,2,61.2,2,0.049,2,,2
1145.0,2,3.1539,2,34.4458,2,16.5,2,61.2,2,0.049,2,,2
1146.0,2,3.1522,2,34.4461,2,16.5,2,61.3,2,0.049,2,,2
1147.0,2,3.1516,2,34.4461,2,16.4,2,61.3,2,0.049,2,,2
1148.0,2,3.1502,2,34.4464,2,16.4,2,61.3,2,0.043,2,,2
1149.0,2,3.1482,2,34.4468,2,16.6,2,61.4,2,0.048,2,,2
1150.0,2,3.1407,2,34.4479,2,16.7,2,61.4,2,0.049,2,,2
1151.0,2,3.1371,2,34.4483,2,16.5,2,61.4,2,0.049,2,,2
1152.0,2,3.1369,2,34.4482,2,16.6,2,61.4,2,0.049,2,,2
1153.0,2,3.1359,2,34.4483,2,16.6,2,61.4,2,0.049,2,,2
1154.0,2,3.1364,2,34.4483,2,16.7,2,61.4,2,0.049,2,,2
1155.0,2,3.1365,2,34.4482,2,16.6,2,61.3,2,0.049,2,,2
1156.0,2,3.1366,2,34.4483,2,16.6,2,61.4,2,0.049,2,,2
1157.0,2,3.1363,2,34.4482,2,16.6,2,61.4,2,0.049,2,,2
1158.0,2,3.1349,2,34.4485,2,16.7,2,61.4,2,0.043,2,,2
1159.0,2,3.1344,2,34.4487,2,16.7,2,61.4,2,0.046,2,,2
1160.0,2,3.1341,2,34.4487,2,16.7,2,61.4,2,0.068,2,,2
1160.9,2,3.1322,2,34.4489,2,16.7,2,61.4,2,0.069,2,,2
1162.0,2,3.1293,2,34.4493,2,16.8,2,61.4,2,0.049,2,,2
1163.0,2,3.1286,2,34.4493,2,16.7,2,61.4,2,0.049,2,,2
1164.0,2,3.1286,2,34.4493,2,16.8,2,61.5,2,0.049,2,,2
1165.0,2,3.1285,2,34.4493,2,16.9,2,61.5,2,0.049,2,,2
1166.0,2,3.1285,2,34.4492,2,16.8,2,61.5,2,0.049,2,,2
1167.0,2,3.1285,2,34.4494,2,16.7,2,61.4,2,0.049,2,,2
1168.0,2,3.1282,2,34.4494,2,16.8,2,61.4,2,0.049,2,,2
1169.0,2,3.1281,2,34.4493,2,16.8,2,61.4,2,0.049,2,,2
1170.0,2,3.1276,2,34.4494,2,16.7,2,61.5,2,0.049,2,,2
1171.0,2,3.1275,2,34.4494,2,16.7,2,61.4,2,0.049,2,,2
1172.0,2,3.1276,2,34.4494,2,17.0,2,61.4,2,0.049,2,,2
1173.0,2,3.1274,2,34.4495,2,16.7,2,61.4,2,0.045,2,,2
1174.0,2,3.1275,2,34.4494,2,16.8,2,61.4,2,0.049,2,,2
1175.0,2,3.1277,2,34.4494,2,16.7,2,61.4,2,0.049,2,,2
1176.0,2,3.1274,2,34.4495,2,16.7,2,61.4,2,0.049,2,,2
1177.0,2,3.1262,2,34.4495,2,17.0,2,61.4,2,0.049,2,,2
1178.0,2,3.1255,2,34.4495,2,16.9,2,61.4,2,0.049,2,,2
1179.0,2,3.1232,2,34.4498,2,16.7,2,61.4,2,0.048,2,,2
1179.9,2,3.1188,2,34.4503,2,16.8,2,61.4,2,0.049,2,,2
1181.4,2,3.1074,2,34.4513,2,17.1,2,61.4,2,0.049,2,,2
1182.0,2,3.1043,2,34.4514,2,17.1,2,61.4,2,0.049,2,,2
1183.0,2,3.1036,2,34.4513,2,17.1,2,61.5,2,0.049,2,,2
1184.0,2,3.1025,2,34.4515,2,17.1,2,61.5,2,0.049,2,,2
1185.0,2,3.1010000000000004,2,34.4516,2,17.0,2,61.5,2,0.049,2,,2
1186.0,2,3.0989,2,34.4518,2,17.2,2,61.4,2,0.049,2,,2
1187.0,2,3.0983,2,34.4517,2,17.2,2,61.5,2,0.049,2,,2
1188.0,2,3.0926,2,34.4526,2,17.1,2,61.5,2,0.049,2,,2
1189.0,2,3.0892,2,34.4531,2,17.4,2,61.4,2,0.049,2,,2
1190.0,2,3.0858,2,34.4534,2,17.2,2,61.5,2,0.047,2,,2
1191.0,2,3.0849,2,34.4536,2,17.4,2,61.5,2,0.049,2,,2
1192.0,2,3.0835,2,34.4537,2,17.5,2,61.4,2,0.049,2,,2
1193.0,2,3.0807,2,34.4543,2,17.5,2,61.5,2,0.048,2,,2
1194.0,2,3.0765,2,34.4551,2,17.5,2,61.4,2,0.049,2,,2
1195.0,2,3.0737,2,34.4555,2,17.7,2,61.4,2,0.047,2,,2
1196.0,2,3.0698,2,34.4559,2,17.7,2,61.4,2,0.045,2,,2
1197.0,2,3.0691,2,34.4561,2,17.7,2,61.4,2,0.049,2,,2
1198.0,2,3.0677,2,34.4564,2,17.9,2,61.4,2,0.049,2,,2
1199.0,2,3.0669,2,34.4565,2,17.8,2,61.4,2,0.049,2,,2
1200.0,2,3.0641,2,34.457,2,17.9,2,61.4,2,0.049,2,,2
1201.0,2,3.0612,2,34.4575,2,17.9,2,61.4,2,0.049,2,,2
1202.0,2,3.0608,2,34.4575,2,17.9,2,61.3,2,0.049,2,,2
1203.0,2,3.0599,2,34.4578,2,18.0,2,61.4,2,0.049,2,,2
1204.0,2,3.0593,2,34.4579,2,17.9,2,61.4,2,0.049,2,,2
1205.0,2,3.0592,2,34.4579,2,18.0,2,61.3,2,0.049,2,,2
1206.0,2,3.0582,2,34.4581,2,18.2,2,61.3,2,0.049,2,,2
1207.0,2,3.0564,2,34.4584,2,18.0,2,61.2,2,0.045,2,,2
1208.0,2,3.0549,2,34.4586,2,18.2,2,61.4,2,0.049,2,,2
1209.0,2,3.0544,2,34.4587,2,18.1,2,61.4,2,0.040999999999999995,2,,2
1210.0,2,3.0537,2,34.4588,2,18.2,2,61.4,2,0.049,2,,2
1211.0,2,3.0529,2,34.459,2,18.3,2,61.4,2,0.047,2,,2
1212.0,2,3.0507,2,34.4594,2,18.3,2,61.4,2,0.045,2,,2
1213.0,2,3.0469,2,34.4599,2,18.5,2,61.3,2,0.040999999999999995,2,,2
1214.0,2,3.0401,2,34.4609,2,18.5,2,61.3,2,0.046,2,,2
1215.0,2,3.0369,2,34.4613,2,18.5,2,61.4,2,0.049,2,,2
1216.0,2,3.0369,2,34.4612,2,18.6,2,61.2,2,0.049,2,,2
1216.9,2,3.0351,2,34.4613,2,18.7,2,61.3,2,0.049,2,,2
1218.0,2,3.0275,2,34.4625,2,18.7,2,61.2,2,0.048,2,,2
1219.0,2,3.0246,2,34.4627,2,18.8,2,61.1,2,0.045,2,,2
1220.0,2,3.0215,2,34.463,2,18.9,2,61.0,2,0.049,2,,2
1221.0,2,3.0204,2,34.4631,2,19.0,2,61.0,2,0.045,2,,2
1222.0,2,3.0204,2,34.463,2,19.0,2,61.1,2,0.049,2,,2
1223.0,2,3.0198,2,34.4632,2,19.1,2,61.1,2,0.045,2,,2
1224.0,2,3.0175,2,34.4635,2,19.2,2,61.0,2,0.040999999999999995,2,,2
1225.0,2,3.0081,2,34.4647,2,19.1,2,61.0,2,0.049,2,,2
1226.1,2,3.003,2,34.4653,2,19.2,2,60.9,2,0.049,2,,2
1227.3,2,3.0028,2,34.4653,2,19.3,2,60.9,2,0.049,2,,2
1228.0,2,3.0024,2,34.4654,2,19.3,2,61.0,2,0.049,2,,2
1229.0,2,3.0,2,34.4657,2,19.4,2,61.0,2,0.044000000000000004,2,,2
1230.0,2,2.9994,2,34.4657,2,19.3,2,61.0,2,0.047,2,,2
1231.0,2,2.9964,2,34.4662,2,19.5,2,61.0,2,0.048,2,,2
1232.0,2,2.9953,2,34.4662,2,19.5,2,61.0,2,0.045,2,,2
1233.0,2,2.9948,2,34.4663,2,19.3,2,61.0,2,0.046,2,,2
1234.0,2,2.9936,2,34.4665,2,19.5,2,61.0,2,0.049,2,,2
1235.0,2,2.9921,2,34.4668,2,19.6,2,61.0,2,0.049,2,,2
1236.0,2,2.9898,2,34.4671,2,19.5,2,61.0,2,0.047,2,,2
1237.0,2,2.9887,2,34.4671,2,19.5,2,61.0,2,0.047,2,,2
1238.0,2,2.9877,2,34.4674,2,19.7,2,61.0,2,0.049,2,,2
1239.0,2,2.9858,2,34.4677,2,19.9,2,61.0,2,0.048,2,,2
1240.0,2,2.9823,2,34.468,2,19.7,2,61.0,2,0.048,2,,2
1241.0,2,2.9781,2,34.4685,2,19.8,2,60.5,2,0.04,2,,2
1242.0,2,2.9752,2,34.4688,2,19.8,2,60.9,2,0.046,2,,2
1243.0,2,2.9725,2,34.4691,2,19.9,2,60.9,2,0.048,2,,2
1244.0,2,2.9697,2,34.4695,2,19.9,2,61.0,2,0.045,2,,2
1245.0,2,2.9683,2,34.4697,2,20.1,2,61.0,2,0.048,2,,2
1246.0,2,2.9672,2,34.4698,2,20.3,2,61.0,2,0.049,2,,2
1247.0,2,2.9613,2,34.4706,2,20.1,2,61.0,2,0.048,2,,2
1248.0,2,2.9546,2,34.4715,2,20.2,2,61.1,2,0.044000000000000004,2,,2
1249.0,2,2.9521,2,34.4718,2,20.2,2,61.2,2,0.048,2,,2
1250.0,2,2.9509,2,34.472,2,20.3,2,61.2,2,0.043,2,,2
1251.0,2,2.9509,2,34.472,2,20.0,2,61.3,2,0.043,2,,2
1252.0,2,2.9509,2,34.4721,2,20.3,2,61.3,2,0.042,2,,2
1253.0,2,2.9498,2,34.4723,2,20.5,2,61.3,2,0.046,2,,2
1254.0,2,2.9497,2,34.4721,2,20.5,2,61.4,2,0.049,2,,2
1255.0,2,2.9496,2,34.4722,2,20.3,2,61.3,2,0.044000000000000004,2,,2
1256.0,2,2.9497,2,34.4723,2,20.2,2,61.4,2,0.043,2,,2
1257.1,2,2.9497,2,34.4722,2,20.2,2,61.4,2,0.049,2,,2
1258.0,2,2.9499,2,34.4723,2,20.3,2,61.2,2,0.049,2,,2
1259.0,2,2.9485,2,34.4726,2,20.5,2,61.3,2,0.042,2,,2
1260.0,2,2.9388,2,34.4741,2,20.4,2,61.4,2,0.042,2,,2
1261.0,2,2.9363,2,34.4743,2,20.6,2,61.3,2,0.047,2,,2
1262.0,2,2.9344,2,34.4742,2,20.7,2,61.3,2,0.049,2,,2
1263.0,2,2.9321,2,34.4744,2,20.6,2,61.3,2,0.049,2,,2
1263.9,2,2.9316,2,34.4744,2,20.7,2,61.3,2,0.047,2,,2
1264.9,2,2.9252,2,34.4751,2,20.8,2,61.3,2,0.046,2,,2
1266.0,2,2.9173,2,34.476,2,21.0,2,61.2,2,0.047,2,,2
1267.0,2,2.9136,2,34.4765,2,21.1,2,61.2,2,0.048,2,,2
1268.0,2,2.9095,2,34.477,2,21.1,2,61.1,2,0.049,2,,2
1269.0,2,2.903,2,34.4775,2,21.3,2,61.1,2,0.045,2,,2
1270.0,2,2.8957,2,34.4786,2,21.2,2,60.9,2,0.04,2,,2
1271.0,2,2.895,2,34.4786,2,21.4,2,61.0,2,0.049,2,,2
1272.0,2,2.8949,2,34.4786,2,21.5,2,61.0,2,0.049,2,,2
1273.0,2,2.8944,2,34.4787,2,21.4,2,61.0,2,0.049,2,,2
1274.0,2,2.8931,2,34.4789,2,21.3,2,61.0,2,0.049,2,,2
1274.7,2,2.8928,2,34.4787,2,21.2,2,60.8,2,0.049,2,,2
1276.0,2,2.8922,2,34.4789,2,21.3,2,60.9,2,0.047,2,,2
1277.0,2,2.8925,2,34.479,2,21.5,2,61.0,2,0.049,2,,2
1278.0,2,2.8909,2,34.479,2,21.5,2,60.9,2,0.049,2,,2
1279.0,2,2.8888,2,34.4792,2,21.5,2,60.9,2,0.046,2,,2
1280.0,2,2.8889,2,34.4793,2,21.5,2,60.9,2,0.045,2,,2
1281.0,2,2.8889,2,34.4794,2,21.4,2,60.6,2,0.04,2,,2
1282.0,2,2.8887,2,34.4793,2,21.4,2,60.4,2,0.049,2,,2
1283.0,2,2.8868,2,34.4796,2,21.4,2,60.7,2,0.049,2,,2
1284.0,2,2.8834,2,34.48,2,21.5,2,60.8,2,0.049,2,,2
1285.0,2,2.8827,2,34.4801,2,21.5,2,60.8,2,0.049,2,,2
1286.0,2,2.8813,2,34.4802,2,21.6,2,60.7,2,0.046,2,,2
1287.0,2,2.8795,2,34.4804,2,21.7,2,60.7,2,0.049,2,,2
1288.0,2,2.8771,2,34.4807,2,21.5,2,60.7,2,0.044000000000000004,2,,2
1289.0,2,2.8744,2,34.4811,2,21.7,2,60.6,2,0.048,2,,2
1290.0,2,2.8727,2,34.4813,2,21.7,2,60.6,2,0.048,2,,2
1291.0,2,2.8724,2,34.4812,2,21.5,2,60.5,2,0.049,2,,2
1292.0,2,2.8710000000000004,2,34.4814,2,21.8,2,60.5,2,0.049,2,,2
1292.5,2,2.8708,2,34.4814,2,21.8,2,60.5,2,0.049,2,,2
1294.0,2,2.8689,2,34.4818,2,21.9,2,60.6,2,0.049,2,,2
1295.0,2,2.8637,2,34.4824,2,22.2,2,60.6,2,0.048,2,,2
1296.0,2,2.8587,2,34.4831,2,22.2,2,60.6,2,0.049,2,,2
1297.0,2,2.855,2,34.4836,2,22.1,2,60.6,2,0.043,2,,2
1298.0,2,2.8546,2,34.4835,2,22.2,2,60.6,2,0.043,2,,2
1299.0,2,2.8533,2,34.4836,2,22.1,2,60.6,2,0.043,2,,2
1299.7,2,2.8531,2,34.4837,2,22.2,2,60.5,2,0.049,2,,2
1301.1,2,2.8493,2,34.4845,2,22.3,2,60.6,2,0.049,2,,2
1302.0,2,2.8472,2,34.4847,2,22.4,2,60.5,2,0.043,2,,2
1302.9,2,2.841,2,34.4852,2,22.4,2,60.5,2,0.04,2,,2
1303.9,2,2.8368,2,34.486,2,22.5,2,60.5,2,0.049,2,,2
END_DATA
