CTD,20190304CCHSIOLMM
#---------------------------------------------------------------------------------------------------,,,,,,,,,,,,,,,,
#Fluorescence - Transmissivity and PAR data are nominal and unedited except that some records were removed in editing temperature and salinity.,,,,,,,,,,,,,,,,
#---------------------------------------------------------------------------------------------------,,,,,,,,,,,,,,,,
#COMMENTS FOR CASTS 0001 TO 0032,,,,,,,,,,,,,,,,
#CTD Serial Number 0506; SBE Dissolved Oxygen sensor Serial Number 1176.,,,,,,,,,,,,,,,,
#,,,,,,,,,,,,,,,,
#As has been noted from several other cruises using Oxygen:Dissolved:CTD sensor #1176 in the summer 2010 the data are odd for some casts (casts 0022 to 0032) with concentration values offset by approximately 0.24 ml/l from the normal-looking casts and a higher noise level in the raw oxygen voltage.,,,,,,,,,,,,,,,,
#Data were recalibrated to correct for this offset but there were only 3 casts with titrated dissolved oxygen samples for the normal casts and 1 from the odd casts.,,,,,,,,,,,,,,,,
#Establishing which casts require the special recalibration was based on the noise level in the Oxygen:Dissolved:CTD voltage and information from other cruises was used to recalibrate the odd casts.,,,,,,,,,,,,,,,,
#,,,,,,,,,,,,,,,,
#The quality of the Oxygen:Dissolved:CTD calibration is considered lower than usual and there are insufficient data to make precision estimates. ,,,,,,,,,,,,,,,,
#,,,,,,,,,,,,,,,,
#---------------------------------------------------------------------------------------------------,,,,,,,,,,,,,,,,
#COMMENTS FOR CASTS 0036 TO 0129,,,,,,,,,,,,,,,,
#CTD Serial Number 0443; SBE Dissolved Oxygen sensor Serial Number 1483.,,,,,,,,,,,,,,,,
#,,,,,,,,,,,,,,,,
#There are only 3 casts with titrated dissolved oxygen samples that could be compared to the Oxygen:Dissolved:CTD data for sensor #1438 and 1 of them looked significantly different in the comparison from the other 2. ,,,,,,,,,,,,,,,,
#Recalibration of dissolved oxygen was based on the 2 casts that looked similar.,,,,,,,,,,,,,,,,
#There are insufficient data to make a precision estimate.,,,,,,,,,,,,,,,,
#,,,,,,,,,,,,,,,,
#For Oxygen:Dissolved:CTD sensor #1438 values below 2200 dbar were replaced by pad values because there is evidence of significant hysteresis.,,,,,,,,,,,,,,,,
#The Salinity:Practical data from CTD #0443 showed evidence of flow rate problems in the top 200 dbar; the two-sided noise caused by that was minimized by bin-averaging.,,,,,,,,,,,,,,,,
#,,,,,,,,,,,,,,,,
#***********************************************************************,,,,,,,,,,,,,,,,
#In June 2011 it was discovered that the wrong information was used for conversion of the Oxygen:Dissolved:CTD sensor data for CTD #0443.,,,,,,,,,,,,,,,,
#Sensor #1483 was actually used for this cruise.,,,,,,,,,,,,,,,,
#,,,,,,,,,,,,,,,,
#The Oxygen:Dissolved:CTD channel was reprocessed. ,,,,,,,,,,,,,,,,
#A new recalibration scheme was found by rerunning the bottle comparison. ,,,,,,,,,,,,,,,,
#The files were then merged with all the other channels from the original processing.,,,,,,,,,,,,,,,,
#,,,,,,,,,,,,,,,,
#The hysteresis noted in the original processing remains and the quality of the data is still considered of lower quality than usual.,,,,,,,,,,,,,,,,
#,,,,,,,,,,,,,,,,
#Note that the correct calibration information for the Oxygen:Dissolved:CTD sensor can be found at the end of the processing report along with detail about how the reprocessing was done.,,,,,,,,,,,,,,,,
#,,,,,,,,,,,,,,,,
#---------------------------------------------------------------------------------------------------,,,,,,,,,,,,,,,,
#For details on the processing see file 2010-14-proc.pdf.,,,,,,,,,,,,,,,,
#---------------------------------------------------------------------------------------------------,,,,,,,,,,,,,,,,
#,,,,,,,,,,,,,,,,
#File Name,Zone,FIL:START TIME YYYY/MM/DD, HH:MM,LOC:EVENT_NUMBER,LOC:LATITUDE,LOC:LONGITUDE,LOC:STATION,Pressure:CTD [dbar],Temperature:CTD [deg_C_(ITS90)],Salinity:Practical:CTD [PSS-78],Sigma-t:CTD [kg/m^3],Transmissivity:CTD [*/m],Oxygen:Dissolved:CTD:Volume [ml/l],Oxygen:Dissolved:CTD:Mass [µmol/kg],Fluorescence:CTD [mg/m^3],PAR:CTD [µE/m^2/sec]
#,,,,,,,,,,,,,,,,
NUMBER_HEADERS = 8
EXPOCODE = 18DD20100817
STNBR = P4
CASTNO = 2
DATE = 20/08/2010
TIME =  15:44
LATITUDE = 48.65
LONGITUDE = -126.667
CTDPRS,CTDPRS_FLAG_W,CTDTMP,CTDTMP_FLAG_W,CTDSAL,CTDSAL_FLAG_W,CTDOXY,CTDOXY_FLAG_W,CTDXMISS,CTDXMISS_FLAG_W,CTDFLUOR,CTDFLUOR_FLAG_W,PAR,PAR_FLAG_W
DBAR,,ITS-90,,PSS-78,,UMOL/KG,,,,MG/M^3,,UE/m^2/sec,
3.3,2,11.8665,2,32.0826,2,274.0,2,32.3,2,1.348,2,,2
4.0,2,11.8644,2,32.0833,2,274.1,2,32.2,2,1.358,2,,2
5.0,2,11.8557,2,32.0851,2,274.1,2,32.1,2,1.4240000000000002,2,,2
6.0,2,11.8386,2,32.0888,2,273.8,2,32.1,2,1.456,2,,2
6.9,2,11.8496,2,32.0859,2,273.8,2,32.3,2,1.5730000000000002,2,,2
8.0,2,11.854000000000001,2,32.085,2,273.7,2,32.2,2,1.786,2,,2
9.0,2,11.8561,2,32.0842,2,274.2,2,32.1,2,1.835,2,,2
10.0,2,11.8625,2,32.0826,2,273.8,2,32.0,2,1.8419999999999999,2,,2
11.0,2,11.8516,2,32.0863,2,273.6,2,31.9,2,1.87,2,,2
12.0,2,11.8099,2,32.098,2,274.4,2,32.1,2,1.953,2,,2
13.0,2,11.7925,2,32.1031,2,273.2,2,32.1,2,2.009,2,,2
14.0,2,11.5042,2,32.1906,2,265.9,2,32.5,2,2.227,2,,2
15.0,2,11.3065,2,32.2186,2,257.2,2,33.7,2,2.452,2,,2
16.0,2,11.0905,2,32.2367,2,251.4,2,34.9,2,2.516,2,,2
17.0,2,10.7152,2,32.2349,2,248.8,2,37.9,2,2.306,2,,2
18.0,2,10.2957,2,32.2276,2,248.1,2,42.9,2,1.912,2,,2
19.0,2,10.1579,2,32.229,2,246.4,2,44.7,2,1.689,2,,2
20.0,2,10.0904,2,32.2295,2,244.6,2,46.0,2,1.4780000000000002,2,,2
21.0,2,10.0286,2,32.2327,2,243.1,2,47.0,2,1.301,2,,2
22.0,2,9.8337,2,32.2472,2,245.2,2,48.2,2,1.1740000000000002,2,,2
23.0,2,9.4894,2,32.2767,2,252.3,2,51.1,2,0.919,2,,2
24.0,2,9.1769,2,32.314,2,257.8,2,54.0,2,0.667,2,,2
25.0,2,8.925,2,32.3619,2,260.6,2,57.0,2,0.483,2,,2
26.0,2,8.8555,2,32.3737,2,262.6,2,57.8,2,0.40700000000000003,2,,2
27.0,2,8.8435,2,32.3807,2,263.7,2,58.3,2,0.327,2,,2
28.0,2,8.8428,2,32.3833,2,264.6,2,58.3,2,0.321,2,,2
29.0,2,8.8435,2,32.3867,2,265.4,2,58.4,2,0.268,2,,2
30.0,2,8.8449,2,32.3906,2,266.4,2,58.5,2,0.264,2,,2
31.0,2,8.8442,2,32.3938,2,268.0,2,58.5,2,0.244,2,,2
32.0,2,8.8461,2,32.3972,2,270.2,2,58.5,2,0.20600000000000002,2,,2
33.0,2,8.8398,2,32.4043,2,271.3,2,58.6,2,0.195,2,,2
34.0,2,8.7955,2,32.4165,2,272.0,2,58.9,2,0.18,2,,2
35.0,2,8.7254,2,32.4276,2,273.3,2,59.3,2,0.153,2,,2
36.0,2,8.6419,2,32.4344,2,275.3,2,59.4,2,0.138,2,,2
37.0,2,8.552,2,32.4452,2,277.3,2,59.7,2,0.134,2,,2
38.0,2,8.5161,2,32.453,2,278.5,2,59.7,2,0.122,2,,2
39.0,2,8.4903,2,32.4616,2,279.1,2,59.7,2,0.11900000000000001,2,,2
40.0,2,8.4766,2,32.4651,2,279.2,2,59.7,2,0.126,2,,2
41.0,2,8.4635,2,32.4677,2,278.7,2,59.8,2,0.11599999999999999,2,,2
42.0,2,8.4459,2,32.4702,2,279.8,2,59.8,2,0.11800000000000001,2,,2
43.0,2,8.4439,2,32.4706,2,281.3,2,59.9,2,0.109,2,,2
44.0,2,8.4192,2,32.4749,2,281.7,2,59.9,2,0.11,2,,2
45.0,2,8.3959,2,32.4791,2,282.1,2,60.0,2,0.11,2,,2
46.0,2,8.3796,2,32.4802,2,282.5,2,60.0,2,0.11800000000000001,2,,2
47.0,2,8.3346,2,32.4842,2,282.4,2,60.0,2,0.11,2,,2
48.0,2,8.2837,2,32.4893,2,281.7,2,60.0,2,0.099,2,,2
49.0,2,8.2306,2,32.4933,2,280.5,2,60.0,2,0.107,2,,2
50.0,2,8.1722,2,32.4964,2,278.2,2,60.0,2,0.115,2,,2
51.0,2,8.1544,2,32.4976,2,275.0,2,60.1,2,0.121,2,,2
52.0,2,8.1324,2,32.5005,2,272.7,2,60.1,2,0.105,2,,2
53.0,2,8.0891,2,32.5077,2,271.0,2,60.1,2,0.098,2,,2
54.0,2,8.0192,2,32.5169,2,270.2,2,60.1,2,0.09300000000000001,2,,2
55.0,2,7.9544,2,32.5272,2,269.7,2,60.2,2,0.10300000000000001,2,,2
56.0,2,7.9448,2,32.5295,2,269.2,2,60.2,2,0.094,2,,2
57.0,2,7.9206,2,32.5344,2,268.5,2,60.3,2,0.09699999999999999,2,,2
58.0,2,7.8832,2,32.5433,2,267.1,2,60.3,2,0.086,2,,2
59.0,2,7.8497,2,32.5527,2,264.7,2,60.3,2,0.085,2,,2
60.0,2,7.8164,2,32.5676,2,261.4,2,60.4,2,0.098,2,,2
61.0,2,7.7978,2,32.5778,2,258.3,2,60.3,2,0.096,2,,2
62.0,2,7.771,2,32.5931,2,256.3,2,60.5,2,0.09,2,,2
63.0,2,7.7423,2,32.6095,2,255.1,2,60.5,2,0.096,2,,2
64.0,2,7.7272,2,32.6178,2,254.2,2,60.5,2,0.085,2,,2
65.0,2,7.7165,2,32.6232,2,253.1,2,60.5,2,0.105,2,,2
66.0,2,7.7112,2,32.6261,2,251.8,2,60.5,2,0.10099999999999999,2,,2
67.0,2,7.7031,2,32.631,2,250.8,2,60.4,2,0.085,2,,2
68.0,2,7.6856,2,32.6405,2,250.0,2,60.5,2,0.085,2,,2
69.0,2,7.647,2,32.6599,2,249.6,2,60.5,2,0.085,2,,2
70.0,2,7.6196,2,32.6753,2,249.2,2,60.5,2,0.085,2,,2
71.0,2,7.612,2,32.6797,2,249.0,2,60.5,2,0.085,2,,2
72.0,2,7.6104,2,32.6812,2,247.4,2,60.6,2,0.08900000000000001,2,,2
73.0,2,7.6083,2,32.6837,2,244.1,2,60.5,2,0.084,2,,2
74.0,2,7.6038,2,32.6885,2,240.0,2,60.3,2,0.081,2,,2
75.0,2,7.572,2,32.7157,2,236.9,2,60.2,2,0.09,2,,2
76.0,2,7.5105,2,32.766,2,235.1,2,60.5,2,0.087,2,,2
77.0,2,7.4896,2,32.7873,2,233.4,2,60.5,2,0.08199999999999999,2,,2
78.0,2,7.4845,2,32.8005,2,231.6,2,60.5,2,0.08199999999999999,2,,2
79.0,2,7.4825,2,32.8131,2,228.7,2,60.5,2,0.085,2,,2
80.0,2,7.4807,2,32.8309,2,221.4,2,60.5,2,0.08,2,,2
81.0,2,7.4815,2,32.8487,2,212.8,2,60.5,2,0.092,2,,2
82.0,2,7.501,2,32.9294,2,209.4,2,60.4,2,0.08900000000000001,2,,2
83.0,2,7.5155,2,33.0224,2,208.3,2,60.3,2,0.08199999999999999,2,,2
84.0,2,7.5004,2,33.0394,2,208.2,2,60.4,2,0.08199999999999999,2,,2
85.0,2,7.4918,2,33.0476,2,208.7,2,60.3,2,0.085,2,,2
86.0,2,7.484,2,33.0545,2,210.1,2,60.4,2,0.085,2,,2
87.0,2,7.4646,2,33.0761,2,214.2,2,60.4,2,0.085,2,,2
88.0,2,7.4504,2,33.0946,2,219.7,2,60.5,2,0.078,2,,2
89.0,2,7.3688,2,33.1073,2,223.1,2,60.5,2,0.08,2,,2
90.0,2,7.2097,2,33.1436,2,223.9,2,60.8,2,0.085,2,,2
91.0,2,7.1561,2,33.1614,2,223.2,2,60.9,2,0.083,2,,2
92.0,2,7.1475,2,33.1667,2,220.2,2,61.0,2,0.07400000000000001,2,,2
93.0,2,7.1387,2,33.1709,2,214.6,2,61.0,2,0.08900000000000001,2,,2
94.0,2,7.1426,2,33.1822,2,209.6,2,60.9,2,0.085,2,,2
95.0,2,7.186,2,33.2169,2,206.6,2,60.9,2,0.083,2,,2
96.0,2,7.2199,2,33.2604,2,204.4,2,60.8,2,0.079,2,,2
97.0,2,7.2204,2,33.2763,2,202.4,2,60.8,2,0.078,2,,2
98.0,2,7.216,2,33.3026,2,201.2,2,60.7,2,0.078,2,,2
99.0,2,7.2124,2,33.3207,2,199.9,2,60.9,2,0.079,2,,2
100.0,2,7.1934,2,33.3523,2,198.9,2,60.9,2,0.08,2,,2
101.0,2,7.1732,2,33.3925,2,198.5,2,60.9,2,0.07400000000000001,2,,2
102.0,2,7.1745,2,33.3951,2,198.2,2,60.8,2,0.078,2,,2
103.0,2,7.1749,2,33.4009,2,198.2,2,60.9,2,0.07400000000000001,2,,2
104.0,2,7.1706,2,33.4086,2,198.1,2,60.9,2,0.078,2,,2
105.0,2,7.1641,2,33.4174,2,196.9,2,60.9,2,0.073,2,,2
106.0,2,7.1507,2,33.4288,2,194.8,2,60.9,2,0.073,2,,2
107.0,2,7.1653,2,33.4431,2,192.1,2,60.6,2,0.073,2,,2
108.0,2,7.1824,2,33.4591,2,190.3,2,60.8,2,0.073,2,,2
109.0,2,7.1938,2,33.4683,2,189.1,2,60.9,2,0.079,2,,2
110.0,2,7.2024,2,33.4737,2,188.0,2,60.8,2,0.073,2,,2
111.0,2,7.2064,2,33.477,2,185.6,2,60.8,2,0.079,2,,2
112.0,2,7.2132,2,33.4857,2,183.8,2,60.8,2,0.073,2,,2
113.0,2,7.228,2,33.5083,2,182.8,2,60.8,2,0.083,2,,2
114.0,2,7.2322,2,33.5198,2,181.8,2,60.8,2,0.075,2,,2
115.0,2,7.2324,2,33.5285,2,180.9,2,60.8,2,0.076,2,,2
116.0,2,7.2332,2,33.5368,2,179.8,2,60.8,2,0.073,2,,2
117.0,2,7.2332,2,33.5384,2,178.9,2,60.8,2,0.073,2,,2
118.0,2,7.2337,2,33.5502,2,178.1,2,60.8,2,0.07400000000000001,2,,2
119.0,2,7.2216,2,33.5702,2,177.3,2,60.8,2,0.073,2,,2
120.0,2,7.2010000000000005,2,33.5842,2,176.2,2,60.8,2,0.073,2,,2
121.0,2,7.1784,2,33.6144,2,175.5,2,60.6,2,0.073,2,,2
122.0,2,7.1693,2,33.6287,2,174.8,2,60.7,2,0.073,2,,2
123.0,2,7.1474,2,33.6501,2,174.3,2,60.8,2,0.073,2,,2
124.0,2,7.1317,2,33.663000000000004,2,174.1,2,60.8,2,0.065,2,,2
125.0,2,7.1312,2,33.6635,2,173.9,2,60.9,2,0.064,2,,2
126.0,2,7.1311,2,33.6635,2,173.5,2,60.9,2,0.073,2,,2
127.0,2,7.1309,2,33.6642,2,172.8,2,61.0,2,0.064,2,,2
128.0,2,7.1273,2,33.6713,2,172.5,2,61.0,2,0.066,2,,2
129.0,2,7.1248,2,33.6753,2,172.5,2,60.9,2,0.068,2,,2
130.0,2,7.1243,2,33.6759,2,172.4,2,60.9,2,0.073,2,,2
131.0,2,7.1241,2,33.6762,2,172.0,2,61.0,2,0.068,2,,2
132.0,2,7.1229,2,33.6784,2,171.0,2,60.9,2,0.063,2,,2
133.0,2,7.1215,2,33.6818,2,170.1,2,60.9,2,0.065,2,,2
134.0,2,7.1152,2,33.6958,2,170.2,2,61.0,2,0.068,2,,2
135.0,2,7.1063,2,33.703,2,169.9,2,60.9,2,0.07,2,,2
136.0,2,7.0898,2,33.7096,2,167.9,2,60.9,2,0.07,2,,2
137.0,2,7.0833,2,33.7157,2,163.2,2,61.0,2,0.063,2,,2
138.0,2,7.0819,2,33.7295,2,159.1,2,61.0,2,0.069,2,,2
139.0,2,7.1044,2,33.7513,2,158.4,2,60.9,2,0.068,2,,2
140.0,2,7.1102,2,33.7597,2,159.1,2,60.8,2,0.071,2,,2
141.0,2,7.1073,2,33.7619,2,160.0,2,60.9,2,0.07200000000000001,2,,2
142.1,2,7.0835,2,33.763000000000005,2,159.7,2,60.9,2,0.065,2,,2
142.9,2,7.0634,2,33.765,2,157.1,2,60.8,2,0.066,2,,2
144.0,2,7.0669,2,33.7764,2,156.1,2,60.9,2,0.062,2,,2
145.0,2,7.0607,2,33.7843,2,155.9,2,60.8,2,0.067,2,,2
146.0,2,7.0493,2,33.787,2,156.5,2,60.9,2,0.061,2,,2
147.0,2,7.0343,2,33.7901,2,157.1,2,60.9,2,0.063,2,,2
148.0,2,7.0042,2,33.7959,2,157.1,2,61.0,2,0.061,2,,2
149.0,2,6.9907,2,33.7974,2,156.7,2,60.9,2,0.064,2,,2
150.0,2,6.9871,2,33.798,2,154.9,2,61.0,2,0.062,2,,2
151.0,2,6.982,2,33.8003,2,152.7,2,61.0,2,0.067,2,,2
152.0,2,6.9873,2,33.8061,2,152.5,2,61.0,2,0.068,2,,2
153.0,2,6.992000000000001,2,33.8094,2,154.1,2,61.0,2,0.071,2,,2
154.0,2,6.9783,2,33.8111,2,154.2,2,60.9,2,0.062,2,,2
155.0,2,6.9546,2,33.8111,2,153.4,2,61.0,2,0.061,2,,2
156.0,2,6.9521,2,33.8132,2,151.9,2,61.0,2,0.061,2,,2
157.0,2,6.9332,2,33.818000000000005,2,149.4,2,60.9,2,0.061,2,,2
158.0,2,6.9325,2,33.8225,2,144.6,2,61.0,2,0.061,2,,2
159.0,2,6.9415,2,33.8285,2,139.5,2,61.0,2,0.068,2,,2
160.0,2,6.9604,2,33.8409,2,137.1,2,60.8,2,0.067,2,,2
161.0,2,6.9532,2,33.8448,2,135.9,2,60.7,2,0.066,2,,2
162.0,2,6.95,2,33.8475,2,134.3,2,60.7,2,0.064,2,,2
163.0,2,6.9436,2,33.8487,2,133.1,2,60.7,2,0.061,2,,2
164.0,2,6.9308,2,33.8533,2,133.3,2,60.7,2,0.066,2,,2
165.0,2,6.9154,2,33.8586,2,132.7,2,60.6,2,0.071,2,,2
166.0,2,6.8846,2,33.8592,2,130.7,2,60.8,2,0.069,2,,2
167.0,2,6.8765,2,33.8626,2,128.9,2,60.8,2,0.073,2,,2
168.0,2,6.8732,2,33.8652,2,127.6,2,60.7,2,0.073,2,,2
169.0,2,6.8719,2,33.8666,2,126.6,2,60.6,2,0.073,2,,2
170.0,2,6.8660000000000005,2,33.8684,2,126.0,2,60.2,2,0.073,2,,2
171.0,2,6.8593,2,33.8698,2,125.6,2,60.5,2,0.067,2,,2
172.0,2,6.8525,2,33.8709,2,125.0,2,60.5,2,0.07200000000000001,2,,2
173.0,2,6.8419,2,33.8725,2,123.9,2,60.5,2,0.07200000000000001,2,,2
174.0,2,6.8364,2,33.8739,2,123.0,2,60.5,2,0.07,2,,2
175.0,2,6.827999999999999,2,33.8759,2,122.5,2,60.4,2,0.073,2,,2
176.0,2,6.8195,2,33.8777,2,122.2,2,60.4,2,0.073,2,,2
177.0,2,6.8157,2,33.8783,2,122.7,2,60.5,2,0.07,2,,2
178.0,2,6.8029,2,33.8799,2,123.8,2,60.5,2,0.07200000000000001,2,,2
179.0,2,6.78,2,33.8816,2,124.6,2,60.6,2,0.07,2,,2
180.0,2,6.7524,2,33.8832,2,124.8,2,60.5,2,0.07,2,,2
181.0,2,6.7413,2,33.8835,2,124.2,2,60.6,2,0.07200000000000001,2,,2
182.0,2,6.7211,2,33.8858,2,123.6,2,60.7,2,0.069,2,,2
183.0,2,6.7162,2,33.8864,2,123.0,2,60.6,2,0.07,2,,2
184.0,2,6.7124,2,33.8868,2,122.9,2,60.3,2,0.068,2,,2
185.0,2,6.6984,2,33.8887,2,122.9,2,60.6,2,0.073,2,,2
186.0,2,6.6973,2,33.8886,2,122.5,2,60.5,2,0.071,2,,2
187.0,2,6.6956,2,33.8888,2,122.3,2,60.6,2,0.073,2,,2
188.0,2,6.6905,2,33.8894,2,121.9,2,60.6,2,0.073,2,,2
189.0,2,6.6836,2,33.8901,2,121.5,2,60.7,2,0.069,2,,2
190.0,2,6.6776,2,33.891,2,121.2,2,60.5,2,0.073,2,,2
191.0,2,6.6751,2,33.8914,2,121.4,2,60.6,2,0.073,2,,2
192.0,2,6.6738,2,33.8914,2,121.4,2,60.6,2,0.073,2,,2
193.0,2,6.6709,2,33.8914,2,121.1,2,60.7,2,0.073,2,,2
194.0,2,6.6682,2,33.8916,2,120.4,2,60.6,2,0.071,2,,2
195.0,2,6.6637,2,33.8923,2,119.2,2,60.6,2,0.073,2,,2
196.0,2,6.6562,2,33.8931,2,118.0,2,60.7,2,0.071,2,,2
197.0,2,6.6249,2,33.897,2,116.2,2,60.6,2,0.073,2,,2
198.0,2,6.61,2,33.8992,2,114.8,2,60.6,2,0.071,2,,2
199.0,2,6.6031,2,33.9009,2,113.5,2,60.6,2,0.068,2,,2
200.0,2,6.5985,2,33.9017,2,112.1,2,60.6,2,0.07200000000000001,2,,2
201.0,2,6.5816,2,33.9038,2,111.0,2,60.5,2,0.065,2,,2
202.0,2,6.5642,2,33.9056,2,110.5,2,60.5,2,0.066,2,,2
203.0,2,6.553999999999999,2,33.9064,2,109.9,2,60.5,2,0.073,2,,2
204.0,2,6.5503,2,33.9067,2,109.6,2,60.5,2,0.069,2,,2
205.0,2,6.5408,2,33.9076,2,109.6,2,60.5,2,0.07,2,,2
206.0,2,6.5396,2,33.9076,2,109.4,2,60.5,2,0.065,2,,2
207.0,2,6.5378,2,33.9079,2,109.4,2,60.5,2,0.069,2,,2
208.0,2,6.5354,2,33.9085,2,109.1,2,60.5,2,0.067,2,,2
209.0,2,6.5342,2,33.9087,2,108.6,2,60.5,2,0.069,2,,2
210.0,2,6.531000000000001,2,33.9093,2,107.9,2,60.5,2,0.071,2,,2
211.0,2,6.5174,2,33.9112,2,107.4,2,60.5,2,0.067,2,,2
212.0,2,6.5125,2,33.9123,2,107.0,2,60.5,2,0.066,2,,2
213.0,2,6.5119,2,33.9127,2,106.4,2,60.6,2,0.07,2,,2
214.0,2,6.5109,2,33.9134,2,105.5,2,60.6,2,0.073,2,,2
215.0,2,6.5044,2,33.9146,2,104.4,2,60.6,2,0.073,2,,2
216.0,2,6.4847,2,33.9171,2,103.8,2,60.6,2,0.071,2,,2
217.0,2,6.4632,2,33.9195,2,103.5,2,60.6,2,0.068,2,,2
218.0,2,6.4507,2,33.9201,2,103.2,2,60.6,2,0.065,2,,2
219.0,2,6.4444,2,33.9203,2,102.8,2,60.6,2,0.069,2,,2
220.0,2,6.4402,2,33.9204,2,102.1,2,60.6,2,0.073,2,,2
221.0,2,6.4222,2,33.9219,2,101.7,2,60.6,2,0.063,2,,2
222.0,2,6.4132,2,33.923,2,100.7,2,60.6,2,0.061,2,,2
223.0,2,6.4055,2,33.9239,2,99.7,2,60.6,2,0.061,2,,2
224.0,2,6.3801,2,33.9268,2,99.0,2,60.7,2,0.061,2,,2
225.0,2,6.3543,2,33.9286,2,98.7,2,60.7,2,0.064,2,,2
226.0,2,6.3509,2,33.9285,2,98.8,2,60.7,2,0.071,2,,2
227.0,2,6.3493,2,33.9287,2,98.6,2,60.7,2,0.073,2,,2
228.0,2,6.3484,2,33.9287,2,98.4,2,60.7,2,0.063,2,,2
229.0,2,6.3473,2,33.9288,2,98.4,2,60.6,2,0.071,2,,2
230.0,2,6.3457,2,33.9287,2,98.3,2,60.7,2,0.068,2,,2
231.0,2,6.3448,2,33.9289,2,97.8,2,60.7,2,0.063,2,,2
232.0,2,6.3396,2,33.9296,2,97.2,2,60.7,2,0.063,2,,2
233.0,2,6.3306,2,33.9307,2,96.7,2,60.7,2,0.073,2,,2
234.0,2,6.3196,2,33.9322,2,96.0,2,60.5,2,0.063,2,,2
235.0,2,6.3122,2,33.9329,2,95.4,2,60.7,2,0.071,2,,2
236.0,2,6.3028,2,33.9339,2,95.0,2,60.6,2,0.063,2,,2
237.0,2,6.2942,2,33.9346,2,94.4,2,60.8,2,0.068,2,,2
238.0,2,6.2895,2,33.9348,2,93.9,2,60.7,2,0.064,2,,2
239.0,2,6.2771,2,33.9361,2,93.8,2,60.8,2,0.069,2,,2
240.0,2,6.2708,2,33.9368,2,93.6,2,60.8,2,0.067,2,,2
241.0,2,6.2667,2,33.9371,2,93.3,2,60.8,2,0.067,2,,2
242.0,2,6.2645,2,33.9373,2,93.0,2,60.8,2,0.064,2,,2
243.0,2,6.2598,2,33.9378,2,92.7,2,60.8,2,0.066,2,,2
244.0,2,6.2556,2,33.9382,2,92.0,2,60.8,2,0.063,2,,2
245.0,2,6.2482,2,33.9389,2,91.3,2,60.7,2,0.061,2,,2
246.0,2,6.2309,2,33.9409,2,90.6,2,60.8,2,0.063,2,,2
247.0,2,6.225,2,33.9413,2,89.7,2,60.7,2,0.065,2,,2
248.0,2,6.2127,2,33.9424,2,88.8,2,60.8,2,0.063,2,,2
249.0,2,6.1985,2,33.9446,2,87.6,2,60.8,2,0.063,2,,2
250.0,2,6.1896,2,33.9463,2,86.6,2,60.8,2,0.07200000000000001,2,,2
251.0,2,6.1794,2,33.9483,2,86.1,2,60.8,2,0.061,2,,2
252.0,2,6.1691,2,33.9499,2,85.5,2,60.8,2,0.061,2,,2
253.0,2,6.165,2,33.9501,2,85.0,2,60.8,2,0.064,2,,2
254.0,2,6.1616,2,33.9506,2,84.0,2,60.7,2,0.069,2,,2
255.0,2,6.155,2,33.9516,2,83.0,2,60.8,2,0.063,2,,2
256.0,2,6.1322,2,33.9544,2,82.2,2,60.8,2,0.068,2,,2
257.0,2,6.1154,2,33.9563,2,81.9,2,60.8,2,0.071,2,,2
258.0,2,6.1081,2,33.957,2,81.6,2,60.9,2,0.064,2,,2
259.0,2,6.1069,2,33.9571,2,81.5,2,60.8,2,0.063,2,,2
260.0,2,6.1064,2,33.9572,2,81.4,2,60.8,2,0.065,2,,2
261.0,2,6.1059,2,33.9574,2,81.1,2,60.8,2,0.061,2,,2
262.0,2,6.1047,2,33.9577,2,80.6,2,60.9,2,0.064,2,,2
263.0,2,6.1005,2,33.9581,2,80.2,2,60.8,2,0.062,2,,2
264.0,2,6.0933,2,33.9591,2,79.9,2,60.8,2,0.061,2,,2
265.0,2,6.0862,2,33.9597,2,79.6,2,60.8,2,0.064,2,,2
266.0,2,6.0814,2,33.96,2,79.2,2,60.8,2,0.069,2,,2
267.0,2,6.0777,2,33.9605,2,78.9,2,60.8,2,0.061,2,,2
268.0,2,6.0675,2,33.9613,2,78.7,2,60.9,2,0.061,2,,2
269.0,2,6.0622,2,33.9617,2,78.7,2,60.5,2,0.064,2,,2
270.0,2,6.0583,2,33.9618,2,78.2,2,60.9,2,0.062,2,,2
271.0,2,6.0516,2,33.9625,2,78.1,2,60.9,2,0.061,2,,2
272.0,2,6.0423,2,33.9631,2,77.8,2,60.9,2,0.066,2,,2
273.0,2,6.0373,2,33.9635,2,77.4,2,60.9,2,0.065,2,,2
274.0,2,6.0335,2,33.9637,2,76.8,2,60.9,2,0.061,2,,2
275.0,2,6.0206,2,33.9649,2,76.3,2,60.8,2,0.062,2,,2
276.0,2,6.0092,2,33.9664,2,75.9,2,60.9,2,0.067,2,,2
277.0,2,6.0039,2,33.9669,2,75.7,2,60.9,2,0.061,2,,2
278.0,2,6.0022,2,33.967,2,75.4,2,60.9,2,0.062,2,,2
279.0,2,6.0,2,33.9672,2,74.3,2,60.9,2,0.061,2,,2
280.0,2,5.9985,2,33.9688,2,72.9,2,61.0,2,0.061,2,,2
281.0,2,5.994,2,33.972,2,71.9,2,60.9,2,0.063,2,,2
282.0,2,5.9792,2,33.9744,2,71.3,2,60.9,2,0.069,2,,2
283.0,2,5.9721,2,33.9759,2,71.0,2,60.9,2,0.071,2,,2
284.0,2,5.9668,2,33.9764,2,70.6,2,60.9,2,0.071,2,,2
285.0,2,5.9616,2,33.9766,2,70.3,2,60.9,2,0.067,2,,2
286.0,2,5.9425,2,33.9775,2,70.1,2,61.0,2,0.061,2,,2
287.0,2,5.9294,2,33.9782,2,70.1,2,61.0,2,0.061,2,,2
288.0,2,5.9252,2,33.978,2,70.0,2,61.0,2,0.065,2,,2
289.0,2,5.9178,2,33.9779,2,69.9,2,61.0,2,0.064,2,,2
290.0,2,5.9145,2,33.978,2,69.8,2,61.0,2,0.067,2,,2
291.0,2,5.9142,2,33.9781,2,69.8,2,61.0,2,0.061,2,,2
292.0,2,5.9144,2,33.9782,2,69.8,2,60.9,2,0.061,2,,2
293.0,2,5.9131,2,33.9781,2,69.9,2,60.9,2,0.07200000000000001,2,,2
294.0,2,5.9077,2,33.978,2,70.1,2,61.0,2,0.071,2,,2
295.0,2,5.8914,2,33.9776,2,70.4,2,61.0,2,0.061,2,,2
296.0,2,5.8811,2,33.977,2,70.7,2,61.1,2,0.061,2,,2
297.0,2,5.8698,2,33.976,2,70.7,2,61.1,2,0.061,2,,2
298.0,2,5.8612,2,33.9757,2,70.5,2,61.2,2,0.065,2,,2
299.0,2,5.8582,2,33.9755,2,70.6,2,61.1,2,0.071,2,,2
300.0,2,5.8443,2,33.9758,2,70.0,2,59.5,2,0.068,2,,2
301.0,2,5.8279,2,33.976,2,68.6,2,61.2,2,0.066,2,,2
302.0,2,5.8119,2,33.9792,2,67.6,2,61.1,2,0.061,2,,2
303.0,2,5.7999,2,33.9814,2,67.0,2,61.2,2,0.066,2,,2
304.0,2,5.7898,2,33.9816,2,66.5,2,61.2,2,0.068,2,,2
305.0,2,5.7865,2,33.983000000000004,2,66.0,2,61.2,2,0.061,2,,2
306.0,2,5.7947,2,33.9854,2,66.0,2,61.2,2,0.061,2,,2
307.0,2,5.7941,2,33.9861,2,65.7,2,61.2,2,0.061,2,,2
308.0,2,5.7832,2,33.9863,2,65.3,2,61.2,2,0.063,2,,2
309.0,2,5.7801,2,33.9866,2,64.3,2,61.2,2,0.061,2,,2
310.0,2,5.773,2,33.9897,2,63.3,2,61.2,2,0.061,2,,2
311.0,2,5.7618,2,33.9915,2,62.8,2,61.1,2,0.063,2,,2
312.0,2,5.7533,2,33.9924,2,62.3,2,61.2,2,0.061,2,,2
313.0,2,5.7502,2,33.9941,2,61.5,2,61.2,2,0.061,2,,2
314.0,2,5.7491,2,33.9949,2,60.3,2,61.2,2,0.063,2,,2
315.0,2,5.7513,2,33.9991,2,59.5,2,61.2,2,0.061,2,,2
316.0,2,5.7519,2,34.0031,2,59.0,2,61.2,2,0.066,2,,2
317.0,2,5.749,2,34.0038,2,59.0,2,61.1,2,0.064,2,,2
318.0,2,5.7475,2,34.0038,2,58.9,2,61.1,2,0.063,2,,2
319.0,2,5.7455,2,34.004,2,58.7,2,61.2,2,0.061,2,,2
320.0,2,5.7449,2,34.004,2,58.3,2,61.2,2,0.061,2,,2
321.0,2,5.7437,2,34.0043,2,57.7,2,61.1,2,0.061,2,,2
322.0,2,5.7422,2,34.0056,2,57.4,2,61.2,2,0.065,2,,2
323.0,2,5.7334,2,34.0071,2,56.5,2,61.2,2,0.061,2,,2
324.0,2,5.7158,2,34.0074,2,55.5,2,61.2,2,0.061,2,,2
325.0,2,5.7164,2,34.0123,2,55.0,2,61.2,2,0.061,2,,2
326.0,2,5.718,2,34.0143,2,54.9,2,61.1,2,0.061,2,,2
327.0,2,5.7170000000000005,2,34.0146,2,54.7,2,61.1,2,0.061,2,,2
328.0,2,5.7162,2,34.0147,2,54.4,2,61.1,2,0.061,2,,2
329.0,2,5.7154,2,34.0148,2,54.3,2,61.1,2,0.061,2,,2
330.0,2,5.7134,2,34.0153,2,54.0,2,61.1,2,0.061,2,,2
331.0,2,5.7115,2,34.0161,2,53.5,2,61.1,2,0.061,2,,2
332.0,2,5.7089,2,34.0167,2,53.5,2,61.1,2,0.061,2,,2
333.0,2,5.6987,2,34.0178,2,53.4,2,61.0,2,0.061,2,,2
334.0,2,5.6897,2,34.0182,2,53.3,2,61.1,2,0.061,2,,2
335.0,2,5.6814,2,34.0183,2,53.3,2,61.1,2,0.061,2,,2
336.0,2,5.6776,2,34.0183,2,53.3,2,61.1,2,0.061,2,,2
337.0,2,5.6721,2,34.0176,2,53.4,2,61.2,2,0.061,2,,2
338.0,2,5.6682,2,34.0173,2,53.4,2,61.2,2,0.061,2,,2
339.0,2,5.6584,2,34.0171,2,53.2,2,61.2,2,0.061,2,,2
340.0,2,5.6524,2,34.0175,2,52.9,2,61.2,2,0.061,2,,2
341.0,2,5.6464,2,34.0182,2,52.4,2,61.2,2,0.061,2,,2
342.0,2,5.6257,2,34.0193,2,51.8,2,61.2,2,0.061,2,,2
343.0,2,5.6199,2,34.0208,2,51.1,2,61.1,2,0.061,2,,2
344.0,2,5.6236,2,34.0227,2,50.7,2,61.2,2,0.061,2,,2
345.0,2,5.63,2,34.0247,2,50.5,2,61.2,2,0.061,2,,2
346.0,2,5.6261,2,34.0253,2,50.5,2,61.2,2,0.061,2,,2
347.0,2,5.6211,2,34.0255,2,50.3,2,61.2,2,0.061,2,,2
348.0,2,5.6132,2,34.0257,2,50.3,2,61.2,2,0.061,2,,2
349.0,2,5.6098,2,34.0259,2,50.0,2,61.2,2,0.061,2,,2
350.0,2,5.6072,2,34.0262,2,49.6,2,61.2,2,0.063,2,,2
351.0,2,5.6042,2,34.0266,2,48.9,2,61.2,2,0.061,2,,2
352.0,2,5.5947,2,34.0289,2,48.6,2,61.1,2,0.061,2,,2
353.0,2,5.5834,2,34.0311,2,48.4,2,61.1,2,0.061,2,,2
354.0,2,5.5786,2,34.032,2,48.2,2,61.2,2,0.061,2,,2
355.0,2,5.5752,2,34.0322,2,48.1,2,61.2,2,0.061,2,,2
356.0,2,5.5718,2,34.0323,2,47.9,2,61.2,2,0.061,2,,2
357.0,2,5.5662,2,34.0329,2,47.8,2,61.2,2,0.061,2,,2
358.0,2,5.5593,2,34.0335,2,47.7,2,61.1,2,0.061,2,,2
359.0,2,5.5565,2,34.0336,2,47.7,2,61.2,2,0.061,2,,2
360.0,2,5.5549,2,34.0336,2,47.5,2,61.2,2,0.061,2,,2
361.0,2,5.5534,2,34.0337,2,47.5,2,61.2,2,0.061,2,,2
362.0,2,5.5533,2,34.0337,2,47.6,2,61.1,2,0.061,2,,2
363.0,2,5.5509,2,34.034,2,47.4,2,61.2,2,0.061,2,,2
364.0,2,5.5487,2,34.0341,2,47.2,2,61.2,2,0.061,2,,2
365.0,2,5.5464,2,34.0342,2,47.2,2,61.2,2,0.061,2,,2
366.0,2,5.5416,2,34.0345,2,46.9,2,61.2,2,0.061,2,,2
367.0,2,5.537000000000001,2,34.0352,2,46.3,2,61.2,2,0.061,2,,2
368.0,2,5.5253,2,34.0375,2,46.1,2,61.2,2,0.061,2,,2
369.0,2,5.5218,2,34.0381,2,46.0,2,61.2,2,0.061,2,,2
370.0,2,5.5209,2,34.0381,2,45.8,2,61.2,2,0.061,2,,2
371.0,2,5.5179,2,34.0394,2,45.3,2,61.3,2,0.061,2,,2
372.0,2,5.5156,2,34.0405,2,45.2,2,61.3,2,0.061,2,,2
373.0,2,5.5103,2,34.0419,2,44.9,2,61.3,2,0.061,2,,2
374.0,2,5.5078,2,34.0426,2,44.7,2,61.2,2,0.061,2,,2
375.0,2,5.5058,2,34.043,2,44.7,2,61.3,2,0.061,2,,2
376.0,2,5.5045,2,34.0434,2,44.4,2,61.2,2,0.061,2,,2
377.0,2,5.5037,2,34.0435,2,44.4,2,61.3,2,0.061,2,,2
378.0,2,5.5027,2,34.0438,2,44.4,2,61.3,2,0.061,2,,2
379.0,2,5.5004,2,34.0441,2,44.2,2,61.3,2,0.061,2,,2
380.0,2,5.4968,2,34.0448,2,44.1,2,61.2,2,0.061,2,,2
381.0,2,5.4941,2,34.0451,2,44.0,2,61.2,2,0.061,2,,2
382.0,2,5.4904,2,34.0459,2,43.7,2,61.2,2,0.061,2,,2
383.0,2,5.4876,2,34.0464,2,43.6,2,61.3,2,0.061,2,,2
384.0,2,5.4842,2,34.0471,2,43.4,2,61.2,2,0.061,2,,2
385.0,2,5.4839,2,34.0471,2,43.4,2,61.3,2,0.061,2,,2
386.0,2,5.4831,2,34.0474,2,43.4,2,61.3,2,0.061,2,,2
387.0,2,5.4831,2,34.0472,2,43.4,2,61.2,2,0.061,2,,2
388.0,2,5.4821,2,34.0473,2,43.2,2,61.2,2,0.061,2,,2
389.0,2,5.4797,2,34.0479,2,43.0,2,61.3,2,0.061,2,,2
390.0,2,5.4768,2,34.0484,2,43.0,2,61.2,2,0.061,2,,2
391.0,2,5.4738,2,34.049,2,42.9,2,61.2,2,0.061,2,,2
392.0,2,5.4746,2,34.0489,2,42.7,2,61.3,2,0.061,2,,2
393.0,2,5.471,2,34.0496,2,42.6,2,61.3,2,0.061,2,,2
394.0,2,5.4662,2,34.0503,2,42.2,2,61.3,2,0.065,2,,2
395.0,2,5.4639999999999995,2,34.0505,2,41.8,2,61.3,2,0.061,2,,2
396.0,2,5.4592,2,34.0512,2,41.6,2,61.3,2,0.061,2,,2
397.0,2,5.4421,2,34.0546,2,41.3,2,61.2,2,0.061,2,,2
398.0,2,5.438,2,34.0551,2,41.1,2,61.3,2,0.061,2,,2
399.0,2,5.4352,2,34.0555,2,40.7,2,61.3,2,0.061,2,,2
400.0,2,5.4199,2,34.0572,2,40.3,2,61.4,2,0.061,2,,2
401.0,2,5.3991,2,34.0587,2,40.0,2,61.3,2,0.061,2,,2
402.0,2,5.3917,2,34.0595,2,40.0,2,61.4,2,0.061,2,,2
403.0,2,5.3883,2,34.0599,2,39.9,2,61.3,2,0.063,2,,2
404.0,2,5.388,2,34.0599,2,39.8,2,61.4,2,0.061,2,,2
405.0,2,5.3867,2,34.0601,2,39.7,2,61.3,2,0.061,2,,2
406.0,2,5.3856,2,34.0604,2,39.7,2,61.4,2,0.061,2,,2
407.0,2,5.3845,2,34.0607,2,39.7,2,61.4,2,0.061,2,,2
408.0,2,5.3839,2,34.0607,2,39.7,2,61.4,2,0.061,2,,2
409.0,2,5.3834,2,34.0608,2,39.6,2,61.4,2,0.061,2,,2
410.0,2,5.3829,2,34.061,2,39.5,2,61.3,2,0.061,2,,2
411.0,2,5.3821,2,34.0611,2,39.4,2,61.4,2,0.061,2,,2
412.0,2,5.3803,2,34.0614,2,39.5,2,61.4,2,0.061,2,,2
413.0,2,5.38,2,34.0612,2,39.4,2,61.4,2,0.061,2,,2
414.0,2,5.3784,2,34.0614,2,39.3,2,61.4,2,0.061,2,,2
415.0,2,5.3769,2,34.0618,2,39.2,2,61.4,2,0.061,2,,2
416.0,2,5.3759,2,34.0619,2,39.0,2,61.4,2,0.061,2,,2
417.0,2,5.3757,2,34.0619,2,39.1,2,61.4,2,0.061,2,,2
418.0,2,5.3749,2,34.062,2,39.1,2,61.3,2,0.061,2,,2
419.0,2,5.3726,2,34.0624,2,39.0,2,61.4,2,0.061,2,,2
420.1,2,5.3699,2,34.0631,2,38.9,2,61.4,2,0.061,2,,2
421.0,2,5.3638,2,34.0645,2,38.4,2,61.4,2,0.061,2,,2
422.0,2,5.359,2,34.0654,2,37.8,2,61.4,2,0.061,2,,2
423.0,2,5.3451,2,34.0672,2,37.6,2,61.4,2,0.061,2,,2
424.0,2,5.3339,2,34.0689,2,37.6,2,61.3,2,0.061,2,,2
425.0,2,5.3287,2,34.0691,2,37.5,2,61.2,2,0.061,2,,2
426.0,2,5.324,2,34.0691,2,37.5,2,61.4,2,0.061,2,,2
427.0,2,5.319,2,34.0693,2,37.7,2,61.4,2,0.061,2,,2
428.0,2,5.3131,2,34.0688,2,37.7,2,61.5,2,0.061,2,,2
429.0,2,5.3004,2,34.0681,2,37.9,2,61.5,2,0.061,2,,2
430.0,2,5.287999999999999,2,34.0673,2,38.0,2,61.5,2,0.061,2,,2
431.0,2,5.273,2,34.0663,2,38.2,2,61.5,2,0.061,2,,2
432.0,2,5.2622,2,34.065,2,38.4,2,61.4,2,0.061,2,,2
433.0,2,5.2516,2,34.0639,2,38.7,2,61.4,2,0.061,2,,2
434.0,2,5.2386,2,34.0628,2,39.0,2,61.5,2,0.061,2,,2
435.0,2,5.2258,2,34.0614,2,39.1,2,61.5,2,0.061,2,,2
436.0,2,5.2175,2,34.0604,2,39.2,2,61.5,2,0.061,2,,2
437.0,2,5.2105,2,34.0595,2,39.2,2,61.5,2,0.061,2,,2
438.0,2,5.2023,2,34.0587,2,39.4,2,61.4,2,0.061,2,,2
439.0,2,5.1787,2,34.0578,2,39.5,2,61.4,2,0.061,2,,2
440.0,2,5.1643,2,34.0565,2,39.5,2,61.5,2,0.061,2,,2
441.0,2,5.1549,2,34.0556,2,39.7,2,61.6,2,0.061,2,,2
442.0,2,5.1517,2,34.0554,2,39.6,2,61.5,2,0.067,2,,2
443.0,2,5.1499,2,34.0555,2,39.5,2,61.5,2,0.067,2,,2
444.0,2,5.1463,2,34.0555,2,39.1,2,61.6,2,0.061,2,,2
445.0,2,5.1404,2,34.056,2,38.8,2,61.6,2,0.061,2,,2
446.0,2,5.1212,2,34.0573,2,38.7,2,61.6,2,0.061,2,,2
447.0,2,5.1197,2,34.0586,2,38.6,2,61.6,2,0.061,2,,2
448.0,2,5.1164,2,34.0582,2,38.7,2,61.6,2,0.061,2,,2
449.0,2,5.1129,2,34.0578,2,38.6,2,61.6,2,0.061,2,,2
450.0,2,5.1019,2,34.0573,2,38.3,2,61.6,2,0.061,2,,2
451.0,2,5.0971,2,34.0574,2,37.5,2,61.6,2,0.061,2,,2
452.0,2,5.1096,2,34.0607,2,36.5,2,61.6,2,0.065,2,,2
453.0,2,5.1314,2,34.0661,2,36.3,2,61.6,2,0.061,2,,2
454.0,2,5.1326,2,34.0687,2,36.2,2,61.6,2,0.061,2,,2
454.9,2,5.1233,2,34.0687,2,36.5,2,61.6,2,0.061,2,,2
456.3,2,5.1117,2,34.0668,2,37.0,2,61.6,2,0.061,2,,2
456.9,2,5.1003,2,34.0655,2,37.0,2,61.6,2,0.061,2,,2
458.0,2,5.0612,2,34.0633,2,36.6,2,61.5,2,0.061,2,,2
459.0,2,5.0617,2,34.0656,2,36.3,2,61.6,2,0.061,2,,2
460.0,2,5.0638,2,34.0668,2,35.4,2,61.6,2,0.061,2,,2
461.0,2,5.0613,2,34.0687,2,34.9,2,61.7,2,0.061,2,,2
462.0,2,5.0514,2,34.0742,2,34.6,2,61.6,2,0.061,2,,2
463.0,2,5.0402,2,34.0755,2,34.4,2,61.7,2,0.061,2,,2
464.0,2,5.0342,2,34.076,2,34.4,2,61.6,2,0.061,2,,2
465.0,2,5.0323,2,34.0768,2,34.4,2,61.7,2,0.061,2,,2
466.1,2,5.031000000000001,2,34.0773,2,34.1,2,61.6,2,0.061,2,,2
466.9,2,5.0288,2,34.0775,2,33.8,2,61.7,2,0.061,2,,2
468.0,2,5.0241,2,34.078,2,33.5,2,61.6,2,0.061,2,,2
469.0,2,5.023,2,34.0794,2,33.2,2,61.7,2,0.061,2,,2
470.0,2,5.0258,2,34.0807,2,33.0,2,61.7,2,0.061,2,,2
471.0,2,5.0275,2,34.0818,2,32.9,2,61.4,2,0.061,2,,2
472.0,2,5.0275,2,34.0829,2,32.7,2,61.6,2,0.061,2,,2
473.0,2,5.0267,2,34.0834,2,32.8,2,61.6,2,0.061,2,,2
474.0,2,5.026,2,34.0837,2,32.6,2,61.7,2,0.061,2,,2
475.0,2,5.0253,2,34.084,2,32.7,2,61.7,2,0.061,2,,2
476.0,2,5.0225,2,34.0841,2,32.8,2,61.5,2,0.061,2,,2
477.0,2,5.0112,2,34.0836,2,32.8,2,61.7,2,0.061,2,,2
478.0,2,4.9983,2,34.0833,2,32.8,2,61.7,2,0.061,2,,2
479.0,2,4.9989,2,34.0833,2,32.7,2,61.7,2,0.061,2,,2
480.0,2,4.9967,2,34.0836,2,32.4,2,61.7,2,0.061,2,,2
481.0,2,4.9972,2,34.0838,2,32.6,2,61.7,2,0.061,2,,2
482.0,2,4.9983,2,34.0841,2,32.5,2,61.7,2,0.061,2,,2
483.0,2,5.0019,2,34.0847,2,32.4,2,61.7,2,0.061,2,,2
484.0,2,5.0007,2,34.0854,2,32.4,2,61.6,2,0.061,2,,2
485.0,2,4.9931,2,34.0857,2,32.4,2,61.6,2,0.061,2,,2
486.0,2,4.9812,2,34.0862,2,32.2,2,61.6,2,0.061,2,,2
487.0,2,4.9795,2,34.0859,2,32.3,2,61.6,2,0.061,2,,2
488.0,2,4.9762,2,34.0854,2,32.7,2,61.6,2,0.061,2,,2
489.0,2,4.9667,2,34.0844,2,32.6,2,61.7,2,0.061,2,,2
490.0,2,4.9461,2,34.0832,2,32.4,2,61.7,2,0.061,2,,2
491.0,2,4.9387,2,34.0851,2,32.4,2,61.7,2,0.061,2,,2
492.0,2,4.9263,2,34.0853,2,32.3,2,61.7,2,0.061,2,,2
492.9,2,4.9241,2,34.0849,2,32.3,2,61.7,2,0.061,2,,2
494.0,2,4.9238,2,34.0847,2,32.5,2,61.7,2,0.061,2,,2
495.0,2,4.9161,2,34.0848,2,32.4,2,61.7,2,0.061,2,,2
496.0,2,4.9145,2,34.0847,2,32.3,2,61.7,2,0.061,2,,2
497.0,2,4.9107,2,34.0848,2,32.4,2,61.4,2,0.061,2,,2
498.1,2,4.9112,2,34.0849,2,32.4,2,61.6,2,0.061,2,,2
499.0,2,4.9119,2,34.0851,2,32.2,2,61.7,2,0.061,2,,2
500.0,2,4.909,2,34.0849,2,32.0,2,61.7,2,0.061,2,,2
501.0,2,4.9076,2,34.0854,2,31.9,2,61.6,2,0.061,2,,2
502.0,2,4.907,2,34.0863,2,31.6,2,61.7,2,0.061,2,,2
503.0,2,4.906000000000001,2,34.0872,2,31.5,2,61.7,2,0.061,2,,2
504.0,2,4.9065,2,34.0883,2,31.3,2,61.7,2,0.061,2,,2
505.0,2,4.9092,2,34.0892,2,31.1,2,61.7,2,0.061,2,,2
506.0,2,4.91,2,34.0896,2,31.0,2,61.4,2,0.061,2,,2
507.0,2,4.9168,2,34.0909,2,30.8,2,61.7,2,0.061,2,,2
508.0,2,4.9188,2,34.0913,2,30.3,2,61.7,2,0.061,2,,2
509.0,2,4.9218,2,34.0919,2,29.7,2,61.7,2,0.061,2,,2
510.0,2,4.9318,2,34.0951,2,29.4,2,61.7,2,0.061,2,,2
511.0,2,4.9323,2,34.0975,2,29.1,2,61.8,2,0.061,2,,2
512.0,2,4.9278,2,34.099000000000004,2,29.0,2,61.7,2,0.061,2,,2
513.0,2,4.9211,2,34.0997,2,28.6,2,61.8,2,0.061,2,,2
514.0,2,4.9099,2,34.1016,2,28.4,2,61.7,2,0.061,2,,2
515.0,2,4.9055,2,34.103,2,28.3,2,61.8,2,0.061,2,,2
516.0,2,4.8964,2,34.1043,2,27.9,2,61.8,2,0.061,2,,2
517.0,2,4.8858,2,34.1039,2,27.6,2,61.7,2,0.062,2,,2
518.0,2,4.8832,2,34.1073,2,27.4,2,61.8,2,0.063,2,,2
519.0,2,4.8806,2,34.108000000000004,2,27.3,2,61.8,2,0.061,2,,2
520.0,2,4.8773,2,34.1086,2,27.0,2,61.8,2,0.061,2,,2
521.0,2,4.8761,2,34.1085,2,26.7,2,61.8,2,0.061,2,,2
522.0,2,4.8712,2,34.1117,2,26.5,2,61.8,2,0.061,2,,2
523.0,2,4.8674,2,34.1128,2,26.4,2,61.7,2,0.061,2,,2
524.0,2,4.8629,2,34.1136,2,26.4,2,61.7,2,0.061,2,,2
525.0,2,4.8591,2,34.1141,2,26.3,2,61.8,2,0.061,2,,2
526.0,2,4.8573,2,34.1146,2,26.0,2,61.8,2,0.061,2,,2
527.0,2,4.8564,2,34.1147,2,26.0,2,61.7,2,0.061,2,,2
528.0,2,4.8537,2,34.1155,2,26.0,2,61.7,2,0.061,2,,2
529.0,2,4.8514,2,34.1162,2,25.9,2,61.8,2,0.061,2,,2
530.0,2,4.846,2,34.1166,2,25.9,2,61.8,2,0.061,2,,2
531.0,2,4.8384,2,34.1171,2,25.7,2,61.7,2,0.061,2,,2
532.0,2,4.837,2,34.1175,2,25.7,2,61.8,2,0.061,2,,2
533.0,2,4.8365,2,34.1181,2,25.8,2,61.8,2,0.061,2,,2
534.0,2,4.8364,2,34.1182,2,25.5,2,61.8,2,0.061,2,,2
535.0,2,4.8415,2,34.1197,2,25.5,2,61.6,2,0.061,2,,2
536.0,2,4.8357,2,34.1202,2,25.4,2,61.7,2,0.061,2,,2
537.0,2,4.8297,2,34.1202,2,25.5,2,61.8,2,0.061,2,,2
538.0,2,4.8234,2,34.1198,2,25.6,2,61.8,2,0.061,2,,2
539.0,2,4.8134,2,34.1197,2,25.6,2,61.8,2,0.061,2,,2
540.0,2,4.7978,2,34.1185,2,25.5,2,61.8,2,0.061,2,,2
541.0,2,4.7961,2,34.119,2,25.4,2,61.7,2,0.061,2,,2
542.0,2,4.7981,2,34.1207,2,25.3,2,61.8,2,0.061,2,,2
543.0,2,4.7893,2,34.1215,2,25.0,2,61.7,2,0.061,2,,2
544.0,2,4.7827,2,34.1225,2,24.6,2,61.8,2,0.061,2,,2
545.0,2,4.7752,2,34.1252,2,24.3,2,61.8,2,0.061,2,,2
546.0,2,4.7723,2,34.1261,2,24.2,2,61.8,2,0.061,2,,2
547.0,2,4.7694,2,34.1278,2,24.1,2,61.8,2,0.061,2,,2
548.0,2,4.7689,2,34.1282,2,24.0,2,61.8,2,0.061,2,,2
549.0,2,4.7684,2,34.1284,2,23.9,2,61.8,2,0.061,2,,2
550.0,2,4.7674,2,34.1288,2,23.8,2,61.8,2,0.061,2,,2
551.0,2,4.7676,2,34.129,2,23.8,2,61.8,2,0.061,2,,2
552.0,2,4.768,2,34.1293,2,23.7,2,61.8,2,0.061,2,,2
553.0,2,4.7663,2,34.1301,2,23.6,2,61.8,2,0.061,2,,2
554.0,2,4.7634,2,34.1307,2,23.5,2,61.6,2,0.061,2,,2
555.0,2,4.7589,2,34.1315,2,23.3,2,61.7,2,0.061,2,,2
556.0,2,4.7555,2,34.1322,2,23.3,2,61.8,2,0.061,2,,2
557.0,2,4.7537,2,34.1325,2,23.3,2,61.7,2,0.061,2,,2
558.0,2,4.7516,2,34.1329,2,23.1,2,61.8,2,0.061,2,,2
559.0,2,4.7474,2,34.1334,2,23.1,2,61.7,2,0.061,2,,2
560.0,2,4.7465,2,34.1337,2,23.0,2,61.8,2,0.061,2,,2
561.0,2,4.7426,2,34.1342,2,23.0,2,61.8,2,0.061,2,,2
562.0,2,4.7394,2,34.1346,2,22.9,2,61.7,2,0.061,2,,2
563.0,2,4.7382,2,34.1345,2,23.0,2,61.8,2,0.061,2,,2
564.0,2,4.7331,2,34.1352,2,22.8,2,61.8,2,0.061,2,,2
565.0,2,4.7287,2,34.1358,2,22.7,2,61.8,2,0.061,2,,2
566.0,2,4.7244,2,34.1366,2,22.8,2,61.8,2,0.061,2,,2
567.0,2,4.7213,2,34.137,2,22.6,2,61.7,2,0.061,2,,2
568.0,2,4.7175,2,34.1374,2,22.6,2,61.8,2,0.061,2,,2
569.0,2,4.7145,2,34.1379,2,22.6,2,61.7,2,0.061,2,,2
570.0,2,4.7113,2,34.1382,2,22.4,2,61.8,2,0.061,2,,2
571.0,2,4.7104,2,34.1383,2,22.4,2,61.8,2,0.061,2,,2
572.0,2,4.7091,2,34.1385,2,22.5,2,61.8,2,0.061,2,,2
573.0,2,4.7082,2,34.1387,2,22.4,2,61.8,2,0.061,2,,2
574.0,2,4.7078,2,34.1388,2,22.4,2,61.8,2,0.061,2,,2
575.0,2,4.7074,2,34.139,2,22.3,2,61.7,2,0.061,2,,2
576.0,2,4.7052,2,34.1392,2,22.2,2,61.8,2,0.061,2,,2
577.0,2,4.7031,2,34.1397,2,22.3,2,61.8,2,0.061,2,,2
578.0,2,4.7016,2,34.14,2,22.1,2,61.8,2,0.061,2,,2
579.0,2,4.6957,2,34.1409,2,22.0,2,61.8,2,0.063,2,,2
580.0,2,4.6899,2,34.1423,2,22.0,2,61.7,2,0.061,2,,2
581.0,2,4.6835,2,34.1434,2,21.8,2,61.6,2,0.061,2,,2
582.0,2,4.6823,2,34.1436,2,21.7,2,61.6,2,0.061,2,,2
583.0,2,4.678999999999999,2,34.1446,2,21.5,2,61.8,2,0.061,2,,2
584.0,2,4.6749,2,34.1459,2,21.4,2,61.8,2,0.061,2,,2
585.0,2,4.6714,2,34.147,2,21.4,2,61.8,2,0.061,2,,2
586.0,2,4.6703,2,34.1472,2,21.3,2,61.8,2,0.061,2,,2
587.0,2,4.6694,2,34.1474,2,21.3,2,61.8,2,0.061,2,,2
588.0,2,4.6665,2,34.1484,2,21.1,2,61.8,2,0.061,2,,2
589.0,2,4.6644,2,34.1491,2,21.0,2,61.7,2,0.062,2,,2
590.0,2,4.6624,2,34.15,2,20.8,2,61.7,2,0.061,2,,2
591.0,2,4.6608,2,34.1506,2,20.8,2,61.8,2,0.061,2,,2
592.0,2,4.6595,2,34.1513,2,20.6,2,61.6,2,0.061,2,,2
593.0,2,4.6582,2,34.1518,2,20.5,2,61.7,2,0.061,2,,2
594.0,2,4.6541,2,34.1525,2,20.4,2,61.8,2,0.061,2,,2
595.0,2,4.6503,2,34.1539,2,20.2,2,61.7,2,0.061,2,,2
596.0,2,4.6457,2,34.1553,2,20.1,2,61.5,2,0.061,2,,2
597.0,2,4.6451,2,34.1555,2,20.3,2,61.6,2,0.061,2,,2
598.0,2,4.6446,2,34.1556,2,20.0,2,61.7,2,0.061,2,,2
599.0,2,4.6437,2,34.1558,2,19.6,2,61.7,2,0.061,2,,2
600.0,2,4.6355,2,34.1583,2,19.3,2,61.7,2,0.061,2,,2
601.0,2,4.6266,2,34.1605,2,19.3,2,61.7,2,0.061,2,,2
602.0,2,4.619,2,34.1626,2,19.2,2,61.7,2,0.061,2,,2
603.0,2,4.617,2,34.1634,2,19.1,2,61.7,2,0.061,2,,2
604.0,2,4.6164,2,34.1642,2,19.0,2,61.7,2,0.061,2,,2
605.0,2,4.6159,2,34.1656,2,19.0,2,61.7,2,0.061,2,,2
606.0,2,4.6165,2,34.1663,2,18.9,2,61.6,2,0.061,2,,2
607.0,2,4.6171,2,34.1665,2,18.9,2,61.7,2,0.061,2,,2
608.0,2,4.6175,2,34.1669,2,18.9,2,61.7,2,0.061,2,,2
609.0,2,4.6179,2,34.1674,2,18.6,2,61.7,2,0.061,2,,2
610.1,2,4.6178,2,34.1678,2,18.7,2,61.7,2,0.061,2,,2
611.0,2,4.6181,2,34.1685,2,18.6,2,61.7,2,0.061,2,,2
612.0,2,4.6185,2,34.169000000000004,2,18.5,2,61.7,2,0.061,2,,2
613.0,2,4.618,2,34.1693,2,18.5,2,61.7,2,0.061,2,,2
614.0,2,4.6169,2,34.1697,2,18.5,2,61.7,2,0.061,2,,2
615.0,2,4.6158,2,34.1702,2,18.4,2,61.7,2,0.061,2,,2
616.0,2,4.6147,2,34.1708,2,18.4,2,61.7,2,0.061,2,,2
617.0,2,4.6138,2,34.1714,2,18.3,2,61.7,2,0.061,2,,2
618.0,2,4.6132,2,34.1716,2,18.4,2,61.7,2,0.061,2,,2
619.0,2,4.6126,2,34.1717,2,18.3,2,61.7,2,0.065,2,,2
620.0,2,4.6092,2,34.1723,2,18.3,2,61.7,2,0.061,2,,2
621.0,2,4.6035,2,34.1732,2,18.0,2,61.7,2,0.061,2,,2
621.9,2,4.5947,2,34.1745,2,17.8,2,61.7,2,0.061,2,,2
623.0,2,4.5811,2,34.1768,2,17.7,2,61.7,2,0.061,2,,2
624.0,2,4.5748,2,34.1776,2,17.6,2,61.7,2,0.061,2,,2
625.0,2,4.5628,2,34.1787,2,17.6,2,61.6,2,0.061,2,,2
626.0,2,4.5543,2,34.1795,2,17.6,2,61.7,2,0.061,2,,2
627.0,2,4.5511,2,34.1795,2,17.3,2,61.6,2,0.061,2,,2
628.0,2,4.5428,2,34.1806,2,17.2,2,61.7,2,0.062,2,,2
629.0,2,4.539,2,34.1811,2,17.3,2,61.7,2,0.063,2,,2
630.0,2,4.5369,2,34.1812,2,17.4,2,61.7,2,0.061,2,,2
631.0,2,4.5322,2,34.1814,2,17.3,2,61.7,2,0.061,2,,2
632.0,2,4.5264,2,34.1827,2,17.3,2,61.7,2,0.061,2,,2
632.9,2,4.5192,2,34.184,2,17.0,2,61.7,2,0.061,2,,2
634.0,2,4.5152,2,34.1847,2,16.6,2,61.7,2,0.061,2,,2
635.0,2,4.5102,2,34.186,2,16.7,2,61.7,2,0.061,2,,2
636.0,2,4.507,2,34.187,2,16.7,2,61.7,2,0.061,2,,2
637.0,2,4.5055,2,34.1875,2,16.7,2,61.7,2,0.061,2,,2
638.0,2,4.5031,2,34.1882,2,16.6,2,61.5,2,0.061,2,,2
639.0,2,4.5026,2,34.1885,2,16.6,2,61.7,2,0.061,2,,2
640.0,2,4.5018,2,34.1885,2,16.5,2,61.7,2,0.061,2,,2
641.0,2,4.5001,2,34.1888,2,16.5,2,61.7,2,0.061,2,,2
642.0,2,4.4981,2,34.189,2,16.5,2,61.7,2,0.061,2,,2
643.0,2,4.4955,2,34.1893,2,16.5,2,61.6,2,0.061,2,,2
644.0,2,4.4923,2,34.1898,2,16.5,2,61.7,2,0.061,2,,2
645.0,2,4.4912,2,34.1901,2,16.5,2,61.7,2,0.061,2,,2
646.0,2,4.4906,2,34.1901,2,16.3,2,61.7,2,0.061,2,,2
647.0,2,4.4897,2,34.1907,2,16.3,2,61.7,2,0.061,2,,2
648.0,2,4.4884,2,34.191,2,16.3,2,61.7,2,0.061,2,,2
649.0,2,4.4876,2,34.1917,2,16.2,2,61.6,2,0.061,2,,2
650.0,2,4.4836,2,34.1931,2,16.1,2,61.6,2,0.061,2,,2
651.0,2,4.4805,2,34.1937,2,16.1,2,61.7,2,0.061,2,,2
652.0,2,4.4744,2,34.1941,2,16.1,2,61.6,2,0.061,2,,2
653.0,2,4.468,2,34.1944,2,16.2,2,61.7,2,0.061,2,,2
654.0,2,4.463,2,34.1945,2,16.1,2,61.7,2,0.061,2,,2
655.0,2,4.4597,2,34.195,2,16.1,2,61.7,2,0.061,2,,2
656.0,2,4.4567,2,34.1957,2,15.9,2,61.7,2,0.061,2,,2
657.0,2,4.4504,2,34.1965,2,15.9,2,61.6,2,0.061,2,,2
658.0,2,4.4475,2,34.1968,2,15.8,2,61.7,2,0.061,2,,2
659.0,2,4.4445,2,34.1971,2,15.6,2,61.7,2,0.061,2,,2
660.0,2,4.434,2,34.2005,2,15.5,2,61.7,2,0.061,2,,2
661.0,2,4.4245,2,34.2028,2,15.6,2,61.7,2,0.061,2,,2
662.0,2,4.4216,2,34.2041,2,15.3,2,61.7,2,0.061,2,,2
663.0,2,4.425,2,34.205999999999996,2,15.3,2,61.7,2,0.061,2,,2
664.0,2,4.4268,2,34.2067,2,15.3,2,61.7,2,0.063,2,,2
665.0,2,4.4271,2,34.2068,2,15.0,2,61.7,2,0.061,2,,2
666.0,2,4.4337,2,34.2085,2,15.0,2,61.6,2,0.061,2,,2
667.0,2,4.4363,2,34.2101,2,15.0,2,61.6,2,0.061,2,,2
668.0,2,4.439,2,34.2104,2,14.9,2,61.6,2,0.061,2,,2
669.0,2,4.448,2,34.2124,2,14.7,2,61.6,2,0.061,2,,2
670.0,2,4.454,2,34.2139,2,14.8,2,61.5,2,0.061,2,,2
671.0,2,4.4554,2,34.2149,2,14.7,2,61.6,2,0.061,2,,2
672.0,2,4.4533,2,34.2152,2,14.7,2,61.6,2,0.061,2,,2
673.0,2,4.4523,2,34.2154,2,14.7,2,61.6,2,0.061,2,,2
674.0,2,4.4517,2,34.2164,2,14.6,2,61.5,2,0.061,2,,2
675.0,2,4.4522,2,34.2185,2,14.6,2,61.6,2,0.061,2,,2
676.0,2,4.4508,2,34.2196,2,14.7,2,61.5,2,0.061,2,,2
677.1,2,4.4525,2,34.221,2,14.5,2,61.3,2,0.061,2,,2
678.0,2,4.4538,2,34.2223,2,14.5,2,61.3,2,0.061,2,,2
679.0,2,4.456,2,34.2244,2,14.4,2,61.4,2,0.061,2,,2
680.0,2,4.4527,2,34.2271,2,14.4,2,61.3,2,0.061,2,,2
681.0,2,4.4442,2,34.228,2,14.2,2,61.3,2,0.061,2,,2
682.0,2,4.4388,2,34.2301,2,14.1,2,61.3,2,0.061,2,,2
683.0,2,4.4407,2,34.2328,2,14.1,2,61.2,2,0.061,2,,2
684.0,2,4.435,2,34.2344,2,14.2,2,61.2,2,0.061,2,,2
685.0,2,4.431,2,34.2348,2,13.9,2,61.2,2,0.061,2,,2
686.0,2,4.4328,2,34.2366,2,13.9,2,61.2,2,0.061,2,,2
687.0,2,4.4322,2,34.238,2,13.9,2,61.2,2,0.061,2,,2
688.0,2,4.4291,2,34.2401,2,13.8,2,61.1,2,0.061,2,,2
689.0,2,4.4254,2,34.2415,2,13.6,2,61.1,2,0.061,2,,2
690.0,2,4.4192,2,34.2432,2,13.6,2,61.1,2,0.061,2,,2
691.0,2,4.4084,2,34.2461,2,13.5,2,61.0,2,0.061,2,,2
692.0,2,4.3938,2,34.2496,2,13.6,2,61.0,2,0.061,2,,2
693.0,2,4.3882,2,34.2507,2,13.5,2,61.0,2,0.061,2,,2
694.0,2,4.3841,2,34.2514,2,13.4,2,61.0,2,0.061,2,,2
695.0,2,4.3811,2,34.2523,2,13.3,2,61.0,2,0.061,2,,2
696.0,2,4.3793,2,34.2526,2,13.3,2,61.0,2,0.061,2,,2
697.0,2,4.3774,2,34.253,2,13.3,2,61.0,2,0.061,2,,2
698.0,2,4.3699,2,34.2545,2,13.1,2,61.0,2,0.061,2,,2
699.0,2,4.3652,2,34.2555,2,13.1,2,60.9,2,0.061,2,,2
700.0,2,4.3517,2,34.2584,2,12.9,2,61.0,2,0.061,2,,2
701.0,2,4.343,2,34.2602,2,12.9,2,61.0,2,0.061,2,,2
702.0,2,4.3351,2,34.2615,2,12.9,2,60.9,2,0.061,2,,2
703.0,2,4.3286,2,34.2624,2,13.0,2,60.8,2,0.061,2,,2
704.0,2,4.3244,2,34.2629,2,12.9,2,60.9,2,0.061,2,,2
705.0,2,4.3236,2,34.2629,2,12.9,2,60.8,2,0.061,2,,2
706.0,2,4.323,2,34.2629,2,12.9,2,60.9,2,0.061,2,,2
707.0,2,4.3211,2,34.2629,2,12.8,2,60.9,2,0.061,2,,2
708.0,2,4.3069,2,34.2647,2,12.7,2,60.8,2,0.061,2,,2
709.0,2,4.3034,2,34.265,2,12.7,2,60.8,2,0.061,2,,2
710.0,2,4.3024,2,34.2651,2,12.7,2,60.8,2,0.061,2,,2
711.0,2,4.2936,2,34.2653,2,12.6,2,60.8,2,0.061,2,,2
712.0,2,4.2829,2,34.266,2,12.6,2,60.8,2,0.061,2,,2
713.0,2,4.2785,2,34.266,2,12.6,2,60.8,2,0.064,2,,2
714.0,2,4.2746,2,34.2659,2,12.7,2,60.9,2,0.061,2,,2
715.0,2,4.2623,2,34.2649,2,12.6,2,60.9,2,0.061,2,,2
716.0,2,4.2595,2,34.2647,2,12.6,2,61.0,2,0.061,2,,2
717.0,2,4.255,2,34.2645,2,12.6,2,61.0,2,0.061,2,,2
718.0,2,4.2492,2,34.2645,2,12.6,2,61.0,2,0.061,2,,2
719.0,2,4.243,2,34.2646,2,12.6,2,61.0,2,0.061,2,,2
720.0,2,4.2410000000000005,2,34.2645,2,12.6,2,61.0,2,0.061,2,,2
721.0,2,4.2393,2,34.2645,2,12.6,2,61.0,2,0.061,2,,2
722.0,2,4.2329,2,34.2649,2,12.4,2,61.0,2,0.061,2,,2
723.0,2,4.2236,2,34.2653,2,12.4,2,61.0,2,0.061,2,,2
724.0,2,4.2095,2,34.2658,2,12.6,2,61.0,2,0.061,2,,2
725.0,2,4.1951,2,34.266,2,12.4,2,61.1,2,0.061,2,,2
726.0,2,4.1931,2,34.2658,2,12.3,2,61.0,2,0.061,2,,2
727.0,2,4.192,2,34.2658,2,12.5,2,61.0,2,0.061,2,,2
728.0,2,4.1901,2,34.266,2,12.5,2,61.1,2,0.061,2,,2
729.0,2,4.1796,2,34.2659,2,12.3,2,61.1,2,0.061,2,,2
730.0,2,4.1604,2,34.2653,2,12.3,2,61.2,2,0.061,2,,2
731.0,2,4.1445,2,34.2645,2,12.3,2,61.2,2,0.061,2,,2
732.0,2,4.1339999999999995,2,34.2648,2,12.3,2,61.3,2,0.061,2,,2
733.0,2,4.1278,2,34.2646,2,12.1,2,61.2,2,0.061,2,,2
734.0,2,4.1241,2,34.265,2,12.2,2,61.4,2,0.061,2,,2
735.0,2,4.126,2,34.2663,2,12.3,2,61.4,2,0.061,2,,2
736.0,2,4.1269,2,34.2665,2,12.3,2,61.4,2,0.061,2,,2
737.0,2,4.1272,2,34.266999999999996,2,12.2,2,61.4,2,0.061,2,,2
738.0,2,4.1265,2,34.2677,2,12.2,2,61.3,2,0.061,2,,2
739.0,2,4.1271,2,34.2685,2,12.1,2,61.2,2,0.061,2,,2
740.0,2,4.1281,2,34.2697,2,12.2,2,61.2,2,0.061,2,,2
741.0,2,4.1275,2,34.2711,2,12.1,2,61.2,2,0.061,2,,2
742.0,2,4.1291,2,34.2728,2,12.1,2,61.1,2,0.061,2,,2
743.0,2,4.126,2,34.2738,2,12.0,2,61.1,2,0.061,2,,2
744.0,2,4.1221,2,34.2738,2,12.0,2,61.2,2,0.061,2,,2
745.0,2,4.1207,2,34.2737,2,12.1,2,61.2,2,0.061,2,,2
746.0,2,4.1187,2,34.2736,2,12.0,2,61.2,2,0.061,2,,2
747.0,2,4.1175,2,34.2741,2,12.1,2,61.3,2,0.061,2,,2
748.0,2,4.1217,2,34.2753,2,11.9,2,61.2,2,0.061,2,,2
749.0,2,4.1266,2,34.2769,2,11.9,2,61.1,2,0.061,2,,2
750.0,2,4.1256,2,34.2772,2,12.0,2,61.1,2,0.061,2,,2
751.0,2,4.1246,2,34.2777,2,11.9,2,61.2,2,0.061,2,,2
752.0,2,4.1226,2,34.278,2,11.9,2,61.2,2,0.061,2,,2
753.0,2,4.1219,2,34.2782,2,11.8,2,61.2,2,0.061,2,,2
754.0,2,4.1153,2,34.2786,2,11.8,2,61.1,2,0.061,2,,2
755.0,2,4.1083,2,34.2783,2,11.7,2,61.3,2,0.061,2,,2
756.0,2,4.0942,2,34.2784,2,11.8,2,61.4,2,0.061,2,,2
757.0,2,4.0849,2,34.2781,2,11.7,2,61.4,2,0.061,2,,2
758.0,2,4.0813,2,34.2779,2,11.8,2,61.4,2,0.061,2,,2
759.0,2,4.0719,2,34.2777,2,11.7,2,61.5,2,0.061,2,,2
760.0,2,4.0495,2,34.2794,2,11.7,2,61.5,2,0.061,2,,2
761.0,2,4.0487,2,34.2805,2,11.7,2,61.4,2,0.061,2,,2
762.0,2,4.0537,2,34.2842,2,11.7,2,61.2,2,0.061,2,,2
763.0,2,4.0461,2,34.2856,2,11.6,2,61.3,2,0.061,2,,2
764.0,2,4.0443,2,34.2859,2,11.6,2,61.3,2,0.061,2,,2
765.0,2,4.0447,2,34.286,2,11.7,2,61.4,2,0.061,2,,2
766.0,2,4.0455,2,34.2865,2,11.6,2,61.3,2,0.061,2,,2
767.0,2,4.0472,2,34.2881,2,11.4,2,61.3,2,0.061,2,,2
768.0,2,4.043,2,34.2902,2,11.4,2,61.3,2,0.061,2,,2
769.0,2,4.0452,2,34.2927,2,11.2,2,61.4,2,0.061,2,,2
770.0,2,4.0461,2,34.2958,2,11.3,2,61.4,2,0.061,2,,2
771.0,2,4.0439,2,34.2963,2,11.3,2,61.4,2,0.061,2,,2
772.0,2,4.0396,2,34.2961,2,11.2,2,61.4,2,0.061,2,,2
773.0,2,4.0333,2,34.2959,2,11.2,2,61.4,2,0.061,2,,2
774.0,2,4.0338,2,34.2974,2,11.3,2,61.4,2,0.061,2,,2
775.0,2,4.0371,2,34.2993,2,11.2,2,61.4,2,0.061,2,,2
776.0,2,4.04,2,34.3007,2,11.1,2,61.3,2,0.061,2,,2
777.0,2,4.0428,2,34.3019,2,11.2,2,61.2,2,0.061,2,,2
778.0,2,4.0489,2,34.3035,2,11.2,2,61.1,2,0.061,2,,2
779.0,2,4.0552,2,34.3051,2,11.3,2,61.0,2,0.061,2,,2
780.0,2,4.0604,2,34.3065,2,11.5,2,60.8,2,0.061,2,,2
781.0,2,4.0719,2,34.3092,2,11.3,2,60.8,2,0.061,2,,2
782.0,2,4.0760000000000005,2,34.3106,2,11.2,2,60.6,2,0.061,2,,2
783.0,2,4.0732,2,34.3113,2,11.3,2,60.7,2,0.061,2,,2
784.0,2,4.0714,2,34.3116,2,11.4,2,60.7,2,0.061,2,,2
785.0,2,4.0699,2,34.3119,2,11.3,2,60.6,2,0.061,2,,2
786.0,2,4.069,2,34.312,2,11.3,2,60.7,2,0.061,2,,2
787.0,2,4.0679,2,34.3121,2,11.2,2,60.7,2,0.061,2,,2
788.0,2,4.0655,2,34.3126,2,11.1,2,60.7,2,0.061,2,,2
789.1,2,4.0643,2,34.3128,2,11.4,2,60.7,2,0.061,2,,2
789.9,2,4.0643,2,34.3128,2,11.2,2,60.7,2,0.061,2,,2
791.0,2,4.0644,2,34.3128,2,11.4,2,60.7,2,0.061,2,,2
792.0,2,4.0639,2,34.3129,2,11.3,2,60.7,2,0.061,2,,2
793.0,2,4.0616,2,34.3133,2,11.3,2,60.8,2,0.061,2,,2
794.0,2,4.0562,2,34.3145,2,11.2,2,60.7,2,0.061,2,,2
795.0,2,4.0504,2,34.3152,2,11.1,2,60.8,2,0.061,2,,2
796.0,2,4.045,2,34.3155,2,11.2,2,60.9,2,0.061,2,,2
797.0,2,4.0406,2,34.3161,2,11.1,2,60.7,2,0.061,2,,2
798.0,2,4.0352,2,34.3167,2,11.0,2,60.9,2,0.061,2,,2
799.0,2,4.0304,2,34.3184,2,11.1,2,60.9,2,0.061,2,,2
800.0,2,4.0282,2,34.3186,2,11.1,2,60.9,2,0.061,2,,2
801.0,2,4.0259,2,34.3186,2,11.1,2,61.0,2,0.061,2,,2
802.0,2,4.0248,2,34.319,2,11.2,2,60.9,2,0.061,2,,2
803.0,2,4.0236,2,34.3191,2,11.0,2,61.0,2,0.061,2,,2
804.0,2,4.0201,2,34.3187,2,10.9,2,61.0,2,0.061,2,,2
805.0,2,4.0067,2,34.3182,2,10.9,2,61.1,2,0.061,2,,2
806.0,2,4.0057,2,34.3181,2,11.1,2,61.1,2,0.061,2,,2
807.0,2,4.0044,2,34.3182,2,11.0,2,61.2,2,0.061,2,,2
808.0,2,4.0018,2,34.3185,2,10.9,2,61.2,2,0.061,2,,2
809.0,2,4.0014,2,34.319,2,11.0,2,61.2,2,0.061,2,,2
810.0,2,4.0022,2,34.3199,2,11.0,2,61.1,2,0.061,2,,2
811.0,2,4.0012,2,34.3207,2,10.9,2,61.1,2,0.061,2,,2
812.0,2,3.9915,2,34.321,2,10.9,2,61.2,2,0.061,2,,2
813.0,2,3.9789999999999996,2,34.3208,2,10.7,2,61.2,2,0.061,2,,2
814.0,2,3.9718,2,34.3204,2,10.9,2,61.3,2,0.061,2,,2
815.0,2,3.9673,2,34.321,2,10.8,2,61.3,2,0.061,2,,2
816.0,2,3.9656,2,34.3207,2,10.9,2,61.4,2,0.061,2,,2
817.0,2,3.9639,2,34.3206,2,10.8,2,61.4,2,0.061,2,,2
818.0,2,3.9595,2,34.3205,2,10.8,2,61.4,2,0.061,2,,2
819.0,2,3.9586,2,34.3206,2,10.8,2,61.4,2,0.061,2,,2
819.9,2,3.9604,2,34.3213,2,10.8,2,61.1,2,0.061,2,,2
821.0,2,3.9611,2,34.3217,2,10.8,2,61.3,2,0.061,2,,2
822.0,2,3.9619,2,34.3218,2,10.8,2,61.3,2,0.069,2,,2
823.0,2,3.9625,2,34.3219,2,10.8,2,61.3,2,0.061,2,,2
824.0,2,3.9625,2,34.3221,2,10.8,2,61.3,2,0.061,2,,2
825.0,2,3.9627,2,34.3222,2,10.8,2,61.3,2,0.061,2,,2
826.0,2,3.9633,2,34.3222,2,10.8,2,61.2,2,0.061,2,,2
827.0,2,3.9666,2,34.3231,2,10.9,2,61.3,2,0.061,2,,2
828.0,2,3.9668,2,34.324,2,11.0,2,61.1,2,0.061,2,,2
829.0,2,3.9676,2,34.3244,2,10.9,2,61.2,2,0.061,2,,2
830.0,2,3.9676,2,34.3253,2,10.9,2,61.2,2,0.061,2,,2
831.0,2,3.9652,2,34.3258,2,10.8,2,61.2,2,0.061,2,,2
832.0,2,3.9621,2,34.326,2,10.9,2,61.2,2,0.061,2,,2
833.0,2,3.9593,2,34.3266,2,10.9,2,61.2,2,0.061,2,,2
834.0,2,3.9584,2,34.327,2,10.8,2,61.2,2,0.061,2,,2
835.0,2,3.9577,2,34.3272,2,10.9,2,61.2,2,0.061,2,,2
836.0,2,3.9552,2,34.3277,2,10.9,2,61.2,2,0.061,2,,2
837.0,2,3.9525,2,34.328,2,10.8,2,61.2,2,0.061,2,,2
838.0,2,3.9493,2,34.3285,2,10.9,2,61.2,2,0.061,2,,2
839.0,2,3.9483,2,34.3287,2,10.9,2,61.2,2,0.061,2,,2
840.0,2,3.9485,2,34.3286,2,10.8,2,61.2,2,0.061,2,,2
841.0,2,3.9482,2,34.3287,2,10.7,2,61.2,2,0.061,2,,2
842.0,2,3.9483,2,34.3286,2,10.9,2,61.2,2,0.061,2,,2
843.0,2,3.9481,2,34.3287,2,10.8,2,61.2,2,0.061,2,,2
844.0,2,3.9466,2,34.3286,2,10.8,2,61.2,2,0.061,2,,2
845.0,2,3.9394,2,34.3289,2,10.7,2,61.2,2,0.061,2,,2
846.0,2,3.9354,2,34.3293,2,10.7,2,61.3,2,0.061,2,,2
847.0,2,3.9316,2,34.3292,2,10.7,2,61.3,2,0.061,2,,2
848.0,2,3.9271,2,34.3289,2,10.6,2,61.4,2,0.061,2,,2
849.0,2,3.9234,2,34.3286,2,10.7,2,61.3,2,0.061,2,,2
850.0,2,3.9193,2,34.3284,2,10.6,2,61.4,2,0.061,2,,2
851.0,2,3.9165,2,34.3285,2,10.6,2,61.3,2,0.061,2,,2
852.0,2,3.9142,2,34.3285,2,10.6,2,61.4,2,0.061,2,,2
853.0,2,3.9061,2,34.3287,2,10.5,2,61.5,2,0.061,2,,2
854.0,2,3.8935,2,34.329,2,10.4,2,61.5,2,0.061,2,,2
855.0,2,3.8899,2,34.3288,2,10.4,2,61.6,2,0.061,2,,2
856.0,2,3.8885,2,34.3288,2,10.4,2,61.6,2,0.061,2,,2
857.0,2,3.8846,2,34.3289,2,10.3,2,61.6,2,0.061,2,,2
858.0,2,3.8842,2,34.3297,2,10.3,2,61.6,2,0.061,2,,2
859.0,2,3.8833,2,34.3309,2,10.6,2,61.5,2,0.063,2,,2
860.0,2,3.8767,2,34.3313,2,10.4,2,61.6,2,0.061,2,,2
861.0,2,3.8752,2,34.3315,2,10.4,2,61.6,2,0.061,2,,2
862.0,2,3.8683,2,34.3315,2,10.3,2,61.6,2,0.061,2,,2
863.0,2,3.864,2,34.3319,2,10.2,2,61.6,2,0.061,2,,2
864.0,2,3.861,2,34.3326,2,10.3,2,61.6,2,0.061,2,,2
865.0,2,3.8589,2,34.3326,2,10.4,2,61.6,2,0.061,2,,2
866.0,2,3.8581,2,34.3328,2,10.3,2,61.6,2,0.061,2,,2
867.0,2,3.8579,2,34.3328,2,10.4,2,61.6,2,0.061,2,,2
868.0,2,3.8576,2,34.3328,2,10.4,2,61.6,2,0.061,2,,2
869.0,2,3.8572,2,34.3329,2,10.3,2,61.6,2,0.061,2,,2
870.0,2,3.855,2,34.3332,2,10.3,2,61.6,2,0.061,2,,2
871.0,2,3.8508,2,34.3337,2,10.3,2,61.6,2,0.061,2,,2
872.0,2,3.8493,2,34.3338,2,10.4,2,61.6,2,0.061,2,,2
873.0,2,3.8485,2,34.334,2,10.3,2,61.7,2,0.061,2,,2
874.0,2,3.8471,2,34.3341,2,10.3,2,61.7,2,0.061,2,,2
875.0,2,3.8421,2,34.335,2,10.4,2,61.7,2,0.061,2,,2
876.0,2,3.8376,2,34.3368,2,10.4,2,61.6,2,0.061,2,,2
877.0,2,3.8343,2,34.3379,2,10.4,2,61.5,2,0.061,2,,2
878.0,2,3.8315,2,34.3385,2,10.4,2,61.6,2,0.061,2,,2
879.0,2,3.8309,2,34.3387,2,10.4,2,61.5,2,0.061,2,,2
880.0,2,3.8283,2,34.3394,2,10.4,2,61.6,2,0.061,2,,2
881.0,2,3.8256,2,34.3395,2,10.4,2,61.6,2,0.061,2,,2
882.0,2,3.8224,2,34.3395,2,10.3,2,61.6,2,0.061,2,,2
883.0,2,3.8207,2,34.3396,2,10.3,2,61.6,2,0.061,2,,2
884.0,2,3.8199,2,34.3397,2,10.4,2,61.6,2,0.061,2,,2
885.0,2,3.8197,2,34.3398,2,10.4,2,61.6,2,0.061,2,,2
886.0,2,3.8198,2,34.3399,2,10.4,2,61.6,2,0.061,2,,2
887.0,2,3.8195,2,34.34,2,10.4,2,61.6,2,0.061,2,,2
888.0,2,3.8177,2,34.3402,2,10.4,2,61.6,2,0.061,2,,2
889.0,2,3.8103,2,34.3417,2,10.4,2,61.6,2,0.061,2,,2
890.0,2,3.8096,2,34.3418,2,10.4,2,61.6,2,0.061,2,,2
891.0,2,3.8094,2,34.342,2,10.4,2,61.5,2,0.061,2,,2
892.0,2,3.8079,2,34.3423,2,10.4,2,61.6,2,0.061,2,,2
893.0,2,3.8052,2,34.3427,2,10.5,2,61.6,2,0.061,2,,2
894.0,2,3.8044,2,34.3428,2,10.4,2,61.6,2,0.061,2,,2
895.0,2,3.8045,2,34.3428,2,10.4,2,61.6,2,0.061,2,,2
896.0,2,3.8055,2,34.3434,2,10.6,2,61.6,2,0.061,2,,2
897.0,2,3.8069,2,34.3449,2,10.5,2,61.6,2,0.061,2,,2
898.0,2,3.807,2,34.3458,2,10.7,2,61.5,2,0.061,2,,2
899.0,2,3.8059,2,34.3468,2,10.6,2,61.5,2,0.061,2,,2
900.0,2,3.8027,2,34.3475,2,10.7,2,61.5,2,0.061,2,,2
901.0,2,3.8015,2,34.348,2,10.6,2,61.5,2,0.061,2,,2
902.0,2,3.7994,2,34.3482,2,10.6,2,61.5,2,0.061,2,,2
903.0,2,3.7938,2,34.3485,2,10.6,2,61.4,2,0.061,2,,2
904.0,2,3.7880000000000003,2,34.3486,2,10.6,2,61.6,2,0.061,2,,2
905.0,2,3.7799,2,34.3496,2,10.6,2,61.6,2,0.061,2,,2
906.0,2,3.7771,2,34.3504,2,10.6,2,61.6,2,0.061,2,,2
907.0,2,3.7758,2,34.3514,2,10.6,2,61.5,2,0.061,2,,2
908.0,2,3.7762,2,34.3517,2,10.6,2,61.5,2,0.061,2,,2
909.0,2,3.775,2,34.3522,2,10.7,2,61.5,2,0.061,2,,2
910.0,2,3.7691,2,34.3535,2,10.8,2,61.4,2,0.061,2,,2
911.0,2,3.7675,2,34.3534,2,10.6,2,61.4,2,0.061,2,,2
912.0,2,3.7656,2,34.3535,2,10.6,2,61.5,2,0.061,2,,2
913.0,2,3.7638,2,34.3536,2,10.7,2,61.5,2,0.061,2,,2
914.0,2,3.7628,2,34.3538,2,10.8,2,61.5,2,0.061,2,,2
915.0,2,3.7591,2,34.3549,2,10.7,2,61.5,2,0.061,2,,2
916.0,2,3.7556,2,34.3556,2,10.7,2,61.4,2,0.061,2,,2
917.0,2,3.7522,2,34.3561,2,10.7,2,61.5,2,0.061,2,,2
918.0,2,3.7394,2,34.3575,2,10.7,2,61.5,2,0.061,2,,2
919.0,2,3.7323,2,34.3584,2,10.7,2,61.6,2,0.061,2,,2
920.0,2,3.7298,2,34.3587,2,10.7,2,61.6,2,0.061,2,,2
921.0,2,3.7273,2,34.3592,2,10.6,2,61.6,2,0.061,2,,2
922.0,2,3.7255,2,34.3596,2,10.8,2,61.6,2,0.061,2,,2
923.0,2,3.7248,2,34.3598,2,10.9,2,61.6,2,0.061,2,,2
924.0,2,3.7228,2,34.3601,2,10.8,2,61.6,2,0.061,2,,2
925.0,2,3.7194,2,34.3607,2,10.7,2,61.6,2,0.061,2,,2
926.0,2,3.7145,2,34.3619,2,10.7,2,61.6,2,0.061,2,,2
927.0,2,3.7094,2,34.3631,2,10.9,2,61.6,2,0.061,2,,2
928.0,2,3.7055,2,34.3638,2,10.9,2,61.6,2,0.061,2,,2
929.0,2,3.7005,2,34.3645,2,10.9,2,61.6,2,0.061,2,,2
930.0,2,3.6959,2,34.3654,2,10.9,2,61.6,2,0.061,2,,2
931.0,2,3.6878,2,34.3664,2,10.9,2,61.6,2,0.061,2,,2
932.0,2,3.6825,2,34.3673,2,10.9,2,61.5,2,0.061,2,,2
933.0,2,3.6814,2,34.3678,2,11.0,2,61.5,2,0.061,2,,2
934.0,2,3.6809,2,34.3679,2,11.1,2,61.5,2,0.061,2,,2
935.0,2,3.6802,2,34.3681,2,11.0,2,61.6,2,0.061,2,,2
936.0,2,3.6804,2,34.3688,2,11.2,2,61.4,2,0.061,2,,2
937.0,2,3.6804,2,34.3694,2,11.2,2,61.4,2,0.061,2,,2
938.0,2,3.6804,2,34.3696,2,11.1,2,61.4,2,0.061,2,,2
939.0,2,3.6804,2,34.3698,2,11.2,2,61.4,2,0.061,2,,2
940.0,2,3.6803,2,34.3698,2,11.3,2,61.4,2,0.061,2,,2
941.0,2,3.6798,2,34.3704,2,11.3,2,61.4,2,0.061,2,,2
942.0,2,3.6794,2,34.3721,2,11.4,2,61.2,2,0.061,2,,2
943.0,2,3.6792,2,34.3725,2,11.3,2,61.1,2,0.061,2,,2
944.0,2,3.6789,2,34.3725,2,11.4,2,61.0,2,0.061,2,,2
945.0,2,3.6775,2,34.3727,2,11.4,2,61.0,2,0.061,2,,2
946.0,2,3.6755,2,34.373000000000005,2,11.4,2,61.1,2,0.061,2,,2
947.0,2,3.6747,2,34.373000000000005,2,11.3,2,61.1,2,0.061,2,,2
948.0,2,3.674,2,34.373000000000005,2,11.3,2,61.2,2,0.061,2,,2
949.0,2,3.6721,2,34.3732,2,11.4,2,61.1,2,0.061,2,,2
950.0,2,3.6713,2,34.3734,2,11.6,2,61.1,2,0.061,2,,2
951.0,2,3.6646,2,34.3754,2,11.6,2,61.0,2,0.061,2,,2
952.0,2,3.6627,2,34.3761,2,11.8,2,60.8,2,0.061,2,,2
953.0,2,3.661,2,34.3771,2,11.6,2,60.8,2,0.061,2,,2
954.0,2,3.6602,2,34.3773,2,11.6,2,60.8,2,0.061,2,,2
955.0,2,3.6592,2,34.3775,2,11.8,2,60.8,2,0.061,2,,2
956.0,2,3.6525,2,34.3789,2,11.9,2,60.6,2,0.061,2,,2
957.0,2,3.6501,2,34.3795,2,11.8,2,60.8,2,0.061,2,,2
958.0,2,3.6489999999999996,2,34.3798,2,11.9,2,60.8,2,0.061,2,,2
959.0,2,3.6445,2,34.3809,2,11.9,2,60.9,2,0.061,2,,2
960.0,2,3.64,2,34.3826,2,11.9,2,61.0,2,0.061,2,,2
961.0,2,3.6389,2,34.3828,2,12.0,2,61.0,2,0.061,2,,2
962.0,2,3.6396,2,34.3826,2,11.9,2,61.0,2,0.061,2,,2
963.0,2,3.6389,2,34.3828,2,11.9,2,61.0,2,0.061,2,,2
964.0,2,3.6374,2,34.3832,2,11.9,2,61.0,2,0.061,2,,2
965.0,2,3.6366,2,34.3834,2,11.9,2,61.0,2,0.061,2,,2
966.0,2,3.635,2,34.3835,2,11.9,2,60.9,2,0.061,2,,2
967.0,2,3.6308,2,34.3841,2,11.9,2,61.0,2,0.062,2,,2
968.0,2,3.6279,2,34.3846,2,12.0,2,61.0,2,0.061,2,,2
969.0,2,3.6251,2,34.3848,2,12.1,2,61.0,2,0.061,2,,2
970.0,2,3.615,2,34.3864,2,12.1,2,61.1,2,0.061,2,,2
971.0,2,3.6072,2,34.3875,2,12.2,2,61.2,2,0.061,2,,2
972.0,2,3.6029,2,34.388000000000005,2,12.0,2,61.1,2,0.061,2,,2
973.0,2,3.5999,2,34.3884,2,12.2,2,61.2,2,0.061,2,,2
974.0,2,3.5985,2,34.3886,2,12.1,2,61.2,2,0.061,2,,2
975.0,2,3.5967,2,34.3886,2,12.1,2,61.0,2,0.061,2,,2
976.0,2,3.5938,2,34.3887,2,12.2,2,61.1,2,0.061,2,,2
977.0,2,3.5899,2,34.3895,2,12.3,2,61.1,2,0.061,2,,2
978.0,2,3.5866,2,34.3901,2,12.1,2,61.1,2,0.061,2,,2
979.0,2,3.5846,2,34.3905,2,12.3,2,61.0,2,0.061,2,,2
980.0,2,3.5836,2,34.3905,2,12.3,2,61.1,2,0.061,2,,2
981.0,2,3.5823,2,34.3906,2,12.2,2,61.0,2,0.061,2,,2
982.0,2,3.5797,2,34.3911,2,12.2,2,61.0,2,0.061,2,,2
983.0,2,3.5796,2,34.3912,2,12.3,2,61.2,2,0.061,2,,2
984.0,2,3.5775,2,34.3922,2,12.3,2,61.2,2,0.061,2,,2
985.0,2,3.5761,2,34.393,2,12.2,2,61.3,2,0.061,2,,2
986.0,2,3.5746,2,34.3933,2,12.4,2,61.3,2,0.061,2,,2
987.0,2,3.574,2,34.3934,2,12.4,2,61.3,2,0.061,2,,2
988.0,2,3.5735,2,34.3934,2,12.2,2,61.4,2,0.061,2,,2
989.0,2,3.5727,2,34.3935,2,12.2,2,61.4,2,0.061,2,,2
990.0,2,3.5726,2,34.3937,2,12.5,2,61.3,2,0.061,2,,2
991.0,2,3.5719,2,34.3938,2,12.6,2,61.3,2,0.061,2,,2
991.9,2,3.5711,2,34.3938,2,12.2,2,61.4,2,0.061,2,,2
993.0,2,3.5703,2,34.3939,2,12.3,2,61.3,2,0.061,2,,2
994.0,2,3.5691,2,34.3942,2,12.3,2,61.3,2,0.061,2,,2
995.0,2,3.5688,2,34.3942,2,12.6,2,61.3,2,0.061,2,,2
996.0,2,3.5682,2,34.3942,2,12.5,2,61.3,2,0.061,2,,2
997.0,2,3.5674,2,34.3944,2,12.5,2,61.3,2,0.061,2,,2
998.0,2,3.5669,2,34.3945,2,12.4,2,61.3,2,0.061,2,,2
999.0,2,3.5659,2,34.3946,2,12.3,2,61.3,2,0.061,2,,2
1000.0,2,3.5626,2,34.395,2,12.5,2,61.3,2,0.061,2,,2
1001.0,2,3.5603,2,34.3952,2,12.6,2,61.3,2,0.061,2,,2
1002.0,2,3.5569,2,34.3957,2,12.5,2,61.3,2,0.061,2,,2
1003.0,2,3.553,2,34.396,2,12.5,2,61.3,2,0.061,2,,2
1004.0,2,3.5483,2,34.3967,2,12.6,2,61.2,2,0.061,2,,2
1005.0,2,3.5465,2,34.397,2,12.7,2,61.2,2,0.061,2,,2
1006.0,2,3.5466,2,34.3969,2,12.6,2,61.1,2,0.061,2,,2
1007.0,2,3.5392,2,34.3982,2,12.8,2,61.2,2,0.061,2,,2
1008.0,2,3.5339,2,34.399,2,12.6,2,61.3,2,0.061,2,,2
1009.0,2,3.5319,2,34.3993,2,12.6,2,61.3,2,0.061,2,,2
1010.0,2,3.5273,2,34.3998,2,12.9,2,61.3,2,0.061,2,,2
1011.0,2,3.5161,2,34.4016,2,12.8,2,61.3,2,0.061,2,,2
1012.0,2,3.5107,2,34.4023,2,12.8,2,61.3,2,0.061,2,,2
1013.0,2,3.509,2,34.4024,2,13.0,2,61.2,2,0.061,2,,2
1014.0,2,3.5041,2,34.4031,2,12.9,2,61.3,2,0.061,2,,2
1015.0,2,3.4984,2,34.4039,2,12.9,2,61.2,2,0.061,2,,2
1016.0,2,3.4944,2,34.4045,2,12.9,2,61.3,2,0.061,2,,2
1017.0,2,3.4952,2,34.4043,2,13.0,2,61.3,2,0.061,2,,2
1018.0,2,3.4959,2,34.4042,2,12.9,2,61.2,2,0.061,2,,2
1019.0,2,3.4922,2,34.4048,2,12.9,2,61.1,2,0.061,2,,2
1020.0,2,3.4865,2,34.4057,2,13.0,2,61.3,2,0.061,2,,2
1021.0,2,3.4819999999999998,2,34.4063,2,13.1,2,61.3,2,0.061,2,,2
1022.0,2,3.4810000000000003,2,34.4062,2,13.2,2,61.3,2,0.061,2,,2
1023.0,2,3.4801,2,34.4063,2,13.1,2,61.3,2,0.061,2,,2
1024.0,2,3.4795,2,34.4064,2,13.0,2,61.3,2,0.061,2,,2
1025.0,2,3.4784,2,34.4066,2,13.1,2,61.3,2,0.061,2,,2
1026.0,2,3.4763,2,34.4067,2,13.1,2,61.3,2,0.061,2,,2
1027.0,2,3.4709,2,34.4072,2,13.2,2,61.3,2,0.061,2,,2
1028.0,2,3.458,2,34.4082,2,13.3,2,61.2,2,0.061,2,,2
1029.0,2,3.4474,2,34.4093,2,13.3,2,61.2,2,0.061,2,,2
1030.0,2,3.4427,2,34.4099,2,13.4,2,61.2,2,0.061,2,,2
1031.0,2,3.4415,2,34.4101,2,13.5,2,61.2,2,0.061,2,,2
1032.0,2,3.4401,2,34.4102,2,13.4,2,61.2,2,0.061,2,,2
1033.0,2,3.4402,2,34.4103,2,13.5,2,61.2,2,0.076,2,,2
1034.0,2,3.4395,2,34.4104,2,13.6,2,61.2,2,0.061,2,,2
1035.0,2,3.4361,2,34.411,2,13.6,2,61.1,2,0.061,2,,2
1036.0,2,3.4319,2,34.4116,2,13.4,2,61.2,2,0.061,2,,2
1037.0,2,3.4285,2,34.412,2,13.5,2,61.1,2,0.061,2,,2
1038.0,2,3.4266,2,34.4123,2,13.6,2,61.2,2,0.061,2,,2
1039.0,2,3.4254,2,34.4124,2,13.6,2,61.2,2,0.061,2,,2
1040.0,2,3.4189999999999996,2,34.4128,2,13.6,2,61.2,2,0.061,2,,2
1041.0,2,3.4157,2,34.4132,2,13.7,2,61.2,2,0.061,2,,2
1042.0,2,3.4074,2,34.4145,2,13.7,2,61.2,2,0.061,2,,2
1043.0,2,3.4016,2,34.4157,2,13.8,2,61.2,2,0.061,2,,2
1044.0,2,3.3946,2,34.4169,2,13.9,2,61.2,2,0.061,2,,2
1045.0,2,3.3866,2,34.418,2,14.0,2,61.3,2,0.061,2,,2
1046.0,2,3.3742,2,34.4195,2,14.1,2,61.2,2,0.061,2,,2
1047.0,2,3.3696,2,34.4197,2,13.9,2,61.2,2,0.061,2,,2
1048.0,2,3.3675,2,34.4199,2,14.2,2,61.2,2,0.061,2,,2
1049.0,2,3.3654,2,34.42,2,14.1,2,61.1,2,0.061,2,,2
1050.0,2,3.3618,2,34.4204,2,14.1,2,61.2,2,0.061,2,,2
1051.0,2,3.3607,2,34.4205,2,14.2,2,61.2,2,0.061,2,,2
1052.0,2,3.3592,2,34.4206,2,14.2,2,61.0,2,0.061,2,,2
1053.0,2,3.3586,2,34.4207,2,14.2,2,61.1,2,0.061,2,,2
1054.0,2,3.3551,2,34.4212,2,14.3,2,61.1,2,0.061,2,,2
1055.0,2,3.3491,2,34.4218,2,14.3,2,61.1,2,0.061,2,,2
1056.0,2,3.3446,2,34.4223,2,14.3,2,61.0,2,0.061,2,,2
1057.0,2,3.3383,2,34.423,2,14.5,2,61.0,2,0.061,2,,2
1058.0,2,3.3353,2,34.4234,2,14.5,2,61.0,2,0.061,2,,2
1059.0,2,3.3315,2,34.4238,2,14.5,2,61.0,2,0.061,2,,2
1060.0,2,3.3298,2,34.4241,2,14.6,2,61.0,2,0.061,2,,2
1061.0,2,3.3261,2,34.4245,2,14.6,2,61.0,2,0.061,2,,2
1062.0,2,3.3217,2,34.4251,2,14.8,2,61.0,2,0.061,2,,2
1063.0,2,3.3149,2,34.426,2,14.7,2,61.0,2,0.061,2,,2
1064.0,2,3.3079,2,34.4269,2,14.7,2,61.0,2,0.061,2,,2
1065.0,2,3.3042,2,34.4272,2,14.9,2,60.9,2,0.061,2,,2
1066.0,2,3.2971,2,34.4281,2,14.9,2,60.9,2,0.061,2,,2
1067.0,2,3.2933,2,34.4284,2,15.0,2,60.8,2,0.061,2,,2
1068.0,2,3.2856,2,34.4294,2,15.2,2,60.8,2,0.061,2,,2
1069.0,2,3.2832,2,34.4295,2,15.1,2,60.8,2,0.061,2,,2
1070.0,2,3.2821,2,34.4296,2,14.9,2,60.8,2,0.061,2,,2
1071.1,2,3.2824,2,34.4294,2,14.9,2,60.8,2,0.061,2,,2
1072.0,2,3.2823,2,34.4294,2,15.0,2,60.7,2,0.061,2,,2
1073.0,2,3.2821,2,34.4296,2,14.9,2,60.8,2,0.061,2,,2
1074.0,2,3.2821,2,34.4295,2,14.9,2,60.8,2,0.061,2,,2
1075.0,2,3.2814,2,34.4294,2,14.9,2,60.8,2,0.061,2,,2
1076.0,2,3.2813,2,34.4295,2,15.0,2,60.8,2,0.061,2,,2
1077.0,2,3.2812,2,34.4296,2,15.0,2,60.8,2,0.061,2,,2
1078.0,2,3.2812,2,34.4294,2,15.0,2,60.7,2,0.061,2,,2
1079.0,2,3.2807,2,34.4295,2,15.0,2,60.7,2,0.061,2,,2
1080.1,2,3.2779,2,34.4298,2,15.0,2,60.7,2,0.061,2,,2
1081.1,2,3.2769999999999997,2,34.43,2,15.0,2,60.7,2,0.061,2,,2
1082.0,2,3.2761,2,34.4301,2,15.1,2,60.7,2,0.061,2,,2
1083.0,2,3.2721,2,34.4307,2,15.1,2,60.8,2,0.061,2,,2
1084.0,2,3.2654,2,34.4316,2,15.2,2,60.6,2,0.061,2,,2
1085.0,2,3.262,2,34.4319,2,15.2,2,60.6,2,0.061,2,,2
1086.0,2,3.2597,2,34.4319,2,15.2,2,60.5,2,0.061,2,,2
1087.0,2,3.2557,2,34.4325,2,15.1,2,60.6,2,0.061,2,,2
1088.0,2,3.2547,2,34.4325,2,15.3,2,60.6,2,0.061,2,,2
1089.0,2,3.2544,2,34.4325,2,15.2,2,60.6,2,0.061,2,,2
1090.0,2,3.2542,2,34.4325,2,15.2,2,60.5,2,0.061,2,,2
1091.0,2,3.2538,2,34.4326,2,15.2,2,60.5,2,0.061,2,,2
1092.0,2,3.2525,2,34.4325,2,15.2,2,60.5,2,0.061,2,,2
1093.0,2,3.2516,2,34.4327,2,15.2,2,60.4,2,0.061,2,,2
1094.0,2,3.2517,2,34.4327,2,15.2,2,60.5,2,0.061,2,,2
1095.0,2,3.2504,2,34.4329,2,15.3,2,60.5,2,0.061,2,,2
1096.0,2,3.2494,2,34.4331,2,15.2,2,60.5,2,0.061,2,,2
1097.0,2,3.2489999999999997,2,34.4331,2,15.4,2,60.5,2,0.061,2,,2
1098.0,2,3.2496,2,34.4331,2,15.2,2,60.3,2,0.061,2,,2
1099.0,2,3.2497,2,34.4331,2,15.2,2,60.5,2,0.061,2,,2
1100.0,2,3.2499,2,34.433,2,15.5,2,60.5,2,0.061,2,,2
1101.0,2,3.2499,2,34.4329,2,15.2,2,60.5,2,0.061,2,,2
1102.0,2,3.2498,2,34.4331,2,15.2,2,60.5,2,0.061,2,,2
1103.0,2,3.2497,2,34.4331,2,15.4,2,60.5,2,0.061,2,,2
1104.0,2,3.2491,2,34.4332,2,15.3,2,60.5,2,0.061,2,,2
1105.0,2,3.2478,2,34.4334,2,15.4,2,60.4,2,0.061,2,,2
1106.0,2,3.2449,2,34.4337,2,15.4,2,60.4,2,0.061,2,,2
1107.0,2,3.2379,2,34.4348,2,15.4,2,60.3,2,0.061,2,,2
1108.0,2,3.2372,2,34.4347,2,15.4,2,60.4,2,0.061,2,,2
1109.0,2,3.2366,2,34.4348,2,15.5,2,60.3,2,0.061,2,,2
1110.0,2,3.2354,2,34.435,2,15.5,2,60.3,2,0.061,2,,2
1111.0,2,3.2335,2,34.4352,2,15.4,2,60.3,2,0.061,2,,2
1112.0,2,3.2323,2,34.4354,2,15.5,2,60.3,2,0.061,2,,2
1113.0,2,3.2319,2,34.4355,2,15.6,2,60.4,2,0.069,2,,2
1114.0,2,3.2310000000000003,2,34.4357,2,15.4,2,60.5,2,0.061,2,,2
1115.0,2,3.2294,2,34.4359,2,15.6,2,60.5,2,0.061,2,,2
1116.0,2,3.2266,2,34.4364,2,15.5,2,60.7,2,0.061,2,,2
1117.0,2,3.2246,2,34.4368,2,15.3,2,61.0,2,0.061,2,,2
1118.0,2,3.2236,2,34.437,2,15.4,2,61.0,2,0.061,2,,2
1119.0,2,3.2231,2,34.437,2,15.5,2,61.1,2,0.061,2,,2
1120.0,2,3.2227,2,34.4367,2,15.4,2,61.1,2,0.095,2,,2
1121.0,2,3.2221,2,34.437,2,15.5,2,61.1,2,0.076,2,,2
1122.0,2,3.2203,2,34.4372,2,15.5,2,61.1,2,0.067,2,,2
1123.0,2,3.2126,2,34.4381,2,15.6,2,61.0,2,0.061,2,,2
1124.0,2,3.2043,2,34.4394,2,15.8,2,61.1,2,0.061,2,,2
1125.0,2,3.1994,2,34.44,2,15.6,2,61.2,2,0.061,2,,2
1126.0,2,3.1951,2,34.4406,2,15.6,2,61.2,2,0.061,2,,2
1127.0,2,3.1925,2,34.4409,2,15.7,2,61.3,2,0.061,2,,2
1128.0,2,3.1915,2,34.4409,2,15.7,2,61.3,2,0.061,2,,2
1129.0,2,3.1902,2,34.441,2,15.7,2,61.3,2,0.061,2,,2
1130.0,2,3.1871,2,34.4414,2,16.0,2,61.2,2,0.061,2,,2
1131.0,2,3.1805,2,34.4422,2,15.9,2,61.2,2,0.061,2,,2
1132.0,2,3.1805,2,34.4422,2,15.9,2,60.9,2,0.061,2,,2
1133.0,2,3.1808,2,34.4421,2,15.8,2,61.0,2,0.061,2,,2
1134.0,2,3.1809,2,34.4422,2,16.0,2,61.2,2,0.061,2,,2
1135.0,2,3.1809,2,34.4421,2,16.0,2,61.2,2,0.061,2,,2
1136.0,2,3.18,2,34.4422,2,15.9,2,61.2,2,0.061,2,,2
1137.0,2,3.1788,2,34.4424,2,15.9,2,61.2,2,0.061,2,,2
1138.0,2,3.1786,2,34.4426,2,15.9,2,61.2,2,0.061,2,,2
1139.0,2,3.1792,2,34.4424,2,15.8,2,61.2,2,0.061,2,,2
1140.0,2,3.1796,2,34.4424,2,15.8,2,61.2,2,0.061,2,,2
1141.0,2,3.1798,2,34.4423,2,15.9,2,61.2,2,0.061,2,,2
1142.0,2,3.1799,2,34.4424,2,15.9,2,61.2,2,0.061,2,,2
1143.0,2,3.1799,2,34.4422,2,15.9,2,61.2,2,0.061,2,,2
1144.0,2,3.1799,2,34.4423,2,15.8,2,61.2,2,0.061,2,,2
1145.0,2,3.1798,2,34.4423,2,16.1,2,61.2,2,0.061,2,,2
1146.0,2,3.1796,2,34.4424,2,15.9,2,61.2,2,0.061,2,,2
1147.0,2,3.1785,2,34.4426,2,16.0,2,61.2,2,0.061,2,,2
1148.0,2,3.1732,2,34.4433,2,16.0,2,61.2,2,0.061,2,,2
1149.0,2,3.1714,2,34.4435,2,16.1,2,61.2,2,0.061,2,,2
1150.0,2,3.1715,2,34.4434,2,16.2,2,61.1,2,0.061,2,,2
1151.0,2,3.1706,2,34.4436,2,15.9,2,61.2,2,0.061,2,,2
1152.0,2,3.1697,2,34.4437,2,16.0,2,61.1,2,0.061,2,,2
1153.0,2,3.1692,2,34.4437,2,16.1,2,61.0,2,0.061,2,,2
1154.0,2,3.1679,2,34.4439,2,16.2,2,61.1,2,0.061,2,,2
1155.0,2,3.1671,2,34.4441,2,16.2,2,61.2,2,0.061,2,,2
1156.0,2,3.1661,2,34.4441,2,16.2,2,61.3,2,0.061,2,,2
1157.0,2,3.1662,2,34.4442,2,16.1,2,61.2,2,0.061,2,,2
1158.0,2,3.1665,2,34.4441,2,16.1,2,61.2,2,0.061,2,,2
1159.0,2,3.1662,2,34.4441,2,16.1,2,61.2,2,0.061,2,,2
1160.0,2,3.1662,2,34.4442,2,16.1,2,61.2,2,0.061,2,,2
1161.0,2,3.1667,2,34.4442,2,16.1,2,61.3,2,0.061,2,,2
1162.0,2,3.1673,2,34.4441,2,16.2,2,61.3,2,0.061,2,,2
1163.0,2,3.1679,2,34.444,2,15.9,2,61.2,2,0.061,2,,2
1164.0,2,3.1686,2,34.4441,2,15.8,2,61.3,2,0.061,2,,2
1165.0,2,3.1689999999999996,2,34.4438,2,16.1,2,61.2,2,0.061,2,,2
1166.0,2,3.1697,2,34.4437,2,16.2,2,61.3,2,0.061,2,,2
1167.0,2,3.1691,2,34.444,2,16.2,2,61.1,2,0.061,2,,2
1168.0,2,3.1687,2,34.4441,2,16.0,2,61.4,2,0.061,2,,2
1169.1,2,3.1669,2,34.4443,2,16.1,2,61.3,2,0.061,2,,2
1169.9,2,3.1671,2,34.4442,2,16.1,2,60.9,2,0.061,2,,2
1171.0,2,3.1643,2,34.4445,2,16.2,2,61.4,2,0.061,2,,2
1172.0,2,3.157,2,34.4452,2,16.3,2,61.4,2,0.061,2,,2
1173.0,2,3.15,2,34.4461,2,16.4,2,61.4,2,0.061,2,,2
1174.0,2,3.148,2,34.4463,2,16.3,2,61.4,2,0.061,2,,2
1175.0,2,3.1416,2,34.446999999999996,2,16.3,2,61.4,2,0.061,2,,2
1176.0,2,3.1379,2,34.4473,2,16.6,2,61.4,2,0.061,2,,2
1177.0,2,3.1373,2,34.4472,2,16.5,2,61.4,2,0.061,2,,2
1178.0,2,3.1371,2,34.4472,2,16.4,2,61.4,2,0.061,2,,2
1179.0,2,3.137,2,34.4471,2,16.5,2,61.4,2,0.061,2,,2
1180.0,2,3.1355,2,34.4473,2,16.4,2,61.4,2,0.061,2,,2
1181.0,2,3.1338,2,34.4473,2,16.5,2,61.4,2,0.061,2,,2
1182.0,2,3.1336,2,34.4474,2,16.3,2,61.3,2,0.061,2,,2
1183.0,2,3.1336,2,34.4475,2,16.5,2,61.2,2,0.061,2,,2
1184.0,2,3.1323,2,34.4476,2,16.6,2,61.4,2,0.061,2,,2
1185.0,2,3.1319,2,34.4476,2,16.5,2,61.4,2,0.061,2,,2
1186.0,2,3.1317,2,34.4476,2,16.5,2,61.4,2,0.061,2,,2
1187.0,2,3.1298,2,34.4478,2,16.5,2,61.4,2,0.061,2,,2
1188.0,2,3.13,2,34.4479,2,16.5,2,61.4,2,0.061,2,,2
1189.0,2,3.1297,2,34.4478,2,16.5,2,61.4,2,0.061,2,,2
1190.0,2,3.1292,2,34.448,2,16.5,2,61.4,2,0.061,2,,2
1191.0,2,3.128,2,34.4482,2,16.6,2,61.4,2,0.061,2,,2
1192.1,2,3.1265,2,34.4482,2,16.5,2,61.4,2,0.061,2,,2
1192.9,2,3.1251,2,34.4484,2,16.7,2,61.4,2,0.061,2,,2
1194.0,2,3.1242,2,34.4487,2,16.6,2,61.4,2,0.061,2,,2
1195.0,2,3.1235,2,34.4487,2,16.6,2,61.4,2,0.055999999999999994,2,,2
1196.0,2,3.1225,2,34.4488,2,16.8,2,61.4,2,0.061,2,,2
1197.0,2,3.1188,2,34.4495,2,16.9,2,61.3,2,0.061,2,,2
1198.0,2,3.1146,2,34.4503,2,16.8,2,61.4,2,0.061,2,,2
1199.0,2,3.1123,2,34.4506,2,16.8,2,61.4,2,0.061,2,,2
1200.0,2,3.1102,2,34.4508,2,16.8,2,61.4,2,0.061,2,,2
1201.0,2,3.1079,2,34.4508,2,17.0,2,61.4,2,0.061,2,,2
1202.0,2,3.1063,2,34.4508,2,17.0,2,61.4,2,0.061,2,,2
1203.0,2,3.1029,2,34.4515,2,16.9,2,61.4,2,0.061,2,,2
1204.0,2,3.0998,2,34.4519,2,17.1,2,61.4,2,0.061,2,,2
1205.0,2,3.097,2,34.4522,2,17.1,2,61.3,2,0.061,2,,2
1206.0,2,3.0966,2,34.4522,2,17.0,2,61.4,2,0.061,2,,2
1207.0,2,3.0961,2,34.4521,2,17.1,2,61.4,2,0.061,2,,2
1208.0,2,3.0954,2,34.4522,2,17.2,2,61.4,2,0.061,2,,2
1209.0,2,3.0939,2,34.4525,2,17.2,2,61.4,2,0.059000000000000004,2,,2
1210.0,2,3.0909,2,34.453,2,17.2,2,61.4,2,0.061,2,,2
1211.0,2,3.0878,2,34.4535,2,17.2,2,61.4,2,0.061,2,,2
1212.0,2,3.0854,2,34.4537,2,17.2,2,61.5,2,0.061,2,,2
1213.1,2,3.0838,2,34.4538,2,17.4,2,61.5,2,0.057,2,,2
1213.9,2,3.0826,2,34.4539,2,17.2,2,61.4,2,0.061,2,,2
1215.0,2,3.0808,2,34.4542,2,17.5,2,61.4,2,0.061,2,,2
1216.0,2,3.077,2,34.4549,2,17.8,2,61.4,2,0.061,2,,2
1217.0,2,3.0716,2,34.4561,2,17.7,2,61.4,2,0.061,2,,2
1218.0,2,3.0638,2,34.4574,2,17.8,2,61.4,2,0.061,2,,2
1219.0,2,3.0633,2,34.4573,2,17.8,2,61.4,2,0.061,2,,2
1220.0,2,3.0623,2,34.4573,2,17.6,2,61.4,2,0.061,2,,2
1221.0,2,3.0608,2,34.4573,2,17.9,2,61.4,2,0.061,2,,2
1222.0,2,3.0552,2,34.458,2,18.1,2,61.4,2,0.061,2,,2
1223.0,2,3.0460000000000003,2,34.4591,2,18.1,2,61.4,2,0.061,2,,2
1224.0,2,3.04,2,34.4599,2,18.2,2,61.4,2,0.061,2,,2
1225.0,2,3.037,2,34.4603,2,18.3,2,61.5,2,0.061,2,,2
1226.0,2,3.0348,2,34.461,2,18.3,2,61.4,2,0.06,2,,2
1227.0,2,3.0324,2,34.4614,2,18.5,2,61.4,2,0.061,2,,2
1228.0,2,3.0301,2,34.4617,2,18.5,2,61.4,2,0.061,2,,2
1229.0,2,3.0291,2,34.4618,2,18.4,2,61.4,2,0.059000000000000004,2,,2
1230.0,2,3.0284,2,34.4618,2,18.4,2,61.4,2,0.061,2,,2
1231.0,2,3.0282,2,34.4617,2,18.4,2,61.4,2,0.061,2,,2
1232.0,2,3.0283,2,34.4618,2,18.5,2,61.2,2,0.061,2,,2
1233.0,2,3.0281,2,34.4619,2,18.5,2,61.4,2,0.061,2,,2
1234.0,2,3.0275,2,34.4619,2,18.4,2,61.4,2,0.061,2,,2
1235.0,2,3.0257,2,34.4619,2,18.3,2,61.4,2,0.061,2,,2
1236.1,2,3.0185,2,34.4625,2,18.3,2,61.5,2,0.061,2,,2
1237.0,2,3.0172,2,34.4626,2,18.6,2,61.4,2,0.057999999999999996,2,,2
1238.0,2,3.0171,2,34.4627,2,18.5,2,61.4,2,0.061,2,,2
1239.0,2,3.0171,2,34.463,2,18.8,2,61.4,2,0.061,2,,2
1240.0,2,3.0158,2,34.4633,2,18.9,2,61.4,2,0.061,2,,2
1241.0,2,3.0121,2,34.464,2,18.8,2,61.4,2,0.061,2,,2
1242.0,2,3.0009,2,34.4649,2,18.8,2,61.4,2,0.061,2,,2
1243.0,2,2.9868,2,34.4658,2,19.0,2,61.5,2,0.061,2,,2
1244.0,2,2.9823,2,34.4661,2,19.1,2,61.5,2,0.057999999999999996,2,,2
1245.0,2,2.9768,2,34.4665,2,19.0,2,61.5,2,0.061,2,,2
1246.0,2,2.9724,2,34.467,2,19.2,2,61.5,2,0.057,2,,2
1247.0,2,2.9716,2,34.4669,2,19.2,2,61.5,2,0.061,2,,2
1248.0,2,2.9712,2,34.4671,2,19.2,2,61.5,2,0.061,2,,2
1249.0,2,2.9652,2,34.4679,2,19.5,2,61.5,2,0.061,2,,2
1250.0,2,2.9612,2,34.4684,2,19.2,2,61.4,2,0.061,2,,2
1251.0,2,2.9610000000000003,2,34.4685,2,19.3,2,61.5,2,0.06,2,,2
1252.0,2,2.9622,2,34.4682,2,19.7,2,61.5,2,0.061,2,,2
1253.0,2,2.958,2,34.4688,2,19.8,2,61.5,2,0.061,2,,2
1254.0,2,2.9443,2,34.4713,2,19.9,2,61.4,2,0.061,2,,2
1255.0,2,2.9438,2,34.4712,2,19.9,2,61.4,2,0.06,2,,2
1256.0,2,2.9422,2,34.4715,2,19.9,2,61.4,2,0.06,2,,2
1257.0,2,2.9411,2,34.4717,2,20.1,2,61.4,2,0.061,2,,2
1258.0,2,2.9408,2,34.4718,2,20.0,2,61.3,2,0.061,2,,2
1259.0,2,2.9396,2,34.4722,2,20.2,2,61.3,2,0.061,2,,2
1260.0,2,2.9397,2,34.4722,2,20.2,2,61.2,2,0.057999999999999996,2,,2
1261.0,2,2.9394,2,34.4724,2,20.2,2,61.2,2,0.061,2,,2
1262.0,2,2.9373,2,34.473,2,20.3,2,61.2,2,0.061,2,,2
1263.0,2,2.9373,2,34.4729,2,20.2,2,61.2,2,0.061,2,,2
1264.0,2,2.9379,2,34.4729,2,20.4,2,61.2,2,0.061,2,,2
1265.0,2,2.9382,2,34.4729,2,20.3,2,61.2,2,0.061,2,,2
1266.0,2,2.9373,2,34.4731,2,20.2,2,61.2,2,0.057,2,,2
1267.0,2,2.9368,2,34.4733,2,20.4,2,61.1,2,0.061,2,,2
1268.0,2,2.9362,2,34.4734,2,20.5,2,61.1,2,0.061,2,,2
1269.0,2,2.9351,2,34.4736,2,20.5,2,61.0,2,0.061,2,,2
1270.0,2,2.9348,2,34.4738,2,20.4,2,61.0,2,0.061,2,,2
1271.0,2,2.9337,2,34.4737,2,20.5,2,60.9,2,0.061,2,,2
1272.0,2,2.9319,2,34.474000000000004,2,20.7,2,60.9,2,0.061,2,,2
1273.0,2,2.9265,2,34.4747,2,20.8,2,60.8,2,0.057999999999999996,2,,2
1274.0,2,2.9234,2,34.475,2,20.8,2,60.8,2,0.061,2,,2
1275.0,2,2.9191,2,34.4757,2,20.7,2,60.8,2,0.061,2,,2
1276.0,2,2.9167,2,34.476,2,20.9,2,60.8,2,0.061,2,,2
1277.0,2,2.9111,2,34.4765,2,20.8,2,60.8,2,0.061,2,,2
1278.0,2,2.911,2,34.4765,2,20.9,2,60.8,2,0.061,2,,2
1279.0,2,2.9108,2,34.4765,2,21.1,2,60.8,2,0.061,2,,2
1280.0,2,2.9086,2,34.4767,2,20.9,2,60.6,2,0.061,2,,2
1281.0,2,2.9007,2,34.4777,2,21.1,2,60.6,2,0.061,2,,2
1282.0,2,2.8991,2,34.4778,2,21.1,2,60.6,2,0.061,2,,2
1283.0,2,2.8945,2,34.4784,2,21.3,2,60.5,2,0.061,2,,2
1284.0,2,2.892,2,34.4787,2,21.4,2,60.4,2,0.061,2,,2
1285.0,2,2.8892,2,34.4791,2,21.5,2,60.6,2,0.061,2,,2
1286.0,2,2.8806,2,34.4803,2,21.3,2,60.5,2,0.061,2,,2
1287.0,2,2.8765,2,34.4807,2,21.4,2,60.5,2,0.061,2,,2
1288.0,2,2.8755,2,34.4807,2,21.6,2,60.5,2,0.061,2,,2
1289.0,2,2.8739999999999997,2,34.4809,2,21.7,2,60.5,2,0.061,2,,2
1290.0,2,2.8727,2,34.481,2,21.6,2,60.5,2,0.061,2,,2
1291.0,2,2.8721,2,34.4812,2,21.5,2,60.5,2,0.061,2,,2
1292.0,2,2.8710000000000004,2,34.4813,2,21.6,2,60.5,2,0.061,2,,2
1293.0,2,2.8687,2,34.4817,2,21.9,2,60.5,2,0.061,2,,2
1294.0,2,2.8661,2,34.4819,2,22.1,2,60.5,2,0.061,2,,2
1295.0,2,2.8547,2,34.4836,2,22.2,2,60.6,2,0.061,2,,2
1296.0,2,2.8497,2,34.4841,2,22.2,2,60.6,2,0.061,2,,2
1297.0,2,2.8467,2,34.4843,2,22.3,2,60.6,2,0.061,2,,2
1298.0,2,2.8446,2,34.4845,2,22.4,2,60.5,2,0.061,2,,2
1299.0,2,2.8442,2,34.4846,2,22.5,2,60.4,2,0.061,2,,2
1300.0,2,2.8433,2,34.4847,2,22.3,2,60.6,2,0.059000000000000004,2,,2
1301.0,2,2.8397,2,34.4851,2,22.5,2,60.4,2,0.061,2,,2
1302.1,2,2.8305,2,34.4862,2,22.6,2,60.3,2,0.059000000000000004,2,,2
1302.5,2,2.8318,2,34.4859,2,22.7,2,60.4,2,0.061,2,,2
END_DATA
