CTD,20190304CCHSIOLMM
#---------------------------------------------------------------------------------------------------,,,,,,,,,,,,,,,,
#Fluorescence - Transmissivity and PAR data are nominal and unedited except that some records were removed in editing temperature and salinity.,,,,,,,,,,,,,,,,
#---------------------------------------------------------------------------------------------------,,,,,,,,,,,,,,,,
#COMMENTS FOR CASTS 0001 TO 0032,,,,,,,,,,,,,,,,
#CTD Serial Number 0506; SBE Dissolved Oxygen sensor Serial Number 1176.,,,,,,,,,,,,,,,,
#,,,,,,,,,,,,,,,,
#As has been noted from several other cruises using Oxygen:Dissolved:CTD sensor #1176 in the summer 2010 the data are odd for some casts (casts 0022 to 0032) with concentration values offset by approximately 0.24 ml/l from the normal-looking casts and a higher noise level in the raw oxygen voltage.,,,,,,,,,,,,,,,,
#Data were recalibrated to correct for this offset but there were only 3 casts with titrated dissolved oxygen samples for the normal casts and 1 from the odd casts.,,,,,,,,,,,,,,,,
#Establishing which casts require the special recalibration was based on the noise level in the Oxygen:Dissolved:CTD voltage and information from other cruises was used to recalibrate the odd casts.,,,,,,,,,,,,,,,,
#,,,,,,,,,,,,,,,,
#The quality of the Oxygen:Dissolved:CTD calibration is considered lower than usual and there are insufficient data to make precision estimates. ,,,,,,,,,,,,,,,,
#,,,,,,,,,,,,,,,,
#---------------------------------------------------------------------------------------------------,,,,,,,,,,,,,,,,
#COMMENTS FOR CASTS 0036 TO 0129,,,,,,,,,,,,,,,,
#CTD Serial Number 0443; SBE Dissolved Oxygen sensor Serial Number 1483.,,,,,,,,,,,,,,,,
#,,,,,,,,,,,,,,,,
#There are only 3 casts with titrated dissolved oxygen samples that could be compared to the Oxygen:Dissolved:CTD data for sensor #1438 and 1 of them looked significantly different in the comparison from the other 2. ,,,,,,,,,,,,,,,,
#Recalibration of dissolved oxygen was based on the 2 casts that looked similar.,,,,,,,,,,,,,,,,
#There are insufficient data to make a precision estimate.,,,,,,,,,,,,,,,,
#,,,,,,,,,,,,,,,,
#For Oxygen:Dissolved:CTD sensor #1438 values below 2200 dbar were replaced by pad values because there is evidence of significant hysteresis.,,,,,,,,,,,,,,,,
#The Salinity:Practical data from CTD #0443 showed evidence of flow rate problems in the top 200 dbar; the two-sided noise caused by that was minimized by bin-averaging.,,,,,,,,,,,,,,,,
#,,,,,,,,,,,,,,,,
#***********************************************************************,,,,,,,,,,,,,,,,
#In June 2011 it was discovered that the wrong information was used for conversion of the Oxygen:Dissolved:CTD sensor data for CTD #0443.,,,,,,,,,,,,,,,,
#Sensor #1483 was actually used for this cruise.,,,,,,,,,,,,,,,,
#,,,,,,,,,,,,,,,,
#The Oxygen:Dissolved:CTD channel was reprocessed. ,,,,,,,,,,,,,,,,
#A new recalibration scheme was found by rerunning the bottle comparison. ,,,,,,,,,,,,,,,,
#The files were then merged with all the other channels from the original processing.,,,,,,,,,,,,,,,,
#,,,,,,,,,,,,,,,,
#The hysteresis noted in the original processing remains and the quality of the data is still considered of lower quality than usual.,,,,,,,,,,,,,,,,
#,,,,,,,,,,,,,,,,
#Note that the correct calibration information for the Oxygen:Dissolved:CTD sensor can be found at the end of the processing report along with detail about how the reprocessing was done.,,,,,,,,,,,,,,,,
#,,,,,,,,,,,,,,,,
#---------------------------------------------------------------------------------------------------,,,,,,,,,,,,,,,,
#For details on the processing see file 2010-14-proc.pdf.,,,,,,,,,,,,,,,,
#---------------------------------------------------------------------------------------------------,,,,,,,,,,,,,,,,
#,,,,,,,,,,,,,,,,
#File Name,Zone,FIL:START TIME YYYY/MM/DD, HH:MM,LOC:EVENT_NUMBER,LOC:LATITUDE,LOC:LONGITUDE,LOC:STATION,Pressure:CTD [dbar],Temperature:CTD [deg_C_(ITS90)],Salinity:Practical:CTD [PSS-78],Sigma-t:CTD [kg/m^3],Transmissivity:CTD [*/m],Oxygen:Dissolved:CTD:Volume [ml/l],Oxygen:Dissolved:CTD:Mass [µmol/kg],Fluorescence:CTD [mg/m^3],PAR:CTD [µE/m^2/sec]
#,,,,,,,,,,,,,,,,
NUMBER_HEADERS = 8
EXPOCODE = 18DD20100817
STNBR = P26
CASTNO = 8
DATE = 27/08/2010
TIME =  21:30
LATITUDE = 49.9985
LONGITUDE = -144.99451000000002
CTDPRS,CTDPRS_FLAG_W,CTDTMP,CTDTMP_FLAG_W,CTDSAL,CTDSAL_FLAG_W,CTDOXY,CTDOXY_FLAG_W,CTDXMISS,CTDXMISS_FLAG_W,CTDFLUOR,CTDFLUOR_FLAG_W,PAR,PAR_FLAG_W
DBAR,,ITS-90,,PSS-78,,UMOL/KG,,,,MG/M^3,,UE/m^2/sec,
3.4,2,13.6106,2,32.5927,2,253.5,2,50.7,2,0.813,2,156.4,2
3.9,2,13.6106,2,32.5928,2,253.0,2,50.8,2,0.9159999999999999,2,147.8,2
5.0,2,13.6084,2,32.5927,2,253.3,2,50.8,2,0.924,2,115.1,2
6.0,2,13.6074,2,32.5929,2,253.7,2,50.8,2,0.966,2,103.0,2
7.0,2,13.6076,2,32.5929,2,254.1,2,50.8,2,1.053,2,88.6,2
8.1,2,13.604000000000001,2,32.5933,2,254.0,2,50.9,2,1.218,2,75.0,2
9.1,2,13.5997,2,32.5933,2,253.8,2,50.8,2,1.393,2,70.8,2
10.0,2,13.597999999999999,2,32.5929,2,254.0,2,50.8,2,1.584,2,66.1,2
11.0,2,13.5928,2,32.5936,2,254.5,2,50.8,2,1.729,2,59.8,2
12.0,2,13.5898,2,32.5941,2,254.4,2,50.7,2,1.791,2,54.9,2
13.0,2,13.5953,2,32.5934,2,253.9,2,50.7,2,1.824,2,50.1,2
14.0,2,13.5931,2,32.5937,2,253.7,2,50.8,2,1.9069999999999998,2,45.8,2
15.0,2,13.5913,2,32.5938,2,254.0,2,50.8,2,2.026,2,41.9,2
16.0,2,13.5844,2,32.5948,2,254.0,2,50.7,2,2.011,2,38.6,2
17.0,2,13.5788,2,32.5961,2,253.8,2,50.7,2,2.036,2,36.0,2
18.0,2,13.5703,2,32.599000000000004,2,254.5,2,50.7,2,2.066,2,33.2,2
19.0,2,13.5529,2,32.6048,2,256.9,2,50.8,2,2.109,2,30.3,2
20.0,2,13.5326,2,32.6093,2,261.5,2,51.2,2,2.11,2,27.6,2
21.0,2,13.5029,2,32.6127,2,263.5,2,51.6,2,2.13,2,25.3,2
22.0,2,13.1737,2,32.6243,2,274.1,2,51.7,2,2.291,2,23.4,2
23.0,2,11.421,2,32.6388,2,291.1,2,51.1,2,2.398,2,21.9,2
24.0,2,10.6088,2,32.6562,2,295.0,2,51.4,2,2.444,2,20.6,2
25.0,2,10.3192,2,32.6595,2,294.0,2,51.9,2,2.417,2,19.2,2
25.9,2,10.1267,2,32.67,2,293.0,2,52.3,2,2.419,2,17.6,2
27.0,2,10.0552,2,32.6695,2,292.1,2,52.5,2,2.437,2,15.9,2
28.0,2,9.9801,2,32.676,2,291.4,2,52.7,2,2.439,2,14.5,2
29.0,2,9.8468,2,32.678000000000004,2,290.4,2,52.9,2,2.395,2,13.2,2
30.0,2,9.7323,2,32.6749,2,288.8,2,53.2,2,2.359,2,12.1,2
31.0,2,9.5844,2,32.6758,2,286.6,2,53.3,2,2.3680000000000003,2,11.1,2
32.0,2,9.4187,2,32.6827,2,285.8,2,53.4,2,2.342,2,10.2,2
33.0,2,9.345,2,32.6903,2,286.1,2,53.6,2,2.386,2,9.7,2
34.0,2,9.3147,2,32.6855,2,285.4,2,53.7,2,2.425,2,9.2,2
35.0,2,9.2261,2,32.6859,2,284.3,2,53.9,2,2.421,2,8.6,2
36.0,2,9.1228,2,32.6919,2,284.5,2,54.1,2,2.412,2,7.9,2
37.0,2,9.088,2,32.6944,2,283.7,2,54.1,2,2.401,2,7.3,2
38.0,2,9.049,2,32.6954,2,283.1,2,54.1,2,2.423,2,6.7,2
39.0,2,8.8891,2,32.6982,2,282.9,2,54.2,2,2.3890000000000002,2,6.2,2
40.0,2,8.7507,2,32.6987,2,282.8,2,54.7,2,2.3680000000000003,2,5.7,2
41.0,2,8.613999999999999,2,32.701,2,282.3,2,54.9,2,2.322,2,5.2,2
42.0,2,8.5329,2,32.7047,2,281.2,2,55.3,2,2.287,2,4.9,2
43.0,2,8.469,2,32.7052,2,281.1,2,55.5,2,2.255,2,4.5,2
44.0,2,8.3967,2,32.7083,2,282.1,2,55.8,2,2.201,2,4.2,2
45.0,2,8.3396,2,32.7059,2,281.4,2,56.1,2,2.157,2,4.0,2
46.0,2,8.1737,2,32.7127,2,280.7,2,56.6,2,2.069,2,3.7,2
47.0,2,8.0376,2,32.7146,2,281.1,2,57.1,2,1.949,2,3.4,2
48.0,2,7.9089,2,32.7119,2,280.8,2,57.5,2,1.84,2,3.2,2
49.0,2,7.825,2,32.7092,2,281.4,2,57.9,2,1.767,2,3.0,2
50.0,2,7.752000000000001,2,32.7145,2,282.4,2,57.9,2,1.682,2,2.7,2
51.0,2,7.7111,2,32.7187,2,281.8,2,58.2,2,1.6,2,2.6,2
52.0,2,7.619,2,32.718,2,281.2,2,57.9,2,1.5519999999999998,2,2.5,2
53.0,2,7.5337,2,32.7222,2,281.1,2,58.7,2,1.463,2,2.3,2
54.0,2,7.4904,2,32.7265,2,280.9,2,58.8,2,1.4069999999999998,2,2.2,2
55.0,2,7.4727,2,32.7266,2,280.9,2,58.9,2,1.375,2,2.0,2
56.1,2,7.4331,2,32.7292,2,282.4,2,59.0,2,1.3030000000000002,2,1.9,2
56.9,2,7.3996,2,32.7327,2,280.8,2,59.0,2,1.2590000000000001,2,1.7,2
58.1,2,7.2457,2,32.736,2,280.9,2,59.4,2,1.149,2,1.6,2
59.0,2,7.2156,2,32.7381,2,280.4,2,59.5,2,1.218,2,1.6,2
60.0,2,7.2047,2,32.7388,2,280.4,2,59.5,2,1.072,2,1.5,2
61.0,2,7.1908,2,32.7391,2,280.7,2,59.6,2,0.937,2,1.4,2
62.0,2,7.1344,2,32.7414,2,280.5,2,59.7,2,0.851,2,1.3,2
63.0,2,7.0875,2,32.745,2,280.1,2,59.8,2,0.779,2,1.2,2
64.0,2,6.9897,2,32.7553,2,279.6,2,59.9,2,0.649,2,1.1,2
65.0,2,6.9403,2,32.7621,2,279.1,2,60.1,2,0.552,2,1.1,2
66.0,2,6.9194,2,32.7674,2,278.5,2,60.1,2,0.539,2,1.1,2
67.0,2,6.9131,2,32.7696,2,278.3,2,60.1,2,0.617,2,1.0,2
68.0,2,6.8959,2,32.7721,2,278.4,2,60.1,2,0.61,2,0.9,2
69.0,2,6.8728,2,32.7752,2,278.4,2,60.1,2,0.496,2,0.9,2
70.0,2,6.848,2,32.7788,2,277.9,2,60.2,2,0.469,2,0.8,2
71.0,2,6.7637,2,32.79,2,277.4,2,60.3,2,0.43,2,0.8,2
72.0,2,6.7204,2,32.7938,2,277.6,2,60.3,2,0.40700000000000003,2,0.8,2
73.0,2,6.7125,2,32.7929,2,277.4,2,60.3,2,0.382,2,0.7,2
74.0,2,6.6458,2,32.7968,2,277.8,2,60.3,2,0.364,2,0.7,2
75.0,2,6.5734,2,32.8025,2,277.3,2,60.4,2,0.353,2,0.6,2
76.0,2,6.5144,2,32.8106,2,276.4,2,60.4,2,0.354,2,0.6,2
77.0,2,6.4278,2,32.8147,2,276.5,2,60.4,2,0.32299999999999995,2,0.6,2
78.0,2,6.3514,2,32.8198,2,276.8,2,60.5,2,0.302,2,0.6,2
79.0,2,6.3029,2,32.8219,2,277.0,2,60.5,2,0.306,2,0.5,2
80.0,2,6.2917,2,32.8211,2,277.3,2,60.5,2,0.3,2,0.5,2
81.0,2,6.267,2,32.8238,2,276.8,2,60.5,2,0.28600000000000003,2,0.5,2
81.9,2,6.1801,2,32.833,2,276.4,2,60.5,2,0.282,2,0.5,2
83.0,2,6.1133,2,32.8398,2,275.5,2,60.4,2,0.27399999999999997,2,0.5,2
84.0,2,6.0527,2,32.8441,2,275.4,2,60.5,2,0.249,2,0.4,2
85.0,2,5.9975,2,32.8471,2,275.2,2,60.5,2,0.244,2,0.4,2
86.0,2,5.9511,2,32.8488,2,275.5,2,60.5,2,0.244,2,0.4,2
87.0,2,5.9341,2,32.8486,2,275.8,2,60.6,2,0.242,2,0.4,2
88.3,2,5.9079999999999995,2,32.8508,2,275.7,2,60.5,2,0.22,2,0.3,2
88.9,2,5.8358,2,32.8578,2,274.6,2,60.6,2,0.20199999999999999,2,0.3,2
90.0,2,5.7194,2,32.8776,2,273.9,2,60.5,2,0.195,2,0.3,2
91.0,2,5.7036,2,32.8822,2,273.5,2,60.6,2,0.187,2,0.3,2
92.0,2,5.6671,2,32.8909,2,273.1,2,60.6,2,0.18899999999999997,2,0.3,2
93.0,2,5.6321,2,32.8965,2,272.8,2,60.6,2,0.19399999999999998,2,0.3,2
94.0,2,5.6029,2,32.9016,2,272.2,2,60.6,2,0.184,2,0.3,2
95.0,2,5.5793,2,32.9042,2,271.9,2,60.7,2,0.163,2,0.3,2
96.0,2,5.5659,2,32.9054,2,271.6,2,60.7,2,0.174,2,0.2,2
97.0,2,5.5633,2,32.9071,2,271.3,2,60.6,2,0.247,2,0.2,2
98.0,2,5.5489,2,32.9111,2,270.1,2,60.7,2,0.23600000000000002,2,0.2,2
99.0,2,5.5027,2,32.9212,2,268.0,2,60.6,2,0.233,2,0.2,2
100.0,2,5.4224,2,32.9506,2,265.5,2,60.7,2,0.255,2,0.2,2
101.0,2,5.3682,2,32.9899,2,262.8,2,60.8,2,0.182,2,0.2,2
102.0,2,5.349,2,33.0082,2,260.9,2,60.8,2,0.063,2,0.2,2
103.0,2,5.3445,2,33.0137,2,259.4,2,60.8,2,0.071,2,0.2,2
104.0,2,5.3486,2,33.0186,2,257.6,2,60.8,2,0.06,2,0.2,2
105.0,2,5.3465,2,33.0362,2,255.2,2,60.8,2,0.05,2,0.2,2
106.0,2,5.3353,2,33.0648,2,252.2,2,60.9,2,0.033,2,0.2,2
107.0,2,5.3404,2,33.1006,2,248.6,2,60.9,2,0.026000000000000002,2,0.2,2
108.0,2,5.3415,2,33.1237,2,245.3,2,60.9,2,0.038,2,0.1,2
109.0,2,5.3121,2,33.1368,2,241.9,2,61.0,2,0.025,2,0.1,2
110.0,2,5.2957,2,33.175,2,238.0,2,60.7,2,0.031,2,0.1,2
111.0,2,5.2955,2,33.1958,2,235.2,2,60.9,2,0.049,2,0.1,2
112.0,2,5.295,2,33.2013,2,233.9,2,60.8,2,0.040999999999999995,2,0.1,2
113.0,2,5.2946,2,33.2042,2,233.5,2,61.0,2,0.03,2,0.1,2
114.0,2,5.2918,2,33.2116,2,232.3,2,60.9,2,0.031,2,0.1,2
115.0,2,5.2829999999999995,2,33.2301,2,229.6,2,61.0,2,0.045,2,0.1,2
116.0,2,5.2709,2,33.2659,2,225.6,2,60.9,2,0.049,2,0.1,2
117.0,2,5.2682,2,33.2952,2,222.1,2,60.8,2,0.049,2,0.1,2
118.0,2,5.2709,2,33.323,2,219.5,2,60.8,2,0.049,2,0.1,2
119.0,2,5.2742,2,33.3278,2,217.9,2,60.9,2,0.049,2,0.1,2
120.0,2,5.2739,2,33.3301,2,216.6,2,61.0,2,0.049,2,0.1,2
121.0,2,5.2641,2,33.3395,2,213.7,2,60.9,2,0.049,2,0.1,2
122.0,2,5.2309,2,33.3941,2,209.5,2,60.9,2,0.031,2,0.1,2
123.0,2,5.2077,2,33.4297,2,205.7,2,60.9,2,0.024,2,0.1,2
124.0,2,5.1944,2,33.4455,2,202.5,2,60.9,2,0.043,2,0.1,2
125.1,2,5.1695,2,33.4841,2,199.0,2,60.9,2,0.044000000000000004,2,0.1,2
126.0,2,5.1301,2,33.5214,2,193.2,2,60.9,2,0.028999999999999998,2,0.1,2
127.0,2,5.0938,2,33.5481,2,187.6,2,60.8,2,0.032,2,0.1,2
128.0,2,5.065,2,33.5778,2,184.1,2,60.8,2,0.038,2,0.1,2
129.0,2,5.0521,2,33.59,2,181.4,2,60.8,2,0.024,2,0.1,2
130.0,2,5.038,2,33.6035,2,179.2,2,60.8,2,0.024,2,0.1,2
131.0,2,5.0237,2,33.6231,2,177.1,2,60.8,2,0.024,2,0.1,2
132.0,2,4.9951,2,33.6444,2,175.5,2,60.8,2,0.024,2,0.1,2
133.1,2,4.9830000000000005,2,33.6505,2,174.4,2,60.8,2,0.024,2,0.0,2
133.6,2,4.9778,2,33.6533,2,176.1,2,60.8,2,0.024,2,0.0,2
135.2,2,4.9653,2,33.6595,2,173.9,2,60.8,2,0.024,2,0.0,2
136.0,2,4.9571,2,33.6641,2,171.1,2,60.8,2,0.024,2,0.0,2
137.0,2,4.9512,2,33.6674,2,169.6,2,60.8,2,0.024,2,0.0,2
137.9,2,4.9407,2,33.6718,2,168.4,2,60.8,2,0.024,2,0.0,2
139.0,2,4.91,2,33.6826,2,167.5,2,60.8,2,0.024,2,0.0,2
140.0,2,4.8994,2,33.6858,2,166.7,2,60.8,2,0.031,2,0.0,2
141.0,2,4.898,2,33.6854,2,166.2,2,60.8,2,0.043,2,0.0,2
141.7,2,4.8952,2,33.687,2,166.3,2,60.8,2,0.03,2,0.0,2
142.9,2,4.8917,2,33.6876,2,165.2,2,60.8,2,0.040999999999999995,2,0.0,2
144.0,2,4.8867,2,33.6889,2,164.4,2,60.8,2,0.03,2,0.0,2
145.0,2,4.8696,2,33.6933,2,163.5,2,60.8,2,0.044000000000000004,2,0.0,2
146.0,2,4.8435,2,33.6997,2,162.4,2,60.7,2,0.055,2,0.0,2
147.0,2,4.8203,2,33.7043,2,161.3,2,60.8,2,0.046,2,0.0,2
148.0,2,4.8067,2,33.7064,2,160.4,2,60.7,2,0.046,2,0.0,2
149.0,2,4.7989,2,33.7073,2,159.8,2,60.8,2,0.063,2,0.0,2
149.8,2,4.7941,2,33.7085,2,159.5,2,60.8,2,0.05,2,0.0,2
151.0,2,4.7923,2,33.7084,2,159.3,2,60.7,2,0.054000000000000006,2,0.0,2
152.0,2,4.7856,2,33.709,2,158.8,2,60.8,2,0.08,2,0.0,2
153.0,2,4.7706,2,33.7111,2,158.1,2,60.8,2,0.08,2,0.0,2
154.0,2,4.7576,2,33.7125,2,157.1,2,60.7,2,0.066,2,0.0,2
155.0,2,4.7307,2,33.7156,2,155.9,2,60.7,2,0.066,2,0.0,2
156.0,2,4.7173,2,33.717,2,154.8,2,60.7,2,0.073,2,0.0,2
157.0,2,4.7009,2,33.7186,2,154.1,2,60.7,2,0.055999999999999994,2,0.0,2
158.0,2,4.6922,2,33.7194,2,153.8,2,60.5,2,0.053,2,0.0,2
159.0,2,4.6782,2,33.7203,2,153.4,2,60.7,2,0.053,2,0.0,2
160.0,2,4.6652,2,33.7216,2,152.7,2,60.7,2,0.049,2,0.0,2
161.1,2,4.6546,2,33.7227,2,152.2,2,60.6,2,0.049,2,0.0,2
162.2,2,4.6502,2,33.7232,2,151.9,2,60.7,2,0.055999999999999994,2,0.0,2
163.0,2,4.6469,2,33.7233,2,150.8,2,60.7,2,0.053,2,0.0,2
164.0,2,4.6306,2,33.7246,2,150.3,2,60.8,2,0.034,2,0.0,2
165.0,2,4.6197,2,33.7257,2,149.7,2,60.8,2,0.048,2,0.0,2
166.0,2,4.6101,2,33.7263,2,149.3,2,60.7,2,0.040999999999999995,2,0.0,2
167.0,2,4.5964,2,33.7275,2,148.9,2,60.7,2,0.049,2,0.0,2
168.0,2,4.5883,2,33.7286,2,148.2,2,60.7,2,0.049,2,0.0,2
169.0,2,4.5793,2,33.7291,2,147.3,2,60.7,2,0.049,2,0.0,2
170.0,2,4.5634,2,33.7297,2,146.4,2,60.7,2,0.049,2,0.0,2
171.0,2,4.5495,2,33.731,2,145.5,2,60.7,2,0.049,2,0.0,2
172.0,2,4.5338,2,33.7326,2,144.9,2,60.7,2,0.049,2,0.0,2
173.0,2,4.5234,2,33.7332,2,144.4,2,60.7,2,0.055999999999999994,2,0.0,2
174.2,2,4.5197,2,33.7332,2,144.0,2,60.8,2,0.061,2,0.0,2
175.0,2,4.5149,2,33.7336,2,143.5,2,60.8,2,0.065,2,0.0,2
176.0,2,4.5016,2,33.7347,2,142.8,2,60.7,2,0.055,2,0.0,2
177.0,2,4.4957,2,33.7353,2,142.4,2,60.7,2,0.061,2,0.0,2
178.0,2,4.484,2,33.7358,2,141.9,2,60.7,2,0.055999999999999994,2,0.0,2
179.0,2,4.4692,2,33.7368,2,141.2,2,60.8,2,0.065,2,0.0,2
180.0,2,4.4648,2,33.7376,2,140.8,2,60.7,2,0.073,2,0.0,2
180.9,2,4.4622,2,33.7375,2,140.4,2,60.7,2,0.077,2,0.0,2
182.0,2,4.4587,2,33.7376,2,140.0,2,60.7,2,0.073,2,0.0,2
183.0,2,4.4414,2,33.7383,2,139.0,2,60.8,2,0.073,2,0.0,2
184.0,2,4.417,2,33.7399,2,137.8,2,60.8,2,0.073,2,0.0,2
185.0,2,4.4005,2,33.7415,2,137.0,2,60.8,2,0.073,2,0.0,2
186.0,2,4.3949,2,33.7415,2,136.4,2,60.7,2,0.073,2,0.0,2
187.0,2,4.388,2,33.7415,2,136.0,2,60.8,2,0.075,2,0.0,2
188.0,2,4.3792,2,33.7419,2,135.4,2,60.8,2,0.08,2,0.0,2
189.0,2,4.3684,2,33.7447,2,134.0,2,60.8,2,0.073,2,0.0,2
190.0,2,4.3568,2,33.7466,2,133.0,2,60.8,2,0.073,2,0.0,2
191.0,2,4.3514,2,33.7476,2,132.7,2,60.8,2,0.073,2,0.0,2
192.0,2,4.3497,2,33.7481,2,132.1,2,60.8,2,0.073,2,0.0,2
193.0,2,4.3452,2,33.7489,2,131.6,2,60.8,2,0.075,2,0.0,2
194.0,2,4.3326,2,33.7512,2,131.1,2,60.8,2,0.08,2,0.0,2
195.1,2,4.3225,2,33.7529,2,130.3,2,60.8,2,0.079,2,0.0,2
196.1,2,4.3038,2,33.7546,2,129.1,2,60.8,2,0.078,2,0.0,2
197.0,2,4.2958,2,33.7551,2,127.7,2,60.8,2,0.08,2,0.0,2
198.0,2,4.2852,2,33.756,2,127.1,2,60.9,2,0.076,2,0.0,2
199.0,2,4.2803,2,33.7566,2,126.5,2,60.8,2,0.073,2,0.0,2
200.0,2,4.2738,2,33.7574,2,125.7,2,60.8,2,0.081,2,0.0,2
201.0,2,4.2672,2,33.758,2,124.9,2,60.9,2,0.08,2,0.0,2
202.0,2,4.2475,2,33.7603,2,123.7,2,60.9,2,0.077,2,0.0,2
203.0,2,4.2297,2,33.7631,2,122.2,2,60.9,2,0.078,2,0.0,2
204.0,2,4.2143,2,33.765,2,120.5,2,60.9,2,0.073,2,0.0,2
205.0,2,4.2061,2,33.7664,2,119.2,2,60.9,2,0.075,2,0.0,2
206.0,2,4.1996,2,33.7672,2,118.5,2,60.9,2,0.077,2,0.0,2
207.0,2,4.1941,2,33.7686,2,118.0,2,60.9,2,0.073,2,0.0,2
208.0,2,4.19,2,33.7703,2,117.4,2,61.0,2,0.073,2,0.0,2
209.0,2,4.1884,2,33.7715,2,116.8,2,60.9,2,0.078,2,0.0,2
210.0,2,4.1878,2,33.7723,2,116.6,2,60.9,2,0.091,2,0.0,2
211.0,2,4.1859,2,33.7729,2,116.3,2,60.9,2,0.076,2,0.0,2
212.0,2,4.1817,2,33.7738,2,115.6,2,60.9,2,0.075,2,0.0,2
213.0,2,4.1744,2,33.7751,2,115.0,2,61.0,2,0.073,2,0.0,2
214.0,2,4.1712,2,33.7761,2,114.5,2,61.0,2,0.076,2,0.0,2
215.0,2,4.1697,2,33.7768,2,114.1,2,61.0,2,0.077,2,0.0,2
216.0,2,4.1697,2,33.7779,2,113.7,2,60.9,2,0.076,2,0.0,2
217.0,2,4.17,2,33.7785,2,113.3,2,61.0,2,0.08,2,0.0,2
218.0,2,4.1682,2,33.7788,2,112.9,2,60.9,2,0.085,2,0.0,2
219.0,2,4.1677,2,33.7793,2,112.9,2,61.0,2,0.085,2,0.0,2
220.0,2,4.1668,2,33.7797,2,112.7,2,61.0,2,0.085,2,0.0,2
221.0,2,4.1637,2,33.7805,2,112.5,2,61.0,2,0.085,2,0.0,2
222.1,2,4.1607,2,33.7814,2,112.0,2,61.0,2,0.09300000000000001,2,0.0,2
223.2,2,4.1525,2,33.7836,2,111.5,2,61.0,2,0.09699999999999999,2,0.0,2
223.9,2,4.1466,2,33.7845,2,110.2,2,61.0,2,0.09699999999999999,2,0.0,2
225.0,2,4.1456,2,33.7861,2,109.7,2,61.0,2,0.091,2,0.0,2
226.0,2,4.1468,2,33.7867,2,109.3,2,61.0,2,0.096,2,0.0,2
227.0,2,4.1421,2,33.7871,2,108.9,2,61.0,2,0.09699999999999999,2,0.0,2
228.0,2,4.1351,2,33.7874,2,108.5,2,61.0,2,0.08800000000000001,2,0.0,2
229.1,2,4.1295,2,33.7877,2,108.3,2,61.0,2,0.08800000000000001,2,0.0,2
230.2,2,4.1298,2,33.7879,2,108.7,2,61.0,2,0.085,2,0.0,2
231.0,2,4.1175,2,33.7884,2,107.2,2,61.0,2,0.08900000000000001,2,0.0,2
232.0,2,4.0939,2,33.7915,2,105.2,2,61.0,2,0.087,2,0.0,2
233.0,2,4.0862,2,33.7932,2,104.1,2,61.0,2,0.085,2,0.0,2
234.0,2,4.0886,2,33.7964,2,103.2,2,61.1,2,0.09,2,0.0,2
235.0,2,4.0864,2,33.7987,2,102.3,2,61.0,2,0.098,2,0.0,2
236.0,2,4.0857,2,33.8005,2,101.6,2,61.1,2,0.098,2,0.0,2
237.0,2,4.0824,2,33.8008,2,101.1,2,61.0,2,0.096,2,0.0,2
238.1,2,4.0747,2,33.8033,2,100.8,2,61.1,2,0.096,2,0.0,2
239.5,2,4.0722,2,33.8042,2,100.8,2,61.2,2,0.085,2,0.0,2
240.0,2,4.0708,2,33.8042,2,99.5,2,61.1,2,0.09,2,0.0,2
241.0,2,4.0689,2,33.8049,2,98.9,2,61.1,2,0.094,2,0.0,2
242.0,2,4.0682,2,33.8063,2,98.3,2,61.1,2,0.098,2,0.0,2
243.0,2,4.0639,2,33.8077,2,97.6,2,61.1,2,0.098,2,0.0,2
244.0,2,4.059,2,33.8114,2,96.6,2,61.2,2,0.098,2,0.0,2
245.0,2,4.0549,2,33.8126,2,95.7,2,61.2,2,0.098,2,0.0,2
246.0,2,4.0452,2,33.8144,2,94.9,2,61.2,2,0.092,2,0.0,2
247.0,2,4.0377,2,33.8167,2,94.4,2,61.2,2,0.098,2,0.0,2
248.4,2,4.0357,2,33.8173,2,94.3,2,61.2,2,0.09,2,0.0,2
249.0,2,4.0317,2,33.8186,2,92.6,2,61.2,2,0.098,2,0.0,2
250.0,2,4.0262,2,33.8214,2,91.3,2,61.2,2,0.098,2,0.0,2
251.0,2,4.0223,2,33.8236,2,90.6,2,61.2,2,0.098,2,0.0,2
252.0,2,4.0201,2,33.8243,2,90.2,2,61.0,2,0.098,2,0.0,2
253.0,2,4.0179,2,33.8248,2,89.7,2,61.2,2,0.098,2,0.0,2
254.0,2,4.0135,2,33.8262,2,88.8,2,61.2,2,0.107,2,0.0,2
255.0,2,4.0107,2,33.8285,2,88.2,2,61.2,2,0.087,2,0.0,2
256.0,2,4.0121,2,33.8299,2,87.7,2,61.2,2,0.09699999999999999,2,0.0,2
257.0,2,4.0114,2,33.8314,2,87.2,2,61.2,2,0.095,2,0.0,2
257.7,2,4.0089999999999995,2,33.8324,2,87.4,2,61.2,2,0.098,2,0.0,2
259.1,2,4.0011,2,33.8334,2,86.4,2,61.3,2,0.094,2,0.0,2
260.0,2,3.9993,2,33.834,2,85.4,2,61.2,2,0.09300000000000001,2,0.0,2
261.0,2,3.9988,2,33.8354,2,85.0,2,61.3,2,0.09300000000000001,2,0.0,2
262.0,2,3.9991,2,33.8369,2,84.6,2,61.1,2,0.09,2,0.0,2
263.0,2,3.9981,2,33.8379,2,84.3,2,61.2,2,0.09699999999999999,2,0.0,2
264.0,2,3.9974,2,33.8391,2,83.8,2,61.3,2,0.098,2,0.0,2
265.0,2,3.9963,2,33.8411,2,83.4,2,61.3,2,0.091,2,0.0,2
266.0,2,3.9959,2,33.8418,2,83.0,2,61.3,2,0.098,2,0.0,2
266.8,2,3.9969,2,33.8426,2,82.9,2,61.3,2,0.098,2,0.0,2
267.9,2,4.0005,2,33.8455,2,82.3,2,61.3,2,0.098,2,0.0,2
269.0,2,4.0011,2,33.8469,2,81.8,2,61.3,2,0.098,2,0.0,2
270.0,2,3.9966,2,33.8487,2,81.5,2,61.3,2,0.098,2,0.0,2
271.0,2,4.0056,2,33.8519,2,81.1,2,61.2,2,0.098,2,0.0,2
272.0,2,4.0012,2,33.8535,2,80.2,2,61.3,2,0.098,2,0.0,2
273.0,2,3.9946,2,33.857,2,79.5,2,61.3,2,0.098,2,0.0,2
274.0,2,3.9972,2,33.859,2,79.1,2,61.3,2,0.098,2,0.0,2
275.0,2,3.9978,2,33.8597,2,79.1,2,61.3,2,0.098,2,0.0,2
277.0,2,3.9989999999999997,2,33.8609,2,78.9,2,61.2,2,0.098,2,0.0,2
278.0,2,3.9994,2,33.8619,2,78.2,2,61.1,2,0.098,2,0.0,2
279.0,2,3.9993,2,33.8625,2,77.8,2,61.3,2,0.098,2,0.0,2
280.0,2,3.9986,2,33.864000000000004,2,77.6,2,61.0,2,0.098,2,0.0,2
281.0,2,3.9973,2,33.8664,2,77.4,2,61.2,2,0.098,2,0.0,2
282.0,2,3.9968,2,33.8667,2,77.0,2,61.2,2,0.098,2,0.0,2
282.8,2,3.9965,2,33.8668,2,77.2,2,61.2,2,0.098,2,0.0,2
284.3,2,3.995,2,33.8676,2,76.9,2,61.3,2,0.098,2,0.0,2
285.0,2,3.9919,2,33.8695,2,75.7,2,61.3,2,0.098,2,0.0,2
286.0,2,3.991,2,33.8709,2,75.0,2,61.3,2,0.098,2,0.0,2
287.0,2,3.9899,2,33.8719,2,74.7,2,61.2,2,0.098,2,0.0,2
288.0,2,3.9882,2,33.8735,2,74.2,2,61.3,2,0.098,2,0.0,2
289.0,2,3.9868,2,33.875,2,73.7,2,61.3,2,0.098,2,0.0,2
290.0,2,3.985,2,33.8769,2,73.3,2,61.3,2,0.098,2,0.0,2
291.0,2,3.9841,2,33.8775,2,72.9,2,61.3,2,0.098,2,0.0,2
292.0,2,3.9834,2,33.8791,2,72.6,2,61.3,2,0.098,2,0.0,2
293.0,2,3.9831,2,33.8801,2,72.3,2,61.3,2,0.098,2,0.0,2
294.0,2,3.9832,2,33.8803,2,72.0,2,61.3,2,0.098,2,0.0,2
295.0,2,3.9836,2,33.8804,2,71.8,2,61.3,2,0.098,2,0.0,2
296.0,2,3.9839,2,33.8811,2,71.6,2,61.3,2,0.098,2,0.0,2
297.0,2,3.984,2,33.8814,2,71.7,2,61.3,2,0.08900000000000001,2,0.0,2
298.0,2,3.9833,2,33.8822,2,71.5,2,61.3,2,0.095,2,0.0,2
299.0,2,3.9829,2,33.883,2,71.4,2,61.3,2,0.091,2,0.0,2
300.0,2,3.9824,2,33.8844,2,70.8,2,61.4,2,0.098,2,0.0,2
301.0,2,3.9838,2,33.8892,2,69.9,2,61.3,2,0.094,2,0.0,2
302.0,2,3.9836,2,33.8913,2,69.2,2,61.4,2,0.098,2,0.0,2
303.0,2,3.9831,2,33.8919,2,69.1,2,61.3,2,0.09300000000000001,2,0.0,2
304.0,2,3.9838,2,33.8934,2,68.5,2,61.4,2,0.085,2,0.0,2
305.0,2,3.9833,2,33.8951,2,67.8,2,61.3,2,0.085,2,0.0,2
306.0,2,3.9789,2,33.8973,2,67.4,2,61.4,2,0.09699999999999999,2,0.0,2
307.0,2,3.9775,2,33.8984,2,66.8,2,61.3,2,0.09699999999999999,2,0.0,2
308.0,2,3.9764,2,33.8998,2,66.1,2,61.4,2,0.09,2,0.0,2
308.7,2,3.9745,2,33.9011,2,65.4,2,61.3,2,0.086,2,0.0,2
310.0,2,3.9724,2,33.9015,2,64.7,2,61.4,2,0.07400000000000001,2,0.0,2
311.0,2,3.9669,2,33.9038,2,63.9,2,61.4,2,0.073,2,0.0,2
312.0,2,3.9652,2,33.9045,2,63.1,2,61.3,2,0.073,2,0.0,2
313.0,2,3.9616,2,33.906,2,62.6,2,61.2,2,0.073,2,0.0,2
314.0,2,3.9547,2,33.9076,2,61.6,2,61.3,2,0.073,2,0.0,2
315.0,2,3.9501,2,33.9084,2,60.6,2,61.4,2,0.078,2,0.0,2
316.0,2,3.9484,2,33.9093,2,60.0,2,61.4,2,0.179,2,0.0,2
317.0,2,3.9448,2,33.9111,2,59.3,2,61.4,2,0.105,2,0.0,2
318.0,2,3.9456,2,33.9122,2,58.9,2,61.1,2,0.073,2,0.0,2
319.0,2,3.9362,2,33.9126,2,58.0,2,61.4,2,0.073,2,0.0,2
320.0,2,3.9338,2,33.9137,2,57.4,2,61.3,2,0.07200000000000001,2,0.0,2
321.0,2,3.9324,2,33.9141,2,56.9,2,61.4,2,0.063,2,0.0,2
322.0,2,3.9335,2,33.9163,2,57.0,2,61.4,2,0.049,2,0.0,2
323.0,2,3.9395,2,33.9187,2,57.6,2,61.3,2,0.042,2,0.0,2
324.0,2,3.9428,2,33.9196,2,57.9,2,61.3,2,0.045,2,0.0,2
325.0,2,3.9427,2,33.9214,2,57.8,2,61.4,2,0.049,2,0.0,2
326.0,2,3.9389,2,33.9238,2,57.6,2,61.4,2,0.049,2,0.0,2
327.0,2,3.94,2,33.9247,2,57.6,2,61.2,2,0.049,2,0.0,2
328.0,2,3.9434,2,33.9272,2,57.4,2,61.2,2,0.046,2,0.0,2
329.0,2,3.9425,2,33.9281,2,57.3,2,61.3,2,0.044000000000000004,2,0.0,2
330.0,2,3.9417,2,33.93,2,57.2,2,61.3,2,0.047,2,0.0,2
330.7,2,3.9415,2,33.931,2,57.2,2,61.3,2,0.049,2,0.0,2
332.2,2,3.9407,2,33.9327,2,56.8,2,61.4,2,0.032,2,0.0,2
333.0,2,3.9402,2,33.9342,2,56.4,2,61.4,2,0.042,2,0.0,2
334.0,2,3.9406,2,33.9352,2,56.0,2,61.3,2,0.049,2,0.0,2
335.0,2,3.9401,2,33.9367,2,55.7,2,61.3,2,0.049,2,0.0,2
336.0,2,3.9395,2,33.9387,2,55.5,2,61.3,2,0.049,2,0.0,2
337.1,2,3.9392,2,33.9394,2,55.6,2,61.4,2,0.044000000000000004,2,0.0,2
337.8,2,3.9386,2,33.9398,2,55.6,2,61.4,2,0.027000000000000003,2,0.0,2
339.3,2,3.9383,2,33.9408,2,55.6,2,61.2,2,0.024,2,0.0,2
340.0,2,3.938,2,33.9424,2,55.2,2,61.3,2,0.034,2,0.0,2
341.0,2,3.9381,2,33.9437,2,54.7,2,61.3,2,0.021,2,0.0,2
342.0,2,3.9384,2,33.9454,2,54.2,2,61.4,2,0.024,2,0.0,2
343.0,2,3.9386,2,33.9465,2,54.2,2,61.4,2,0.024,2,0.0,2
344.0,2,3.9387,2,33.9474,2,53.8,2,61.4,2,0.024,2,0.0,2
345.0,2,3.9381,2,33.9484,2,53.6,2,61.3,2,0.024,2,0.0,2
346.1,2,3.932,2,33.9497,2,53.2,2,61.3,2,0.023,2,0.0,2
346.5,2,3.9292,2,33.9506,2,53.2,2,61.4,2,0.012,2,0.0,2
348.3,2,3.9262,2,33.9503,2,52.0,2,61.4,2,0.022000000000000002,2,0.0,2
349.0,2,3.9244,2,33.9507,2,51.0,2,61.3,2,0.022000000000000002,2,0.0,2
350.0,2,3.9221,2,33.9513,2,50.1,2,61.4,2,0.022000000000000002,2,0.0,2
351.0,2,3.9181,2,33.9521,2,49.2,2,61.4,2,0.028999999999999998,2,0.0,2
352.0,2,3.9144,2,33.9527,2,48.5,2,61.4,2,0.024,2,0.0,2
353.0,2,3.9115,2,33.9547,2,48.1,2,61.2,2,0.024,2,0.0,2
354.0,2,3.9139999999999997,2,33.9575,2,48.0,2,61.4,2,0.017,2,0.0,2
354.9,2,3.9163,2,33.9583,2,48.1,2,61.2,2,0.024,2,0.0,2
356.2,2,3.9198,2,33.9592,2,48.6,2,61.3,2,0.024,2,0.0,2
357.0,2,3.9186,2,33.9606,2,48.5,2,61.4,2,0.021,2,0.0,2
358.0,2,3.9184,2,33.9616,2,48.3,2,61.4,2,0.019,2,0.0,2
359.0,2,3.9193,2,33.9626,2,48.0,2,61.4,2,0.024,2,0.0,2
360.0,2,3.9187,2,33.9632,2,47.7,2,61.4,2,0.024,2,0.0,2
361.0,2,3.9130000000000003,2,33.9653,2,47.0,2,61.4,2,0.024,2,0.0,2
362.0,2,3.9054,2,33.9665,2,46.2,2,61.3,2,0.024,2,0.0,2
362.6,2,3.9051,2,33.9674,2,46.3,2,61.2,2,0.024,2,0.0,2
364.0,2,3.9019,2,33.9686,2,45.4,2,61.4,2,0.022000000000000002,2,0.0,2
365.0,2,3.9009,2,33.9702,2,44.3,2,61.3,2,0.024,2,0.0,2
366.0,2,3.9001,2,33.9705,2,43.8,2,61.4,2,0.024,2,0.0,2
367.0,2,3.8985,2,33.971,2,43.4,2,61.4,2,0.023,2,0.0,2
368.0,2,3.8968,2,33.9722,2,42.9,2,61.5,2,0.024,2,0.0,2
369.0,2,3.8963,2,33.974000000000004,2,42.7,2,61.4,2,0.024,2,0.0,2
370.0,2,3.8967,2,33.9761,2,42.7,2,61.4,2,0.017,2,0.0,2
371.0,2,3.8962,2,33.9776,2,42.6,2,61.5,2,0.023,2,0.0,2
372.0,2,3.8974,2,33.9793,2,42.4,2,61.5,2,0.024,2,0.0,2
373.3,2,3.9008,2,33.9815,2,42.7,2,61.4,2,0.024,2,0.0,2
374.0,2,3.8995,2,33.9818,2,42.3,2,61.4,2,0.024,2,0.0,2
375.0,2,3.8911,2,33.9819,2,41.6,2,61.5,2,0.024,2,0.0,2
376.0,2,3.8885,2,33.9836,2,41.0,2,61.5,2,0.024,2,0.0,2
377.0,2,3.8865,2,33.9848,2,40.5,2,61.5,2,0.024,2,0.0,2
378.0,2,3.8832,2,33.9853,2,40.1,2,61.5,2,0.024,2,0.0,2
379.0,2,3.883,2,33.9868,2,39.9,2,61.4,2,0.024,2,0.0,2
380.0,2,3.8867,2,33.9899,2,40.0,2,61.4,2,0.024,2,0.0,2
381.0,2,3.8849,2,33.9917,2,39.7,2,61.4,2,0.024,2,0.0,2
382.0,2,3.8837,2,33.9922,2,39.3,2,61.5,2,0.024,2,0.0,2
383.0,2,3.883,2,33.9926,2,39.2,2,61.5,2,0.024,2,0.0,2
384.0,2,3.8824,2,33.9933,2,39.0,2,61.5,2,0.024,2,0.0,2
385.0,2,3.8817,2,33.9946,2,38.8,2,61.5,2,0.024,2,0.0,2
386.0,2,3.8773,2,33.9982,2,38.3,2,61.5,2,0.024,2,0.0,2
387.0,2,3.8761,2,34.0001,2,38.0,2,61.5,2,0.024,2,0.0,2
388.1,2,3.8761,2,34.0011,2,37.7,2,61.1,2,0.024,2,0.0,2
389.0,2,3.8762,2,34.0019,2,37.6,2,61.5,2,0.024,2,0.0,2
390.0,2,3.8748,2,34.0037,2,37.1,2,61.4,2,0.024,2,0.0,2
391.0,2,3.8721,2,34.0063,2,36.7,2,61.4,2,0.024,2,0.0,2
392.0,2,3.8701,2,34.0082,2,36.3,2,61.5,2,0.024,2,0.0,2
393.0,2,3.8695,2,34.0086,2,36.0,2,61.5,2,0.024,2,0.0,2
394.0,2,3.8686,2,34.0093,2,35.9,2,61.5,2,0.024,2,0.0,2
395.0,2,3.8676,2,34.01,2,35.8,2,61.5,2,0.024,2,0.0,2
396.0,2,3.867,2,34.0102,2,35.6,2,61.5,2,0.024,2,0.0,2
397.0,2,3.8668,2,34.0104,2,35.5,2,61.5,2,0.024,2,0.0,2
398.0,2,3.8659,2,34.0113,2,35.2,2,61.5,2,0.037000000000000005,2,0.0,2
399.0,2,3.8649,2,34.0123,2,35.3,2,61.5,2,0.027000000000000003,2,0.0,2
400.0,2,3.8646,2,34.0127,2,35.0,2,61.5,2,0.036000000000000004,2,0.0,2
401.0,2,3.8644,2,34.013000000000005,2,34.9,2,61.5,2,0.039,2,0.0,2
402.0,2,3.8638,2,34.0136,2,34.6,2,61.5,2,0.026000000000000002,2,0.0,2
403.0,2,3.863,2,34.0147,2,34.7,2,61.5,2,0.028999999999999998,2,0.0,2
404.0,2,3.8626,2,34.0155,2,34.7,2,61.5,2,0.033,2,0.0,2
405.0,2,3.8617,2,34.0168,2,34.4,2,61.5,2,0.024,2,0.0,2
406.0,2,3.8607,2,34.0181,2,34.2,2,61.5,2,0.027000000000000003,2,0.0,2
407.0,2,3.8598,2,34.0189,2,34.2,2,61.4,2,0.033,2,0.0,2
408.1,2,3.8584,2,34.0203,2,34.0,2,61.4,2,0.028999999999999998,2,0.0,2
409.0,2,3.8569,2,34.0216,2,33.8,2,61.3,2,0.027000000000000003,2,0.0,2
410.0,2,3.8569,2,34.0221,2,33.5,2,61.4,2,0.024,2,0.0,2
411.0,2,3.8568,2,34.0225,2,33.4,2,61.2,2,0.024,2,0.0,2
412.0,2,3.8561,2,34.0234,2,33.2,2,61.5,2,0.024,2,0.0,2
413.0,2,3.855,2,34.0245,2,33.3,2,61.5,2,0.024,2,0.0,2
414.0,2,3.8536,2,34.0266,2,33.1,2,61.5,2,0.024,2,0.0,2
415.0,2,3.8514,2,34.0285,2,32.6,2,61.5,2,0.024,2,0.0,2
416.0,2,3.8501,2,34.0303,2,32.2,2,61.5,2,0.033,2,0.0,2
416.9,2,3.8488,2,34.0326,2,32.2,2,61.2,2,0.03,2,0.0,2
417.9,2,3.8478,2,34.0341,2,31.9,2,61.5,2,0.024,2,0.0,2
419.0,2,3.847,2,34.0346,2,31.6,2,61.5,2,0.017,2,0.0,2
420.0,2,3.8467,2,34.035,2,31.2,2,61.5,2,0.013999999999999999,2,0.0,2
421.0,2,3.846,2,34.0368,2,31.1,2,61.5,2,0.024,2,0.0,2
422.0,2,3.8448,2,34.0381,2,30.9,2,61.5,2,0.024,2,0.0,2
423.0,2,3.843,2,34.0393,2,30.9,2,61.5,2,0.024,2,0.0,2
424.0,2,3.8416,2,34.0402,2,30.6,2,61.5,2,0.024,2,0.0,2
425.1,2,3.8388,2,34.0413,2,30.2,2,61.5,2,0.023,2,0.0,2
426.1,2,3.8376,2,34.0419,2,30.0,2,61.5,2,0.024,2,0.0,2
427.0,2,3.8376,2,34.0422,2,29.8,2,61.5,2,0.024,2,0.0,2
428.0,2,3.8358,2,34.0434,2,29.6,2,61.6,2,0.016,2,0.0,2
429.0,2,3.8337,2,34.0455,2,29.2,2,61.6,2,0.024,2,0.0,2
430.0,2,3.8324,2,34.0469,2,29.1,2,61.6,2,0.024,2,0.0,2
431.0,2,3.8322,2,34.0482,2,29.1,2,61.5,2,0.024,2,0.0,2
432.0,2,3.8315,2,34.051,2,28.7,2,61.5,2,0.021,2,0.0,2
433.0,2,3.8318,2,34.0532,2,28.9,2,61.4,2,0.018000000000000002,2,0.0,2
434.0,2,3.8316,2,34.0535,2,28.9,2,61.6,2,0.024,2,0.0,2
435.0,2,3.8308,2,34.0539,2,28.6,2,61.6,2,0.023,2,0.0,2
435.8,2,3.8298,2,34.0544,2,28.7,2,61.6,2,0.013000000000000001,2,0.0,2
437.2,2,3.8299,2,34.0545,2,28.8,2,61.5,2,0.022000000000000002,2,0.0,2
437.9,2,3.8306,2,34.0559,2,28.6,2,61.6,2,0.013999999999999999,2,0.0,2
439.0,2,3.8308,2,34.0594,2,28.4,2,61.6,2,0.024,2,0.0,2
440.0,2,3.8288,2,34.062,2,28.2,2,61.6,2,0.02,2,0.0,2
441.0,2,3.8283,2,34.0627,2,28.2,2,61.6,2,0.022000000000000002,2,0.0,2
442.0,2,3.8258,2,34.0644,2,28.2,2,61.6,2,0.024,2,0.0,2
443.0,2,3.8242,2,34.0661,2,28.1,2,61.6,2,0.024,2,0.0,2
443.8,2,3.8232,2,34.0669,2,28.0,2,61.6,2,0.013999999999999999,2,0.0,2
446.1,2,3.8229,2,34.0684,2,28.0,2,61.6,2,0.024,2,0.0,2
447.0,2,3.8209,2,34.0707,2,27.9,2,61.4,2,0.024,2,0.0,2
448.0,2,3.819,2,34.0718,2,27.6,2,61.6,2,0.024,2,0.0,2
449.0,2,3.8173,2,34.0732,2,27.4,2,61.2,2,0.018000000000000002,2,0.0,2
450.0,2,3.8165,2,34.0742,2,27.4,2,61.6,2,0.023,2,0.0,2
451.1,2,3.8162,2,34.0747,2,27.2,2,61.6,2,0.021,2,0.0,2
452.0,2,3.8154,2,34.0754,2,27.3,2,61.5,2,0.013000000000000001,2,0.0,2
453.0,2,3.8136,2,34.0769,2,27.3,2,61.6,2,0.019,2,0.0,2
454.0,2,3.8114,2,34.0784,2,26.9,2,61.6,2,0.024,2,0.0,2
455.0,2,3.8105,2,34.0787,2,26.9,2,61.6,2,0.015,2,0.0,2
456.0,2,3.8096,2,34.0791,2,26.9,2,61.6,2,0.02,2,0.0,2
457.0,2,3.8081,2,34.0798,2,26.6,2,61.6,2,0.015,2,0.0,2
458.0,2,3.8068,2,34.0804,2,26.6,2,61.6,2,0.015,2,0.0,2
459.0,2,3.8058,2,34.0807,2,26.7,2,61.6,2,0.019,2,0.0,2
459.9,2,3.8054,2,34.0808,2,26.7,2,61.6,2,0.024,2,0.0,2
461.0,2,3.8051,2,34.0812,2,26.5,2,61.6,2,0.024,2,0.0,2
462.0,2,3.8049,2,34.0817,2,26.2,2,61.6,2,0.019,2,0.0,2
463.0,2,3.8049,2,34.0818,2,26.5,2,61.6,2,0.018000000000000002,2,0.0,2
464.0,2,3.8043,2,34.0821,2,26.4,2,61.6,2,0.019,2,0.0,2
465.0,2,3.8031,2,34.083,2,26.4,2,61.6,2,0.018000000000000002,2,0.0,2
466.0,2,3.802,2,34.0839,2,26.2,2,61.6,2,0.023,2,0.0,2
467.0,2,3.8011,2,34.0846,2,26.0,2,61.6,2,0.019,2,0.0,2
468.0,2,3.7989,2,34.086,2,26.1,2,61.6,2,0.019,2,0.0,2
469.0,2,3.7969999999999997,2,34.0869,2,26.1,2,61.6,2,0.024,2,0.0,2
470.0,2,3.7948,2,34.088,2,26.0,2,61.6,2,0.013000000000000001,2,0.0,2
471.0,2,3.7916,2,34.091,2,26.0,2,61.6,2,0.019,2,0.0,2
472.0,2,3.7904,2,34.0921,2,25.6,2,61.6,2,0.018000000000000002,2,0.0,2
473.0,2,3.7902,2,34.0923,2,25.8,2,61.7,2,0.018000000000000002,2,0.0,2
474.0,2,3.7897,2,34.0928,2,25.7,2,61.6,2,0.02,2,0.0,2
475.0,2,3.7892,2,34.0935,2,25.6,2,61.5,2,0.024,2,0.0,2
476.0,2,3.7885,2,34.0942,2,25.5,2,61.5,2,0.02,2,0.0,2
477.0,2,3.7869,2,34.0958,2,25.3,2,61.6,2,0.012,2,0.0,2
478.0,2,3.7854,2,34.0967,2,25.4,2,61.6,2,0.022000000000000002,2,0.0,2
479.1,2,3.7846,2,34.0972,2,25.5,2,61.6,2,0.022000000000000002,2,0.0,2
479.9,2,3.7842,2,34.0975,2,25.5,2,61.6,2,0.02,2,0.0,2
481.0,2,3.7832,2,34.0987,2,25.2,2,61.6,2,0.023,2,0.0,2
481.9,2,3.7826,2,34.0992,2,25.1,2,61.6,2,0.024,2,0.0,2
483.0,2,3.7826,2,34.0993,2,25.1,2,61.6,2,0.024,2,0.0,2
484.0,2,3.7823,2,34.0995,2,25.1,2,61.6,2,0.017,2,0.0,2
485.0,2,3.7814,2,34.0999,2,25.1,2,61.6,2,0.012,2,0.0,2
485.9,2,3.7802,2,34.1006,2,25.2,2,61.6,2,0.018000000000000002,2,0.0,2
488.0,2,3.7767,2,34.1023,2,25.0,2,61.6,2,0.024,2,0.0,2
489.0,2,3.7754,2,34.1031,2,24.8,2,61.6,2,0.024,2,0.0,2
490.0,2,3.7747,2,34.1036,2,24.5,2,61.6,2,0.019,2,0.0,2
491.0,2,3.7736,2,34.1044,2,24.6,2,61.6,2,0.024,2,0.0,2
492.0,2,3.7712,2,34.106,2,24.8,2,61.6,2,0.024,2,0.0,2
493.1,2,3.7701,2,34.1066,2,24.8,2,61.6,2,0.015,2,0.0,2
493.9,2,3.7694,2,34.1071,2,24.6,2,61.6,2,0.018000000000000002,2,0.0,2
495.0,2,3.7684,2,34.1078,2,24.5,2,61.6,2,0.02,2,0.0,2
496.0,2,3.7662,2,34.1091,2,24.5,2,61.6,2,0.024,2,0.0,2
497.0,2,3.7649,2,34.1098,2,24.4,2,61.6,2,0.024,2,0.0,2
498.0,2,3.7638,2,34.1103,2,24.2,2,61.7,2,0.018000000000000002,2,0.0,2
499.0,2,3.7616,2,34.1117,2,24.0,2,61.6,2,0.017,2,0.0,2
500.1,2,3.7604,2,34.1122,2,24.2,2,61.6,2,0.012,2,0.0,2
501.4,2,3.7604,2,34.1124,2,24.2,2,61.6,2,0.012,2,0.0,2
501.6,2,3.7604,2,34.1123,2,24.0,2,61.6,2,0.013000000000000001,2,0.0,2
END_DATA
