CTD,20190304CCHSIOLMM
#---------------------------------------------------------------------------------------------------,,,,,,,,,,,,,,,,
#Fluorescence - Transmissivity and PAR data are nominal and unedited except that some records were removed in editing temperature and salinity.,,,,,,,,,,,,,,,,
#---------------------------------------------------------------------------------------------------,,,,,,,,,,,,,,,,
#COMMENTS FOR CASTS 0001 TO 0032,,,,,,,,,,,,,,,,
#CTD Serial Number 0506; SBE Dissolved Oxygen sensor Serial Number 1176.,,,,,,,,,,,,,,,,
#,,,,,,,,,,,,,,,,
#As has been noted from several other cruises using Oxygen:Dissolved:CTD sensor #1176 in the summer 2010 the data are odd for some casts (casts 0022 to 0032) with concentration values offset by approximately 0.24 ml/l from the normal-looking casts and a higher noise level in the raw oxygen voltage.,,,,,,,,,,,,,,,,
#Data were recalibrated to correct for this offset but there were only 3 casts with titrated dissolved oxygen samples for the normal casts and 1 from the odd casts.,,,,,,,,,,,,,,,,
#Establishing which casts require the special recalibration was based on the noise level in the Oxygen:Dissolved:CTD voltage and information from other cruises was used to recalibrate the odd casts.,,,,,,,,,,,,,,,,
#,,,,,,,,,,,,,,,,
#The quality of the Oxygen:Dissolved:CTD calibration is considered lower than usual and there are insufficient data to make precision estimates. ,,,,,,,,,,,,,,,,
#,,,,,,,,,,,,,,,,
#---------------------------------------------------------------------------------------------------,,,,,,,,,,,,,,,,
#COMMENTS FOR CASTS 0036 TO 0129,,,,,,,,,,,,,,,,
#CTD Serial Number 0443; SBE Dissolved Oxygen sensor Serial Number 1483.,,,,,,,,,,,,,,,,
#,,,,,,,,,,,,,,,,
#There are only 3 casts with titrated dissolved oxygen samples that could be compared to the Oxygen:Dissolved:CTD data for sensor #1438 and 1 of them looked significantly different in the comparison from the other 2. ,,,,,,,,,,,,,,,,
#Recalibration of dissolved oxygen was based on the 2 casts that looked similar.,,,,,,,,,,,,,,,,
#There are insufficient data to make a precision estimate.,,,,,,,,,,,,,,,,
#,,,,,,,,,,,,,,,,
#For Oxygen:Dissolved:CTD sensor #1438 values below 2200 dbar were replaced by pad values because there is evidence of significant hysteresis.,,,,,,,,,,,,,,,,
#The Salinity:Practical data from CTD #0443 showed evidence of flow rate problems in the top 200 dbar; the two-sided noise caused by that was minimized by bin-averaging.,,,,,,,,,,,,,,,,
#,,,,,,,,,,,,,,,,
#***********************************************************************,,,,,,,,,,,,,,,,
#In June 2011 it was discovered that the wrong information was used for conversion of the Oxygen:Dissolved:CTD sensor data for CTD #0443.,,,,,,,,,,,,,,,,
#Sensor #1483 was actually used for this cruise.,,,,,,,,,,,,,,,,
#,,,,,,,,,,,,,,,,
#The Oxygen:Dissolved:CTD channel was reprocessed. ,,,,,,,,,,,,,,,,
#A new recalibration scheme was found by rerunning the bottle comparison. ,,,,,,,,,,,,,,,,
#The files were then merged with all the other channels from the original processing.,,,,,,,,,,,,,,,,
#,,,,,,,,,,,,,,,,
#The hysteresis noted in the original processing remains and the quality of the data is still considered of lower quality than usual.,,,,,,,,,,,,,,,,
#,,,,,,,,,,,,,,,,
#Note that the correct calibration information for the Oxygen:Dissolved:CTD sensor can be found at the end of the processing report along with detail about how the reprocessing was done.,,,,,,,,,,,,,,,,
#,,,,,,,,,,,,,,,,
#---------------------------------------------------------------------------------------------------,,,,,,,,,,,,,,,,
#For details on the processing see file 2010-14-proc.pdf.,,,,,,,,,,,,,,,,
#---------------------------------------------------------------------------------------------------,,,,,,,,,,,,,,,,
#,,,,,,,,,,,,,,,,
#File Name,Zone,FIL:START TIME YYYY/MM/DD, HH:MM,LOC:EVENT_NUMBER,LOC:LATITUDE,LOC:LONGITUDE,LOC:STATION,Pressure:CTD [dbar],Temperature:CTD [deg_C_(ITS90)],Salinity:Practical:CTD [PSS-78],Sigma-t:CTD [kg/m^3],Transmissivity:CTD [*/m],Oxygen:Dissolved:CTD:Volume [ml/l],Oxygen:Dissolved:CTD:Mass [µmol/kg],Fluorescence:CTD [mg/m^3],PAR:CTD [µE/m^2/sec]
#,,,,,,,,,,,,,,,,
NUMBER_HEADERS = 8
EXPOCODE = 18DD20100817
STNBR = P13
CASTNO = 2
DATE = 23/08/2010
TIME =  03:10
LATITUDE = 49.04517
LONGITUDE = -131.6665
CTDPRS,CTDPRS_FLAG_W,CTDTMP,CTDTMP_FLAG_W,CTDSAL,CTDSAL_FLAG_W,CTDOXY,CTDOXY_FLAG_W,CTDXMISS,CTDXMISS_FLAG_W,CTDFLUOR,CTDFLUOR_FLAG_W,PAR,PAR_FLAG_W
DBAR,,ITS-90,,PSS-78,,UMOL/KG,,,,MG/M^3,,UE/m^2/sec,
2.5,2,15.7009,2,31.8233,2,,2,,2,,2,,2
3.0,2,15.703,2,31.8236,2,,2,,2,,2,,2
4.1,2,15.7044,2,31.8238,2,,2,,2,,2,,2
5.0,2,15.7019,2,31.8239,2,,2,,2,,2,,2
6.0,2,15.6523,2,31.822,2,,2,,2,,2,,2
6.8,2,15.5175,2,31.8203,2,,2,,2,,2,,2
8.2,2,15.419,2,31.8183,2,,2,,2,,2,,2
9.0,2,15.2928,2,31.8161,2,,2,,2,,2,,2
10.0,2,15.2411,2,31.816999999999997,2,,2,,2,,2,,2
11.0,2,15.2192,2,31.8171,2,,2,,2,,2,,2
12.0,2,15.2003,2,31.8171,2,,2,,2,,2,,2
13.0,2,15.1884,2,31.8175,2,,2,,2,,2,,2
14.0,2,15.1774,2,31.8181,2,,2,,2,,2,,2
14.9,2,15.1714,2,31.8181,2,,2,,2,,2,,2
16.0,2,15.1651,2,31.8182,2,,2,,2,,2,,2
17.0,2,15.1604,2,31.8184,2,,2,,2,,2,,2
18.1,2,15.1567,2,31.8189,2,,2,,2,,2,,2
19.0,2,15.149000000000001,2,31.8195,2,,2,,2,,2,,2
20.0,2,15.1374,2,31.8195,2,,2,,2,,2,,2
21.0,2,15.1217,2,31.8199,2,,2,,2,,2,,2
21.9,2,15.1116,2,31.8206,2,,2,,2,,2,,2
23.0,2,15.0969,2,31.8214,2,,2,,2,,2,,2
24.0,2,15.0742,2,31.8227,2,,2,,2,,2,,2
25.1,2,15.0549,2,31.8239,2,,2,,2,,2,,2
26.0,2,15.0505,2,31.8255,2,,2,,2,,2,,2
27.0,2,15.0503,2,31.8259,2,,2,,2,,2,,2
28.0,2,15.0513,2,31.8278,2,,2,,2,,2,,2
29.0,2,15.0482,2,31.8291,2,,2,,2,,2,,2
30.0,2,15.0468,2,31.8323,2,,2,,2,,2,,2
31.0,2,15.042,2,31.8401,2,,2,,2,,2,,2
32.0,2,14.9436,2,31.8501,2,,2,,2,,2,,2
33.0,2,14.7984,2,31.8691,2,,2,,2,,2,,2
34.0,2,14.724,2,31.8814,2,,2,,2,,2,,2
35.0,2,14.6484,2,31.8913,2,,2,,2,,2,,2
36.0,2,14.4761,2,31.9233,2,,2,,2,,2,,2
37.0,2,14.3983,2,31.9359,2,,2,,2,,2,,2
38.0,2,14.2031,2,31.9758,2,,2,,2,,2,,2
39.0,2,14.0524,2,32.0152,2,,2,,2,,2,,2
40.0,2,13.8847,2,32.0622,2,,2,,2,,2,,2
41.0,2,13.3951,2,32.1352,2,,2,,2,,2,,2
42.0,2,12.9378,2,32.1965,2,,2,,2,,2,,2
43.0,2,12.6116,2,32.2349,2,,2,,2,,2,,2
44.0,2,12.4116,2,32.2584,2,,2,,2,,2,,2
45.0,2,12.0749,2,32.3051,2,,2,,2,,2,,2
46.0,2,11.4741,2,32.3484,2,,2,,2,,2,,2
47.0,2,10.8731,2,32.3789,2,,2,,2,,2,,2
48.0,2,10.5785,2,32.3972,2,,2,,2,,2,,2
49.0,2,10.4637,2,32.4012,2,,2,,2,,2,,2
50.0,2,10.2942,2,32.4181,2,,2,,2,,2,,2
51.0,2,10.2461,2,32.4219,2,,2,,2,,2,,2
52.0,2,10.1502,2,32.4324,2,,2,,2,,2,,2
53.0,2,9.9734,2,32.4443,2,,2,,2,,2,,2
54.0,2,9.9416,2,32.4461,2,,2,,2,,2,,2
55.0,2,9.8887,2,32.4502,2,,2,,2,,2,,2
56.0,2,9.7313,2,32.4652,2,,2,,2,,2,,2
56.6,2,9.6892,2,32.4739,2,,2,,2,,2,,2
58.0,2,9.5835,2,32.4802,2,,2,,2,,2,,2
59.0,2,9.4786,2,32.4897,2,,2,,2,,2,,2
60.0,2,9.4466,2,32.4909,2,,2,,2,,2,,2
61.0,2,9.2858,2,32.5033,2,,2,,2,,2,,2
62.0,2,9.0852,2,32.5236,2,,2,,2,,2,,2
63.0,2,9.0632,2,32.5247,2,,2,,2,,2,,2
64.0,2,8.9856,2,32.5267,2,,2,,2,,2,,2
65.0,2,8.9194,2,32.5315,2,,2,,2,,2,,2
66.0,2,8.8459,2,32.5443,2,,2,,2,,2,,2
67.0,2,8.7979,2,32.5489,2,,2,,2,,2,,2
68.0,2,8.7332,2,32.5587,2,,2,,2,,2,,2
69.0,2,8.7068,2,32.5691,2,,2,,2,,2,,2
70.0,2,8.7046,2,32.5736,2,,2,,2,,2,,2
71.0,2,8.7014,2,32.5759,2,,2,,2,,2,,2
72.0,2,8.6086,2,32.5884,2,,2,,2,,2,,2
73.0,2,8.5361,2,32.6003,2,,2,,2,,2,,2
74.0,2,8.4884,2,32.6091,2,,2,,2,,2,,2
75.0,2,8.341000000000001,2,32.6374,2,,2,,2,,2,,2
76.0,2,8.1777,2,32.6727,2,,2,,2,,2,,2
77.0,2,7.9808,2,32.7248,2,,2,,2,,2,,2
78.0,2,7.9106,2,32.7425,2,,2,,2,,2,,2
79.0,2,7.8997,2,32.7453,2,,2,,2,,2,,2
80.0,2,7.8986,2,32.7452,2,,2,,2,,2,,2
81.0,2,7.8965,2,32.7473,2,,2,,2,,2,,2
82.0,2,7.8913,2,32.7508,2,,2,,2,,2,,2
83.0,2,7.888999999999999,2,32.7521,2,,2,,2,,2,,2
84.0,2,7.8856,2,32.7567,2,,2,,2,,2,,2
85.0,2,7.8832,2,32.7591,2,,2,,2,,2,,2
86.0,2,7.8725,2,32.7672,2,,2,,2,,2,,2
87.0,2,7.7484,2,32.8229,2,,2,,2,,2,,2
88.0,2,7.6359,2,32.8677,2,,2,,2,,2,,2
89.0,2,7.4847,2,32.9534,2,,2,,2,,2,,2
90.0,2,7.4472,2,32.9702,2,,2,,2,,2,,2
91.0,2,7.4224,2,32.9843,2,,2,,2,,2,,2
92.0,2,7.3979,2,33.0011,2,,2,,2,,2,,2
93.0,2,7.382999999999999,2,33.0106,2,,2,,2,,2,,2
94.0,2,7.3543,2,33.03,2,,2,,2,,2,,2
95.0,2,7.3324,2,33.0459,2,,2,,2,,2,,2
96.0,2,7.3141,2,33.067,2,,2,,2,,2,,2
97.1,2,7.2572,2,33.1175,2,,2,,2,,2,,2
97.9,2,7.2467,2,33.1266,2,,2,,2,,2,,2
99.0,2,7.2223,2,33.1512,2,,2,,2,,2,,2
100.0,2,7.1787,2,33.2159,2,,2,,2,,2,,2
101.0,2,7.149,2,33.2669,2,,2,,2,,2,,2
102.0,2,7.1341,2,33.2946,2,,2,,2,,2,,2
103.0,2,7.1297,2,33.3032,2,,2,,2,,2,,2
104.0,2,7.1197,2,33.321,2,,2,,2,,2,,2
105.0,2,7.1449,2,33.3738,2,,2,,2,,2,,2
106.0,2,7.2084,2,33.4205,2,,2,,2,,2,,2
107.0,2,7.2283,2,33.4376,2,,2,,2,,2,,2
108.0,2,7.232,2,33.4397,2,,2,,2,,2,,2
109.0,2,7.2351,2,33.4433,2,,2,,2,,2,,2
110.0,2,7.2451,2,33.4556,2,,2,,2,,2,,2
111.0,2,7.2659,2,33.486,2,,2,,2,,2,,2
112.0,2,7.2673,2,33.5011,2,,2,,2,,2,,2
113.0,2,7.2676,2,33.5198,2,,2,,2,,2,,2
114.0,2,7.2701,2,33.5379,2,,2,,2,,2,,2
115.0,2,7.2725,2,33.5481,2,,2,,2,,2,,2
116.0,2,7.2719,2,33.5624,2,,2,,2,,2,,2
117.0,2,7.2642,2,33.5898,2,,2,,2,,2,,2
118.0,2,7.2483,2,33.6352,2,,2,,2,,2,,2
119.0,2,7.2425,2,33.6498,2,,2,,2,,2,,2
120.0,2,7.2375,2,33.6633,2,,2,,2,,2,,2
121.0,2,7.2339,2,33.6724,2,,2,,2,,2,,2
122.0,2,7.2313,2,33.6802,2,,2,,2,,2,,2
123.0,2,7.2292,2,33.6869,2,,2,,2,,2,,2
124.0,2,7.225,2,33.6986,2,,2,,2,,2,,2
125.0,2,7.2222,2,33.7052,2,,2,,2,,2,,2
126.0,2,7.2193,2,33.7112,2,,2,,2,,2,,2
127.0,2,7.2165,2,33.7172,2,,2,,2,,2,,2
128.0,2,7.2033,2,33.7386,2,,2,,2,,2,,2
129.0,2,7.197,2,33.746,2,,2,,2,,2,,2
130.0,2,7.189,2,33.7548,2,,2,,2,,2,,2
131.0,2,7.1881,2,33.7557,2,,2,,2,,2,,2
132.0,2,7.1873,2,33.7569,2,,2,,2,,2,,2
133.0,2,7.1845,2,33.7594,2,,2,,2,,2,,2
134.0,2,7.1756,2,33.766999999999996,2,,2,,2,,2,,2
135.0,2,7.1688,2,33.7743,2,,2,,2,,2,,2
136.0,2,7.1649,2,33.7771,2,,2,,2,,2,,2
137.0,2,7.1586,2,33.7805,2,,2,,2,,2,,2
138.0,2,7.1544,2,33.7833,2,,2,,2,,2,,2
139.0,2,7.1514,2,33.7854,2,,2,,2,,2,,2
140.0,2,7.1384,2,33.7947,2,,2,,2,,2,,2
141.0,2,7.1305,2,33.8001,2,,2,,2,,2,,2
142.0,2,7.125,2,33.8042,2,,2,,2,,2,,2
143.0,2,7.1184,2,33.809,2,,2,,2,,2,,2
144.0,2,7.1158,2,33.8108,2,,2,,2,,2,,2
145.0,2,7.1028,2,33.8184,2,,2,,2,,2,,2
146.0,2,7.0933,2,33.8235,2,,2,,2,,2,,2
147.0,2,7.0806,2,33.8304,2,,2,,2,,2,,2
148.0,2,7.0791,2,33.8313,2,,2,,2,,2,,2
149.0,2,7.0788,2,33.8313,2,,2,,2,,2,,2
150.1,2,7.0787,2,33.8314,2,,2,,2,,2,,2
151.0,2,7.0788,2,33.8316,2,,2,,2,,2,,2
152.0,2,7.0774,2,33.832,2,,2,,2,,2,,2
153.0,2,7.0758,2,33.8328,2,,2,,2,,2,,2
154.0,2,7.0711,2,33.835,2,,2,,2,,2,,2
155.0,2,7.0586,2,33.8407,2,,2,,2,,2,,2
156.0,2,7.0444,2,33.8467,2,,2,,2,,2,,2
157.0,2,7.0357,2,33.8506,2,,2,,2,,2,,2
158.0,2,7.0308,2,33.8525,2,,2,,2,,2,,2
159.0,2,7.0255,2,33.8546,2,,2,,2,,2,,2
160.0,2,7.0197,2,33.8566,2,,2,,2,,2,,2
161.0,2,7.0161,2,33.8578,2,,2,,2,,2,,2
162.0,2,7.0135,2,33.8587,2,,2,,2,,2,,2
163.0,2,7.0111,2,33.8595,2,,2,,2,,2,,2
164.0,2,7.0057,2,33.8612,2,,2,,2,,2,,2
165.0,2,6.9928,2,33.8658,2,,2,,2,,2,,2
166.0,2,6.9774,2,33.8714,2,,2,,2,,2,,2
167.0,2,6.9693,2,33.8741,2,,2,,2,,2,,2
168.0,2,6.9665,2,33.8749,2,,2,,2,,2,,2
169.0,2,6.9639,2,33.8757,2,,2,,2,,2,,2
170.0,2,6.9621,2,33.8763,2,,2,,2,,2,,2
171.0,2,6.9602,2,33.8768,2,,2,,2,,2,,2
172.0,2,6.9554,2,33.8782,2,,2,,2,,2,,2
173.0,2,6.9525,2,33.8793,2,,2,,2,,2,,2
174.0,2,6.95,2,33.8801,2,,2,,2,,2,,2
175.0,2,6.9391,2,33.8831,2,,2,,2,,2,,2
176.0,2,6.9222,2,33.8876,2,,2,,2,,2,,2
177.0,2,6.914,2,33.8897,2,,2,,2,,2,,2
178.0,2,6.9118,2,33.8902,2,,2,,2,,2,,2
179.0,2,6.9078,2,33.8911,2,,2,,2,,2,,2
180.0,2,6.903,2,33.8923,2,,2,,2,,2,,2
181.0,2,6.8961,2,33.894,2,,2,,2,,2,,2
182.0,2,6.8913,2,33.895,2,,2,,2,,2,,2
183.0,2,6.8872,2,33.896,2,,2,,2,,2,,2
184.0,2,6.8831,2,33.8968,2,,2,,2,,2,,2
185.0,2,6.8713,2,33.8991,2,,2,,2,,2,,2
186.0,2,6.8676,2,33.8997,2,,2,,2,,2,,2
187.0,2,6.8668,2,33.8998,2,,2,,2,,2,,2
188.0,2,6.8652,2,33.9001,2,,2,,2,,2,,2
189.0,2,6.8624,2,33.9006,2,,2,,2,,2,,2
190.0,2,6.8466,2,33.9038,2,,2,,2,,2,,2
191.0,2,6.8326,2,33.9068,2,,2,,2,,2,,2
192.0,2,6.8244,2,33.908,2,,2,,2,,2,,2
193.0,2,6.8194,2,33.9086,2,,2,,2,,2,,2
194.0,2,6.7983,2,33.9122,2,,2,,2,,2,,2
194.9,2,6.7926,2,33.9132,2,,2,,2,,2,,2
196.0,2,6.7908,2,33.9137,2,,2,,2,,2,,2
197.0,2,6.787999999999999,2,33.9143,2,,2,,2,,2,,2
198.0,2,6.7829999999999995,2,33.9152,2,,2,,2,,2,,2
199.0,2,6.7734,2,33.9169,2,,2,,2,,2,,2
200.0,2,6.7645,2,33.9184,2,,2,,2,,2,,2
201.0,2,6.7583,2,33.9196,2,,2,,2,,2,,2
202.0,2,6.747999999999999,2,33.9215,2,,2,,2,,2,,2
203.0,2,6.7432,2,33.9224,2,,2,,2,,2,,2
204.0,2,6.7409,2,33.9227,2,,2,,2,,2,,2
205.0,2,6.7402,2,33.9229,2,,2,,2,,2,,2
206.0,2,6.7384,2,33.9234,2,,2,,2,,2,,2
207.0,2,6.7235,2,33.9258,2,,2,,2,,2,,2
208.0,2,6.6917,2,33.9305,2,,2,,2,,2,,2
209.0,2,6.6817,2,33.9317,2,,2,,2,,2,,2
210.0,2,6.6727,2,33.9329,2,,2,,2,,2,,2
211.0,2,6.6662,2,33.9338,2,,2,,2,,2,,2
212.0,2,6.6553,2,33.9358,2,,2,,2,,2,,2
213.0,2,6.6471,2,33.9374,2,,2,,2,,2,,2
214.0,2,6.6405,2,33.9386,2,,2,,2,,2,,2
215.0,2,6.6372,2,33.9391,2,,2,,2,,2,,2
216.0,2,6.6314,2,33.9398,2,,2,,2,,2,,2
217.0,2,6.6227,2,33.9412,2,,2,,2,,2,,2
218.1,2,6.6156,2,33.9424,2,,2,,2,,2,,2
219.0,2,6.6126,2,33.9428,2,,2,,2,,2,,2
220.0,2,6.6066,2,33.9433,2,,2,,2,,2,,2
221.0,2,6.6028,2,33.9439,2,,2,,2,,2,,2
222.0,2,6.5974,2,33.9445,2,,2,,2,,2,,2
223.0,2,6.5928,2,33.9452,2,,2,,2,,2,,2
224.0,2,6.5831,2,33.9462,2,,2,,2,,2,,2
225.1,2,6.5784,2,33.9467,2,,2,,2,,2,,2
226.2,2,6.5752,2,33.9472,2,,2,,2,,2,,2
227.0,2,6.5658,2,33.9481,2,,2,,2,,2,,2
228.0,2,6.5595,2,33.9489,2,,2,,2,,2,,2
229.0,2,6.5579,2,33.9492,2,,2,,2,,2,,2
230.0,2,6.5559,2,33.9495,2,,2,,2,,2,,2
231.0,2,6.553999999999999,2,33.9496,2,,2,,2,,2,,2
232.0,2,6.55,2,33.9498,2,,2,,2,,2,,2
233.0,2,6.5455,2,33.9503,2,,2,,2,,2,,2
234.0,2,6.5438,2,33.9503,2,,2,,2,,2,,2
235.0,2,6.5429,2,33.9505,2,,2,,2,,2,,2
236.0,2,6.5425,2,33.9504,2,,2,,2,,2,,2
237.0,2,6.5423,2,33.9505,2,,2,,2,,2,,2
238.0,2,6.5386,2,33.9509,2,,2,,2,,2,,2
239.0,2,6.5357,2,33.9512,2,,2,,2,,2,,2
240.0,2,6.5327,2,33.9516,2,,2,,2,,2,,2
241.0,2,6.5281,2,33.9521,2,,2,,2,,2,,2
242.0,2,6.5165,2,33.9533,2,,2,,2,,2,,2
243.0,2,6.51,2,33.9541,2,,2,,2,,2,,2
244.0,2,6.5009,2,33.9548,2,,2,,2,,2,,2
245.0,2,6.4777,2,33.9582,2,,2,,2,,2,,2
246.0,2,6.4707,2,33.9589,2,,2,,2,,2,,2
247.0,2,6.4676,2,33.9589,2,,2,,2,,2,,2
248.0,2,6.4639,2,33.9592,2,,2,,2,,2,,2
249.0,2,6.4622,2,33.9593,2,,2,,2,,2,,2
250.0,2,6.4584,2,33.9598,2,,2,,2,,2,,2
251.0,2,6.4523,2,33.9605,2,,2,,2,,2,,2
252.0,2,6.4525,2,33.9604,2,,2,,2,,2,,2
253.1,2,6.4514,2,33.9606,2,,2,,2,,2,,2
254.0,2,6.4522,2,33.9605,2,,2,,2,,2,,2
255.0,2,6.4504,2,33.9606,2,,2,,2,,2,,2
256.0,2,6.4488,2,33.9607,2,,2,,2,,2,,2
257.0,2,6.4478,2,33.9609,2,,2,,2,,2,,2
258.0,2,6.4445,2,33.9612,2,,2,,2,,2,,2
259.1,2,6.4393,2,33.961999999999996,2,,2,,2,,2,,2
260.0,2,6.4341,2,33.9625,2,,2,,2,,2,,2
261.0,2,6.4279,2,33.9629,2,,2,,2,,2,,2
262.0,2,6.421,2,33.9636,2,,2,,2,,2,,2
263.0,2,6.4166,2,33.964,2,,2,,2,,2,,2
264.0,2,6.4114,2,33.9644,2,,2,,2,,2,,2
265.0,2,6.4093,2,33.9645,2,,2,,2,,2,,2
266.0,2,6.4033,2,33.9653,2,,2,,2,,2,,2
267.0,2,6.393,2,33.9657,2,,2,,2,,2,,2
268.0,2,6.374,2,33.9671,2,,2,,2,,2,,2
269.0,2,6.3619,2,33.968,2,,2,,2,,2,,2
270.1,2,6.3588,2,33.969,2,,2,,2,,2,,2
271.0,2,6.3577,2,33.9687,2,,2,,2,,2,,2
272.0,2,6.3526,2,33.9689,2,,2,,2,,2,,2
273.0,2,6.3522,2,33.9689,2,,2,,2,,2,,2
274.0,2,6.3515,2,33.969,2,,2,,2,,2,,2
275.1,2,6.3502,2,33.9693,2,,2,,2,,2,,2
275.9,2,6.3429,2,33.97,2,,2,,2,,2,,2
277.0,2,6.3294,2,33.9712,2,,2,,2,,2,,2
278.0,2,6.3167,2,33.9726,2,,2,,2,,2,,2
279.0,2,6.3093,2,33.9736,2,,2,,2,,2,,2
280.0,2,6.3018,2,33.9744,2,,2,,2,,2,,2
281.0,2,6.2924,2,33.9754,2,,2,,2,,2,,2
282.0,2,6.2827,2,33.9768,2,,2,,2,,2,,2
283.0,2,6.2779,2,33.9769,2,,2,,2,,2,,2
284.0,2,6.2752,2,33.9772,2,,2,,2,,2,,2
285.0,2,6.2685,2,33.9782,2,,2,,2,,2,,2
286.0,2,6.2662,2,33.9784,2,,2,,2,,2,,2
287.0,2,6.2633,2,33.9786,2,,2,,2,,2,,2
288.0,2,6.2572,2,33.9791,2,,2,,2,,2,,2
289.0,2,6.2548,2,33.9793,2,,2,,2,,2,,2
290.0,2,6.2529,2,33.9797,2,,2,,2,,2,,2
291.0,2,6.2512,2,33.9796,2,,2,,2,,2,,2
292.0,2,6.2481,2,33.9798,2,,2,,2,,2,,2
293.0,2,6.242000000000001,2,33.9806,2,,2,,2,,2,,2
294.0,2,6.2403,2,33.9809,2,,2,,2,,2,,2
295.0,2,6.2397,2,33.981,2,,2,,2,,2,,2
296.0,2,6.2385,2,33.9812,2,,2,,2,,2,,2
297.1,2,6.2355,2,33.9817,2,,2,,2,,2,,2
297.9,2,6.2323,2,33.982,2,,2,,2,,2,,2
299.0,2,6.228,2,33.9825,2,,2,,2,,2,,2
300.0,2,6.2265,2,33.9827,2,,2,,2,,2,,2
301.0,2,6.2262,2,33.9826,2,,2,,2,,2,,2
301.9,2,6.225,2,33.9824,2,,2,,2,,2,,2
303.0,2,6.2243,2,33.9824,2,,2,,2,,2,,2
304.0,2,6.2236,2,33.9824,2,,2,,2,,2,,2
305.0,2,6.2185,2,33.9828,2,,2,,2,,2,,2
306.0,2,6.2131,2,33.9836,2,,2,,2,,2,,2
307.0,2,6.2082,2,33.9842,2,,2,,2,,2,,2
308.0,2,6.2046,2,33.9848,2,,2,,2,,2,,2
309.0,2,6.1996,2,33.9852,2,,2,,2,,2,,2
310.0,2,6.1914,2,33.9862,2,,2,,2,,2,,2
311.0,2,6.1774,2,33.9872,2,,2,,2,,2,,2
311.9,2,6.1716,2,33.9881,2,,2,,2,,2,,2
313.4,2,6.167000000000001,2,33.9884,2,,2,,2,,2,,2
314.1,2,6.1586,2,33.9889,2,,2,,2,,2,,2
315.0,2,6.1568,2,33.989000000000004,2,,2,,2,,2,,2
316.0,2,6.1503,2,33.9889,2,,2,,2,,2,,2
317.0,2,6.1402,2,33.9892,2,,2,,2,,2,,2
318.0,2,6.1341,2,33.9896,2,,2,,2,,2,,2
319.0,2,6.1311,2,33.9891,2,,2,,2,,2,,2
320.0,2,6.1245,2,33.9893,2,,2,,2,,2,,2
321.0,2,6.1167,2,33.9896,2,,2,,2,,2,,2
322.0,2,6.1099,2,33.9903,2,,2,,2,,2,,2
323.0,2,6.106,2,33.9911,2,,2,,2,,2,,2
324.0,2,6.0937,2,33.9923,2,,2,,2,,2,,2
325.0,2,6.0921,2,33.9935,2,,2,,2,,2,,2
326.0,2,6.0844,2,33.9954,2,,2,,2,,2,,2
327.0,2,6.0815,2,33.9957,2,,2,,2,,2,,2
328.0,2,6.0771,2,33.9962,2,,2,,2,,2,,2
329.0,2,6.0723,2,33.9967,2,,2,,2,,2,,2
330.0,2,6.0707,2,33.997,2,,2,,2,,2,,2
331.0,2,6.0689,2,33.9972,2,,2,,2,,2,,2
332.0,2,6.0687,2,33.9972,2,,2,,2,,2,,2
333.0,2,6.0676,2,33.9975,2,,2,,2,,2,,2
334.0,2,6.0608,2,33.998000000000005,2,,2,,2,,2,,2
335.0,2,6.0475,2,33.9993,2,,2,,2,,2,,2
336.0,2,6.0393,2,33.9994,2,,2,,2,,2,,2
337.0,2,6.031000000000001,2,33.9998,2,,2,,2,,2,,2
338.0,2,6.0225,2,34.0009,2,,2,,2,,2,,2
338.9,2,6.0175,2,34.0016,2,,2,,2,,2,,2
340.0,2,6.0109,2,34.0017,2,,2,,2,,2,,2
341.0,2,6.0059,2,34.0016,2,,2,,2,,2,,2
342.0,2,6.0027,2,34.0018,2,,2,,2,,2,,2
343.0,2,6.0003,2,34.001999999999995,2,,2,,2,,2,,2
344.0,2,5.9926,2,34.0024,2,,2,,2,,2,,2
345.0,2,5.9835,2,34.0036,2,,2,,2,,2,,2
346.0,2,5.9787,2,34.0043,2,,2,,2,,2,,2
347.0,2,5.9766,2,34.0046,2,,2,,2,,2,,2
348.0,2,5.9759,2,34.0047,2,,2,,2,,2,,2
349.0,2,5.9751,2,34.0051,2,,2,,2,,2,,2
350.0,2,5.9739,2,34.0053,2,,2,,2,,2,,2
351.0,2,5.9691,2,34.0059,2,,2,,2,,2,,2
352.0,2,5.9599,2,34.0071,2,,2,,2,,2,,2
353.0,2,5.9543,2,34.0081,2,,2,,2,,2,,2
354.0,2,5.9455,2,34.0085,2,,2,,2,,2,,2
355.0,2,5.9393,2,34.0088,2,,2,,2,,2,,2
356.0,2,5.9388,2,34.0092,2,,2,,2,,2,,2
357.0,2,5.9366,2,34.0093,2,,2,,2,,2,,2
358.0,2,5.9324,2,34.0101,2,,2,,2,,2,,2
359.0,2,5.9283,2,34.0108,2,,2,,2,,2,,2
360.0,2,5.926,2,34.0109,2,,2,,2,,2,,2
361.0,2,5.9247,2,34.010999999999996,2,,2,,2,,2,,2
362.0,2,5.9239,2,34.0111,2,,2,,2,,2,,2
363.0,2,5.9227,2,34.0113,2,,2,,2,,2,,2
364.0,2,5.9209,2,34.0114,2,,2,,2,,2,,2
365.1,2,5.916,2,34.0121,2,,2,,2,,2,,2
366.0,2,5.9098,2,34.0123,2,,2,,2,,2,,2
367.0,2,5.9042,2,34.0128,2,,2,,2,,2,,2
368.0,2,5.901,2,34.0129,2,,2,,2,,2,,2
369.0,2,5.8891,2,34.0129,2,,2,,2,,2,,2
370.0,2,5.8679,2,34.0129,2,,2,,2,,2,,2
371.0,2,5.8645,2,34.0129,2,,2,,2,,2,,2
372.0,2,5.8581,2,34.0134,2,,2,,2,,2,,2
373.0,2,5.8548,2,34.0135,2,,2,,2,,2,,2
374.0,2,5.8378,2,34.0143,2,,2,,2,,2,,2
375.0,2,5.8234,2,34.0155,2,,2,,2,,2,,2
376.0,2,5.8162,2,34.0162,2,,2,,2,,2,,2
377.0,2,5.811,2,34.0167,2,,2,,2,,2,,2
378.0,2,5.8091,2,34.016999999999996,2,,2,,2,,2,,2
379.0,2,5.8077,2,34.0172,2,,2,,2,,2,,2
380.0,2,5.8049,2,34.0174,2,,2,,2,,2,,2
381.0,2,5.8013,2,34.0178,2,,2,,2,,2,,2
382.0,2,5.7976,2,34.0181,2,,2,,2,,2,,2
383.0,2,5.7938,2,34.0184,2,,2,,2,,2,,2
384.0,2,5.7854,2,34.0195,2,,2,,2,,2,,2
385.0,2,5.7752,2,34.02,2,,2,,2,,2,,2
386.0,2,5.7676,2,34.0205,2,,2,,2,,2,,2
387.0,2,5.7617,2,34.0209,2,,2,,2,,2,,2
388.0,2,5.7543,2,34.0215,2,,2,,2,,2,,2
389.0,2,5.7492,2,34.0218,2,,2,,2,,2,,2
390.0,2,5.7424,2,34.0221,2,,2,,2,,2,,2
391.0,2,5.7373,2,34.023,2,,2,,2,,2,,2
392.0,2,5.7311,2,34.0238,2,,2,,2,,2,,2
392.9,2,5.7214,2,34.0243,2,,2,,2,,2,,2
394.0,2,5.7109,2,34.0249,2,,2,,2,,2,,2
395.0,2,5.7028,2,34.0257,2,,2,,2,,2,,2
396.0,2,5.6957,2,34.0261,2,,2,,2,,2,,2
397.0,2,5.6851,2,34.0271,2,,2,,2,,2,,2
397.8,2,5.6817,2,34.0275,2,,2,,2,,2,,2
399.3,2,5.6770000000000005,2,34.0279,2,,2,,2,,2,,2
400.0,2,5.6744,2,34.0283,2,,2,,2,,2,,2
401.0,2,5.6719,2,34.0284,2,,2,,2,,2,,2
402.0,2,5.6695,2,34.0286,2,,2,,2,,2,,2
403.0,2,5.667999999999999,2,34.0287,2,,2,,2,,2,,2
404.0,2,5.6653,2,34.029,2,,2,,2,,2,,2
405.0,2,5.6635,2,34.0292,2,,2,,2,,2,,2
406.0,2,5.6614,2,34.0294,2,,2,,2,,2,,2
407.0,2,5.6452,2,34.0308,2,,2,,2,,2,,2
408.0,2,5.6388,2,34.0312,2,,2,,2,,2,,2
409.0,2,5.6332,2,34.0316,2,,2,,2,,2,,2
410.0,2,5.6236,2,34.0325,2,,2,,2,,2,,2
411.0,2,5.6082,2,34.0346,2,,2,,2,,2,,2
412.0,2,5.6017,2,34.0346,2,,2,,2,,2,,2
413.0,2,5.5961,2,34.035,2,,2,,2,,2,,2
414.0,2,5.5835,2,34.036,2,,2,,2,,2,,2
415.0,2,5.5760000000000005,2,34.0368,2,,2,,2,,2,,2
416.0,2,5.5717,2,34.0373,2,,2,,2,,2,,2
417.0,2,5.5616,2,34.0383,2,,2,,2,,2,,2
418.0,2,5.5592,2,34.0385,2,,2,,2,,2,,2
419.0,2,5.5577,2,34.0386,2,,2,,2,,2,,2
420.0,2,5.5559,2,34.0386,2,,2,,2,,2,,2
421.0,2,5.5522,2,34.0391,2,,2,,2,,2,,2
422.0,2,5.5434,2,34.0398,2,,2,,2,,2,,2
422.7,2,5.5319,2,34.041,2,,2,,2,,2,,2
424.4,2,5.501,2,34.0423,2,,2,,2,,2,,2
425.0,2,5.5005,2,34.042,2,,2,,2,,2,,2
426.0,2,5.5017,2,34.042,2,,2,,2,,2,,2
427.0,2,5.4967,2,34.0417,2,,2,,2,,2,,2
428.1,2,5.4826,2,34.0411,2,,2,,2,,2,,2
429.0,2,5.478,2,34.0414,2,,2,,2,,2,,2
430.0,2,5.4749,2,34.0412,2,,2,,2,,2,,2
431.0,2,5.4706,2,34.0412,2,,2,,2,,2,,2
432.0,2,5.4684,2,34.041,2,,2,,2,,2,,2
433.0,2,5.466,2,34.0411,2,,2,,2,,2,,2
434.0,2,5.4641,2,34.041,2,,2,,2,,2,,2
435.0,2,5.457999999999999,2,34.0408,2,,2,,2,,2,,2
436.0,2,5.4566,2,34.0409,2,,2,,2,,2,,2
437.0,2,5.4531,2,34.0408,2,,2,,2,,2,,2
438.0,2,5.4474,2,34.041,2,,2,,2,,2,,2
439.0,2,5.4381,2,34.0413,2,,2,,2,,2,,2
440.0,2,5.4241,2,34.0424,2,,2,,2,,2,,2
441.0,2,5.414,2,34.0432,2,,2,,2,,2,,2
442.0,2,5.4086,2,34.0437,2,,2,,2,,2,,2
443.0,2,5.4038,2,34.044000000000004,2,,2,,2,,2,,2
444.0,2,5.4019,2,34.0442,2,,2,,2,,2,,2
445.0,2,5.4015,2,34.0443,2,,2,,2,,2,,2
446.0,2,5.3975,2,34.0445,2,,2,,2,,2,,2
447.0,2,5.3915,2,34.045,2,,2,,2,,2,,2
448.0,2,5.3813,2,34.0464,2,,2,,2,,2,,2
449.0,2,5.3745,2,34.0474,2,,2,,2,,2,,2
450.0,2,5.3731,2,34.0475,2,,2,,2,,2,,2
451.0,2,5.3681,2,34.0481,2,,2,,2,,2,,2
452.0,2,5.3639,2,34.0485,2,,2,,2,,2,,2
453.0,2,5.3527,2,34.0491,2,,2,,2,,2,,2
454.0,2,5.3372,2,34.0506,2,,2,,2,,2,,2
455.0,2,5.3247,2,34.0521,2,,2,,2,,2,,2
456.0,2,5.3193,2,34.0524,2,,2,,2,,2,,2
457.0,2,5.3052,2,34.0534,2,,2,,2,,2,,2
458.0,2,5.2961,2,34.0542,2,,2,,2,,2,,2
458.8,2,5.292999999999999,2,34.0549,2,,2,,2,,2,,2
460.0,2,5.2921,2,34.0548,2,,2,,2,,2,,2
461.0,2,5.2919,2,34.0548,2,,2,,2,,2,,2
462.0,2,5.2919,2,34.0548,2,,2,,2,,2,,2
463.0,2,5.2919,2,34.0549,2,,2,,2,,2,,2
464.0,2,5.2913,2,34.0549,2,,2,,2,,2,,2
465.0,2,5.2901,2,34.0552,2,,2,,2,,2,,2
466.0,2,5.2785,2,34.0564,2,,2,,2,,2,,2
467.0,2,5.2702,2,34.0575,2,,2,,2,,2,,2
468.0,2,5.2676,2,34.0577,2,,2,,2,,2,,2
469.1,2,5.2637,2,34.0584,2,,2,,2,,2,,2
469.9,2,5.2559,2,34.0592,2,,2,,2,,2,,2
471.0,2,5.2443,2,34.0601,2,,2,,2,,2,,2
472.0,2,5.2318,2,34.0607,2,,2,,2,,2,,2
473.0,2,5.2182,2,34.0623,2,,2,,2,,2,,2
474.0,2,5.2071,2,34.0635,2,,2,,2,,2,,2
475.0,2,5.2007,2,34.0647,2,,2,,2,,2,,2
476.0,2,5.1973,2,34.0655,2,,2,,2,,2,,2
477.0,2,5.1952,2,34.0656,2,,2,,2,,2,,2
478.0,2,5.1927,2,34.0657,2,,2,,2,,2,,2
479.0,2,5.1897,2,34.0658,2,,2,,2,,2,,2
480.0,2,5.1873,2,34.0661,2,,2,,2,,2,,2
481.0,2,5.1853,2,34.0664,2,,2,,2,,2,,2
482.0,2,5.1804,2,34.0672,2,,2,,2,,2,,2
483.0,2,5.1752,2,34.0682,2,,2,,2,,2,,2
484.0,2,5.1678,2,34.0689,2,,2,,2,,2,,2
485.0,2,5.1614,2,34.0699,2,,2,,2,,2,,2
486.0,2,5.1565,2,34.0706,2,,2,,2,,2,,2
487.0,2,5.1501,2,34.0717,2,,2,,2,,2,,2
488.0,2,5.1419,2,34.0729,2,,2,,2,,2,,2
489.0,2,5.1381,2,34.0734,2,,2,,2,,2,,2
490.0,2,5.136,2,34.0736,2,,2,,2,,2,,2
490.9,2,5.1354,2,34.0736,2,,2,,2,,2,,2
492.0,2,5.1223,2,34.0754,2,,2,,2,,2,,2
493.0,2,5.1168,2,34.0761,2,,2,,2,,2,,2
494.0,2,5.1109,2,34.0767,2,,2,,2,,2,,2
495.0,2,5.1075,2,34.0773,2,,2,,2,,2,,2
496.0,2,5.106,2,34.0775,2,,2,,2,,2,,2
497.0,2,5.1052,2,34.0776,2,,2,,2,,2,,2
498.0,2,5.1052,2,34.0777,2,,2,,2,,2,,2
499.0,2,5.1053,2,34.0777,2,,2,,2,,2,,2
500.0,2,5.1052,2,34.0778,2,,2,,2,,2,,2
501.0,2,5.1038,2,34.0779,2,,2,,2,,2,,2
501.9,2,5.1015,2,34.0781,2,,2,,2,,2,,2
503.0,2,5.0921,2,34.0794,2,,2,,2,,2,,2
504.0,2,5.0797,2,34.080999999999996,2,,2,,2,,2,,2
505.0,2,5.0735,2,34.0817,2,,2,,2,,2,,2
506.0,2,5.0712,2,34.0819,2,,2,,2,,2,,2
507.0,2,5.0705,2,34.0821,2,,2,,2,,2,,2
508.0,2,5.069,2,34.0823,2,,2,,2,,2,,2
509.0,2,5.0679,2,34.0825,2,,2,,2,,2,,2
510.0,2,5.0658,2,34.0826,2,,2,,2,,2,,2
511.0,2,5.0556,2,34.0837,2,,2,,2,,2,,2
512.0,2,5.0484,2,34.0846,2,,2,,2,,2,,2
513.0,2,5.0397,2,34.0858,2,,2,,2,,2,,2
514.0,2,5.0311,2,34.0861,2,,2,,2,,2,,2
515.0,2,5.0243,2,34.0867,2,,2,,2,,2,,2
516.0,2,5.0227,2,34.0869,2,,2,,2,,2,,2
517.0,2,5.0209,2,34.0874,2,,2,,2,,2,,2
518.0,2,5.0131,2,34.0895,2,,2,,2,,2,,2
519.0,2,4.9952,2,34.0916,2,,2,,2,,2,,2
520.0,2,4.9856,2,34.0927,2,,2,,2,,2,,2
521.0,2,4.9832,2,34.0934,2,,2,,2,,2,,2
522.0,2,4.9813,2,34.0937,2,,2,,2,,2,,2
523.0,2,4.9787,2,34.0944,2,,2,,2,,2,,2
524.0,2,4.9774,2,34.0951,2,,2,,2,,2,,2
525.0,2,4.9723,2,34.0959,2,,2,,2,,2,,2
526.0,2,4.9633,2,34.0971,2,,2,,2,,2,,2
527.0,2,4.9593,2,34.0977,2,,2,,2,,2,,2
528.0,2,4.9582,2,34.0978,2,,2,,2,,2,,2
529.0,2,4.9549,2,34.0981,2,,2,,2,,2,,2
530.0,2,4.9511,2,34.0985,2,,2,,2,,2,,2
531.0,2,4.9488,2,34.0991,2,,2,,2,,2,,2
532.0,2,4.9475,2,34.0991,2,,2,,2,,2,,2
533.0,2,4.9446,2,34.0994,2,,2,,2,,2,,2
534.0,2,4.9422,2,34.0998,2,,2,,2,,2,,2
535.0,2,4.9423,2,34.0996,2,,2,,2,,2,,2
536.0,2,4.9419,2,34.0999,2,,2,,2,,2,,2
537.0,2,4.9417,2,34.0998,2,,2,,2,,2,,2
538.0,2,4.9407,2,34.1,2,,2,,2,,2,,2
539.0,2,4.9367,2,34.1006,2,,2,,2,,2,,2
540.0,2,4.9284,2,34.1018,2,,2,,2,,2,,2
541.0,2,4.9251,2,34.1021,2,,2,,2,,2,,2
542.0,2,4.9213,2,34.1026,2,,2,,2,,2,,2
543.0,2,4.9196,2,34.1028,2,,2,,2,,2,,2
544.0,2,4.92,2,34.1029,2,,2,,2,,2,,2
545.0,2,4.916,2,34.1032,2,,2,,2,,2,,2
546.0,2,4.9067,2,34.1045,2,,2,,2,,2,,2
547.0,2,4.8983,2,34.1058,2,,2,,2,,2,,2
548.0,2,4.8959,2,34.1063,2,,2,,2,,2,,2
549.0,2,4.8913,2,34.1071,2,,2,,2,,2,,2
550.0,2,4.8907,2,34.107,2,,2,,2,,2,,2
551.0,2,4.891,2,34.1068,2,,2,,2,,2,,2
552.0,2,4.8914,2,34.1068,2,,2,,2,,2,,2
553.0,2,4.8854,2,34.1076,2,,2,,2,,2,,2
554.1,2,4.8804,2,34.1084,2,,2,,2,,2,,2
555.0,2,4.8784,2,34.1088,2,,2,,2,,2,,2
556.0,2,4.8738,2,34.1092,2,,2,,2,,2,,2
557.0,2,4.8671,2,34.1101,2,,2,,2,,2,,2
558.0,2,4.8631,2,34.1108,2,,2,,2,,2,,2
559.0,2,4.861000000000001,2,34.111,2,,2,,2,,2,,2
560.0,2,4.8567,2,34.1116,2,,2,,2,,2,,2
561.0,2,4.8515,2,34.1126,2,,2,,2,,2,,2
562.0,2,4.8499,2,34.1127,2,,2,,2,,2,,2
563.0,2,4.8473,2,34.1133,2,,2,,2,,2,,2
564.0,2,4.8408,2,34.1138,2,,2,,2,,2,,2
565.0,2,4.8342,2,34.1148,2,,2,,2,,2,,2
566.0,2,4.8303,2,34.1155,2,,2,,2,,2,,2
567.0,2,4.83,2,34.1155,2,,2,,2,,2,,2
568.0,2,4.8284,2,34.1158,2,,2,,2,,2,,2
569.0,2,4.8261,2,34.1161,2,,2,,2,,2,,2
570.0,2,4.8241,2,34.1164,2,,2,,2,,2,,2
571.0,2,4.8246,2,34.1164,2,,2,,2,,2,,2
572.0,2,4.8218,2,34.1166,2,,2,,2,,2,,2
573.0,2,4.8176,2,34.1171,2,,2,,2,,2,,2
574.0,2,4.8129,2,34.1177,2,,2,,2,,2,,2
575.0,2,4.8019,2,34.1187,2,,2,,2,,2,,2
576.0,2,4.7894,2,34.1203,2,,2,,2,,2,,2
577.0,2,4.7854,2,34.1212,2,,2,,2,,2,,2
578.0,2,4.7849,2,34.1215,2,,2,,2,,2,,2
579.0,2,4.7849,2,34.1217,2,,2,,2,,2,,2
580.0,2,4.7843,2,34.1218,2,,2,,2,,2,,2
581.0,2,4.7837,2,34.1221,2,,2,,2,,2,,2
582.0,2,4.7814,2,34.1224,2,,2,,2,,2,,2
583.0,2,4.7791,2,34.1227,2,,2,,2,,2,,2
584.0,2,4.7775,2,34.1229,2,,2,,2,,2,,2
585.0,2,4.7759,2,34.1231,2,,2,,2,,2,,2
586.0,2,4.7743,2,34.1234,2,,2,,2,,2,,2
587.0,2,4.7702,2,34.124,2,,2,,2,,2,,2
588.0,2,4.7648,2,34.1248,2,,2,,2,,2,,2
589.0,2,4.7613,2,34.1249,2,,2,,2,,2,,2
590.0,2,4.7489,2,34.1262,2,,2,,2,,2,,2
591.0,2,4.7404,2,34.126999999999995,2,,2,,2,,2,,2
592.0,2,4.734,2,34.1275,2,,2,,2,,2,,2
593.0,2,4.7324,2,34.1276,2,,2,,2,,2,,2
594.0,2,4.7311,2,34.1276,2,,2,,2,,2,,2
595.0,2,4.7252,2,34.1278,2,,2,,2,,2,,2
596.0,2,4.7165,2,34.1287,2,,2,,2,,2,,2
597.0,2,4.7109,2,34.1292,2,,2,,2,,2,,2
598.0,2,4.7026,2,34.1301,2,,2,,2,,2,,2
599.0,2,4.694,2,34.1314,2,,2,,2,,2,,2
600.0,2,4.6915,2,34.1317,2,,2,,2,,2,,2
601.0,2,4.6899,2,34.132,2,,2,,2,,2,,2
602.0,2,4.686,2,34.1324,2,,2,,2,,2,,2
603.0,2,4.6765,2,34.1344,2,,2,,2,,2,,2
604.0,2,4.6697,2,34.1357,2,,2,,2,,2,,2
605.0,2,4.6664,2,34.1366,2,,2,,2,,2,,2
606.0,2,4.6653,2,34.137,2,,2,,2,,2,,2
607.0,2,4.6641,2,34.1375,2,,2,,2,,2,,2
608.0,2,4.6626,2,34.1379,2,,2,,2,,2,,2
609.0,2,4.6605,2,34.1385,2,,2,,2,,2,,2
610.0,2,4.6564,2,34.1395,2,,2,,2,,2,,2
611.0,2,4.6513,2,34.1403,2,,2,,2,,2,,2
612.0,2,4.6375,2,34.1432,2,,2,,2,,2,,2
613.0,2,4.6317,2,34.1443,2,,2,,2,,2,,2
614.0,2,4.6307,2,34.1443,2,,2,,2,,2,,2
615.0,2,4.629,2,34.1448,2,,2,,2,,2,,2
616.0,2,4.6284,2,34.1449,2,,2,,2,,2,,2
617.0,2,4.6273,2,34.1451,2,,2,,2,,2,,2
618.0,2,4.6248,2,34.1457,2,,2,,2,,2,,2
619.0,2,4.6231,2,34.1459,2,,2,,2,,2,,2
620.0,2,4.6218,2,34.1462,2,,2,,2,,2,,2
621.0,2,4.6201,2,34.1464,2,,2,,2,,2,,2
622.0,2,4.6177,2,34.147,2,,2,,2,,2,,2
623.0,2,4.6113,2,34.1481,2,,2,,2,,2,,2
624.0,2,4.6067,2,34.1493,2,,2,,2,,2,,2
625.2,2,4.6049,2,34.1497,2,,2,,2,,2,,2
626.0,2,4.6027,2,34.15,2,,2,,2,,2,,2
627.0,2,4.5986,2,34.1509,2,,2,,2,,2,,2
628.0,2,4.5977,2,34.1511,2,,2,,2,,2,,2
629.0,2,4.5963,2,34.1516,2,,2,,2,,2,,2
630.0,2,4.5936,2,34.1523,2,,2,,2,,2,,2
631.0,2,4.5916,2,34.1526,2,,2,,2,,2,,2
632.0,2,4.5886,2,34.1532,2,,2,,2,,2,,2
633.0,2,4.5839,2,34.1541,2,,2,,2,,2,,2
633.9,2,4.575,2,34.1562,2,,2,,2,,2,,2
635.1,2,4.5691,2,34.1577,2,,2,,2,,2,,2
636.0,2,4.5682,2,34.1577,2,,2,,2,,2,,2
637.0,2,4.5663,2,34.1581,2,,2,,2,,2,,2
638.0,2,4.5649,2,34.1585,2,,2,,2,,2,,2
639.0,2,4.5565,2,34.16,2,,2,,2,,2,,2
640.0,2,4.5405,2,34.163000000000004,2,,2,,2,,2,,2
641.0,2,4.5338,2,34.1641,2,,2,,2,,2,,2
642.0,2,4.5319,2,34.1644,2,,2,,2,,2,,2
643.0,2,4.5315,2,34.1645,2,,2,,2,,2,,2
644.0,2,4.5296,2,34.165,2,,2,,2,,2,,2
645.0,2,4.5281,2,34.1654,2,,2,,2,,2,,2
646.0,2,4.5258,2,34.1658,2,,2,,2,,2,,2
647.0,2,4.5176,2,34.1675,2,,2,,2,,2,,2
648.0,2,4.513,2,34.1687,2,,2,,2,,2,,2
649.0,2,4.5109,2,34.1692,2,,2,,2,,2,,2
650.0,2,4.5082,2,34.1698,2,,2,,2,,2,,2
651.0,2,4.5069,2,34.1701,2,,2,,2,,2,,2
652.0,2,4.5047,2,34.1706,2,,2,,2,,2,,2
653.0,2,4.4869,2,34.1734,2,,2,,2,,2,,2
654.0,2,4.4753,2,34.176,2,,2,,2,,2,,2
655.0,2,4.4727,2,34.1764,2,,2,,2,,2,,2
656.0,2,4.4681,2,34.177,2,,2,,2,,2,,2
657.0,2,4.4663,2,34.1772,2,,2,,2,,2,,2
658.0,2,4.4642,2,34.1775,2,,2,,2,,2,,2
659.0,2,4.4569,2,34.1781,2,,2,,2,,2,,2
660.0,2,4.4445,2,34.1796,2,,2,,2,,2,,2
661.0,2,4.4376,2,34.1803,2,,2,,2,,2,,2
662.0,2,4.4354,2,34.1806,2,,2,,2,,2,,2
663.0,2,4.4343,2,34.1807,2,,2,,2,,2,,2
664.0,2,4.4326,2,34.1809,2,,2,,2,,2,,2
665.0,2,4.4278,2,34.1814,2,,2,,2,,2,,2
666.0,2,4.4206,2,34.1836,2,,2,,2,,2,,2
667.0,2,4.4173,2,34.1842,2,,2,,2,,2,,2
668.0,2,4.4122,2,34.1861,2,,2,,2,,2,,2
669.0,2,4.4023,2,34.1881,2,,2,,2,,2,,2
670.0,2,4.3946,2,34.1889,2,,2,,2,,2,,2
671.0,2,4.3794,2,34.1907,2,,2,,2,,2,,2
672.0,2,4.3696,2,34.192,2,,2,,2,,2,,2
673.0,2,4.3634,2,34.193000000000005,2,,2,,2,,2,,2
674.0,2,4.3578,2,34.1938,2,,2,,2,,2,,2
675.0,2,4.3482,2,34.1963,2,,2,,2,,2,,2
676.0,2,4.3425,2,34.1974,2,,2,,2,,2,,2
677.0,2,4.3406,2,34.1978,2,,2,,2,,2,,2
678.0,2,4.3373,2,34.1986,2,,2,,2,,2,,2
679.0,2,4.3305,2,34.2007,2,,2,,2,,2,,2
680.0,2,4.3289,2,34.2012,2,,2,,2,,2,,2
681.0,2,4.3282,2,34.2014,2,,2,,2,,2,,2
682.0,2,4.3264,2,34.202,2,,2,,2,,2,,2
683.0,2,4.325,2,34.2025,2,,2,,2,,2,,2
684.0,2,4.3231,2,34.2033,2,,2,,2,,2,,2
685.0,2,4.3212,2,34.2039,2,,2,,2,,2,,2
686.0,2,4.3193,2,34.2047,2,,2,,2,,2,,2
687.0,2,4.3180000000000005,2,34.2054,2,,2,,2,,2,,2
688.0,2,4.3179,2,34.2054,2,,2,,2,,2,,2
689.0,2,4.3174,2,34.2057,2,,2,,2,,2,,2
690.0,2,4.3162,2,34.2062,2,,2,,2,,2,,2
691.0,2,4.3151,2,34.2066,2,,2,,2,,2,,2
692.0,2,4.3147,2,34.2069,2,,2,,2,,2,,2
693.0,2,4.3137,2,34.2072,2,,2,,2,,2,,2
694.0,2,4.3125,2,34.2078,2,,2,,2,,2,,2
695.0,2,4.3109,2,34.2084,2,,2,,2,,2,,2
696.0,2,4.3072,2,34.2097,2,,2,,2,,2,,2
697.0,2,4.3008,2,34.2123,2,,2,,2,,2,,2
698.0,2,4.2973,2,34.214,2,,2,,2,,2,,2
699.0,2,4.2957,2,34.2148,2,,2,,2,,2,,2
700.0,2,4.2939,2,34.2156,2,,2,,2,,2,,2
701.0,2,4.2927,2,34.2161,2,,2,,2,,2,,2
702.0,2,4.2922,2,34.2163,2,,2,,2,,2,,2
703.0,2,4.2902,2,34.2171,2,,2,,2,,2,,2
704.0,2,4.2885,2,34.2179,2,,2,,2,,2,,2
704.9,2,4.2877,2,34.2181,2,,2,,2,,2,,2
706.0,2,4.2875,2,34.2181,2,,2,,2,,2,,2
707.0,2,4.287,2,34.2183,2,,2,,2,,2,,2
708.0,2,4.2864,2,34.2185,2,,2,,2,,2,,2
709.0,2,4.2857,2,34.2187,2,,2,,2,,2,,2
710.0,2,4.2854,2,34.2189,2,,2,,2,,2,,2
711.0,2,4.2849,2,34.2189,2,,2,,2,,2,,2
712.0,2,4.2843,2,34.2191,2,,2,,2,,2,,2
713.0,2,4.282,2,34.2197,2,,2,,2,,2,,2
714.0,2,4.2803,2,34.2202,2,,2,,2,,2,,2
715.0,2,4.2754,2,34.2216,2,,2,,2,,2,,2
716.0,2,4.2733,2,34.2222,2,,2,,2,,2,,2
717.0,2,4.2716,2,34.2226,2,,2,,2,,2,,2
718.0,2,4.271,2,34.2228,2,,2,,2,,2,,2
719.0,2,4.2702,2,34.223,2,,2,,2,,2,,2
720.0,2,4.2688,2,34.2234,2,,2,,2,,2,,2
721.0,2,4.2671,2,34.2238,2,,2,,2,,2,,2
722.0,2,4.2642,2,34.2245,2,,2,,2,,2,,2
723.0,2,4.2601,2,34.2255,2,,2,,2,,2,,2
724.0,2,4.2459,2,34.2289,2,,2,,2,,2,,2
725.0,2,4.2382,2,34.2309,2,,2,,2,,2,,2
726.0,2,4.2353,2,34.2316,2,,2,,2,,2,,2
727.0,2,4.2335,2,34.2321,2,,2,,2,,2,,2
728.0,2,4.2325,2,34.2324,2,,2,,2,,2,,2
729.0,2,4.2311,2,34.2326,2,,2,,2,,2,,2
730.0,2,4.2284,2,34.2332,2,,2,,2,,2,,2
731.0,2,4.2272,2,34.2335,2,,2,,2,,2,,2
732.0,2,4.226,2,34.2338,2,,2,,2,,2,,2
733.0,2,4.2253,2,34.234,2,,2,,2,,2,,2
734.0,2,4.2243,2,34.2343,2,,2,,2,,2,,2
735.0,2,4.2225,2,34.2346,2,,2,,2,,2,,2
736.0,2,4.221,2,34.2349,2,,2,,2,,2,,2
737.0,2,4.2193,2,34.2353,2,,2,,2,,2,,2
738.0,2,4.2188,2,34.2354,2,,2,,2,,2,,2
739.0,2,4.2177,2,34.2356,2,,2,,2,,2,,2
740.0,2,4.2139999999999995,2,34.2365,2,,2,,2,,2,,2
741.0,2,4.2082,2,34.2381,2,,2,,2,,2,,2
742.0,2,4.2008,2,34.24,2,,2,,2,,2,,2
743.1,2,4.1991,2,34.2404,2,,2,,2,,2,,2
744.0,2,4.1947,2,34.2411,2,,2,,2,,2,,2
745.0,2,4.1772,2,34.244,2,,2,,2,,2,,2
746.0,2,4.1699,2,34.245,2,,2,,2,,2,,2
747.0,2,4.1624,2,34.2459,2,,2,,2,,2,,2
748.0,2,4.1507,2,34.2478,2,,2,,2,,2,,2
749.0,2,4.1468,2,34.2487,2,,2,,2,,2,,2
750.0,2,4.1463,2,34.2486,2,,2,,2,,2,,2
751.0,2,4.1453,2,34.249,2,,2,,2,,2,,2
752.1,2,4.1435,2,34.2494,2,,2,,2,,2,,2
753.0,2,4.1402,2,34.2499,2,,2,,2,,2,,2
754.0,2,4.1357,2,34.2504,2,,2,,2,,2,,2
755.0,2,4.1289,2,34.2516,2,,2,,2,,2,,2
756.0,2,4.1282,2,34.2519,2,,2,,2,,2,,2
757.0,2,4.1277,2,34.251999999999995,2,,2,,2,,2,,2
758.0,2,4.1271,2,34.2523,2,,2,,2,,2,,2
759.0,2,4.1269,2,34.2524,2,,2,,2,,2,,2
760.0,2,4.1252,2,34.2527,2,,2,,2,,2,,2
761.0,2,4.1242,2,34.253,2,,2,,2,,2,,2
762.0,2,4.1235,2,34.2532,2,,2,,2,,2,,2
763.0,2,4.1236,2,34.2532,2,,2,,2,,2,,2
764.0,2,4.1234,2,34.2532,2,,2,,2,,2,,2
765.0,2,4.1234,2,34.2532,2,,2,,2,,2,,2
766.0,2,4.1235,2,34.2532,2,,2,,2,,2,,2
767.0,2,4.118,2,34.2544,2,,2,,2,,2,,2
768.0,2,4.1137,2,34.2554,2,,2,,2,,2,,2
769.0,2,4.1083,2,34.2565,2,,2,,2,,2,,2
770.0,2,4.1063,2,34.2569,2,,2,,2,,2,,2
771.0,2,4.1061,2,34.257,2,,2,,2,,2,,2
772.0,2,4.1043,2,34.2573,2,,2,,2,,2,,2
773.0,2,4.0988,2,34.2587,2,,2,,2,,2,,2
774.0,2,4.0941,2,34.2595,2,,2,,2,,2,,2
775.0,2,4.09,2,34.2604,2,,2,,2,,2,,2
776.0,2,4.0875,2,34.2606,2,,2,,2,,2,,2
777.0,2,4.0842,2,34.260999999999996,2,,2,,2,,2,,2
778.0,2,4.0825,2,34.2612,2,,2,,2,,2,,2
779.0,2,4.0801,2,34.2618,2,,2,,2,,2,,2
780.0,2,4.0781,2,34.2623,2,,2,,2,,2,,2
781.0,2,4.0758,2,34.2628,2,,2,,2,,2,,2
782.0,2,4.0736,2,34.263000000000005,2,,2,,2,,2,,2
783.0,2,4.0706,2,34.2634,2,,2,,2,,2,,2
784.0,2,4.0681,2,34.2638,2,,2,,2,,2,,2
785.0,2,4.0656,2,34.2642,2,,2,,2,,2,,2
786.0,2,4.0608,2,34.265,2,,2,,2,,2,,2
787.0,2,4.059,2,34.2652,2,,2,,2,,2,,2
788.0,2,4.0573,2,34.2654,2,,2,,2,,2,,2
789.0,2,4.0533,2,34.2663,2,,2,,2,,2,,2
790.0,2,4.0481,2,34.2674,2,,2,,2,,2,,2
791.0,2,4.0477,2,34.2676,2,,2,,2,,2,,2
792.0,2,4.047,2,34.2677,2,,2,,2,,2,,2
793.0,2,4.0417,2,34.2687,2,,2,,2,,2,,2
794.0,2,4.0327,2,34.2702,2,,2,,2,,2,,2
795.0,2,4.0279,2,34.2704,2,,2,,2,,2,,2
796.0,2,4.0252,2,34.271,2,,2,,2,,2,,2
797.0,2,4.0209,2,34.2715,2,,2,,2,,2,,2
798.0,2,4.0182,2,34.2719,2,,2,,2,,2,,2
799.0,2,4.0168,2,34.2721,2,,2,,2,,2,,2
800.0,2,4.0162,2,34.2723,2,,2,,2,,2,,2
801.0,2,4.0155,2,34.2724,2,,2,,2,,2,,2
802.0,2,4.0142,2,34.2726,2,,2,,2,,2,,2
803.0,2,4.0132,2,34.2727,2,,2,,2,,2,,2
804.0,2,4.0114,2,34.2731,2,,2,,2,,2,,2
805.0,2,4.011,2,34.2729,2,,2,,2,,2,,2
806.0,2,4.0109,2,34.2729,2,,2,,2,,2,,2
807.0,2,4.0111,2,34.2729,2,,2,,2,,2,,2
808.0,2,4.0111,2,34.2728,2,,2,,2,,2,,2
809.0,2,4.005,2,34.2735,2,,2,,2,,2,,2
810.0,2,3.9972,2,34.2751,2,,2,,2,,2,,2
811.0,2,3.9955,2,34.2755,2,,2,,2,,2,,2
812.0,2,3.9941,2,34.2757,2,,2,,2,,2,,2
813.0,2,3.9924,2,34.275999999999996,2,,2,,2,,2,,2
814.0,2,3.9908,2,34.2764,2,,2,,2,,2,,2
815.0,2,3.9897,2,34.2766,2,,2,,2,,2,,2
816.0,2,3.9885,2,34.2769,2,,2,,2,,2,,2
817.0,2,3.9866,2,34.2774,2,,2,,2,,2,,2
818.0,2,3.9837,2,34.2777,2,,2,,2,,2,,2
819.0,2,3.9812,2,34.2782,2,,2,,2,,2,,2
820.0,2,3.9807,2,34.2782,2,,2,,2,,2,,2
821.0,2,3.9786,2,34.2786,2,,2,,2,,2,,2
822.0,2,3.975,2,34.2791,2,,2,,2,,2,,2
823.0,2,3.9716,2,34.2798,2,,2,,2,,2,,2
824.0,2,3.9677,2,34.2806,2,,2,,2,,2,,2
825.0,2,3.9645,2,34.2812,2,,2,,2,,2,,2
826.0,2,3.9598,2,34.282,2,,2,,2,,2,,2
827.0,2,3.9568,2,34.2827,2,,2,,2,,2,,2
828.0,2,3.9565,2,34.2827,2,,2,,2,,2,,2
829.0,2,3.9560000000000004,2,34.2829,2,,2,,2,,2,,2
830.0,2,3.9553,2,34.2831,2,,2,,2,,2,,2
831.0,2,3.9543,2,34.2833,2,,2,,2,,2,,2
832.0,2,3.9524,2,34.2837,2,,2,,2,,2,,2
833.0,2,3.9467,2,34.2849,2,,2,,2,,2,,2
834.0,2,3.9391,2,34.2863,2,,2,,2,,2,,2
835.0,2,3.9365,2,34.287,2,,2,,2,,2,,2
836.0,2,3.935,2,34.2872,2,,2,,2,,2,,2
837.0,2,3.9344,2,34.2874,2,,2,,2,,2,,2
838.0,2,3.9329,2,34.2878,2,,2,,2,,2,,2
839.0,2,3.9284,2,34.2888,2,,2,,2,,2,,2
840.0,2,3.9251,2,34.2896,2,,2,,2,,2,,2
841.0,2,3.9205,2,34.2906,2,,2,,2,,2,,2
842.0,2,3.9119,2,34.2928,2,,2,,2,,2,,2
843.0,2,3.9014,2,34.2957,2,,2,,2,,2,,2
844.0,2,3.8963,2,34.2969,2,,2,,2,,2,,2
845.0,2,3.8923,2,34.2979,2,,2,,2,,2,,2
846.0,2,3.888,2,34.2989,2,,2,,2,,2,,2
847.0,2,3.8822,2,34.3,2,,2,,2,,2,,2
848.0,2,3.8763,2,34.3013,2,,2,,2,,2,,2
849.0,2,3.8734,2,34.3023,2,,2,,2,,2,,2
850.0,2,3.8734,2,34.3021,2,,2,,2,,2,,2
851.0,2,3.8729,2,34.3024,2,,2,,2,,2,,2
852.0,2,3.8729,2,34.3023,2,,2,,2,,2,,2
853.0,2,3.8729,2,34.3024,2,,2,,2,,2,,2
854.0,2,3.8727,2,34.3024,2,,2,,2,,2,,2
855.0,2,3.8726,2,34.3025,2,,2,,2,,2,,2
856.0,2,3.8719,2,34.3027,2,,2,,2,,2,,2
857.0,2,3.8707,2,34.303000000000004,2,,2,,2,,2,,2
858.0,2,3.8687,2,34.3033,2,,2,,2,,2,,2
859.0,2,3.864,2,34.3043,2,,2,,2,,2,,2
860.0,2,3.8625,2,34.3048,2,,2,,2,,2,,2
861.0,2,3.8613,2,34.3051,2,,2,,2,,2,,2
862.0,2,3.8588,2,34.3057,2,,2,,2,,2,,2
863.0,2,3.8563,2,34.3062,2,,2,,2,,2,,2
864.0,2,3.8536,2,34.3068,2,,2,,2,,2,,2
865.0,2,3.8522,2,34.3072,2,,2,,2,,2,,2
866.0,2,3.8506,2,34.3076,2,,2,,2,,2,,2
867.0,2,3.8487,2,34.3079,2,,2,,2,,2,,2
868.0,2,3.847,2,34.3083,2,,2,,2,,2,,2
869.0,2,3.8464,2,34.3084,2,,2,,2,,2,,2
870.0,2,3.8449,2,34.3088,2,,2,,2,,2,,2
871.0,2,3.8439,2,34.3092,2,,2,,2,,2,,2
872.0,2,3.8415,2,34.3097,2,,2,,2,,2,,2
873.0,2,3.8360000000000003,2,34.3111,2,,2,,2,,2,,2
874.0,2,3.8328,2,34.312,2,,2,,2,,2,,2
875.0,2,3.8321,2,34.3124,2,,2,,2,,2,,2
876.0,2,3.8282,2,34.3131,2,,2,,2,,2,,2
877.0,2,3.824,2,34.3141,2,,2,,2,,2,,2
878.0,2,3.8222,2,34.3147,2,,2,,2,,2,,2
879.0,2,3.8205,2,34.3154,2,,2,,2,,2,,2
880.0,2,3.819,2,34.3157,2,,2,,2,,2,,2
881.0,2,3.8181,2,34.3162,2,,2,,2,,2,,2
882.0,2,3.8167,2,34.3166,2,,2,,2,,2,,2
883.0,2,3.815,2,34.317,2,,2,,2,,2,,2
884.0,2,3.8164,2,34.3181,2,,2,,2,,2,,2
885.0,2,3.8149,2,34.3183,2,,2,,2,,2,,2
886.0,2,3.812,2,34.3186,2,,2,,2,,2,,2
887.0,2,3.8105,2,34.3188,2,,2,,2,,2,,2
888.0,2,3.8072,2,34.319,2,,2,,2,,2,,2
889.0,2,3.8022,2,34.3196,2,,2,,2,,2,,2
890.0,2,3.8005,2,34.3198,2,,2,,2,,2,,2
891.0,2,3.7994,2,34.3198,2,,2,,2,,2,,2
892.0,2,3.785,2,34.3194,2,,2,,2,,2,,2
892.8,2,3.7792,2,34.319,2,,2,,2,,2,,2
894.0,2,3.7727,2,34.3193,2,,2,,2,,2,,2
895.0,2,3.7668,2,34.3201,2,,2,,2,,2,,2
896.0,2,3.7661,2,34.3203,2,,2,,2,,2,,2
897.0,2,3.766,2,34.3203,2,,2,,2,,2,,2
898.0,2,3.766,2,34.3205,2,,2,,2,,2,,2
899.0,2,3.7659,2,34.3206,2,,2,,2,,2,,2
900.0,2,3.7656,2,34.3207,2,,2,,2,,2,,2
901.0,2,3.7619,2,34.3209,2,,2,,2,,2,,2
902.0,2,3.7568,2,34.3218,2,,2,,2,,2,,2
903.0,2,3.755,2,34.3226,2,,2,,2,,2,,2
904.0,2,3.7548,2,34.3225,2,,2,,2,,2,,2
905.0,2,3.7537,2,34.3227,2,,2,,2,,2,,2
906.0,2,3.7525,2,34.3227,2,,2,,2,,2,,2
907.0,2,3.7524,2,34.3228,2,,2,,2,,2,,2
908.0,2,3.7523,2,34.3231,2,,2,,2,,2,,2
909.0,2,3.7522,2,34.3237,2,,2,,2,,2,,2
910.0,2,3.7516,2,34.324,2,,2,,2,,2,,2
911.0,2,3.7510000000000003,2,34.3245,2,,2,,2,,2,,2
912.0,2,3.7513,2,34.3255,2,,2,,2,,2,,2
913.0,2,3.7421,2,34.3272,2,,2,,2,,2,,2
914.0,2,3.73,2,34.3271,2,,2,,2,,2,,2
915.0,2,3.7235,2,34.3271,2,,2,,2,,2,,2
916.0,2,3.7192,2,34.3274,2,,2,,2,,2,,2
917.0,2,3.7144,2,34.3276,2,,2,,2,,2,,2
918.0,2,3.7060000000000004,2,34.3277,2,,2,,2,,2,,2
919.0,2,3.7018,2,34.3275,2,,2,,2,,2,,2
920.0,2,3.6982,2,34.3276,2,,2,,2,,2,,2
921.0,2,3.6915,2,34.3281,2,,2,,2,,2,,2
922.0,2,3.6829,2,34.3283,2,,2,,2,,2,,2
923.0,2,3.6776,2,34.3287,2,,2,,2,,2,,2
924.0,2,3.6777,2,34.3284,2,,2,,2,,2,,2
925.0,2,3.6757,2,34.3288,2,,2,,2,,2,,2
926.0,2,3.6705,2,34.3291,2,,2,,2,,2,,2
927.0,2,3.6658,2,34.3291,2,,2,,2,,2,,2
928.0,2,3.6605,2,34.3291,2,,2,,2,,2,,2
929.2,2,3.6538,2,34.3296,2,,2,,2,,2,,2
930.0,2,3.6536,2,34.3296,2,,2,,2,,2,,2
931.0,2,3.6523,2,34.3298,2,,2,,2,,2,,2
932.0,2,3.6486,2,34.3309,2,,2,,2,,2,,2
933.0,2,3.6419,2,34.3315,2,,2,,2,,2,,2
934.0,2,3.639,2,34.332,2,,2,,2,,2,,2
935.0,2,3.6378,2,34.3328,2,,2,,2,,2,,2
936.0,2,3.6365,2,34.3338,2,,2,,2,,2,,2
937.0,2,3.6357,2,34.3343,2,,2,,2,,2,,2
938.0,2,3.6333,2,34.3352,2,,2,,2,,2,,2
939.0,2,3.6325,2,34.3354,2,,2,,2,,2,,2
940.0,2,3.6334,2,34.3357,2,,2,,2,,2,,2
941.0,2,3.6367,2,34.3366,2,,2,,2,,2,,2
942.0,2,3.6375,2,34.3372,2,,2,,2,,2,,2
943.0,2,3.637,2,34.3374,2,,2,,2,,2,,2
944.0,2,3.6368,2,34.3375,2,,2,,2,,2,,2
945.0,2,3.6343,2,34.3374,2,,2,,2,,2,,2
946.0,2,3.6323,2,34.3375,2,,2,,2,,2,,2
947.0,2,3.6308,2,34.3377,2,,2,,2,,2,,2
948.0,2,3.6288,2,34.3378,2,,2,,2,,2,,2
949.0,2,3.6262,2,34.3381,2,,2,,2,,2,,2
950.0,2,3.6238,2,34.3385,2,,2,,2,,2,,2
951.0,2,3.6224,2,34.3384,2,,2,,2,,2,,2
952.0,2,3.6208,2,34.3388,2,,2,,2,,2,,2
953.0,2,3.6203,2,34.3388,2,,2,,2,,2,,2
954.0,2,3.6185,2,34.3391,2,,2,,2,,2,,2
955.0,2,3.6176,2,34.3398,2,,2,,2,,2,,2
956.0,2,3.6156,2,34.34,2,,2,,2,,2,,2
957.0,2,3.6115,2,34.3402,2,,2,,2,,2,,2
958.0,2,3.6084,2,34.3404,2,,2,,2,,2,,2
959.0,2,3.6073,2,34.3404,2,,2,,2,,2,,2
960.0,2,3.6048,2,34.3406,2,,2,,2,,2,,2
961.0,2,3.5972,2,34.3422,2,,2,,2,,2,,2
962.0,2,3.5928,2,34.3434,2,,2,,2,,2,,2
963.0,2,3.5881,2,34.3445,2,,2,,2,,2,,2
964.0,2,3.5839,2,34.3447,2,,2,,2,,2,,2
965.0,2,3.5784,2,34.3453,2,,2,,2,,2,,2
966.0,2,3.5749,2,34.346,2,,2,,2,,2,,2
967.0,2,3.574,2,34.3464,2,,2,,2,,2,,2
968.0,2,3.5709,2,34.3483,2,,2,,2,,2,,2
969.0,2,3.5675,2,34.3489,2,,2,,2,,2,,2
970.0,2,3.5645,2,34.3492,2,,2,,2,,2,,2
971.0,2,3.5627,2,34.3494,2,,2,,2,,2,,2
972.0,2,3.5587,2,34.3499,2,,2,,2,,2,,2
973.0,2,3.554,2,34.3502,2,,2,,2,,2,,2
974.0,2,3.5497,2,34.3508,2,,2,,2,,2,,2
975.0,2,3.5438,2,34.3517,2,,2,,2,,2,,2
976.0,2,3.5423,2,34.352,2,,2,,2,,2,,2
977.0,2,3.5419,2,34.352,2,,2,,2,,2,,2
978.0,2,3.5417,2,34.3521,2,,2,,2,,2,,2
979.0,2,3.5414,2,34.3522,2,,2,,2,,2,,2
980.0,2,3.536,2,34.3526,2,,2,,2,,2,,2
981.0,2,3.5317,2,34.353,2,,2,,2,,2,,2
982.0,2,3.5278,2,34.3533,2,,2,,2,,2,,2
983.0,2,3.5179,2,34.3542,2,,2,,2,,2,,2
984.0,2,3.5134,2,34.3546,2,,2,,2,,2,,2
985.0,2,3.5060000000000002,2,34.3552,2,,2,,2,,2,,2
986.0,2,3.5005,2,34.356,2,,2,,2,,2,,2
987.0,2,3.4952,2,34.3562,2,,2,,2,,2,,2
988.0,2,3.4901,2,34.3571,2,,2,,2,,2,,2
989.0,2,3.4855,2,34.3576,2,,2,,2,,2,,2
990.0,2,3.4787,2,34.3589,2,,2,,2,,2,,2
991.0,2,3.4718,2,34.3601,2,,2,,2,,2,,2
992.0,2,3.4658,2,34.3613,2,,2,,2,,2,,2
993.0,2,3.4610000000000003,2,34.3624,2,,2,,2,,2,,2
994.0,2,3.4524,2,34.3636,2,,2,,2,,2,,2
994.9,2,3.4499,2,34.3642,2,,2,,2,,2,,2
996.4,2,3.4423,2,34.3658,2,,2,,2,,2,,2
996.9,2,3.4412,2,34.3659,2,,2,,2,,2,,2
998.0,2,3.4378,2,34.3663,2,,2,,2,,2,,2
999.0,2,3.4348,2,34.3669,2,,2,,2,,2,,2
1000.0,2,3.4329,2,34.3672,2,,2,,2,,2,,2
1001.0,2,3.431,2,34.3675,2,,2,,2,,2,,2
1002.0,2,3.4286,2,34.3678,2,,2,,2,,2,,2
1003.0,2,3.4247,2,34.3689,2,,2,,2,,2,,2
1004.0,2,3.4205,2,34.3697,2,,2,,2,,2,,2
1005.0,2,3.4131,2,34.3707,2,,2,,2,,2,,2
1006.0,2,3.4114,2,34.3711,2,,2,,2,,2,,2
1007.0,2,3.4113,2,34.3711,2,,2,,2,,2,,2
1008.0,2,3.4111,2,34.3713,2,,2,,2,,2,,2
1009.0,2,3.4076,2,34.3718,2,,2,,2,,2,,2
1010.0,2,3.4054,2,34.372,2,,2,,2,,2,,2
1011.0,2,3.4039,2,34.3719,2,,2,,2,,2,,2
1012.0,2,3.4026,2,34.3718,2,,2,,2,,2,,2
1013.0,2,3.4011,2,34.3722,2,,2,,2,,2,,2
1014.0,2,3.3985,2,34.3724,2,,2,,2,,2,,2
1015.0,2,3.3932,2,34.3726,2,,2,,2,,2,,2
1016.0,2,3.39,2,34.3726,2,,2,,2,,2,,2
1017.0,2,3.3813,2,34.372,2,,2,,2,,2,,2
1018.0,2,3.3776,2,34.3714,2,,2,,2,,2,,2
1019.0,2,3.375,2,34.3717,2,,2,,2,,2,,2
1020.0,2,3.375,2,34.3719,2,,2,,2,,2,,2
1021.0,2,3.3754,2,34.3721,2,,2,,2,,2,,2
1022.0,2,3.3747,2,34.3721,2,,2,,2,,2,,2
1023.0,2,3.3739,2,34.3725,2,,2,,2,,2,,2
1024.0,2,3.3688,2,34.3722,2,,2,,2,,2,,2
1025.0,2,3.3669,2,34.3726,2,,2,,2,,2,,2
1026.0,2,3.3669,2,34.3729,2,,2,,2,,2,,2
1027.0,2,3.3663,2,34.3732,2,,2,,2,,2,,2
1028.0,2,3.3654,2,34.3733,2,,2,,2,,2,,2
1029.0,2,3.3653,2,34.3738,2,,2,,2,,2,,2
1030.0,2,3.3564,2,34.3743,2,,2,,2,,2,,2
1031.0,2,3.3444,2,34.375,2,,2,,2,,2,,2
1032.0,2,3.3465,2,34.3768,2,,2,,2,,2,,2
1033.0,2,3.3487,2,34.3776,2,,2,,2,,2,,2
1034.0,2,3.3483,2,34.3776,2,,2,,2,,2,,2
1035.0,2,3.3484,2,34.3775,2,,2,,2,,2,,2
1036.0,2,3.3448,2,34.3776,2,,2,,2,,2,,2
1037.0,2,3.3445,2,34.3776,2,,2,,2,,2,,2
1038.0,2,3.3316,2,34.3762,2,,2,,2,,2,,2
1039.0,2,3.3125,2,34.3736,2,,2,,2,,2,,2
1040.0,2,3.2960000000000003,2,34.3717,2,,2,,2,,2,,2
1041.0,2,3.2842,2,34.3706,2,,2,,2,,2,,2
1042.0,2,3.2762,2,34.3702,2,,2,,2,,2,,2
1043.0,2,3.2649,2,34.369,2,,2,,2,,2,,2
1044.0,2,3.2539999999999996,2,34.3684,2,,2,,2,,2,,2
1045.0,2,3.2497,2,34.3695,2,,2,,2,,2,,2
1046.0,2,3.2425,2,34.3694,2,,2,,2,,2,,2
1047.0,2,3.2379,2,34.3688,2,,2,,2,,2,,2
1048.0,2,3.2357,2,34.3688,2,,2,,2,,2,,2
1049.0,2,3.2342,2,34.3688,2,,2,,2,,2,,2
1050.0,2,3.233,2,34.3688,2,,2,,2,,2,,2
1051.0,2,3.2302,2,34.3689,2,,2,,2,,2,,2
1052.0,2,3.2276,2,34.369,2,,2,,2,,2,,2
1053.0,2,3.2260000000000004,2,34.3692,2,,2,,2,,2,,2
1054.0,2,3.2251,2,34.3693,2,,2,,2,,2,,2
1055.0,2,3.2261,2,34.3702,2,,2,,2,,2,,2
1056.0,2,3.2261,2,34.3707,2,,2,,2,,2,,2
1057.0,2,3.2266,2,34.3708,2,,2,,2,,2,,2
1058.0,2,3.2275,2,34.3713,2,,2,,2,,2,,2
1059.0,2,3.2276,2,34.3716,2,,2,,2,,2,,2
1060.0,2,3.2274,2,34.3719,2,,2,,2,,2,,2
1061.0,2,3.2256,2,34.373000000000005,2,,2,,2,,2,,2
1062.0,2,3.2247,2,34.3742,2,,2,,2,,2,,2
1062.6,2,3.2243,2,34.3743,2,,2,,2,,2,,2
1064.0,2,3.2244,2,34.3742,2,,2,,2,,2,,2
1065.0,2,3.2243,2,34.3742,2,,2,,2,,2,,2
1066.0,2,3.2242,2,34.3744,2,,2,,2,,2,,2
1067.0,2,3.2241,2,34.3743,2,,2,,2,,2,,2
1068.0,2,3.2236,2,34.3746,2,,2,,2,,2,,2
1069.0,2,3.2233,2,34.3754,2,,2,,2,,2,,2
1070.0,2,3.2233,2,34.3757,2,,2,,2,,2,,2
1071.0,2,3.2227,2,34.3758,2,,2,,2,,2,,2
1072.0,2,3.2163,2,34.3757,2,,2,,2,,2,,2
1073.0,2,3.2067,2,34.3751,2,,2,,2,,2,,2
1074.0,2,3.2052,2,34.3753,2,,2,,2,,2,,2
1075.0,2,3.2056,2,34.375,2,,2,,2,,2,,2
1076.0,2,3.2053,2,34.3751,2,,2,,2,,2,,2
1077.0,2,3.2063,2,34.3753,2,,2,,2,,2,,2
1078.0,2,3.2067,2,34.3754,2,,2,,2,,2,,2
1079.0,2,3.2078,2,34.3757,2,,2,,2,,2,,2
1080.0,2,3.2126,2,34.3786,2,,2,,2,,2,,2
1081.0,2,3.2132,2,34.3792,2,,2,,2,,2,,2
1082.0,2,3.2134,2,34.3795,2,,2,,2,,2,,2
1083.0,2,3.2133,2,34.3798,2,,2,,2,,2,,2
1084.0,2,3.2108,2,34.38,2,,2,,2,,2,,2
1085.0,2,3.2060000000000004,2,34.3807,2,,2,,2,,2,,2
1086.0,2,3.2032,2,34.3814,2,,2,,2,,2,,2
1087.0,2,3.2013,2,34.3819,2,,2,,2,,2,,2
1088.0,2,3.2008,2,34.382,2,,2,,2,,2,,2
1089.0,2,3.1994,2,34.3823,2,,2,,2,,2,,2
1090.0,2,3.1981,2,34.3825,2,,2,,2,,2,,2
1091.0,2,3.1974,2,34.3827,2,,2,,2,,2,,2
1092.0,2,3.1953,2,34.383,2,,2,,2,,2,,2
1093.0,2,3.1939,2,34.3832,2,,2,,2,,2,,2
1094.0,2,3.1928,2,34.3835,2,,2,,2,,2,,2
1095.0,2,3.1872,2,34.3842,2,,2,,2,,2,,2
1096.0,2,3.1823,2,34.3851,2,,2,,2,,2,,2
1097.0,2,3.1801,2,34.3853,2,,2,,2,,2,,2
1098.0,2,3.1795,2,34.3852,2,,2,,2,,2,,2
1099.0,2,3.1792,2,34.3853,2,,2,,2,,2,,2
1100.0,2,3.1791,2,34.3854,2,,2,,2,,2,,2
1101.0,2,3.1769,2,34.3857,2,,2,,2,,2,,2
1102.0,2,3.1762,2,34.3857,2,,2,,2,,2,,2
1103.0,2,3.1754,2,34.3858,2,,2,,2,,2,,2
1104.0,2,3.1737,2,34.385999999999996,2,,2,,2,,2,,2
1105.0,2,3.1717,2,34.3866,2,,2,,2,,2,,2
1106.0,2,3.1695,2,34.3873,2,,2,,2,,2,,2
1107.0,2,3.1686,2,34.3875,2,,2,,2,,2,,2
1108.0,2,3.1671,2,34.3875,2,,2,,2,,2,,2
1109.0,2,3.1664,2,34.3875,2,,2,,2,,2,,2
1110.0,2,3.165,2,34.3876,2,,2,,2,,2,,2
1111.0,2,3.1647,2,34.3876,2,,2,,2,,2,,2
1112.0,2,3.1639999999999997,2,34.3876,2,,2,,2,,2,,2
1113.0,2,3.1633,2,34.3876,2,,2,,2,,2,,2
1114.0,2,3.1607,2,34.3876,2,,2,,2,,2,,2
1115.0,2,3.1585,2,34.3881,2,,2,,2,,2,,2
1116.0,2,3.1549,2,34.3886,2,,2,,2,,2,,2
1117.0,2,3.1525,2,34.3888,2,,2,,2,,2,,2
1118.0,2,3.1491,2,34.3891,2,,2,,2,,2,,2
1119.0,2,3.1498,2,34.3902,2,,2,,2,,2,,2
1120.0,2,3.1503,2,34.3909,2,,2,,2,,2,,2
1121.0,2,3.1493,2,34.3915,2,,2,,2,,2,,2
1122.0,2,3.1479,2,34.3919,2,,2,,2,,2,,2
1123.0,2,3.1460000000000004,2,34.3926,2,,2,,2,,2,,2
1124.0,2,3.1443,2,34.3931,2,,2,,2,,2,,2
1125.0,2,3.1439,2,34.3931,2,,2,,2,,2,,2
1126.0,2,3.1433,2,34.3933,2,,2,,2,,2,,2
1127.0,2,3.1389,2,34.3932,2,,2,,2,,2,,2
1128.0,2,3.1309,2,34.3933,2,,2,,2,,2,,2
1129.0,2,3.1244,2,34.3938,2,,2,,2,,2,,2
1130.0,2,3.1201,2,34.3944,2,,2,,2,,2,,2
1131.0,2,3.1156,2,34.3944,2,,2,,2,,2,,2
1132.0,2,3.1121,2,34.3942,2,,2,,2,,2,,2
1133.0,2,3.1016,2,34.3937,2,,2,,2,,2,,2
1134.0,2,3.0986,2,34.3939,2,,2,,2,,2,,2
1135.0,2,3.0953,2,34.3943,2,,2,,2,,2,,2
1136.0,2,3.0979,2,34.3949,2,,2,,2,,2,,2
1137.0,2,3.0973,2,34.396,2,,2,,2,,2,,2
1138.0,2,3.093,2,34.3964,2,,2,,2,,2,,2
1139.0,2,3.0886,2,34.3969,2,,2,,2,,2,,2
1140.0,2,3.0873,2,34.3971,2,,2,,2,,2,,2
1141.0,2,3.0863,2,34.3973,2,,2,,2,,2,,2
1142.0,2,3.0855,2,34.3973,2,,2,,2,,2,,2
1143.0,2,3.0825,2,34.3978,2,,2,,2,,2,,2
1144.0,2,3.0794,2,34.3981,2,,2,,2,,2,,2
1145.0,2,3.0749,2,34.3985,2,,2,,2,,2,,2
1146.0,2,3.0681,2,34.3995,2,,2,,2,,2,,2
1147.0,2,3.0666,2,34.3997,2,,2,,2,,2,,2
1148.0,2,3.0658,2,34.4001,2,,2,,2,,2,,2
1149.0,2,3.0656,2,34.4001,2,,2,,2,,2,,2
1150.0,2,3.0653,2,34.4003,2,,2,,2,,2,,2
1151.0,2,3.0653,2,34.4002,2,,2,,2,,2,,2
1152.0,2,3.065,2,34.4003,2,,2,,2,,2,,2
1153.0,2,3.0638,2,34.4002,2,,2,,2,,2,,2
1154.0,2,3.0626,2,34.4015,2,,2,,2,,2,,2
1155.0,2,3.0628,2,34.4021,2,,2,,2,,2,,2
1156.0,2,3.0609,2,34.4027,2,,2,,2,,2,,2
1157.0,2,3.0589,2,34.4032,2,,2,,2,,2,,2
1158.0,2,3.0588,2,34.4036,2,,2,,2,,2,,2
1159.0,2,3.0594,2,34.4038,2,,2,,2,,2,,2
1160.0,2,3.0592,2,34.4041,2,,2,,2,,2,,2
1161.0,2,3.0593,2,34.4043,2,,2,,2,,2,,2
1162.0,2,3.0609,2,34.4049,2,,2,,2,,2,,2
1163.0,2,3.0623,2,34.4053,2,,2,,2,,2,,2
1164.0,2,3.0626,2,34.4055,2,,2,,2,,2,,2
1165.0,2,3.0615,2,34.4071,2,,2,,2,,2,,2
1166.0,2,3.0607,2,34.4075,2,,2,,2,,2,,2
1167.0,2,3.0578,2,34.4087,2,,2,,2,,2,,2
1168.0,2,3.0569,2,34.409,2,,2,,2,,2,,2
1169.0,2,3.0564,2,34.4091,2,,2,,2,,2,,2
1170.0,2,3.0559,2,34.4092,2,,2,,2,,2,,2
1171.0,2,3.0555,2,34.4094,2,,2,,2,,2,,2
1172.0,2,3.054,2,34.4101,2,,2,,2,,2,,2
1173.0,2,3.0532,2,34.4104,2,,2,,2,,2,,2
1174.0,2,3.0534,2,34.4111,2,,2,,2,,2,,2
1175.0,2,3.0535,2,34.411,2,,2,,2,,2,,2
1176.0,2,3.0542,2,34.4112,2,,2,,2,,2,,2
1177.0,2,3.0552,2,34.4114,2,,2,,2,,2,,2
1178.0,2,3.0559,2,34.412,2,,2,,2,,2,,2
1179.0,2,3.0566,2,34.4122,2,,2,,2,,2,,2
1180.0,2,3.0576,2,34.4131,2,,2,,2,,2,,2
1181.0,2,3.0588,2,34.414,2,,2,,2,,2,,2
1182.0,2,3.0588,2,34.4142,2,,2,,2,,2,,2
1183.0,2,3.0586,2,34.4142,2,,2,,2,,2,,2
1184.0,2,3.0585,2,34.4145,2,,2,,2,,2,,2
1185.0,2,3.0589999999999997,2,34.4149,2,,2,,2,,2,,2
1186.0,2,3.0592,2,34.4154,2,,2,,2,,2,,2
1187.0,2,3.0601,2,34.416,2,,2,,2,,2,,2
1188.0,2,3.0619,2,34.4177,2,,2,,2,,2,,2
1189.0,2,3.0628,2,34.4193,2,,2,,2,,2,,2
1190.0,2,3.0624,2,34.4199,2,,2,,2,,2,,2
1191.0,2,3.0617,2,34.4205,2,,2,,2,,2,,2
1192.0,2,3.0567,2,34.4206,2,,2,,2,,2,,2
1193.0,2,3.0542,2,34.4204,2,,2,,2,,2,,2
1194.0,2,3.0508,2,34.4203,2,,2,,2,,2,,2
1195.0,2,3.0491,2,34.42,2,,2,,2,,2,,2
1196.0,2,3.0469999999999997,2,34.4198,2,,2,,2,,2,,2
1197.0,2,3.0371,2,34.4188,2,,2,,2,,2,,2
1198.0,2,3.0339,2,34.4186,2,,2,,2,,2,,2
1198.6,2,3.0314,2,34.4185,2,,2,,2,,2,,2
1200.2,2,3.0054,2,34.4179,2,,2,,2,,2,,2
1201.0,2,3.0035,2,34.4178,2,,2,,2,,2,,2
1202.0,2,3.0004,2,34.4176,2,,2,,2,,2,,2
1203.0,2,2.998,2,34.4177,2,,2,,2,,2,,2
1204.0,2,2.9966,2,34.4178,2,,2,,2,,2,,2
1205.0,2,2.9938,2,34.4177,2,,2,,2,,2,,2
1206.0,2,2.9918,2,34.4176,2,,2,,2,,2,,2
1207.0,2,2.9847,2,34.4179,2,,2,,2,,2,,2
1208.0,2,2.9812,2,34.4183,2,,2,,2,,2,,2
1209.0,2,2.9791,2,34.4185,2,,2,,2,,2,,2
1210.0,2,2.9766,2,34.4186,2,,2,,2,,2,,2
1211.0,2,2.9692,2,34.4187,2,,2,,2,,2,,2
1212.0,2,2.9634,2,34.4188,2,,2,,2,,2,,2
1213.0,2,2.9593,2,34.4191,2,,2,,2,,2,,2
1214.0,2,2.949,2,34.4197,2,,2,,2,,2,,2
1215.0,2,2.9471,2,34.42,2,,2,,2,,2,,2
1216.0,2,2.945,2,34.4204,2,,2,,2,,2,,2
1217.0,2,2.9424,2,34.421,2,,2,,2,,2,,2
1218.0,2,2.9411,2,34.4211,2,,2,,2,,2,,2
1219.0,2,2.94,2,34.4214,2,,2,,2,,2,,2
1220.0,2,2.9392,2,34.4215,2,,2,,2,,2,,2
1221.0,2,2.938,2,34.4216,2,,2,,2,,2,,2
1222.0,2,2.9360000000000004,2,34.4219,2,,2,,2,,2,,2
1223.0,2,2.9354,2,34.4221,2,,2,,2,,2,,2
1224.0,2,2.9342,2,34.4222,2,,2,,2,,2,,2
1225.0,2,2.9343,2,34.4222,2,,2,,2,,2,,2
1226.0,2,2.9343,2,34.4222,2,,2,,2,,2,,2
1227.0,2,2.9327,2,34.4224,2,,2,,2,,2,,2
1228.0,2,2.932,2,34.4226,2,,2,,2,,2,,2
1229.0,2,2.9318,2,34.4228,2,,2,,2,,2,,2
1230.0,2,2.9313,2,34.4228,2,,2,,2,,2,,2
1231.0,2,2.9307,2,34.4231,2,,2,,2,,2,,2
1232.0,2,2.9299,2,34.4231,2,,2,,2,,2,,2
1232.8,2,2.9294,2,34.4233,2,,2,,2,,2,,2
1234.0,2,2.9267,2,34.4238,2,,2,,2,,2,,2
1235.0,2,2.9253,2,34.424,2,,2,,2,,2,,2
1236.0,2,2.9242,2,34.4242,2,,2,,2,,2,,2
1237.0,2,2.9235,2,34.4244,2,,2,,2,,2,,2
1238.0,2,2.9227,2,34.4247,2,,2,,2,,2,,2
1239.0,2,2.9219,2,34.4247,2,,2,,2,,2,,2
1240.0,2,2.9216,2,34.4249,2,,2,,2,,2,,2
1241.0,2,2.9209,2,34.425,2,,2,,2,,2,,2
1242.0,2,2.9201,2,34.4251,2,,2,,2,,2,,2
1243.0,2,2.9178,2,34.4252,2,,2,,2,,2,,2
1244.0,2,2.9104,2,34.4257,2,,2,,2,,2,,2
1245.0,2,2.9056,2,34.4261,2,,2,,2,,2,,2
1246.0,2,2.9048,2,34.4263,2,,2,,2,,2,,2
1247.0,2,2.9043,2,34.4263,2,,2,,2,,2,,2
1248.0,2,2.9034,2,34.4262,2,,2,,2,,2,,2
1249.0,2,2.9026,2,34.4264,2,,2,,2,,2,,2
1250.0,2,2.9025,2,34.4264,2,,2,,2,,2,,2
1251.0,2,2.9022,2,34.4265,2,,2,,2,,2,,2
1252.0,2,2.9019,2,34.4265,2,,2,,2,,2,,2
1253.0,2,2.9017,2,34.4266,2,,2,,2,,2,,2
1254.0,2,2.9003,2,34.4267,2,,2,,2,,2,,2
1255.0,2,2.8982,2,34.4272,2,,2,,2,,2,,2
1256.0,2,2.8973,2,34.4273,2,,2,,2,,2,,2
1257.0,2,2.8966,2,34.4275,2,,2,,2,,2,,2
1258.0,2,2.8952,2,34.4276,2,,2,,2,,2,,2
1259.0,2,2.8944,2,34.4278,2,,2,,2,,2,,2
1260.0,2,2.8943,2,34.4279,2,,2,,2,,2,,2
1261.0,2,2.8937,2,34.428000000000004,2,,2,,2,,2,,2
1262.0,2,2.8906,2,34.4284,2,,2,,2,,2,,2
1263.0,2,2.8901,2,34.4285,2,,2,,2,,2,,2
1264.0,2,2.8899,2,34.4285,2,,2,,2,,2,,2
1265.0,2,2.8889,2,34.4285,2,,2,,2,,2,,2
1266.0,2,2.8881,2,34.4285,2,,2,,2,,2,,2
1267.0,2,2.8863,2,34.4287,2,,2,,2,,2,,2
1268.0,2,2.8802,2,34.4296,2,,2,,2,,2,,2
1269.0,2,2.8717,2,34.4311,2,,2,,2,,2,,2
1270.0,2,2.8639,2,34.431999999999995,2,,2,,2,,2,,2
1271.0,2,2.8617,2,34.4322,2,,2,,2,,2,,2
1272.0,2,2.861,2,34.4324,2,,2,,2,,2,,2
1273.0,2,2.8607,2,34.4325,2,,2,,2,,2,,2
1274.0,2,2.8604,2,34.4324,2,,2,,2,,2,,2
1275.0,2,2.8593,2,34.4325,2,,2,,2,,2,,2
1276.0,2,2.8588,2,34.4325,2,,2,,2,,2,,2
1277.0,2,2.8588,2,34.4326,2,,2,,2,,2,,2
1278.0,2,2.8581,2,34.4328,2,,2,,2,,2,,2
1279.0,2,2.8562,2,34.4329,2,,2,,2,,2,,2
1280.0,2,2.8525,2,34.4335,2,,2,,2,,2,,2
1281.0,2,2.8495,2,34.4339,2,,2,,2,,2,,2
1282.0,2,2.8457,2,34.4348,2,,2,,2,,2,,2
1283.0,2,2.8442,2,34.435,2,,2,,2,,2,,2
1284.0,2,2.8424,2,34.4353,2,,2,,2,,2,,2
1285.0,2,2.8417,2,34.4354,2,,2,,2,,2,,2
1286.0,2,2.8411,2,34.4357,2,,2,,2,,2,,2
1287.0,2,2.8407,2,34.4358,2,,2,,2,,2,,2
1288.0,2,2.8387,2,34.436,2,,2,,2,,2,,2
1289.0,2,2.838,2,34.4366,2,,2,,2,,2,,2
1290.0,2,2.8379,2,34.4367,2,,2,,2,,2,,2
1291.0,2,2.8358,2,34.4371,2,,2,,2,,2,,2
1292.0,2,2.832,2,34.4372,2,,2,,2,,2,,2
1293.0,2,2.8238,2,34.4383,2,,2,,2,,2,,2
1294.0,2,2.8165,2,34.4392,2,,2,,2,,2,,2
1295.0,2,2.8115,2,34.4398,2,,2,,2,,2,,2
1296.0,2,2.8036,2,34.4406,2,,2,,2,,2,,2
1297.0,2,2.7960000000000003,2,34.4417,2,,2,,2,,2,,2
1298.0,2,2.7913,2,34.4426,2,,2,,2,,2,,2
1299.0,2,2.7842,2,34.4439,2,,2,,2,,2,,2
1300.0,2,2.7815,2,34.4444,2,,2,,2,,2,,2
1301.0,2,2.7817,2,34.4443,2,,2,,2,,2,,2
1302.0,2,2.7813,2,34.4445,2,,2,,2,,2,,2
1303.0,2,2.7746,2,34.4458,2,,2,,2,,2,,2
1304.0,2,2.7725,2,34.4462,2,,2,,2,,2,,2
1305.0,2,2.7716,2,34.4463,2,,2,,2,,2,,2
1306.0,2,2.7714,2,34.4465,2,,2,,2,,2,,2
1307.0,2,2.7704,2,34.4466,2,,2,,2,,2,,2
1308.0,2,2.7676,2,34.4471,2,,2,,2,,2,,2
1309.0,2,2.7641,2,34.4479,2,,2,,2,,2,,2
1310.0,2,2.7624,2,34.4482,2,,2,,2,,2,,2
1311.0,2,2.761,2,34.4487,2,,2,,2,,2,,2
1312.0,2,2.7601,2,34.4487,2,,2,,2,,2,,2
1313.0,2,2.758,2,34.4492,2,,2,,2,,2,,2
1314.0,2,2.7538,2,34.45,2,,2,,2,,2,,2
1315.0,2,2.7532,2,34.4502,2,,2,,2,,2,,2
1316.0,2,2.7527,2,34.4503,2,,2,,2,,2,,2
1317.0,2,2.7516,2,34.4505,2,,2,,2,,2,,2
1318.0,2,2.748,2,34.451,2,,2,,2,,2,,2
1319.0,2,2.7472,2,34.4511,2,,2,,2,,2,,2
1320.0,2,2.7459,2,34.4515,2,,2,,2,,2,,2
1321.0,2,2.7452,2,34.4515,2,,2,,2,,2,,2
1322.0,2,2.745,2,34.4517,2,,2,,2,,2,,2
1323.0,2,2.7451,2,34.4518,2,,2,,2,,2,,2
1324.0,2,2.7447,2,34.4518,2,,2,,2,,2,,2
1325.0,2,2.7429,2,34.452,2,,2,,2,,2,,2
1326.0,2,2.7429,2,34.452,2,,2,,2,,2,,2
1327.0,2,2.7433,2,34.452,2,,2,,2,,2,,2
1328.0,2,2.7430000000000003,2,34.4521,2,,2,,2,,2,,2
1329.0,2,2.7433,2,34.452,2,,2,,2,,2,,2
1330.0,2,2.7437,2,34.4519,2,,2,,2,,2,,2
1331.0,2,2.7439,2,34.4519,2,,2,,2,,2,,2
1332.0,2,2.7434,2,34.452,2,,2,,2,,2,,2
1333.0,2,2.7404,2,34.4524,2,,2,,2,,2,,2
1333.9,2,2.7396,2,34.4526,2,,2,,2,,2,,2
1335.0,2,2.7374,2,34.4527,2,,2,,2,,2,,2
1336.0,2,2.7365,2,34.4529,2,,2,,2,,2,,2
1337.0,2,2.7364,2,34.4528,2,,2,,2,,2,,2
1338.0,2,2.7362,2,34.4529,2,,2,,2,,2,,2
1339.0,2,2.7361,2,34.453,2,,2,,2,,2,,2
1340.0,2,2.7356,2,34.4531,2,,2,,2,,2,,2
1341.0,2,2.734,2,34.4532,2,,2,,2,,2,,2
1342.0,2,2.7329,2,34.4535,2,,2,,2,,2,,2
1343.0,2,2.7306,2,34.454,2,,2,,2,,2,,2
1344.0,2,2.7296,2,34.4542,2,,2,,2,,2,,2
1345.0,2,2.7254,2,34.4549,2,,2,,2,,2,,2
1346.0,2,2.7206,2,34.455999999999996,2,,2,,2,,2,,2
1347.0,2,2.7192,2,34.4561,2,,2,,2,,2,,2
1348.0,2,2.719,2,34.4561,2,,2,,2,,2,,2
1349.0,2,2.7189,2,34.455999999999996,2,,2,,2,,2,,2
1350.0,2,2.7185,2,34.4561,2,,2,,2,,2,,2
1351.0,2,2.7183,2,34.4562,2,,2,,2,,2,,2
1352.0,2,2.7173,2,34.4563,2,,2,,2,,2,,2
1353.0,2,2.7138,2,34.4569,2,,2,,2,,2,,2
1354.0,2,2.7094,2,34.4578,2,,2,,2,,2,,2
1355.0,2,2.7052,2,34.4582,2,,2,,2,,2,,2
1356.0,2,2.6985,2,34.4593,2,,2,,2,,2,,2
1357.0,2,2.6942,2,34.46,2,,2,,2,,2,,2
1358.0,2,2.6935,2,34.4599,2,,2,,2,,2,,2
1359.0,2,2.6931,2,34.46,2,,2,,2,,2,,2
1360.0,2,2.6924,2,34.4601,2,,2,,2,,2,,2
1361.1,2,2.6913,2,34.4606,2,,2,,2,,2,,2
1361.9,2,2.6911,2,34.4605,2,,2,,2,,2,,2
1363.0,2,2.6908,2,34.4606,2,,2,,2,,2,,2
1364.0,2,2.6903,2,34.4607,2,,2,,2,,2,,2
1365.0,2,2.6899,2,34.4609,2,,2,,2,,2,,2
1366.0,2,2.6894,2,34.4609,2,,2,,2,,2,,2
1367.0,2,2.6889999999999996,2,34.461,2,,2,,2,,2,,2
1368.0,2,2.6889,2,34.4611,2,,2,,2,,2,,2
1369.0,2,2.6889,2,34.461,2,,2,,2,,2,,2
1370.0,2,2.6877,2,34.4613,2,,2,,2,,2,,2
1371.0,2,2.6872,2,34.4615,2,,2,,2,,2,,2
1372.0,2,2.6863,2,34.4617,2,,2,,2,,2,,2
1373.0,2,2.6847,2,34.461999999999996,2,,2,,2,,2,,2
1374.0,2,2.6837,2,34.4622,2,,2,,2,,2,,2
1375.0,2,2.6828,2,34.4625,2,,2,,2,,2,,2
1376.0,2,2.6799,2,34.463,2,,2,,2,,2,,2
1377.0,2,2.6765,2,34.4636,2,,2,,2,,2,,2
1378.0,2,2.6703,2,34.4649,2,,2,,2,,2,,2
1379.0,2,2.6677,2,34.4657,2,,2,,2,,2,,2
1380.0,2,2.6659,2,34.4662,2,,2,,2,,2,,2
1381.0,2,2.6636,2,34.4662,2,,2,,2,,2,,2
1382.0,2,2.6617,2,34.466,2,,2,,2,,2,,2
1383.0,2,2.66,2,34.4666,2,,2,,2,,2,,2
1384.0,2,2.6596,2,34.4667,2,,2,,2,,2,,2
1385.0,2,2.659,2,34.4668,2,,2,,2,,2,,2
1386.0,2,2.6591,2,34.4671,2,,2,,2,,2,,2
1387.0,2,2.6581,2,34.4676,2,,2,,2,,2,,2
1388.0,2,2.6509,2,34.468,2,,2,,2,,2,,2
1389.0,2,2.6477,2,34.4685,2,,2,,2,,2,,2
1390.0,2,2.6474,2,34.4686,2,,2,,2,,2,,2
1391.0,2,2.6471,2,34.4688,2,,2,,2,,2,,2
1392.0,2,2.6476,2,34.4695,2,,2,,2,,2,,2
1393.0,2,2.6441,2,34.4703,2,,2,,2,,2,,2
1394.0,2,2.6414,2,34.4719,2,,2,,2,,2,,2
1395.0,2,2.6407,2,34.4724,2,,2,,2,,2,,2
1396.0,2,2.6407,2,34.4728,2,,2,,2,,2,,2
1397.0,2,2.6391,2,34.4733,2,,2,,2,,2,,2
1398.0,2,2.6304,2,34.476,2,,2,,2,,2,,2
1399.0,2,2.6297,2,34.4768,2,,2,,2,,2,,2
1400.0,2,2.6289999999999996,2,34.4772,2,,2,,2,,2,,2
1401.0,2,2.6288,2,34.4774,2,,2,,2,,2,,2
1402.0,2,2.6285,2,34.4775,2,,2,,2,,2,,2
1403.0,2,2.6282,2,34.4776,2,,2,,2,,2,,2
1404.0,2,2.628,2,34.4777,2,,2,,2,,2,,2
1405.0,2,2.6279,2,34.4781,2,,2,,2,,2,,2
1406.0,2,2.6277,2,34.4781,2,,2,,2,,2,,2
1407.0,2,2.6248,2,34.4788,2,,2,,2,,2,,2
1408.0,2,2.6180000000000003,2,34.4794,2,,2,,2,,2,,2
1409.0,2,2.6154,2,34.4795,2,,2,,2,,2,,2
1410.0,2,2.6128,2,34.4802,2,,2,,2,,2,,2
1411.0,2,2.612,2,34.481,2,,2,,2,,2,,2
1411.9,2,2.612,2,34.4806,2,,2,,2,,2,,2
1413.0,2,2.6117,2,34.4808,2,,2,,2,,2,,2
1414.0,2,2.6121,2,34.4811,2,,2,,2,,2,,2
1415.0,2,2.6124,2,34.4812,2,,2,,2,,2,,2
1416.0,2,2.6125,2,34.4813,2,,2,,2,,2,,2
1417.0,2,2.6129,2,34.4813,2,,2,,2,,2,,2
1418.0,2,2.6129,2,34.4813,2,,2,,2,,2,,2
1419.0,2,2.6124,2,34.4815,2,,2,,2,,2,,2
1420.0,2,2.611,2,34.4812,2,,2,,2,,2,,2
1421.0,2,2.611,2,34.4811,2,,2,,2,,2,,2
1422.0,2,2.6098,2,34.481,2,,2,,2,,2,,2
1423.0,2,2.6087,2,34.4811,2,,2,,2,,2,,2
1424.0,2,2.6074,2,34.481,2,,2,,2,,2,,2
1425.0,2,2.6054,2,34.4811,2,,2,,2,,2,,2
1426.0,2,2.6038,2,34.4812,2,,2,,2,,2,,2
1427.0,2,2.6016,2,34.4812,2,,2,,2,,2,,2
1428.0,2,2.6008,2,34.4812,2,,2,,2,,2,,2
1429.0,2,2.5964,2,34.4817,2,,2,,2,,2,,2
1430.0,2,2.5818,2,34.483000000000004,2,,2,,2,,2,,2
1431.0,2,2.5787,2,34.4833,2,,2,,2,,2,,2
1432.0,2,2.5738,2,34.4836,2,,2,,2,,2,,2
1433.0,2,2.57,2,34.4841,2,,2,,2,,2,,2
1434.0,2,2.5728,2,34.4864,2,,2,,2,,2,,2
1435.0,2,2.5782,2,34.4882,2,,2,,2,,2,,2
1436.0,2,2.5809,2,34.4899,2,,2,,2,,2,,2
1437.0,2,2.5805,2,34.49,2,,2,,2,,2,,2
1438.0,2,2.5814,2,34.4908,2,,2,,2,,2,,2
1439.0,2,2.5812,2,34.4911,2,,2,,2,,2,,2
1440.0,2,2.5807,2,34.4916,2,,2,,2,,2,,2
1441.0,2,2.5803,2,34.4918,2,,2,,2,,2,,2
1442.0,2,2.5802,2,34.492,2,,2,,2,,2,,2
1443.0,2,2.5810000000000004,2,34.4924,2,,2,,2,,2,,2
1444.0,2,2.5809,2,34.4928,2,,2,,2,,2,,2
1445.0,2,2.5805,2,34.4931,2,,2,,2,,2,,2
1446.0,2,2.5748,2,34.4923,2,,2,,2,,2,,2
1447.0,2,2.5575,2,34.4898,2,,2,,2,,2,,2
1448.0,2,2.544,2,34.489000000000004,2,,2,,2,,2,,2
1449.0,2,2.54,2,34.4891,2,,2,,2,,2,,2
1450.0,2,2.5355,2,34.4893,2,,2,,2,,2,,2
1451.0,2,2.5348,2,34.4898,2,,2,,2,,2,,2
1452.0,2,2.5361,2,34.4902,2,,2,,2,,2,,2
1453.0,2,2.5366,2,34.4907,2,,2,,2,,2,,2
1454.0,2,2.5365,2,34.4907,2,,2,,2,,2,,2
1455.0,2,2.5368,2,34.4909,2,,2,,2,,2,,2
1456.0,2,2.5367,2,34.4912,2,,2,,2,,2,,2
1457.0,2,2.5359,2,34.4915,2,,2,,2,,2,,2
1458.0,2,2.535,2,34.4918,2,,2,,2,,2,,2
1459.0,2,2.5326,2,34.4922,2,,2,,2,,2,,2
1460.0,2,2.5284,2,34.4916,2,,2,,2,,2,,2
1461.0,2,2.5176,2,34.4912,2,,2,,2,,2,,2
1462.0,2,2.5129,2,34.4918,2,,2,,2,,2,,2
1463.0,2,2.5114,2,34.4919,2,,2,,2,,2,,2
1464.0,2,2.5087,2,34.4921,2,,2,,2,,2,,2
1465.0,2,2.5067,2,34.4925,2,,2,,2,,2,,2
1466.0,2,2.5035,2,34.4927,2,,2,,2,,2,,2
1467.0,2,2.4987,2,34.4935,2,,2,,2,,2,,2
1468.0,2,2.4957,2,34.494,2,,2,,2,,2,,2
1469.0,2,2.4938,2,34.4945,2,,2,,2,,2,,2
1470.0,2,2.4925,2,34.4948,2,,2,,2,,2,,2
1471.0,2,2.4926,2,34.4944,2,,2,,2,,2,,2
1472.0,2,2.4914,2,34.4947,2,,2,,2,,2,,2
1473.0,2,2.4912,2,34.4947,2,,2,,2,,2,,2
1474.0,2,2.49,2,34.4949,2,,2,,2,,2,,2
1475.0,2,2.4881,2,34.4952,2,,2,,2,,2,,2
1476.0,2,2.4865,2,34.4953,2,,2,,2,,2,,2
1477.0,2,2.4845,2,34.4957,2,,2,,2,,2,,2
1478.0,2,2.478,2,34.4965,2,,2,,2,,2,,2
1479.0,2,2.4746,2,34.4968,2,,2,,2,,2,,2
1480.0,2,2.4721,2,34.4974,2,,2,,2,,2,,2
1481.0,2,2.4695,2,34.4981,2,,2,,2,,2,,2
1482.0,2,2.4634,2,34.4991,2,,2,,2,,2,,2
1483.0,2,2.4618,2,34.4996,2,,2,,2,,2,,2
1484.0,2,2.4621,2,34.4998,2,,2,,2,,2,,2
1485.0,2,2.4621,2,34.4997,2,,2,,2,,2,,2
1486.0,2,2.4621,2,34.5,2,,2,,2,,2,,2
1487.0,2,2.4613,2,34.5003,2,,2,,2,,2,,2
1488.0,2,2.4593,2,34.5014,2,,2,,2,,2,,2
1489.0,2,2.4591,2,34.5021,2,,2,,2,,2,,2
1490.0,2,2.4579,2,34.5035,2,,2,,2,,2,,2
1491.0,2,2.4577,2,34.5037,2,,2,,2,,2,,2
1492.0,2,2.4579,2,34.5039,2,,2,,2,,2,,2
1493.0,2,2.4582,2,34.5042,2,,2,,2,,2,,2
1494.0,2,2.4582,2,34.5044,2,,2,,2,,2,,2
1495.0,2,2.458,2,34.5046,2,,2,,2,,2,,2
1496.0,2,2.4567,2,34.505,2,,2,,2,,2,,2
1497.0,2,2.455,2,34.5061,2,,2,,2,,2,,2
1498.0,2,2.4537,2,34.5065,2,,2,,2,,2,,2
1499.0,2,2.4531,2,34.5068,2,,2,,2,,2,,2
1500.0,2,2.4526,2,34.5068,2,,2,,2,,2,,2
1501.0,2,2.4522,2,34.507,2,,2,,2,,2,,2
1502.0,2,2.4519,2,34.507,2,,2,,2,,2,,2
1503.0,2,2.4507,2,34.5073,2,,2,,2,,2,,2
1504.0,2,2.4487,2,34.5077,2,,2,,2,,2,,2
1505.0,2,2.448,2,34.508,2,,2,,2,,2,,2
1506.0,2,2.4451,2,34.5085,2,,2,,2,,2,,2
1507.0,2,2.4435,2,34.5088,2,,2,,2,,2,,2
1508.0,2,2.4433,2,34.5088,2,,2,,2,,2,,2
1509.0,2,2.4433,2,34.5088,2,,2,,2,,2,,2
1510.0,2,2.4424,2,34.5088,2,,2,,2,,2,,2
1511.0,2,2.4368,2,34.509,2,,2,,2,,2,,2
1512.0,2,2.4312,2,34.5096,2,,2,,2,,2,,2
1513.0,2,2.4302,2,34.5098,2,,2,,2,,2,,2
1514.0,2,2.4275,2,34.5101,2,,2,,2,,2,,2
1515.0,2,2.4256,2,34.5104,2,,2,,2,,2,,2
1516.0,2,2.4251,2,34.5102,2,,2,,2,,2,,2
1517.0,2,2.4246,2,34.5102,2,,2,,2,,2,,2
1518.0,2,2.4244,2,34.5104,2,,2,,2,,2,,2
1519.0,2,2.4234,2,34.5103,2,,2,,2,,2,,2
1520.0,2,2.4216,2,34.5104,2,,2,,2,,2,,2
1521.0,2,2.4202,2,34.5109,2,,2,,2,,2,,2
1522.0,2,2.4194,2,34.510999999999996,2,,2,,2,,2,,2
1523.0,2,2.4189,2,34.5111,2,,2,,2,,2,,2
1524.0,2,2.4187,2,34.5112,2,,2,,2,,2,,2
1525.0,2,2.418,2,34.5113,2,,2,,2,,2,,2
1526.1,2,2.4154,2,34.5117,2,,2,,2,,2,,2
1527.4,2,2.4133,2,34.5118,2,,2,,2,,2,,2
1528.0,2,2.4126,2,34.5118,2,,2,,2,,2,,2
1529.0,2,2.4109,2,34.5119,2,,2,,2,,2,,2
1530.0,2,2.4086,2,34.5122,2,,2,,2,,2,,2
1531.0,2,2.4065,2,34.5122,2,,2,,2,,2,,2
1532.0,2,2.4022,2,34.5123,2,,2,,2,,2,,2
1533.0,2,2.3979,2,34.5132,2,,2,,2,,2,,2
1534.0,2,2.397,2,34.5132,2,,2,,2,,2,,2
1535.0,2,2.3945,2,34.5138,2,,2,,2,,2,,2
1536.0,2,2.3928,2,34.5142,2,,2,,2,,2,,2
1537.0,2,2.3922,2,34.5143,2,,2,,2,,2,,2
1538.0,2,2.3905,2,34.5146,2,,2,,2,,2,,2
1539.0,2,2.3891,2,34.5151,2,,2,,2,,2,,2
1540.0,2,2.3886,2,34.5151,2,,2,,2,,2,,2
1541.0,2,2.3875,2,34.5152,2,,2,,2,,2,,2
1542.0,2,2.3872,2,34.5153,2,,2,,2,,2,,2
1543.0,2,2.3855,2,34.5156,2,,2,,2,,2,,2
1544.0,2,2.3857,2,34.5155,2,,2,,2,,2,,2
1545.0,2,2.3851,2,34.5156,2,,2,,2,,2,,2
1546.0,2,2.3855,2,34.5155,2,,2,,2,,2,,2
1547.0,2,2.385,2,34.5155,2,,2,,2,,2,,2
1548.0,2,2.3841,2,34.5158,2,,2,,2,,2,,2
1549.0,2,2.383,2,34.516,2,,2,,2,,2,,2
1550.0,2,2.3828,2,34.516,2,,2,,2,,2,,2
1551.0,2,2.3824,2,34.5162,2,,2,,2,,2,,2
1552.0,2,2.3817,2,34.5163,2,,2,,2,,2,,2
1553.0,2,2.3806,2,34.5165,2,,2,,2,,2,,2
1554.0,2,2.3803,2,34.5165,2,,2,,2,,2,,2
1555.0,2,2.3801,2,34.5164,2,,2,,2,,2,,2
1556.0,2,2.3801,2,34.5165,2,,2,,2,,2,,2
1557.0,2,2.3801,2,34.5166,2,,2,,2,,2,,2
1558.0,2,2.3799,2,34.5167,2,,2,,2,,2,,2
1559.0,2,2.3796,2,34.5166,2,,2,,2,,2,,2
1560.0,2,2.3792,2,34.5167,2,,2,,2,,2,,2
1561.0,2,2.3794,2,34.5166,2,,2,,2,,2,,2
1562.0,2,2.3795,2,34.5167,2,,2,,2,,2,,2
1563.0,2,2.3795,2,34.5167,2,,2,,2,,2,,2
1564.0,2,2.3788,2,34.5166,2,,2,,2,,2,,2
1565.0,2,2.3779,2,34.516999999999996,2,,2,,2,,2,,2
1566.0,2,2.3765,2,34.5169,2,,2,,2,,2,,2
1567.0,2,2.3763,2,34.5172,2,,2,,2,,2,,2
1568.0,2,2.376,2,34.5171,2,,2,,2,,2,,2
1569.0,2,2.3752,2,34.5172,2,,2,,2,,2,,2
1570.0,2,2.3736,2,34.5174,2,,2,,2,,2,,2
1571.0,2,2.3731,2,34.5174,2,,2,,2,,2,,2
1572.0,2,2.371,2,34.5175,2,,2,,2,,2,,2
1573.0,2,2.3661,2,34.5182,2,,2,,2,,2,,2
1574.0,2,2.363,2,34.5186,2,,2,,2,,2,,2
1575.0,2,2.3605,2,34.5188,2,,2,,2,,2,,2
1576.0,2,2.3585,2,34.5191,2,,2,,2,,2,,2
1577.0,2,2.3578,2,34.5192,2,,2,,2,,2,,2
1578.0,2,2.358,2,34.5192,2,,2,,2,,2,,2
1579.0,2,2.3578,2,34.5192,2,,2,,2,,2,,2
1580.0,2,2.3573,2,34.5194,2,,2,,2,,2,,2
1581.0,2,2.3545,2,34.5197,2,,2,,2,,2,,2
1582.0,2,2.3503,2,34.5202,2,,2,,2,,2,,2
1583.0,2,2.3464,2,34.5207,2,,2,,2,,2,,2
1584.0,2,2.3422,2,34.5213,2,,2,,2,,2,,2
1585.0,2,2.3408,2,34.5214,2,,2,,2,,2,,2
1586.0,2,2.3394,2,34.5216,2,,2,,2,,2,,2
1587.1,2,2.3384,2,34.5219,2,,2,,2,,2,,2
1588.0,2,2.3388,2,34.5218,2,,2,,2,,2,,2
1589.0,2,2.3388,2,34.5216,2,,2,,2,,2,,2
1590.0,2,2.3381,2,34.5217,2,,2,,2,,2,,2
1591.0,2,2.3375,2,34.5217,2,,2,,2,,2,,2
1592.0,2,2.3352,2,34.5221,2,,2,,2,,2,,2
1593.0,2,2.3339,2,34.5223,2,,2,,2,,2,,2
1594.0,2,2.333,2,34.5224,2,,2,,2,,2,,2
1595.0,2,2.3309,2,34.5228,2,,2,,2,,2,,2
1596.0,2,2.3281,2,34.5232,2,,2,,2,,2,,2
1597.0,2,2.327,2,34.5233,2,,2,,2,,2,,2
1598.0,2,2.3265,2,34.5234,2,,2,,2,,2,,2
1599.0,2,2.3262,2,34.5235,2,,2,,2,,2,,2
1600.0,2,2.3259,2,34.5235,2,,2,,2,,2,,2
1601.0,2,2.3253,2,34.5238,2,,2,,2,,2,,2
1602.0,2,2.3244,2,34.5238,2,,2,,2,,2,,2
1603.0,2,2.3233,2,34.5241,2,,2,,2,,2,,2
1604.0,2,2.3218,2,34.5244,2,,2,,2,,2,,2
1605.0,2,2.3213,2,34.5244,2,,2,,2,,2,,2
1606.0,2,2.3211,2,34.5245,2,,2,,2,,2,,2
1607.0,2,2.3206,2,34.5246,2,,2,,2,,2,,2
1608.0,2,2.3202,2,34.5245,2,,2,,2,,2,,2
1609.0,2,2.32,2,34.5247,2,,2,,2,,2,,2
1610.0,2,2.3198,2,34.5246,2,,2,,2,,2,,2
1611.0,2,2.3197,2,34.5246,2,,2,,2,,2,,2
1612.0,2,2.3197,2,34.5246,2,,2,,2,,2,,2
1613.0,2,2.3193,2,34.5248,2,,2,,2,,2,,2
1614.0,2,2.3193,2,34.5248,2,,2,,2,,2,,2
1615.0,2,2.3189,2,34.525,2,,2,,2,,2,,2
1616.0,2,2.3182,2,34.5252,2,,2,,2,,2,,2
1617.0,2,2.3182,2,34.5252,2,,2,,2,,2,,2
1618.0,2,2.3181,2,34.5251,2,,2,,2,,2,,2
1619.0,2,2.3182,2,34.525,2,,2,,2,,2,,2
1620.0,2,2.3184,2,34.5251,2,,2,,2,,2,,2
1621.0,2,2.3185,2,34.5251,2,,2,,2,,2,,2
1622.0,2,2.3186,2,34.525,2,,2,,2,,2,,2
1623.0,2,2.3184,2,34.525,2,,2,,2,,2,,2
1624.0,2,2.3178,2,34.5252,2,,2,,2,,2,,2
1625.0,2,2.3166,2,34.5252,2,,2,,2,,2,,2
1626.0,2,2.3115,2,34.525999999999996,2,,2,,2,,2,,2
1627.0,2,2.3106,2,34.5262,2,,2,,2,,2,,2
1628.0,2,2.3099,2,34.5262,2,,2,,2,,2,,2
1629.0,2,2.3068,2,34.5266,2,,2,,2,,2,,2
1630.0,2,2.3024,2,34.5273,2,,2,,2,,2,,2
1631.0,2,2.2907,2,34.5285,2,,2,,2,,2,,2
1632.0,2,2.2832,2,34.5288,2,,2,,2,,2,,2
1633.0,2,2.2814,2,34.529,2,,2,,2,,2,,2
1634.0,2,2.2812,2,34.5292,2,,2,,2,,2,,2
1635.0,2,2.2813,2,34.5292,2,,2,,2,,2,,2
1636.0,2,2.2804,2,34.5293,2,,2,,2,,2,,2
1637.0,2,2.2786,2,34.5297,2,,2,,2,,2,,2
1637.9,2,2.2775,2,34.5298,2,,2,,2,,2,,2
1639.0,2,2.2762,2,34.5302,2,,2,,2,,2,,2
1640.0,2,2.275,2,34.5309,2,,2,,2,,2,,2
1641.0,2,2.2738,2,34.5312,2,,2,,2,,2,,2
1642.0,2,2.2733,2,34.5313,2,,2,,2,,2,,2
1643.0,2,2.2719,2,34.5316,2,,2,,2,,2,,2
1644.0,2,2.2716,2,34.5318,2,,2,,2,,2,,2
1645.0,2,2.2717,2,34.5317,2,,2,,2,,2,,2
1646.0,2,2.2716,2,34.5316,2,,2,,2,,2,,2
1647.0,2,2.2716,2,34.5317,2,,2,,2,,2,,2
1648.0,2,2.2721,2,34.5319,2,,2,,2,,2,,2
1649.0,2,2.2729,2,34.532,2,,2,,2,,2,,2
1650.0,2,2.2729,2,34.5321,2,,2,,2,,2,,2
1651.0,2,2.2729,2,34.5321,2,,2,,2,,2,,2
1652.0,2,2.2732,2,34.532,2,,2,,2,,2,,2
1653.0,2,2.2734,2,34.532,2,,2,,2,,2,,2
1654.0,2,2.2731,2,34.5321,2,,2,,2,,2,,2
1655.0,2,2.273,2,34.5322,2,,2,,2,,2,,2
1656.0,2,2.273,2,34.5322,2,,2,,2,,2,,2
1657.0,2,2.273,2,34.5321,2,,2,,2,,2,,2
1658.0,2,2.273,2,34.5323,2,,2,,2,,2,,2
1658.9,2,2.273,2,34.5323,2,,2,,2,,2,,2
1660.0,2,2.271,2,34.5325,2,,2,,2,,2,,2
1661.0,2,2.2652,2,34.5329,2,,2,,2,,2,,2
1662.0,2,2.2647,2,34.5328,2,,2,,2,,2,,2
1663.0,2,2.2629,2,34.5327,2,,2,,2,,2,,2
1663.8,2,2.2615,2,34.533,2,,2,,2,,2,,2
1665.2,2,2.26,2,34.5329,2,,2,,2,,2,,2
1666.0,2,2.2601,2,34.5329,2,,2,,2,,2,,2
1667.0,2,2.2588,2,34.533,2,,2,,2,,2,,2
1668.0,2,2.2577,2,34.533,2,,2,,2,,2,,2
1669.0,2,2.2573,2,34.533,2,,2,,2,,2,,2
1670.0,2,2.2561,2,34.533,2,,2,,2,,2,,2
1671.0,2,2.2563,2,34.533,2,,2,,2,,2,,2
1672.0,2,2.2562,2,34.5331,2,,2,,2,,2,,2
1673.0,2,2.2564,2,34.5331,2,,2,,2,,2,,2
1674.0,2,2.2564,2,34.5331,2,,2,,2,,2,,2
1675.0,2,2.2552,2,34.533,2,,2,,2,,2,,2
1676.0,2,2.2532,2,34.5329,2,,2,,2,,2,,2
1677.0,2,2.2508,2,34.5329,2,,2,,2,,2,,2
1678.0,2,2.2483,2,34.5331,2,,2,,2,,2,,2
1679.0,2,2.2463,2,34.5328,2,,2,,2,,2,,2
1680.0,2,2.244,2,34.5328,2,,2,,2,,2,,2
1681.0,2,2.2425,2,34.5328,2,,2,,2,,2,,2
1682.0,2,2.2385,2,34.5329,2,,2,,2,,2,,2
1683.0,2,2.2315,2,34.5339,2,,2,,2,,2,,2
1684.0,2,2.2311,2,34.534,2,,2,,2,,2,,2
1685.0,2,2.2319999999999998,2,34.5341,2,,2,,2,,2,,2
1686.0,2,2.2319,2,34.5342,2,,2,,2,,2,,2
1687.0,2,2.2319999999999998,2,34.5343,2,,2,,2,,2,,2
1688.0,2,2.2323,2,34.5345,2,,2,,2,,2,,2
1689.0,2,2.2318,2,34.5346,2,,2,,2,,2,,2
1690.0,2,2.2283,2,34.5354,2,,2,,2,,2,,2
1691.0,2,2.2271,2,34.5356,2,,2,,2,,2,,2
1692.0,2,2.2230000000000003,2,34.5357,2,,2,,2,,2,,2
1693.0,2,2.2199,2,34.5357,2,,2,,2,,2,,2
1694.0,2,2.2187,2,34.5356,2,,2,,2,,2,,2
1695.0,2,2.2182,2,34.5356,2,,2,,2,,2,,2
1696.0,2,2.2173,2,34.5357,2,,2,,2,,2,,2
1697.0,2,2.215,2,34.536,2,,2,,2,,2,,2
1698.0,2,2.214,2,34.5361,2,,2,,2,,2,,2
1699.0,2,2.2134,2,34.5361,2,,2,,2,,2,,2
1700.0,2,2.2128,2,34.5361,2,,2,,2,,2,,2
1701.0,2,2.2125,2,34.5362,2,,2,,2,,2,,2
1702.0,2,2.2117,2,34.5364,2,,2,,2,,2,,2
1703.0,2,2.2112,2,34.5368,2,,2,,2,,2,,2
1704.0,2,2.2102,2,34.5368,2,,2,,2,,2,,2
1705.0,2,2.2074,2,34.5368,2,,2,,2,,2,,2
1706.0,2,2.206,2,34.5371,2,,2,,2,,2,,2
1707.0,2,2.2048,2,34.5373,2,,2,,2,,2,,2
1708.0,2,2.2025,2,34.5376,2,,2,,2,,2,,2
1709.0,2,2.2019,2,34.5377,2,,2,,2,,2,,2
1710.0,2,2.2014,2,34.5378,2,,2,,2,,2,,2
1711.0,2,2.2011,2,34.5378,2,,2,,2,,2,,2
1712.0,2,2.201,2,34.5378,2,,2,,2,,2,,2
1713.0,2,2.2007,2,34.538000000000004,2,,2,,2,,2,,2
1714.0,2,2.2006,2,34.538000000000004,2,,2,,2,,2,,2
1715.0,2,2.2004,2,34.538000000000004,2,,2,,2,,2,,2
1716.0,2,2.2004,2,34.538000000000004,2,,2,,2,,2,,2
1717.0,2,2.2005,2,34.538000000000004,2,,2,,2,,2,,2
1718.0,2,2.1999,2,34.5381,2,,2,,2,,2,,2
1719.0,2,2.1993,2,34.5383,2,,2,,2,,2,,2
1720.0,2,2.1993,2,34.5383,2,,2,,2,,2,,2
1721.0,2,2.1991,2,34.5383,2,,2,,2,,2,,2
1722.0,2,2.1989,2,34.5384,2,,2,,2,,2,,2
1723.0,2,2.1989,2,34.5384,2,,2,,2,,2,,2
1724.0,2,2.199,2,34.5385,2,,2,,2,,2,,2
1725.0,2,2.1988,2,34.5384,2,,2,,2,,2,,2
1726.0,2,2.1987,2,34.5385,2,,2,,2,,2,,2
1727.0,2,2.1987,2,34.5384,2,,2,,2,,2,,2
1728.0,2,2.1959,2,34.5388,2,,2,,2,,2,,2
1729.0,2,2.194,2,34.5392,2,,2,,2,,2,,2
1730.0,2,2.1935,2,34.5392,2,,2,,2,,2,,2
1731.0,2,2.1932,2,34.5393,2,,2,,2,,2,,2
1732.0,2,2.1924,2,34.5396,2,,2,,2,,2,,2
1733.0,2,2.1914,2,34.5398,2,,2,,2,,2,,2
1734.2,2,2.1905,2,34.5399,2,,2,,2,,2,,2
1735.0,2,2.1901,2,34.5398,2,,2,,2,,2,,2
1736.0,2,2.1895,2,34.54,2,,2,,2,,2,,2
1737.0,2,2.1873,2,34.5403,2,,2,,2,,2,,2
1738.0,2,2.1857,2,34.5406,2,,2,,2,,2,,2
1739.0,2,2.1848,2,34.5408,2,,2,,2,,2,,2
1740.0,2,2.184,2,34.541,2,,2,,2,,2,,2
1741.0,2,2.1829,2,34.5413,2,,2,,2,,2,,2
1742.0,2,2.1827,2,34.5414,2,,2,,2,,2,,2
1743.0,2,2.1826,2,34.5413,2,,2,,2,,2,,2
1744.0,2,2.1811,2,34.5416,2,,2,,2,,2,,2
1745.0,2,2.1788,2,34.542,2,,2,,2,,2,,2
1746.0,2,2.1766,2,34.5426,2,,2,,2,,2,,2
1747.0,2,2.1729,2,34.5431,2,,2,,2,,2,,2
1748.0,2,2.1701,2,34.5435,2,,2,,2,,2,,2
1749.0,2,2.1649,2,34.5445,2,,2,,2,,2,,2
1750.0,2,2.1608,2,34.5452,2,,2,,2,,2,,2
1751.0,2,2.1590000000000003,2,34.5455,2,,2,,2,,2,,2
1752.0,2,2.1588,2,34.5452,2,,2,,2,,2,,2
1753.0,2,2.1586,2,34.5453,2,,2,,2,,2,,2
1754.0,2,2.1577,2,34.5458,2,,2,,2,,2,,2
1755.0,2,2.157,2,34.5459,2,,2,,2,,2,,2
1756.0,2,2.1565,2,34.546,2,,2,,2,,2,,2
1757.0,2,2.1568,2,34.5461,2,,2,,2,,2,,2
1758.0,2,2.157,2,34.546,2,,2,,2,,2,,2
1759.0,2,2.1565,2,34.5461,2,,2,,2,,2,,2
1760.0,2,2.1553,2,34.5463,2,,2,,2,,2,,2
1761.0,2,2.1534,2,34.5467,2,,2,,2,,2,,2
1762.0,2,2.1517,2,34.5471,2,,2,,2,,2,,2
1763.0,2,2.1513,2,34.5471,2,,2,,2,,2,,2
1764.0,2,2.1512,2,34.5469,2,,2,,2,,2,,2
1765.0,2,2.1478,2,34.5475,2,,2,,2,,2,,2
1766.0,2,2.1467,2,34.5477,2,,2,,2,,2,,2
1767.0,2,2.1466,2,34.5477,2,,2,,2,,2,,2
1768.0,2,2.1463,2,34.5479,2,,2,,2,,2,,2
1769.0,2,2.1445,2,34.5481,2,,2,,2,,2,,2
1770.0,2,2.1441,2,34.5481,2,,2,,2,,2,,2
1771.0,2,2.1439,2,34.5482,2,,2,,2,,2,,2
1772.0,2,2.1438,2,34.5483,2,,2,,2,,2,,2
1773.0,2,2.1435,2,34.5483,2,,2,,2,,2,,2
1774.0,2,2.142,2,34.5486,2,,2,,2,,2,,2
1775.0,2,2.1412,2,34.5487,2,,2,,2,,2,,2
1776.0,2,2.1406,2,34.5489,2,,2,,2,,2,,2
1777.0,2,2.1397,2,34.549,2,,2,,2,,2,,2
1778.0,2,2.1384,2,34.5493,2,,2,,2,,2,,2
1779.0,2,2.1368,2,34.5496,2,,2,,2,,2,,2
1780.0,2,2.1354,2,34.5498,2,,2,,2,,2,,2
1781.0,2,2.1351,2,34.5499,2,,2,,2,,2,,2
1782.0,2,2.1344,2,34.55,2,,2,,2,,2,,2
1783.0,2,2.1337,2,34.5502,2,,2,,2,,2,,2
1784.0,2,2.1328,2,34.5502,2,,2,,2,,2,,2
1785.0,2,2.1316,2,34.5505,2,,2,,2,,2,,2
1786.0,2,2.1304,2,34.5508,2,,2,,2,,2,,2
1787.0,2,2.1294,2,34.5509,2,,2,,2,,2,,2
1788.0,2,2.1287,2,34.551,2,,2,,2,,2,,2
1789.0,2,2.1278,2,34.5511,2,,2,,2,,2,,2
1790.0,2,2.1267,2,34.5514,2,,2,,2,,2,,2
1791.0,2,2.126,2,34.5516,2,,2,,2,,2,,2
1792.0,2,2.1249,2,34.5517,2,,2,,2,,2,,2
1793.0,2,2.124,2,34.5519,2,,2,,2,,2,,2
1794.0,2,2.1238,2,34.552,2,,2,,2,,2,,2
1795.0,2,2.1234,2,34.5519,2,,2,,2,,2,,2
1796.0,2,2.1227,2,34.5521,2,,2,,2,,2,,2
1797.0,2,2.1223,2,34.5522,2,,2,,2,,2,,2
1798.0,2,2.122,2,34.5523,2,,2,,2,,2,,2
1799.0,2,2.122,2,34.5524,2,,2,,2,,2,,2
1800.0,2,2.122,2,34.5523,2,,2,,2,,2,,2
1801.0,2,2.1219,2,34.5524,2,,2,,2,,2,,2
1802.0,2,2.1219,2,34.5524,2,,2,,2,,2,,2
1803.0,2,2.1219,2,34.5523,2,,2,,2,,2,,2
1804.0,2,2.1217,2,34.5525,2,,2,,2,,2,,2
1805.0,2,2.121,2,34.5525,2,,2,,2,,2,,2
1806.0,2,2.1207,2,34.5527,2,,2,,2,,2,,2
1807.0,2,2.1207,2,34.5528,2,,2,,2,,2,,2
1808.0,2,2.1204,2,34.5529,2,,2,,2,,2,,2
1809.0,2,2.1202,2,34.5528,2,,2,,2,,2,,2
1810.0,2,2.1205,2,34.5528,2,,2,,2,,2,,2
1811.0,2,2.1202,2,34.5528,2,,2,,2,,2,,2
1812.0,2,2.1199,2,34.5528,2,,2,,2,,2,,2
1813.0,2,2.1195,2,34.553000000000004,2,,2,,2,,2,,2
1814.0,2,2.1189,2,34.553000000000004,2,,2,,2,,2,,2
1815.0,2,2.115,2,34.5537,2,,2,,2,,2,,2
1816.0,2,2.1114,2,34.5544,2,,2,,2,,2,,2
1817.0,2,2.1093,2,34.5548,2,,2,,2,,2,,2
1818.0,2,2.1092,2,34.5548,2,,2,,2,,2,,2
1819.0,2,2.109,2,34.5549,2,,2,,2,,2,,2
1820.0,2,2.1087,2,34.555,2,,2,,2,,2,,2
1821.0,2,2.1085,2,34.555,2,,2,,2,,2,,2
1822.0,2,2.1084,2,34.5549,2,,2,,2,,2,,2
1823.0,2,2.1078,2,34.5552,2,,2,,2,,2,,2
1824.0,2,2.1072,2,34.5553,2,,2,,2,,2,,2
1825.0,2,2.106,2,34.5554,2,,2,,2,,2,,2
1826.0,2,2.1041,2,34.5558,2,,2,,2,,2,,2
1827.0,2,2.1007,2,34.5564,2,,2,,2,,2,,2
1828.0,2,2.0973,2,34.5571,2,,2,,2,,2,,2
1829.0,2,2.095,2,34.5573,2,,2,,2,,2,,2
1830.0,2,2.0934,2,34.5577,2,,2,,2,,2,,2
1831.0,2,2.0928,2,34.5579,2,,2,,2,,2,,2
1832.0,2,2.0928,2,34.5578,2,,2,,2,,2,,2
1833.0,2,2.0927,2,34.5578,2,,2,,2,,2,,2
1834.0,2,2.0926,2,34.5579,2,,2,,2,,2,,2
1835.0,2,2.0921,2,34.558,2,,2,,2,,2,,2
1836.0,2,2.0907,2,34.5584,2,,2,,2,,2,,2
1837.0,2,2.09,2,34.5585,2,,2,,2,,2,,2
1838.0,2,2.0898,2,34.5585,2,,2,,2,,2,,2
1839.0,2,2.0895,2,34.5585,2,,2,,2,,2,,2
1840.0,2,2.088,2,34.5588,2,,2,,2,,2,,2
1841.0,2,2.0877,2,34.5589,2,,2,,2,,2,,2
1842.0,2,2.0869999999999997,2,34.559,2,,2,,2,,2,,2
1843.0,2,2.0866,2,34.5591,2,,2,,2,,2,,2
1844.0,2,2.0863,2,34.5591,2,,2,,2,,2,,2
1845.0,2,2.0863,2,34.5591,2,,2,,2,,2,,2
1846.0,2,2.0858,2,34.5592,2,,2,,2,,2,,2
1847.0,2,2.0858,2,34.5593,2,,2,,2,,2,,2
1848.0,2,2.0857,2,34.5593,2,,2,,2,,2,,2
1849.0,2,2.0848,2,34.5595,2,,2,,2,,2,,2
1850.0,2,2.0837,2,34.5597,2,,2,,2,,2,,2
1851.0,2,2.0832,2,34.5597,2,,2,,2,,2,,2
1852.0,2,2.0826,2,34.5599,2,,2,,2,,2,,2
1853.0,2,2.0821,2,34.56,2,,2,,2,,2,,2
1854.0,2,2.0818,2,34.5601,2,,2,,2,,2,,2
1855.0,2,2.0812,2,34.5601,2,,2,,2,,2,,2
1856.0,2,2.0802,2,34.5604,2,,2,,2,,2,,2
1857.0,2,2.0795,2,34.5605,2,,2,,2,,2,,2
1858.0,2,2.0793,2,34.5607,2,,2,,2,,2,,2
1859.0,2,2.079,2,34.5606,2,,2,,2,,2,,2
1860.0,2,2.0784,2,34.5608,2,,2,,2,,2,,2
1861.0,2,2.0785,2,34.5608,2,,2,,2,,2,,2
1862.0,2,2.0785,2,34.5609,2,,2,,2,,2,,2
1863.0,2,2.0785,2,34.5607,2,,2,,2,,2,,2
1864.0,2,2.0782,2,34.5609,2,,2,,2,,2,,2
1865.0,2,2.0781,2,34.5609,2,,2,,2,,2,,2
1866.0,2,2.0779,2,34.561,2,,2,,2,,2,,2
1867.0,2,2.0778,2,34.561,2,,2,,2,,2,,2
1868.0,2,2.0779,2,34.5611,2,,2,,2,,2,,2
1869.0,2,2.0772,2,34.5611,2,,2,,2,,2,,2
1870.0,2,2.0749,2,34.5615,2,,2,,2,,2,,2
1871.0,2,2.0733,2,34.5619,2,,2,,2,,2,,2
1872.0,2,2.0728,2,34.562,2,,2,,2,,2,,2
1873.0,2,2.0727,2,34.562,2,,2,,2,,2,,2
1874.0,2,2.0722,2,34.5621,2,,2,,2,,2,,2
1875.0,2,2.0712,2,34.5623,2,,2,,2,,2,,2
1876.0,2,2.0698,2,34.5626,2,,2,,2,,2,,2
1877.0,2,2.0692,2,34.5627,2,,2,,2,,2,,2
1878.0,2,2.0691,2,34.5628,2,,2,,2,,2,,2
1879.0,2,2.0681,2,34.5629,2,,2,,2,,2,,2
1880.0,2,2.0658,2,34.5633,2,,2,,2,,2,,2
1881.0,2,2.065,2,34.5635,2,,2,,2,,2,,2
1882.0,2,2.0636,2,34.5637,2,,2,,2,,2,,2
1883.0,2,2.062,2,34.5641,2,,2,,2,,2,,2
1884.0,2,2.062,2,34.5641,2,,2,,2,,2,,2
1885.0,2,2.0619,2,34.5641,2,,2,,2,,2,,2
1886.0,2,2.0608,2,34.5643,2,,2,,2,,2,,2
1887.0,2,2.0594,2,34.5646,2,,2,,2,,2,,2
1888.0,2,2.0571,2,34.5651,2,,2,,2,,2,,2
1889.0,2,2.0566,2,34.5651,2,,2,,2,,2,,2
1890.0,2,2.0564,2,34.5651,2,,2,,2,,2,,2
1891.0,2,2.0562,2,34.5653,2,,2,,2,,2,,2
1892.0,2,2.0556,2,34.5653,2,,2,,2,,2,,2
1893.0,2,2.055,2,34.5655,2,,2,,2,,2,,2
1894.0,2,2.0508,2,34.5662,2,,2,,2,,2,,2
1895.0,2,2.0497,2,34.5663,2,,2,,2,,2,,2
1896.0,2,2.0495,2,34.5664,2,,2,,2,,2,,2
1897.0,2,2.0496,2,34.5665,2,,2,,2,,2,,2
1898.0,2,2.0495,2,34.5665,2,,2,,2,,2,,2
1899.0,2,2.0496,2,34.5665,2,,2,,2,,2,,2
1900.0,2,2.0494,2,34.5665,2,,2,,2,,2,,2
1901.0,2,2.048,2,34.5667,2,,2,,2,,2,,2
1902.0,2,2.0466,2,34.567,2,,2,,2,,2,,2
1903.0,2,2.0462,2,34.567,2,,2,,2,,2,,2
1904.0,2,2.0459,2,34.5672,2,,2,,2,,2,,2
1905.0,2,2.0457,2,34.5672,2,,2,,2,,2,,2
1906.0,2,2.0458,2,34.5672,2,,2,,2,,2,,2
1907.0,2,2.0455,2,34.5673,2,,2,,2,,2,,2
1908.0,2,2.0455,2,34.5673,2,,2,,2,,2,,2
1909.0,2,2.0455,2,34.5673,2,,2,,2,,2,,2
1910.0,2,2.0454,2,34.5673,2,,2,,2,,2,,2
1911.0,2,2.0454,2,34.5674,2,,2,,2,,2,,2
1912.0,2,2.0456,2,34.5674,2,,2,,2,,2,,2
1913.0,2,2.0457,2,34.5674,2,,2,,2,,2,,2
1914.0,2,2.0458,2,34.5673,2,,2,,2,,2,,2
1915.0,2,2.0458,2,34.5673,2,,2,,2,,2,,2
1916.0,2,2.0454,2,34.5675,2,,2,,2,,2,,2
1917.0,2,2.0449,2,34.5676,2,,2,,2,,2,,2
1918.0,2,2.0441,2,34.5677,2,,2,,2,,2,,2
1919.0,2,2.0435,2,34.5678,2,,2,,2,,2,,2
1920.0,2,2.0419,2,34.5681,2,,2,,2,,2,,2
1921.0,2,2.0414,2,34.5682,2,,2,,2,,2,,2
1922.0,2,2.04,2,34.5685,2,,2,,2,,2,,2
1923.0,2,2.0391,2,34.5686,2,,2,,2,,2,,2
1924.0,2,2.0389,2,34.5687,2,,2,,2,,2,,2
1925.0,2,2.0388,2,34.5688,2,,2,,2,,2,,2
1926.0,2,2.0389,2,34.5688,2,,2,,2,,2,,2
1927.0,2,2.0386,2,34.5688,2,,2,,2,,2,,2
1928.0,2,2.0380000000000003,2,34.5689,2,,2,,2,,2,,2
1929.0,2,2.037,2,34.5691,2,,2,,2,,2,,2
1930.0,2,2.0366,2,34.5692,2,,2,,2,,2,,2
1931.0,2,2.0361,2,34.5693,2,,2,,2,,2,,2
1932.0,2,2.0358,2,34.5694,2,,2,,2,,2,,2
1933.0,2,2.0356,2,34.5693,2,,2,,2,,2,,2
1934.0,2,2.0356,2,34.5694,2,,2,,2,,2,,2
1935.0,2,2.0352,2,34.5695,2,,2,,2,,2,,2
1936.0,2,2.0349,2,34.5696,2,,2,,2,,2,,2
1937.0,2,2.0346,2,34.5697,2,,2,,2,,2,,2
1938.0,2,2.0338,2,34.5698,2,,2,,2,,2,,2
1939.0,2,2.0336,2,34.5698,2,,2,,2,,2,,2
1940.0,2,2.0333,2,34.5699,2,,2,,2,,2,,2
1941.0,2,2.0324,2,34.5701,2,,2,,2,,2,,2
1942.0,2,2.0308,2,34.5704,2,,2,,2,,2,,2
1943.0,2,2.0301,2,34.5704,2,,2,,2,,2,,2
1944.0,2,2.0295,2,34.5707,2,,2,,2,,2,,2
1945.0,2,2.0294,2,34.5707,2,,2,,2,,2,,2
1946.0,2,2.0291,2,34.5708,2,,2,,2,,2,,2
1947.0,2,2.0288,2,34.5708,2,,2,,2,,2,,2
1948.0,2,2.029,2,34.5708,2,,2,,2,,2,,2
1949.0,2,2.0288,2,34.5709,2,,2,,2,,2,,2
1950.0,2,2.0275,2,34.5711,2,,2,,2,,2,,2
1951.0,2,2.0259,2,34.5714,2,,2,,2,,2,,2
1952.0,2,2.0249,2,34.5715,2,,2,,2,,2,,2
1953.0,2,2.0248,2,34.5716,2,,2,,2,,2,,2
1954.0,2,2.0244,2,34.5717,2,,2,,2,,2,,2
1955.0,2,2.0233,2,34.5718,2,,2,,2,,2,,2
1956.0,2,2.0226,2,34.571999999999996,2,,2,,2,,2,,2
1957.0,2,2.0218,2,34.5721,2,,2,,2,,2,,2
1958.0,2,2.0212,2,34.5723,2,,2,,2,,2,,2
1959.0,2,2.0207,2,34.5724,2,,2,,2,,2,,2
1960.1,2,2.0205,2,34.5726,2,,2,,2,,2,,2
1960.9,2,2.0202,2,34.5725,2,,2,,2,,2,,2
1962.0,2,2.0201,2,34.5726,2,,2,,2,,2,,2
1963.0,2,2.0196,2,34.5727,2,,2,,2,,2,,2
1964.0,2,2.019,2,34.5729,2,,2,,2,,2,,2
1965.0,2,2.0180000000000002,2,34.5731,2,,2,,2,,2,,2
1966.0,2,2.0175,2,34.573,2,,2,,2,,2,,2
1967.0,2,2.0171,2,34.5732,2,,2,,2,,2,,2
1968.0,2,2.0169,2,34.5731,2,,2,,2,,2,,2
1969.0,2,2.0165,2,34.5732,2,,2,,2,,2,,2
1970.0,2,2.0161,2,34.5734,2,,2,,2,,2,,2
1971.0,2,2.0151,2,34.5736,2,,2,,2,,2,,2
1972.0,2,2.0141,2,34.5737,2,,2,,2,,2,,2
1973.0,2,2.0125,2,34.574,2,,2,,2,,2,,2
1974.0,2,2.0114,2,34.5742,2,,2,,2,,2,,2
1975.0,2,2.0108,2,34.5744,2,,2,,2,,2,,2
1976.0,2,2.0101,2,34.5744,2,,2,,2,,2,,2
1977.0,2,2.0083,2,34.5749,2,,2,,2,,2,,2
1978.0,2,2.0061,2,34.5752,2,,2,,2,,2,,2
1979.0,2,2.005,2,34.5754,2,,2,,2,,2,,2
1980.0,2,2.0041,2,34.5756,2,,2,,2,,2,,2
1981.0,2,2.0032,2,34.5757,2,,2,,2,,2,,2
1982.0,2,2.0017,2,34.576,2,,2,,2,,2,,2
1983.0,2,2.0003,2,34.5764,2,,2,,2,,2,,2
1984.0,2,1.9987,2,34.5766,2,,2,,2,,2,,2
1985.0,2,1.9977,2,34.5768,2,,2,,2,,2,,2
1986.0,2,1.9968,2,34.577,2,,2,,2,,2,,2
1987.0,2,1.9956,2,34.5771,2,,2,,2,,2,,2
1988.0,2,1.9937,2,34.5776,2,,2,,2,,2,,2
1989.0,2,1.9922,2,34.5778,2,,2,,2,,2,,2
1990.0,2,1.9908,2,34.578,2,,2,,2,,2,,2
1991.0,2,1.9892,2,34.5785,2,,2,,2,,2,,2
1992.0,2,1.9891,2,34.5785,2,,2,,2,,2,,2
1993.0,2,1.9882,2,34.5786,2,,2,,2,,2,,2
1994.0,2,1.9877,2,34.5787,2,,2,,2,,2,,2
1995.0,2,1.9864,2,34.579,2,,2,,2,,2,,2
1996.0,2,1.9858,2,34.5791,2,,2,,2,,2,,2
1997.0,2,1.9856,2,34.5792,2,,2,,2,,2,,2
1998.0,2,1.9853,2,34.5792,2,,2,,2,,2,,2
1999.0,2,1.9851,2,34.5793,2,,2,,2,,2,,2
2000.0,2,1.9851,2,34.5792,2,,2,,2,,2,,2
2001.0,2,1.9851,2,34.5793,2,,2,,2,,2,,2
2002.0,2,1.9851,2,34.5794,2,,2,,2,,2,,2
2003.0,2,1.985,2,34.5794,2,,2,,2,,2,,2
2003.7,2,1.9852,2,34.5793,2,,2,,2,,2,,2
2005.0,2,1.9853,2,34.5791,2,,2,,2,,2,,2
END_DATA
