CTD,20190304CCHSIOLMM
#---------------------------------------------------------------------------------------------------,,,,,,,,,,,,,,,,
#Fluorescence - Transmissivity and PAR data are nominal and unedited except that some records were removed in editing temperature and salinity.,,,,,,,,,,,,,,,,
#---------------------------------------------------------------------------------------------------,,,,,,,,,,,,,,,,
#COMMENTS FOR CASTS 0001 TO 0032,,,,,,,,,,,,,,,,
#CTD Serial Number 0506; SBE Dissolved Oxygen sensor Serial Number 1176.,,,,,,,,,,,,,,,,
#,,,,,,,,,,,,,,,,
#As has been noted from several other cruises using Oxygen:Dissolved:CTD sensor #1176 in the summer 2010 the data are odd for some casts (casts 0022 to 0032) with concentration values offset by approximately 0.24 ml/l from the normal-looking casts and a higher noise level in the raw oxygen voltage.,,,,,,,,,,,,,,,,
#Data were recalibrated to correct for this offset but there were only 3 casts with titrated dissolved oxygen samples for the normal casts and 1 from the odd casts.,,,,,,,,,,,,,,,,
#Establishing which casts require the special recalibration was based on the noise level in the Oxygen:Dissolved:CTD voltage and information from other cruises was used to recalibrate the odd casts.,,,,,,,,,,,,,,,,
#,,,,,,,,,,,,,,,,
#The quality of the Oxygen:Dissolved:CTD calibration is considered lower than usual and there are insufficient data to make precision estimates. ,,,,,,,,,,,,,,,,
#,,,,,,,,,,,,,,,,
#---------------------------------------------------------------------------------------------------,,,,,,,,,,,,,,,,
#COMMENTS FOR CASTS 0036 TO 0129,,,,,,,,,,,,,,,,
#CTD Serial Number 0443; SBE Dissolved Oxygen sensor Serial Number 1483.,,,,,,,,,,,,,,,,
#,,,,,,,,,,,,,,,,
#There are only 3 casts with titrated dissolved oxygen samples that could be compared to the Oxygen:Dissolved:CTD data for sensor #1438 and 1 of them looked significantly different in the comparison from the other 2. ,,,,,,,,,,,,,,,,
#Recalibration of dissolved oxygen was based on the 2 casts that looked similar.,,,,,,,,,,,,,,,,
#There are insufficient data to make a precision estimate.,,,,,,,,,,,,,,,,
#,,,,,,,,,,,,,,,,
#For Oxygen:Dissolved:CTD sensor #1438 values below 2200 dbar were replaced by pad values because there is evidence of significant hysteresis.,,,,,,,,,,,,,,,,
#The Salinity:Practical data from CTD #0443 showed evidence of flow rate problems in the top 200 dbar; the two-sided noise caused by that was minimized by bin-averaging.,,,,,,,,,,,,,,,,
#,,,,,,,,,,,,,,,,
#***********************************************************************,,,,,,,,,,,,,,,,
#In June 2011 it was discovered that the wrong information was used for conversion of the Oxygen:Dissolved:CTD sensor data for CTD #0443.,,,,,,,,,,,,,,,,
#Sensor #1483 was actually used for this cruise.,,,,,,,,,,,,,,,,
#,,,,,,,,,,,,,,,,
#The Oxygen:Dissolved:CTD channel was reprocessed. ,,,,,,,,,,,,,,,,
#A new recalibration scheme was found by rerunning the bottle comparison. ,,,,,,,,,,,,,,,,
#The files were then merged with all the other channels from the original processing.,,,,,,,,,,,,,,,,
#,,,,,,,,,,,,,,,,
#The hysteresis noted in the original processing remains and the quality of the data is still considered of lower quality than usual.,,,,,,,,,,,,,,,,
#,,,,,,,,,,,,,,,,
#Note that the correct calibration information for the Oxygen:Dissolved:CTD sensor can be found at the end of the processing report along with detail about how the reprocessing was done.,,,,,,,,,,,,,,,,
#,,,,,,,,,,,,,,,,
#---------------------------------------------------------------------------------------------------,,,,,,,,,,,,,,,,
#For details on the processing see file 2010-14-proc.pdf.,,,,,,,,,,,,,,,,
#---------------------------------------------------------------------------------------------------,,,,,,,,,,,,,,,,
#,,,,,,,,,,,,,,,,
#File Name,Zone,FIL:START TIME YYYY/MM/DD, HH:MM,LOC:EVENT_NUMBER,LOC:LATITUDE,LOC:LONGITUDE,LOC:STATION,Pressure:CTD [dbar],Temperature:CTD [deg_C_(ITS90)],Salinity:Practical:CTD [PSS-78],Sigma-t:CTD [kg/m^3],Transmissivity:CTD [*/m],Oxygen:Dissolved:CTD:Volume [ml/l],Oxygen:Dissolved:CTD:Mass [µmol/kg],Fluorescence:CTD [mg/m^3],PAR:CTD [µE/m^2/sec]
#,,,,,,,,,,,,,,,,
NUMBER_HEADERS = 8
EXPOCODE = 18DD20100817
STNBR = P15
CASTNO = 1
DATE = 23/08/2010
TIME =  15:25
LATITUDE = 49.1985
LONGITUDE = -133.664
CTDPRS,CTDPRS_FLAG_W,CTDTMP,CTDTMP_FLAG_W,CTDSAL,CTDSAL_FLAG_W,CTDOXY,CTDOXY_FLAG_W,CTDXMISS,CTDXMISS_FLAG_W,CTDFLUOR,CTDFLUOR_FLAG_W,PAR,PAR_FLAG_W
DBAR,,ITS-90,,PSS-78,,UMOL/KG,,,,MG/M^3,,UE/m^2/sec,
2.2,2,15.3444,2,32.433,2,,2,,2,,2,,2
2.9,2,15.3444,2,32.4331,2,,2,,2,,2,,2
4.0,2,15.3447,2,32.4331,2,,2,,2,,2,,2
5.0,2,15.3445,2,32.4331,2,,2,,2,,2,,2
6.0,2,15.3443,2,32.4333,2,,2,,2,,2,,2
7.0,2,15.3438,2,32.4332,2,,2,,2,,2,,2
8.0,2,15.343,2,32.4331,2,,2,,2,,2,,2
9.0,2,15.3431,2,32.4331,2,,2,,2,,2,,2
10.0,2,15.3432,2,32.433,2,,2,,2,,2,,2
11.0,2,15.3427,2,32.4332,2,,2,,2,,2,,2
12.0,2,15.3428,2,32.4331,2,,2,,2,,2,,2
13.0,2,15.342,2,32.4332,2,,2,,2,,2,,2
14.0,2,15.3405,2,32.4334,2,,2,,2,,2,,2
15.0,2,15.3398,2,32.4336,2,,2,,2,,2,,2
16.0,2,15.3391,2,32.4337,2,,2,,2,,2,,2
17.0,2,15.3386,2,32.4339,2,,2,,2,,2,,2
18.0,2,15.3375,2,32.4337,2,,2,,2,,2,,2
19.0,2,15.3372,2,32.4338,2,,2,,2,,2,,2
20.0,2,15.3309,2,32.4338,2,,2,,2,,2,,2
21.0,2,15.3132,2,32.4333,2,,2,,2,,2,,2
22.0,2,15.2601,2,32.4309,2,,2,,2,,2,,2
23.0,2,15.204,2,32.4292,2,,2,,2,,2,,2
24.0,2,15.1882,2,32.4299,2,,2,,2,,2,,2
25.0,2,15.1791,2,32.4308,2,,2,,2,,2,,2
26.0,2,15.169,2,32.4335,2,,2,,2,,2,,2
27.0,2,15.1543,2,32.4404,2,,2,,2,,2,,2
28.0,2,15.1078,2,32.4546,2,,2,,2,,2,,2
29.0,2,15.0663,2,32.4584,2,,2,,2,,2,,2
30.0,2,15.0464,2,32.4597,2,,2,,2,,2,,2
31.0,2,15.023,2,32.4595,2,,2,,2,,2,,2
32.0,2,14.9808,2,32.4605,2,,2,,2,,2,,2
33.0,2,14.8765,2,32.461,2,,2,,2,,2,,2
34.0,2,14.6244,2,32.4719,2,,2,,2,,2,,2
35.0,2,14.5292,2,32.4779,2,,2,,2,,2,,2
36.0,2,14.349,2,32.4764,2,,2,,2,,2,,2
37.0,2,13.8133,2,32.4895,2,,2,,2,,2,,2
38.0,2,13.5697,2,32.4978,2,,2,,2,,2,,2
39.0,2,13.3502,2,32.5067,2,,2,,2,,2,,2
40.0,2,13.0247,2,32.5087,2,,2,,2,,2,,2
41.0,2,12.6624,2,32.5133,2,,2,,2,,2,,2
42.0,2,12.2064,2,32.5097,2,,2,,2,,2,,2
43.0,2,11.6009,2,32.5033,2,,2,,2,,2,,2
44.0,2,11.332,2,32.5169,2,,2,,2,,2,,2
45.0,2,11.2521,2,32.5212,2,,2,,2,,2,,2
46.0,2,10.9952,2,32.5134,2,,2,,2,,2,,2
47.0,2,10.5211,2,32.5027,2,,2,,2,,2,,2
48.0,2,10.2749,2,32.5137,2,,2,,2,,2,,2
49.0,2,10.0983,2,32.5254,2,,2,,2,,2,,2
50.0,2,9.817,2,32.5362,2,,2,,2,,2,,2
51.0,2,9.693999999999999,2,32.5393,2,,2,,2,,2,,2
52.0,2,9.6087,2,32.5435,2,,2,,2,,2,,2
53.0,2,9.5303,2,32.5437,2,,2,,2,,2,,2
54.0,2,9.4725,2,32.5459,2,,2,,2,,2,,2
55.0,2,9.3492,2,32.549,2,,2,,2,,2,,2
56.0,2,9.2215,2,32.5499,2,,2,,2,,2,,2
57.0,2,9.1466,2,32.5492,2,,2,,2,,2,,2
58.0,2,9.0013,2,32.5508,2,,2,,2,,2,,2
59.0,2,8.8855,2,32.5508,2,,2,,2,,2,,2
60.0,2,8.672,2,32.5523,2,,2,,2,,2,,2
61.0,2,8.4769,2,32.5583,2,,2,,2,,2,,2
62.0,2,8.4334,2,32.5536,2,,2,,2,,2,,2
63.0,2,8.3935,2,32.5519,2,,2,,2,,2,,2
64.0,2,8.3384,2,32.5512,2,,2,,2,,2,,2
65.0,2,8.311,2,32.5496,2,,2,,2,,2,,2
66.0,2,8.2363,2,32.547,2,,2,,2,,2,,2
67.0,2,8.1229,2,32.5486,2,,2,,2,,2,,2
68.0,2,8.059,2,32.5492,2,,2,,2,,2,,2
69.0,2,7.9861,2,32.5492,2,,2,,2,,2,,2
70.0,2,7.9282,2,32.5481,2,,2,,2,,2,,2
71.0,2,7.8089,2,32.5481,2,,2,,2,,2,,2
72.0,2,7.7324,2,32.5592,2,,2,,2,,2,,2
73.0,2,7.7166,2,32.5557,2,,2,,2,,2,,2
74.0,2,7.6628,2,32.5584,2,,2,,2,,2,,2
75.0,2,7.6123,2,32.5619,2,,2,,2,,2,,2
76.0,2,7.577000000000001,2,32.5643,2,,2,,2,,2,,2
77.0,2,7.5707,2,32.5693,2,,2,,2,,2,,2
78.0,2,7.6111,2,32.5824,2,,2,,2,,2,,2
79.0,2,7.6363,2,32.5895,2,,2,,2,,2,,2
80.0,2,7.6362,2,32.5917,2,,2,,2,,2,,2
81.0,2,7.624,2,32.5934,2,,2,,2,,2,,2
82.0,2,7.5936,2,32.5939,2,,2,,2,,2,,2
83.0,2,7.5831,2,32.5958,2,,2,,2,,2,,2
84.0,2,7.5592,2,32.5954,2,,2,,2,,2,,2
85.0,2,7.5212,2,32.6018,2,,2,,2,,2,,2
86.0,2,7.4675,2,32.6168,2,,2,,2,,2,,2
87.0,2,7.4205,2,32.626,2,,2,,2,,2,,2
88.0,2,7.3958,2,32.6317,2,,2,,2,,2,,2
89.0,2,7.3613,2,32.6424,2,,2,,2,,2,,2
90.0,2,7.3377,2,32.6493,2,,2,,2,,2,,2
91.0,2,7.3045,2,32.6587,2,,2,,2,,2,,2
92.0,2,7.2755,2,32.6677,2,,2,,2,,2,,2
93.0,2,7.2277,2,32.681,2,,2,,2,,2,,2
94.0,2,7.2001,2,32.6896,2,,2,,2,,2,,2
95.0,2,7.1861,2,32.695,2,,2,,2,,2,,2
96.0,2,7.1354,2,32.7248,2,,2,,2,,2,,2
97.0,2,7.1136,2,32.7384,2,,2,,2,,2,,2
98.0,2,7.0911,2,32.7553,2,,2,,2,,2,,2
99.0,2,7.0807,2,32.763000000000005,2,,2,,2,,2,,2
100.0,2,7.0477,2,32.7865,2,,2,,2,,2,,2
101.0,2,7.0124,2,32.8147,2,,2,,2,,2,,2
102.0,2,6.9758,2,32.8465,2,,2,,2,,2,,2
103.0,2,6.9467,2,32.8752,2,,2,,2,,2,,2
104.0,2,6.9413,2,32.8895,2,,2,,2,,2,,2
105.0,2,6.9286,2,32.9119,2,,2,,2,,2,,2
106.0,2,6.9078,2,32.9414,2,,2,,2,,2,,2
107.0,2,6.8709,2,32.9892,2,,2,,2,,2,,2
108.0,2,6.8546,2,33.0241,2,,2,,2,,2,,2
109.0,2,6.847,2,33.0487,2,,2,,2,,2,,2
110.0,2,6.8233,2,33.1028,2,,2,,2,,2,,2
111.0,2,6.8122,2,33.1394,2,,2,,2,,2,,2
112.0,2,6.7985,2,33.1642,2,,2,,2,,2,,2
113.0,2,6.7944,2,33.1785,2,,2,,2,,2,,2
114.0,2,6.7909,2,33.1881,2,,2,,2,,2,,2
115.0,2,6.7741,2,33.2057,2,,2,,2,,2,,2
116.0,2,6.7609,2,33.2279,2,,2,,2,,2,,2
117.0,2,6.7507,2,33.2697,2,,2,,2,,2,,2
118.0,2,6.7452,2,33.2804,2,,2,,2,,2,,2
119.0,2,6.7163,2,33.3037,2,,2,,2,,2,,2
120.0,2,6.6825,2,33.3394,2,,2,,2,,2,,2
121.0,2,6.675,2,33.3485,2,,2,,2,,2,,2
122.0,2,6.6371,2,33.389,2,,2,,2,,2,,2
123.0,2,6.6138,2,33.4164,2,,2,,2,,2,,2
124.0,2,6.6104,2,33.4252,2,,2,,2,,2,,2
125.0,2,6.6103,2,33.4393,2,,2,,2,,2,,2
126.0,2,6.6214,2,33.4624,2,,2,,2,,2,,2
127.0,2,6.6167,2,33.486,2,,2,,2,,2,,2
128.0,2,6.6133,2,33.5165,2,,2,,2,,2,,2
129.0,2,6.6131,2,33.5189,2,,2,,2,,2,,2
130.0,2,6.6046,2,33.5372,2,,2,,2,,2,,2
131.0,2,6.5878,2,33.5463,2,,2,,2,,2,,2
132.0,2,6.5761,2,33.5509,2,,2,,2,,2,,2
133.0,2,6.5784,2,33.5652,2,,2,,2,,2,,2
134.0,2,6.582000000000001,2,33.5852,2,,2,,2,,2,,2
135.0,2,6.5884,2,33.5948,2,,2,,2,,2,,2
136.0,2,6.5909,2,33.6006,2,,2,,2,,2,,2
137.0,2,6.5916,2,33.6086,2,,2,,2,,2,,2
138.0,2,6.5952,2,33.6181,2,,2,,2,,2,,2
139.0,2,6.5961,2,33.6259,2,,2,,2,,2,,2
140.0,2,6.5888,2,33.6417,2,,2,,2,,2,,2
141.0,2,6.5834,2,33.6453,2,,2,,2,,2,,2
142.0,2,6.5816,2,33.6515,2,,2,,2,,2,,2
143.0,2,6.5678,2,33.6553,2,,2,,2,,2,,2
144.0,2,6.5473,2,33.6642,2,,2,,2,,2,,2
145.0,2,6.5459,2,33.6846,2,,2,,2,,2,,2
146.0,2,6.5486,2,33.6946,2,,2,,2,,2,,2
147.0,2,6.537000000000001,2,33.7083,2,,2,,2,,2,,2
148.0,2,6.5237,2,33.7166,2,,2,,2,,2,,2
149.0,2,6.5135,2,33.7236,2,,2,,2,,2,,2
150.0,2,6.5014,2,33.7301,2,,2,,2,,2,,2
151.0,2,6.4981,2,33.7329,2,,2,,2,,2,,2
152.0,2,6.4939,2,33.735,2,,2,,2,,2,,2
153.0,2,6.4906,2,33.7361,2,,2,,2,,2,,2
154.0,2,6.4866,2,33.7364,2,,2,,2,,2,,2
155.0,2,6.4795,2,33.7385,2,,2,,2,,2,,2
156.0,2,6.466,2,33.7397,2,,2,,2,,2,,2
157.0,2,6.4442,2,33.7421,2,,2,,2,,2,,2
158.0,2,6.426,2,33.7446,2,,2,,2,,2,,2
159.0,2,6.4014,2,33.7495,2,,2,,2,,2,,2
160.0,2,6.3765,2,33.7572,2,,2,,2,,2,,2
160.6,2,6.3512,2,33.7646,2,,2,,2,,2,,2
162.1,2,6.3,2,33.7665,2,,2,,2,,2,,2
163.0,2,6.2773,2,33.7664,2,,2,,2,,2,,2
164.0,2,6.2449,2,33.769,2,,2,,2,,2,,2
165.0,2,6.2181,2,33.7727,2,,2,,2,,2,,2
166.0,2,6.2075,2,33.7755,2,,2,,2,,2,,2
167.0,2,6.2071,2,33.7769,2,,2,,2,,2,,2
168.0,2,6.2037,2,33.7792,2,,2,,2,,2,,2
169.0,2,6.1923,2,33.7813,2,,2,,2,,2,,2
170.0,2,6.1799,2,33.7816,2,,2,,2,,2,,2
171.0,2,6.1699,2,33.7825,2,,2,,2,,2,,2
172.0,2,6.1587,2,33.7832,2,,2,,2,,2,,2
173.0,2,6.1369,2,33.7839,2,,2,,2,,2,,2
174.0,2,6.1142,2,33.7864,2,,2,,2,,2,,2
175.0,2,6.1014,2,33.7867,2,,2,,2,,2,,2
176.0,2,6.0926,2,33.7873,2,,2,,2,,2,,2
177.0,2,6.0889999999999995,2,33.7877,2,,2,,2,,2,,2
178.0,2,6.0889999999999995,2,33.7877,2,,2,,2,,2,,2
179.0,2,6.0873,2,33.7879,2,,2,,2,,2,,2
180.0,2,6.0802,2,33.7885,2,,2,,2,,2,,2
181.0,2,6.0699,2,33.789,2,,2,,2,,2,,2
182.0,2,6.0504,2,33.7895,2,,2,,2,,2,,2
183.0,2,6.0329999999999995,2,33.7903,2,,2,,2,,2,,2
184.0,2,6.0109,2,33.7907,2,,2,,2,,2,,2
185.0,2,5.9943,2,33.791,2,,2,,2,,2,,2
186.2,2,5.9819,2,33.7913,2,,2,,2,,2,,2
187.0,2,5.9785,2,33.7914,2,,2,,2,,2,,2
188.0,2,5.9753,2,33.7915,2,,2,,2,,2,,2
189.0,2,5.9735,2,33.7914,2,,2,,2,,2,,2
190.0,2,5.9705,2,33.7916,2,,2,,2,,2,,2
190.9,2,5.9701,2,33.7917,2,,2,,2,,2,,2
192.1,2,5.9466,2,33.7919,2,,2,,2,,2,,2
193.0,2,5.9325,2,33.7922,2,,2,,2,,2,,2
194.0,2,5.925,2,33.7923,2,,2,,2,,2,,2
195.0,2,5.9172,2,33.7925,2,,2,,2,,2,,2
196.0,2,5.9113,2,33.7927,2,,2,,2,,2,,2
197.0,2,5.9018,2,33.7933,2,,2,,2,,2,,2
198.0,2,5.8895,2,33.7936,2,,2,,2,,2,,2
199.0,2,5.8804,2,33.7939,2,,2,,2,,2,,2
200.0,2,5.8660000000000005,2,33.7942,2,,2,,2,,2,,2
201.0,2,5.8528,2,33.7941,2,,2,,2,,2,,2
202.0,2,5.8347,2,33.7939,2,,2,,2,,2,,2
203.0,2,5.8262,2,33.7941,2,,2,,2,,2,,2
204.0,2,5.8234,2,33.7941,2,,2,,2,,2,,2
205.0,2,5.8036,2,33.7938,2,,2,,2,,2,,2
206.0,2,5.7831,2,33.7943,2,,2,,2,,2,,2
207.0,2,5.7748,2,33.7944,2,,2,,2,,2,,2
208.0,2,5.7472,2,33.7945,2,,2,,2,,2,,2
209.0,2,5.6949,2,33.795,2,,2,,2,,2,,2
210.0,2,5.6766,2,33.7952,2,,2,,2,,2,,2
211.0,2,5.6653,2,33.795,2,,2,,2,,2,,2
212.0,2,5.6387,2,33.795,2,,2,,2,,2,,2
213.0,2,5.609,2,33.7967,2,,2,,2,,2,,2
214.0,2,5.5801,2,33.797,2,,2,,2,,2,,2
215.0,2,5.5688,2,33.7967,2,,2,,2,,2,,2
216.0,2,5.5494,2,33.7974,2,,2,,2,,2,,2
217.0,2,5.5471,2,33.7974,2,,2,,2,,2,,2
218.0,2,5.5458,2,33.7972,2,,2,,2,,2,,2
219.0,2,5.5397,2,33.7975,2,,2,,2,,2,,2
220.0,2,5.5302,2,33.7978,2,,2,,2,,2,,2
221.0,2,5.5259,2,33.7978,2,,2,,2,,2,,2
222.0,2,5.519,2,33.7977,2,,2,,2,,2,,2
223.0,2,5.5103,2,33.798,2,,2,,2,,2,,2
224.0,2,5.5,2,33.798,2,,2,,2,,2,,2
225.0,2,5.4929,2,33.7982,2,,2,,2,,2,,2
226.0,2,5.4883,2,33.7984,2,,2,,2,,2,,2
227.0,2,5.4767,2,33.7986,2,,2,,2,,2,,2
228.0,2,5.4482,2,33.7997,2,,2,,2,,2,,2
229.0,2,5.4339,2,33.7998,2,,2,,2,,2,,2
230.0,2,5.4266,2,33.7993,2,,2,,2,,2,,2
231.0,2,5.3867,2,33.8008,2,,2,,2,,2,,2
232.0,2,5.3683,2,33.8019,2,,2,,2,,2,,2
233.0,2,5.3566,2,33.8024,2,,2,,2,,2,,2
234.0,2,5.3513,2,33.8027,2,,2,,2,,2,,2
235.0,2,5.3475,2,33.8031,2,,2,,2,,2,,2
236.0,2,5.3452,2,33.8033,2,,2,,2,,2,,2
237.1,2,5.3326,2,33.8039,2,,2,,2,,2,,2
238.0,2,5.3246,2,33.8046,2,,2,,2,,2,,2
239.0,2,5.3205,2,33.8043,2,,2,,2,,2,,2
240.0,2,5.3179,2,33.8044,2,,2,,2,,2,,2
241.0,2,5.3145,2,33.8045,2,,2,,2,,2,,2
242.0,2,5.313,2,33.8043,2,,2,,2,,2,,2
243.0,2,5.3104,2,33.8045,2,,2,,2,,2,,2
244.0,2,5.3049,2,33.8048,2,,2,,2,,2,,2
245.0,2,5.2996,2,33.8053,2,,2,,2,,2,,2
246.0,2,5.2851,2,33.8062,2,,2,,2,,2,,2
247.0,2,5.2797,2,33.8063,2,,2,,2,,2,,2
248.0,2,5.2706,2,33.8063,2,,2,,2,,2,,2
249.0,2,5.2577,2,33.806999999999995,2,,2,,2,,2,,2
250.0,2,5.25,2,33.8073,2,,2,,2,,2,,2
251.0,2,5.232,2,33.8076,2,,2,,2,,2,,2
252.0,2,5.1976,2,33.8098,2,,2,,2,,2,,2
253.0,2,5.169,2,33.8121,2,,2,,2,,2,,2
254.0,2,5.1518,2,33.8136,2,,2,,2,,2,,2
255.0,2,5.138999999999999,2,33.8149,2,,2,,2,,2,,2
256.0,2,5.1277,2,33.8158,2,,2,,2,,2,,2
257.0,2,5.1187,2,33.8166,2,,2,,2,,2,,2
258.0,2,5.1042,2,33.8181,2,,2,,2,,2,,2
259.0,2,5.0961,2,33.819,2,,2,,2,,2,,2
260.0,2,5.0894,2,33.8195,2,,2,,2,,2,,2
261.0,2,5.0776,2,33.8211,2,,2,,2,,2,,2
262.0,2,5.0692,2,33.821999999999996,2,,2,,2,,2,,2
263.0,2,5.0633,2,33.8218,2,,2,,2,,2,,2
264.0,2,5.0554,2,33.8222,2,,2,,2,,2,,2
265.0,2,5.0548,2,33.8223,2,,2,,2,,2,,2
266.0,2,5.0543,2,33.8227,2,,2,,2,,2,,2
267.0,2,5.0525,2,33.8228,2,,2,,2,,2,,2
268.0,2,5.0504,2,33.8233,2,,2,,2,,2,,2
269.0,2,5.0485,2,33.8238,2,,2,,2,,2,,2
270.0,2,5.045,2,33.8241,2,,2,,2,,2,,2
271.0,2,5.0432,2,33.8241,2,,2,,2,,2,,2
272.0,2,5.0444,2,33.8244,2,,2,,2,,2,,2
273.0,2,5.0441,2,33.825,2,,2,,2,,2,,2
274.0,2,5.031000000000001,2,33.8245,2,,2,,2,,2,,2
275.0,2,5.0184,2,33.8256,2,,2,,2,,2,,2
276.0,2,5.0153,2,33.8265,2,,2,,2,,2,,2
277.0,2,5.0117,2,33.8274,2,,2,,2,,2,,2
278.0,2,5.0097,2,33.8282,2,,2,,2,,2,,2
279.0,2,5.0069,2,33.8295,2,,2,,2,,2,,2
280.0,2,5.001,2,33.8309,2,,2,,2,,2,,2
281.0,2,4.9932,2,33.8327,2,,2,,2,,2,,2
282.0,2,4.9903,2,33.8332,2,,2,,2,,2,,2
283.0,2,4.9839,2,33.8343,2,,2,,2,,2,,2
284.0,2,4.9757,2,33.8357,2,,2,,2,,2,,2
285.0,2,4.9656,2,33.8375,2,,2,,2,,2,,2
286.0,2,4.9588,2,33.8382,2,,2,,2,,2,,2
287.0,2,4.9534,2,33.8391,2,,2,,2,,2,,2
288.0,2,4.9468,2,33.8407,2,,2,,2,,2,,2
289.0,2,4.9411,2,33.8424,2,,2,,2,,2,,2
290.0,2,4.9381,2,33.8448,2,,2,,2,,2,,2
291.0,2,4.9361,2,33.8461,2,,2,,2,,2,,2
292.0,2,4.9276,2,33.848,2,,2,,2,,2,,2
293.0,2,4.9125,2,33.8496,2,,2,,2,,2,,2
294.0,2,4.8975,2,33.8515,2,,2,,2,,2,,2
295.0,2,4.8839,2,33.8546,2,,2,,2,,2,,2
296.0,2,4.8797,2,33.8556,2,,2,,2,,2,,2
297.0,2,4.8756,2,33.8564,2,,2,,2,,2,,2
298.0,2,4.8721,2,33.8574,2,,2,,2,,2,,2
299.0,2,4.8682,2,33.8586,2,,2,,2,,2,,2
300.0,2,4.8605,2,33.8606,2,,2,,2,,2,,2
301.0,2,4.8538,2,33.8624,2,,2,,2,,2,,2
302.0,2,4.8525,2,33.8627,2,,2,,2,,2,,2
303.0,2,4.8474,2,33.864000000000004,2,,2,,2,,2,,2
304.0,2,4.8395,2,33.8661,2,,2,,2,,2,,2
305.0,2,4.8313,2,33.8683,2,,2,,2,,2,,2
306.0,2,4.8267,2,33.8696,2,,2,,2,,2,,2
307.0,2,4.8243,2,33.8702,2,,2,,2,,2,,2
308.0,2,4.8175,2,33.8717,2,,2,,2,,2,,2
309.0,2,4.8057,2,33.8746,2,,2,,2,,2,,2
310.0,2,4.7978,2,33.876,2,,2,,2,,2,,2
311.0,2,4.7942,2,33.8769,2,,2,,2,,2,,2
312.0,2,4.7864,2,33.8784,2,,2,,2,,2,,2
313.0,2,4.7829,2,33.8792,2,,2,,2,,2,,2
314.0,2,4.7812,2,33.8796,2,,2,,2,,2,,2
315.0,2,4.7773,2,33.8803,2,,2,,2,,2,,2
316.0,2,4.7743,2,33.881,2,,2,,2,,2,,2
317.0,2,4.7683,2,33.8822,2,,2,,2,,2,,2
318.0,2,4.7667,2,33.8825,2,,2,,2,,2,,2
319.0,2,4.7663,2,33.8826,2,,2,,2,,2,,2
320.0,2,4.7652,2,33.8828,2,,2,,2,,2,,2
321.0,2,4.7625,2,33.8834,2,,2,,2,,2,,2
322.0,2,4.7619,2,33.8836,2,,2,,2,,2,,2
323.0,2,4.7615,2,33.8839,2,,2,,2,,2,,2
324.0,2,4.7562,2,33.8846,2,,2,,2,,2,,2
325.0,2,4.7501,2,33.8858,2,,2,,2,,2,,2
326.0,2,4.7452,2,33.8866,2,,2,,2,,2,,2
327.0,2,4.7379,2,33.888000000000005,2,,2,,2,,2,,2
328.0,2,4.7342,2,33.8887,2,,2,,2,,2,,2
329.0,2,4.726,2,33.8907,2,,2,,2,,2,,2
330.3,2,4.7224,2,33.8916,2,,2,,2,,2,,2
331.0,2,4.7186,2,33.8927,2,,2,,2,,2,,2
332.0,2,4.7159,2,33.8933,2,,2,,2,,2,,2
333.0,2,4.709,2,33.8948,2,,2,,2,,2,,2
334.0,2,4.7021,2,33.8962,2,,2,,2,,2,,2
335.0,2,4.6991,2,33.8968,2,,2,,2,,2,,2
336.0,2,4.6969,2,33.8973,2,,2,,2,,2,,2
337.0,2,4.694,2,33.8979,2,,2,,2,,2,,2
338.0,2,4.6873,2,33.8996,2,,2,,2,,2,,2
339.0,2,4.6845,2,33.9004,2,,2,,2,,2,,2
340.0,2,4.6804,2,33.9014,2,,2,,2,,2,,2
341.0,2,4.6726,2,33.903,2,,2,,2,,2,,2
342.0,2,4.6672,2,33.9042,2,,2,,2,,2,,2
343.0,2,4.6638,2,33.9059,2,,2,,2,,2,,2
344.0,2,4.6647,2,33.907,2,,2,,2,,2,,2
345.0,2,4.667,2,33.9102,2,,2,,2,,2,,2
346.0,2,4.6639,2,33.9126,2,,2,,2,,2,,2
347.0,2,4.6624,2,33.9135,2,,2,,2,,2,,2
348.0,2,4.6611,2,33.9139,2,,2,,2,,2,,2
349.0,2,4.6583,2,33.9145,2,,2,,2,,2,,2
350.0,2,4.6558,2,33.9148,2,,2,,2,,2,,2
351.0,2,4.6535,2,33.9146,2,,2,,2,,2,,2
352.0,2,4.6514,2,33.9148,2,,2,,2,,2,,2
353.0,2,4.651,2,33.9151,2,,2,,2,,2,,2
354.0,2,4.6478,2,33.9158,2,,2,,2,,2,,2
355.0,2,4.6456,2,33.9167,2,,2,,2,,2,,2
356.0,2,4.6452,2,33.9176,2,,2,,2,,2,,2
357.0,2,4.6434,2,33.9189,2,,2,,2,,2,,2
358.0,2,4.6397,2,33.9197,2,,2,,2,,2,,2
359.0,2,4.6344,2,33.9217,2,,2,,2,,2,,2
360.0,2,4.6328,2,33.9224,2,,2,,2,,2,,2
361.0,2,4.6315,2,33.9227,2,,2,,2,,2,,2
361.9,2,4.629,2,33.9237,2,,2,,2,,2,,2
363.0,2,4.6226,2,33.9254,2,,2,,2,,2,,2
364.0,2,4.6156,2,33.9271,2,,2,,2,,2,,2
365.0,2,4.615,2,33.9273,2,,2,,2,,2,,2
366.0,2,4.6137,2,33.9278,2,,2,,2,,2,,2
367.0,2,4.6071,2,33.9295,2,,2,,2,,2,,2
368.0,2,4.6044,2,33.9304,2,,2,,2,,2,,2
369.0,2,4.6029,2,33.9311,2,,2,,2,,2,,2
370.0,2,4.6011,2,33.9314,2,,2,,2,,2,,2
371.0,2,4.5999,2,33.9318,2,,2,,2,,2,,2
372.0,2,4.5973,2,33.9326,2,,2,,2,,2,,2
373.0,2,4.5951,2,33.933,2,,2,,2,,2,,2
374.0,2,4.5928,2,33.9337,2,,2,,2,,2,,2
375.0,2,4.5916,2,33.9341,2,,2,,2,,2,,2
376.0,2,4.5896,2,33.9349,2,,2,,2,,2,,2
377.0,2,4.5885,2,33.9352,2,,2,,2,,2,,2
378.0,2,4.5877,2,33.9356,2,,2,,2,,2,,2
379.0,2,4.5859,2,33.9362,2,,2,,2,,2,,2
380.0,2,4.5831,2,33.937,2,,2,,2,,2,,2
381.0,2,4.5812,2,33.9377,2,,2,,2,,2,,2
382.0,2,4.5777,2,33.9387,2,,2,,2,,2,,2
383.0,2,4.5702,2,33.9411,2,,2,,2,,2,,2
384.0,2,4.5648,2,33.9429,2,,2,,2,,2,,2
385.0,2,4.5569999999999995,2,33.946,2,,2,,2,,2,,2
386.0,2,4.5511,2,33.9481,2,,2,,2,,2,,2
387.0,2,4.5474,2,33.9491,2,,2,,2,,2,,2
388.0,2,4.5446,2,33.9501,2,,2,,2,,2,,2
389.0,2,4.5431,2,33.9507,2,,2,,2,,2,,2
390.0,2,4.5418,2,33.9511,2,,2,,2,,2,,2
391.0,2,4.5413,2,33.9514,2,,2,,2,,2,,2
392.0,2,4.5408,2,33.9517,2,,2,,2,,2,,2
393.0,2,4.5396,2,33.952,2,,2,,2,,2,,2
394.0,2,4.5377,2,33.9529,2,,2,,2,,2,,2
395.0,2,4.5366,2,33.9532,2,,2,,2,,2,,2
396.0,2,4.5347,2,33.9539,2,,2,,2,,2,,2
397.0,2,4.5333,2,33.9542,2,,2,,2,,2,,2
398.0,2,4.5309,2,33.9551,2,,2,,2,,2,,2
399.0,2,4.529,2,33.9557,2,,2,,2,,2,,2
400.0,2,4.5265,2,33.9564,2,,2,,2,,2,,2
401.0,2,4.5221,2,33.9583,2,,2,,2,,2,,2
402.0,2,4.5186,2,33.9597,2,,2,,2,,2,,2
403.0,2,4.5158,2,33.9607,2,,2,,2,,2,,2
404.0,2,4.5115,2,33.9624,2,,2,,2,,2,,2
405.0,2,4.5086,2,33.9638,2,,2,,2,,2,,2
406.0,2,4.5083,2,33.9638,2,,2,,2,,2,,2
407.0,2,4.508,2,33.9639,2,,2,,2,,2,,2
408.0,2,4.5083,2,33.9638,2,,2,,2,,2,,2
409.0,2,4.5078,2,33.964,2,,2,,2,,2,,2
410.0,2,4.5065,2,33.9646,2,,2,,2,,2,,2
411.0,2,4.5046,2,33.9655,2,,2,,2,,2,,2
412.0,2,4.5017,2,33.9666,2,,2,,2,,2,,2
413.0,2,4.5,2,33.9671,2,,2,,2,,2,,2
414.0,2,4.4981,2,33.9679,2,,2,,2,,2,,2
415.0,2,4.497,2,33.9683,2,,2,,2,,2,,2
416.0,2,4.4968,2,33.9684,2,,2,,2,,2,,2
417.0,2,4.496,2,33.9687,2,,2,,2,,2,,2
418.0,2,4.4944,2,33.9693,2,,2,,2,,2,,2
419.0,2,4.4934,2,33.9696,2,,2,,2,,2,,2
420.0,2,4.4908,2,33.9707,2,,2,,2,,2,,2
421.0,2,4.4874,2,33.9721,2,,2,,2,,2,,2
422.0,2,4.4812,2,33.9744,2,,2,,2,,2,,2
423.0,2,4.4717,2,33.9782,2,,2,,2,,2,,2
424.0,2,4.4659,2,33.9805,2,,2,,2,,2,,2
425.0,2,4.4609,2,33.9824,2,,2,,2,,2,,2
426.0,2,4.4572,2,33.9837,2,,2,,2,,2,,2
427.0,2,4.452,2,33.9856,2,,2,,2,,2,,2
428.0,2,4.4464,2,33.9877,2,,2,,2,,2,,2
429.0,2,4.4430000000000005,2,33.989000000000004,2,,2,,2,,2,,2
430.0,2,4.439,2,33.9902,2,,2,,2,,2,,2
431.0,2,4.4347,2,33.9918,2,,2,,2,,2,,2
432.0,2,4.4295,2,33.9937,2,,2,,2,,2,,2
433.0,2,4.423,2,33.996,2,,2,,2,,2,,2
434.0,2,4.421,2,33.9968,2,,2,,2,,2,,2
435.0,2,4.4199,2,33.9972,2,,2,,2,,2,,2
436.0,2,4.4193,2,33.9973,2,,2,,2,,2,,2
437.0,2,4.4181,2,33.9978,2,,2,,2,,2,,2
438.0,2,4.4173,2,33.9982,2,,2,,2,,2,,2
439.0,2,4.4171,2,33.9984,2,,2,,2,,2,,2
440.0,2,4.4167,2,33.9985,2,,2,,2,,2,,2
441.0,2,4.4152,2,33.9991,2,,2,,2,,2,,2
442.0,2,4.4143,2,33.9995,2,,2,,2,,2,,2
443.1,2,4.4122,2,34.0003,2,,2,,2,,2,,2
444.0,2,4.4119,2,34.0004,2,,2,,2,,2,,2
445.0,2,4.4118,2,34.0005,2,,2,,2,,2,,2
446.0,2,4.4119,2,34.0005,2,,2,,2,,2,,2
447.0,2,4.4109,2,34.0009,2,,2,,2,,2,,2
448.0,2,4.41,2,34.0012,2,,2,,2,,2,,2
449.0,2,4.4085,2,34.0017,2,,2,,2,,2,,2
450.0,2,4.4061,2,34.0027,2,,2,,2,,2,,2
451.0,2,4.4057,2,34.0027,2,,2,,2,,2,,2
452.0,2,4.4055,2,34.0027,2,,2,,2,,2,,2
453.0,2,4.4055,2,34.0028,2,,2,,2,,2,,2
454.0,2,4.406000000000001,2,34.0027,2,,2,,2,,2,,2
455.0,2,4.406000000000001,2,34.0027,2,,2,,2,,2,,2
456.0,2,4.4038,2,34.0035,2,,2,,2,,2,,2
457.0,2,4.3999,2,34.005,2,,2,,2,,2,,2
458.0,2,4.3866,2,34.0096,2,,2,,2,,2,,2
459.0,2,4.3721,2,34.0139,2,,2,,2,,2,,2
460.0,2,4.3648,2,34.0165,2,,2,,2,,2,,2
461.0,2,4.3636,2,34.0169,2,,2,,2,,2,,2
462.0,2,4.3618,2,34.0174,2,,2,,2,,2,,2
463.0,2,4.36,2,34.0181,2,,2,,2,,2,,2
464.0,2,4.3587,2,34.0185,2,,2,,2,,2,,2
465.0,2,4.3584,2,34.0187,2,,2,,2,,2,,2
466.0,2,4.3584,2,34.0188,2,,2,,2,,2,,2
467.0,2,4.3583,2,34.0188,2,,2,,2,,2,,2
468.0,2,4.3571,2,34.0192,2,,2,,2,,2,,2
469.0,2,4.3523,2,34.0208,2,,2,,2,,2,,2
470.0,2,4.3472,2,34.0223,2,,2,,2,,2,,2
471.0,2,4.338,2,34.025,2,,2,,2,,2,,2
472.0,2,4.333,2,34.0264,2,,2,,2,,2,,2
473.0,2,4.3295,2,34.0275,2,,2,,2,,2,,2
474.0,2,4.3263,2,34.0285,2,,2,,2,,2,,2
475.0,2,4.3187,2,34.0306,2,,2,,2,,2,,2
476.0,2,4.3132,2,34.0322,2,,2,,2,,2,,2
477.0,2,4.312,2,34.0324,2,,2,,2,,2,,2
478.0,2,4.3118,2,34.0325,2,,2,,2,,2,,2
479.0,2,4.3112,2,34.0326,2,,2,,2,,2,,2
480.0,2,4.3081,2,34.0339,2,,2,,2,,2,,2
481.0,2,4.3073,2,34.0343,2,,2,,2,,2,,2
482.0,2,4.3067,2,34.0348,2,,2,,2,,2,,2
483.0,2,4.3033,2,34.0361,2,,2,,2,,2,,2
484.0,2,4.2976,2,34.0382,2,,2,,2,,2,,2
485.0,2,4.2919,2,34.0403,2,,2,,2,,2,,2
486.0,2,4.2881,2,34.0418,2,,2,,2,,2,,2
487.0,2,4.285,2,34.0428,2,,2,,2,,2,,2
488.0,2,4.2839,2,34.043,2,,2,,2,,2,,2
489.0,2,4.2835,2,34.0431,2,,2,,2,,2,,2
490.0,2,4.2831,2,34.0432,2,,2,,2,,2,,2
491.0,2,4.2822,2,34.0432,2,,2,,2,,2,,2
492.0,2,4.2797,2,34.0433,2,,2,,2,,2,,2
493.0,2,4.2738,2,34.045,2,,2,,2,,2,,2
494.0,2,4.2664,2,34.0475,2,,2,,2,,2,,2
495.0,2,4.2624,2,34.0489,2,,2,,2,,2,,2
496.0,2,4.261,2,34.0492,2,,2,,2,,2,,2
497.0,2,4.2549,2,34.0513,2,,2,,2,,2,,2
498.0,2,4.2491,2,34.053000000000004,2,,2,,2,,2,,2
499.0,2,4.2463,2,34.0539,2,,2,,2,,2,,2
500.0,2,4.2435,2,34.0545,2,,2,,2,,2,,2
501.0,2,4.2417,2,34.0549,2,,2,,2,,2,,2
502.0,2,4.2332,2,34.0566,2,,2,,2,,2,,2
503.0,2,4.2248,2,34.059,2,,2,,2,,2,,2
504.0,2,4.2216,2,34.06,2,,2,,2,,2,,2
505.0,2,4.2185,2,34.061,2,,2,,2,,2,,2
506.0,2,4.2165,2,34.0615,2,,2,,2,,2,,2
507.0,2,4.2138,2,34.0621,2,,2,,2,,2,,2
508.0,2,4.2116,2,34.0628,2,,2,,2,,2,,2
509.0,2,4.2079,2,34.0638,2,,2,,2,,2,,2
510.0,2,4.1976,2,34.0663,2,,2,,2,,2,,2
511.0,2,4.1869,2,34.0691,2,,2,,2,,2,,2
512.0,2,4.1758,2,34.0717,2,,2,,2,,2,,2
513.0,2,4.1714,2,34.0727,2,,2,,2,,2,,2
514.0,2,4.1705,2,34.073,2,,2,,2,,2,,2
515.0,2,4.17,2,34.0732,2,,2,,2,,2,,2
516.0,2,4.1695,2,34.0734,2,,2,,2,,2,,2
517.0,2,4.1691,2,34.0736,2,,2,,2,,2,,2
518.0,2,4.1682,2,34.0738,2,,2,,2,,2,,2
519.0,2,4.1672,2,34.074,2,,2,,2,,2,,2
520.0,2,4.1657,2,34.0745,2,,2,,2,,2,,2
521.0,2,4.1646,2,34.0747,2,,2,,2,,2,,2
522.0,2,4.1643,2,34.0749,2,,2,,2,,2,,2
523.0,2,4.1638,2,34.0751,2,,2,,2,,2,,2
524.0,2,4.1617,2,34.0754,2,,2,,2,,2,,2
525.0,2,4.16,2,34.076,2,,2,,2,,2,,2
526.0,2,4.1552,2,34.0771,2,,2,,2,,2,,2
527.0,2,4.1468,2,34.0792,2,,2,,2,,2,,2
528.1,2,4.1404,2,34.0809,2,,2,,2,,2,,2
529.0,2,4.1374,2,34.0816,2,,2,,2,,2,,2
530.0,2,4.1339,2,34.0821,2,,2,,2,,2,,2
531.0,2,4.1282,2,34.0837,2,,2,,2,,2,,2
532.0,2,4.1265,2,34.084,2,,2,,2,,2,,2
533.0,2,4.1245,2,34.0843,2,,2,,2,,2,,2
534.0,2,4.1212,2,34.0851,2,,2,,2,,2,,2
535.0,2,4.115,2,34.0868,2,,2,,2,,2,,2
536.0,2,4.1096,2,34.0884,2,,2,,2,,2,,2
537.0,2,4.107,2,34.0887,2,,2,,2,,2,,2
538.0,2,4.1055,2,34.089,2,,2,,2,,2,,2
539.0,2,4.1031,2,34.0897,2,,2,,2,,2,,2
540.0,2,4.0991,2,34.0906,2,,2,,2,,2,,2
541.0,2,4.0932,2,34.0915,2,,2,,2,,2,,2
542.0,2,4.0886,2,34.0924,2,,2,,2,,2,,2
543.0,2,4.0814,2,34.0944,2,,2,,2,,2,,2
544.0,2,4.0756,2,34.096,2,,2,,2,,2,,2
545.0,2,4.0715,2,34.097,2,,2,,2,,2,,2
546.0,2,4.0701,2,34.0976,2,,2,,2,,2,,2
547.0,2,4.0699,2,34.0978,2,,2,,2,,2,,2
548.0,2,4.0695,2,34.0978,2,,2,,2,,2,,2
549.0,2,4.0680000000000005,2,34.0984,2,,2,,2,,2,,2
550.0,2,4.0663,2,34.0988,2,,2,,2,,2,,2
551.0,2,4.0644,2,34.0991,2,,2,,2,,2,,2
552.0,2,4.0634,2,34.0992,2,,2,,2,,2,,2
553.0,2,4.0616,2,34.0996,2,,2,,2,,2,,2
554.0,2,4.0588,2,34.1005,2,,2,,2,,2,,2
555.0,2,4.0516,2,34.1022,2,,2,,2,,2,,2
556.0,2,4.044,2,34.1036,2,,2,,2,,2,,2
557.0,2,4.0405,2,34.1042,2,,2,,2,,2,,2
558.0,2,4.0384,2,34.1048,2,,2,,2,,2,,2
559.0,2,4.0360000000000005,2,34.1056,2,,2,,2,,2,,2
560.0,2,4.0343,2,34.1061,2,,2,,2,,2,,2
561.0,2,4.0331,2,34.1066,2,,2,,2,,2,,2
562.0,2,4.0323,2,34.107,2,,2,,2,,2,,2
563.0,2,4.0282,2,34.1077,2,,2,,2,,2,,2
564.0,2,4.0242,2,34.1087,2,,2,,2,,2,,2
565.0,2,4.0215,2,34.1095,2,,2,,2,,2,,2
566.0,2,4.0203,2,34.1105,2,,2,,2,,2,,2
567.0,2,4.019,2,34.111,2,,2,,2,,2,,2
568.0,2,4.0179,2,34.111,2,,2,,2,,2,,2
569.0,2,4.0155,2,34.1114,2,,2,,2,,2,,2
570.0,2,4.01,2,34.1129,2,,2,,2,,2,,2
571.0,2,3.9995,2,34.1157,2,,2,,2,,2,,2
572.0,2,3.9969,2,34.1164,2,,2,,2,,2,,2
573.0,2,3.9943,2,34.1169,2,,2,,2,,2,,2
574.0,2,3.9897,2,34.1183,2,,2,,2,,2,,2
575.0,2,3.9894,2,34.1184,2,,2,,2,,2,,2
576.0,2,3.9895,2,34.1185,2,,2,,2,,2,,2
577.0,2,3.9893,2,34.1185,2,,2,,2,,2,,2
578.0,2,3.9889,2,34.1187,2,,2,,2,,2,,2
579.0,2,3.9881,2,34.1189,2,,2,,2,,2,,2
580.0,2,3.9831,2,34.1202,2,,2,,2,,2,,2
581.0,2,3.9772,2,34.1216,2,,2,,2,,2,,2
582.0,2,3.9704,2,34.1235,2,,2,,2,,2,,2
583.0,2,3.9662,2,34.1248,2,,2,,2,,2,,2
584.0,2,3.963,2,34.1256,2,,2,,2,,2,,2
585.0,2,3.9603,2,34.1261,2,,2,,2,,2,,2
586.0,2,3.9576,2,34.1271,2,,2,,2,,2,,2
587.0,2,3.9554,2,34.1277,2,,2,,2,,2,,2
588.0,2,3.9542,2,34.1281,2,,2,,2,,2,,2
589.0,2,3.9530000000000003,2,34.1284,2,,2,,2,,2,,2
590.0,2,3.9477,2,34.1301,2,,2,,2,,2,,2
591.0,2,3.9449,2,34.1309,2,,2,,2,,2,,2
592.0,2,3.9438,2,34.1311,2,,2,,2,,2,,2
593.0,2,3.9401,2,34.1325,2,,2,,2,,2,,2
594.0,2,3.9376,2,34.1333,2,,2,,2,,2,,2
595.0,2,3.9359,2,34.1339,2,,2,,2,,2,,2
596.0,2,3.9326,2,34.135,2,,2,,2,,2,,2
597.0,2,3.9288,2,34.1364,2,,2,,2,,2,,2
598.0,2,3.9268,2,34.1375,2,,2,,2,,2,,2
599.0,2,3.9253,2,34.1382,2,,2,,2,,2,,2
600.0,2,3.9246,2,34.1385,2,,2,,2,,2,,2
601.0,2,3.9242,2,34.1388,2,,2,,2,,2,,2
602.0,2,3.9229,2,34.1393,2,,2,,2,,2,,2
603.0,2,3.9214,2,34.1398,2,,2,,2,,2,,2
604.0,2,3.9201,2,34.1404,2,,2,,2,,2,,2
605.0,2,3.9165,2,34.1418,2,,2,,2,,2,,2
606.0,2,3.9137,2,34.1429,2,,2,,2,,2,,2
607.0,2,3.9123,2,34.1433,2,,2,,2,,2,,2
608.0,2,3.9112,2,34.1437,2,,2,,2,,2,,2
609.0,2,3.9084,2,34.1444,2,,2,,2,,2,,2
610.0,2,3.9073,2,34.1449,2,,2,,2,,2,,2
611.0,2,3.9058,2,34.1451,2,,2,,2,,2,,2
612.0,2,3.9033,2,34.1458,2,,2,,2,,2,,2
613.0,2,3.9012,2,34.1464,2,,2,,2,,2,,2
614.0,2,3.8944,2,34.1485,2,,2,,2,,2,,2
615.0,2,3.884,2,34.1517,2,,2,,2,,2,,2
616.0,2,3.8759,2,34.155,2,,2,,2,,2,,2
617.0,2,3.8748,2,34.1553,2,,2,,2,,2,,2
618.0,2,3.8747,2,34.1554,2,,2,,2,,2,,2
619.0,2,3.8727,2,34.156,2,,2,,2,,2,,2
620.0,2,3.8662,2,34.1585,2,,2,,2,,2,,2
621.0,2,3.8625,2,34.1595,2,,2,,2,,2,,2
622.0,2,3.8573,2,34.1618,2,,2,,2,,2,,2
623.0,2,3.8555,2,34.1626,2,,2,,2,,2,,2
624.0,2,3.8522,2,34.1638,2,,2,,2,,2,,2
625.0,2,3.8506,2,34.1643,2,,2,,2,,2,,2
626.0,2,3.8496,2,34.165,2,,2,,2,,2,,2
627.0,2,3.8492,2,34.1651,2,,2,,2,,2,,2
628.0,2,3.8489,2,34.1654,2,,2,,2,,2,,2
629.0,2,3.8484,2,34.1656,2,,2,,2,,2,,2
630.0,2,3.8478,2,34.166,2,,2,,2,,2,,2
631.0,2,3.846,2,34.1668,2,,2,,2,,2,,2
632.0,2,3.8433,2,34.1679,2,,2,,2,,2,,2
633.0,2,3.838,2,34.1699,2,,2,,2,,2,,2
633.9,2,3.8246,2,34.173,2,,2,,2,,2,,2
635.0,2,3.8163,2,34.1742,2,,2,,2,,2,,2
636.0,2,3.8159,2,34.1745,2,,2,,2,,2,,2
637.0,2,3.815,2,34.1749,2,,2,,2,,2,,2
638.0,2,3.8148,2,34.1753,2,,2,,2,,2,,2
639.0,2,3.8154,2,34.1761,2,,2,,2,,2,,2
640.0,2,3.8149,2,34.1769,2,,2,,2,,2,,2
641.0,2,3.8131,2,34.1776,2,,2,,2,,2,,2
642.0,2,3.8132,2,34.1782,2,,2,,2,,2,,2
643.0,2,3.8142,2,34.1787,2,,2,,2,,2,,2
644.0,2,3.8148,2,34.1788,2,,2,,2,,2,,2
645.0,2,3.8158,2,34.1792,2,,2,,2,,2,,2
646.0,2,3.8162,2,34.1795,2,,2,,2,,2,,2
647.0,2,3.8165,2,34.1797,2,,2,,2,,2,,2
648.0,2,3.8163,2,34.1802,2,,2,,2,,2,,2
649.0,2,3.8162,2,34.1808,2,,2,,2,,2,,2
650.0,2,3.8165,2,34.1812,2,,2,,2,,2,,2
651.0,2,3.8160000000000003,2,34.1821,2,,2,,2,,2,,2
652.0,2,3.8155,2,34.1824,2,,2,,2,,2,,2
653.0,2,3.8131,2,34.1834,2,,2,,2,,2,,2
654.0,2,3.8116,2,34.184,2,,2,,2,,2,,2
655.0,2,3.8103,2,34.1844,2,,2,,2,,2,,2
656.0,2,3.8080000000000003,2,34.1853,2,,2,,2,,2,,2
657.0,2,3.8052,2,34.186,2,,2,,2,,2,,2
658.0,2,3.8037,2,34.1861,2,,2,,2,,2,,2
659.0,2,3.8004,2,34.1864,2,,2,,2,,2,,2
660.0,2,3.7957,2,34.1873,2,,2,,2,,2,,2
661.0,2,3.7932,2,34.1882,2,,2,,2,,2,,2
662.0,2,3.7908,2,34.1893,2,,2,,2,,2,,2
663.0,2,3.7851,2,34.1901,2,,2,,2,,2,,2
664.0,2,3.7805,2,34.1908,2,,2,,2,,2,,2
665.0,2,3.7756,2,34.1913,2,,2,,2,,2,,2
666.0,2,3.7695,2,34.1914,2,,2,,2,,2,,2
667.0,2,3.7652,2,34.1915,2,,2,,2,,2,,2
668.0,2,3.759,2,34.1929,2,,2,,2,,2,,2
669.0,2,3.7566,2,34.1937,2,,2,,2,,2,,2
670.0,2,3.7553,2,34.1941,2,,2,,2,,2,,2
671.0,2,3.7547,2,34.1945,2,,2,,2,,2,,2
672.0,2,3.7536,2,34.195,2,,2,,2,,2,,2
673.0,2,3.7526,2,34.1953,2,,2,,2,,2,,2
674.0,2,3.7505,2,34.1957,2,,2,,2,,2,,2
675.0,2,3.747,2,34.1962,2,,2,,2,,2,,2
676.0,2,3.7459,2,34.1964,2,,2,,2,,2,,2
677.0,2,3.7414,2,34.1971,2,,2,,2,,2,,2
678.0,2,3.738,2,34.1982,2,,2,,2,,2,,2
679.0,2,3.7358,2,34.1988,2,,2,,2,,2,,2
680.0,2,3.7318,2,34.1997,2,,2,,2,,2,,2
681.0,2,3.7294,2,34.2003,2,,2,,2,,2,,2
682.0,2,3.725,2,34.202,2,,2,,2,,2,,2
683.0,2,3.7241,2,34.2022,2,,2,,2,,2,,2
684.0,2,3.7182,2,34.2027,2,,2,,2,,2,,2
685.0,2,3.7112,2,34.203,2,,2,,2,,2,,2
686.0,2,3.7044,2,34.2031,2,,2,,2,,2,,2
687.0,2,3.6995,2,34.204,2,,2,,2,,2,,2
688.0,2,3.6989,2,34.2042,2,,2,,2,,2,,2
689.0,2,3.6947,2,34.2044,2,,2,,2,,2,,2
690.0,2,3.6892,2,34.207,2,,2,,2,,2,,2
691.0,2,3.6860000000000004,2,34.2087,2,,2,,2,,2,,2
692.0,2,3.6818,2,34.2099,2,,2,,2,,2,,2
693.0,2,3.6811,2,34.2106,2,,2,,2,,2,,2
694.0,2,3.6733,2,34.2122,2,,2,,2,,2,,2
695.0,2,3.6603,2,34.2134,2,,2,,2,,2,,2
696.0,2,3.6554,2,34.2133,2,,2,,2,,2,,2
697.0,2,3.6535,2,34.2133,2,,2,,2,,2,,2
698.0,2,3.6513,2,34.2134,2,,2,,2,,2,,2
699.0,2,3.6488,2,34.214,2,,2,,2,,2,,2
700.0,2,3.6482,2,34.2142,2,,2,,2,,2,,2
701.0,2,3.6468,2,34.2147,2,,2,,2,,2,,2
702.0,2,3.6455,2,34.2152,2,,2,,2,,2,,2
703.0,2,3.6431,2,34.2161,2,,2,,2,,2,,2
704.0,2,3.6387,2,34.2174,2,,2,,2,,2,,2
705.0,2,3.6375,2,34.218,2,,2,,2,,2,,2
706.0,2,3.6359,2,34.2185,2,,2,,2,,2,,2
707.0,2,3.6342,2,34.219,2,,2,,2,,2,,2
708.0,2,3.6335,2,34.2192,2,,2,,2,,2,,2
709.0,2,3.6325,2,34.2196,2,,2,,2,,2,,2
710.0,2,3.6318,2,34.2199,2,,2,,2,,2,,2
711.0,2,3.6314,2,34.2201,2,,2,,2,,2,,2
712.0,2,3.6315,2,34.2202,2,,2,,2,,2,,2
713.0,2,3.6312,2,34.2203,2,,2,,2,,2,,2
714.0,2,3.6273,2,34.222,2,,2,,2,,2,,2
715.0,2,3.6194,2,34.2243,2,,2,,2,,2,,2
716.0,2,3.6119,2,34.2264,2,,2,,2,,2,,2
717.0,2,3.6108,2,34.2273,2,,2,,2,,2,,2
718.0,2,3.6029,2,34.2293,2,,2,,2,,2,,2
719.0,2,3.6001,2,34.2291,2,,2,,2,,2,,2
720.0,2,3.5971,2,34.2292,2,,2,,2,,2,,2
721.0,2,3.5937,2,34.2298,2,,2,,2,,2,,2
722.0,2,3.5925,2,34.2307,2,,2,,2,,2,,2
723.0,2,3.5939,2,34.2325,2,,2,,2,,2,,2
724.0,2,3.5947,2,34.233000000000004,2,,2,,2,,2,,2
725.0,2,3.5968,2,34.234,2,,2,,2,,2,,2
726.0,2,3.5982,2,34.2347,2,,2,,2,,2,,2
727.0,2,3.5954,2,34.2372,2,,2,,2,,2,,2
728.0,2,3.5883,2,34.2383,2,,2,,2,,2,,2
729.0,2,3.5789,2,34.2396,2,,2,,2,,2,,2
730.0,2,3.5772,2,34.2397,2,,2,,2,,2,,2
731.0,2,3.5762,2,34.2401,2,,2,,2,,2,,2
732.0,2,3.574,2,34.2405,2,,2,,2,,2,,2
733.0,2,3.5713,2,34.2417,2,,2,,2,,2,,2
734.0,2,3.5701,2,34.2422,2,,2,,2,,2,,2
735.0,2,3.5701,2,34.2424,2,,2,,2,,2,,2
736.0,2,3.5664,2,34.2426,2,,2,,2,,2,,2
737.0,2,3.5659,2,34.2429,2,,2,,2,,2,,2
738.0,2,3.5664,2,34.2427,2,,2,,2,,2,,2
739.0,2,3.5603,2,34.2428,2,,2,,2,,2,,2
740.0,2,3.5583,2,34.243,2,,2,,2,,2,,2
741.0,2,3.5556,2,34.2433,2,,2,,2,,2,,2
742.0,2,3.5514,2,34.2443,2,,2,,2,,2,,2
743.0,2,3.5503,2,34.2449,2,,2,,2,,2,,2
744.0,2,3.5502,2,34.2452,2,,2,,2,,2,,2
745.0,2,3.55,2,34.2452,2,,2,,2,,2,,2
746.0,2,3.55,2,34.2451,2,,2,,2,,2,,2
747.0,2,3.5489,2,34.2459,2,,2,,2,,2,,2
748.0,2,3.5508,2,34.2477,2,,2,,2,,2,,2
749.0,2,3.5517,2,34.248000000000005,2,,2,,2,,2,,2
750.0,2,3.551,2,34.2478,2,,2,,2,,2,,2
751.0,2,3.5532,2,34.2486,2,,2,,2,,2,,2
752.0,2,3.5549,2,34.2491,2,,2,,2,,2,,2
753.0,2,3.5565,2,34.2494,2,,2,,2,,2,,2
754.0,2,3.5588,2,34.2496,2,,2,,2,,2,,2
755.0,2,3.5599,2,34.2501,2,,2,,2,,2,,2
756.0,2,3.5619,2,34.2505,2,,2,,2,,2,,2
757.0,2,3.5618,2,34.2505,2,,2,,2,,2,,2
758.0,2,3.5622,2,34.2505,2,,2,,2,,2,,2
759.0,2,3.5627,2,34.2505,2,,2,,2,,2,,2
760.0,2,3.5609,2,34.2512,2,,2,,2,,2,,2
761.0,2,3.5589999999999997,2,34.2515,2,,2,,2,,2,,2
762.0,2,3.5573,2,34.2516,2,,2,,2,,2,,2
763.0,2,3.5507,2,34.251999999999995,2,,2,,2,,2,,2
764.0,2,3.5387,2,34.2515,2,,2,,2,,2,,2
765.0,2,3.5347,2,34.2514,2,,2,,2,,2,,2
766.0,2,3.5332,2,34.2515,2,,2,,2,,2,,2
767.0,2,3.5314,2,34.2521,2,,2,,2,,2,,2
768.0,2,3.5346,2,34.2533,2,,2,,2,,2,,2
769.0,2,3.537,2,34.2539,2,,2,,2,,2,,2
770.0,2,3.5378,2,34.2545,2,,2,,2,,2,,2
771.0,2,3.5375,2,34.2547,2,,2,,2,,2,,2
772.0,2,3.5372,2,34.255,2,,2,,2,,2,,2
773.0,2,3.5368,2,34.2552,2,,2,,2,,2,,2
774.0,2,3.5358,2,34.2557,2,,2,,2,,2,,2
775.0,2,3.5355,2,34.2558,2,,2,,2,,2,,2
776.0,2,3.5351,2,34.256,2,,2,,2,,2,,2
777.0,2,3.531,2,34.2572,2,,2,,2,,2,,2
778.0,2,3.5274,2,34.258,2,,2,,2,,2,,2
779.0,2,3.5269999999999997,2,34.2585,2,,2,,2,,2,,2
780.0,2,3.5263,2,34.2594,2,,2,,2,,2,,2
781.0,2,3.5255,2,34.26,2,,2,,2,,2,,2
782.0,2,3.5238,2,34.2599,2,,2,,2,,2,,2
783.0,2,3.5172,2,34.2604,2,,2,,2,,2,,2
784.0,2,3.5139,2,34.2605,2,,2,,2,,2,,2
785.0,2,3.5116,2,34.260999999999996,2,,2,,2,,2,,2
786.0,2,3.5087,2,34.2612,2,,2,,2,,2,,2
787.0,2,3.5038,2,34.2622,2,,2,,2,,2,,2
788.0,2,3.4971,2,34.2624,2,,2,,2,,2,,2
789.0,2,3.4936,2,34.2635,2,,2,,2,,2,,2
790.0,2,3.4918,2,34.2646,2,,2,,2,,2,,2
791.0,2,3.4885,2,34.2658,2,,2,,2,,2,,2
792.0,2,3.4854,2,34.2664,2,,2,,2,,2,,2
793.0,2,3.478,2,34.2678,2,,2,,2,,2,,2
794.0,2,3.4732,2,34.2688,2,,2,,2,,2,,2
795.0,2,3.4712,2,34.2693,2,,2,,2,,2,,2
796.0,2,3.471,2,34.2694,2,,2,,2,,2,,2
797.0,2,3.4714,2,34.2694,2,,2,,2,,2,,2
798.0,2,3.4717,2,34.2695,2,,2,,2,,2,,2
799.0,2,3.4718,2,34.2696,2,,2,,2,,2,,2
800.0,2,3.4719,2,34.2696,2,,2,,2,,2,,2
801.0,2,3.4716,2,34.2698,2,,2,,2,,2,,2
802.0,2,3.4713,2,34.2697,2,,2,,2,,2,,2
803.0,2,3.4713,2,34.2697,2,,2,,2,,2,,2
804.0,2,3.4696,2,34.2702,2,,2,,2,,2,,2
805.0,2,3.4662,2,34.2712,2,,2,,2,,2,,2
806.0,2,3.4611,2,34.2727,2,,2,,2,,2,,2
807.0,2,3.4579,2,34.2738,2,,2,,2,,2,,2
808.0,2,3.4546,2,34.2745,2,,2,,2,,2,,2
809.0,2,3.4511,2,34.2752,2,,2,,2,,2,,2
810.0,2,3.4498,2,34.2756,2,,2,,2,,2,,2
811.0,2,3.4494,2,34.2757,2,,2,,2,,2,,2
812.0,2,3.449,2,34.2758,2,,2,,2,,2,,2
813.0,2,3.4489,2,34.2758,2,,2,,2,,2,,2
814.0,2,3.4483,2,34.2758,2,,2,,2,,2,,2
815.0,2,3.4481,2,34.275999999999996,2,,2,,2,,2,,2
816.0,2,3.4481,2,34.275999999999996,2,,2,,2,,2,,2
817.0,2,3.4481,2,34.275999999999996,2,,2,,2,,2,,2
818.0,2,3.4483,2,34.2759,2,,2,,2,,2,,2
819.0,2,3.4472,2,34.2762,2,,2,,2,,2,,2
820.0,2,3.4458,2,34.2766,2,,2,,2,,2,,2
821.0,2,3.4456,2,34.2767,2,,2,,2,,2,,2
822.0,2,3.4448,2,34.2767,2,,2,,2,,2,,2
823.0,2,3.4383,2,34.2781,2,,2,,2,,2,,2
824.0,2,3.4332,2,34.279,2,,2,,2,,2,,2
825.0,2,3.4265,2,34.2806,2,,2,,2,,2,,2
826.0,2,3.424,2,34.2813,2,,2,,2,,2,,2
827.0,2,3.4231,2,34.2815,2,,2,,2,,2,,2
828.0,2,3.4221,2,34.2817,2,,2,,2,,2,,2
829.0,2,3.4212,2,34.2819,2,,2,,2,,2,,2
830.0,2,3.4196,2,34.2821,2,,2,,2,,2,,2
831.0,2,3.4165,2,34.2828,2,,2,,2,,2,,2
832.0,2,3.4160000000000004,2,34.2828,2,,2,,2,,2,,2
833.0,2,3.4149,2,34.2831,2,,2,,2,,2,,2
834.0,2,3.4143,2,34.2832,2,,2,,2,,2,,2
835.0,2,3.4146,2,34.2831,2,,2,,2,,2,,2
836.0,2,3.4134,2,34.2834,2,,2,,2,,2,,2
837.0,2,3.4003,2,34.2853,2,,2,,2,,2,,2
838.0,2,3.3954,2,34.286,2,,2,,2,,2,,2
839.0,2,3.3908,2,34.2866,2,,2,,2,,2,,2
840.0,2,3.3892,2,34.287,2,,2,,2,,2,,2
841.0,2,3.3875,2,34.2874,2,,2,,2,,2,,2
842.0,2,3.3872,2,34.2874,2,,2,,2,,2,,2
843.0,2,3.3869,2,34.2875,2,,2,,2,,2,,2
844.0,2,3.3865,2,34.2877,2,,2,,2,,2,,2
845.0,2,3.3866,2,34.2876,2,,2,,2,,2,,2
846.0,2,3.3861,2,34.2878,2,,2,,2,,2,,2
847.0,2,3.3824,2,34.2885,2,,2,,2,,2,,2
848.0,2,3.3793,2,34.2892,2,,2,,2,,2,,2
849.0,2,3.3746,2,34.2902,2,,2,,2,,2,,2
850.0,2,3.3719,2,34.2909,2,,2,,2,,2,,2
851.0,2,3.3692,2,34.2915,2,,2,,2,,2,,2
852.0,2,3.3617,2,34.2933,2,,2,,2,,2,,2
853.0,2,3.3591,2,34.2941,2,,2,,2,,2,,2
854.0,2,3.3581,2,34.2944,2,,2,,2,,2,,2
855.0,2,3.3576,2,34.2945,2,,2,,2,,2,,2
856.0,2,3.3560000000000003,2,34.2948,2,,2,,2,,2,,2
857.0,2,3.3515,2,34.296,2,,2,,2,,2,,2
858.0,2,3.3501,2,34.2964,2,,2,,2,,2,,2
859.0,2,3.3495,2,34.2966,2,,2,,2,,2,,2
860.0,2,3.3489999999999998,2,34.2968,2,,2,,2,,2,,2
861.0,2,3.3482,2,34.2969,2,,2,,2,,2,,2
862.0,2,3.3477,2,34.2972,2,,2,,2,,2,,2
863.0,2,3.3466,2,34.2974,2,,2,,2,,2,,2
864.0,2,3.3448,2,34.2978,2,,2,,2,,2,,2
865.0,2,3.3433,2,34.2983,2,,2,,2,,2,,2
866.0,2,3.3426,2,34.2984,2,,2,,2,,2,,2
867.0,2,3.3406,2,34.2989,2,,2,,2,,2,,2
868.0,2,3.3388,2,34.2993,2,,2,,2,,2,,2
869.0,2,3.3378,2,34.2995,2,,2,,2,,2,,2
870.0,2,3.3371,2,34.2997,2,,2,,2,,2,,2
871.0,2,3.3327,2,34.3008,2,,2,,2,,2,,2
872.0,2,3.33,2,34.3013,2,,2,,2,,2,,2
873.0,2,3.3299,2,34.3013,2,,2,,2,,2,,2
874.0,2,3.3292,2,34.3015,2,,2,,2,,2,,2
875.0,2,3.3273,2,34.3018,2,,2,,2,,2,,2
876.0,2,3.3264,2,34.3021,2,,2,,2,,2,,2
877.0,2,3.3228,2,34.303000000000004,2,,2,,2,,2,,2
878.0,2,3.3212,2,34.3034,2,,2,,2,,2,,2
879.0,2,3.3199,2,34.3037,2,,2,,2,,2,,2
880.0,2,3.3196,2,34.3037,2,,2,,2,,2,,2
881.0,2,3.3182,2,34.3042,2,,2,,2,,2,,2
882.0,2,3.3169999999999997,2,34.3045,2,,2,,2,,2,,2
883.0,2,3.3169999999999997,2,34.3045,2,,2,,2,,2,,2
884.0,2,3.3169,2,34.3046,2,,2,,2,,2,,2
885.0,2,3.3167,2,34.3046,2,,2,,2,,2,,2
886.0,2,3.3160000000000003,2,34.3046,2,,2,,2,,2,,2
887.0,2,3.3125,2,34.3057,2,,2,,2,,2,,2
888.0,2,3.3089,2,34.3066,2,,2,,2,,2,,2
889.0,2,3.3056,2,34.3075,2,,2,,2,,2,,2
890.0,2,3.3027,2,34.3081,2,,2,,2,,2,,2
891.0,2,3.2988,2,34.3091,2,,2,,2,,2,,2
892.0,2,3.2948,2,34.31,2,,2,,2,,2,,2
893.0,2,3.2923,2,34.3106,2,,2,,2,,2,,2
894.0,2,3.2894,2,34.3112,2,,2,,2,,2,,2
895.0,2,3.2872,2,34.3117,2,,2,,2,,2,,2
896.0,2,3.2833,2,34.3125,2,,2,,2,,2,,2
897.0,2,3.2812,2,34.3131,2,,2,,2,,2,,2
898.0,2,3.2808,2,34.3132,2,,2,,2,,2,,2
899.0,2,3.2806,2,34.3134,2,,2,,2,,2,,2
900.0,2,3.2799,2,34.3135,2,,2,,2,,2,,2
901.0,2,3.2791,2,34.3138,2,,2,,2,,2,,2
902.0,2,3.2783,2,34.314,2,,2,,2,,2,,2
903.0,2,3.2774,2,34.3141,2,,2,,2,,2,,2
904.0,2,3.2749,2,34.3147,2,,2,,2,,2,,2
905.0,2,3.2747,2,34.3147,2,,2,,2,,2,,2
906.0,2,3.2744,2,34.3149,2,,2,,2,,2,,2
907.0,2,3.2725,2,34.3154,2,,2,,2,,2,,2
908.0,2,3.2711,2,34.3156,2,,2,,2,,2,,2
909.0,2,3.2674,2,34.3167,2,,2,,2,,2,,2
910.0,2,3.2646,2,34.3171,2,,2,,2,,2,,2
911.0,2,3.2595,2,34.3184,2,,2,,2,,2,,2
912.0,2,3.2593,2,34.3183,2,,2,,2,,2,,2
913.0,2,3.2560000000000002,2,34.319,2,,2,,2,,2,,2
914.0,2,3.25,2,34.3205,2,,2,,2,,2,,2
915.0,2,3.2446,2,34.3219,2,,2,,2,,2,,2
916.0,2,3.2426,2,34.3223,2,,2,,2,,2,,2
917.0,2,3.2409,2,34.3228,2,,2,,2,,2,,2
918.0,2,3.2387,2,34.3233,2,,2,,2,,2,,2
919.0,2,3.2365,2,34.3239,2,,2,,2,,2,,2
920.0,2,3.2359,2,34.324,2,,2,,2,,2,,2
921.0,2,3.2345,2,34.3242,2,,2,,2,,2,,2
922.0,2,3.2324,2,34.3247,2,,2,,2,,2,,2
923.0,2,3.2301,2,34.3252,2,,2,,2,,2,,2
924.0,2,3.2281,2,34.3257,2,,2,,2,,2,,2
925.0,2,3.2278,2,34.3258,2,,2,,2,,2,,2
926.0,2,3.2275,2,34.3258,2,,2,,2,,2,,2
927.0,2,3.2268,2,34.326,2,,2,,2,,2,,2
928.0,2,3.2259,2,34.3262,2,,2,,2,,2,,2
928.9,2,3.2247,2,34.3263,2,,2,,2,,2,,2
930.0,2,3.2208,2,34.3271,2,,2,,2,,2,,2
931.0,2,3.2176,2,34.3279,2,,2,,2,,2,,2
932.0,2,3.217,2,34.328,2,,2,,2,,2,,2
933.0,2,3.2155,2,34.3282,2,,2,,2,,2,,2
934.0,2,3.2143,2,34.3285,2,,2,,2,,2,,2
935.0,2,3.2128,2,34.3289,2,,2,,2,,2,,2
936.0,2,3.2108,2,34.3293,2,,2,,2,,2,,2
937.0,2,3.2082,2,34.3299,2,,2,,2,,2,,2
938.0,2,3.2073,2,34.33,2,,2,,2,,2,,2
939.0,2,3.2024,2,34.330999999999996,2,,2,,2,,2,,2
940.0,2,3.1969,2,34.3322,2,,2,,2,,2,,2
941.0,2,3.196,2,34.3325,2,,2,,2,,2,,2
942.0,2,3.1958,2,34.3325,2,,2,,2,,2,,2
943.0,2,3.1951,2,34.3327,2,,2,,2,,2,,2
944.0,2,3.1941,2,34.3328,2,,2,,2,,2,,2
945.0,2,3.1897,2,34.334,2,,2,,2,,2,,2
946.0,2,3.1873,2,34.3346,2,,2,,2,,2,,2
947.0,2,3.1829,2,34.3355,2,,2,,2,,2,,2
948.0,2,3.1804,2,34.3362,2,,2,,2,,2,,2
949.0,2,3.1766,2,34.336999999999996,2,,2,,2,,2,,2
950.0,2,3.1752,2,34.3373,2,,2,,2,,2,,2
951.0,2,3.1747,2,34.3375,2,,2,,2,,2,,2
952.0,2,3.1746,2,34.3376,2,,2,,2,,2,,2
953.0,2,3.1746,2,34.3376,2,,2,,2,,2,,2
954.0,2,3.1739,2,34.3377,2,,2,,2,,2,,2
955.0,2,3.1703,2,34.3386,2,,2,,2,,2,,2
956.0,2,3.1642,2,34.34,2,,2,,2,,2,,2
957.0,2,3.1611,2,34.3411,2,,2,,2,,2,,2
958.0,2,3.1602,2,34.3411,2,,2,,2,,2,,2
959.0,2,3.1581,2,34.3412,2,,2,,2,,2,,2
960.0,2,3.1561,2,34.3416,2,,2,,2,,2,,2
961.0,2,3.1551,2,34.3418,2,,2,,2,,2,,2
962.0,2,3.154,2,34.3421,2,,2,,2,,2,,2
963.0,2,3.153,2,34.3424,2,,2,,2,,2,,2
964.0,2,3.1524,2,34.3425,2,,2,,2,,2,,2
965.0,2,3.1519,2,34.3426,2,,2,,2,,2,,2
966.0,2,3.1511,2,34.343,2,,2,,2,,2,,2
967.0,2,3.1501,2,34.3435,2,,2,,2,,2,,2
968.0,2,3.1487,2,34.3438,2,,2,,2,,2,,2
969.0,2,3.1482,2,34.3445,2,,2,,2,,2,,2
970.0,2,3.1487,2,34.3449,2,,2,,2,,2,,2
971.0,2,3.1485,2,34.3452,2,,2,,2,,2,,2
972.0,2,3.1466,2,34.3458,2,,2,,2,,2,,2
973.4,2,3.1429,2,34.3464,2,,2,,2,,2,,2
974.0,2,3.139,2,34.3479,2,,2,,2,,2,,2
975.0,2,3.1353,2,34.3481,2,,2,,2,,2,,2
976.0,2,3.1310000000000002,2,34.3484,2,,2,,2,,2,,2
977.0,2,3.1302,2,34.3486,2,,2,,2,,2,,2
978.0,2,3.1298,2,34.3488,2,,2,,2,,2,,2
978.9,2,3.1292,2,34.349000000000004,2,,2,,2,,2,,2
980.4,2,3.1267,2,34.3494,2,,2,,2,,2,,2
981.0,2,3.1259,2,34.3496,2,,2,,2,,2,,2
982.0,2,3.1261,2,34.3496,2,,2,,2,,2,,2
983.0,2,3.1242,2,34.3499,2,,2,,2,,2,,2
984.0,2,3.1218,2,34.3504,2,,2,,2,,2,,2
985.0,2,3.1210000000000004,2,34.3505,2,,2,,2,,2,,2
986.0,2,3.1208,2,34.3507,2,,2,,2,,2,,2
987.0,2,3.1207,2,34.3506,2,,2,,2,,2,,2
988.0,2,3.1188,2,34.351,2,,2,,2,,2,,2
989.0,2,3.117,2,34.3514,2,,2,,2,,2,,2
990.0,2,3.1153,2,34.3517,2,,2,,2,,2,,2
991.0,2,3.1147,2,34.3519,2,,2,,2,,2,,2
992.0,2,3.1147,2,34.352,2,,2,,2,,2,,2
993.0,2,3.1134,2,34.3523,2,,2,,2,,2,,2
994.0,2,3.1123,2,34.3527,2,,2,,2,,2,,2
995.0,2,3.1112,2,34.3529,2,,2,,2,,2,,2
996.0,2,3.1107,2,34.353,2,,2,,2,,2,,2
997.0,2,3.1101,2,34.3535,2,,2,,2,,2,,2
998.1,2,3.1093,2,34.3539,2,,2,,2,,2,,2
999.0,2,3.1043,2,34.3551,2,,2,,2,,2,,2
1000.0,2,3.0999,2,34.3561,2,,2,,2,,2,,2
1001.0,2,3.0965,2,34.3564,2,,2,,2,,2,,2
1002.0,2,3.0928,2,34.3571,2,,2,,2,,2,,2
1003.0,2,3.091,2,34.3572,2,,2,,2,,2,,2
1004.0,2,3.0903,2,34.3574,2,,2,,2,,2,,2
1005.0,2,3.0889,2,34.3575,2,,2,,2,,2,,2
1006.0,2,3.082,2,34.3589,2,,2,,2,,2,,2
1007.0,2,3.0789999999999997,2,34.3596,2,,2,,2,,2,,2
1008.0,2,3.0767,2,34.3602,2,,2,,2,,2,,2
1009.0,2,3.071,2,34.3608,2,,2,,2,,2,,2
1010.0,2,3.0654,2,34.3616,2,,2,,2,,2,,2
1011.0,2,3.0602,2,34.3631,2,,2,,2,,2,,2
1012.0,2,3.0589,2,34.3635,2,,2,,2,,2,,2
1013.0,2,3.0579,2,34.364000000000004,2,,2,,2,,2,,2
1014.0,2,3.0567,2,34.3645,2,,2,,2,,2,,2
1015.0,2,3.0551,2,34.3648,2,,2,,2,,2,,2
1016.0,2,3.0536,2,34.3654,2,,2,,2,,2,,2
1017.0,2,3.0509,2,34.3659,2,,2,,2,,2,,2
1018.0,2,3.0486,2,34.3665,2,,2,,2,,2,,2
1019.0,2,3.0469999999999997,2,34.3669,2,,2,,2,,2,,2
1020.0,2,3.0462,2,34.3672,2,,2,,2,,2,,2
1021.0,2,3.0453,2,34.3674,2,,2,,2,,2,,2
1022.0,2,3.0447,2,34.3675,2,,2,,2,,2,,2
1023.0,2,3.0442,2,34.3676,2,,2,,2,,2,,2
1024.0,2,3.0439999999999996,2,34.3677,2,,2,,2,,2,,2
1025.0,2,3.0419,2,34.3681,2,,2,,2,,2,,2
1026.0,2,3.0402,2,34.3684,2,,2,,2,,2,,2
1027.0,2,3.037,2,34.3692,2,,2,,2,,2,,2
1028.0,2,3.0353,2,34.3697,2,,2,,2,,2,,2
1029.0,2,3.0329,2,34.3698,2,,2,,2,,2,,2
1030.0,2,3.031,2,34.3703,2,,2,,2,,2,,2
1031.0,2,3.0298,2,34.3706,2,,2,,2,,2,,2
1032.0,2,3.0283,2,34.3709,2,,2,,2,,2,,2
1033.0,2,3.0265,2,34.3713,2,,2,,2,,2,,2
1034.0,2,3.0254,2,34.3718,2,,2,,2,,2,,2
1035.0,2,3.0247,2,34.3719,2,,2,,2,,2,,2
1035.7,2,3.0236,2,34.3722,2,,2,,2,,2,,2
1037.1,2,3.0235,2,34.3721,2,,2,,2,,2,,2
1038.0,2,3.0225,2,34.3724,2,,2,,2,,2,,2
1039.0,2,3.0215,2,34.3725,2,,2,,2,,2,,2
1040.0,2,3.0207,2,34.3726,2,,2,,2,,2,,2
1041.0,2,3.0202,2,34.3728,2,,2,,2,,2,,2
1042.0,2,3.0185,2,34.3731,2,,2,,2,,2,,2
1043.0,2,3.017,2,34.3733,2,,2,,2,,2,,2
1044.0,2,3.016,2,34.3736,2,,2,,2,,2,,2
1045.0,2,3.0149,2,34.3738,2,,2,,2,,2,,2
1046.0,2,3.0141,2,34.374,2,,2,,2,,2,,2
1047.0,2,3.0134,2,34.3742,2,,2,,2,,2,,2
1048.0,2,3.0135,2,34.3744,2,,2,,2,,2,,2
1049.0,2,3.0136,2,34.3746,2,,2,,2,,2,,2
1050.0,2,3.0136,2,34.3743,2,,2,,2,,2,,2
1051.0,2,3.0096,2,34.3757,2,,2,,2,,2,,2
1052.0,2,3.0089,2,34.3758,2,,2,,2,,2,,2
1053.0,2,3.0074,2,34.3762,2,,2,,2,,2,,2
1054.0,2,3.0069999999999997,2,34.3761,2,,2,,2,,2,,2
1055.0,2,3.0038,2,34.3767,2,,2,,2,,2,,2
1056.0,2,3.0019,2,34.3771,2,,2,,2,,2,,2
1057.0,2,2.9999,2,34.3774,2,,2,,2,,2,,2
1058.0,2,2.9986,2,34.3777,2,,2,,2,,2,,2
1059.0,2,2.9981,2,34.3778,2,,2,,2,,2,,2
1060.0,2,2.998,2,34.3778,2,,2,,2,,2,,2
1061.0,2,2.9975,2,34.378,2,,2,,2,,2,,2
1062.0,2,2.9969,2,34.3782,2,,2,,2,,2,,2
1063.0,2,2.9957,2,34.3783,2,,2,,2,,2,,2
1064.0,2,2.9947,2,34.3787,2,,2,,2,,2,,2
1065.0,2,2.9942,2,34.3787,2,,2,,2,,2,,2
1066.0,2,2.9931,2,34.3789,2,,2,,2,,2,,2
1067.0,2,2.9895,2,34.3795,2,,2,,2,,2,,2
1068.0,2,2.9872,2,34.38,2,,2,,2,,2,,2
1069.0,2,2.9863,2,34.3801,2,,2,,2,,2,,2
1070.0,2,2.985,2,34.3806,2,,2,,2,,2,,2
1071.0,2,2.9810000000000003,2,34.3814,2,,2,,2,,2,,2
1072.0,2,2.9781,2,34.3817,2,,2,,2,,2,,2
1073.0,2,2.9730000000000003,2,34.3827,2,,2,,2,,2,,2
1074.0,2,2.9714,2,34.3831,2,,2,,2,,2,,2
1075.0,2,2.9707,2,34.3832,2,,2,,2,,2,,2
1076.0,2,2.9694,2,34.3835,2,,2,,2,,2,,2
1077.0,2,2.9689,2,34.3835,2,,2,,2,,2,,2
1078.0,2,2.9682,2,34.3837,2,,2,,2,,2,,2
1079.0,2,2.9681,2,34.3839,2,,2,,2,,2,,2
1080.3,2,2.9673,2,34.3837,2,,2,,2,,2,,2
1081.0,2,2.9672,2,34.3838,2,,2,,2,,2,,2
1082.0,2,2.967,2,34.3839,2,,2,,2,,2,,2
1083.0,2,2.9666,2,34.3842,2,,2,,2,,2,,2
1084.0,2,2.9658,2,34.3842,2,,2,,2,,2,,2
1085.0,2,2.9649,2,34.3845,2,,2,,2,,2,,2
1086.0,2,2.9626,2,34.385,2,,2,,2,,2,,2
1087.0,2,2.9605,2,34.3853,2,,2,,2,,2,,2
1088.0,2,2.9596,2,34.3855,2,,2,,2,,2,,2
1089.0,2,2.9563,2,34.3864,2,,2,,2,,2,,2
1090.0,2,2.9545,2,34.3868,2,,2,,2,,2,,2
1091.0,2,2.9525,2,34.3873,2,,2,,2,,2,,2
1092.0,2,2.9517,2,34.3875,2,,2,,2,,2,,2
1093.0,2,2.9508,2,34.3876,2,,2,,2,,2,,2
1094.0,2,2.9483,2,34.3882,2,,2,,2,,2,,2
1095.0,2,2.9444,2,34.3891,2,,2,,2,,2,,2
1095.5,2,2.9423,2,34.3895,2,,2,,2,,2,,2
1097.0,2,2.9388,2,34.3904,2,,2,,2,,2,,2
1098.0,2,2.9346,2,34.3913,2,,2,,2,,2,,2
1099.0,2,2.9337,2,34.3914,2,,2,,2,,2,,2
1100.0,2,2.9316,2,34.3918,2,,2,,2,,2,,2
1101.0,2,2.9307,2,34.391999999999996,2,,2,,2,,2,,2
1102.0,2,2.9294,2,34.3923,2,,2,,2,,2,,2
1103.0,2,2.9286,2,34.3926,2,,2,,2,,2,,2
1104.0,2,2.9277,2,34.3927,2,,2,,2,,2,,2
1105.1,2,2.9243,2,34.3935,2,,2,,2,,2,,2
1106.1,2,2.9178,2,34.3949,2,,2,,2,,2,,2
1107.0,2,2.9159,2,34.3952,2,,2,,2,,2,,2
1108.0,2,2.9152,2,34.3953,2,,2,,2,,2,,2
1109.0,2,2.9141,2,34.3954,2,,2,,2,,2,,2
1110.0,2,2.9102,2,34.3959,2,,2,,2,,2,,2
1111.0,2,2.9076,2,34.3963,2,,2,,2,,2,,2
1112.0,2,2.9044,2,34.3966,2,,2,,2,,2,,2
1113.0,2,2.9033,2,34.3969,2,,2,,2,,2,,2
1114.0,2,2.9001,2,34.3974,2,,2,,2,,2,,2
1115.0,2,2.8960000000000004,2,34.398,2,,2,,2,,2,,2
1116.0,2,2.8956,2,34.3981,2,,2,,2,,2,,2
1117.0,2,2.8953,2,34.3981,2,,2,,2,,2,,2
1118.0,2,2.8939999999999997,2,34.3985,2,,2,,2,,2,,2
1119.0,2,2.8899,2,34.3994,2,,2,,2,,2,,2
1120.0,2,2.8818,2,34.4012,2,,2,,2,,2,,2
1121.0,2,2.8779,2,34.4021,2,,2,,2,,2,,2
1122.0,2,2.8751,2,34.4023,2,,2,,2,,2,,2
1123.0,2,2.8737,2,34.4027,2,,2,,2,,2,,2
1124.0,2,2.8723,2,34.403,2,,2,,2,,2,,2
1125.0,2,2.8701,2,34.4034,2,,2,,2,,2,,2
1126.0,2,2.8669,2,34.4041,2,,2,,2,,2,,2
1127.0,2,2.8655,2,34.4045,2,,2,,2,,2,,2
1128.0,2,2.8622,2,34.4054,2,,2,,2,,2,,2
1129.0,2,2.8572,2,34.4064,2,,2,,2,,2,,2
1130.0,2,2.8556,2,34.4065,2,,2,,2,,2,,2
1131.0,2,2.8543,2,34.4067,2,,2,,2,,2,,2
1132.0,2,2.8514,2,34.4073,2,,2,,2,,2,,2
1133.0,2,2.8509,2,34.4075,2,,2,,2,,2,,2
1134.0,2,2.8504,2,34.4076,2,,2,,2,,2,,2
1135.0,2,2.8498,2,34.4077,2,,2,,2,,2,,2
1135.9,2,2.8447,2,34.4091,2,,2,,2,,2,,2
1138.2,2,2.8338,2,34.411,2,,2,,2,,2,,2
1139.0,2,2.8316,2,34.4114,2,,2,,2,,2,,2
1140.0,2,2.8308,2,34.4116,2,,2,,2,,2,,2
1141.0,2,2.8306,2,34.4116,2,,2,,2,,2,,2
1142.0,2,2.8292,2,34.412,2,,2,,2,,2,,2
1143.0,2,2.8286,2,34.4121,2,,2,,2,,2,,2
1144.0,2,2.8286,2,34.4122,2,,2,,2,,2,,2
1145.0,2,2.8284,2,34.4122,2,,2,,2,,2,,2
1146.0,2,2.8285,2,34.4121,2,,2,,2,,2,,2
1147.0,2,2.8287,2,34.4122,2,,2,,2,,2,,2
1148.0,2,2.8295,2,34.4119,2,,2,,2,,2,,2
1149.0,2,2.8291,2,34.4121,2,,2,,2,,2,,2
1150.0,2,2.8299,2,34.4121,2,,2,,2,,2,,2
1151.0,2,2.8295,2,34.4121,2,,2,,2,,2,,2
1152.0,2,2.8289,2,34.4122,2,,2,,2,,2,,2
1153.0,2,2.8292,2,34.4121,2,,2,,2,,2,,2
1154.0,2,2.8285,2,34.4123,2,,2,,2,,2,,2
1155.0,2,2.8284,2,34.4123,2,,2,,2,,2,,2
1156.0,2,2.8268,2,34.4126,2,,2,,2,,2,,2
1157.0,2,2.8213,2,34.4138,2,,2,,2,,2,,2
1158.0,2,2.8187,2,34.4143,2,,2,,2,,2,,2
1159.0,2,2.8178,2,34.4145,2,,2,,2,,2,,2
1160.0,2,2.8173,2,34.4146,2,,2,,2,,2,,2
1161.0,2,2.8171,2,34.4146,2,,2,,2,,2,,2
1162.0,2,2.8162,2,34.4148,2,,2,,2,,2,,2
1163.0,2,2.8156,2,34.4149,2,,2,,2,,2,,2
1164.0,2,2.8147,2,34.4152,2,,2,,2,,2,,2
1165.0,2,2.8133,2,34.4154,2,,2,,2,,2,,2
1166.0,2,2.8118,2,34.4157,2,,2,,2,,2,,2
1167.0,2,2.8114,2,34.4157,2,,2,,2,,2,,2
1168.0,2,2.8102,2,34.4159,2,,2,,2,,2,,2
1169.0,2,2.8098,2,34.4161,2,,2,,2,,2,,2
1170.0,2,2.8097,2,34.416,2,,2,,2,,2,,2
1171.0,2,2.8095,2,34.4161,2,,2,,2,,2,,2
1172.0,2,2.8057,2,34.417,2,,2,,2,,2,,2
1173.0,2,2.8025,2,34.4176,2,,2,,2,,2,,2
1174.0,2,2.799,2,34.4184,2,,2,,2,,2,,2
1175.0,2,2.7985,2,34.4184,2,,2,,2,,2,,2
1176.0,2,2.7975,2,34.4187,2,,2,,2,,2,,2
1177.0,2,2.7971,2,34.4187,2,,2,,2,,2,,2
1178.0,2,2.7966,2,34.4188,2,,2,,2,,2,,2
1179.0,2,2.7969,2,34.4188,2,,2,,2,,2,,2
1180.0,2,2.7967,2,34.4188,2,,2,,2,,2,,2
1181.0,2,2.7961,2,34.419000000000004,2,,2,,2,,2,,2
1182.0,2,2.7961,2,34.4191,2,,2,,2,,2,,2
1183.0,2,2.7943,2,34.4194,2,,2,,2,,2,,2
1184.0,2,2.7924,2,34.4198,2,,2,,2,,2,,2
1185.0,2,2.792,2,34.4199,2,,2,,2,,2,,2
1186.0,2,2.7915,2,34.42,2,,2,,2,,2,,2
1187.0,2,2.7915,2,34.4201,2,,2,,2,,2,,2
1188.0,2,2.7871,2,34.4209,2,,2,,2,,2,,2
1189.0,2,2.7851,2,34.4213,2,,2,,2,,2,,2
1190.0,2,2.7835,2,34.4216,2,,2,,2,,2,,2
1191.0,2,2.7817,2,34.4221,2,,2,,2,,2,,2
1192.1,2,2.7811,2,34.4223,2,,2,,2,,2,,2
1192.9,2,2.7803,2,34.4223,2,,2,,2,,2,,2
1194.0,2,2.7794,2,34.4225,2,,2,,2,,2,,2
1195.0,2,2.7771,2,34.4229,2,,2,,2,,2,,2
1196.0,2,2.7758,2,34.4232,2,,2,,2,,2,,2
1197.0,2,2.7748,2,34.4234,2,,2,,2,,2,,2
1198.0,2,2.7737,2,34.4237,2,,2,,2,,2,,2
1199.0,2,2.7731,2,34.424,2,,2,,2,,2,,2
1200.0,2,2.773,2,34.424,2,,2,,2,,2,,2
1201.0,2,2.7726,2,34.424,2,,2,,2,,2,,2
1202.0,2,2.7717,2,34.4242,2,,2,,2,,2,,2
1203.0,2,2.7701,2,34.4245,2,,2,,2,,2,,2
1204.0,2,2.7675,2,34.4252,2,,2,,2,,2,,2
1205.0,2,2.7664,2,34.4253,2,,2,,2,,2,,2
1206.0,2,2.7654,2,34.4256,2,,2,,2,,2,,2
1207.0,2,2.7622,2,34.4263,2,,2,,2,,2,,2
1208.0,2,2.7602,2,34.4266,2,,2,,2,,2,,2
1209.0,2,2.7585,2,34.4268,2,,2,,2,,2,,2
1210.0,2,2.7579,2,34.427,2,,2,,2,,2,,2
1211.0,2,2.7567,2,34.4273,2,,2,,2,,2,,2
1212.0,2,2.7537,2,34.428000000000004,2,,2,,2,,2,,2
1213.0,2,2.7510000000000003,2,34.4287,2,,2,,2,,2,,2
1214.0,2,2.7509,2,34.4285,2,,2,,2,,2,,2
1215.0,2,2.75,2,34.4288,2,,2,,2,,2,,2
1216.0,2,2.7479,2,34.4291,2,,2,,2,,2,,2
1217.0,2,2.7463,2,34.4295,2,,2,,2,,2,,2
1218.0,2,2.7456,2,34.4297,2,,2,,2,,2,,2
1219.0,2,2.7458,2,34.4296,2,,2,,2,,2,,2
1220.0,2,2.7446,2,34.4298,2,,2,,2,,2,,2
1221.0,2,2.7442,2,34.4299,2,,2,,2,,2,,2
1222.0,2,2.7438,2,34.43,2,,2,,2,,2,,2
1223.0,2,2.7436,2,34.4301,2,,2,,2,,2,,2
1224.0,2,2.7436,2,34.43,2,,2,,2,,2,,2
1225.0,2,2.7425,2,34.4303,2,,2,,2,,2,,2
1226.0,2,2.7413,2,34.4307,2,,2,,2,,2,,2
1227.0,2,2.7409,2,34.4308,2,,2,,2,,2,,2
1228.0,2,2.7374,2,34.4316,2,,2,,2,,2,,2
1229.0,2,2.7353,2,34.4321,2,,2,,2,,2,,2
1230.0,2,2.7348,2,34.4321,2,,2,,2,,2,,2
1231.0,2,2.7329,2,34.4325,2,,2,,2,,2,,2
1232.0,2,2.7313,2,34.4326,2,,2,,2,,2,,2
1233.0,2,2.7311,2,34.4326,2,,2,,2,,2,,2
1234.0,2,2.7301,2,34.4328,2,,2,,2,,2,,2
1235.0,2,2.7289999999999996,2,34.433,2,,2,,2,,2,,2
1236.0,2,2.7275,2,34.4333,2,,2,,2,,2,,2
1236.9,2,2.7248,2,34.4336,2,,2,,2,,2,,2
1238.0,2,2.7193,2,34.4348,2,,2,,2,,2,,2
1239.0,2,2.7186,2,34.4349,2,,2,,2,,2,,2
1240.0,2,2.7181,2,34.435,2,,2,,2,,2,,2
1241.0,2,2.7175,2,34.4352,2,,2,,2,,2,,2
1242.0,2,2.7169,2,34.4352,2,,2,,2,,2,,2
1243.0,2,2.7162,2,34.4355,2,,2,,2,,2,,2
1243.9,2,2.7159,2,34.4354,2,,2,,2,,2,,2
1245.0,2,2.7158,2,34.4355,2,,2,,2,,2,,2
1246.0,2,2.7159,2,34.4354,2,,2,,2,,2,,2
1247.0,2,2.7156,2,34.4356,2,,2,,2,,2,,2
1248.0,2,2.715,2,34.4356,2,,2,,2,,2,,2
1249.0,2,2.713,2,34.436,2,,2,,2,,2,,2
1250.0,2,2.7105,2,34.4366,2,,2,,2,,2,,2
1251.0,2,2.7092,2,34.4369,2,,2,,2,,2,,2
1252.0,2,2.7072,2,34.4372,2,,2,,2,,2,,2
1252.9,2,2.7056,2,34.4375,2,,2,,2,,2,,2
1254.0,2,2.7044,2,34.4376,2,,2,,2,,2,,2
1255.0,2,2.7030000000000003,2,34.4379,2,,2,,2,,2,,2
1256.0,2,2.7013,2,34.4383,2,,2,,2,,2,,2
1257.0,2,2.7008,2,34.4384,2,,2,,2,,2,,2
1258.0,2,2.7,2,34.4386,2,,2,,2,,2,,2
1259.0,2,2.6962,2,34.4391,2,,2,,2,,2,,2
1260.0,2,2.693,2,34.4397,2,,2,,2,,2,,2
1261.0,2,2.6913,2,34.4401,2,,2,,2,,2,,2
1262.0,2,2.6896,2,34.4405,2,,2,,2,,2,,2
1263.0,2,2.6878,2,34.4409,2,,2,,2,,2,,2
1264.0,2,2.6853,2,34.4413,2,,2,,2,,2,,2
1265.0,2,2.6834,2,34.4416,2,,2,,2,,2,,2
1266.0,2,2.6831,2,34.4416,2,,2,,2,,2,,2
1267.0,2,2.6827,2,34.4417,2,,2,,2,,2,,2
1268.0,2,2.681,2,34.4419,2,,2,,2,,2,,2
1269.0,2,2.6777,2,34.4427,2,,2,,2,,2,,2
1270.0,2,2.6749,2,34.4433,2,,2,,2,,2,,2
1270.9,2,2.6709,2,34.4443,2,,2,,2,,2,,2
1272.2,2,2.6693,2,34.4444,2,,2,,2,,2,,2
1273.0,2,2.6685,2,34.4448,2,,2,,2,,2,,2
1274.0,2,2.6672,2,34.4449,2,,2,,2,,2,,2
1275.0,2,2.6656,2,34.4452,2,,2,,2,,2,,2
1276.0,2,2.6654,2,34.4453,2,,2,,2,,2,,2
1277.0,2,2.6628,2,34.4457,2,,2,,2,,2,,2
1278.0,2,2.658,2,34.4466,2,,2,,2,,2,,2
1279.0,2,2.6568,2,34.4469,2,,2,,2,,2,,2
1280.0,2,2.6528,2,34.4476,2,,2,,2,,2,,2
1281.0,2,2.6498,2,34.4479,2,,2,,2,,2,,2
1282.0,2,2.6438,2,34.449,2,,2,,2,,2,,2
1283.0,2,2.6392,2,34.4499,2,,2,,2,,2,,2
1284.0,2,2.6347,2,34.451,2,,2,,2,,2,,2
1285.0,2,2.6336,2,34.4508,2,,2,,2,,2,,2
1286.0,2,2.633,2,34.451,2,,2,,2,,2,,2
1287.0,2,2.6327,2,34.4511,2,,2,,2,,2,,2
1288.0,2,2.6316,2,34.4512,2,,2,,2,,2,,2
1289.0,2,2.6287,2,34.4517,2,,2,,2,,2,,2
1290.0,2,2.6266,2,34.4523,2,,2,,2,,2,,2
1291.0,2,2.6256,2,34.4525,2,,2,,2,,2,,2
1292.0,2,2.6242,2,34.4526,2,,2,,2,,2,,2
1293.3,2,2.6229,2,34.453,2,,2,,2,,2,,2
1293.9,2,2.6225,2,34.4529,2,,2,,2,,2,,2
1295.0,2,2.6222,2,34.4529,2,,2,,2,,2,,2
1296.0,2,2.6221,2,34.453,2,,2,,2,,2,,2
1297.0,2,2.622,2,34.4531,2,,2,,2,,2,,2
1298.0,2,2.6215,2,34.4532,2,,2,,2,,2,,2
1298.7,2,2.6212,2,34.4533,2,,2,,2,,2,,2
1300.1,2,2.6184,2,34.4537,2,,2,,2,,2,,2
1301.0,2,2.6177,2,34.4539,2,,2,,2,,2,,2
1302.0,2,2.6175,2,34.4539,2,,2,,2,,2,,2
1303.0,2,2.6161,2,34.4543,2,,2,,2,,2,,2
1304.0,2,2.6131,2,34.4547,2,,2,,2,,2,,2
1305.0,2,2.6121,2,34.4549,2,,2,,2,,2,,2
1306.0,2,2.6108,2,34.455,2,,2,,2,,2,,2
1307.0,2,2.6068,2,34.4557,2,,2,,2,,2,,2
1308.0,2,2.5999,2,34.4571,2,,2,,2,,2,,2
1309.0,2,2.5974,2,34.4576,2,,2,,2,,2,,2
1310.0,2,2.5938,2,34.4582,2,,2,,2,,2,,2
1311.0,2,2.5864,2,34.4594,2,,2,,2,,2,,2
1312.0,2,2.5811,2,34.4604,2,,2,,2,,2,,2
1313.0,2,2.5766,2,34.4612,2,,2,,2,,2,,2
1314.0,2,2.5747,2,34.4615,2,,2,,2,,2,,2
1315.0,2,2.5735,2,34.4619,2,,2,,2,,2,,2
1316.0,2,2.5719,2,34.4623,2,,2,,2,,2,,2
1317.0,2,2.572,2,34.4623,2,,2,,2,,2,,2
1318.0,2,2.5705,2,34.4625,2,,2,,2,,2,,2
1319.0,2,2.5705,2,34.4626,2,,2,,2,,2,,2
1320.0,2,2.5707,2,34.4627,2,,2,,2,,2,,2
1321.0,2,2.5705,2,34.4627,2,,2,,2,,2,,2
1322.0,2,2.5688,2,34.463,2,,2,,2,,2,,2
1323.0,2,2.5689,2,34.463,2,,2,,2,,2,,2
1324.0,2,2.5688,2,34.463,2,,2,,2,,2,,2
1325.0,2,2.5692,2,34.463,2,,2,,2,,2,,2
1326.0,2,2.5693,2,34.463,2,,2,,2,,2,,2
1327.0,2,2.5689,2,34.4632,2,,2,,2,,2,,2
1328.0,2,2.5675,2,34.4634,2,,2,,2,,2,,2
1329.0,2,2.5669,2,34.4635,2,,2,,2,,2,,2
1330.0,2,2.5634,2,34.4641,2,,2,,2,,2,,2
1331.0,2,2.5577,2,34.4652,2,,2,,2,,2,,2
1332.0,2,2.5559,2,34.4654,2,,2,,2,,2,,2
1333.0,2,2.5556,2,34.4657,2,,2,,2,,2,,2
1334.0,2,2.5546,2,34.4658,2,,2,,2,,2,,2
1335.0,2,2.5528,2,34.4661,2,,2,,2,,2,,2
1336.0,2,2.5513,2,34.4663,2,,2,,2,,2,,2
1337.0,2,2.5471,2,34.4672,2,,2,,2,,2,,2
1338.0,2,2.5465,2,34.4673,2,,2,,2,,2,,2
1339.0,2,2.5461,2,34.4673,2,,2,,2,,2,,2
1340.0,2,2.5459,2,34.4673,2,,2,,2,,2,,2
1341.0,2,2.5459,2,34.4675,2,,2,,2,,2,,2
1342.0,2,2.5459,2,34.4674,2,,2,,2,,2,,2
1343.0,2,2.5451,2,34.4676,2,,2,,2,,2,,2
1344.0,2,2.5447,2,34.4677,2,,2,,2,,2,,2
1345.0,2,2.5447,2,34.4678,2,,2,,2,,2,,2
1346.0,2,2.5419,2,34.4683,2,,2,,2,,2,,2
1347.2,2,2.5392,2,34.4685,2,,2,,2,,2,,2
1348.0,2,2.5391,2,34.4687,2,,2,,2,,2,,2
1349.0,2,2.5393,2,34.4688,2,,2,,2,,2,,2
1350.0,2,2.5392,2,34.4688,2,,2,,2,,2,,2
1351.0,2,2.5383,2,34.469,2,,2,,2,,2,,2
1352.0,2,2.5363,2,34.4694,2,,2,,2,,2,,2
1353.0,2,2.5355,2,34.4695,2,,2,,2,,2,,2
1354.0,2,2.5343,2,34.4697,2,,2,,2,,2,,2
1355.0,2,2.5331,2,34.47,2,,2,,2,,2,,2
1356.0,2,2.5306,2,34.4705,2,,2,,2,,2,,2
1357.0,2,2.5288,2,34.4709,2,,2,,2,,2,,2
1358.0,2,2.5284,2,34.471,2,,2,,2,,2,,2
1359.0,2,2.5283,2,34.471,2,,2,,2,,2,,2
1360.0,2,2.5282,2,34.4711,2,,2,,2,,2,,2
1361.0,2,2.5277,2,34.4711,2,,2,,2,,2,,2
1362.0,2,2.5271,2,34.4712,2,,2,,2,,2,,2
1363.0,2,2.5246,2,34.4717,2,,2,,2,,2,,2
1364.0,2,2.5235,2,34.4719,2,,2,,2,,2,,2
1365.0,2,2.521,2,34.4723,2,,2,,2,,2,,2
1366.0,2,2.5166,2,34.4733,2,,2,,2,,2,,2
1367.0,2,2.5154,2,34.4736,2,,2,,2,,2,,2
1368.0,2,2.5133,2,34.4739,2,,2,,2,,2,,2
1369.0,2,2.5123,2,34.4741,2,,2,,2,,2,,2
1370.0,2,2.5116,2,34.4742,2,,2,,2,,2,,2
1371.0,2,2.5112,2,34.4744,2,,2,,2,,2,,2
1372.0,2,2.511,2,34.4744,2,,2,,2,,2,,2
1373.0,2,2.5109,2,34.4744,2,,2,,2,,2,,2
1374.0,2,2.5106,2,34.4745,2,,2,,2,,2,,2
1375.0,2,2.5097,2,34.4747,2,,2,,2,,2,,2
1376.0,2,2.5089,2,34.4747,2,,2,,2,,2,,2
1377.0,2,2.5088,2,34.4749,2,,2,,2,,2,,2
1378.0,2,2.509,2,34.4749,2,,2,,2,,2,,2
1379.0,2,2.5089,2,34.475,2,,2,,2,,2,,2
1380.0,2,2.5084,2,34.4752,2,,2,,2,,2,,2
1381.0,2,2.5081,2,34.4752,2,,2,,2,,2,,2
1382.0,2,2.5077,2,34.4752,2,,2,,2,,2,,2
1383.0,2,2.5075,2,34.4753,2,,2,,2,,2,,2
1384.0,2,2.5069,2,34.4754,2,,2,,2,,2,,2
1385.0,2,2.5059,2,34.4757,2,,2,,2,,2,,2
1386.0,2,2.5045,2,34.4758,2,,2,,2,,2,,2
1387.0,2,2.5046,2,34.4758,2,,2,,2,,2,,2
1388.0,2,2.5039,2,34.476,2,,2,,2,,2,,2
1389.0,2,2.5024,2,34.4763,2,,2,,2,,2,,2
1390.0,2,2.5024,2,34.4763,2,,2,,2,,2,,2
1391.0,2,2.5021,2,34.4764,2,,2,,2,,2,,2
1392.0,2,2.5015,2,34.4764,2,,2,,2,,2,,2
1393.0,2,2.5012,2,34.4766,2,,2,,2,,2,,2
1394.0,2,2.5005,2,34.4768,2,,2,,2,,2,,2
1395.0,2,2.5002,2,34.4769,2,,2,,2,,2,,2
1396.0,2,2.4995,2,34.477,2,,2,,2,,2,,2
1397.0,2,2.4951,2,34.4777,2,,2,,2,,2,,2
1398.0,2,2.4926,2,34.4784,2,,2,,2,,2,,2
1399.0,2,2.491,2,34.4787,2,,2,,2,,2,,2
1400.0,2,2.4894,2,34.4791,2,,2,,2,,2,,2
1401.0,2,2.4884,2,34.4793,2,,2,,2,,2,,2
1402.0,2,2.4878,2,34.4795,2,,2,,2,,2,,2
1403.0,2,2.4876,2,34.4794,2,,2,,2,,2,,2
1404.0,2,2.487,2,34.4796,2,,2,,2,,2,,2
1405.0,2,2.4868,2,34.4796,2,,2,,2,,2,,2
1406.0,2,2.4851,2,34.4799,2,,2,,2,,2,,2
1407.0,2,2.4822,2,34.4807,2,,2,,2,,2,,2
1408.3,2,2.4808,2,34.4806,2,,2,,2,,2,,2
1409.0,2,2.4792,2,34.481,2,,2,,2,,2,,2
1410.0,2,2.4764,2,34.4816,2,,2,,2,,2,,2
1411.0,2,2.4746,2,34.4819,2,,2,,2,,2,,2
1412.0,2,2.4727,2,34.4823,2,,2,,2,,2,,2
1413.0,2,2.4709,2,34.4828,2,,2,,2,,2,,2
1414.0,2,2.4679,2,34.4833,2,,2,,2,,2,,2
1415.0,2,2.4649,2,34.484,2,,2,,2,,2,,2
1416.0,2,2.4644,2,34.484,2,,2,,2,,2,,2
1417.0,2,2.4645,2,34.484,2,,2,,2,,2,,2
1418.0,2,2.4642,2,34.4841,2,,2,,2,,2,,2
1419.0,2,2.4625,2,34.4844,2,,2,,2,,2,,2
1420.0,2,2.4606,2,34.4848,2,,2,,2,,2,,2
1421.0,2,2.4604,2,34.4849,2,,2,,2,,2,,2
1421.9,2,2.4594,2,34.4852,2,,2,,2,,2,,2
1423.1,2,2.4567,2,34.4856,2,,2,,2,,2,,2
1424.0,2,2.454,2,34.4862,2,,2,,2,,2,,2
1425.0,2,2.4536,2,34.4862,2,,2,,2,,2,,2
1426.0,2,2.4535,2,34.4863,2,,2,,2,,2,,2
1427.0,2,2.4525,2,34.4866,2,,2,,2,,2,,2
1428.0,2,2.4515,2,34.4867,2,,2,,2,,2,,2
1429.0,2,2.4511,2,34.4867,2,,2,,2,,2,,2
1430.0,2,2.4505,2,34.4868,2,,2,,2,,2,,2
1431.0,2,2.4494,2,34.4871,2,,2,,2,,2,,2
1432.0,2,2.4483,2,34.4873,2,,2,,2,,2,,2
1433.0,2,2.4475,2,34.4875,2,,2,,2,,2,,2
1434.1,2,2.4464,2,34.4876,2,,2,,2,,2,,2
1435.0,2,2.4451,2,34.4879,2,,2,,2,,2,,2
1436.0,2,2.4451,2,34.488,2,,2,,2,,2,,2
1437.0,2,2.4448,2,34.4881,2,,2,,2,,2,,2
1438.0,2,2.4431,2,34.4883,2,,2,,2,,2,,2
1439.0,2,2.4426,2,34.4885,2,,2,,2,,2,,2
1440.0,2,2.4416,2,34.4886,2,,2,,2,,2,,2
1441.0,2,2.4413,2,34.4887,2,,2,,2,,2,,2
1442.0,2,2.4405,2,34.4888,2,,2,,2,,2,,2
1443.0,2,2.4399,2,34.4891,2,,2,,2,,2,,2
1444.0,2,2.4393,2,34.4892,2,,2,,2,,2,,2
1445.0,2,2.4386,2,34.4893,2,,2,,2,,2,,2
1446.0,2,2.4361,2,34.4897,2,,2,,2,,2,,2
1447.0,2,2.435,2,34.4898,2,,2,,2,,2,,2
1448.0,2,2.4348,2,34.4898,2,,2,,2,,2,,2
1449.0,2,2.4339,2,34.49,2,,2,,2,,2,,2
1450.0,2,2.4327,2,34.4902,2,,2,,2,,2,,2
1451.0,2,2.43,2,34.4907,2,,2,,2,,2,,2
1452.0,2,2.4285,2,34.4909,2,,2,,2,,2,,2
1453.0,2,2.4283,2,34.491,2,,2,,2,,2,,2
1454.0,2,2.4256,2,34.4915,2,,2,,2,,2,,2
1455.0,2,2.4213,2,34.4923,2,,2,,2,,2,,2
1456.0,2,2.4191,2,34.4928,2,,2,,2,,2,,2
1457.0,2,2.4173,2,34.4931,2,,2,,2,,2,,2
1458.0,2,2.4166,2,34.4933,2,,2,,2,,2,,2
1459.0,2,2.4163,2,34.4933,2,,2,,2,,2,,2
1460.0,2,2.4162,2,34.4934,2,,2,,2,,2,,2
1461.0,2,2.416,2,34.4935,2,,2,,2,,2,,2
1462.0,2,2.4158,2,34.4936,2,,2,,2,,2,,2
1463.0,2,2.416,2,34.4934,2,,2,,2,,2,,2
1464.0,2,2.4153,2,34.4936,2,,2,,2,,2,,2
1465.0,2,2.4145,2,34.4937,2,,2,,2,,2,,2
1466.0,2,2.412,2,34.4942,2,,2,,2,,2,,2
1467.0,2,2.4061,2,34.4954,2,,2,,2,,2,,2
1468.0,2,2.4029,2,34.496,2,,2,,2,,2,,2
1469.0,2,2.4018,2,34.4964,2,,2,,2,,2,,2
1470.0,2,2.4011,2,34.4964,2,,2,,2,,2,,2
1471.0,2,2.3999,2,34.4966,2,,2,,2,,2,,2
1472.0,2,2.3979,2,34.4969,2,,2,,2,,2,,2
1473.0,2,2.3958,2,34.4973,2,,2,,2,,2,,2
1474.0,2,2.3953,2,34.4975,2,,2,,2,,2,,2
1474.8,2,2.3952,2,34.4976,2,,2,,2,,2,,2
1476.3,2,2.3951,2,34.4975,2,,2,,2,,2,,2
1477.0,2,2.3941,2,34.4977,2,,2,,2,,2,,2
1478.0,2,2.392,2,34.4982,2,,2,,2,,2,,2
1479.0,2,2.3879,2,34.4989,2,,2,,2,,2,,2
1480.0,2,2.3866,2,34.4992,2,,2,,2,,2,,2
1481.0,2,2.3856,2,34.4994,2,,2,,2,,2,,2
1482.0,2,2.3853,2,34.4994,2,,2,,2,,2,,2
1483.0,2,2.3841,2,34.4998,2,,2,,2,,2,,2
1484.0,2,2.3837,2,34.4999,2,,2,,2,,2,,2
1485.0,2,2.3831,2,34.5,2,,2,,2,,2,,2
1486.0,2,2.3822,2,34.5002,2,,2,,2,,2,,2
1487.0,2,2.3819,2,34.5003,2,,2,,2,,2,,2
1488.0,2,2.381,2,34.5006,2,,2,,2,,2,,2
1489.0,2,2.3809,2,34.5006,2,,2,,2,,2,,2
1490.0,2,2.3806,2,34.5007,2,,2,,2,,2,,2
1491.0,2,2.3798,2,34.5009,2,,2,,2,,2,,2
1492.0,2,2.3792,2,34.501,2,,2,,2,,2,,2
1493.0,2,2.3774,2,34.5014,2,,2,,2,,2,,2
1494.0,2,2.3752,2,34.5019,2,,2,,2,,2,,2
1495.0,2,2.3744,2,34.501999999999995,2,,2,,2,,2,,2
1496.0,2,2.3735,2,34.5022,2,,2,,2,,2,,2
1497.0,2,2.3726,2,34.5023,2,,2,,2,,2,,2
1498.0,2,2.3715,2,34.5027,2,,2,,2,,2,,2
1499.0,2,2.3708,2,34.5027,2,,2,,2,,2,,2
1500.0,2,2.3693,2,34.5031,2,,2,,2,,2,,2
1501.0,2,2.3658,2,34.5037,2,,2,,2,,2,,2
1502.0,2,2.3642,2,34.504,2,,2,,2,,2,,2
1503.0,2,2.3642,2,34.504,2,,2,,2,,2,,2
1504.0,2,2.3642,2,34.5041,2,,2,,2,,2,,2
1505.0,2,2.3638,2,34.5042,2,,2,,2,,2,,2
1505.7,2,2.3624,2,34.5046,2,,2,,2,,2,,2
1507.0,2,2.3591,2,34.5052,2,,2,,2,,2,,2
1508.0,2,2.3583,2,34.5054,2,,2,,2,,2,,2
1509.0,2,2.3579,2,34.5055,2,,2,,2,,2,,2
1510.0,2,2.3577,2,34.5055,2,,2,,2,,2,,2
1511.0,2,2.3575,2,34.5056,2,,2,,2,,2,,2
1512.0,2,2.3569,2,34.5058,2,,2,,2,,2,,2
1513.0,2,2.3563,2,34.5059,2,,2,,2,,2,,2
1514.0,2,2.3558,2,34.5059,2,,2,,2,,2,,2
1515.0,2,2.3557,2,34.5061,2,,2,,2,,2,,2
1516.0,2,2.3556,2,34.5062,2,,2,,2,,2,,2
1517.0,2,2.3551,2,34.5062,2,,2,,2,,2,,2
1518.0,2,2.3531,2,34.5066,2,,2,,2,,2,,2
1519.0,2,2.3523,2,34.5067,2,,2,,2,,2,,2
1520.0,2,2.3517,2,34.5067,2,,2,,2,,2,,2
1521.0,2,2.3511,2,34.5069,2,,2,,2,,2,,2
1522.0,2,2.3483,2,34.5074,2,,2,,2,,2,,2
1523.0,2,2.345,2,34.508,2,,2,,2,,2,,2
1524.0,2,2.3448,2,34.508,2,,2,,2,,2,,2
1525.0,2,2.3448,2,34.508,2,,2,,2,,2,,2
1526.0,2,2.3446,2,34.5081,2,,2,,2,,2,,2
1527.0,2,2.3431,2,34.5083,2,,2,,2,,2,,2
1528.1,2,2.3417,2,34.5087,2,,2,,2,,2,,2
1529.3,2,2.3416,2,34.5086,2,,2,,2,,2,,2
1530.0,2,2.3414,2,34.5087,2,,2,,2,,2,,2
1531.0,2,2.3412,2,34.5087,2,,2,,2,,2,,2
1532.0,2,2.3403,2,34.5089,2,,2,,2,,2,,2
1533.0,2,2.3383,2,34.5095,2,,2,,2,,2,,2
1534.1,2,2.3362,2,34.5098,2,,2,,2,,2,,2
1534.7,2,2.3318,2,34.5108,2,,2,,2,,2,,2
1536.0,2,2.3269,2,34.5116,2,,2,,2,,2,,2
1537.0,2,2.3236,2,34.5121,2,,2,,2,,2,,2
1538.0,2,2.3231,2,34.5121,2,,2,,2,,2,,2
1539.0,2,2.3229,2,34.5122,2,,2,,2,,2,,2
1540.0,2,2.3227,2,34.5122,2,,2,,2,,2,,2
1541.0,2,2.3223,2,34.5123,2,,2,,2,,2,,2
1542.0,2,2.3221,2,34.5124,2,,2,,2,,2,,2
1543.0,2,2.3221,2,34.5123,2,,2,,2,,2,,2
1544.0,2,2.3218,2,34.5124,2,,2,,2,,2,,2
1545.0,2,2.3215,2,34.5124,2,,2,,2,,2,,2
1546.0,2,2.3214,2,34.5125,2,,2,,2,,2,,2
1547.0,2,2.3197,2,34.5128,2,,2,,2,,2,,2
1548.0,2,2.3173,2,34.5132,2,,2,,2,,2,,2
1549.0,2,2.3131,2,34.514,2,,2,,2,,2,,2
1550.0,2,2.3095,2,34.5146,2,,2,,2,,2,,2
1551.0,2,2.3083,2,34.5148,2,,2,,2,,2,,2
1552.0,2,2.3073,2,34.515,2,,2,,2,,2,,2
1553.0,2,2.3073,2,34.515,2,,2,,2,,2,,2
1554.0,2,2.3069,2,34.5151,2,,2,,2,,2,,2
1555.0,2,2.3063,2,34.5153,2,,2,,2,,2,,2
1556.0,2,2.3035,2,34.5157,2,,2,,2,,2,,2
1557.0,2,2.3011,2,34.5162,2,,2,,2,,2,,2
1558.0,2,2.3005,2,34.5163,2,,2,,2,,2,,2
1559.0,2,2.2996,2,34.5165,2,,2,,2,,2,,2
1560.0,2,2.2984,2,34.5167,2,,2,,2,,2,,2
1561.0,2,2.2978,2,34.5168,2,,2,,2,,2,,2
1562.0,2,2.2961,2,34.5172,2,,2,,2,,2,,2
1563.0,2,2.2952,2,34.5174,2,,2,,2,,2,,2
1563.9,2,2.2944,2,34.5176,2,,2,,2,,2,,2
1566.0,2,2.2925,2,34.5179,2,,2,,2,,2,,2
1567.0,2,2.2918,2,34.5181,2,,2,,2,,2,,2
1568.0,2,2.2884,2,34.5187,2,,2,,2,,2,,2
1569.0,2,2.2868,2,34.5191,2,,2,,2,,2,,2
1570.0,2,2.286,2,34.5193,2,,2,,2,,2,,2
1571.0,2,2.2847,2,34.5195,2,,2,,2,,2,,2
1572.0,2,2.283,2,34.5199,2,,2,,2,,2,,2
1573.0,2,2.2822,2,34.5199,2,,2,,2,,2,,2
1574.0,2,2.2799,2,34.5204,2,,2,,2,,2,,2
1575.0,2,2.279,2,34.5206,2,,2,,2,,2,,2
1576.0,2,2.2788,2,34.5207,2,,2,,2,,2,,2
1577.0,2,2.278,2,34.5208,2,,2,,2,,2,,2
1578.0,2,2.2778,2,34.5208,2,,2,,2,,2,,2
1579.0,2,2.2756,2,34.5212,2,,2,,2,,2,,2
1580.0,2,2.2728,2,34.5218,2,,2,,2,,2,,2
1581.0,2,2.272,2,34.522,2,,2,,2,,2,,2
1582.0,2,2.2713,2,34.5222,2,,2,,2,,2,,2
1583.0,2,2.2703,2,34.5222,2,,2,,2,,2,,2
1584.0,2,2.2698,2,34.5224,2,,2,,2,,2,,2
1585.0,2,2.2692,2,34.5225,2,,2,,2,,2,,2
1586.0,2,2.2683,2,34.5227,2,,2,,2,,2,,2
1587.0,2,2.2677,2,34.5228,2,,2,,2,,2,,2
1588.0,2,2.2663,2,34.5231,2,,2,,2,,2,,2
1589.0,2,2.2641,2,34.5235,2,,2,,2,,2,,2
1590.0,2,2.2618,2,34.524,2,,2,,2,,2,,2
1590.7,2,2.2595,2,34.5246,2,,2,,2,,2,,2
1592.2,2,2.2588,2,34.5248,2,,2,,2,,2,,2
1593.0,2,2.2576,2,34.5248,2,,2,,2,,2,,2
1594.0,2,2.2528,2,34.5258,2,,2,,2,,2,,2
1595.0,2,2.2516,2,34.525999999999996,2,,2,,2,,2,,2
1596.0,2,2.25,2,34.5263,2,,2,,2,,2,,2
1597.0,2,2.248,2,34.5267,2,,2,,2,,2,,2
1597.9,2,2.2471,2,34.5269,2,,2,,2,,2,,2
1599.3,2,2.2466,2,34.527,2,,2,,2,,2,,2
1600.0,2,2.2461,2,34.527,2,,2,,2,,2,,2
1601.0,2,2.2449,2,34.5273,2,,2,,2,,2,,2
1602.0,2,2.2445,2,34.5274,2,,2,,2,,2,,2
1603.0,2,2.2444,2,34.5275,2,,2,,2,,2,,2
1604.0,2,2.2444,2,34.5275,2,,2,,2,,2,,2
1605.0,2,2.2446,2,34.5274,2,,2,,2,,2,,2
1606.0,2,2.2442,2,34.5275,2,,2,,2,,2,,2
1607.0,2,2.2430000000000003,2,34.5277,2,,2,,2,,2,,2
1608.0,2,2.2405,2,34.5282,2,,2,,2,,2,,2
1609.0,2,2.2389,2,34.5285,2,,2,,2,,2,,2
1610.0,2,2.2385,2,34.5285,2,,2,,2,,2,,2
1611.0,2,2.2364,2,34.5291,2,,2,,2,,2,,2
1612.0,2,2.2348,2,34.5292,2,,2,,2,,2,,2
1613.0,2,2.2347,2,34.5293,2,,2,,2,,2,,2
1614.0,2,2.2346,2,34.5293,2,,2,,2,,2,,2
1615.0,2,2.2344,2,34.5294,2,,2,,2,,2,,2
1616.0,2,2.2338,2,34.5297,2,,2,,2,,2,,2
1617.0,2,2.2318,2,34.5301,2,,2,,2,,2,,2
1618.0,2,2.2307,2,34.5303,2,,2,,2,,2,,2
1619.0,2,2.2301,2,34.5303,2,,2,,2,,2,,2
1620.0,2,2.2294,2,34.5303,2,,2,,2,,2,,2
1621.1,2,2.2285,2,34.5306,2,,2,,2,,2,,2
1622.0,2,2.2286,2,34.5306,2,,2,,2,,2,,2
1622.9,2,2.2285,2,34.5305,2,,2,,2,,2,,2
1624.0,2,2.2287,2,34.5307,2,,2,,2,,2,,2
1625.0,2,2.2289,2,34.5304,2,,2,,2,,2,,2
1626.0,2,2.2271,2,34.5309,2,,2,,2,,2,,2
1627.0,2,2.2256,2,34.5313,2,,2,,2,,2,,2
1628.0,2,2.2243,2,34.5315,2,,2,,2,,2,,2
1629.0,2,2.2233,2,34.5317,2,,2,,2,,2,,2
1630.0,2,2.2229,2,34.5317,2,,2,,2,,2,,2
1631.0,2,2.2230000000000003,2,34.5316,2,,2,,2,,2,,2
1632.0,2,2.2227,2,34.5316,2,,2,,2,,2,,2
1633.0,2,2.2215,2,34.5321,2,,2,,2,,2,,2
1634.0,2,2.2208,2,34.5323,2,,2,,2,,2,,2
1635.0,2,2.2209,2,34.5322,2,,2,,2,,2,,2
1636.0,2,2.2204,2,34.5321,2,,2,,2,,2,,2
1637.0,2,2.2198,2,34.5324,2,,2,,2,,2,,2
1638.0,2,2.2186,2,34.5327,2,,2,,2,,2,,2
1639.0,2,2.217,2,34.5329,2,,2,,2,,2,,2
1640.0,2,2.2161,2,34.5331,2,,2,,2,,2,,2
1641.0,2,2.2161,2,34.5331,2,,2,,2,,2,,2
1642.0,2,2.2161,2,34.5331,2,,2,,2,,2,,2
1643.0,2,2.2161,2,34.5331,2,,2,,2,,2,,2
1644.0,2,2.2159,2,34.5331,2,,2,,2,,2,,2
1645.0,2,2.2156,2,34.5331,2,,2,,2,,2,,2
1646.0,2,2.2131,2,34.5337,2,,2,,2,,2,,2
1647.0,2,2.2103,2,34.5341,2,,2,,2,,2,,2
1648.0,2,2.2093,2,34.5344,2,,2,,2,,2,,2
1649.1,2,2.2087,2,34.5346,2,,2,,2,,2,,2
1650.0,2,2.2078,2,34.5347,2,,2,,2,,2,,2
1651.0,2,2.2049,2,34.5351,2,,2,,2,,2,,2
1652.0,2,2.2039,2,34.5354,2,,2,,2,,2,,2
1653.0,2,2.2028,2,34.5356,2,,2,,2,,2,,2
1654.0,2,2.2023,2,34.5357,2,,2,,2,,2,,2
1655.0,2,2.2012,2,34.5358,2,,2,,2,,2,,2
1656.0,2,2.201,2,34.5359,2,,2,,2,,2,,2
1657.0,2,2.2004,2,34.5361,2,,2,,2,,2,,2
1658.0,2,2.1998,2,34.5362,2,,2,,2,,2,,2
1659.0,2,2.1995,2,34.5363,2,,2,,2,,2,,2
1660.0,2,2.1991,2,34.5364,2,,2,,2,,2,,2
1661.0,2,2.1983,2,34.5365,2,,2,,2,,2,,2
1662.0,2,2.1979,2,34.5366,2,,2,,2,,2,,2
1663.0,2,2.1976,2,34.5368,2,,2,,2,,2,,2
1664.0,2,2.1963,2,34.537,2,,2,,2,,2,,2
1664.9,2,2.1952,2,34.5371,2,,2,,2,,2,,2
1666.1,2,2.1943,2,34.5373,2,,2,,2,,2,,2
1667.0,2,2.1928,2,34.5377,2,,2,,2,,2,,2
1668.0,2,2.1914,2,34.5379,2,,2,,2,,2,,2
1669.0,2,2.1886,2,34.5384,2,,2,,2,,2,,2
1670.0,2,2.1863,2,34.5388,2,,2,,2,,2,,2
1671.0,2,2.1853,2,34.5391,2,,2,,2,,2,,2
1672.0,2,2.1849,2,34.5391,2,,2,,2,,2,,2
1673.0,2,2.1842,2,34.5392,2,,2,,2,,2,,2
1674.0,2,2.1832,2,34.5393,2,,2,,2,,2,,2
1675.0,2,2.1835,2,34.5394,2,,2,,2,,2,,2
1676.0,2,2.1837,2,34.5392,2,,2,,2,,2,,2
1677.0,2,2.1837,2,34.5392,2,,2,,2,,2,,2
1678.0,2,2.1838,2,34.5394,2,,2,,2,,2,,2
1679.0,2,2.1837,2,34.5395,2,,2,,2,,2,,2
1680.0,2,2.1834,2,34.5395,2,,2,,2,,2,,2
1681.0,2,2.1832,2,34.5395,2,,2,,2,,2,,2
1682.0,2,2.1831,2,34.5396,2,,2,,2,,2,,2
1683.0,2,2.1829,2,34.5395,2,,2,,2,,2,,2
1684.0,2,2.1816,2,34.5399,2,,2,,2,,2,,2
1685.0,2,2.1811,2,34.5401,2,,2,,2,,2,,2
1686.0,2,2.1808,2,34.54,2,,2,,2,,2,,2
1687.0,2,2.1801,2,34.5402,2,,2,,2,,2,,2
1688.0,2,2.1799,2,34.5404,2,,2,,2,,2,,2
1689.0,2,2.1791,2,34.5403,2,,2,,2,,2,,2
1690.0,2,2.1772,2,34.5407,2,,2,,2,,2,,2
1691.0,2,2.1767,2,34.5407,2,,2,,2,,2,,2
1692.0,2,2.1765,2,34.5408,2,,2,,2,,2,,2
1693.0,2,2.1753,2,34.5411,2,,2,,2,,2,,2
1694.0,2,2.1748,2,34.5413,2,,2,,2,,2,,2
1694.9,2,2.1744,2,34.5412,2,,2,,2,,2,,2
1696.0,2,2.1736,2,34.5413,2,,2,,2,,2,,2
1697.0,2,2.1708,2,34.5419,2,,2,,2,,2,,2
1698.0,2,2.1684,2,34.5425,2,,2,,2,,2,,2
1699.0,2,2.1678,2,34.5426,2,,2,,2,,2,,2
1700.0,2,2.1674,2,34.5426,2,,2,,2,,2,,2
1701.0,2,2.1671,2,34.5427,2,,2,,2,,2,,2
1702.0,2,2.1671,2,34.5427,2,,2,,2,,2,,2
1703.0,2,2.1669,2,34.5429,2,,2,,2,,2,,2
1704.0,2,2.1666,2,34.5428,2,,2,,2,,2,,2
1705.0,2,2.1662,2,34.5429,2,,2,,2,,2,,2
1706.0,2,2.1658,2,34.543,2,,2,,2,,2,,2
1707.0,2,2.1653,2,34.543,2,,2,,2,,2,,2
1708.0,2,2.1643,2,34.5433,2,,2,,2,,2,,2
1708.8,2,2.1636,2,34.5434,2,,2,,2,,2,,2
1710.2,2,2.1615,2,34.5436,2,,2,,2,,2,,2
1711.0,2,2.161,2,34.5437,2,,2,,2,,2,,2
1712.0,2,2.1592,2,34.5442,2,,2,,2,,2,,2
1713.0,2,2.158,2,34.5442,2,,2,,2,,2,,2
1714.0,2,2.1539,2,34.5452,2,,2,,2,,2,,2
1715.0,2,2.1525,2,34.5455,2,,2,,2,,2,,2
1716.0,2,2.1516,2,34.5455,2,,2,,2,,2,,2
1717.0,2,2.1511,2,34.5456,2,,2,,2,,2,,2
1718.0,2,2.1505,2,34.5458,2,,2,,2,,2,,2
1718.6,2,2.1502,2,34.5459,2,,2,,2,,2,,2
1720.2,2,2.1506,2,34.5459,2,,2,,2,,2,,2
1721.0,2,2.1505,2,34.5459,2,,2,,2,,2,,2
1722.0,2,2.1505,2,34.5459,2,,2,,2,,2,,2
1723.0,2,2.1503,2,34.546,2,,2,,2,,2,,2
1724.0,2,2.1501,2,34.546,2,,2,,2,,2,,2
1725.0,2,2.1501,2,34.546,2,,2,,2,,2,,2
1726.0,2,2.1492,2,34.5464,2,,2,,2,,2,,2
1727.0,2,2.1464,2,34.5466,2,,2,,2,,2,,2
1728.0,2,2.1433,2,34.5471,2,,2,,2,,2,,2
1729.0,2,2.1416,2,34.5474,2,,2,,2,,2,,2
1730.0,2,2.1394,2,34.5479,2,,2,,2,,2,,2
1731.0,2,2.1391,2,34.5481,2,,2,,2,,2,,2
1732.0,2,2.1388,2,34.5481,2,,2,,2,,2,,2
1733.0,2,2.1367,2,34.5484,2,,2,,2,,2,,2
1734.0,2,2.1322,2,34.5495,2,,2,,2,,2,,2
1735.0,2,2.1314,2,34.5497,2,,2,,2,,2,,2
1736.0,2,2.1309,2,34.5498,2,,2,,2,,2,,2
1737.0,2,2.1288,2,34.5503,2,,2,,2,,2,,2
1738.0,2,2.1275,2,34.5505,2,,2,,2,,2,,2
1739.0,2,2.1266,2,34.5507,2,,2,,2,,2,,2
1740.1,2,2.1246,2,34.5512,2,,2,,2,,2,,2
1740.9,2,2.1224,2,34.5516,2,,2,,2,,2,,2
1742.0,2,2.1205,2,34.5518,2,,2,,2,,2,,2
1743.0,2,2.1167,2,34.5526,2,,2,,2,,2,,2
1744.0,2,2.1131,2,34.5533,2,,2,,2,,2,,2
1745.0,2,2.1117,2,34.5534,2,,2,,2,,2,,2
1746.0,2,2.1083,2,34.554,2,,2,,2,,2,,2
1747.0,2,2.1068,2,34.5544,2,,2,,2,,2,,2
1748.0,2,2.1066,2,34.5545,2,,2,,2,,2,,2
1749.0,2,2.1061,2,34.5544,2,,2,,2,,2,,2
1750.0,2,2.1055,2,34.5545,2,,2,,2,,2,,2
1751.0,2,2.1051,2,34.5546,2,,2,,2,,2,,2
1752.0,2,2.104,2,34.5549,2,,2,,2,,2,,2
1753.0,2,2.103,2,34.555,2,,2,,2,,2,,2
1754.0,2,2.1009,2,34.5555,2,,2,,2,,2,,2
1755.0,2,2.1002,2,34.5556,2,,2,,2,,2,,2
1756.0,2,2.0997,2,34.5558,2,,2,,2,,2,,2
1757.0,2,2.0995,2,34.5558,2,,2,,2,,2,,2
1758.0,2,2.099,2,34.5559,2,,2,,2,,2,,2
1759.0,2,2.0973,2,34.5561,2,,2,,2,,2,,2
1760.0,2,2.0953,2,34.5564,2,,2,,2,,2,,2
1761.0,2,2.0958,2,34.5564,2,,2,,2,,2,,2
1762.0,2,2.0956,2,34.5565,2,,2,,2,,2,,2
1763.0,2,2.0956,2,34.5566,2,,2,,2,,2,,2
1764.0,2,2.0953,2,34.5566,2,,2,,2,,2,,2
1765.0,2,2.0944,2,34.5568,2,,2,,2,,2,,2
1765.9,2,2.0937,2,34.5569,2,,2,,2,,2,,2
1767.2,2,2.0931,2,34.5569,2,,2,,2,,2,,2
1768.0,2,2.0932,2,34.5569,2,,2,,2,,2,,2
1769.0,2,2.0932,2,34.556999999999995,2,,2,,2,,2,,2
1770.0,2,2.0934,2,34.556999999999995,2,,2,,2,,2,,2
1771.0,2,2.0934,2,34.5571,2,,2,,2,,2,,2
1772.0,2,2.093,2,34.5571,2,,2,,2,,2,,2
1773.0,2,2.093,2,34.5572,2,,2,,2,,2,,2
1774.0,2,2.0927,2,34.5571,2,,2,,2,,2,,2
1775.0,2,2.0922,2,34.5573,2,,2,,2,,2,,2
1776.0,2,2.0913,2,34.5574,2,,2,,2,,2,,2
1777.0,2,2.0906,2,34.5575,2,,2,,2,,2,,2
1778.0,2,2.0898,2,34.5577,2,,2,,2,,2,,2
1779.0,2,2.0884,2,34.5579,2,,2,,2,,2,,2
1780.0,2,2.086,2,34.5583,2,,2,,2,,2,,2
1781.0,2,2.0851,2,34.5585,2,,2,,2,,2,,2
1782.0,2,2.0839,2,34.5587,2,,2,,2,,2,,2
1783.0,2,2.0818,2,34.5591,2,,2,,2,,2,,2
1784.0,2,2.0808,2,34.5592,2,,2,,2,,2,,2
1785.0,2,2.0803,2,34.5593,2,,2,,2,,2,,2
1786.0,2,2.0778,2,34.5598,2,,2,,2,,2,,2
1787.0,2,2.0752,2,34.5603,2,,2,,2,,2,,2
1788.0,2,2.0745,2,34.5603,2,,2,,2,,2,,2
1789.0,2,2.0739,2,34.5605,2,,2,,2,,2,,2
1790.0,2,2.0737,2,34.5606,2,,2,,2,,2,,2
1791.0,2,2.0733,2,34.5607,2,,2,,2,,2,,2
1792.0,2,2.0689,2,34.5615,2,,2,,2,,2,,2
1793.0,2,2.0666,2,34.5619,2,,2,,2,,2,,2
1794.0,2,2.0661,2,34.562,2,,2,,2,,2,,2
1795.0,2,2.0659,2,34.5619,2,,2,,2,,2,,2
1796.0,2,2.0645,2,34.5623,2,,2,,2,,2,,2
1797.0,2,2.063,2,34.5625,2,,2,,2,,2,,2
1798.0,2,2.0612,2,34.5628,2,,2,,2,,2,,2
1799.0,2,2.0586,2,34.5633,2,,2,,2,,2,,2
1800.0,2,2.0580000000000003,2,34.5633,2,,2,,2,,2,,2
1801.0,2,2.0579,2,34.5633,2,,2,,2,,2,,2
1802.0,2,2.0580000000000003,2,34.5634,2,,2,,2,,2,,2
1803.0,2,2.0580000000000003,2,34.5634,2,,2,,2,,2,,2
1804.0,2,2.0580000000000003,2,34.5634,2,,2,,2,,2,,2
1805.0,2,2.0577,2,34.5634,2,,2,,2,,2,,2
1806.0,2,2.0574,2,34.5635,2,,2,,2,,2,,2
1807.0,2,2.0572,2,34.5635,2,,2,,2,,2,,2
1808.0,2,2.057,2,34.5637,2,,2,,2,,2,,2
1809.0,2,2.0564,2,34.5637,2,,2,,2,,2,,2
1810.0,2,2.0542,2,34.564,2,,2,,2,,2,,2
1811.1,2,2.0529,2,34.5644,2,,2,,2,,2,,2
1812.0,2,2.0524,2,34.5642,2,,2,,2,,2,,2
1813.0,2,2.0514,2,34.5645,2,,2,,2,,2,,2
1814.0,2,2.0501,2,34.5647,2,,2,,2,,2,,2
1815.0,2,2.0493,2,34.5649,2,,2,,2,,2,,2
1816.0,2,2.049,2,34.565,2,,2,,2,,2,,2
1817.0,2,2.0486,2,34.5649,2,,2,,2,,2,,2
1818.0,2,2.0476,2,34.5652,2,,2,,2,,2,,2
1819.0,2,2.045,2,34.5656,2,,2,,2,,2,,2
1820.0,2,2.0438,2,34.5659,2,,2,,2,,2,,2
1821.0,2,2.042,2,34.5662,2,,2,,2,,2,,2
1822.0,2,2.0415,2,34.5662,2,,2,,2,,2,,2
1823.0,2,2.0416,2,34.5663,2,,2,,2,,2,,2
1824.0,2,2.0416,2,34.5662,2,,2,,2,,2,,2
1825.0,2,2.0413,2,34.5662,2,,2,,2,,2,,2
1826.0,2,2.0398,2,34.5665,2,,2,,2,,2,,2
1827.0,2,2.0376,2,34.5669,2,,2,,2,,2,,2
1828.0,2,2.0359,2,34.5673,2,,2,,2,,2,,2
1829.0,2,2.0344,2,34.5677,2,,2,,2,,2,,2
1830.2,2,2.0333,2,34.5677,2,,2,,2,,2,,2
1831.0,2,2.0326,2,34.568000000000005,2,,2,,2,,2,,2
1832.0,2,2.0322,2,34.568000000000005,2,,2,,2,,2,,2
1833.0,2,2.0321,2,34.5681,2,,2,,2,,2,,2
1834.0,2,2.0312,2,34.5682,2,,2,,2,,2,,2
1835.0,2,2.0298,2,34.5684,2,,2,,2,,2,,2
1836.0,2,2.0274,2,34.5689,2,,2,,2,,2,,2
1837.0,2,2.026,2,34.5693,2,,2,,2,,2,,2
1838.1,2,2.0245,2,34.5698,2,,2,,2,,2,,2
1839.1,2,2.0243,2,34.5698,2,,2,,2,,2,,2
1840.0,2,2.024,2,34.5698,2,,2,,2,,2,,2
1841.0,2,2.0238,2,34.5698,2,,2,,2,,2,,2
1842.0,2,2.0239,2,34.5699,2,,2,,2,,2,,2
1843.0,2,2.0237,2,34.5701,2,,2,,2,,2,,2
1844.0,2,2.0236,2,34.5702,2,,2,,2,,2,,2
1845.0,2,2.0234,2,34.57,2,,2,,2,,2,,2
1846.0,2,2.0224,2,34.5702,2,,2,,2,,2,,2
1847.0,2,2.0222,2,34.5702,2,,2,,2,,2,,2
1848.0,2,2.0221,2,34.5702,2,,2,,2,,2,,2
1849.0,2,2.0218,2,34.5704,2,,2,,2,,2,,2
1850.0,2,2.0205,2,34.5707,2,,2,,2,,2,,2
1851.0,2,2.0187,2,34.5707,2,,2,,2,,2,,2
1852.0,2,2.0182,2,34.5709,2,,2,,2,,2,,2
1853.0,2,2.0182,2,34.5708,2,,2,,2,,2,,2
1854.0,2,2.0182,2,34.5708,2,,2,,2,,2,,2
1855.0,2,2.0181,2,34.5708,2,,2,,2,,2,,2
1856.0,2,2.0179,2,34.5709,2,,2,,2,,2,,2
1857.0,2,2.0174,2,34.571,2,,2,,2,,2,,2
1858.0,2,2.0169,2,34.5712,2,,2,,2,,2,,2
1859.4,2,2.0168,2,34.5711,2,,2,,2,,2,,2
1860.0,2,2.017,2,34.5712,2,,2,,2,,2,,2
1861.0,2,2.0168,2,34.5712,2,,2,,2,,2,,2
1862.0,2,2.0156,2,34.5715,2,,2,,2,,2,,2
1863.0,2,2.0147,2,34.5717,2,,2,,2,,2,,2
1864.0,2,2.0135,2,34.5719,2,,2,,2,,2,,2
1865.0,2,2.0119,2,34.5723,2,,2,,2,,2,,2
1866.0,2,2.011,2,34.5725,2,,2,,2,,2,,2
1867.0,2,2.0109,2,34.5725,2,,2,,2,,2,,2
1868.0,2,2.0105,2,34.5726,2,,2,,2,,2,,2
1869.0,2,2.0102,2,34.5727,2,,2,,2,,2,,2
1870.0,2,2.0101,2,34.5727,2,,2,,2,,2,,2
1871.0,2,2.0099,2,34.5728,2,,2,,2,,2,,2
1872.0,2,2.0097,2,34.5729,2,,2,,2,,2,,2
1873.0,2,2.0092,2,34.5729,2,,2,,2,,2,,2
1874.0,2,2.0087,2,34.5731,2,,2,,2,,2,,2
1875.0,2,2.0074,2,34.5733,2,,2,,2,,2,,2
1876.0,2,2.0059,2,34.5736,2,,2,,2,,2,,2
1877.0,2,2.0047,2,34.5738,2,,2,,2,,2,,2
1878.0,2,2.003,2,34.5742,2,,2,,2,,2,,2
1879.0,2,2.0021,2,34.5743,2,,2,,2,,2,,2
1880.0,2,2.0007,2,34.5746,2,,2,,2,,2,,2
1881.0,2,1.9992,2,34.5749,2,,2,,2,,2,,2
1882.0,2,1.9984,2,34.5752,2,,2,,2,,2,,2
1883.0,2,1.9976,2,34.5753,2,,2,,2,,2,,2
1884.0,2,1.9969999999999999,2,34.5755,2,,2,,2,,2,,2
1885.0,2,1.9971,2,34.5754,2,,2,,2,,2,,2
1886.0,2,1.9969999999999999,2,34.5753,2,,2,,2,,2,,2
1887.0,2,1.9952,2,34.5758,2,,2,,2,,2,,2
1888.0,2,1.9947,2,34.5759,2,,2,,2,,2,,2
1889.0,2,1.9941,2,34.5761,2,,2,,2,,2,,2
1890.0,2,1.9939,2,34.5761,2,,2,,2,,2,,2
1891.0,2,1.9939,2,34.5762,2,,2,,2,,2,,2
1892.0,2,1.9938,2,34.5762,2,,2,,2,,2,,2
1893.0,2,1.9938,2,34.5763,2,,2,,2,,2,,2
1894.0,2,1.9937,2,34.5763,2,,2,,2,,2,,2
1895.0,2,1.9938,2,34.5763,2,,2,,2,,2,,2
1896.0,2,1.994,2,34.5764,2,,2,,2,,2,,2
1897.0,2,1.9941,2,34.5764,2,,2,,2,,2,,2
1898.0,2,1.9941,2,34.5764,2,,2,,2,,2,,2
1899.0,2,1.9937,2,34.5765,2,,2,,2,,2,,2
1900.0,2,1.9933,2,34.5766,2,,2,,2,,2,,2
1901.0,2,1.9927,2,34.5766,2,,2,,2,,2,,2
1902.0,2,1.9925,2,34.5767,2,,2,,2,,2,,2
1903.0,2,1.9911,2,34.5768,2,,2,,2,,2,,2
1904.0,2,1.9904,2,34.577,2,,2,,2,,2,,2
1905.0,2,1.9902,2,34.5771,2,,2,,2,,2,,2
1906.0,2,1.9901,2,34.5771,2,,2,,2,,2,,2
1907.0,2,1.9899,2,34.5772,2,,2,,2,,2,,2
1908.0,2,1.9897,2,34.5772,2,,2,,2,,2,,2
1909.0,2,1.9893,2,34.5773,2,,2,,2,,2,,2
1910.0,2,1.9893,2,34.5773,2,,2,,2,,2,,2
1911.0,2,1.9892,2,34.5773,2,,2,,2,,2,,2
1912.0,2,1.9886,2,34.5774,2,,2,,2,,2,,2
1913.0,2,1.9883,2,34.5776,2,,2,,2,,2,,2
1914.0,2,1.9879,2,34.5777,2,,2,,2,,2,,2
1915.0,2,1.9868,2,34.5779,2,,2,,2,,2,,2
1916.0,2,1.9865,2,34.5779,2,,2,,2,,2,,2
1917.0,2,1.9864,2,34.5779,2,,2,,2,,2,,2
1918.0,2,1.9837,2,34.5785,2,,2,,2,,2,,2
1919.0,2,1.982,2,34.579,2,,2,,2,,2,,2
1920.0,2,1.9819,2,34.5789,2,,2,,2,,2,,2
1921.0,2,1.9816,2,34.5789,2,,2,,2,,2,,2
1922.0,2,1.9812,2,34.5793,2,,2,,2,,2,,2
1923.0,2,1.9802,2,34.5793,2,,2,,2,,2,,2
1924.0,2,1.979,2,34.5796,2,,2,,2,,2,,2
1925.0,2,1.9786,2,34.5796,2,,2,,2,,2,,2
1926.0,2,1.9781,2,34.5798,2,,2,,2,,2,,2
1927.0,2,1.9775,2,34.58,2,,2,,2,,2,,2
1928.0,2,1.9774,2,34.5802,2,,2,,2,,2,,2
1929.0,2,1.9771,2,34.5802,2,,2,,2,,2,,2
1930.0,2,1.9767,2,34.5802,2,,2,,2,,2,,2
1931.0,2,1.9767,2,34.5803,2,,2,,2,,2,,2
1932.0,2,1.9763,2,34.5803,2,,2,,2,,2,,2
1933.0,2,1.9757,2,34.5804,2,,2,,2,,2,,2
1934.0,2,1.9752,2,34.5804,2,,2,,2,,2,,2
1935.0,2,1.975,2,34.5805,2,,2,,2,,2,,2
1936.0,2,1.9743,2,34.5806,2,,2,,2,,2,,2
1937.0,2,1.9735,2,34.5809,2,,2,,2,,2,,2
1938.0,2,1.9726,2,34.5811,2,,2,,2,,2,,2
1939.0,2,1.9725,2,34.5812,2,,2,,2,,2,,2
1940.0,2,1.9724,2,34.5811,2,,2,,2,,2,,2
1941.0,2,1.9719,2,34.5812,2,,2,,2,,2,,2
1942.0,2,1.9709999999999999,2,34.5814,2,,2,,2,,2,,2
1943.3,2,1.9708,2,34.5814,2,,2,,2,,2,,2
1944.0,2,1.9705,2,34.5814,2,,2,,2,,2,,2
1945.0,2,1.9705,2,34.5814,2,,2,,2,,2,,2
1946.0,2,1.9706,2,34.5814,2,,2,,2,,2,,2
1947.0,2,1.9695,2,34.5817,2,,2,,2,,2,,2
1948.1,2,1.9684,2,34.5819,2,,2,,2,,2,,2
1949.0,2,1.9680000000000002,2,34.582,2,,2,,2,,2,,2
1950.0,2,1.9676,2,34.5821,2,,2,,2,,2,,2
1951.0,2,1.9676,2,34.5819,2,,2,,2,,2,,2
1952.0,2,1.9672,2,34.5821,2,,2,,2,,2,,2
1953.0,2,1.9667,2,34.5822,2,,2,,2,,2,,2
1954.0,2,1.9667,2,34.5823,2,,2,,2,,2,,2
1955.0,2,1.9662,2,34.5823,2,,2,,2,,2,,2
1956.0,2,1.9656,2,34.5823,2,,2,,2,,2,,2
1957.0,2,1.9651,2,34.5824,2,,2,,2,,2,,2
1958.0,2,1.9649,2,34.5826,2,,2,,2,,2,,2
1959.0,2,1.9648,2,34.5826,2,,2,,2,,2,,2
1960.0,2,1.9645,2,34.5827,2,,2,,2,,2,,2
1961.0,2,1.964,2,34.5829,2,,2,,2,,2,,2
1961.9,2,1.9638,2,34.5828,2,,2,,2,,2,,2
1963.0,2,1.9625,2,34.5831,2,,2,,2,,2,,2
1964.0,2,1.962,2,34.5832,2,,2,,2,,2,,2
1965.0,2,1.9616,2,34.5833,2,,2,,2,,2,,2
1966.0,2,1.9611,2,34.5833,2,,2,,2,,2,,2
1967.0,2,1.9601,2,34.5836,2,,2,,2,,2,,2
1968.0,2,1.9595,2,34.5836,2,,2,,2,,2,,2
1969.0,2,1.9582,2,34.5839,2,,2,,2,,2,,2
1970.0,2,1.9559,2,34.5843,2,,2,,2,,2,,2
1971.0,2,1.9548,2,34.5847,2,,2,,2,,2,,2
1972.0,2,1.954,2,34.5848,2,,2,,2,,2,,2
1973.0,2,1.9531,2,34.5852,2,,2,,2,,2,,2
1974.0,2,1.9525,2,34.5852,2,,2,,2,,2,,2
1975.0,2,1.9516,2,34.5854,2,,2,,2,,2,,2
1976.0,2,1.9509,2,34.5855,2,,2,,2,,2,,2
1977.0,2,1.9508,2,34.5855,2,,2,,2,,2,,2
1978.0,2,1.9506,2,34.5856,2,,2,,2,,2,,2
1979.0,2,1.9493,2,34.5858,2,,2,,2,,2,,2
1980.0,2,1.9483,2,34.586,2,,2,,2,,2,,2
1981.0,2,1.9474,2,34.5862,2,,2,,2,,2,,2
1982.0,2,1.9474,2,34.5862,2,,2,,2,,2,,2
1983.0,2,1.9471,2,34.5863,2,,2,,2,,2,,2
1984.0,2,1.9468,2,34.5864,2,,2,,2,,2,,2
1985.0,2,1.9466,2,34.5865,2,,2,,2,,2,,2
1986.0,2,1.9454,2,34.5868,2,,2,,2,,2,,2
1987.0,2,1.9447,2,34.586999999999996,2,,2,,2,,2,,2
1988.0,2,1.9446,2,34.5869,2,,2,,2,,2,,2
1989.0,2,1.9446,2,34.5869,2,,2,,2,,2,,2
1990.0,2,1.9447,2,34.5868,2,,2,,2,,2,,2
1991.0,2,1.9446,2,34.5868,2,,2,,2,,2,,2
1992.0,2,1.944,2,34.586999999999996,2,,2,,2,,2,,2
1993.0,2,1.9437,2,34.5871,2,,2,,2,,2,,2
1994.1,2,1.9419,2,34.5873,2,,2,,2,,2,,2
1995.0,2,1.9401,2,34.5877,2,,2,,2,,2,,2
1996.0,2,1.9397,2,34.5877,2,,2,,2,,2,,2
1997.0,2,1.9384,2,34.588,2,,2,,2,,2,,2
1998.0,2,1.9381,2,34.5879,2,,2,,2,,2,,2
1999.0,2,1.9379,2,34.5879,2,,2,,2,,2,,2
2000.0,2,1.9376,2,34.588,2,,2,,2,,2,,2
2001.0,2,1.9365,2,34.5882,2,,2,,2,,2,,2
2002.0,2,1.9353,2,34.5885,2,,2,,2,,2,,2
2003.1,2,1.9346,2,34.5887,2,,2,,2,,2,,2
2004.4,2,1.9337,2,34.5887,2,,2,,2,,2,,2
2005.0,2,1.9333,2,34.5888,2,,2,,2,,2,,2
2006.0,2,1.9322,2,34.5889,2,,2,,2,,2,,2
2007.0,2,1.9318,2,34.589,2,,2,,2,,2,,2
END_DATA
