CTD,20190304CCHSIOLMM
#---------------------------------------------------------------------------------------------------,,,,,,,,,,,,,,,,
#Fluorescence - Transmissivity and PAR data are nominal and unedited except that some records were removed in editing temperature and salinity.,,,,,,,,,,,,,,,,
#---------------------------------------------------------------------------------------------------,,,,,,,,,,,,,,,,
#COMMENTS FOR CASTS 0001 TO 0032,,,,,,,,,,,,,,,,
#CTD Serial Number 0506; SBE Dissolved Oxygen sensor Serial Number 1176.,,,,,,,,,,,,,,,,
#,,,,,,,,,,,,,,,,
#As has been noted from several other cruises using Oxygen:Dissolved:CTD sensor #1176 in the summer 2010 the data are odd for some casts (casts 0022 to 0032) with concentration values offset by approximately 0.24 ml/l from the normal-looking casts and a higher noise level in the raw oxygen voltage.,,,,,,,,,,,,,,,,
#Data were recalibrated to correct for this offset but there were only 3 casts with titrated dissolved oxygen samples for the normal casts and 1 from the odd casts.,,,,,,,,,,,,,,,,
#Establishing which casts require the special recalibration was based on the noise level in the Oxygen:Dissolved:CTD voltage and information from other cruises was used to recalibrate the odd casts.,,,,,,,,,,,,,,,,
#,,,,,,,,,,,,,,,,
#The quality of the Oxygen:Dissolved:CTD calibration is considered lower than usual and there are insufficient data to make precision estimates. ,,,,,,,,,,,,,,,,
#,,,,,,,,,,,,,,,,
#---------------------------------------------------------------------------------------------------,,,,,,,,,,,,,,,,
#COMMENTS FOR CASTS 0036 TO 0129,,,,,,,,,,,,,,,,
#CTD Serial Number 0443; SBE Dissolved Oxygen sensor Serial Number 1483.,,,,,,,,,,,,,,,,
#,,,,,,,,,,,,,,,,
#There are only 3 casts with titrated dissolved oxygen samples that could be compared to the Oxygen:Dissolved:CTD data for sensor #1438 and 1 of them looked significantly different in the comparison from the other 2. ,,,,,,,,,,,,,,,,
#Recalibration of dissolved oxygen was based on the 2 casts that looked similar.,,,,,,,,,,,,,,,,
#There are insufficient data to make a precision estimate.,,,,,,,,,,,,,,,,
#,,,,,,,,,,,,,,,,
#For Oxygen:Dissolved:CTD sensor #1438 values below 2200 dbar were replaced by pad values because there is evidence of significant hysteresis.,,,,,,,,,,,,,,,,
#The Salinity:Practical data from CTD #0443 showed evidence of flow rate problems in the top 200 dbar; the two-sided noise caused by that was minimized by bin-averaging.,,,,,,,,,,,,,,,,
#,,,,,,,,,,,,,,,,
#***********************************************************************,,,,,,,,,,,,,,,,
#In June 2011 it was discovered that the wrong information was used for conversion of the Oxygen:Dissolved:CTD sensor data for CTD #0443.,,,,,,,,,,,,,,,,
#Sensor #1483 was actually used for this cruise.,,,,,,,,,,,,,,,,
#,,,,,,,,,,,,,,,,
#The Oxygen:Dissolved:CTD channel was reprocessed. ,,,,,,,,,,,,,,,,
#A new recalibration scheme was found by rerunning the bottle comparison. ,,,,,,,,,,,,,,,,
#The files were then merged with all the other channels from the original processing.,,,,,,,,,,,,,,,,
#,,,,,,,,,,,,,,,,
#The hysteresis noted in the original processing remains and the quality of the data is still considered of lower quality than usual.,,,,,,,,,,,,,,,,
#,,,,,,,,,,,,,,,,
#Note that the correct calibration information for the Oxygen:Dissolved:CTD sensor can be found at the end of the processing report along with detail about how the reprocessing was done.,,,,,,,,,,,,,,,,
#,,,,,,,,,,,,,,,,
#---------------------------------------------------------------------------------------------------,,,,,,,,,,,,,,,,
#For details on the processing see file 2010-14-proc.pdf.,,,,,,,,,,,,,,,,
#---------------------------------------------------------------------------------------------------,,,,,,,,,,,,,,,,
#,,,,,,,,,,,,,,,,
#File Name,Zone,FIL:START TIME YYYY/MM/DD, HH:MM,LOC:EVENT_NUMBER,LOC:LATITUDE,LOC:LONGITUDE,LOC:STATION,Pressure:CTD [dbar],Temperature:CTD [deg_C_(ITS90)],Salinity:Practical:CTD [PSS-78],Sigma-t:CTD [kg/m^3],Transmissivity:CTD [*/m],Oxygen:Dissolved:CTD:Volume [ml/l],Oxygen:Dissolved:CTD:Mass [µmol/kg],Fluorescence:CTD [mg/m^3],PAR:CTD [µE/m^2/sec]
#,,,,,,,,,,,,,,,,
NUMBER_HEADERS = 8
EXPOCODE = 18DD20100817
STNBR = P14
CASTNO = 1
DATE = 23/08/2010
TIME =  08:42
LATITUDE = 49.12267
LONGITUDE = -132.6655
CTDPRS,CTDPRS_FLAG_W,CTDTMP,CTDTMP_FLAG_W,CTDSAL,CTDSAL_FLAG_W,CTDOXY,CTDOXY_FLAG_W,CTDXMISS,CTDXMISS_FLAG_W,CTDFLUOR,CTDFLUOR_FLAG_W,PAR,PAR_FLAG_W
DBAR,,ITS-90,,PSS-78,,UMOL/KG,,,,MG/M^3,,UE/m^2/sec,
3.0,2,15.4044,2,32.3282,2,250.7,2,53.5,2,0.672,2,,2
4.0,2,15.4036,2,32.3281,2,250.9,2,53.6,2,0.685,2,,2
4.6,2,15.4035,2,32.3283,2,250.8,2,53.6,2,0.635,2,,2
6.1,2,15.402999999999999,2,32.3283,2,251.0,2,53.6,2,0.637,2,,2
7.0,2,15.4069,2,32.3284,2,251.0,2,53.6,2,0.642,2,,2
8.0,2,15.4114,2,32.3286,2,250.6,2,53.6,2,0.649,2,,2
9.0,2,15.4133,2,32.3287,2,250.0,2,53.6,2,0.662,2,,2
10.0,2,15.4131,2,32.3288,2,249.9,2,53.5,2,0.6579999999999999,2,,2
11.0,2,15.4149,2,32.3288,2,250.4,2,53.6,2,0.635,2,,2
12.0,2,15.4103,2,32.3289,2,250.4,2,53.6,2,0.633,2,,2
13.0,2,15.4142,2,32.3288,2,250.4,2,53.7,2,0.62,2,,2
14.0,2,15.4146,2,32.3287,2,250.7,2,53.7,2,0.63,2,,2
15.0,2,15.4153,2,32.3288,2,250.8,2,53.6,2,0.65,2,,2
16.0,2,15.4118,2,32.3283,2,250.8,2,53.6,2,0.639,2,,2
17.0,2,15.3981,2,32.328,2,251.2,2,53.6,2,0.653,2,,2
18.0,2,15.3702,2,32.3276,2,251.7,2,53.5,2,0.648,2,,2
19.0,2,15.3268,2,32.3262,2,252.3,2,53.4,2,0.6970000000000001,2,,2
20.0,2,15.2638,2,32.3248,2,252.3,2,53.4,2,0.733,2,,2
21.0,2,15.2092,2,32.3247,2,252.2,2,53.4,2,0.8029999999999999,2,,2
22.0,2,15.1793,2,32.3243,2,252.5,2,53.4,2,0.883,2,,2
23.0,2,15.1689,2,32.3243,2,252.7,2,53.4,2,0.879,2,,2
24.0,2,15.1652,2,32.324,2,252.6,2,53.4,2,0.905,2,,2
25.0,2,15.1581,2,32.3239,2,252.5,2,53.5,2,0.9259999999999999,2,,2
26.0,2,15.1522,2,32.3241,2,252.4,2,53.6,2,0.99,2,,2
27.0,2,15.1469,2,32.3244,2,252.8,2,53.4,2,1.067,2,,2
28.0,2,15.1417,2,32.3238,2,253.0,2,53.4,2,1.18,2,,2
29.0,2,15.1038,2,32.3271,2,255.6,2,53.3,2,1.435,2,,2
30.0,2,14.9224,2,32.3371,2,259.1,2,53.1,2,1.784,2,,2
31.0,2,14.4412,2,32.3584,2,262.3,2,52.0,2,2.474,2,,2
32.0,2,13.657,2,32.4128,2,268.2,2,50.5,2,2.9330000000000003,2,,2
33.0,2,13.4237,2,32.4269,2,272.3,2,50.1,2,3.033,2,,2
34.0,2,13.1739,2,32.4375,2,274.5,2,50.2,2,2.682,2,,2
35.0,2,12.6636,2,32.4601,2,276.7,2,49.9,2,2.157,2,,2
36.0,2,12.2083,2,32.4667,2,279.4,2,50.8,2,1.8880000000000001,2,,2
37.0,2,11.876,2,32.4789,2,284.2,2,51.2,2,2.782,2,,2
38.0,2,11.7543,2,32.489000000000004,2,288.5,2,51.3,2,2.0869999999999997,2,,2
39.0,2,11.4149,2,32.4891,2,290.3,2,51.6,2,1.561,2,,2
40.0,2,10.8287,2,32.5036,2,292.4,2,52.9,2,1.527,2,,2
41.0,2,10.5761,2,32.5094,2,292.7,2,53.9,2,1.4480000000000002,2,,2
42.0,2,10.2045,2,32.5138,2,292.3,2,55.3,2,1.141,2,,2
43.0,2,9.9904,2,32.5181,2,292.1,2,56.2,2,0.86,2,,2
44.0,2,9.8535,2,32.522,2,292.6,2,56.5,2,0.846,2,,2
45.0,2,9.7922,2,32.5261,2,292.7,2,56.7,2,0.735,2,,2
46.0,2,9.7137,2,32.5276,2,292.0,2,56.9,2,0.767,2,,2
47.0,2,9.5149,2,32.5359,2,291.6,2,57.4,2,0.747,2,,2
48.0,2,9.3275,2,32.543,2,290.8,2,57.8,2,0.7959999999999999,2,,2
49.0,2,9.2164,2,32.5446,2,290.0,2,58.0,2,1.072,2,,2
50.0,2,9.1749,2,32.544000000000004,2,290.2,2,58.2,2,1.157,2,,2
51.0,2,9.1171,2,32.5451,2,289.9,2,58.2,2,1.157,2,,2
52.0,2,9.0822,2,32.545,2,289.4,2,58.4,2,1.112,2,,2
53.0,2,8.9681,2,32.5475,2,288.8,2,58.6,2,1.072,2,,2
54.0,2,8.8869,2,32.5498,2,288.2,2,58.9,2,0.9740000000000001,2,,2
55.0,2,8.8115,2,32.5515,2,287.7,2,59.2,2,0.92,2,,2
56.0,2,8.7919,2,32.5534,2,287.7,2,59.3,2,0.8690000000000001,2,,2
57.0,2,8.7359,2,32.5561,2,287.6,2,59.4,2,0.809,2,,2
58.0,2,8.7068,2,32.5576,2,287.2,2,59.6,2,0.7809999999999999,2,,2
59.0,2,8.6928,2,32.5583,2,286.4,2,59.6,2,0.7609999999999999,2,,2
60.0,2,8.6497,2,32.56,2,285.9,2,59.7,2,0.731,2,,2
61.0,2,8.6046,2,32.5616,2,285.8,2,60.0,2,0.66,2,,2
62.0,2,8.5858,2,32.5606,2,286.0,2,59.9,2,0.64,2,,2
63.1,2,8.5403,2,32.5613,2,285.8,2,60.2,2,0.5870000000000001,2,,2
64.0,2,8.4409,2,32.5633,2,284.8,2,60.5,2,0.515,2,,2
65.0,2,8.3843,2,32.5645,2,284.3,2,60.6,2,0.474,2,,2
66.0,2,8.3739,2,32.5644,2,284.1,2,60.6,2,0.436,2,,2
67.0,2,8.3196,2,32.5656,2,283.9,2,60.8,2,0.41600000000000004,2,,2
68.0,2,8.2534,2,32.5694,2,283.5,2,60.9,2,0.391,2,,2
69.0,2,8.2297,2,32.57,2,283.0,2,60.9,2,0.36200000000000004,2,,2
70.0,2,8.1994,2,32.5703,2,282.6,2,61.0,2,0.345,2,,2
71.0,2,8.1885,2,32.5704,2,282.2,2,61.0,2,0.324,2,,2
72.0,2,8.177999999999999,2,32.5704,2,281.7,2,61.1,2,0.317,2,,2
73.0,2,8.174,2,32.5704,2,281.4,2,61.1,2,0.332,2,,2
74.0,2,8.1613,2,32.5705,2,281.2,2,61.2,2,0.319,2,,2
75.0,2,8.1512,2,32.5707,2,281.4,2,61.2,2,0.32,2,,2
76.0,2,8.135,2,32.5713,2,281.3,2,61.2,2,0.294,2,,2
77.0,2,8.0976,2,32.5727,2,281.0,2,61.3,2,0.278,2,,2
78.0,2,8.0691,2,32.5743,2,280.9,2,61.3,2,0.278,2,,2
79.0,2,8.0532,2,32.5751,2,280.9,2,61.4,2,0.26899999999999996,2,,2
80.0,2,8.0364,2,32.5758,2,280.5,2,61.4,2,0.26899999999999996,2,,2
81.0,2,8.0202,2,32.5767,2,280.1,2,61.4,2,0.259,2,,2
82.0,2,7.9971,2,32.5785,2,280.0,2,61.4,2,0.24600000000000002,2,,2
83.0,2,7.9821,2,32.5792,2,279.6,2,61.4,2,0.248,2,,2
84.0,2,7.9576,2,32.5805,2,279.6,2,61.4,2,0.239,2,,2
85.0,2,7.928999999999999,2,32.5822,2,279.9,2,61.4,2,0.252,2,,2
86.0,2,7.8935,2,32.5845,2,280.1,2,61.4,2,0.247,2,,2
87.0,2,7.8761,2,32.5855,2,280.6,2,61.4,2,0.253,2,,2
88.0,2,7.8532,2,32.5868,2,280.8,2,61.3,2,0.247,2,,2
89.0,2,7.8362,2,32.5881,2,280.7,2,61.4,2,0.247,2,,2
90.0,2,7.8224,2,32.5893,2,281.0,2,61.3,2,0.23199999999999998,2,,2
91.0,2,7.8029,2,32.5914,2,281.0,2,61.4,2,0.23,2,,2
92.0,2,7.7548,2,32.5976,2,280.7,2,61.4,2,0.22,2,,2
93.0,2,7.7357,2,32.6002,2,279.9,2,61.5,2,0.20199999999999999,2,,2
94.0,2,7.7234,2,32.6018,2,279.3,2,61.5,2,0.20600000000000002,2,,2
95.0,2,7.7181,2,32.6021,2,279.1,2,61.5,2,0.195,2,,2
96.0,2,7.7158,2,32.6022,2,279.0,2,61.3,2,0.2,2,,2
97.0,2,7.7075,2,32.6032,2,278.7,2,61.4,2,0.222,2,,2
98.0,2,7.6903,2,32.6062,2,278.8,2,61.5,2,0.19699999999999998,2,,2
99.0,2,7.6774,2,32.6089,2,278.5,2,61.6,2,0.204,2,,2
100.0,2,7.6627,2,32.614000000000004,2,278.1,2,61.6,2,0.19699999999999998,2,,2
101.0,2,7.6186,2,32.6305,2,277.2,2,61.6,2,0.171,2,,2
102.0,2,7.5948,2,32.6391,2,276.0,2,61.6,2,0.179,2,,2
103.0,2,7.5829,2,32.6415,2,275.5,2,61.7,2,0.195,2,,2
104.0,2,7.5727,2,32.6427,2,274.9,2,61.6,2,0.193,2,,2
105.0,2,7.5374,2,32.6593,2,274.1,2,61.6,2,0.184,2,,2
106.0,2,7.4884,2,32.6796,2,273.2,2,61.6,2,0.198,2,,2
107.0,2,7.4507,2,32.6966,2,272.3,2,61.7,2,0.177,2,,2
108.0,2,7.4196,2,32.7053,2,271.1,2,61.7,2,0.198,2,,2
109.0,2,7.3896,2,32.7146,2,270.0,2,61.7,2,0.171,2,,2
110.0,2,7.3707,2,32.7232,2,268.9,2,61.5,2,0.171,2,,2
111.0,2,7.3506,2,32.7326,2,268.3,2,61.7,2,0.17600000000000002,2,,2
112.0,2,7.3392,2,32.7427,2,267.7,2,61.8,2,0.182,2,,2
113.0,2,7.3217,2,32.7653,2,266.6,2,61.8,2,0.17,2,,2
114.0,2,7.2978,2,32.7858,2,265.5,2,61.7,2,0.168,2,,2
115.0,2,7.278,2,32.8021,2,264.5,2,61.8,2,0.159,2,,2
116.0,2,7.2733,2,32.8227,2,263.0,2,61.7,2,0.152,2,,2
117.0,2,7.1886,2,32.8811,2,260.8,2,61.7,2,0.158,2,,2
118.0,2,7.1295,2,32.9239,2,258.7,2,61.8,2,0.132,2,,2
119.0,2,7.0976,2,32.9487,2,257.0,2,61.6,2,0.141,2,,2
120.0,2,7.0797,2,32.9663,2,255.6,2,61.7,2,0.17600000000000002,2,,2
121.0,2,7.0509,2,32.9922,2,254.0,2,61.8,2,0.128,2,,2
122.0,2,7.0039,2,33.033,2,251.9,2,61.8,2,0.125,2,,2
123.0,2,6.9617,2,33.0641,2,249.8,2,61.7,2,0.128,2,,2
124.0,2,6.9524,2,33.0724,2,247.8,2,61.7,2,0.128,2,,2
125.0,2,6.9361,2,33.0919,2,246.5,2,61.8,2,0.12,2,,2
126.0,2,6.922999999999999,2,33.1081,2,245.8,2,61.8,2,0.11900000000000001,2,,2
127.0,2,6.9083,2,33.1272,2,245.1,2,61.7,2,0.121,2,,2
128.1,2,6.8972,2,33.1414,2,244.3,2,61.7,2,0.128,2,,2
129.0,2,6.8903,2,33.1505,2,243.3,2,61.7,2,0.133,2,,2
130.0,2,6.8776,2,33.1699,2,241.8,2,61.7,2,0.157,2,,2
131.0,2,6.8472,2,33.2261,2,240.1,2,61.8,2,0.113,2,,2
132.0,2,6.8339,2,33.2555,2,238.2,2,61.8,2,0.12300000000000001,2,,2
133.0,2,6.8278,2,33.2843,2,235.8,2,61.8,2,0.127,2,,2
134.0,2,6.8254,2,33.2937,2,232.4,2,61.8,2,0.099,2,,2
135.0,2,6.8206,2,33.3073,2,229.4,2,61.8,2,0.1,2,,2
136.0,2,6.8135,2,33.3341,2,227.3,2,61.8,2,0.09300000000000001,2,,2
137.0,2,6.8092,2,33.356,2,225.4,2,61.8,2,0.109,2,,2
138.0,2,6.8121,2,33.3856,2,222.7,2,61.7,2,0.098,2,,2
139.0,2,6.8318,2,33.4384,2,218.6,2,61.6,2,0.106,2,,2
140.0,2,6.8236,2,33.4484,2,215.0,2,61.8,2,0.098,2,,2
141.0,2,6.8168,2,33.4582,2,212.8,2,61.8,2,0.098,2,,2
142.0,2,6.8088,2,33.4646,2,212.1,2,61.7,2,0.106,2,,2
143.0,2,6.8035,2,33.4675,2,211.9,2,61.7,2,0.10099999999999999,2,,2
144.0,2,6.7934,2,33.4747,2,212.2,2,61.8,2,0.102,2,,2
145.0,2,6.7732,2,33.4782,2,213.1,2,61.8,2,0.098,2,,2
146.0,2,6.7749,2,33.4852,2,213.9,2,61.6,2,0.095,2,,2
147.0,2,6.7908,2,33.4906,2,213.8,2,61.7,2,0.098,2,,2
148.0,2,6.7702,2,33.5018,2,212.6,2,61.8,2,0.09699999999999999,2,,2
149.0,2,6.7533,2,33.5179,2,212.4,2,61.7,2,0.09699999999999999,2,,2
150.0,2,6.7271,2,33.5229,2,214.5,2,61.7,2,0.098,2,,2
151.0,2,6.7184,2,33.5295,2,217.8,2,61.7,2,0.10800000000000001,2,,2
152.0,2,6.723,2,33.5409,2,220.4,2,61.7,2,0.11800000000000001,2,,2
153.0,2,6.7268,2,33.5525,2,222.4,2,61.8,2,0.102,2,,2
154.0,2,6.726,2,33.5602,2,223.2,2,61.7,2,0.102,2,,2
155.0,2,6.7245,2,33.5707,2,223.4,2,61.7,2,0.1,2,,2
156.0,2,6.742000000000001,2,33.584,2,223.4,2,61.8,2,0.098,2,,2
157.0,2,6.7481,2,33.5994,2,223.2,2,61.7,2,0.107,2,,2
158.0,2,6.7138,2,33.6046,2,222.5,2,61.7,2,0.11199999999999999,2,,2
159.0,2,6.6801,2,33.6077,2,220.8,2,61.7,2,0.113,2,,2
160.0,2,6.6755,2,33.6247,2,219.4,2,61.7,2,0.11199999999999999,2,,2
161.0,2,6.6722,2,33.635,2,218.0,2,61.7,2,0.10400000000000001,2,,2
162.0,2,6.6649,2,33.6392,2,216.8,2,61.6,2,0.109,2,,2
163.0,2,6.6567,2,33.641999999999996,2,215.7,2,61.7,2,0.099,2,,2
164.0,2,6.6619,2,33.648,2,215.3,2,61.7,2,0.107,2,,2
165.0,2,6.6669,2,33.6499,2,215.0,2,61.7,2,0.098,2,,2
166.0,2,6.6693,2,33.6505,2,214.8,2,61.7,2,0.10300000000000001,2,,2
167.0,2,6.6714,2,33.6563,2,214.7,2,61.7,2,0.10300000000000001,2,,2
168.0,2,6.6808,2,33.6647,2,214.7,2,61.7,2,0.099,2,,2
169.0,2,6.683,2,33.6689,2,214.8,2,61.7,2,0.095,2,,2
170.0,2,6.6767,2,33.672,2,215.0,2,61.7,2,0.1,2,,2
171.0,2,6.6545,2,33.6745,2,214.2,2,61.6,2,0.1,2,,2
172.0,2,6.5868,2,33.6746,2,212.7,2,61.6,2,0.096,2,,2
173.0,2,6.5773,2,33.6745,2,211.3,2,61.6,2,0.096,2,,2
174.0,2,6.5707,2,33.678000000000004,2,210.1,2,61.6,2,0.10300000000000001,2,,2
175.0,2,6.5545,2,33.6896,2,208.6,2,61.6,2,0.09300000000000001,2,,2
176.0,2,6.5166,2,33.7087,2,205.9,2,61.6,2,0.098,2,,2
177.0,2,6.4795,2,33.7227,2,203.4,2,61.6,2,0.098,2,,2
178.0,2,6.4761,2,33.7237,2,202.2,2,61.6,2,0.098,2,,2
179.0,2,6.4761,2,33.7235,2,201.4,2,61.6,2,0.098,2,,2
180.0,2,6.4678,2,33.7263,2,200.7,2,61.5,2,0.098,2,,2
181.0,2,6.4553,2,33.7293,2,200.2,2,61.6,2,0.092,2,,2
182.0,2,6.4485,2,33.7313,2,199.8,2,61.6,2,0.08800000000000001,2,,2
183.0,2,6.4401,2,33.734,2,199.5,2,61.6,2,0.09699999999999999,2,,2
184.0,2,6.4271,2,33.738,2,199.1,2,61.6,2,0.096,2,,2
185.0,2,6.3945,2,33.7477,2,198.4,2,61.6,2,0.08900000000000001,2,,2
186.0,2,6.3847,2,33.75,2,197.7,2,61.6,2,0.09699999999999999,2,,2
187.0,2,6.376,2,33.7518,2,196.9,2,61.6,2,0.096,2,,2
188.0,2,6.3592,2,33.7561,2,195.6,2,61.6,2,0.11,2,,2
189.0,2,6.341,2,33.7622,2,194.5,2,61.6,2,0.094,2,,2
190.0,2,6.3286,2,33.7639,2,193.7,2,61.6,2,0.09699999999999999,2,,2
191.0,2,6.3067,2,33.7658,2,193.0,2,61.6,2,0.08900000000000001,2,,2
192.0,2,6.2697,2,33.7702,2,192.5,2,61.6,2,0.078,2,,2
193.0,2,6.2461,2,33.7734,2,191.7,2,61.6,2,0.083,2,,2
194.0,2,6.2086,2,33.7794,2,190.2,2,61.6,2,0.073,2,,2
195.0,2,6.1872,2,33.7805,2,188.5,2,61.6,2,0.077,2,,2
196.0,2,6.157,2,33.7829,2,187.2,2,61.6,2,0.094,2,,2
197.0,2,6.1449,2,33.7835,2,186.3,2,61.6,2,0.08800000000000001,2,,2
198.0,2,6.1406,2,33.7833,2,185.5,2,61.6,2,0.09300000000000001,2,,2
199.0,2,6.138999999999999,2,33.784,2,184.8,2,61.6,2,0.091,2,,2
200.0,2,6.1394,2,33.7841,2,184.2,2,61.6,2,0.08900000000000001,2,,2
201.0,2,6.1398,2,33.7839,2,184.1,2,61.6,2,0.102,2,,2
202.0,2,6.1403,2,33.7839,2,184.1,2,61.6,2,0.098,2,,2
203.0,2,6.1216,2,33.7856,2,183.6,2,61.6,2,0.102,2,,2
204.0,2,6.0743,2,33.7898,2,182.9,2,61.6,2,0.08800000000000001,2,,2
205.0,2,6.0536,2,33.7909,2,182.0,2,61.6,2,0.086,2,,2
206.0,2,6.0397,2,33.7918,2,180.9,2,61.6,2,0.08800000000000001,2,,2
207.0,2,6.0135,2,33.7933,2,180.1,2,61.6,2,0.086,2,,2
208.0,2,5.9836,2,33.7953,2,179.0,2,61.6,2,0.091,2,,2
209.0,2,5.957999999999999,2,33.8003,2,177.5,2,61.5,2,0.10300000000000001,2,,2
210.0,2,5.9329,2,33.8035,2,176.0,2,61.5,2,0.09,2,,2
211.0,2,5.9222,2,33.8037,2,174.5,2,61.5,2,0.087,2,,2
212.0,2,5.8988,2,33.8045,2,173.2,2,61.6,2,0.095,2,,2
213.0,2,5.8724,2,33.8057,2,171.9,2,61.5,2,0.09699999999999999,2,,2
214.0,2,5.8649,2,33.806,2,171.0,2,61.5,2,0.09,2,,2
215.0,2,5.8548,2,33.8067,2,170.3,2,61.5,2,0.095,2,,2
216.0,2,5.8488,2,33.806999999999995,2,169.4,2,61.6,2,0.09699999999999999,2,,2
217.0,2,5.8423,2,33.8087,2,168.5,2,61.5,2,0.084,2,,2
218.0,2,5.8342,2,33.8097,2,167.6,2,61.4,2,0.095,2,,2
219.0,2,5.8318,2,33.8097,2,166.6,2,61.5,2,0.08900000000000001,2,,2
220.0,2,5.8311,2,33.8099,2,166.1,2,61.5,2,0.096,2,,2
221.0,2,5.8263,2,33.8098,2,165.9,2,61.5,2,0.08800000000000001,2,,2
222.1,2,5.8253,2,33.8102,2,165.6,2,61.5,2,0.098,2,,2
223.0,2,5.8243,2,33.8103,2,165.2,2,61.5,2,0.086,2,,2
224.0,2,5.8234,2,33.8108,2,164.9,2,61.5,2,0.09,2,,2
225.0,2,5.8223,2,33.812,2,164.4,2,61.4,2,0.092,2,,2
226.0,2,5.82,2,33.8124,2,163.9,2,61.5,2,0.085,2,,2
227.0,2,5.815,2,33.8136,2,163.2,2,61.5,2,0.085,2,,2
228.0,2,5.8119,2,33.8146,2,162.7,2,61.5,2,0.08800000000000001,2,,2
229.0,2,5.8104,2,33.8149,2,162.3,2,61.4,2,0.09699999999999999,2,,2
230.1,2,5.8094,2,33.8156,2,161.9,2,61.4,2,0.08800000000000001,2,,2
231.0,2,5.8091,2,33.8159,2,161.1,2,61.4,2,0.08900000000000001,2,,2
232.0,2,5.8079,2,33.8161,2,160.6,2,61.4,2,0.085,2,,2
233.0,2,5.8039,2,33.8164,2,160.2,2,61.4,2,0.08900000000000001,2,,2
234.0,2,5.7945,2,33.8174,2,159.9,2,61.4,2,0.08900000000000001,2,,2
235.0,2,5.7889,2,33.8174,2,159.7,2,61.4,2,0.094,2,,2
236.0,2,5.7873,2,33.8172,2,159.5,2,61.4,2,0.09300000000000001,2,,2
237.0,2,5.7835,2,33.8174,2,159.1,2,61.4,2,0.085,2,,2
238.0,2,5.7765,2,33.8179,2,158.9,2,61.4,2,0.10099999999999999,2,,2
239.0,2,5.7721,2,33.8186,2,158.7,2,61.4,2,0.092,2,,2
240.0,2,5.7656,2,33.8195,2,158.2,2,61.4,2,0.095,2,,2
241.0,2,5.7589999999999995,2,33.82,2,157.6,2,61.4,2,0.094,2,,2
242.0,2,5.7517,2,33.8206,2,157.1,2,61.4,2,0.094,2,,2
243.0,2,5.7405,2,33.8217,2,156.8,2,61.4,2,0.09699999999999999,2,,2
244.0,2,5.7327,2,33.8222,2,156.5,2,61.3,2,0.095,2,,2
245.0,2,5.7031,2,33.823,2,155.8,2,61.4,2,0.09,2,,2
246.0,2,5.6445,2,33.8252,2,154.3,2,61.4,2,0.091,2,,2
247.0,2,5.5594,2,33.832,2,151.8,2,61.4,2,0.096,2,,2
248.0,2,5.572,2,33.8358,2,149.1,2,61.4,2,0.09300000000000001,2,,2
249.0,2,5.5757,2,33.8367,2,146.7,2,61.4,2,0.098,2,,2
250.0,2,5.5806,2,33.839,2,144.7,2,61.4,2,0.092,2,,2
251.0,2,5.5815,2,33.8413,2,143.2,2,61.4,2,0.09,2,,2
252.0,2,5.5792,2,33.8417,2,141.8,2,61.4,2,0.092,2,,2
253.0,2,5.5761,2,33.8434,2,140.7,2,61.4,2,0.092,2,,2
254.0,2,5.5837,2,33.848,2,139.4,2,61.4,2,0.098,2,,2
255.0,2,5.5909,2,33.8506,2,137.9,2,61.5,2,0.094,2,,2
256.0,2,5.5945,2,33.8518,2,136.7,2,61.4,2,0.096,2,,2
257.0,2,5.5946,2,33.8531,2,135.4,2,61.4,2,0.09,2,,2
258.0,2,5.5919,2,33.8538,2,134.4,2,61.4,2,0.095,2,,2
259.0,2,5.586,2,33.8547,2,133.5,2,61.5,2,0.091,2,,2
260.0,2,5.5831,2,33.8555,2,132.9,2,61.4,2,0.09300000000000001,2,,2
261.0,2,5.5798,2,33.8563,2,132.4,2,61.5,2,0.095,2,,2
262.0,2,5.5756,2,33.8564,2,131.8,2,61.4,2,0.09699999999999999,2,,2
263.0,2,5.5734,2,33.8564,2,131.3,2,61.5,2,0.095,2,,2
264.0,2,5.5712,2,33.8563,2,130.8,2,61.4,2,0.092,2,,2
265.0,2,5.5669,2,33.8565,2,130.5,2,61.5,2,0.085,2,,2
266.0,2,5.5641,2,33.8568,2,130.2,2,61.5,2,0.095,2,,2
267.0,2,5.5619,2,33.8571,2,130.0,2,61.5,2,0.092,2,,2
268.0,2,5.5453,2,33.8603,2,129.3,2,61.5,2,0.09300000000000001,2,,2
269.0,2,5.5303,2,33.8616,2,128.3,2,61.4,2,0.094,2,,2
270.0,2,5.5051,2,33.8632,2,127.4,2,61.5,2,0.09300000000000001,2,,2
271.0,2,5.4910000000000005,2,33.8631,2,126.5,2,61.5,2,0.091,2,,2
272.0,2,5.4805,2,33.8626,2,125.9,2,61.5,2,0.098,2,,2
273.0,2,5.4692,2,33.8627,2,125.2,2,61.5,2,0.09699999999999999,2,,2
274.0,2,5.4602,2,33.8642,2,124.6,2,61.4,2,0.08900000000000001,2,,2
275.0,2,5.4561,2,33.8652,2,123.7,2,61.5,2,0.087,2,,2
276.0,2,5.4554,2,33.8657,2,122.9,2,61.5,2,0.095,2,,2
277.0,2,5.4551,2,33.8665,2,122.5,2,61.4,2,0.095,2,,2
278.0,2,5.4552,2,33.8668,2,122.1,2,61.4,2,0.091,2,,2
279.0,2,5.4552,2,33.8669,2,121.9,2,61.5,2,0.098,2,,2
280.0,2,5.4551,2,33.8669,2,121.7,2,61.5,2,0.092,2,,2
281.0,2,5.455,2,33.8667,2,121.6,2,61.4,2,0.09699999999999999,2,,2
282.0,2,5.4547,2,33.867,2,121.5,2,61.5,2,0.096,2,,2
283.0,2,5.4536,2,33.8678,2,121.3,2,61.5,2,0.094,2,,2
284.0,2,5.4516,2,33.8683,2,121.0,2,61.4,2,0.094,2,,2
285.0,2,5.4486,2,33.8686,2,120.8,2,61.5,2,0.095,2,,2
286.0,2,5.4425,2,33.8688,2,120.6,2,61.5,2,0.094,2,,2
287.0,2,5.4263,2,33.8681,2,120.5,2,61.5,2,0.09,2,,2
288.0,2,5.3992,2,33.8665,2,120.4,2,61.5,2,0.09699999999999999,2,,2
289.0,2,5.3848,2,33.8673,2,120.3,2,61.5,2,0.094,2,,2
290.0,2,5.3743,2,33.8671,2,120.0,2,61.5,2,0.095,2,,2
291.0,2,5.3512,2,33.8662,2,119.7,2,61.5,2,0.092,2,,2
292.0,2,5.3156,2,33.8629,2,119.5,2,61.5,2,0.09300000000000001,2,,2
293.0,2,5.28,2,33.8625,2,119.1,2,61.5,2,0.098,2,,2
294.0,2,5.2834,2,33.8656,2,118.8,2,61.5,2,0.09699999999999999,2,,2
295.0,2,5.2822,2,33.8675,2,118.0,2,61.5,2,0.096,2,,2
296.0,2,5.2833,2,33.87,2,117.0,2,61.5,2,0.098,2,,2
297.0,2,5.2824,2,33.8723,2,115.8,2,61.5,2,0.095,2,,2
298.0,2,5.2826,2,33.8733,2,114.7,2,61.5,2,0.095,2,,2
299.0,2,5.2836,2,33.8749,2,113.9,2,61.5,2,0.098,2,,2
300.0,2,5.2838,2,33.8758,2,113.0,2,61.5,2,0.09699999999999999,2,,2
301.0,2,5.2832,2,33.876999999999995,2,112.2,2,61.5,2,0.094,2,,2
302.0,2,5.282,2,33.8784,2,111.4,2,61.5,2,0.09699999999999999,2,,2
303.0,2,5.2823,2,33.8862,2,110.3,2,61.6,2,0.098,2,,2
304.0,2,5.2743,2,33.8885,2,108.9,2,61.6,2,0.098,2,,2
305.0,2,5.267,2,33.8911,2,107.0,2,61.6,2,0.098,2,,2
306.1,2,5.2613,2,33.8926,2,104.7,2,61.6,2,0.091,2,,2
307.0,2,5.2595,2,33.8927,2,103.2,2,61.6,2,0.098,2,,2
308.0,2,5.2569,2,33.8935,2,102.5,2,61.6,2,0.098,2,,2
309.0,2,5.2531,2,33.8939,2,101.8,2,61.5,2,0.098,2,,2
310.0,2,5.2412,2,33.8969,2,101.0,2,61.6,2,0.09699999999999999,2,,2
311.0,2,5.2329,2,33.8986,2,99.7,2,61.6,2,0.098,2,,2
312.0,2,5.2157,2,33.9005,2,98.3,2,61.6,2,0.098,2,,2
313.0,2,5.1989,2,33.900999999999996,2,97.1,2,61.6,2,0.098,2,,2
314.0,2,5.1887,2,33.9026,2,96.1,2,61.6,2,0.098,2,,2
315.0,2,5.1568,2,33.9043,2,94.9,2,61.6,2,0.098,2,,2
316.0,2,5.151,2,33.9049,2,93.9,2,61.6,2,0.096,2,,2
317.0,2,5.1506,2,33.9052,2,93.0,2,61.7,2,0.09699999999999999,2,,2
318.0,2,5.1499,2,33.9058,2,92.5,2,61.6,2,0.098,2,,2
319.0,2,5.1471,2,33.9062,2,92.0,2,61.6,2,0.098,2,,2
320.0,2,5.1374,2,33.9074,2,91.4,2,61.6,2,0.098,2,,2
321.0,2,5.1315,2,33.9082,2,90.7,2,61.7,2,0.098,2,,2
322.0,2,5.1235,2,33.9086,2,90.1,2,61.7,2,0.098,2,,2
323.0,2,5.1091,2,33.9085,2,89.5,2,61.7,2,0.09699999999999999,2,,2
324.0,2,5.0963,2,33.9096,2,89.1,2,61.7,2,0.098,2,,2
325.0,2,5.0935,2,33.9128,2,88.4,2,61.6,2,0.095,2,,2
326.0,2,5.0864,2,33.9146,2,87.6,2,61.7,2,0.092,2,,2
327.0,2,5.0797,2,33.9161,2,86.8,2,61.7,2,0.098,2,,2
328.0,2,5.0756,2,33.9166,2,86.0,2,61.7,2,0.098,2,,2
329.0,2,5.0721,2,33.9173,2,85.6,2,61.6,2,0.098,2,,2
330.0,2,5.0702,2,33.9177,2,84.9,2,61.7,2,0.098,2,,2
331.0,2,5.0686,2,33.9178,2,84.4,2,61.6,2,0.09699999999999999,2,,2
332.0,2,5.0673,2,33.918,2,84.1,2,61.7,2,0.096,2,,2
333.0,2,5.0638,2,33.9182,2,83.8,2,61.7,2,0.09699999999999999,2,,2
334.0,2,5.0631,2,33.9182,2,83.6,2,61.7,2,0.098,2,,2
335.0,2,5.0614,2,33.9185,2,83.5,2,61.7,2,0.098,2,,2
336.0,2,5.0595,2,33.9194,2,83.3,2,61.6,2,0.098,2,,2
337.0,2,5.0538,2,33.9201,2,83.0,2,61.7,2,0.098,2,,2
338.0,2,5.0455,2,33.9201,2,82.8,2,61.7,2,0.095,2,,2
339.0,2,5.0372,2,33.922,2,82.3,2,61.6,2,0.096,2,,2
340.0,2,5.0343,2,33.9235,2,81.7,2,61.7,2,0.098,2,,2
341.0,2,5.0326,2,33.9249,2,81.0,2,61.7,2,0.098,2,,2
342.0,2,5.0369,2,33.9265,2,80.5,2,61.7,2,0.098,2,,2
343.0,2,5.039,2,33.9277,2,80.0,2,61.7,2,0.098,2,,2
344.0,2,5.0314,2,33.9293,2,79.4,2,61.8,2,0.098,2,,2
345.0,2,5.0234,2,33.9304,2,78.7,2,61.8,2,0.098,2,,2
346.0,2,5.0178,2,33.9315,2,78.0,2,61.7,2,0.098,2,,2
347.0,2,5.0092,2,33.9315,2,77.4,2,61.8,2,0.098,2,,2
348.0,2,4.9966,2,33.931999999999995,2,76.9,2,61.8,2,0.102,2,,2
349.0,2,4.9749,2,33.931999999999995,2,76.5,2,61.8,2,0.098,2,,2
350.0,2,4.9627,2,33.9315,2,76.3,2,61.8,2,0.13,2,,2
351.0,2,4.9439,2,33.9291,2,76.3,2,61.7,2,0.098,2,,2
352.0,2,4.9278,2,33.928000000000004,2,76.3,2,61.7,2,0.098,2,,2
353.0,2,4.9149,2,33.9267,2,76.5,2,61.8,2,0.098,2,,2
354.0,2,4.9042,2,33.9269,2,76.9,2,61.4,2,0.098,2,,2
355.0,2,4.8937,2,33.9252,2,77.3,2,61.8,2,0.098,2,,2
356.0,2,4.8598,2,33.9217,2,77.6,2,61.8,2,0.098,2,,2
357.0,2,4.8198,2,33.9194,2,77.9,2,61.8,2,0.098,2,,2
358.0,2,4.8011,2,33.9201,2,77.9,2,61.7,2,0.098,2,,2
359.0,2,4.7991,2,33.921,2,78.1,2,61.7,2,0.098,2,,2
360.0,2,4.8027,2,33.9242,2,77.9,2,61.7,2,0.098,2,,2
361.1,2,4.8056,2,33.926,2,77.7,2,61.8,2,0.098,2,,2
361.9,2,4.7976,2,33.9275,2,77.1,2,61.8,2,0.098,2,,2
362.9,2,4.7915,2,33.9284,2,76.4,2,61.8,2,0.10300000000000001,2,,2
364.0,2,4.8123,2,33.9346,2,75.7,2,61.8,2,0.098,2,,2
365.0,2,4.829,2,33.9387,2,74.8,2,61.8,2,0.098,2,,2
366.0,2,4.8264,2,33.9391,2,74.2,2,61.7,2,0.098,2,,2
367.0,2,4.8108,2,33.9374,2,73.5,2,61.8,2,0.098,2,,2
368.0,2,4.8022,2,33.9365,2,73.0,2,61.8,2,0.098,2,,2
369.0,2,4.8034,2,33.9394,2,72.6,2,61.8,2,0.098,2,,2
370.0,2,4.8569,2,33.9543,2,71.3,2,61.8,2,0.098,2,,2
371.0,2,4.8603,2,33.9576,2,69.3,2,61.8,2,0.098,2,,2
372.0,2,4.8606,2,33.9612,2,67.7,2,61.8,2,0.098,2,,2
373.0,2,4.843999999999999,2,33.9585,2,66.8,2,61.8,2,0.098,2,,2
374.0,2,4.8358,2,33.9577,2,66.3,2,61.7,2,0.098,2,,2
374.8,2,4.8347,2,33.9572,2,66.0,2,61.8,2,0.098,2,,2
378.3,2,4.8493,2,33.9736,2,64.2,2,61.8,2,0.098,2,,2
379.0,2,4.8521,2,33.9739,2,63.0,2,61.8,2,0.098,2,,2
380.0,2,4.853,2,33.9748,2,62.0,2,61.7,2,0.098,2,,2
381.0,2,4.848,2,33.9751,2,61.1,2,61.8,2,0.098,2,,2
382.0,2,4.8471,2,33.9776,2,60.1,2,61.8,2,0.098,2,,2
383.0,2,4.8461,2,33.9779,2,59.3,2,61.8,2,0.098,2,,2
384.0,2,4.8587,2,33.9823,2,58.7,2,61.8,2,0.098,2,,2
385.0,2,4.8715,2,33.9869,2,57.9,2,61.8,2,0.098,2,,2
386.0,2,4.8722,2,33.989000000000004,2,57.0,2,61.8,2,0.098,2,,2
387.0,2,4.8738,2,33.99,2,56.1,2,61.8,2,0.098,2,,2
388.0,2,4.8755,2,33.9913,2,55.4,2,61.8,2,0.098,2,,2
389.0,2,4.8758,2,33.9915,2,54.8,2,61.8,2,0.098,2,,2
390.0,2,4.876,2,33.9913,2,54.3,2,61.7,2,0.1,2,,2
391.0,2,4.875,2,33.9925,2,53.9,2,61.7,2,0.098,2,,2
392.0,2,4.8775,2,33.9973,2,53.2,2,61.7,2,0.098,2,,2
393.0,2,4.8786,2,33.9982,2,52.7,2,61.8,2,0.098,2,,2
394.0,2,4.8775,2,33.9983,2,52.2,2,61.8,2,0.098,2,,2
395.0,2,4.8771,2,33.9984,2,51.9,2,61.8,2,0.098,2,,2
396.0,2,4.8766,2,33.9985,2,51.7,2,61.8,2,0.098,2,,2
397.0,2,4.8762,2,33.9986,2,51.4,2,61.6,2,0.098,2,,2
398.0,2,4.8762,2,33.999,2,51.2,2,61.8,2,0.098,2,,2
399.0,2,4.8766,2,33.9993,2,51.1,2,61.8,2,0.098,2,,2
400.0,2,4.8764,2,33.9994,2,50.9,2,61.8,2,0.098,2,,2
401.0,2,4.8762,2,33.9995,2,50.9,2,61.8,2,0.098,2,,2
402.0,2,4.8769,2,33.9998,2,50.8,2,61.8,2,0.098,2,,2
403.0,2,4.878,2,34.0004,2,50.7,2,61.8,2,0.098,2,,2
404.0,2,4.8814,2,34.0018,2,50.6,2,61.8,2,0.098,2,,2
405.0,2,4.8839999999999995,2,34.0026,2,50.3,2,61.8,2,0.098,2,,2
405.9,2,4.8854,2,34.0024,2,50.1,2,61.7,2,0.098,2,,2
407.0,2,4.8869,2,34.003,2,49.9,2,61.8,2,0.098,2,,2
408.0,2,4.8892,2,34.0037,2,49.7,2,61.8,2,0.098,2,,2
409.0,2,4.8908,2,34.004,2,49.5,2,61.8,2,0.098,2,,2
410.0,2,4.895,2,34.0049,2,49.5,2,61.8,2,0.098,2,,2
411.0,2,4.8957,2,34.0052,2,49.3,2,61.8,2,0.098,2,,2
412.0,2,4.8967,2,34.0057,2,49.2,2,61.8,2,0.098,2,,2
413.0,2,4.8981,2,34.0064,2,48.9,2,61.8,2,0.098,2,,2
414.0,2,4.8882,2,34.0075,2,48.8,2,61.8,2,0.098,2,,2
415.0,2,4.8761,2,34.0072,2,48.7,2,61.8,2,0.098,2,,2
416.0,2,4.8656,2,34.0069,2,48.6,2,61.8,2,0.102,2,,2
417.0,2,4.8464,2,34.0083,2,48.4,2,61.8,2,0.098,2,,2
418.0,2,4.8318,2,34.0113,2,48.1,2,61.8,2,0.098,2,,2
419.0,2,4.8264,2,34.0123,2,47.7,2,61.8,2,0.10099999999999999,2,,2
420.0,2,4.8219,2,34.0131,2,47.3,2,61.8,2,0.098,2,,2
421.0,2,4.8183,2,34.0134,2,47.1,2,61.8,2,0.098,2,,2
421.8,2,4.8142,2,34.0147,2,46.9,2,61.8,2,0.098,2,,2
423.2,2,4.8099,2,34.0146,2,46.7,2,61.8,2,0.098,2,,2
424.0,2,4.8093,2,34.0149,2,46.4,2,61.8,2,0.098,2,,2
425.0,2,4.8081,2,34.0163,2,46.3,2,61.8,2,0.098,2,,2
426.0,2,4.8027,2,34.0178,2,46.1,2,61.8,2,0.10099999999999999,2,,2
427.0,2,4.798,2,34.0186,2,45.8,2,61.8,2,0.098,2,,2
428.0,2,4.7955,2,34.0186,2,45.7,2,61.8,2,0.098,2,,2
429.0,2,4.7852,2,34.0182,2,45.5,2,61.8,2,0.098,2,,2
430.0,2,4.785,2,34.0199,2,45.4,2,61.8,2,0.098,2,,2
431.0,2,4.7787,2,34.0215,2,45.2,2,61.8,2,0.098,2,,2
432.0,2,4.7778,2,34.0219,2,44.9,2,61.9,2,0.098,2,,2
433.0,2,4.7765,2,34.0218,2,44.7,2,61.8,2,0.098,2,,2
434.0,2,4.7769,2,34.0222,2,44.5,2,61.9,2,0.098,2,,2
435.0,2,4.7775,2,34.0226,2,44.4,2,61.9,2,0.098,2,,2
436.0,2,4.7828,2,34.0238,2,44.2,2,61.8,2,0.098,2,,2
437.0,2,4.7699,2,34.0233,2,44.1,2,61.8,2,0.098,2,,2
438.0,2,4.7379,2,34.0224,2,44.1,2,61.8,2,0.098,2,,2
439.0,2,4.7279,2,34.0228,2,44.1,2,61.8,2,0.098,2,,2
440.0,2,4.7263,2,34.0228,2,44.2,2,61.5,2,0.098,2,,2
441.0,2,4.7255,2,34.0229,2,44.2,2,61.9,2,0.098,2,,2
442.0,2,4.7225,2,34.023,2,44.2,2,61.8,2,0.098,2,,2
443.0,2,4.7166,2,34.0244,2,44.2,2,61.7,2,0.096,2,,2
444.0,2,4.7136,2,34.0256,2,43.9,2,61.9,2,0.098,2,,2
445.0,2,4.7135,2,34.0255,2,43.9,2,61.8,2,0.098,2,,2
446.0,2,4.7131,2,34.0257,2,43.7,2,61.9,2,0.098,2,,2
447.0,2,4.7131,2,34.0256,2,43.6,2,61.9,2,0.098,2,,2
448.0,2,4.7129,2,34.0257,2,43.6,2,61.9,2,0.098,2,,2
448.6,2,4.7125,2,34.0261,2,43.6,2,61.8,2,0.098,2,,2
450.0,2,4.7145,2,34.0271,2,43.4,2,61.8,2,0.098,2,,2
451.0,2,4.7296,2,34.0317,2,42.9,2,61.9,2,0.098,2,,2
452.0,2,4.7447,2,34.0353,2,42.6,2,61.9,2,0.098,2,,2
453.0,2,4.7493,2,34.0372,2,42.1,2,61.9,2,0.098,2,,2
454.0,2,4.7588,2,34.0438,2,41.5,2,61.9,2,0.098,2,,2
455.0,2,4.7603,2,34.0454,2,40.9,2,61.8,2,0.099,2,,2
456.0,2,4.7613,2,34.046,2,40.2,2,61.9,2,0.102,2,,2
457.0,2,4.7633,2,34.0476,2,39.3,2,61.8,2,0.098,2,,2
459.0,2,4.7536,2,34.0521,2,38.0,2,61.9,2,0.098,2,,2
460.0,2,4.749,2,34.0536,2,37.6,2,61.9,2,0.098,2,,2
461.0,2,4.7457,2,34.0571,2,37.2,2,61.9,2,0.098,2,,2
462.0,2,4.7403,2,34.0599,2,36.6,2,62.0,2,0.098,2,,2
463.0,2,4.7383,2,34.0611,2,36.2,2,62.0,2,0.098,2,,2
464.0,2,4.7362,2,34.0629,2,35.7,2,62.0,2,0.098,2,,2
465.5,2,4.7359,2,34.0631,2,35.3,2,62.0,2,0.098,2,,2
466.0,2,4.7328,2,34.0647,2,34.8,2,62.0,2,0.098,2,,2
467.0,2,4.7194,2,34.0662,2,34.3,2,62.0,2,0.098,2,,2
468.0,2,4.711,2,34.0659,2,34.1,2,61.9,2,0.098,2,,2
469.0,2,4.7087,2,34.0658,2,33.9,2,62.0,2,0.098,2,,2
469.9,2,4.7098,2,34.0665,2,33.7,2,62.0,2,0.098,2,,2
471.0,2,4.7066,2,34.0674,2,33.6,2,62.0,2,0.098,2,,2
472.0,2,4.7025,2,34.069,2,33.4,2,62.0,2,0.098,2,,2
473.0,2,4.7012,2,34.0699,2,33.2,2,62.0,2,0.098,2,,2
474.0,2,4.7005,2,34.0711,2,32.9,2,62.0,2,0.098,2,,2
475.0,2,4.6996,2,34.0736,2,32.4,2,62.0,2,0.098,2,,2
476.0,2,4.6993,2,34.0736,2,32.1,2,62.0,2,0.098,2,,2
477.0,2,4.6988,2,34.0738,2,32.1,2,61.9,2,0.098,2,,2
478.0,2,4.698,2,34.0738,2,32.0,2,62.0,2,0.098,2,,2
479.0,2,4.6872,2,34.0734,2,31.8,2,62.0,2,0.098,2,,2
480.0,2,4.6745,2,34.074,2,31.7,2,62.0,2,0.098,2,,2
481.0,2,4.6658,2,34.0745,2,31.6,2,62.0,2,0.098,2,,2
482.0,2,4.6642,2,34.0764,2,31.4,2,62.0,2,0.098,2,,2
483.3,2,4.6478,2,34.0772,2,31.2,2,62.0,2,0.098,2,,2
484.0,2,4.6278,2,34.0767,2,31.0,2,62.0,2,0.098,2,,2
485.0,2,4.6213,2,34.077,2,30.8,2,62.0,2,0.098,2,,2
486.0,2,4.6172,2,34.0771,2,30.7,2,62.0,2,0.098,2,,2
487.0,2,4.6151,2,34.0772,2,30.5,2,62.0,2,0.098,2,,2
488.0,2,4.6131,2,34.0778,2,30.4,2,61.9,2,0.098,2,,2
489.0,2,4.6084,2,34.0786,2,30.2,2,62.0,2,0.098,2,,2
490.0,2,4.602,2,34.0805,2,30.1,2,62.0,2,0.098,2,,2
491.0,2,4.5851,2,34.0846,2,29.8,2,62.0,2,0.098,2,,2
492.0,2,4.5763,2,34.0875,2,29.5,2,62.0,2,0.098,2,,2
492.9,2,4.5727,2,34.0886,2,29.0,2,61.5,2,0.098,2,,2
494.1,2,4.5693,2,34.0892,2,28.5,2,62.0,2,0.102,2,,2
495.0,2,4.5699,2,34.0891,2,28.3,2,62.0,2,0.098,2,,2
496.0,2,4.5685,2,34.0895,2,28.1,2,62.0,2,0.098,2,,2
497.0,2,4.5684,2,34.0896,2,27.9,2,62.0,2,0.098,2,,2
498.0,2,4.5681,2,34.0895,2,27.8,2,62.0,2,0.098,2,,2
499.0,2,4.567,2,34.0897,2,27.7,2,61.6,2,0.098,2,,2
500.0,2,4.5636,2,34.0901,2,27.6,2,62.0,2,0.098,2,,2
501.0,2,4.5573,2,34.0918,2,27.6,2,62.0,2,0.098,2,,2
502.0,2,4.5552,2,34.0924,2,27.4,2,62.0,2,0.098,2,,2
503.0,2,4.5533,2,34.0931,2,27.2,2,62.0,2,0.10099999999999999,2,,2
504.0,2,4.5517,2,34.0935,2,27.1,2,62.0,2,0.098,2,,2
505.0,2,4.5508,2,34.0939,2,26.9,2,62.0,2,0.098,2,,2
506.0,2,4.5485,2,34.0951,2,26.8,2,62.0,2,0.098,2,,2
507.0,2,4.5471,2,34.0959,2,26.6,2,62.0,2,0.098,2,,2
508.0,2,4.547,2,34.0961,2,26.5,2,62.0,2,0.098,2,,2
509.0,2,4.5469,2,34.0963,2,26.3,2,62.0,2,0.1,2,,2
510.0,2,4.5464,2,34.0966,2,26.2,2,62.0,2,0.098,2,,2
511.0,2,4.5458,2,34.097,2,26.2,2,62.0,2,0.098,2,,2
512.0,2,4.545,2,34.0976,2,26.1,2,62.0,2,0.098,2,,2
513.0,2,4.5443,2,34.0977,2,26.1,2,62.0,2,0.098,2,,2
514.0,2,4.5435,2,34.0984,2,26.0,2,62.0,2,0.102,2,,2
515.0,2,4.5426,2,34.1042,2,25.8,2,61.9,2,0.098,2,,2
516.0,2,4.5425,2,34.106,2,25.3,2,62.0,2,0.098,2,,2
517.0,2,4.539,2,34.1088,2,25.0,2,62.0,2,0.098,2,,2
518.0,2,4.5365,2,34.1103,2,24.6,2,62.0,2,0.098,2,,2
519.0,2,4.5349,2,34.1104,2,24.4,2,62.0,2,0.098,2,,2
519.9,2,4.5311,2,34.1108,2,24.2,2,62.0,2,0.098,2,,2
521.0,2,4.5219,2,34.1123,2,24.1,2,62.0,2,0.098,2,,2
522.0,2,4.5209,2,34.1131,2,23.8,2,62.0,2,0.098,2,,2
523.0,2,4.5248,2,34.1154,2,23.6,2,62.0,2,0.098,2,,2
524.0,2,4.5277,2,34.117,2,23.3,2,62.0,2,0.098,2,,2
525.0,2,4.5317,2,34.1191,2,23.1,2,62.0,2,0.098,2,,2
526.0,2,4.5384,2,34.1229,2,22.9,2,62.0,2,0.098,2,,2
527.0,2,4.5383,2,34.1247,2,22.6,2,62.0,2,0.098,2,,2
528.0,2,4.5377,2,34.1253,2,22.2,2,62.0,2,0.098,2,,2
529.0,2,4.5363,2,34.1263,2,21.9,2,62.0,2,0.098,2,,2
530.0,2,4.5294,2,34.1258,2,21.5,2,62.0,2,0.098,2,,2
531.0,2,4.5223,2,34.1256,2,21.4,2,62.0,2,0.098,2,,2
532.0,2,4.5058,2,34.1254,2,21.4,2,62.0,2,0.096,2,,2
533.0,2,4.5077,2,34.1272,2,21.4,2,62.0,2,0.095,2,,2
534.0,2,4.5141,2,34.1306,2,21.2,2,62.0,2,0.091,2,,2
535.0,2,4.5158,2,34.1322,2,21.0,2,62.0,2,0.09300000000000001,2,,2
536.0,2,4.5163,2,34.1339,2,20.8,2,62.0,2,0.08900000000000001,2,,2
537.0,2,4.5124,2,34.1363,2,20.6,2,61.9,2,0.087,2,,2
538.0,2,4.5105,2,34.1369,2,20.4,2,62.0,2,0.09,2,,2
539.0,2,4.5037,2,34.1377,2,20.3,2,61.7,2,0.08800000000000001,2,,2
540.0,2,4.4952,2,34.139,2,20.1,2,61.9,2,0.098,2,,2
541.0,2,4.4828,2,34.1395,2,19.9,2,62.0,2,0.096,2,,2
542.0,2,4.4757,2,34.1393,2,19.8,2,62.0,2,0.094,2,,2
543.0,2,4.4719,2,34.1394,2,19.7,2,62.0,2,0.096,2,,2
544.0,2,4.4668,2,34.1395,2,19.7,2,62.0,2,0.09300000000000001,2,,2
545.0,2,4.4604,2,34.1394,2,19.6,2,62.0,2,0.095,2,,2
546.0,2,4.4583,2,34.1396,2,19.6,2,62.0,2,0.091,2,,2
547.0,2,4.4555,2,34.1399,2,19.6,2,62.0,2,0.092,2,,2
548.0,2,4.4527,2,34.1404,2,19.5,2,61.9,2,0.087,2,,2
549.0,2,4.4496,2,34.1413,2,19.4,2,62.0,2,0.091,2,,2
550.0,2,4.4466,2,34.1432,2,19.3,2,62.0,2,0.09699999999999999,2,,2
551.0,2,4.4453,2,34.146,2,19.3,2,62.0,2,0.095,2,,2
552.0,2,4.4431,2,34.1499,2,19.0,2,62.0,2,0.084,2,,2
553.0,2,4.4426,2,34.1501,2,18.7,2,62.0,2,0.092,2,,2
554.0,2,4.4423,2,34.15,2,18.6,2,62.0,2,0.085,2,,2
555.0,2,4.439,2,34.1505,2,18.4,2,62.0,2,0.08900000000000001,2,,2
556.0,2,4.4283,2,34.1504,2,18.4,2,62.0,2,0.085,2,,2
557.0,2,4.409,2,34.1499,2,18.3,2,61.9,2,0.086,2,,2
558.0,2,4.3933,2,34.1509,2,18.4,2,62.0,2,0.085,2,,2
559.0,2,4.3916,2,34.1512,2,18.3,2,62.0,2,0.08,2,,2
560.0,2,4.3927,2,34.1515,2,18.3,2,62.0,2,0.076,2,,2
561.0,2,4.3933,2,34.1517,2,18.3,2,62.0,2,0.073,2,,2
562.0,2,4.394,2,34.1519,2,18.2,2,62.0,2,0.073,2,,2
563.0,2,4.3945,2,34.152,2,18.2,2,62.0,2,0.078,2,,2
564.0,2,4.395,2,34.1519,2,18.2,2,62.0,2,0.078,2,,2
565.0,2,4.3937,2,34.1523,2,18.0,2,61.9,2,0.08199999999999999,2,,2
566.0,2,4.3936,2,34.1523,2,18.0,2,62.0,2,0.076,2,,2
567.0,2,4.3917,2,34.1523,2,18.1,2,62.0,2,0.073,2,,2
568.0,2,4.3863,2,34.1526,2,18.1,2,61.9,2,0.081,2,,2
569.0,2,4.3762,2,34.1536,2,18.0,2,62.0,2,0.083,2,,2
570.0,2,4.3708,2,34.1545,2,18.0,2,62.0,2,0.08199999999999999,2,,2
571.0,2,4.3649,2,34.155,2,18.0,2,62.0,2,0.077,2,,2
572.0,2,4.3616,2,34.1558,2,18.0,2,62.0,2,0.077,2,,2
573.0,2,4.3609,2,34.1569,2,17.8,2,62.0,2,0.073,2,,2
574.2,2,4.3539,2,34.1575,2,17.7,2,62.0,2,0.073,2,,2
575.0,2,4.3523,2,34.1577,2,17.7,2,62.0,2,0.073,2,,2
576.0,2,4.3518,2,34.1583,2,17.8,2,62.0,2,0.073,2,,2
577.0,2,4.3516,2,34.1585,2,17.7,2,62.0,2,0.075,2,,2
578.0,2,4.3513,2,34.1586,2,17.6,2,62.0,2,0.073,2,,2
579.0,2,4.3508,2,34.1589,2,17.6,2,62.0,2,0.073,2,,2
580.0,2,4.3496,2,34.1596,2,17.6,2,62.0,2,0.077,2,,2
581.0,2,4.3493,2,34.1597,2,17.5,2,62.0,2,0.073,2,,2
582.0,2,4.3477,2,34.1599,2,17.4,2,62.0,2,0.075,2,,2
583.0,2,4.3426,2,34.1613,2,17.4,2,62.0,2,0.076,2,,2
584.0,2,4.34,2,34.1618,2,17.4,2,61.8,2,0.079,2,,2
585.0,2,4.3366,2,34.1624,2,17.3,2,61.6,2,0.073,2,,2
586.0,2,4.3333,2,34.1631,2,17.3,2,62.0,2,0.073,2,,2
587.0,2,4.3286,2,34.1643,2,17.2,2,62.0,2,0.076,2,,2
588.0,2,4.3274,2,34.1647,2,17.1,2,62.0,2,0.075,2,,2
589.0,2,4.3269,2,34.1649,2,17.1,2,62.0,2,0.073,2,,2
590.0,2,4.3258,2,34.1651,2,17.0,2,62.0,2,0.075,2,,2
591.0,2,4.325,2,34.1655,2,17.0,2,62.0,2,0.073,2,,2
592.0,2,4.3244,2,34.1658,2,17.0,2,62.0,2,0.073,2,,2
593.0,2,4.3161,2,34.1676,2,16.8,2,62.0,2,0.073,2,,2
594.0,2,4.2994,2,34.1694,2,16.8,2,62.0,2,0.073,2,,2
595.0,2,4.2897,2,34.1696,2,16.7,2,61.8,2,0.073,2,,2
596.0,2,4.2839,2,34.17,2,16.7,2,62.0,2,0.071,2,,2
597.0,2,4.2791,2,34.1701,2,16.6,2,62.0,2,0.064,2,,2
598.0,2,4.2767,2,34.1702,2,16.6,2,62.0,2,0.066,2,,2
599.0,2,4.2708,2,34.1703,2,16.6,2,62.0,2,0.061,2,,2
600.0,2,4.2685,2,34.1702,2,16.6,2,62.0,2,0.061,2,,2
601.0,2,4.2603,2,34.1704,2,16.6,2,61.9,2,0.066,2,,2
602.0,2,4.255,2,34.1709,2,16.6,2,62.0,2,0.061,2,,2
603.0,2,4.2547,2,34.1709,2,16.6,2,62.0,2,0.061,2,,2
604.0,2,4.2476,2,34.1713,2,16.6,2,62.0,2,0.062,2,,2
605.0,2,4.2321,2,34.1722,2,16.6,2,62.0,2,0.062,2,,2
606.0,2,4.2293,2,34.1721,2,16.6,2,62.0,2,0.057999999999999996,2,,2
607.0,2,4.2264,2,34.1733,2,16.6,2,62.0,2,0.049,2,,2
608.0,2,4.2247,2,34.1736,2,16.5,2,61.9,2,0.049,2,,2
609.0,2,4.2218,2,34.1743,2,16.5,2,62.0,2,0.049,2,,2
610.0,2,4.2185,2,34.1753,2,16.5,2,62.0,2,0.049,2,,2
611.0,2,4.2088,2,34.1754,2,16.5,2,62.0,2,0.049,2,,2
612.0,2,4.1988,2,34.1753,2,16.5,2,62.0,2,0.038,2,,2
613.0,2,4.1941,2,34.1754,2,16.5,2,61.9,2,0.049,2,,2
614.0,2,4.1924,2,34.1755,2,16.5,2,62.0,2,0.047,2,,2
615.0,2,4.191,2,34.1758,2,16.4,2,62.0,2,0.045,2,,2
616.0,2,4.1872,2,34.1763,2,16.5,2,62.0,2,0.04,2,,2
617.0,2,4.1758,2,34.1763,2,16.5,2,61.9,2,0.04,2,,2
618.0,2,4.1656,2,34.1762,2,16.5,2,62.0,2,0.044000000000000004,2,,2
619.0,2,4.1588,2,34.1764,2,16.5,2,62.0,2,0.038,2,,2
620.0,2,4.1548,2,34.1768,2,16.5,2,62.0,2,0.038,2,,2
620.9,2,4.1528,2,34.1771,2,16.5,2,62.0,2,0.049,2,,2
623.0,2,4.1352,2,34.1779,2,16.5,2,62.0,2,0.042,2,,2
624.0,2,4.1329,2,34.1776,2,16.5,2,62.0,2,0.037000000000000005,2,,2
625.0,2,4.1321,2,34.1778,2,16.5,2,62.0,2,0.037000000000000005,2,,2
626.0,2,4.1316,2,34.1779,2,16.6,2,62.0,2,0.049,2,,2
627.0,2,4.1295,2,34.1779,2,16.6,2,62.0,2,0.049,2,,2
628.0,2,4.1277,2,34.1779,2,16.6,2,62.0,2,0.04,2,,2
629.0,2,4.1275,2,34.1779,2,16.6,2,62.0,2,0.037000000000000005,2,,2
630.0,2,4.1274,2,34.1782,2,16.6,2,62.0,2,0.045,2,,2
631.0,2,4.1255,2,34.1787,2,16.6,2,62.0,2,0.039,2,,2
632.0,2,4.122,2,34.1793,2,16.6,2,62.0,2,0.046,2,,2
633.2,2,4.1189,2,34.1795,2,16.6,2,62.0,2,0.047,2,,2
634.0,2,4.1172,2,34.1796,2,16.5,2,62.0,2,0.049,2,,2
635.0,2,4.1143,2,34.1798,2,16.5,2,62.0,2,0.042,2,,2
636.0,2,4.1104,2,34.18,2,16.6,2,62.0,2,0.037000000000000005,2,,2
637.0,2,4.1045,2,34.18,2,16.5,2,62.0,2,0.043,2,,2
638.0,2,4.0887,2,34.18,2,16.6,2,62.0,2,0.045,2,,2
639.5,2,4.0797,2,34.1801,2,16.6,2,62.0,2,0.037000000000000005,2,,2
640.0,2,4.0732,2,34.1803,2,16.6,2,62.0,2,0.040999999999999995,2,,2
641.0,2,4.0718,2,34.1802,2,16.6,2,62.0,2,0.037000000000000005,2,,2
642.0,2,4.072,2,34.1803,2,16.6,2,62.0,2,0.037000000000000005,2,,2
643.0,2,4.0709,2,34.1811,2,16.6,2,62.0,2,0.046,2,,2
644.0,2,4.0625,2,34.181999999999995,2,16.6,2,62.0,2,0.040999999999999995,2,,2
645.0,2,4.0569999999999995,2,34.181999999999995,2,16.6,2,62.0,2,0.045,2,,2
645.9,2,4.0538,2,34.1828,2,16.6,2,62.0,2,0.037000000000000005,2,,2
647.1,2,4.052,2,34.1832,2,16.6,2,62.0,2,0.032,2,,2
648.0,2,4.0521,2,34.184,2,16.6,2,62.0,2,0.026000000000000002,2,,2
649.0,2,4.0507,2,34.1848,2,16.5,2,62.0,2,0.024,2,,2
650.0,2,4.0446,2,34.1847,2,16.5,2,62.0,2,0.024,2,,2
651.0,2,4.0432,2,34.1846,2,16.5,2,62.0,2,0.024,2,,2
652.0,2,4.0425,2,34.1847,2,16.5,2,62.0,2,0.024,2,,2
653.0,2,4.0432,2,34.1852,2,16.5,2,62.0,2,0.024,2,,2
653.8,2,4.0381,2,34.1858,2,16.5,2,62.0,2,0.024,2,,2
655.0,2,4.0164,2,34.1844,2,16.6,2,62.0,2,0.027999999999999997,2,,2
656.0,2,4.0083,2,34.1835,2,16.6,2,62.0,2,0.033,2,,2
657.0,2,4.0081,2,34.1836,2,16.7,2,62.0,2,0.024,2,,2
658.0,2,4.0075,2,34.1849,2,16.6,2,62.0,2,0.016,2,,2
659.0,2,3.9959,2,34.1857,2,16.7,2,62.0,2,0.024,2,,2
660.0,2,3.9911,2,34.1859,2,16.7,2,62.0,2,0.02,2,,2
661.0,2,3.9907,2,34.1864,2,16.7,2,62.0,2,0.03,2,,2
662.0,2,3.9930000000000003,2,34.1877,2,16.6,2,62.0,2,0.024,2,,2
663.0,2,4.0068,2,34.1931,2,16.6,2,62.0,2,0.02,2,,2
664.0,2,4.0183,2,34.1971,2,16.3,2,61.9,2,0.024,2,,2
665.0,2,4.0157,2,34.1985,2,16.1,2,62.0,2,0.024,2,,2
666.0,2,4.0169999999999995,2,34.2015,2,15.9,2,62.0,2,0.024,2,,2
667.0,2,4.0176,2,34.2028,2,15.6,2,61.9,2,0.024,2,,2
668.0,2,4.0179,2,34.2035,2,15.3,2,62.0,2,0.024,2,,2
669.0,2,4.0169999999999995,2,34.2037,2,15.2,2,62.0,2,0.019,2,,2
670.0,2,4.0152,2,34.204,2,15.1,2,62.0,2,0.024,2,,2
671.0,2,4.0143,2,34.2046,2,15.0,2,62.0,2,0.019,2,,2
672.0,2,4.0162,2,34.2052,2,14.9,2,62.0,2,0.013999999999999999,2,,2
673.0,2,4.0213,2,34.2072,2,14.9,2,62.0,2,0.024,2,,2
674.0,2,4.0209,2,34.2091,2,14.9,2,62.0,2,0.024,2,,2
674.7,2,4.0079,2,34.2096,2,14.8,2,62.0,2,0.024,2,,2
676.0,2,3.9699,2,34.2062,2,14.9,2,62.0,2,0.024,2,,2
677.0,2,3.9704,2,34.2068,2,14.9,2,62.0,2,0.02,2,,2
678.0,2,3.9576,2,34.205999999999996,2,14.9,2,62.0,2,0.024,2,,2
679.0,2,3.9454,2,34.2052,2,14.9,2,62.0,2,0.024,2,,2
680.0,2,3.9396,2,34.2053,2,15.0,2,62.0,2,0.016,2,,2
681.0,2,3.9383,2,34.2074,2,15.0,2,62.0,2,0.018000000000000002,2,,2
681.7,2,3.9388,2,34.2082,2,15.1,2,62.0,2,0.024,2,,2
683.2,2,3.9345,2,34.2088,2,15.1,2,62.0,2,0.024,2,,2
684.0,2,3.9277,2,34.2089,2,15.1,2,62.0,2,0.024,2,,2
685.0,2,3.9232,2,34.2091,2,15.1,2,62.0,2,0.024,2,,2
686.0,2,3.9156,2,34.2092,2,15.1,2,62.0,2,0.024,2,,2
687.0,2,3.9192,2,34.2106,2,15.0,2,62.0,2,0.021,2,,2
688.0,2,3.9204,2,34.2121,2,15.0,2,62.0,2,0.024,2,,2
689.0,2,3.9183,2,34.2131,2,15.0,2,61.9,2,0.021,2,,2
690.0,2,3.9189999999999996,2,34.2136,2,14.9,2,62.0,2,0.019,2,,2
691.0,2,3.9189999999999996,2,34.2138,2,14.9,2,62.0,2,0.022000000000000002,2,,2
692.0,2,3.9249,2,34.2162,2,14.8,2,61.9,2,0.023,2,,2
693.0,2,3.9325,2,34.2187,2,14.7,2,62.0,2,0.022000000000000002,2,,2
694.0,2,3.9423,2,34.2223,2,14.6,2,62.0,2,0.015,2,,2
695.0,2,3.9606,2,34.2267,2,14.4,2,62.0,2,0.019,2,,2
695.7,2,3.9691,2,34.2275,2,14.0,2,62.0,2,0.024,2,,2
697.1,2,3.9774,2,34.23,2,13.7,2,61.9,2,0.016,2,,2
698.0,2,3.9769,2,34.2308,2,13.5,2,62.0,2,0.024,2,,2
699.0,2,3.9729,2,34.2306,2,13.3,2,62.0,2,0.024,2,,2
700.0,2,3.9635,2,34.2295,2,13.3,2,62.0,2,0.018000000000000002,2,,2
701.0,2,3.9332,2,34.2271,2,13.3,2,62.0,2,0.023,2,,2
702.0,2,3.9041,2,34.2248,2,13.5,2,62.0,2,0.024,2,,2
703.0,2,3.9032,2,34.2251,2,13.6,2,62.0,2,0.019,2,,2
704.2,2,3.9307,2,34.23,2,13.7,2,62.0,2,0.024,2,,2
705.0,2,3.9278,2,34.2298,2,13.7,2,62.0,2,0.019,2,,2
706.0,2,3.9123,2,34.2287,2,13.6,2,61.9,2,0.017,2,,2
707.0,2,3.8956,2,34.2275,2,13.7,2,62.0,2,0.017,2,,2
708.0,2,3.8898,2,34.2273,2,13.6,2,62.0,2,0.02,2,,2
709.0,2,3.8858,2,34.2272,2,13.7,2,62.0,2,0.02,2,,2
710.0,2,3.8789,2,34.2272,2,13.8,2,62.0,2,0.019,2,,2
711.0,2,3.8734,2,34.2277,2,13.8,2,62.0,2,0.016,2,,2
712.0,2,3.8544,2,34.2271,2,13.8,2,62.0,2,0.024,2,,2
713.0,2,3.8461,2,34.227,2,13.9,2,62.0,2,0.022000000000000002,2,,2
714.0,2,3.8434,2,34.228,2,14.0,2,61.9,2,0.019,2,,2
715.0,2,3.8417,2,34.2289,2,14.0,2,62.0,2,0.02,2,,2
716.0,2,3.8467,2,34.2303,2,14.0,2,62.0,2,0.017,2,,2
717.0,2,3.8469,2,34.2319,2,14.0,2,62.0,2,0.016,2,,2
718.0,2,3.8468,2,34.2326,2,13.9,2,62.0,2,0.02,2,,2
719.0,2,3.8463,2,34.2333,2,13.9,2,62.0,2,0.021,2,,2
720.0,2,3.843,2,34.2351,2,13.8,2,62.0,2,0.012,2,,2
721.0,2,3.839,2,34.2361,2,13.7,2,62.0,2,0.021,2,,2
722.0,2,3.838,2,34.2364,2,13.7,2,62.0,2,0.013999999999999999,2,,2
723.0,2,3.8375,2,34.2365,2,13.6,2,62.0,2,0.012,2,,2
724.0,2,3.8381,2,34.2365,2,13.6,2,62.0,2,0.02,2,,2
725.0,2,3.8388,2,34.2366,2,13.5,2,62.0,2,0.016,2,,2
726.0,2,3.8384,2,34.2366,2,13.6,2,62.0,2,0.012,2,,2
727.0,2,3.8365,2,34.2368,2,13.5,2,62.0,2,0.013000000000000001,2,,2
728.0,2,3.8351,2,34.2371,2,13.5,2,62.0,2,0.022000000000000002,2,,2
729.0,2,3.8348,2,34.2372,2,13.5,2,62.0,2,0.013000000000000001,2,,2
730.0,2,3.8333,2,34.236999999999995,2,13.4,2,62.0,2,0.012,2,,2
731.0,2,3.8227,2,34.2373,2,13.5,2,62.0,2,0.012,2,,2
732.0,2,3.8171,2,34.2376,2,13.6,2,62.0,2,0.021,2,,2
733.0,2,3.8167,2,34.2376,2,13.6,2,62.0,2,0.012,2,,2
734.0,2,3.8145,2,34.2378,2,13.6,2,62.0,2,0.012,2,,2
735.0,2,3.8126,2,34.2377,2,13.6,2,62.0,2,0.006999999999999999,2,,2
736.0,2,3.8104,2,34.2375,2,13.6,2,62.0,2,0.012,2,,2
737.1,2,3.8091,2,34.2375,2,13.6,2,62.0,2,0.012,2,,2
737.9,2,3.8031,2,34.2374,2,13.7,2,61.8,2,0.013000000000000001,2,,2
739.0,2,3.7875,2,34.2382,2,13.7,2,62.0,2,0.015,2,,2
740.0,2,3.785,2,34.2386,2,13.7,2,62.0,2,0.012,2,,2
741.0,2,3.7826,2,34.2387,2,13.7,2,62.0,2,0.015,2,,2
742.0,2,3.7812,2,34.2392,2,13.7,2,62.0,2,0.012,2,,2
743.0,2,3.78,2,34.2399,2,13.7,2,62.0,2,0.012,2,,2
744.0,2,3.7783,2,34.2402,2,13.7,2,62.0,2,0.017,2,,2
745.0,2,3.7754,2,34.2405,2,13.7,2,62.0,2,0.012,2,,2
746.0,2,3.7710000000000004,2,34.2407,2,13.7,2,62.0,2,0.012,2,,2
747.0,2,3.7687,2,34.2411,2,13.7,2,62.0,2,0.01,2,,2
748.0,2,3.7654,2,34.2415,2,13.7,2,62.0,2,0.006,2,,2
749.0,2,3.7609,2,34.2417,2,13.7,2,62.0,2,0.003,2,,2
750.0,2,3.7593,2,34.2418,2,13.7,2,62.0,2,0.009000000000000001,2,,2
750.8,2,3.7587,2,34.2418,2,13.7,2,62.0,2,0.012,2,,2
752.0,2,3.7466,2,34.2437,2,13.7,2,62.0,2,0.011000000000000001,2,,2
753.0,2,3.7411,2,34.2459,2,13.8,2,62.0,2,0.016,2,,2
754.0,2,3.7404,2,34.246,2,13.7,2,61.9,2,0.013999999999999999,2,,2
754.9,2,3.7423,2,34.2471,2,13.6,2,62.0,2,0.012,2,,2
756.0,2,3.7384,2,34.2477,2,13.5,2,62.0,2,0.023,2,,2
757.0,2,3.7264,2,34.2471,2,13.4,2,62.0,2,0.031,2,,2
758.0,2,3.7242,2,34.2469,2,13.4,2,62.0,2,0.027000000000000003,2,,2
759.0,2,3.7213,2,34.2467,2,13.5,2,62.0,2,0.055,2,,2
760.0,2,3.7185,2,34.2468,2,13.5,2,62.0,2,0.07,2,,2
760.8,2,3.7172,2,34.2472,2,13.6,2,62.0,2,0.03,2,,2
762.0,2,3.7129,2,34.2469,2,13.6,2,62.0,2,0.076,2,,2
763.0,2,3.705,2,34.2468,2,13.6,2,62.0,2,0.09,2,,2
764.0,2,3.7026,2,34.2469,2,13.7,2,62.0,2,0.08900000000000001,2,,2
765.0,2,3.6937,2,34.2473,2,13.7,2,62.0,2,0.040999999999999995,2,,2
766.0,2,3.6927,2,34.2475,2,13.7,2,62.0,2,0.024,2,,2
767.0,2,3.6925,2,34.2473,2,13.7,2,62.0,2,0.048,2,,2
767.9,2,3.6919999999999997,2,34.2476,2,13.8,2,62.0,2,0.035,2,,2
769.3,2,3.6877,2,34.248000000000005,2,13.8,2,62.0,2,0.106,2,,2
770.0,2,3.6839,2,34.2488,2,13.8,2,62.0,2,0.10300000000000001,2,,2
771.0,2,3.6808,2,34.2507,2,13.8,2,62.0,2,0.099,2,,2
772.0,2,3.6807,2,34.2507,2,13.8,2,62.0,2,0.098,2,,2
773.0,2,3.6813,2,34.2512,2,13.8,2,61.9,2,0.1,2,,2
774.0,2,3.6824,2,34.2516,2,13.6,2,62.0,2,0.10099999999999999,2,,2
775.0,2,3.6824,2,34.2525,2,13.6,2,62.0,2,0.092,2,,2
776.0,2,3.6816,2,34.2529,2,13.6,2,62.0,2,0.096,2,,2
777.0,2,3.681,2,34.253,2,13.6,2,62.0,2,0.098,2,,2
778.0,2,3.679,2,34.2534,2,13.5,2,62.0,2,0.092,2,,2
779.0,2,3.6757,2,34.2534,2,13.5,2,62.0,2,0.086,2,,2
780.0,2,3.6706,2,34.254,2,13.5,2,62.0,2,0.07400000000000001,2,,2
781.0,2,3.6688,2,34.255,2,13.5,2,62.0,2,0.098,2,,2
782.0,2,3.6689999999999996,2,34.2552,2,13.5,2,62.0,2,0.086,2,,2
783.2,2,3.6701,2,34.2564,2,13.5,2,62.0,2,0.073,2,,2
784.0,2,3.6666,2,34.2581,2,13.4,2,61.9,2,0.07,2,,2
785.0,2,3.6566,2,34.2597,2,13.3,2,62.0,2,0.069,2,,2
786.0,2,3.6573,2,34.262,2,13.3,2,62.0,2,0.07200000000000001,2,,2
787.0,2,3.6777,2,34.2666,2,13.1,2,62.0,2,0.073,2,,2
788.0,2,3.6798,2,34.2678,2,13.0,2,62.0,2,0.065,2,,2
789.0,2,3.6860000000000004,2,34.2701,2,12.8,2,62.0,2,0.061,2,,2
790.0,2,3.6964,2,34.272,2,12.6,2,62.0,2,0.064,2,,2
791.0,2,3.7078,2,34.2737,2,12.3,2,62.0,2,0.066,2,,2
792.0,2,3.7178,2,34.2772,2,12.0,2,62.0,2,0.061,2,,2
793.0,2,3.738,2,34.2815,2,11.8,2,62.0,2,0.061,2,,2
794.0,2,3.734,2,34.2814,2,11.6,2,62.0,2,0.061,2,,2
795.0,2,3.7276,2,34.2809,2,11.3,2,62.0,2,0.061,2,,2
796.0,2,3.7219,2,34.2803,2,11.2,2,62.0,2,0.061,2,,2
797.0,2,3.7078,2,34.279,2,11.1,2,62.0,2,0.061,2,,2
797.9,2,3.7041,2,34.279,2,11.0,2,62.0,2,0.061,2,,2
799.1,2,3.6964,2,34.279,2,11.2,2,62.0,2,0.061,2,,2
800.0,2,3.6928,2,34.2796,2,11.1,2,62.0,2,0.073,2,,2
801.0,2,3.6901,2,34.2798,2,11.1,2,61.9,2,0.065,2,,2
802.0,2,3.6943,2,34.2811,2,11.1,2,62.0,2,0.07200000000000001,2,,2
803.0,2,3.696,2,34.2815,2,11.2,2,62.0,2,0.073,2,,2
804.0,2,3.6967,2,34.2821,2,11.0,2,62.0,2,0.073,2,,2
805.0,2,3.696,2,34.2826,2,11.0,2,62.0,2,0.068,2,,2
806.0,2,3.6946,2,34.2828,2,11.0,2,62.0,2,0.073,2,,2
807.0,2,3.6941,2,34.2828,2,11.0,2,62.0,2,0.099,2,,2
808.0,2,3.6936,2,34.283,2,11.0,2,62.0,2,0.098,2,,2
809.0,2,3.6773,2,34.2812,2,11.0,2,62.0,2,0.098,2,,2
810.0,2,3.6666,2,34.2797,2,11.0,2,62.0,2,0.098,2,,2
811.0,2,3.6549,2,34.279,2,11.0,2,62.0,2,0.084,2,,2
812.0,2,3.6664,2,34.2849,2,11.0,2,61.9,2,0.076,2,,2
813.0,2,3.6758,2,34.2877,2,11.0,2,62.0,2,0.071,2,,2
814.0,2,3.6876,2,34.2893,2,11.0,2,62.0,2,0.073,2,,2
815.0,2,3.6904,2,34.2921,2,10.9,2,62.0,2,0.094,2,,2
816.0,2,3.6809,2,34.2922,2,10.7,2,62.0,2,0.095,2,,2
817.0,2,3.6778,2,34.2934,2,10.6,2,62.0,2,0.098,2,,2
818.0,2,3.6762,2,34.2935,2,10.6,2,61.9,2,0.098,2,,2
819.0,2,3.6779,2,34.294000000000004,2,10.6,2,62.0,2,0.098,2,,2
820.0,2,3.6737,2,34.2935,2,10.6,2,62.0,2,0.098,2,,2
821.0,2,3.6736,2,34.2944,2,10.6,2,61.9,2,0.095,2,,2
822.0,2,3.682,2,34.2962,2,10.6,2,62.0,2,0.094,2,,2
823.0,2,3.678,2,34.2963,2,10.5,2,62.0,2,0.079,2,,2
824.1,2,3.6319999999999997,2,34.2921,2,10.6,2,62.0,2,0.063,2,,2
824.8,2,3.6066,2,34.2886,2,10.7,2,62.0,2,0.061,2,,2
826.5,2,3.5964,2,34.2866,2,10.9,2,62.0,2,0.061,2,,2
827.0,2,3.5707,2,34.2858,2,11.0,2,62.0,2,0.061,2,,2
828.0,2,3.5508,2,34.2846,2,11.0,2,62.0,2,0.061,2,,2
829.0,2,3.5579,2,34.2867,2,11.0,2,62.0,2,0.061,2,,2
830.0,2,3.5624,2,34.2888,2,11.1,2,62.0,2,0.061,2,,2
831.4,2,3.5576,2,34.29,2,11.3,2,62.0,2,0.061,2,,2
832.0,2,3.5486,2,34.2902,2,11.4,2,62.0,2,0.057,2,,2
833.0,2,3.5388,2,34.2894,2,11.5,2,62.0,2,0.061,2,,2
834.0,2,3.5210000000000004,2,34.2874,2,11.5,2,62.0,2,0.061,2,,2
835.0,2,3.513,2,34.2875,2,11.7,2,62.0,2,0.061,2,,2
836.0,2,3.5142,2,34.2886,2,11.8,2,62.0,2,0.061,2,,2
837.0,2,3.5079,2,34.2888,2,11.8,2,62.0,2,0.061,2,,2
838.0,2,3.5015,2,34.2886,2,11.9,2,61.9,2,0.061,2,,2
839.0,2,3.4995,2,34.2884,2,11.9,2,62.0,2,0.061,2,,2
840.0,2,3.4995,2,34.2888,2,11.9,2,62.0,2,0.061,2,,2
841.0,2,3.4989999999999997,2,34.2891,2,11.9,2,62.0,2,0.061,2,,2
842.0,2,3.4991,2,34.289,2,12.0,2,62.0,2,0.061,2,,2
843.0,2,3.4997,2,34.2895,2,12.0,2,62.0,2,0.061,2,,2
844.0,2,3.4989,2,34.2895,2,12.0,2,62.0,2,0.061,2,,2
845.0,2,3.4932,2,34.2889,2,12.0,2,62.0,2,0.061,2,,2
846.0,2,3.4855,2,34.2885,2,12.0,2,62.0,2,0.065,2,,2
847.0,2,3.4774,2,34.2877,2,12.1,2,62.0,2,0.09300000000000001,2,,2
847.9,2,3.4761,2,34.2877,2,12.1,2,62.0,2,0.106,2,,2
END_DATA
