CTD,20190304CCHSIOLMM
#---------------------------------------------------------------------------------------------------,,,,,,,,,,,,,,,,
#Fluorescence - Transmissivity and PAR data are nominal and unedited except that some records were removed in editing temperature and salinity.,,,,,,,,,,,,,,,,
#---------------------------------------------------------------------------------------------------,,,,,,,,,,,,,,,,
#COMMENTS FOR CASTS 0001 TO 0032,,,,,,,,,,,,,,,,
#CTD Serial Number 0506; SBE Dissolved Oxygen sensor Serial Number 1176.,,,,,,,,,,,,,,,,
#,,,,,,,,,,,,,,,,
#As has been noted from several other cruises using Oxygen:Dissolved:CTD sensor #1176 in the summer 2010 the data are odd for some casts (casts 0022 to 0032) with concentration values offset by approximately 0.24 ml/l from the normal-looking casts and a higher noise level in the raw oxygen voltage.,,,,,,,,,,,,,,,,
#Data were recalibrated to correct for this offset but there were only 3 casts with titrated dissolved oxygen samples for the normal casts and 1 from the odd casts.,,,,,,,,,,,,,,,,
#Establishing which casts require the special recalibration was based on the noise level in the Oxygen:Dissolved:CTD voltage and information from other cruises was used to recalibrate the odd casts.,,,,,,,,,,,,,,,,
#,,,,,,,,,,,,,,,,
#The quality of the Oxygen:Dissolved:CTD calibration is considered lower than usual and there are insufficient data to make precision estimates. ,,,,,,,,,,,,,,,,
#,,,,,,,,,,,,,,,,
#---------------------------------------------------------------------------------------------------,,,,,,,,,,,,,,,,
#COMMENTS FOR CASTS 0036 TO 0129,,,,,,,,,,,,,,,,
#CTD Serial Number 0443; SBE Dissolved Oxygen sensor Serial Number 1483.,,,,,,,,,,,,,,,,
#,,,,,,,,,,,,,,,,
#There are only 3 casts with titrated dissolved oxygen samples that could be compared to the Oxygen:Dissolved:CTD data for sensor #1438 and 1 of them looked significantly different in the comparison from the other 2. ,,,,,,,,,,,,,,,,
#Recalibration of dissolved oxygen was based on the 2 casts that looked similar.,,,,,,,,,,,,,,,,
#There are insufficient data to make a precision estimate.,,,,,,,,,,,,,,,,
#,,,,,,,,,,,,,,,,
#For Oxygen:Dissolved:CTD sensor #1438 values below 2200 dbar were replaced by pad values because there is evidence of significant hysteresis.,,,,,,,,,,,,,,,,
#The Salinity:Practical data from CTD #0443 showed evidence of flow rate problems in the top 200 dbar; the two-sided noise caused by that was minimized by bin-averaging.,,,,,,,,,,,,,,,,
#,,,,,,,,,,,,,,,,
#***********************************************************************,,,,,,,,,,,,,,,,
#In June 2011 it was discovered that the wrong information was used for conversion of the Oxygen:Dissolved:CTD sensor data for CTD #0443.,,,,,,,,,,,,,,,,
#Sensor #1483 was actually used for this cruise.,,,,,,,,,,,,,,,,
#,,,,,,,,,,,,,,,,
#The Oxygen:Dissolved:CTD channel was reprocessed. ,,,,,,,,,,,,,,,,
#A new recalibration scheme was found by rerunning the bottle comparison. ,,,,,,,,,,,,,,,,
#The files were then merged with all the other channels from the original processing.,,,,,,,,,,,,,,,,
#,,,,,,,,,,,,,,,,
#The hysteresis noted in the original processing remains and the quality of the data is still considered of lower quality than usual.,,,,,,,,,,,,,,,,
#,,,,,,,,,,,,,,,,
#Note that the correct calibration information for the Oxygen:Dissolved:CTD sensor can be found at the end of the processing report along with detail about how the reprocessing was done.,,,,,,,,,,,,,,,,
#,,,,,,,,,,,,,,,,
#---------------------------------------------------------------------------------------------------,,,,,,,,,,,,,,,,
#For details on the processing see file 2010-14-proc.pdf.,,,,,,,,,,,,,,,,
#---------------------------------------------------------------------------------------------------,,,,,,,,,,,,,,,,
#,,,,,,,,,,,,,,,,
#File Name,Zone,FIL:START TIME YYYY/MM/DD, HH:MM,LOC:EVENT_NUMBER,LOC:LATITUDE,LOC:LONGITUDE,LOC:STATION,Pressure:CTD [dbar],Temperature:CTD [deg_C_(ITS90)],Salinity:Practical:CTD [PSS-78],Sigma-t:CTD [kg/m^3],Transmissivity:CTD [*/m],Oxygen:Dissolved:CTD:Volume [ml/l],Oxygen:Dissolved:CTD:Mass [µmol/kg],Fluorescence:CTD [mg/m^3],PAR:CTD [µE/m^2/sec]
#,,,,,,,,,,,,,,,,
NUMBER_HEADERS = 8
EXPOCODE = 18DD20100817
STNBR = P17
CASTNO = 1
DATE = 24/08/2010
TIME =  14:10
LATITUDE = 49.35033
LONGITUDE = -135.66634
CTDPRS,CTDPRS_FLAG_W,CTDTMP,CTDTMP_FLAG_W,CTDSAL,CTDSAL_FLAG_W,CTDOXY,CTDOXY_FLAG_W,CTDXMISS,CTDXMISS_FLAG_W,CTDFLUOR,CTDFLUOR_FLAG_W,PAR,PAR_FLAG_W
DBAR,,ITS-90,,PSS-78,,UMOL/KG,,,,MG/M^3,,UE/m^2/sec,
769.4,2,3.605,2,34.2698,2,11.8,2,62.0,2,0.023,2,,2
770.0,2,3.6048,2,34.2701,2,11.8,2,62.0,2,0.024,2,,2
771.0,2,3.6034,2,34.2707,2,11.6,2,62.0,2,0.024,2,,2
772.0,2,3.6021,2,34.2708,2,11.5,2,62.0,2,0.024,2,,2
773.0,2,3.6007,2,34.2711,2,11.5,2,62.0,2,0.023,2,,2
774.0,2,3.6013,2,34.2731,2,11.3,2,61.9,2,0.024,2,,2
775.0,2,3.602,2,34.275,2,11.3,2,61.9,2,0.022000000000000002,2,,2
776.0,2,3.6011,2,34.2751,2,11.4,2,62.0,2,0.021,2,,2
777.0,2,3.5999,2,34.2751,2,11.4,2,62.0,2,0.024,2,,2
778.0,2,3.5991,2,34.275,2,11.4,2,62.0,2,0.024,2,,2
779.0,2,3.5945,2,34.2746,2,11.3,2,62.0,2,0.024,2,,2
780.0,2,3.5918,2,34.275,2,11.3,2,62.0,2,0.023,2,,2
781.0,2,3.6101,2,34.2787,2,10.8,2,62.0,2,0.022000000000000002,2,,2
782.0,2,3.614,2,34.2805,2,10.5,2,61.9,2,0.024,2,,2
783.0,2,3.6136,2,34.2821,2,10.3,2,61.9,2,0.024,2,,2
784.0,2,3.6133,2,34.2828,2,10.1,2,61.9,2,0.023,2,,2
785.0,2,3.6118,2,34.2833,2,10.0,2,61.9,2,0.02,2,,2
786.0,2,3.6086,2,34.2837,2,10.2,2,61.9,2,0.02,2,,2
787.0,2,3.5997,2,34.2838,2,10.2,2,61.9,2,0.018000000000000002,2,,2
788.0,2,3.5957,2,34.2838,2,10.3,2,61.9,2,0.024,2,,2
789.0,2,3.5946,2,34.2838,2,10.3,2,61.9,2,0.024,2,,2
790.0,2,3.5918,2,34.2835,2,10.4,2,62.0,2,0.02,2,,2
791.0,2,3.5896,2,34.2836,2,10.3,2,61.9,2,0.024,2,,2
792.0,2,3.5872,2,34.2839,2,10.4,2,61.9,2,0.018000000000000002,2,,2
793.0,2,3.5752,2,34.2833,2,10.6,2,61.9,2,0.021,2,,2
794.0,2,3.5703,2,34.2829,2,10.8,2,62.0,2,0.022000000000000002,2,,2
795.0,2,3.5706,2,34.2828,2,10.9,2,61.9,2,0.013000000000000001,2,,2
796.0,2,3.5708,2,34.2827,2,10.8,2,61.9,2,0.013999999999999999,2,,2
797.0,2,3.57,2,34.2826,2,10.8,2,61.9,2,0.016,2,,2
798.0,2,3.5711,2,34.2827,2,10.9,2,62.0,2,0.013000000000000001,2,,2
799.0,2,3.5696,2,34.2827,2,10.9,2,62.0,2,0.018000000000000002,2,,2
800.0,2,3.5678,2,34.2828,2,11.0,2,60.6,2,0.024,2,,2
801.0,2,3.5610000000000004,2,34.2824,2,11.1,2,61.9,2,0.024,2,,2
802.0,2,3.5415,2,34.2806,2,11.4,2,62.0,2,0.016,2,,2
803.0,2,3.528,2,34.2798,2,11.9,2,62.0,2,0.08,2,,2
804.0,2,3.5182,2,34.2796,2,11.7,2,62.0,2,0.11,2,,2
805.0,2,3.5129,2,34.2798,2,11.9,2,62.0,2,0.091,2,,2
806.0,2,3.513,2,34.281,2,12.6,2,62.0,2,0.087,2,,2
807.0,2,3.5128,2,34.2812,2,12.3,2,61.9,2,0.10099999999999999,2,,2
808.0,2,3.5129,2,34.2815,2,12.2,2,62.0,2,0.054000000000000006,2,,2
809.0,2,3.513,2,34.2818,2,12.1,2,62.0,2,0.04,2,,2
810.0,2,3.5123,2,34.282,2,12.1,2,61.9,2,0.018000000000000002,2,,2
811.0,2,3.5105,2,34.2821,2,12.2,2,62.0,2,0.023,2,,2
812.0,2,3.5079,2,34.2821,2,12.3,2,62.0,2,0.024,2,,2
813.0,2,3.497,2,34.2817,2,12.3,2,62.0,2,0.019,2,,2
814.0,2,3.4891,2,34.2812,2,12.6,2,62.0,2,0.023,2,,2
815.0,2,3.4845,2,34.2809,2,12.8,2,61.9,2,0.049,2,,2
816.0,2,3.4802,2,34.2809,2,12.8,2,62.0,2,0.04,2,,2
817.0,2,3.4745,2,34.2804,2,12.9,2,62.0,2,0.024,2,,2
818.0,2,3.4677,2,34.2802,2,13.2,2,62.0,2,0.024,2,,2
819.0,2,3.463,2,34.2804,2,13.3,2,62.0,2,0.024,2,,2
820.0,2,3.463,2,34.2808,2,13.3,2,62.0,2,0.024,2,,2
821.0,2,3.463,2,34.2807,2,13.2,2,62.0,2,0.024,2,,2
822.0,2,3.4611,2,34.2809,2,13.4,2,62.0,2,0.023,2,,2
823.0,2,3.4556,2,34.2831,2,13.0,2,62.0,2,0.02,2,,2
824.0,2,3.4559,2,34.2835,2,13.0,2,62.0,2,0.019,2,,2
825.0,2,3.4564,2,34.2843,2,12.8,2,62.0,2,0.019,2,,2
826.0,2,3.4563,2,34.2848,2,12.8,2,62.0,2,0.024,2,,2
827.0,2,3.4575,2,34.2858,2,12.6,2,62.0,2,0.024,2,,2
828.0,2,3.46,2,34.2874,2,12.3,2,62.0,2,0.019,2,,2
829.0,2,3.4589999999999996,2,34.2882,2,12.3,2,62.0,2,0.02,2,,2
830.0,2,3.4582,2,34.2886,2,12.4,2,62.0,2,0.024,2,,2
831.0,2,3.4586,2,34.2891,2,12.3,2,62.0,2,0.024,2,,2
832.0,2,3.4589999999999996,2,34.2892,2,12.2,2,62.0,2,0.024,2,,2
833.0,2,3.4583,2,34.2894,2,12.2,2,62.0,2,0.024,2,,2
834.0,2,3.4568,2,34.2898,2,12.2,2,62.0,2,0.023,2,,2
835.0,2,3.4544,2,34.2901,2,12.2,2,62.0,2,0.024,2,,2
836.0,2,3.4527,2,34.2905,2,12.2,2,62.0,2,0.034,2,,2
837.0,2,3.4532,2,34.2908,2,12.2,2,61.9,2,0.026000000000000002,2,,2
838.0,2,3.4526,2,34.2907,2,12.1,2,62.0,2,0.024,2,,2
839.0,2,3.4531,2,34.2912,2,12.1,2,62.0,2,0.032,2,,2
840.0,2,3.4532,2,34.2912,2,12.0,2,62.0,2,0.026000000000000002,2,,2
841.0,2,3.4533,2,34.2914,2,12.0,2,62.0,2,0.034,2,,2
842.0,2,3.4492,2,34.2912,2,12.2,2,62.0,2,0.028999999999999998,2,,2
843.0,2,3.4397,2,34.291,2,12.2,2,60.5,2,0.026000000000000002,2,,2
844.0,2,3.4377,2,34.2915,2,12.3,2,61.8,2,0.03,2,,2
845.0,2,3.4360000000000004,2,34.2928,2,12.3,2,61.9,2,0.025,2,,2
846.0,2,3.4349,2,34.2936,2,12.1,2,62.0,2,0.027000000000000003,2,,2
847.0,2,3.4342,2,34.294000000000004,2,11.9,2,62.0,2,0.013999999999999999,2,,2
848.0,2,3.4339,2,34.294000000000004,2,12.1,2,62.0,2,0.035,2,,2
849.0,2,3.4338,2,34.294000000000004,2,12.0,2,61.9,2,0.024,2,,2
850.0,2,3.4337,2,34.2941,2,12.0,2,62.0,2,0.024,2,,2
851.0,2,3.4330000000000003,2,34.2946,2,11.8,2,62.0,2,0.026000000000000002,2,,2
852.0,2,3.4308,2,34.2953,2,11.7,2,62.0,2,0.025,2,,2
853.0,2,3.4248,2,34.2972,2,11.5,2,62.0,2,0.025,2,,2
854.0,2,3.4218,2,34.2984,2,11.3,2,62.0,2,0.028999999999999998,2,,2
855.0,2,3.4243,2,34.3001,2,11.3,2,61.9,2,0.024,2,,2
856.0,2,3.4279,2,34.3022,2,11.4,2,62.0,2,0.025,2,,2
857.0,2,3.427,2,34.3023,2,11.5,2,61.9,2,0.027000000000000003,2,,2
858.0,2,3.4248,2,34.3025,2,11.3,2,61.9,2,0.024,2,,2
859.0,2,3.4234,2,34.3024,2,11.1,2,62.0,2,0.024,2,,2
860.0,2,3.4216,2,34.3032,2,11.0,2,62.0,2,0.024,2,,2
861.0,2,3.4206,2,34.3041,2,11.1,2,62.0,2,0.024,2,,2
862.0,2,3.4169,2,34.305,2,11.1,2,62.0,2,0.02,2,,2
863.0,2,3.4135,2,34.3051,2,11.2,2,62.0,2,0.019,2,,2
864.0,2,3.4092,2,34.3053,2,11.2,2,61.8,2,0.024,2,,2
865.0,2,3.4073,2,34.3059,2,11.2,2,61.9,2,0.022000000000000002,2,,2
866.0,2,3.4065,2,34.3064,2,11.3,2,62.0,2,0.008,2,,2
867.0,2,3.4062,2,34.3066,2,11.3,2,62.0,2,0.024,2,,2
868.0,2,3.4049,2,34.306999999999995,2,11.2,2,62.0,2,0.024,2,,2
869.0,2,3.4026,2,34.3072,2,11.2,2,62.0,2,0.024,2,,2
870.0,2,3.4022,2,34.3074,2,11.2,2,62.0,2,0.015,2,,2
871.0,2,3.4019,2,34.3079,2,11.2,2,62.0,2,0.021,2,,2
872.0,2,3.3998,2,34.3089,2,11.2,2,61.9,2,0.024,2,,2
873.0,2,3.3982,2,34.3096,2,11.2,2,61.9,2,0.024,2,,2
874.0,2,3.3965,2,34.3104,2,11.2,2,62.0,2,0.024,2,,2
875.0,2,3.3957,2,34.3105,2,11.2,2,62.0,2,0.024,2,,2
876.0,2,3.3945,2,34.3107,2,11.1,2,62.0,2,0.023,2,,2
877.0,2,3.3961,2,34.3117,2,11.0,2,62.0,2,0.013999999999999999,2,,2
878.0,2,3.3956,2,34.3119,2,11.0,2,62.0,2,0.027000000000000003,2,,2
879.0,2,3.3944,2,34.3123,2,11.0,2,62.0,2,0.012,2,,2
880.0,2,3.3949,2,34.313,2,10.9,2,62.0,2,0.022000000000000002,2,,2
881.0,2,3.3982,2,34.3149,2,10.9,2,62.0,2,0.009000000000000001,2,,2
882.0,2,3.4,2,34.3159,2,10.6,2,62.0,2,0.02,2,,2
883.0,2,3.3967,2,34.3161,2,10.8,2,61.9,2,0.022000000000000002,2,,2
884.0,2,3.3954,2,34.3162,2,10.8,2,62.0,2,0.02,2,,2
885.0,2,3.3939999999999997,2,34.3166,2,10.6,2,62.0,2,0.023,2,,2
886.0,2,3.3875,2,34.3166,2,10.7,2,62.0,2,0.024,2,,2
887.0,2,3.3827,2,34.3172,2,10.7,2,62.0,2,0.022000000000000002,2,,2
888.0,2,3.3806,2,34.3181,2,10.8,2,62.0,2,0.023,2,,2
889.0,2,3.3802,2,34.3182,2,10.8,2,62.0,2,0.024,2,,2
890.0,2,3.3795,2,34.3184,2,10.8,2,61.9,2,0.013999999999999999,2,,2
891.0,2,3.3794,2,34.3202,2,10.8,2,62.0,2,0.013999999999999999,2,,2
892.0,2,3.3739,2,34.321,2,10.6,2,62.0,2,0.023,2,,2
893.0,2,3.3738,2,34.3219,2,10.6,2,62.0,2,0.016,2,,2
894.0,2,3.3778,2,34.3234,2,10.5,2,62.0,2,0.019,2,,2
895.0,2,3.3784,2,34.324,2,10.4,2,62.0,2,0.012,2,,2
896.0,2,3.3783,2,34.3241,2,10.5,2,61.9,2,0.017,2,,2
897.0,2,3.3767,2,34.3248,2,10.6,2,62.0,2,0.012,2,,2
898.0,2,3.3744,2,34.3258,2,10.5,2,62.0,2,0.013000000000000001,2,,2
899.0,2,3.3735,2,34.3262,2,10.4,2,62.0,2,0.019,2,,2
900.0,2,3.3724,2,34.3266,2,10.3,2,61.8,2,0.012,2,,2
901.0,2,3.3717,2,34.3266,2,10.2,2,62.0,2,0.015,2,,2
902.0,2,3.3712,2,34.3268,2,10.3,2,62.0,2,0.021,2,,2
903.0,2,3.3708,2,34.3269,2,10.3,2,62.0,2,0.021,2,,2
904.0,2,3.3702,2,34.3272,2,10.3,2,62.0,2,0.02,2,,2
905.0,2,3.3688,2,34.3276,2,10.3,2,61.9,2,0.021,2,,2
906.0,2,3.3688,2,34.3277,2,10.2,2,61.9,2,0.021,2,,2
907.0,2,3.3666,2,34.3279,2,10.3,2,62.0,2,0.017,2,,2
908.0,2,3.362,2,34.3284,2,10.3,2,62.0,2,0.021,2,,2
909.0,2,3.3596,2,34.3286,2,10.3,2,62.0,2,0.021,2,,2
910.0,2,3.3578,2,34.3292,2,10.4,2,62.0,2,0.022000000000000002,2,,2
911.0,2,3.3562,2,34.3306,2,10.3,2,62.0,2,0.02,2,,2
912.0,2,3.3558,2,34.3308,2,10.2,2,62.0,2,0.018000000000000002,2,,2
913.0,2,3.3556,2,34.330999999999996,2,10.1,2,62.0,2,0.013999999999999999,2,,2
914.0,2,3.3556,2,34.3311,2,10.1,2,62.0,2,0.023,2,,2
915.0,2,3.3542,2,34.3324,2,10.2,2,62.0,2,0.018000000000000002,2,,2
916.0,2,3.3473,2,34.3341,2,10.2,2,61.9,2,0.02,2,,2
917.0,2,3.3453,2,34.3347,2,10.2,2,62.0,2,0.024,2,,2
918.0,2,3.3412,2,34.3355,2,10.2,2,62.0,2,0.016,2,,2
919.0,2,3.3398,2,34.3358,2,10.2,2,62.0,2,0.02,2,,2
919.8,2,3.3388,2,34.3364,2,10.2,2,62.0,2,0.017,2,,2
921.0,2,3.3384,2,34.3367,2,10.2,2,62.0,2,0.024,2,,2
922.0,2,3.3398,2,34.3376,2,10.1,2,62.0,2,0.024,2,,2
923.0,2,3.3432,2,34.3397,2,9.9,2,62.0,2,0.024,2,,2
924.0,2,3.3466,2,34.3419,2,9.8,2,62.0,2,0.024,2,,2
925.0,2,3.3455,2,34.3421,2,9.6,2,62.0,2,0.024,2,,2
926.0,2,3.3477,2,34.3435,2,9.6,2,61.9,2,0.022000000000000002,2,,2
927.0,2,3.3491,2,34.345,2,9.4,2,62.0,2,0.02,2,,2
928.0,2,3.3480000000000003,2,34.3451,2,9.5,2,61.9,2,0.016,2,,2
929.0,2,3.3453,2,34.3455,2,9.4,2,61.9,2,0.024,2,,2
930.0,2,3.3452,2,34.3456,2,9.3,2,62.0,2,0.016,2,,2
931.0,2,3.3446,2,34.3459,2,9.3,2,62.0,2,0.02,2,,2
932.0,2,3.343,2,34.3461,2,9.4,2,62.0,2,0.024,2,,2
933.0,2,3.341,2,34.3465,2,9.4,2,62.0,2,0.024,2,,2
934.0,2,3.3402,2,34.3466,2,9.4,2,61.9,2,0.018000000000000002,2,,2
935.0,2,3.3398,2,34.3467,2,9.4,2,62.0,2,0.02,2,,2
936.0,2,3.339,2,34.3469,2,9.4,2,62.0,2,0.019,2,,2
937.0,2,3.3375,2,34.3473,2,9.3,2,62.0,2,0.021,2,,2
938.0,2,3.3341,2,34.3475,2,9.5,2,62.0,2,0.013999999999999999,2,,2
939.0,2,3.3311,2,34.3489,2,9.4,2,62.0,2,0.013999999999999999,2,,2
940.0,2,3.3315,2,34.3509,2,9.3,2,62.0,2,0.024,2,,2
941.0,2,3.3326,2,34.352,2,9.2,2,62.0,2,0.02,2,,2
942.0,2,3.3336,2,34.3522,2,9.0,2,62.0,2,0.021,2,,2
943.0,2,3.3339,2,34.3525,2,9.0,2,62.0,2,0.024,2,,2
944.0,2,3.3339999999999996,2,34.3525,2,9.0,2,62.0,2,0.013999999999999999,2,,2
945.0,2,3.3316,2,34.3531,2,9.1,2,62.0,2,0.019,2,,2
946.0,2,3.3271,2,34.3551,2,9.1,2,62.0,2,0.013000000000000001,2,,2
947.0,2,3.323,2,34.3558,2,9.0,2,62.0,2,0.017,2,,2
948.0,2,3.3197,2,34.3561,2,9.2,2,62.0,2,0.012,2,,2
949.0,2,3.3172,2,34.3564,2,9.1,2,62.0,2,0.015,2,,2
950.0,2,3.3132,2,34.3572,2,9.0,2,62.0,2,0.024,2,,2
951.0,2,3.3101,2,34.358000000000004,2,9.0,2,62.0,2,0.024,2,,2
952.0,2,3.3086,2,34.3583,2,9.1,2,62.0,2,0.024,2,,2
953.0,2,3.3083,2,34.3584,2,9.1,2,62.0,2,0.02,2,,2
954.0,2,3.3072,2,34.3584,2,9.0,2,62.0,2,0.018000000000000002,2,,2
955.0,2,3.3041,2,34.3587,2,9.0,2,62.0,2,0.017,2,,2
956.0,2,3.304,2,34.3587,2,8.9,2,62.0,2,0.022000000000000002,2,,2
957.0,2,3.3031,2,34.3591,2,9.1,2,62.0,2,0.013000000000000001,2,,2
958.0,2,3.3022,2,34.3593,2,9.0,2,62.0,2,0.021,2,,2
959.0,2,3.3012,2,34.3594,2,9.0,2,62.0,2,0.018000000000000002,2,,2
960.0,2,3.2972,2,34.3595,2,9.0,2,62.0,2,0.02,2,,2
961.0,2,3.2905,2,34.3601,2,9.1,2,62.0,2,0.038,2,,2
962.0,2,3.2895,2,34.3602,2,9.2,2,62.0,2,0.078,2,,2
963.0,2,3.2874,2,34.3605,2,9.1,2,62.0,2,0.105,2,,2
964.0,2,3.2866,2,34.3607,2,9.1,2,61.9,2,0.098,2,,2
965.0,2,3.2869,2,34.3609,2,9.2,2,62.0,2,0.102,2,,2
966.0,2,3.2858,2,34.3617,2,9.1,2,62.0,2,0.1,2,,2
967.0,2,3.2838,2,34.3624,2,9.1,2,62.0,2,0.10300000000000001,2,,2
968.0,2,3.2819,2,34.3624,2,9.1,2,62.0,2,0.098,2,,2
969.0,2,3.2742,2,34.361999999999995,2,9.1,2,62.0,2,0.098,2,,2
970.0,2,3.2689999999999997,2,34.3618,2,9.2,2,62.0,2,0.098,2,,2
971.0,2,3.2645,2,34.3619,2,9.3,2,62.0,2,0.098,2,,2
972.0,2,3.2606,2,34.3618,2,9.2,2,62.0,2,0.098,2,,2
973.0,2,3.2571,2,34.3624,2,9.2,2,62.0,2,0.10099999999999999,2,,2
974.0,2,3.2552,2,34.3623,2,9.2,2,62.0,2,0.099,2,,2
975.0,2,3.25,2,34.3629,2,9.4,2,62.0,2,0.106,2,,2
976.0,2,3.2453,2,34.3636,2,9.5,2,62.0,2,0.102,2,,2
977.0,2,3.2397,2,34.3639,2,9.5,2,62.0,2,0.10400000000000001,2,,2
978.0,2,3.2291,2,34.3631,2,9.7,2,62.0,2,0.095,2,,2
979.0,2,3.2246,2,34.3633,2,9.6,2,62.0,2,0.1,2,,2
980.0,2,3.2234,2,34.3634,2,9.6,2,62.0,2,0.1,2,,2
981.0,2,3.2221,2,34.3636,2,9.7,2,62.0,2,0.098,2,,2
982.0,2,3.2197,2,34.3636,2,9.6,2,62.0,2,0.098,2,,2
983.0,2,3.2181,2,34.3639,2,9.8,2,62.0,2,0.098,2,,2
984.0,2,3.2173,2,34.3641,2,9.8,2,62.0,2,0.098,2,,2
985.0,2,3.217,2,34.3638,2,9.8,2,62.0,2,0.098,2,,2
986.0,2,3.2164,2,34.3638,2,9.8,2,62.0,2,0.098,2,,2
987.0,2,3.2158,2,34.3642,2,9.8,2,62.0,2,0.10099999999999999,2,,2
988.0,2,3.2153,2,34.3643,2,9.8,2,62.0,2,0.105,2,,2
989.0,2,3.2149,2,34.3644,2,9.7,2,62.0,2,0.11,2,,2
990.0,2,3.214,2,34.3646,2,9.7,2,61.9,2,0.109,2,,2
991.0,2,3.2133,2,34.3648,2,9.8,2,62.0,2,0.098,2,,2
992.0,2,3.2119,2,34.3651,2,9.8,2,62.0,2,0.098,2,,2
993.3,2,3.2094,2,34.3655,2,9.8,2,62.0,2,0.098,2,,2
994.0,2,3.2077,2,34.3653,2,9.7,2,62.0,2,0.09300000000000001,2,,2
995.0,2,3.2061,2,34.3652,2,9.9,2,62.0,2,0.096,2,,2
996.0,2,3.2053,2,34.3654,2,9.8,2,62.0,2,0.098,2,,2
997.0,2,3.2028,2,34.3655,2,9.9,2,62.0,2,0.105,2,,2
997.8,2,3.198,2,34.366,2,10.0,2,62.0,2,0.098,2,,2
999.1,2,3.1861,2,34.3668,2,10.0,2,62.0,2,0.09300000000000001,2,,2
1000.0,2,3.1843,2,34.3666,2,10.0,2,62.0,2,0.09300000000000001,2,,2
1001.0,2,3.1833,2,34.3665,2,9.9,2,62.0,2,0.091,2,,2
1002.0,2,3.1825,2,34.3664,2,10.0,2,62.0,2,0.09699999999999999,2,,2
1003.0,2,3.1797,2,34.367,2,9.9,2,61.9,2,0.092,2,,2
1004.0,2,3.1776,2,34.3674,2,9.9,2,62.0,2,0.08,2,,2
1005.0,2,3.1753,2,34.3675,2,9.9,2,62.0,2,0.08199999999999999,2,,2
1006.0,2,3.1745,2,34.3678,2,9.9,2,62.0,2,0.086,2,,2
1007.1,2,3.174,2,34.368,2,9.9,2,62.0,2,0.084,2,,2
1008.0,2,3.1742,2,34.3681,2,10.0,2,62.0,2,0.077,2,,2
1009.0,2,3.1732,2,34.3683,2,10.0,2,62.0,2,0.076,2,,2
1010.0,2,3.1725,2,34.3686,2,9.9,2,62.0,2,0.085,2,,2
1011.0,2,3.1726,2,34.3687,2,10.0,2,62.0,2,0.087,2,,2
1012.0,2,3.1725,2,34.3688,2,9.9,2,62.0,2,0.10800000000000001,2,,2
1013.0,2,3.1710000000000003,2,34.3689,2,10.0,2,62.0,2,0.098,2,,2
1014.0,2,3.1638,2,34.3694,2,10.0,2,62.0,2,0.09300000000000001,2,,2
1015.0,2,3.1628,2,34.3707,2,10.0,2,62.0,2,0.09699999999999999,2,,2
1016.0,2,3.1632,2,34.3713,2,10.0,2,62.0,2,0.098,2,,2
1017.0,2,3.1646,2,34.3722,2,10.0,2,62.0,2,0.098,2,,2
1018.0,2,3.1653,2,34.3728,2,10.0,2,62.0,2,0.098,2,,2
1019.0,2,3.1622,2,34.3727,2,9.9,2,62.0,2,0.095,2,,2
1020.0,2,3.1606,2,34.373000000000005,2,9.9,2,62.0,2,0.086,2,,2
1021.0,2,3.1549,2,34.3729,2,10.0,2,62.0,2,0.08199999999999999,2,,2
1022.0,2,3.1353,2,34.3715,2,10.0,2,62.0,2,0.067,2,,2
1023.0,2,3.1219,2,34.371,2,10.1,2,62.0,2,0.061,2,,2
1024.0,2,3.1169,2,34.3703,2,10.5,2,62.0,2,0.061,2,,2
1025.0,2,3.1149,2,34.3705,2,10.5,2,62.0,2,0.061,2,,2
1026.0,2,3.1121,2,34.3701,2,10.5,2,62.0,2,0.061,2,,2
1027.0,2,3.109,2,34.3701,2,10.4,2,62.0,2,0.061,2,,2
1028.0,2,3.1068,2,34.3702,2,10.5,2,62.0,2,0.061,2,,2
1029.0,2,3.1111,2,34.3719,2,10.5,2,62.0,2,0.061,2,,2
1030.0,2,3.1254,2,34.3751,2,10.3,2,62.0,2,0.061,2,,2
1031.0,2,3.1255,2,34.3757,2,10.0,2,62.0,2,0.061,2,,2
1032.0,2,3.125,2,34.3761,2,10.0,2,62.0,2,0.061,2,,2
1033.0,2,3.1226,2,34.3763,2,10.1,2,62.0,2,0.061,2,,2
1034.0,2,3.1223,2,34.3767,2,10.0,2,62.0,2,0.061,2,,2
1035.0,2,3.1164,2,34.3758,2,10.2,2,62.0,2,0.061,2,,2
1036.0,2,3.0983,2,34.373000000000005,2,10.3,2,62.0,2,0.061,2,,2
1037.0,2,3.0687,2,34.3695,2,10.7,2,62.0,2,0.061,2,,2
1038.0,2,3.0576,2,34.3684,2,10.7,2,62.0,2,0.061,2,,2
1039.0,2,3.0466,2,34.3683,2,11.0,2,62.0,2,0.061,2,,2
1040.0,2,3.0607,2,34.3721,2,10.9,2,62.0,2,0.061,2,,2
1041.0,2,3.0653,2,34.373000000000005,2,10.8,2,62.0,2,0.061,2,,2
1042.0,2,3.0660000000000003,2,34.3732,2,10.8,2,62.0,2,0.061,2,,2
1043.0,2,3.0649,2,34.3732,2,10.6,2,61.9,2,0.061,2,,2
1044.0,2,3.0626,2,34.3728,2,10.8,2,62.0,2,0.061,2,,2
1045.0,2,3.0564,2,34.372,2,10.9,2,62.0,2,0.061,2,,2
1046.0,2,3.0505,2,34.3719,2,10.9,2,62.0,2,0.061,2,,2
1047.0,2,3.0519,2,34.3724,2,10.9,2,62.0,2,0.061,2,,2
1048.0,2,3.0647,2,34.3753,2,10.7,2,62.0,2,0.061,2,,2
1049.0,2,3.0612,2,34.3762,2,10.7,2,62.0,2,0.061,2,,2
1050.0,2,3.0508,2,34.3758,2,10.7,2,62.0,2,0.061,2,,2
1051.0,2,3.0335,2,34.3741,2,10.9,2,62.0,2,0.061,2,,2
1052.0,2,3.0239,2,34.3719,2,10.9,2,62.0,2,0.061,2,,2
1053.0,2,3.0204,2,34.3729,2,10.9,2,62.0,2,0.061,2,,2
1054.0,2,3.0296,2,34.376,2,10.9,2,62.0,2,0.061,2,,2
1055.0,2,3.0397,2,34.3795,2,10.9,2,62.0,2,0.061,2,,2
1056.0,2,3.0191,2,34.3789,2,10.8,2,62.0,2,0.061,2,,2
1056.9,2,3.0043,2,34.3765,2,10.9,2,62.0,2,0.061,2,,2
1058.3,2,2.9765,2,34.3728,2,10.9,2,62.0,2,0.061,2,,2
1059.0,2,2.9726,2,34.3733,2,11.2,2,62.0,2,0.061,2,,2
1060.0,2,2.9731,2,34.3728,2,11.5,2,62.0,2,0.061,2,,2
1061.0,2,2.9713,2,34.3729,2,11.6,2,62.0,2,0.061,2,,2
1062.0,2,2.9703,2,34.3732,2,11.4,2,62.0,2,0.061,2,,2
1063.0,2,2.97,2,34.3734,2,11.4,2,62.0,2,0.061,2,,2
1064.0,2,2.9696,2,34.3735,2,11.4,2,62.0,2,0.061,2,,2
1065.0,2,2.9685,2,34.3735,2,11.5,2,62.0,2,0.061,2,,2
1066.0,2,2.9681,2,34.3735,2,11.6,2,62.0,2,0.061,2,,2
1067.0,2,2.9677,2,34.3738,2,11.5,2,62.0,2,0.061,2,,2
1068.0,2,2.9661,2,34.374,2,11.5,2,61.8,2,0.061,2,,2
1069.0,2,2.965,2,34.3742,2,11.4,2,62.0,2,0.061,2,,2
1070.0,2,2.9618,2,34.375,2,11.4,2,62.0,2,0.061,2,,2
1071.0,2,2.9601,2,34.3756,2,11.5,2,62.0,2,0.061,2,,2
1072.0,2,2.9587,2,34.3759,2,11.5,2,62.0,2,0.062,2,,2
1073.0,2,2.9548,2,34.3773,2,11.5,2,62.0,2,0.068,2,,2
1074.0,2,2.9496,2,34.3781,2,11.3,2,62.0,2,0.062,2,,2
1075.0,2,2.9464,2,34.379,2,11.3,2,62.0,2,0.061,2,,2
1076.0,2,2.9452,2,34.3792,2,11.4,2,62.0,2,0.062,2,,2
1077.0,2,2.9443,2,34.3793,2,11.4,2,62.0,2,0.067,2,,2
1078.0,2,2.9432,2,34.3796,2,11.2,2,62.0,2,0.067,2,,2
1079.0,2,2.9395,2,34.3805,2,11.2,2,62.0,2,0.061,2,,2
1080.0,2,2.9387,2,34.3805,2,11.2,2,62.0,2,0.063,2,,2
1081.0,2,2.9365,2,34.3809,2,11.3,2,62.0,2,0.068,2,,2
1082.0,2,2.9358,2,34.3811,2,11.3,2,62.0,2,0.07200000000000001,2,,2
1083.0,2,2.9356,2,34.3812,2,11.3,2,62.0,2,0.065,2,,2
1084.0,2,2.9355,2,34.3813,2,11.3,2,62.0,2,0.067,2,,2
1085.0,2,2.9348,2,34.3815,2,11.3,2,62.0,2,0.061,2,,2
1086.0,2,2.9339999999999997,2,34.3816,2,11.2,2,62.0,2,0.067,2,,2
1087.0,2,2.9333,2,34.3818,2,11.3,2,62.0,2,0.062,2,,2
1088.0,2,2.9325,2,34.382,2,11.3,2,62.0,2,0.068,2,,2
1089.0,2,2.9308,2,34.3823,2,11.3,2,62.0,2,0.071,2,,2
1090.0,2,2.9273,2,34.383,2,11.3,2,62.0,2,0.069,2,,2
1091.0,2,2.9231,2,34.3838,2,11.3,2,62.0,2,0.067,2,,2
1092.0,2,2.9187,2,34.3851,2,11.3,2,62.0,2,0.063,2,,2
1093.0,2,2.9166,2,34.3858,2,11.3,2,62.0,2,0.065,2,,2
1094.0,2,2.9130000000000003,2,34.3866,2,11.2,2,62.0,2,0.064,2,,2
1095.0,2,2.9102,2,34.3874,2,11.2,2,62.0,2,0.065,2,,2
1096.0,2,2.9096,2,34.3875,2,11.1,2,62.0,2,0.069,2,,2
1097.0,2,2.909,2,34.3876,2,11.2,2,62.0,2,0.063,2,,2
1098.0,2,2.9087,2,34.3878,2,11.2,2,62.0,2,0.061,2,,2
1099.0,2,2.9079,2,34.388000000000005,2,11.2,2,62.0,2,0.061,2,,2
1100.0,2,2.9073,2,34.3881,2,11.0,2,62.0,2,0.061,2,,2
1101.0,2,2.9067,2,34.3882,2,11.1,2,62.0,2,0.065,2,,2
1102.0,2,2.9051,2,34.3885,2,11.2,2,62.0,2,0.071,2,,2
1103.0,2,2.9012,2,34.3895,2,11.2,2,62.0,2,0.064,2,,2
1103.7,2,2.9008,2,34.3896,2,11.2,2,62.0,2,0.061,2,,2
1105.0,2,2.9009,2,34.3895,2,11.1,2,62.0,2,0.065,2,,2
1106.0,2,2.9003,2,34.3897,2,11.1,2,62.0,2,0.062,2,,2
1107.0,2,2.8992,2,34.3898,2,11.2,2,62.0,2,0.061,2,,2
1108.0,2,2.8960000000000004,2,34.3906,2,11.1,2,62.0,2,0.067,2,,2
1109.0,2,2.8943,2,34.391,2,11.2,2,62.0,2,0.063,2,,2
1110.0,2,2.8929,2,34.3912,2,11.1,2,62.0,2,0.067,2,,2
1111.0,2,2.8895,2,34.3919,2,11.1,2,62.0,2,0.068,2,,2
1112.0,2,2.8864,2,34.3926,2,11.3,2,62.0,2,0.067,2,,2
1113.1,2,2.8848,2,34.3932,2,11.2,2,62.0,2,0.068,2,,2
1113.9,2,2.8843,2,34.393,2,11.1,2,62.0,2,0.07,2,,2
1115.0,2,2.8838,2,34.3932,2,11.2,2,62.0,2,0.061,2,,2
1116.0,2,2.8807,2,34.3939,2,11.3,2,62.0,2,0.067,2,,2
1117.0,2,2.8789,2,34.3942,2,11.1,2,62.0,2,0.068,2,,2
1118.0,2,2.8775,2,34.3946,2,11.2,2,62.0,2,0.065,2,,2
1119.0,2,2.8755,2,34.3954,2,11.2,2,62.0,2,0.065,2,,2
1120.0,2,2.8741,2,34.3957,2,11.1,2,62.0,2,0.064,2,,2
1121.0,2,2.8723,2,34.3959,2,11.0,2,62.0,2,0.061,2,,2
1122.0,2,2.8704,2,34.3964,2,11.2,2,62.0,2,0.061,2,,2
1123.0,2,2.8678,2,34.3972,2,11.0,2,62.0,2,0.061,2,,2
1124.0,2,2.8664,2,34.3973,2,11.0,2,62.0,2,0.061,2,,2
1125.0,2,2.8659,2,34.3975,2,11.1,2,62.0,2,0.061,2,,2
1126.0,2,2.8657,2,34.3976,2,11.0,2,62.0,2,0.061,2,,2
1127.0,2,2.8651,2,34.3978,2,11.2,2,62.0,2,0.061,2,,2
1128.0,2,2.8643,2,34.3981,2,11.1,2,62.0,2,0.061,2,,2
1129.0,2,2.864,2,34.3982,2,11.2,2,62.0,2,0.061,2,,2
1130.0,2,2.8641,2,34.398,2,11.2,2,62.0,2,0.061,2,,2
1131.0,2,2.8637,2,34.3982,2,11.2,2,62.0,2,0.061,2,,2
1132.0,2,2.8623,2,34.3984,2,11.1,2,62.0,2,0.061,2,,2
1133.0,2,2.8582,2,34.3996,2,11.0,2,62.0,2,0.061,2,,2
1134.0,2,2.8558,2,34.4001,2,11.1,2,62.0,2,0.061,2,,2
1135.0,2,2.8557,2,34.4003,2,11.0,2,62.0,2,0.061,2,,2
1136.0,2,2.8555,2,34.4003,2,11.0,2,62.0,2,0.061,2,,2
1136.9,2,2.8553,2,34.4002,2,11.2,2,62.0,2,0.061,2,,2
1138.0,2,2.8553,2,34.4003,2,11.1,2,62.0,2,0.061,2,,2
1139.0,2,2.855,2,34.4003,2,11.2,2,62.0,2,0.061,2,,2
1140.0,2,2.8537,2,34.4006,2,10.9,2,62.0,2,0.061,2,,2
1141.0,2,2.8501,2,34.4013,2,11.1,2,62.0,2,0.061,2,,2
1142.0,2,2.8449,2,34.4025,2,11.1,2,61.8,2,0.061,2,,2
1143.0,2,2.8424,2,34.403,2,11.0,2,61.9,2,0.061,2,,2
1144.0,2,2.8419,2,34.4032,2,11.1,2,62.0,2,0.061,2,,2
1145.0,2,2.8409,2,34.4034,2,11.2,2,62.0,2,0.061,2,,2
1146.0,2,2.84,2,34.4036,2,11.1,2,62.0,2,0.065,2,,2
1147.0,2,2.8384,2,34.404,2,11.1,2,62.0,2,0.061,2,,2
1148.0,2,2.8365,2,34.4045,2,11.0,2,62.0,2,0.061,2,,2
1149.0,2,2.8353,2,34.4049,2,11.2,2,62.0,2,0.061,2,,2
1150.0,2,2.835,2,34.4048,2,11.1,2,62.0,2,0.061,2,,2
1151.0,2,2.8347,2,34.405,2,11.0,2,62.0,2,0.061,2,,2
1152.0,2,2.8339999999999996,2,34.4052,2,11.1,2,62.0,2,0.061,2,,2
1153.0,2,2.8328,2,34.4054,2,11.2,2,62.0,2,0.061,2,,2
1154.0,2,2.8303,2,34.4059,2,11.0,2,62.0,2,0.061,2,,2
1155.0,2,2.8271,2,34.4067,2,11.1,2,62.0,2,0.061,2,,2
1156.0,2,2.8264,2,34.4068,2,11.2,2,62.0,2,0.063,2,,2
1157.0,2,2.8249,2,34.407,2,11.2,2,62.0,2,0.061,2,,2
1158.0,2,2.8239,2,34.4073,2,11.2,2,62.0,2,0.061,2,,2
1159.0,2,2.8206,2,34.4081,2,11.2,2,62.0,2,0.061,2,,2
1160.0,2,2.8158,2,34.4092,2,11.2,2,62.0,2,0.069,2,,2
1161.0,2,2.8139999999999996,2,34.4096,2,11.2,2,62.0,2,0.067,2,,2
1162.0,2,2.8124,2,34.4098,2,11.3,2,62.0,2,0.063,2,,2
1163.0,2,2.8110000000000004,2,34.4101,2,11.2,2,62.0,2,0.061,2,,2
1164.0,2,2.8086,2,34.4105,2,11.2,2,62.0,2,0.061,2,,2
1165.0,2,2.8063,2,34.4108,2,11.4,2,62.0,2,0.061,2,,2
1166.0,2,2.805,2,34.4111,2,11.3,2,62.0,2,0.068,2,,2
1167.1,2,2.8035,2,34.4114,2,11.4,2,62.0,2,0.07200000000000001,2,,2
1168.0,2,2.802,2,34.4115,2,11.4,2,62.0,2,0.066,2,,2
1169.0,2,2.8019,2,34.4116,2,11.3,2,62.0,2,0.061,2,,2
1170.0,2,2.7998,2,34.4119,2,11.2,2,62.0,2,0.061,2,,2
1171.0,2,2.7974,2,34.4125,2,11.4,2,62.0,2,0.061,2,,2
1172.0,2,2.7948,2,34.4131,2,11.4,2,62.0,2,0.063,2,,2
1173.0,2,2.7888,2,34.4144,2,11.4,2,62.0,2,0.064,2,,2
1174.0,2,2.7867,2,34.415,2,11.4,2,62.0,2,0.061,2,,2
1175.0,2,2.7869,2,34.4149,2,11.5,2,62.0,2,0.061,2,,2
1176.0,2,2.7866,2,34.415,2,11.5,2,62.0,2,0.061,2,,2
1177.0,2,2.7853,2,34.4154,2,11.4,2,62.0,2,0.064,2,,2
1178.0,2,2.7835,2,34.4155,2,11.4,2,62.0,2,0.062,2,,2
1179.0,2,2.7824,2,34.4158,2,11.4,2,62.0,2,0.061,2,,2
1180.0,2,2.7803,2,34.4163,2,11.5,2,62.0,2,0.065,2,,2
1181.0,2,2.7786,2,34.4169,2,11.6,2,62.0,2,0.063,2,,2
1182.0,2,2.7775,2,34.4172,2,11.5,2,62.0,2,0.061,2,,2
1183.0,2,2.7759,2,34.4174,2,11.5,2,62.0,2,0.061,2,,2
1184.0,2,2.7748,2,34.4174,2,11.5,2,62.0,2,0.061,2,,2
1185.0,2,2.7748,2,34.4175,2,11.5,2,62.0,2,0.061,2,,2
1186.0,2,2.7747,2,34.4176,2,11.5,2,62.0,2,0.064,2,,2
1187.0,2,2.7749,2,34.4175,2,11.6,2,62.0,2,0.061,2,,2
1188.0,2,2.7748,2,34.4176,2,11.5,2,62.0,2,0.068,2,,2
1189.0,2,2.7746,2,34.4178,2,11.4,2,62.0,2,0.061,2,,2
1190.0,2,2.7743,2,34.4178,2,11.5,2,62.0,2,0.061,2,,2
1191.0,2,2.7739,2,34.4182,2,11.5,2,62.0,2,0.064,2,,2
1192.0,2,2.7724,2,34.4186,2,11.5,2,62.0,2,0.064,2,,2
1193.0,2,2.772,2,34.4187,2,11.5,2,62.0,2,0.065,2,,2
1194.0,2,2.7717,2,34.4187,2,11.5,2,62.0,2,0.063,2,,2
1195.0,2,2.7693,2,34.4193,2,11.5,2,62.0,2,0.065,2,,2
1196.0,2,2.7669,2,34.4199,2,11.6,2,62.0,2,0.061,2,,2
1197.0,2,2.7665,2,34.4199,2,11.5,2,62.0,2,0.061,2,,2
1198.0,2,2.766,2,34.42,2,11.5,2,62.0,2,0.061,2,,2
1199.0,2,2.7653,2,34.4202,2,11.6,2,62.0,2,0.063,2,,2
1200.0,2,2.7649,2,34.4202,2,11.6,2,62.0,2,0.061,2,,2
1201.0,2,2.7649,2,34.4202,2,11.6,2,62.0,2,0.069,2,,2
1202.0,2,2.7648,2,34.4202,2,11.5,2,62.0,2,0.061,2,,2
1203.0,2,2.7644,2,34.4203,2,11.5,2,62.0,2,0.062,2,,2
1204.0,2,2.7631,2,34.4205,2,11.6,2,62.0,2,0.061,2,,2
1205.0,2,2.7624,2,34.4208,2,11.6,2,62.0,2,0.069,2,,2
1206.0,2,2.762,2,34.421,2,11.5,2,62.0,2,0.061,2,,2
1207.0,2,2.7609,2,34.4213,2,11.6,2,62.0,2,0.064,2,,2
1208.0,2,2.7599,2,34.4215,2,11.5,2,62.0,2,0.069,2,,2
1209.0,2,2.7595,2,34.4217,2,11.7,2,62.0,2,0.061,2,,2
1210.0,2,2.7591,2,34.4218,2,11.6,2,62.0,2,0.063,2,,2
1211.0,2,2.7587,2,34.4219,2,11.6,2,62.0,2,0.064,2,,2
1212.0,2,2.7583,2,34.4219,2,11.6,2,62.0,2,0.061,2,,2
1213.0,2,2.758,2,34.422,2,11.6,2,62.0,2,0.064,2,,2
1214.0,2,2.7576,2,34.4222,2,11.6,2,61.9,2,0.065,2,,2
1215.0,2,2.7554,2,34.4226,2,11.6,2,62.0,2,0.066,2,,2
1216.0,2,2.7532,2,34.4231,2,11.8,2,62.0,2,0.061,2,,2
1217.0,2,2.7521,2,34.4234,2,11.8,2,62.0,2,0.061,2,,2
1218.0,2,2.7494,2,34.424,2,11.7,2,62.0,2,0.07,2,,2
1219.0,2,2.7439999999999998,2,34.425,2,11.8,2,62.0,2,0.069,2,,2
1220.0,2,2.7397,2,34.4257,2,11.9,2,62.0,2,0.073,2,,2
1221.0,2,2.7365,2,34.426,2,11.9,2,62.0,2,0.068,2,,2
1222.0,2,2.7328,2,34.4268,2,11.8,2,62.0,2,0.073,2,,2
1223.0,2,2.7321,2,34.4268,2,11.8,2,62.0,2,0.066,2,,2
1224.0,2,2.7310000000000003,2,34.4271,2,11.9,2,62.0,2,0.066,2,,2
1225.0,2,2.7301,2,34.4273,2,12.0,2,62.0,2,0.061,2,,2
1226.0,2,2.7298,2,34.4273,2,11.9,2,62.0,2,0.064,2,,2
1227.0,2,2.7295,2,34.4274,2,12.0,2,62.0,2,0.066,2,,2
1228.0,2,2.7287,2,34.4275,2,11.9,2,62.0,2,0.067,2,,2
1229.0,2,2.728,2,34.4277,2,12.0,2,62.0,2,0.071,2,,2
1230.0,2,2.7277,2,34.4277,2,11.9,2,62.0,2,0.066,2,,2
1231.0,2,2.7271,2,34.4279,2,12.0,2,62.0,2,0.062,2,,2
1232.0,2,2.7267,2,34.4278,2,11.9,2,62.0,2,0.061,2,,2
1233.0,2,2.725,2,34.4281,2,11.9,2,62.0,2,0.067,2,,2
1234.0,2,2.7249,2,34.428000000000004,2,12.1,2,62.0,2,0.066,2,,2
1235.0,2,2.7246,2,34.4282,2,12.0,2,62.0,2,0.064,2,,2
1236.0,2,2.7233,2,34.4285,2,12.0,2,62.0,2,0.061,2,,2
1237.0,2,2.722,2,34.4287,2,12.0,2,62.0,2,0.062,2,,2
1238.0,2,2.7203,2,34.429,2,12.1,2,62.0,2,0.061,2,,2
1239.0,2,2.7195,2,34.429,2,12.0,2,62.0,2,0.064,2,,2
1240.0,2,2.7179,2,34.4293,2,12.0,2,62.0,2,0.067,2,,2
1241.0,2,2.7165,2,34.4296,2,12.1,2,62.0,2,0.067,2,,2
1242.0,2,2.7156,2,34.4297,2,12.0,2,62.0,2,0.061,2,,2
1243.0,2,2.7136,2,34.4302,2,12.0,2,62.0,2,0.062,2,,2
1244.0,2,2.7117,2,34.4306,2,12.0,2,62.0,2,0.067,2,,2
1245.0,2,2.7105,2,34.4309,2,12.0,2,62.0,2,0.064,2,,2
1246.0,2,2.708,2,34.4313,2,12.0,2,62.0,2,0.062,2,,2
1247.0,2,2.705,2,34.431999999999995,2,12.1,2,62.0,2,0.069,2,,2
1248.0,2,2.7028,2,34.4324,2,12.2,2,62.0,2,0.071,2,,2
1249.0,2,2.7025,2,34.4323,2,12.2,2,62.0,2,0.066,2,,2
1250.0,2,2.7006,2,34.4327,2,12.2,2,62.0,2,0.073,2,,2
1251.0,2,2.6996,2,34.4328,2,12.0,2,62.0,2,0.062,2,,2
1252.0,2,2.6991,2,34.433,2,12.2,2,62.0,2,0.061,2,,2
1253.0,2,2.6988,2,34.4332,2,12.2,2,62.0,2,0.066,2,,2
1254.0,2,2.6977,2,34.4333,2,12.0,2,62.0,2,0.066,2,,2
1255.0,2,2.6974,2,34.4334,2,12.3,2,62.0,2,0.069,2,,2
1256.0,2,2.6972,2,34.4335,2,12.4,2,62.0,2,0.069,2,,2
1257.0,2,2.6967,2,34.4335,2,12.2,2,62.0,2,0.068,2,,2
1258.0,2,2.6958,2,34.4337,2,12.2,2,62.0,2,0.064,2,,2
1259.0,2,2.6936,2,34.4341,2,12.3,2,62.0,2,0.065,2,,2
1260.0,2,2.6918,2,34.4346,2,12.2,2,62.0,2,0.071,2,,2
1261.0,2,2.6899,2,34.435,2,12.3,2,62.0,2,0.062,2,,2
1261.6,2,2.6889999999999996,2,34.4353,2,12.4,2,62.0,2,0.073,2,,2
1263.1,2,2.6889,2,34.4352,2,12.4,2,62.0,2,0.073,2,,2
1264.0,2,2.6879,2,34.4354,2,12.2,2,62.0,2,0.067,2,,2
1265.0,2,2.6868,2,34.4356,2,12.2,2,62.0,2,0.071,2,,2
1266.0,2,2.6856,2,34.4358,2,12.5,2,62.0,2,0.073,2,,2
1267.0,2,2.6832,2,34.4364,2,12.5,2,62.0,2,0.073,2,,2
1268.0,2,2.6812,2,34.4368,2,12.5,2,62.0,2,0.064,2,,2
1269.0,2,2.6806,2,34.437,2,12.4,2,62.0,2,0.063,2,,2
1270.0,2,2.6796,2,34.4373,2,12.5,2,62.0,2,0.061,2,,2
1271.0,2,2.6795,2,34.4373,2,12.5,2,62.0,2,0.067,2,,2
1272.0,2,2.679,2,34.4373,2,12.5,2,62.0,2,0.071,2,,2
1273.0,2,2.6769,2,34.4376,2,12.5,2,62.0,2,0.068,2,,2
1274.0,2,2.6755,2,34.438,2,12.5,2,62.0,2,0.07,2,,2
1275.0,2,2.6731,2,34.4385,2,12.5,2,62.0,2,0.067,2,,2
1276.0,2,2.6692,2,34.4393,2,12.5,2,62.0,2,0.061,2,,2
1277.0,2,2.6674,2,34.4398,2,12.5,2,62.0,2,0.062,2,,2
1278.0,2,2.6669,2,34.4398,2,12.5,2,62.0,2,0.073,2,,2
1279.0,2,2.6664,2,34.44,2,12.5,2,62.0,2,0.073,2,,2
1280.0,2,2.6659,2,34.4401,2,12.5,2,62.0,2,0.073,2,,2
1280.9,2,2.6656,2,34.4402,2,12.5,2,62.0,2,0.069,2,,2
1282.3,2,2.6653,2,34.4402,2,12.5,2,62.0,2,0.071,2,,2
1283.0,2,2.6647,2,34.4403,2,12.5,2,62.0,2,0.066,2,,2
1284.0,2,2.6629,2,34.4408,2,12.5,2,62.0,2,0.073,2,,2
1285.0,2,2.6624,2,34.4409,2,12.5,2,62.0,2,0.068,2,,2
1286.0,2,2.6618,2,34.4412,2,12.5,2,62.0,2,0.073,2,,2
1287.0,2,2.6617,2,34.4412,2,12.5,2,62.0,2,0.073,2,,2
1287.6,2,2.6615,2,34.4412,2,12.5,2,62.0,2,0.073,2,,2
1288.9,2,2.6615,2,34.4412,2,12.5,2,62.0,2,0.063,2,,2
1290.0,2,2.6603,2,34.4416,2,12.5,2,62.0,2,0.061,2,,2
1291.0,2,2.6592,2,34.4419,2,12.5,2,62.0,2,0.071,2,,2
1292.0,2,2.6591,2,34.4419,2,12.5,2,62.0,2,0.07,2,,2
1293.0,2,2.659,2,34.442,2,12.5,2,62.0,2,0.069,2,,2
1294.0,2,2.6583,2,34.4422,2,12.5,2,62.0,2,0.068,2,,2
1295.0,2,2.6572,2,34.4425,2,12.5,2,62.0,2,0.069,2,,2
1296.0,2,2.6572,2,34.4424,2,12.6,2,62.0,2,0.07200000000000001,2,,2
1297.0,2,2.6569,2,34.4424,2,12.6,2,62.0,2,0.069,2,,2
1298.0,2,2.6566,2,34.4425,2,12.6,2,62.0,2,0.065,2,,2
1299.0,2,2.6556,2,34.4428,2,12.6,2,62.0,2,0.068,2,,2
1299.6,2,2.6541,2,34.4432,2,12.6,2,62.0,2,0.073,2,,2
1301.0,2,2.65,2,34.4438,2,12.6,2,62.0,2,0.071,2,,2
1302.0,2,2.6493,2,34.444,2,12.6,2,62.0,2,0.07200000000000001,2,,2
1303.0,2,2.6487,2,34.4442,2,12.6,2,62.0,2,0.069,2,,2
1304.0,2,2.6482,2,34.4443,2,12.6,2,62.0,2,0.073,2,,2
1305.0,2,2.6472,2,34.4444,2,12.6,2,62.0,2,0.068,2,,2
1306.0,2,2.6459,2,34.4447,2,12.6,2,62.0,2,0.07,2,,2
1307.0,2,2.6408,2,34.4458,2,12.6,2,62.0,2,0.067,2,,2
1308.0,2,2.6379,2,34.446,2,12.8,2,62.0,2,0.073,2,,2
1309.0,2,2.6362,2,34.4464,2,12.5,2,62.0,2,0.067,2,,2
1310.0,2,2.6353,2,34.4466,2,12.7,2,62.0,2,0.073,2,,2
1311.0,2,2.6349,2,34.4467,2,13.1,2,62.0,2,0.073,2,,2
1312.0,2,2.6345,2,34.4469,2,13.2,2,62.0,2,0.07200000000000001,2,,2
1313.0,2,2.6343,2,34.4469,2,13.0,2,62.0,2,0.073,2,,2
1314.0,2,2.634,2,34.4471,2,12.9,2,62.0,2,0.073,2,,2
1315.0,2,2.6332,2,34.4473,2,13.1,2,62.0,2,0.073,2,,2
1316.0,2,2.6324,2,34.4473,2,13.3,2,62.0,2,0.073,2,,2
1317.0,2,2.6296,2,34.4479,2,12.9,2,62.0,2,0.068,2,,2
1317.6,2,2.6272,2,34.4485,2,13.3,2,62.0,2,0.071,2,,2
1318.9,2,2.6262,2,34.4486,2,13.1,2,62.0,2,0.07200000000000001,2,,2
1320.0,2,2.6249,2,34.4488,2,13.2,2,62.0,2,0.07200000000000001,2,,2
1321.0,2,2.6239,2,34.4489,2,13.3,2,62.0,2,0.073,2,,2
1322.0,2,2.6223,2,34.4492,2,13.3,2,62.0,2,0.073,2,,2
1323.0,2,2.6184,2,34.4501,2,13.3,2,62.0,2,0.071,2,,2
1324.0,2,2.6158,2,34.4504,2,13.5,2,62.0,2,0.065,2,,2
1325.0,2,2.6114,2,34.4507,2,13.5,2,62.0,2,0.07200000000000001,2,,2
1326.0,2,2.6086,2,34.4514,2,13.5,2,62.0,2,0.073,2,,2
1327.0,2,2.6076,2,34.4516,2,13.5,2,62.0,2,0.067,2,,2
1328.0,2,2.6072,2,34.4518,2,13.5,2,62.0,2,0.073,2,,2
1329.0,2,2.6062,2,34.4521,2,13.5,2,62.0,2,0.073,2,,2
1330.0,2,2.6058,2,34.4521,2,13.5,2,62.0,2,0.07200000000000001,2,,2
1331.0,2,2.6055,2,34.452,2,13.7,2,62.0,2,0.061,2,,2
1332.0,2,2.6042,2,34.4525,2,13.6,2,62.0,2,0.07200000000000001,2,,2
1333.0,2,2.6031,2,34.4525,2,13.8,2,62.0,2,0.073,2,,2
1334.0,2,2.6008,2,34.4532,2,13.6,2,62.0,2,0.071,2,,2
1335.2,2,2.5998,2,34.4534,2,13.7,2,62.0,2,0.073,2,,2
1335.9,2,2.5991,2,34.4533,2,13.7,2,62.0,2,0.073,2,,2
1337.0,2,2.5962,2,34.4539,2,13.8,2,62.0,2,0.073,2,,2
1338.0,2,2.5936,2,34.4544,2,13.6,2,62.0,2,0.073,2,,2
1339.0,2,2.5916,2,34.4549,2,13.8,2,62.0,2,0.073,2,,2
1340.0,2,2.5911,2,34.4548,2,13.9,2,62.0,2,0.07200000000000001,2,,2
1341.0,2,2.5885,2,34.4553,2,13.9,2,62.0,2,0.07,2,,2
1342.0,2,2.5856,2,34.4559,2,13.9,2,62.0,2,0.073,2,,2
1343.0,2,2.5852,2,34.4561,2,13.9,2,62.0,2,0.07200000000000001,2,,2
1344.0,2,2.5848,2,34.4562,2,13.9,2,62.0,2,0.065,2,,2
1345.0,2,2.582,2,34.4569,2,13.9,2,62.0,2,0.07200000000000001,2,,2
1346.0,2,2.5786,2,34.4575,2,14.0,2,62.0,2,0.073,2,,2
1347.0,2,2.576,2,34.4578,2,14.1,2,62.0,2,0.065,2,,2
1348.0,2,2.5744,2,34.458,2,14.2,2,62.0,2,0.07200000000000001,2,,2
1349.0,2,2.5739,2,34.4582,2,14.3,2,62.0,2,0.066,2,,2
1350.0,2,2.5738,2,34.4581,2,14.1,2,62.0,2,0.07,2,,2
1351.0,2,2.5736,2,34.4583,2,14.3,2,62.0,2,0.07,2,,2
1352.0,2,2.5734,2,34.4584,2,14.1,2,62.0,2,0.07200000000000001,2,,2
1352.8,2,2.573,2,34.4585,2,14.3,2,62.0,2,0.069,2,,2
1354.1,2,2.5729,2,34.4585,2,14.2,2,62.0,2,0.068,2,,2
1355.0,2,2.5727,2,34.4585,2,14.2,2,62.0,2,0.07200000000000001,2,,2
1356.0,2,2.5721,2,34.4586,2,14.3,2,61.9,2,0.07200000000000001,2,,2
1357.0,2,2.5713,2,34.4588,2,14.2,2,62.0,2,0.069,2,,2
1358.0,2,2.5688,2,34.4593,2,14.2,2,62.0,2,0.073,2,,2
1359.0,2,2.5671,2,34.4597,2,14.4,2,62.0,2,0.07200000000000001,2,,2
1360.0,2,2.5666,2,34.4597,2,14.3,2,62.0,2,0.073,2,,2
1361.0,2,2.5660000000000003,2,34.4598,2,14.3,2,62.0,2,0.073,2,,2
1362.0,2,2.5656,2,34.46,2,14.4,2,62.0,2,0.073,2,,2
1363.0,2,2.5648,2,34.4601,2,14.4,2,62.0,2,0.073,2,,2
1364.0,2,2.5643,2,34.4601,2,14.3,2,62.0,2,0.073,2,,2
1365.0,2,2.5621,2,34.4605,2,14.4,2,62.0,2,0.073,2,,2
1366.0,2,2.5618,2,34.4605,2,14.4,2,62.0,2,0.071,2,,2
1367.0,2,2.5612,2,34.4607,2,14.5,2,62.0,2,0.071,2,,2
1368.0,2,2.5608,2,34.4608,2,14.5,2,62.0,2,0.073,2,,2
1369.0,2,2.5598,2,34.4611,2,14.5,2,62.0,2,0.073,2,,2
1370.0,2,2.5591,2,34.4613,2,14.6,2,62.0,2,0.073,2,,2
1371.0,2,2.557,2,34.4617,2,14.6,2,62.0,2,0.073,2,,2
1373.1,2,2.5531,2,34.4624,2,14.6,2,62.0,2,0.073,2,,2
1374.0,2,2.5531,2,34.4623,2,14.7,2,62.0,2,0.073,2,,2
1375.0,2,2.5519,2,34.4626,2,14.7,2,62.0,2,0.073,2,,2
1376.0,2,2.5502,2,34.463,2,14.6,2,62.0,2,0.069,2,,2
1377.0,2,2.5491,2,34.4632,2,14.8,2,62.0,2,0.071,2,,2
1378.0,2,2.5476,2,34.4635,2,14.8,2,62.0,2,0.067,2,,2
1379.0,2,2.5464,2,34.4637,2,14.7,2,62.0,2,0.073,2,,2
1380.0,2,2.5457,2,34.4639,2,14.9,2,62.0,2,0.073,2,,2
1381.0,2,2.5454,2,34.464,2,14.8,2,62.0,2,0.073,2,,2
1382.0,2,2.5452,2,34.4639,2,14.8,2,62.0,2,0.069,2,,2
1383.0,2,2.5449,2,34.4641,2,14.8,2,62.0,2,0.073,2,,2
1384.0,2,2.5448,2,34.4641,2,14.8,2,62.0,2,0.073,2,,2
1385.0,2,2.5447,2,34.4641,2,14.8,2,62.0,2,0.073,2,,2
1386.0,2,2.5444,2,34.4643,2,14.8,2,62.0,2,0.073,2,,2
1387.0,2,2.5418,2,34.4647,2,14.8,2,62.0,2,0.073,2,,2
1387.9,2,2.5401,2,34.4653,2,14.8,2,62.0,2,0.073,2,,2
1389.4,2,2.5396,2,34.4652,2,14.9,2,62.0,2,0.073,2,,2
1390.0,2,2.5394,2,34.4652,2,15.0,2,62.0,2,0.07,2,,2
1391.0,2,2.5391,2,34.4653,2,14.8,2,62.0,2,0.073,2,,2
1392.0,2,2.5384,2,34.4655,2,14.8,2,62.0,2,0.073,2,,2
1393.0,2,2.5376,2,34.4655,2,14.9,2,62.0,2,0.073,2,,2
1394.0,2,2.5368,2,34.4656,2,14.9,2,62.0,2,0.068,2,,2
1395.0,2,2.5361,2,34.466,2,14.9,2,62.0,2,0.073,2,,2
1396.0,2,2.5358,2,34.4659,2,14.9,2,62.0,2,0.073,2,,2
1397.0,2,2.5357,2,34.466,2,15.2,2,62.0,2,0.073,2,,2
1398.0,2,2.5349,2,34.4663,2,15.0,2,62.0,2,0.073,2,,2
1399.0,2,2.5334,2,34.4667,2,15.2,2,62.0,2,0.073,2,,2
1400.0,2,2.5314,2,34.4672,2,15.1,2,62.0,2,0.073,2,,2
1401.0,2,2.5289,2,34.4674,2,15.3,2,62.0,2,0.073,2,,2
1402.0,2,2.5281,2,34.4675,2,15.2,2,62.0,2,0.068,2,,2
1403.0,2,2.528,2,34.4676,2,15.2,2,62.0,2,0.073,2,,2
1404.0,2,2.5277,2,34.4677,2,15.2,2,62.0,2,0.073,2,,2
1405.0,2,2.5272,2,34.4678,2,15.3,2,62.0,2,0.071,2,,2
1406.0,2,2.5269999999999997,2,34.4679,2,15.3,2,62.0,2,0.073,2,,2
1407.0,2,2.5268,2,34.4679,2,15.2,2,62.0,2,0.073,2,,2
1408.0,2,2.5252,2,34.4682,2,15.2,2,62.0,2,0.073,2,,2
1409.0,2,2.5236,2,34.4686,2,15.2,2,62.0,2,0.073,2,,2
1410.0,2,2.5223,2,34.4688,2,15.2,2,62.0,2,0.073,2,,2
1411.0,2,2.5211,2,34.469,2,15.2,2,62.0,2,0.073,2,,2
1412.0,2,2.5201,2,34.4692,2,15.4,2,62.0,2,0.073,2,,2
1413.0,2,2.5181,2,34.4697,2,15.5,2,62.0,2,0.073,2,,2
1414.0,2,2.5176,2,34.4698,2,15.5,2,62.0,2,0.073,2,,2
1415.0,2,2.5169,2,34.4698,2,15.5,2,61.9,2,0.068,2,,2
1416.0,2,2.516,2,34.47,2,15.5,2,62.0,2,0.063,2,,2
1417.0,2,2.5149,2,34.4703,2,15.5,2,62.0,2,0.07200000000000001,2,,2
1417.6,2,2.5143,2,34.4706,2,15.6,2,62.0,2,0.071,2,,2
1419.1,2,2.5116,2,34.4708,2,15.5,2,62.0,2,0.064,2,,2
1420.0,2,2.511,2,34.4709,2,15.6,2,62.0,2,0.07200000000000001,2,,2
1421.0,2,2.5104,2,34.471,2,15.8,2,62.0,2,0.073,2,,2
1422.0,2,2.5101,2,34.4712,2,15.6,2,62.0,2,0.073,2,,2
1423.0,2,2.5102,2,34.4712,2,15.7,2,62.0,2,0.073,2,,2
1424.0,2,2.5078,2,34.4716,2,15.8,2,62.0,2,0.073,2,,2
1425.0,2,2.5032,2,34.4725,2,15.7,2,62.0,2,0.073,2,,2
1426.0,2,2.5013,2,34.4731,2,15.8,2,62.0,2,0.073,2,,2
1427.0,2,2.4998,2,34.4733,2,15.8,2,62.0,2,0.073,2,,2
1428.0,2,2.4985,2,34.4736,2,15.9,2,62.0,2,0.073,2,,2
1429.0,2,2.4968,2,34.4739,2,16.1,2,62.0,2,0.073,2,,2
1430.0,2,2.492,2,34.4747,2,16.2,2,62.0,2,0.073,2,,2
1431.0,2,2.4902,2,34.4751,2,16.1,2,62.0,2,0.073,2,,2
1432.0,2,2.4899,2,34.4751,2,16.2,2,62.0,2,0.069,2,,2
1433.0,2,2.4891,2,34.4753,2,16.3,2,62.0,2,0.07200000000000001,2,,2
1434.0,2,2.488,2,34.4756,2,16.2,2,62.0,2,0.07200000000000001,2,,2
1434.8,2,2.4874,2,34.4759,2,16.2,2,62.0,2,0.073,2,,2
1436.4,2,2.4854,2,34.4762,2,16.2,2,62.0,2,0.073,2,,2
1437.0,2,2.4835,2,34.4766,2,16.2,2,62.0,2,0.069,2,,2
1438.0,2,2.4818,2,34.4769,2,16.3,2,62.0,2,0.073,2,,2
1439.0,2,2.4797,2,34.4773,2,16.7,2,62.0,2,0.073,2,,2
1440.0,2,2.4791,2,34.4775,2,16.6,2,62.0,2,0.073,2,,2
1441.0,2,2.4786,2,34.4775,2,16.4,2,62.0,2,0.073,2,,2
1442.0,2,2.4781,2,34.4776,2,16.5,2,62.0,2,0.073,2,,2
1443.0,2,2.4761,2,34.478,2,16.7,2,62.0,2,0.073,2,,2
1444.0,2,2.4732,2,34.4787,2,16.7,2,62.0,2,0.071,2,,2
1444.7,2,2.4727,2,34.479,2,16.6,2,62.0,2,0.071,2,,2
1446.3,2,2.4711,2,34.479,2,16.5,2,62.0,2,0.071,2,,2
1447.0,2,2.4699,2,34.4792,2,16.6,2,62.0,2,0.07200000000000001,2,,2
1448.0,2,2.4682,2,34.4796,2,16.7,2,62.0,2,0.066,2,,2
1449.0,2,2.4659999999999997,2,34.4801,2,16.9,2,62.0,2,0.073,2,,2
1450.0,2,2.4652,2,34.4803,2,16.9,2,62.0,2,0.073,2,,2
1451.0,2,2.4646,2,34.4804,2,17.0,2,62.0,2,0.073,2,,2
1451.9,2,2.4642,2,34.4805,2,17.0,2,62.0,2,0.073,2,,2
1453.3,2,2.4639,2,34.4806,2,17.0,2,62.0,2,0.073,2,,2
1454.0,2,2.4629,2,34.4807,2,16.9,2,62.0,2,0.068,2,,2
1455.0,2,2.4616,2,34.481,2,17.1,2,62.0,2,0.07,2,,2
1456.0,2,2.4602,2,34.4813,2,17.2,2,62.0,2,0.068,2,,2
1457.0,2,2.4585,2,34.4817,2,17.1,2,62.0,2,0.064,2,,2
1458.0,2,2.4571,2,34.4819,2,17.1,2,62.0,2,0.063,2,,2
1459.0,2,2.4557,2,34.4822,2,17.2,2,62.0,2,0.065,2,,2
1460.0,2,2.4551,2,34.4823,2,17.3,2,62.0,2,0.07,2,,2
1460.9,2,2.4541,2,34.4826,2,17.4,2,62.0,2,0.071,2,,2
1462.4,2,2.4522,2,34.4831,2,17.3,2,62.0,2,0.07,2,,2
1463.0,2,2.4517,2,34.4831,2,17.4,2,62.0,2,0.07200000000000001,2,,2
1464.0,2,2.4502,2,34.4833,2,17.4,2,62.0,2,0.069,2,,2
1465.0,2,2.4491,2,34.4836,2,17.4,2,62.0,2,0.073,2,,2
1466.0,2,2.4477,2,34.4839,2,17.7,2,62.0,2,0.073,2,,2
1467.0,2,2.4453,2,34.4844,2,17.5,2,62.0,2,0.073,2,,2
1468.0,2,2.4451,2,34.4844,2,17.5,2,62.0,2,0.07,2,,2
1469.0,2,2.4449,2,34.4844,2,17.5,2,62.0,2,0.071,2,,2
1470.0,2,2.4416,2,34.485,2,17.5,2,62.0,2,0.071,2,,2
1471.0,2,2.4395,2,34.4856,2,17.7,2,62.0,2,0.073,2,,2
1472.0,2,2.4391,2,34.4855,2,17.6,2,62.0,2,0.067,2,,2
1473.0,2,2.439,2,34.4856,2,17.9,2,62.0,2,0.069,2,,2
1474.0,2,2.4387,2,34.4857,2,18.0,2,62.0,2,0.073,2,,2
1475.0,2,2.4384,2,34.4859,2,17.8,2,62.0,2,0.073,2,,2
1476.0,2,2.4361,2,34.4865,2,17.9,2,62.0,2,0.068,2,,2
1477.0,2,2.4323,2,34.4874,2,18.1,2,62.0,2,0.073,2,,2
1477.9,2,2.432,2,34.4873,2,17.9,2,62.0,2,0.071,2,,2
1479.0,2,2.4305,2,34.4874,2,18.0,2,62.0,2,0.066,2,,2
1480.0,2,2.4302,2,34.4874,2,18.1,2,62.0,2,0.073,2,,2
1481.0,2,2.4296,2,34.4875,2,18.1,2,62.0,2,0.073,2,,2
1482.0,2,2.4291,2,34.4877,2,18.1,2,62.0,2,0.071,2,,2
1483.0,2,2.4286,2,34.4877,2,18.2,2,62.0,2,0.073,2,,2
1484.0,2,2.4277,2,34.4879,2,18.1,2,62.0,2,0.069,2,,2
1485.0,2,2.4261,2,34.4882,2,18.4,2,62.0,2,0.073,2,,2
1486.0,2,2.4218,2,34.4891,2,18.5,2,61.4,2,0.07,2,,2
1487.0,2,2.4211,2,34.4893,2,18.5,2,62.0,2,0.071,2,,2
1488.0,2,2.4207,2,34.4894,2,18.4,2,62.0,2,0.066,2,,2
1489.0,2,2.4207,2,34.4893,2,18.4,2,62.0,2,0.071,2,,2
1490.0,2,2.4207,2,34.4894,2,18.4,2,62.0,2,0.07200000000000001,2,,2
1491.0,2,2.4204,2,34.4895,2,18.4,2,62.0,2,0.073,2,,2
1492.0,2,2.4206,2,34.4897,2,18.3,2,62.0,2,0.073,2,,2
1493.0,2,2.4207,2,34.4898,2,18.5,2,62.0,2,0.073,2,,2
1494.0,2,2.4208,2,34.4897,2,18.5,2,62.0,2,0.073,2,,2
1495.0,2,2.4207,2,34.49,2,18.5,2,62.0,2,0.073,2,,2
1496.0,2,2.4191,2,34.4905,2,18.5,2,62.0,2,0.073,2,,2
1497.0,2,2.4178,2,34.4906,2,18.6,2,62.0,2,0.07200000000000001,2,,2
1498.0,2,2.417,2,34.4905,2,18.9,2,62.0,2,0.066,2,,2
1499.0,2,2.4163,2,34.4906,2,18.5,2,62.0,2,0.071,2,,2
1500.0,2,2.4155,2,34.4905,2,18.5,2,62.0,2,0.067,2,,2
1501.0,2,2.4136,2,34.491,2,18.8,2,62.0,2,0.062,2,,2
1502.0,2,2.4119,2,34.4912,2,18.7,2,62.0,2,0.07,2,,2
1503.0,2,2.4103,2,34.4916,2,18.8,2,62.0,2,0.066,2,,2
1503.7,2,2.4069,2,34.4926,2,19.0,2,62.0,2,0.067,2,,2
1505.1,2,2.4053,2,34.4926,2,18.9,2,62.0,2,0.07200000000000001,2,,2
1506.0,2,2.4052,2,34.4927,2,19.0,2,62.0,2,0.071,2,,2
1507.0,2,2.4045,2,34.4928,2,19.0,2,62.0,2,0.073,2,,2
1508.0,2,2.4031,2,34.4933,2,19.2,2,62.0,2,0.069,2,,2
1509.0,2,2.4015,2,34.4937,2,19.2,2,62.0,2,0.073,2,,2
1510.0,2,2.4008,2,34.4939,2,19.2,2,62.0,2,0.073,2,,2
1511.0,2,2.401,2,34.4938,2,19.2,2,62.0,2,0.073,2,,2
1512.0,2,2.4006,2,34.494,2,19.2,2,62.0,2,0.069,2,,2
1513.0,2,2.3996,2,34.4941,2,19.3,2,61.9,2,0.069,2,,2
1514.0,2,2.3977,2,34.4946,2,19.2,2,62.0,2,0.073,2,,2
1515.0,2,2.3956,2,34.4951,2,19.3,2,62.0,2,0.067,2,,2
1516.0,2,2.3954,2,34.4952,2,19.3,2,62.0,2,0.067,2,,2
1517.0,2,2.3942,2,34.4957,2,19.5,2,62.0,2,0.07200000000000001,2,,2
1518.0,2,2.3922,2,34.4963,2,19.6,2,62.0,2,0.073,2,,2
1519.0,2,2.3899,2,34.4966,2,19.9,2,62.0,2,0.07,2,,2
1520.0,2,2.3878,2,34.4969,2,19.9,2,62.0,2,0.066,2,,2
1521.0,2,2.3846,2,34.4979,2,20.0,2,62.0,2,0.07,2,,2
1522.0,2,2.3815,2,34.4985,2,20.1,2,62.0,2,0.073,2,,2
1523.0,2,2.3803,2,34.499,2,20.4,2,62.0,2,0.073,2,,2
1524.0,2,2.3785,2,34.4992,2,20.3,2,62.0,2,0.066,2,,2
1525.0,2,2.3773,2,34.499,2,20.2,2,62.0,2,0.07,2,,2
1526.0,2,2.3762,2,34.4992,2,20.2,2,62.0,2,0.073,2,,2
1527.0,2,2.3753,2,34.4996,2,20.2,2,62.0,2,0.07200000000000001,2,,2
1528.0,2,2.3744,2,34.4999,2,20.4,2,62.0,2,0.071,2,,2
1528.8,2,2.3736,2,34.5003,2,20.6,2,62.0,2,0.061,2,,2
1530.2,2,2.3719,2,34.5008,2,20.7,2,62.0,2,0.07200000000000001,2,,2
1531.0,2,2.3708,2,34.5011,2,20.9,2,62.0,2,0.073,2,,2
1532.0,2,2.3704,2,34.5011,2,20.7,2,62.0,2,0.067,2,,2
1533.0,2,2.3698,2,34.5013,2,20.6,2,62.1,2,0.063,2,,2
1534.0,2,2.3685,2,34.5016,2,20.7,2,62.0,2,0.073,2,,2
1535.0,2,2.3669,2,34.5021,2,21.0,2,62.0,2,0.073,2,,2
1536.0,2,2.3652,2,34.5025,2,21.2,2,62.0,2,0.068,2,,2
1537.0,2,2.363,2,34.5031,2,21.2,2,62.0,2,0.073,2,,2
1538.0,2,2.3616,2,34.5033,2,21.2,2,62.0,2,0.073,2,,2
1539.0,2,2.3605,2,34.5038,2,21.2,2,62.0,2,0.069,2,,2
1540.0,2,2.3602,2,34.5038,2,21.4,2,62.0,2,0.065,2,,2
1541.0,2,2.3599,2,34.504,2,21.4,2,62.1,2,0.067,2,,2
1542.0,2,2.3599,2,34.504,2,21.5,2,62.0,2,0.073,2,,2
1543.0,2,2.3601,2,34.504,2,21.5,2,62.0,2,0.073,2,,2
1544.0,2,2.36,2,34.504,2,21.5,2,62.0,2,0.068,2,,2
1545.0,2,2.3605,2,34.5039,2,21.4,2,62.0,2,0.071,2,,2
1545.9,2,2.3596,2,34.5041,2,21.6,2,62.0,2,0.073,2,,2
1547.0,2,2.3598,2,34.5042,2,21.5,2,62.0,2,0.065,2,,2
1548.0,2,2.3594,2,34.5044,2,21.4,2,62.1,2,0.073,2,,2
1549.0,2,2.3576,2,34.5048,2,21.5,2,62.0,2,0.073,2,,2
1550.0,2,2.3545,2,34.5055,2,21.6,2,62.0,2,0.069,2,,2
1551.0,2,2.3529,2,34.5061,2,21.6,2,62.0,2,0.065,2,,2
1552.0,2,2.3527,2,34.5063,2,21.9,2,62.0,2,0.071,2,,2
1553.0,2,2.3517,2,34.507,2,22.1,2,62.0,2,0.069,2,,2
1554.0,2,2.3507,2,34.5076,2,22.0,2,62.0,2,0.065,2,,2
1555.0,2,2.35,2,34.5078,2,22.1,2,62.1,2,0.07,2,,2
1556.0,2,2.3487,2,34.5082,2,22.2,2,62.0,2,0.071,2,,2
1557.0,2,2.3480000000000003,2,34.5085,2,22.5,2,62.0,2,0.073,2,,2
1558.0,2,2.3471,2,34.5089,2,22.6,2,62.1,2,0.073,2,,2
1559.0,2,2.3466,2,34.5091,2,22.7,2,62.0,2,0.071,2,,2
1560.0,2,2.3462,2,34.5092,2,22.5,2,62.1,2,0.07,2,,2
1561.0,2,2.346,2,34.5093,2,22.6,2,62.1,2,0.073,2,,2
1562.0,2,2.346,2,34.5094,2,22.7,2,62.0,2,0.071,2,,2
1563.0,2,2.3451,2,34.5096,2,22.6,2,62.0,2,0.068,2,,2
1564.0,2,2.3439,2,34.5098,2,22.8,2,62.0,2,0.073,2,,2
1565.0,2,2.3416,2,34.5098,2,23.0,2,62.0,2,0.071,2,,2
1566.0,2,2.3409999999999997,2,34.5098,2,22.8,2,62.0,2,0.073,2,,2
1567.0,2,2.3402,2,34.5099,2,22.8,2,62.0,2,0.073,2,,2
1568.0,2,2.339,2,34.51,2,22.8,2,62.1,2,0.073,2,,2
1569.0,2,2.3383,2,34.5103,2,23.0,2,62.0,2,0.071,2,,2
1570.0,2,2.3379,2,34.5104,2,22.9,2,62.1,2,0.067,2,,2
1571.0,2,2.3369,2,34.510999999999996,2,22.9,2,62.1,2,0.064,2,,2
1572.0,2,2.3342,2,34.5115,2,23.1,2,62.0,2,0.071,2,,2
1573.0,2,2.3338,2,34.5116,2,23.2,2,62.1,2,0.073,2,,2
1574.0,2,2.3329,2,34.5117,2,23.3,2,62.0,2,0.073,2,,2
1575.0,2,2.3312,2,34.5121,2,23.3,2,62.1,2,0.066,2,,2
1576.0,2,2.3305,2,34.5123,2,23.5,2,62.0,2,0.07200000000000001,2,,2
1577.3,2,2.3291,2,34.5127,2,23.5,2,62.0,2,0.069,2,,2
1578.0,2,2.3287,2,34.5129,2,23.4,2,62.1,2,0.063,2,,2
1579.0,2,2.3285,2,34.5131,2,23.4,2,62.1,2,0.066,2,,2
1580.0,2,2.3285,2,34.513000000000005,2,23.5,2,62.1,2,0.071,2,,2
1581.0,2,2.3283,2,34.5131,2,23.7,2,62.0,2,0.073,2,,2
1582.0,2,2.3277,2,34.5135,2,23.7,2,62.0,2,0.066,2,,2
1583.0,2,2.3276,2,34.5135,2,23.8,2,62.1,2,0.067,2,,2
1584.0,2,2.3268,2,34.5136,2,23.9,2,62.0,2,0.067,2,,2
1585.0,2,2.3238,2,34.5144,2,23.9,2,62.1,2,0.061,2,,2
1586.0,2,2.3216,2,34.5151,2,23.8,2,62.0,2,0.07200000000000001,2,,2
1587.0,2,2.3204,2,34.5156,2,24.0,2,62.0,2,0.07,2,,2
1588.0,2,2.3201,2,34.5156,2,24.3,2,62.0,2,0.068,2,,2
1589.0,2,2.32,2,34.5157,2,24.2,2,62.0,2,0.07,2,,2
1590.0,2,2.3193,2,34.516,2,24.4,2,62.1,2,0.066,2,,2
1591.0,2,2.3186,2,34.5161,2,24.4,2,62.0,2,0.065,2,,2
1592.0,2,2.3178,2,34.5163,2,24.5,2,62.0,2,0.064,2,,2
1593.0,2,2.315,2,34.5167,2,24.6,2,62.0,2,0.073,2,,2
1594.0,2,2.3098,2,34.5176,2,24.6,2,62.0,2,0.068,2,,2
1595.0,2,2.3081,2,34.5181,2,24.9,2,62.1,2,0.069,2,,2
1596.0,2,2.3065,2,34.5187,2,24.8,2,62.1,2,0.069,2,,2
1597.0,2,2.3061,2,34.5187,2,25.2,2,62.1,2,0.069,2,,2
1598.0,2,2.305,2,34.5189,2,25.2,2,62.0,2,0.073,2,,2
1599.0,2,2.3045,2,34.5191,2,25.3,2,62.0,2,0.064,2,,2
1600.0,2,2.3033,2,34.5194,2,25.3,2,62.0,2,0.068,2,,2
1601.0,2,2.3019,2,34.5199,2,25.2,2,62.0,2,0.073,2,,2
1602.0,2,2.3011,2,34.5201,2,25.5,2,62.0,2,0.068,2,,2
1603.0,2,2.3003,2,34.5203,2,25.7,2,62.0,2,0.073,2,,2
1604.0,2,2.2985,2,34.5209,2,25.8,2,62.1,2,0.065,2,,2
1604.7,2,2.2962,2,34.5216,2,25.6,2,62.1,2,0.073,2,,2
1606.0,2,2.2943,2,34.5221,2,25.8,2,62.0,2,0.07200000000000001,2,,2
1607.0,2,2.2942,2,34.5221,2,26.1,2,62.0,2,0.07,2,,2
1608.0,2,2.2939,2,34.522,2,26.1,2,62.0,2,0.071,2,,2
1609.0,2,2.2928,2,34.5222,2,26.2,2,62.0,2,0.068,2,,2
1610.0,2,2.2924,2,34.5223,2,26.1,2,62.1,2,0.065,2,,2
1611.0,2,2.2918,2,34.5225,2,26.0,2,62.0,2,0.066,2,,2
1612.0,2,2.2912,2,34.5226,2,26.1,2,62.1,2,0.062,2,,2
1613.0,2,2.2907,2,34.5227,2,26.1,2,62.0,2,0.073,2,,2
1614.0,2,2.2899,2,34.5229,2,26.2,2,62.0,2,0.071,2,,2
1615.0,2,2.2893,2,34.5231,2,26.4,2,62.0,2,0.064,2,,2
1616.0,2,2.2882,2,34.5232,2,26.4,2,62.0,2,0.073,2,,2
1617.0,2,2.2871,2,34.5234,2,26.4,2,62.0,2,0.066,2,,2
1618.0,2,2.2868,2,34.5234,2,26.5,2,62.0,2,0.071,2,,2
1619.0,2,2.2864,2,34.5235,2,26.4,2,62.1,2,0.066,2,,2
1620.0,2,2.2861,2,34.5236,2,26.6,2,62.0,2,0.073,2,,2
1621.0,2,2.2857,2,34.5237,2,26.5,2,62.0,2,0.073,2,,2
1622.0,2,2.2855,2,34.5238,2,26.4,2,62.1,2,0.069,2,,2
1623.0,2,2.2849,2,34.5239,2,26.5,2,62.1,2,0.07,2,,2
1624.0,2,2.2840000000000003,2,34.5241,2,26.6,2,62.0,2,0.07200000000000001,2,,2
1625.0,2,2.2804,2,34.5248,2,26.9,2,62.0,2,0.068,2,,2
1626.0,2,2.2797,2,34.5251,2,27.0,2,62.0,2,0.073,2,,2
1627.0,2,2.279,2,34.5252,2,27.0,2,62.0,2,0.07,2,,2
1628.0,2,2.2788,2,34.5253,2,26.9,2,62.0,2,0.069,2,,2
1629.0,2,2.2783,2,34.5254,2,27.0,2,62.0,2,0.073,2,,2
1630.0,2,2.2779,2,34.5254,2,26.9,2,62.0,2,0.073,2,,2
1631.0,2,2.2777,2,34.5256,2,26.9,2,62.0,2,0.07200000000000001,2,,2
1632.0,2,2.2774,2,34.5256,2,26.9,2,62.0,2,0.073,2,,2
1633.0,2,2.2771,2,34.5257,2,26.9,2,62.0,2,0.073,2,,2
1634.0,2,2.2753,2,34.5261,2,26.9,2,62.0,2,0.069,2,,2
1635.0,2,2.2708,2,34.5271,2,26.9,2,62.1,2,0.067,2,,2
1636.0,2,2.269,2,34.5274,2,27.1,2,62.0,2,0.065,2,,2
1637.0,2,2.2687,2,34.5276,2,27.7,2,62.0,2,0.073,2,,2
1638.0,2,2.2682,2,34.5277,2,28.1,2,62.0,2,0.069,2,,2
1639.0,2,2.2679,2,34.5277,2,28.2,2,62.0,2,0.07200000000000001,2,,2
1640.0,2,2.2678,2,34.5278,2,27.8,2,62.0,2,0.073,2,,2
1641.0,2,2.2673,2,34.5279,2,27.8,2,62.0,2,0.07200000000000001,2,,2
1642.0,2,2.2675,2,34.528,2,28.0,2,62.0,2,0.063,2,,2
1643.0,2,2.2674,2,34.5281,2,27.9,2,62.0,2,0.073,2,,2
1644.0,2,2.2662,2,34.5282,2,27.8,2,62.0,2,0.073,2,,2
1645.0,2,2.2655,2,34.5283,2,28.0,2,62.0,2,0.068,2,,2
1646.0,2,2.2647,2,34.5284,2,28.0,2,62.0,2,0.073,2,,2
1647.0,2,2.2637,2,34.5288,2,28.2,2,62.0,2,0.071,2,,2
1648.0,2,2.2631,2,34.529,2,28.2,2,62.0,2,0.063,2,,2
1649.0,2,2.2624,2,34.5291,2,28.2,2,62.0,2,0.073,2,,2
1650.0,2,2.2622,2,34.5292,2,28.1,2,61.8,2,0.073,2,,2
1651.0,2,2.2619,2,34.5292,2,28.2,2,62.0,2,0.071,2,,2
1652.0,2,2.261,2,34.5294,2,28.2,2,62.0,2,0.068,2,,2
1653.0,2,2.2607,2,34.5294,2,28.3,2,62.0,2,0.073,2,,2
1654.0,2,2.2602,2,34.5296,2,28.4,2,62.0,2,0.07200000000000001,2,,2
1655.0,2,2.26,2,34.5296,2,28.3,2,62.1,2,0.065,2,,2
1656.0,2,2.2599,2,34.5296,2,28.3,2,62.0,2,0.07200000000000001,2,,2
1657.0,2,2.2574,2,34.5301,2,28.3,2,62.0,2,0.073,2,,2
1658.0,2,2.256,2,34.5304,2,28.4,2,62.0,2,0.073,2,,2
1659.0,2,2.2558,2,34.5304,2,28.7,2,62.0,2,0.073,2,,2
1660.0,2,2.2558,2,34.5305,2,28.8,2,62.0,2,0.073,2,,2
1661.0,2,2.2558,2,34.5304,2,28.8,2,62.0,2,0.073,2,,2
1662.0,2,2.2522,2,34.5311,2,28.7,2,62.0,2,0.071,2,,2
1663.0,2,2.2508,2,34.5314,2,28.8,2,62.0,2,0.07,2,,2
1664.0,2,2.249,2,34.5317,2,28.9,2,62.0,2,0.071,2,,2
1665.0,2,2.2478,2,34.5319,2,28.9,2,62.1,2,0.067,2,,2
1666.0,2,2.2476,2,34.532,2,29.2,2,62.0,2,0.069,2,,2
1667.0,2,2.2472,2,34.532,2,29.4,2,62.0,2,0.066,2,,2
1668.0,2,2.2463,2,34.5323,2,29.2,2,62.0,2,0.07,2,,2
1669.0,2,2.2458,2,34.5322,2,29.4,2,62.0,2,0.067,2,,2
1670.0,2,2.2415,2,34.5331,2,29.5,2,62.0,2,0.065,2,,2
1671.1,2,2.2363,2,34.534,2,29.3,2,62.0,2,0.063,2,,2
1671.6,2,2.2342,2,34.5347,2,29.8,2,62.0,2,0.061,2,,2
1673.1,2,2.2339,2,34.5344,2,29.8,2,62.0,2,0.068,2,,2
1674.0,2,2.2326,2,34.5347,2,30.0,2,62.0,2,0.07200000000000001,2,,2
1675.0,2,2.2317,2,34.5348,2,29.9,2,62.0,2,0.065,2,,2
1676.0,2,2.231,2,34.5349,2,30.1,2,62.0,2,0.07,2,,2
1677.0,2,2.2308,2,34.535,2,30.2,2,62.0,2,0.067,2,,2
1678.0,2,2.2301,2,34.5352,2,30.2,2,62.0,2,0.068,2,,2
1679.0,2,2.2299,2,34.5351,2,30.2,2,62.0,2,0.065,2,,2
1680.0,2,2.2297,2,34.5352,2,30.2,2,62.0,2,0.069,2,,2
1681.0,2,2.2293,2,34.5352,2,30.1,2,62.0,2,0.069,2,,2
1682.0,2,2.2289,2,34.5353,2,30.3,2,62.0,2,0.069,2,,2
1683.0,2,2.2277,2,34.5354,2,30.2,2,62.0,2,0.073,2,,2
1684.0,2,2.226,2,34.5358,2,30.4,2,62.0,2,0.07,2,,2
1685.0,2,2.2229,2,34.5363,2,30.5,2,62.0,2,0.073,2,,2
1686.0,2,2.2206,2,34.5368,2,30.8,2,62.0,2,0.073,2,,2
1686.7,2,2.22,2,34.5369,2,30.7,2,62.0,2,0.073,2,,2
1688.2,2,2.2199,2,34.5368,2,30.6,2,62.0,2,0.07200000000000001,2,,2
1689.0,2,2.2197,2,34.537,2,30.7,2,62.0,2,0.068,2,,2
1690.0,2,2.2194,2,34.537,2,30.9,2,62.0,2,0.062,2,,2
1691.0,2,2.2194,2,34.537,2,31.0,2,62.0,2,0.068,2,,2
1692.0,2,2.2192,2,34.537,2,31.1,2,62.0,2,0.066,2,,2
1693.0,2,2.2189,2,34.5371,2,31.0,2,62.0,2,0.073,2,,2
1694.0,2,2.2182,2,34.5372,2,30.9,2,62.0,2,0.073,2,,2
1695.0,2,2.218,2,34.5372,2,31.2,2,62.0,2,0.073,2,,2
1696.0,2,2.217,2,34.5374,2,31.0,2,62.0,2,0.069,2,,2
1697.0,2,2.2157,2,34.5378,2,31.1,2,62.0,2,0.071,2,,2
1698.0,2,2.2135,2,34.5381,2,31.1,2,62.0,2,0.07,2,,2
1699.0,2,2.2102,2,34.5386,2,31.1,2,62.0,2,0.067,2,,2
1700.0,2,2.2069,2,34.5392,2,31.6,2,62.0,2,0.07200000000000001,2,,2
1701.0,2,2.2057,2,34.5396,2,31.8,2,62.0,2,0.068,2,,2
1702.0,2,2.2053,2,34.5397,2,31.8,2,62.0,2,0.071,2,,2
1703.0,2,2.2044,2,34.5398,2,31.8,2,62.0,2,0.073,2,,2
1704.0,2,2.2038,2,34.5398,2,31.9,2,62.0,2,0.07200000000000001,2,,2
1705.0,2,2.2033,2,34.5399,2,32.0,2,62.0,2,0.071,2,,2
1706.0,2,2.2019,2,34.5402,2,32.0,2,62.0,2,0.066,2,,2
1707.0,2,2.2012,2,34.5403,2,32.1,2,62.0,2,0.073,2,,2
1708.0,2,2.2006,2,34.5404,2,32.2,2,62.0,2,0.073,2,,2
1709.0,2,2.1987,2,34.5408,2,32.2,2,62.1,2,0.067,2,,2
1710.0,2,2.198,2,34.5409,2,32.0,2,62.0,2,0.071,2,,2
1711.0,2,2.1979,2,34.541,2,32.2,2,62.0,2,0.069,2,,2
1712.0,2,2.1971,2,34.5412,2,32.4,2,62.0,2,0.073,2,,2
1713.0,2,2.1967,2,34.5412,2,32.5,2,62.0,2,0.071,2,,2
1714.0,2,2.1959999999999997,2,34.5413,2,32.6,2,62.0,2,0.069,2,,2
1715.0,2,2.1934,2,34.5419,2,32.4,2,62.0,2,0.071,2,,2
1716.0,2,2.1921,2,34.5421,2,32.5,2,62.0,2,0.071,2,,2
1717.0,2,2.1913,2,34.5422,2,32.6,2,61.9,2,0.065,2,,2
1718.0,2,2.1907,2,34.5424,2,32.6,2,62.0,2,0.069,2,,2
1719.0,2,2.1898,2,34.5425,2,33.1,2,62.0,2,0.071,2,,2
1720.0,2,2.1882,2,34.5428,2,33.1,2,62.0,2,0.067,2,,2
1721.0,2,2.1876,2,34.5429,2,33.1,2,62.0,2,0.068,2,,2
1722.0,2,2.1844,2,34.5435,2,32.9,2,62.0,2,0.069,2,,2
1723.0,2,2.182,2,34.544000000000004,2,33.1,2,62.0,2,0.061,2,,2
1724.0,2,2.1811,2,34.5442,2,33.2,2,62.0,2,0.067,2,,2
1725.0,2,2.1809,2,34.5442,2,33.6,2,62.0,2,0.073,2,,2
1726.0,2,2.1799,2,34.5445,2,33.6,2,62.0,2,0.07,2,,2
1727.0,2,2.1794,2,34.5445,2,33.5,2,62.1,2,0.069,2,,2
1728.0,2,2.1790000000000003,2,34.5445,2,33.5,2,62.0,2,0.073,2,,2
1729.0,2,2.1782,2,34.5448,2,33.7,2,62.1,2,0.069,2,,2
1730.0,2,2.1779,2,34.5448,2,33.7,2,62.1,2,0.068,2,,2
1730.9,2,2.1777,2,34.5449,2,33.8,2,62.0,2,0.063,2,,2
1732.0,2,2.1775,2,34.5449,2,33.7,2,62.0,2,0.07200000000000001,2,,2
1733.0,2,2.1774,2,34.5449,2,33.8,2,62.0,2,0.064,2,,2
1734.0,2,2.1767,2,34.545,2,33.7,2,62.0,2,0.067,2,,2
1735.0,2,2.1748,2,34.5454,2,33.9,2,62.0,2,0.066,2,,2
1736.1,2,2.174,2,34.5456,2,34.0,2,62.0,2,0.073,2,,2
1737.0,2,2.1734,2,34.5457,2,34.0,2,62.0,2,0.071,2,,2
1738.0,2,2.1723,2,34.546,2,33.8,2,62.0,2,0.073,2,,2
1739.0,2,2.1718,2,34.5461,2,33.9,2,62.1,2,0.066,2,,2
1740.0,2,2.1713,2,34.5462,2,34.2,2,62.0,2,0.07,2,,2
1741.0,2,2.1695,2,34.5465,2,34.1,2,62.0,2,0.071,2,,2
1742.0,2,2.1688,2,34.5466,2,34.3,2,62.1,2,0.073,2,,2
1743.0,2,2.1681,2,34.5466,2,34.3,2,62.0,2,0.069,2,,2
1744.0,2,2.1671,2,34.547,2,34.6,2,62.0,2,0.055,2,,2
1745.0,2,2.1664,2,34.5471,2,34.5,2,62.0,2,0.022000000000000002,2,,2
1746.0,2,2.1651,2,34.5472,2,34.5,2,62.1,2,0.022000000000000002,2,,2
1747.0,2,2.1642,2,34.5476,2,34.7,2,62.1,2,0.073,2,,2
1748.0,2,2.1635,2,34.5476,2,34.8,2,62.0,2,0.094,2,,2
1749.0,2,2.1629,2,34.5477,2,34.8,2,62.0,2,0.092,2,,2
1750.0,2,2.1627,2,34.5479,2,34.7,2,62.1,2,0.054000000000000006,2,,2
1751.0,2,2.1625,2,34.5479,2,34.8,2,62.1,2,0.034,2,,2
1752.0,2,2.162,2,34.548,2,34.8,2,62.0,2,0.08,2,,2
1753.0,2,2.1616,2,34.5481,2,34.7,2,62.0,2,0.059000000000000004,2,,2
1754.0,2,2.1612,2,34.5482,2,34.9,2,62.1,2,0.036000000000000004,2,,2
1755.0,2,2.1611,2,34.5482,2,34.8,2,62.0,2,0.063,2,,2
1756.0,2,2.1612,2,34.5481,2,34.8,2,62.1,2,0.07200000000000001,2,,2
1757.0,2,2.161,2,34.5482,2,34.8,2,62.0,2,0.08900000000000001,2,,2
1758.0,2,2.1609,2,34.5483,2,34.8,2,62.1,2,0.078,2,,2
1759.0,2,2.1604,2,34.5484,2,34.9,2,62.1,2,0.061,2,,2
1760.0,2,2.1592,2,34.5485,2,35.1,2,62.0,2,0.021,2,,2
1761.0,2,2.1563,2,34.549,2,35.2,2,62.1,2,0.019,2,,2
1762.0,2,2.1549,2,34.5493,2,35.6,2,62.0,2,0.021,2,,2
1763.0,2,2.1534,2,34.5496,2,35.5,2,62.0,2,0.013000000000000001,2,,2
1764.0,2,2.1509,2,34.5501,2,35.4,2,62.1,2,0.019,2,,2
1765.0,2,2.1486,2,34.5505,2,35.5,2,62.0,2,0.017,2,,2
1766.0,2,2.1477,2,34.5506,2,35.9,2,62.0,2,0.018000000000000002,2,,2
1767.0,2,2.1474,2,34.5507,2,35.9,2,62.0,2,0.017,2,,2
1768.0,2,2.1471,2,34.5508,2,36.0,2,62.0,2,0.01,2,,2
1769.0,2,2.1462,2,34.5511,2,35.9,2,62.1,2,0.017,2,,2
1770.0,2,2.1453,2,34.551,2,35.9,2,62.1,2,0.024,2,,2
1771.0,2,2.1437,2,34.5515,2,35.9,2,62.1,2,0.018000000000000002,2,,2
1772.0,2,2.142,2,34.5517,2,36.2,2,62.1,2,0.012,2,,2
1773.0,2,2.1407,2,34.552,2,36.2,2,62.0,2,0.02,2,,2
1774.0,2,2.1401,2,34.5521,2,36.5,2,62.0,2,0.018000000000000002,2,,2
1775.0,2,2.1396,2,34.5523,2,36.4,2,62.1,2,0.021,2,,2
1776.0,2,2.1387,2,34.5523,2,36.4,2,62.1,2,0.02,2,,2
1777.0,2,2.1379,2,34.5525,2,36.3,2,62.1,2,0.015,2,,2
1778.0,2,2.1374,2,34.5526,2,36.5,2,62.1,2,0.022000000000000002,2,,2
1779.0,2,2.1369,2,34.5528,2,36.7,2,62.1,2,0.013000000000000001,2,,2
1780.1,2,2.1358,2,34.5529,2,36.8,2,62.0,2,0.01,2,,2
1780.8,2,2.1353,2,34.5531,2,36.8,2,62.0,2,0.012,2,,2
1782.1,2,2.135,2,34.5529,2,36.8,2,62.0,2,0.017,2,,2
1783.0,2,2.135,2,34.553000000000004,2,36.8,2,62.1,2,0.018000000000000002,2,,2
1784.0,2,2.1344,2,34.5532,2,36.8,2,62.1,2,0.016,2,,2
1785.0,2,2.1329,2,34.5535,2,36.8,2,62.1,2,0.017,2,,2
1786.0,2,2.1325,2,34.5535,2,36.8,2,62.1,2,0.015,2,,2
1787.0,2,2.1323,2,34.5537,2,37.0,2,62.0,2,0.019,2,,2
1788.0,2,2.1323,2,34.5537,2,37.0,2,62.0,2,0.023,2,,2
1789.0,2,2.1321,2,34.5538,2,36.9,2,62.1,2,0.019,2,,2
1790.0,2,2.1315,2,34.5538,2,36.8,2,62.0,2,0.013000000000000001,2,,2
1791.0,2,2.1307,2,34.554,2,37.1,2,62.1,2,0.013000000000000001,2,,2
1792.0,2,2.1297,2,34.5542,2,37.4,2,62.0,2,0.017,2,,2
1793.0,2,2.1291,2,34.5543,2,37.2,2,62.1,2,0.015,2,,2
1794.0,2,2.1264,2,34.5547,2,37.2,2,62.0,2,0.012,2,,2
1795.0,2,2.1242,2,34.5551,2,37.4,2,62.1,2,0.012,2,,2
1796.0,2,2.1236,2,34.5553,2,37.5,2,62.1,2,0.013999999999999999,2,,2
1797.0,2,2.1234,2,34.5554,2,37.5,2,62.1,2,0.015,2,,2
1798.3,2,2.1229,2,34.5554,2,37.8,2,62.1,2,0.008,2,,2
1799.0,2,2.1224,2,34.5554,2,37.7,2,62.0,2,0.006,2,,2
1800.0,2,2.1216,2,34.5556,2,37.7,2,62.1,2,0.009000000000000001,2,,2
1801.0,2,2.1209,2,34.5557,2,37.8,2,62.1,2,0.012,2,,2
1802.0,2,2.1181,2,34.5563,2,37.7,2,62.1,2,0.013999999999999999,2,,2
1803.0,2,2.1153,2,34.5568,2,37.9,2,62.1,2,0.013000000000000001,2,,2
1804.0,2,2.1117,2,34.5573,2,38.2,2,62.1,2,0.016,2,,2
1805.0,2,2.1111,2,34.5574,2,38.5,2,62.1,2,0.013999999999999999,2,,2
1806.0,2,2.1105,2,34.5576,2,38.6,2,62.1,2,0.019,2,,2
1807.0,2,2.11,2,34.5576,2,38.4,2,62.1,2,0.012,2,,2
1808.0,2,2.1088,2,34.5578,2,38.7,2,62.1,2,0.012,2,,2
1809.0,2,2.108,2,34.558,2,38.8,2,62.1,2,0.012,2,,2
1810.0,2,2.1078,2,34.5579,2,38.7,2,62.1,2,0.017,2,,2
1811.0,2,2.1078,2,34.558,2,38.8,2,62.1,2,0.017,2,,2
1812.0,2,2.1076,2,34.5582,2,38.8,2,62.1,2,0.012,2,,2
1813.0,2,2.1073,2,34.5582,2,38.7,2,62.1,2,0.015,2,,2
1814.0,2,2.1073,2,34.5582,2,38.8,2,62.1,2,0.013999999999999999,2,,2
1815.0,2,2.1063,2,34.5584,2,38.7,2,62.1,2,0.015,2,,2
1816.0,2,2.1053,2,34.5586,2,38.9,2,62.1,2,0.012,2,,2
1817.0,2,2.1048,2,34.5587,2,39.0,2,62.1,2,0.006999999999999999,2,,2
1818.0,2,2.1043,2,34.5587,2,39.0,2,62.1,2,0.044000000000000004,2,,2
1819.0,2,2.1039,2,34.5588,2,39.3,2,62.1,2,0.019,2,,2
1820.0,2,2.1024,2,34.559,2,39.0,2,62.1,2,0.017,2,,2
1821.0,2,2.1014,2,34.5593,2,39.2,2,62.1,2,0.023,2,,2
1822.0,2,2.1012,2,34.5593,2,39.2,2,62.1,2,0.05,2,,2
1823.0,2,2.1013,2,34.5593,2,39.1,2,62.1,2,0.05,2,,2
1824.0,2,2.1009,2,34.5594,2,39.3,2,62.1,2,0.07,2,,2
1825.0,2,2.1004,2,34.5594,2,39.3,2,62.1,2,0.040999999999999995,2,,2
1826.0,2,2.0996,2,34.5596,2,39.4,2,62.1,2,0.031,2,,2
1827.0,2,2.0989,2,34.5599,2,39.6,2,62.1,2,0.09,2,,2
1828.0,2,2.0987,2,34.5599,2,39.5,2,62.1,2,0.08199999999999999,2,,2
1829.0,2,2.0981,2,34.56,2,39.6,2,62.1,2,0.09300000000000001,2,,2
1830.0,2,2.0977,2,34.56,2,39.5,2,62.1,2,0.094,2,,2
1831.0,2,2.0977,2,34.56,2,39.6,2,62.1,2,0.027999999999999997,2,,2
1832.0,2,2.0977,2,34.5601,2,39.6,2,62.1,2,0.018000000000000002,2,,2
1833.0,2,2.0973,2,34.5602,2,39.5,2,62.0,2,0.016,2,,2
1834.0,2,2.0968,2,34.5603,2,39.6,2,62.1,2,0.01,2,,2
1835.0,2,2.0965,2,34.5604,2,39.6,2,62.1,2,0.013999999999999999,2,,2
1836.0,2,2.0964,2,34.5604,2,39.7,2,62.1,2,0.012,2,,2
1837.0,2,2.0964,2,34.5603,2,39.7,2,62.1,2,0.013000000000000001,2,,2
1838.0,2,2.0963,2,34.5603,2,39.7,2,62.0,2,0.013999999999999999,2,,2
1839.0,2,2.0961,2,34.5605,2,39.7,2,62.1,2,0.017,2,,2
1840.0,2,2.0959,2,34.5605,2,39.6,2,62.1,2,0.024,2,,2
1841.0,2,2.0951,2,34.5607,2,39.7,2,62.0,2,0.018000000000000002,2,,2
1842.0,2,2.0932,2,34.5609,2,39.7,2,62.1,2,0.018000000000000002,2,,2
1843.0,2,2.093,2,34.561,2,39.8,2,62.1,2,0.015,2,,2
1844.0,2,2.0925,2,34.561,2,40.0,2,62.0,2,0.018000000000000002,2,,2
1845.0,2,2.0917,2,34.5613,2,40.2,2,62.1,2,0.023,2,,2
1846.0,2,2.0912,2,34.5613,2,40.1,2,62.1,2,0.017,2,,2
1847.0,2,2.0911,2,34.5613,2,40.1,2,62.1,2,0.016,2,,2
1848.0,2,2.0911,2,34.5613,2,40.0,2,61.9,2,0.018000000000000002,2,,2
1849.0,2,2.0909,2,34.5613,2,40.1,2,62.1,2,0.023,2,,2
1850.0,2,2.0902,2,34.5616,2,40.2,2,62.1,2,0.017,2,,2
1851.0,2,2.0896,2,34.5616,2,40.1,2,62.1,2,0.015,2,,2
1852.0,2,2.0879,2,34.5618,2,40.2,2,62.1,2,0.021,2,,2
1853.0,2,2.0858,2,34.5622,2,40.2,2,62.1,2,0.021,2,,2
1854.0,2,2.082,2,34.5629,2,40.4,2,62.1,2,0.023,2,,2
1855.0,2,2.0805,2,34.563,2,41.1,2,62.1,2,0.015,2,,2
1856.0,2,2.0802,2,34.5631,2,41.0,2,62.1,2,0.024,2,,2
1857.0,2,2.0782,2,34.5636,2,40.8,2,62.1,2,0.024,2,,2
1858.0,2,2.0763,2,34.5636,2,40.8,2,62.1,2,0.02,2,,2
1859.0,2,2.076,2,34.5637,2,41.2,2,62.0,2,0.024,2,,2
1860.0,2,2.0755,2,34.5638,2,41.4,2,62.1,2,0.023,2,,2
1861.0,2,2.0753,2,34.5638,2,41.3,2,62.1,2,0.02,2,,2
1862.0,2,2.075,2,34.564,2,41.3,2,62.1,2,0.018000000000000002,2,,2
1863.0,2,2.0743,2,34.5641,2,41.4,2,62.1,2,0.023,2,,2
1864.0,2,2.0736,2,34.5641,2,41.1,2,62.1,2,0.022000000000000002,2,,2
1865.0,2,2.0724,2,34.5643,2,41.2,2,62.1,2,0.022000000000000002,2,,2
1866.0,2,2.0702,2,34.5646,2,41.4,2,62.1,2,0.023,2,,2
1867.0,2,2.0678,2,34.5652,2,41.6,2,62.0,2,0.024,2,,2
1868.0,2,2.0666,2,34.5654,2,42.0,2,62.1,2,0.024,2,,2
1869.0,2,2.065,2,34.5658,2,41.8,2,62.1,2,0.024,2,,2
1870.0,2,2.0652,2,34.5656,2,41.8,2,62.1,2,0.022000000000000002,2,,2
1871.0,2,2.0654,2,34.5656,2,41.9,2,62.1,2,0.021,2,,2
1872.0,2,2.0651,2,34.5657,2,42.1,2,62.1,2,0.024,2,,2
1873.0,2,2.0636,2,34.5661,2,42.1,2,62.1,2,0.024,2,,2
1874.0,2,2.0621,2,34.5664,2,42.2,2,62.1,2,0.024,2,,2
1875.0,2,2.0612,2,34.5665,2,42.3,2,62.1,2,0.024,2,,2
1876.0,2,2.0602,2,34.5667,2,42.2,2,62.0,2,0.024,2,,2
1877.0,2,2.0606,2,34.5667,2,42.2,2,62.1,2,0.024,2,,2
1878.0,2,2.0609,2,34.5666,2,42.1,2,62.0,2,0.017,2,,2
1879.0,2,2.0603,2,34.5667,2,42.1,2,62.1,2,0.015,2,,2
1880.0,2,2.059,2,34.567,2,42.2,2,62.0,2,0.021,2,,2
1881.0,2,2.0587,2,34.5672,2,42.2,2,62.1,2,0.019,2,,2
1882.0,2,2.0583,2,34.5671,2,42.5,2,62.1,2,0.02,2,,2
1883.0,2,2.0575,2,34.5673,2,42.2,2,62.1,2,0.024,2,,2
1884.0,2,2.0564,2,34.5675,2,42.3,2,62.1,2,0.024,2,,2
1885.0,2,2.0541,2,34.5679,2,42.6,2,62.1,2,0.021,2,,2
1886.0,2,2.0514,2,34.5685,2,43.3,2,62.1,2,0.022000000000000002,2,,2
1887.0,2,2.0503,2,34.5688,2,43.4,2,62.1,2,0.024,2,,2
1888.0,2,2.0488,2,34.569,2,43.4,2,62.1,2,0.022000000000000002,2,,2
1889.0,2,2.0473,2,34.5694,2,43.4,2,62.1,2,0.024,2,,2
1890.0,2,2.0468,2,34.5694,2,43.5,2,62.1,2,0.024,2,,2
1891.0,2,2.0463,2,34.5695,2,43.6,2,62.1,2,0.024,2,,2
1892.0,2,2.0463,2,34.5694,2,43.8,2,62.1,2,0.024,2,,2
1893.0,2,2.0463,2,34.5695,2,43.4,2,62.1,2,0.018000000000000002,2,,2
1894.0,2,2.0448,2,34.5698,2,43.5,2,62.1,2,0.015,2,,2
1895.0,2,2.044,2,34.5699,2,43.7,2,62.1,2,0.024,2,,2
1896.0,2,2.0429,2,34.5701,2,43.8,2,62.1,2,0.021,2,,2
1896.8,2,2.0423,2,34.5704,2,43.6,2,62.1,2,0.024,2,,2
1897.9,2,2.042,2,34.5703,2,43.8,2,62.1,2,0.021,2,,2
1899.0,2,2.0415,2,34.5703,2,44.2,2,62.1,2,0.022000000000000002,2,,2
1900.0,2,2.0406,2,34.5703,2,44.0,2,62.1,2,0.02,2,,2
1901.0,2,2.0403,2,34.5704,2,44.3,2,62.0,2,0.024,2,,2
1902.0,2,2.0396,2,34.5705,2,44.0,2,62.1,2,0.022000000000000002,2,,2
1903.0,2,2.0393,2,34.5706,2,44.2,2,62.1,2,0.022000000000000002,2,,2
1904.0,2,2.0394,2,34.5706,2,44.1,2,62.1,2,0.02,2,,2
1905.0,2,2.0389,2,34.5706,2,44.1,2,62.1,2,0.024,2,,2
1906.0,2,2.039,2,34.5707,2,44.1,2,62.1,2,0.017,2,,2
1907.0,2,2.039,2,34.5708,2,44.1,2,62.1,2,0.021,2,,2
1908.0,2,2.0391,2,34.5708,2,44.1,2,61.9,2,0.019,2,,2
1909.0,2,2.039,2,34.5708,2,44.1,2,62.1,2,0.021,2,,2
1910.0,2,2.039,2,34.5709,2,44.1,2,62.1,2,0.021,2,,2
1911.0,2,2.0391,2,34.5709,2,44.1,2,62.1,2,0.018000000000000002,2,,2
1912.0,2,2.0391,2,34.5708,2,44.1,2,62.1,2,0.024,2,,2
1913.0,2,2.0379,2,34.571,2,44.1,2,62.1,2,0.02,2,,2
1914.0,2,2.036,2,34.5713,2,44.2,2,62.1,2,0.024,2,,2
1915.0,2,2.0355,2,34.5713,2,44.6,2,62.1,2,0.017,2,,2
1916.0,2,2.0339,2,34.5715,2,44.5,2,62.1,2,0.018000000000000002,2,,2
1917.0,2,2.0292,2,34.5724,2,44.8,2,62.1,2,0.021,2,,2
1918.0,2,2.0268,2,34.5729,2,44.7,2,62.1,2,0.024,2,,2
1919.0,2,2.0259,2,34.5731,2,44.8,2,62.1,2,0.019,2,,2
1920.0,2,2.0254,2,34.5732,2,45.0,2,62.1,2,0.024,2,,2
1921.0,2,2.0251,2,34.5733,2,45.3,2,62.1,2,0.024,2,,2
1922.0,2,2.0249,2,34.5733,2,45.3,2,62.1,2,0.024,2,,2
1922.9,2,2.0248,2,34.5733,2,45.3,2,62.1,2,0.024,2,,2
1924.0,2,2.0249,2,34.5732,2,45.2,2,62.1,2,0.024,2,,2
1925.0,2,2.0249,2,34.5734,2,45.2,2,62.1,2,0.024,2,,2
1926.0,2,2.0245,2,34.5733,2,45.1,2,62.1,2,0.024,2,,2
1927.0,2,2.024,2,34.5734,2,45.3,2,62.1,2,0.02,2,,2
1928.0,2,2.0224,2,34.5738,2,45.6,2,62.1,2,0.024,2,,2
1928.6,2,2.0218,2,34.574,2,45.6,2,62.1,2,0.024,2,,2
1929.9,2,2.0205,2,34.574,2,45.6,2,62.1,2,0.024,2,,2
1931.0,2,2.0188,2,34.5743,2,45.6,2,62.0,2,0.024,2,,2
1932.0,2,2.0180000000000002,2,34.5745,2,45.9,2,62.1,2,0.024,2,,2
1933.0,2,2.0176,2,34.5746,2,45.8,2,62.1,2,0.02,2,,2
1934.0,2,2.0162,2,34.5749,2,45.8,2,62.1,2,0.02,2,,2
1935.0,2,2.0145,2,34.5753,2,46.1,2,62.1,2,0.024,2,,2
1936.0,2,2.0142,2,34.5753,2,46.3,2,62.1,2,0.023,2,,2
1937.0,2,2.0142,2,34.5753,2,46.3,2,62.1,2,0.02,2,,2
1938.0,2,2.0140000000000002,2,34.5753,2,46.3,2,62.1,2,0.024,2,,2
1939.0,2,2.0129,2,34.5755,2,46.3,2,62.1,2,0.023,2,,2
1940.0,2,2.0123,2,34.5756,2,46.2,2,62.1,2,0.012,2,,2
1941.0,2,2.0119,2,34.5757,2,46.3,2,62.1,2,0.022000000000000002,2,,2
1942.0,2,2.0114,2,34.5758,2,46.3,2,62.1,2,0.023,2,,2
1943.0,2,2.0096,2,34.5763,2,46.7,2,62.1,2,0.022000000000000002,2,,2
1944.0,2,2.0091,2,34.5764,2,46.7,2,62.0,2,0.024,2,,2
1945.0,2,2.009,2,34.5762,2,46.6,2,62.1,2,0.024,2,,2
1946.0,2,2.0087,2,34.5763,2,46.8,2,62.1,2,0.021,2,,2
1947.1,2,2.0079,2,34.5765,2,46.7,2,62.1,2,0.024,2,,2
1948.0,2,2.0063,2,34.5768,2,46.7,2,62.1,2,0.022000000000000002,2,,2
1949.0,2,2.0054,2,34.5769,2,46.7,2,62.1,2,0.019,2,,2
1950.0,2,2.0046,2,34.577,2,47.1,2,62.1,2,0.023,2,,2
1951.0,2,2.0039,2,34.5772,2,47.3,2,62.1,2,0.019,2,,2
1952.0,2,2.0032,2,34.5777,2,47.1,2,62.1,2,0.024,2,,2
1953.0,2,2.0028,2,34.5778,2,47.2,2,62.1,2,0.02,2,,2
1954.0,2,2.0023,2,34.5778,2,47.3,2,62.1,2,0.022000000000000002,2,,2
1955.0,2,2.0014,2,34.578,2,47.2,2,62.1,2,0.021,2,,2
1956.0,2,2.0011,2,34.5781,2,47.3,2,62.1,2,0.023,2,,2
1957.0,2,2.0008,2,34.5781,2,47.3,2,62.1,2,0.022000000000000002,2,,2
1958.0,2,2.0005,2,34.5782,2,47.5,2,62.1,2,0.024,2,,2
1959.0,2,2.0002,2,34.5783,2,47.8,2,62.1,2,0.022000000000000002,2,,2
1960.0,2,1.9999,2,34.5784,2,47.7,2,62.1,2,0.024,2,,2
1961.0,2,1.9984,2,34.5786,2,47.6,2,62.1,2,0.024,2,,2
1962.0,2,1.9983,2,34.5787,2,47.5,2,62.1,2,0.017,2,,2
1963.0,2,1.9981,2,34.5786,2,47.8,2,62.1,2,0.022000000000000002,2,,2
1964.0,2,1.9977,2,34.5789,2,47.8,2,62.1,2,0.019,2,,2
1965.0,2,1.9968,2,34.579,2,47.7,2,62.1,2,0.024,2,,2
1966.0,2,1.9947,2,34.5794,2,48.0,2,62.1,2,0.024,2,,2
1967.0,2,1.9941,2,34.5796,2,48.3,2,62.1,2,0.019,2,,2
1968.0,2,1.9934,2,34.58,2,48.3,2,62.1,2,0.015,2,,2
1969.0,2,1.992,2,34.5804,2,48.2,2,62.1,2,0.024,2,,2
1970.0,2,1.9913,2,34.5806,2,48.3,2,62.1,2,0.024,2,,2
1971.0,2,1.9909999999999999,2,34.5807,2,48.3,2,62.1,2,0.02,2,,2
1971.8,2,1.9908,2,34.5806,2,48.5,2,62.1,2,0.022000000000000002,2,,2
1973.0,2,1.9882,2,34.5813,2,48.7,2,62.1,2,0.024,2,,2
1974.0,2,1.9856,2,34.5819,2,49.0,2,62.1,2,0.018000000000000002,2,,2
1975.0,2,1.9822,2,34.5824,2,48.9,2,62.1,2,0.024,2,,2
1976.0,2,1.98,2,34.5829,2,48.9,2,62.1,2,0.024,2,,2
1977.0,2,1.9797,2,34.5829,2,49.3,2,62.1,2,0.024,2,,2
1978.0,2,1.9798,2,34.5828,2,49.9,2,62.1,2,0.018000000000000002,2,,2
1979.0,2,1.9794,2,34.583,2,49.6,2,62.1,2,0.024,2,,2
1980.0,2,1.9786,2,34.5831,2,49.4,2,62.1,2,0.024,2,,2
1981.0,2,1.9783,2,34.5833,2,49.8,2,62.1,2,0.024,2,,2
1981.9,2,1.9784,2,34.5833,2,49.7,2,62.1,2,0.024,2,,2
1983.0,2,1.9784,2,34.5832,2,49.7,2,62.1,2,0.024,2,,2
1984.0,2,1.9785,2,34.5833,2,49.6,2,62.1,2,0.024,2,,2
1985.0,2,1.9786,2,34.5833,2,49.6,2,62.1,2,0.024,2,,2
1986.0,2,1.9787,2,34.5833,2,49.7,2,62.1,2,0.024,2,,2
1987.0,2,1.9787,2,34.5833,2,49.7,2,62.1,2,0.022000000000000002,2,,2
1988.0,2,1.9784,2,34.5835,2,49.7,2,62.1,2,0.024,2,,2
1989.0,2,1.9781,2,34.5835,2,49.6,2,62.1,2,0.022000000000000002,2,,2
1990.0,2,1.9781,2,34.5835,2,49.7,2,62.1,2,0.019,2,,2
1991.0,2,1.9784,2,34.5835,2,49.7,2,62.1,2,0.021,2,,2
1992.0,2,1.9785,2,34.5835,2,49.8,2,62.1,2,0.023,2,,2
1993.0,2,1.9784,2,34.5835,2,49.9,2,62.1,2,0.02,2,,2
1994.0,2,1.9781,2,34.5838,2,49.7,2,62.1,2,0.024,2,,2
1995.0,2,1.9777,2,34.5837,2,49.8,2,62.1,2,0.024,2,,2
1996.0,2,1.9776,2,34.5838,2,49.8,2,62.1,2,0.02,2,,2
1997.0,2,1.9771,2,34.5839,2,50.0,2,62.1,2,0.023,2,,2
1998.0,2,1.9768,2,34.5839,2,50.1,2,62.1,2,0.021,2,,2
1999.0,2,1.9769999999999999,2,34.5838,2,50.3,2,62.1,2,0.024,2,,2
2000.0,2,1.9769999999999999,2,34.5839,2,50.0,2,62.1,2,0.024,2,,2
2001.0,2,1.9763,2,34.5841,2,50.1,2,62.1,2,0.023,2,,2
2002.0,2,1.9763,2,34.584,2,50.2,2,62.1,2,0.019,2,,2
2003.0,2,1.9761,2,34.5842,2,50.0,2,62.1,2,0.024,2,,2
2004.0,2,1.9763,2,34.5841,2,50.1,2,62.1,2,0.024,2,,2
2005.0,2,1.9732,2,34.5845,2,50.2,2,62.1,2,0.022000000000000002,2,,2
2005.9,2,1.9723,2,34.5846,2,50.3,2,62.1,2,0.02,2,,2
END_DATA
