CTD,20190304CCHSIOLMM
#---------------------------------------------------------------------------------------------------,,,,,,,,,,,,,,,,
#Transmissivity - fluorescence - PAR are nominal and unedited except that some records were removed in editing temperature and salinity.,,,,,,,,,,,,,,,,
#,,,,,,,,,,,,,,,,
#Salinity:Practical:CTD was recalibrated based on a comparison with samples analyzed at IOS on an Autosal.,,,,,,,,,,,,,,,,
#Other samples run at sea on a Portasal appear unreliable based on a study of duplicates run on the two salinometers. ,,,,,,,,,,,,,,,,
#,,,,,,,,,,,,,,,,
#The Oxygen:Dissolved:CTD data should be considered:,,,,,,,,,,,,,,,,
#    • ± 0.5 ml/l from 0 to 125 dbar.,,,,,,,,,,,,,,,,
#    • ± 0.2 ml/l from 125 to 400 dbar.,,,,,,,,,,,,,,,,
#    • ± 0.1 ml/l from 400 to 1200 dbar.,,,,,,,,,,,,,,,,
#    • data below 1200 dbar are considered unreliable by the manufacturer.,,,,,,,,,,,,,,,,
#---------------------------------------------------------------------------------------------------,,,,,,,,,,,,,,,,
#For details on the processing see file: 2008-26-proc.pdf.,,,,,,,,,,,,,,,,
#---------------------------------------------------------------------------------------------------,,,,,,,,,,,,,,,,
#,,,,,,,,,,,,,,,,
#File Name,Zone,FIL:START TIME YYYY/MM/DD, HH:MM,LOC:EVENT_NUMBER,LOC:LATITUDE,LOC:LONGITUDE,LOC:STATION,Pressure:CTD [dbar],Temperature:CTD [deg_C_(ITS90)],Salinity:Practical:CTD [PSS-78],Sigma-t:CTD [kg/m^3],Transmissivity:CTD [*/m],Oxygen:Dissolved:CTD:Volume [ml/l],Oxygen:Dissolved:CTD:Mass [µmol/kg],Fluorescence:CTD:Seapoint [mg/m^3],PAR:CTD [µE/m^2/sec]
#,,,,,,,,,,,,,,,,
NUMBER_HEADERS = 8
EXPOCODE = 18DD20080528
STNBR = P2
CASTNO = 2
DATE = 01/06/2008
TIME =  18:38
LATITUDE = 48.59967
LONGITUDE = -125.99966
CTDPRS,CTDPRS_FLAG_W,CTDTMP,CTDTMP_FLAG_W,CTDSAL,CTDSAL_FLAG_W,CTDOXY,CTDOXY_FLAG_W,CTDXMISS,CTDXMISS_FLAG_W,CTDFLUOR,CTDFLUOR_FLAG_W,PAR,PAR_FLAG_W
DBAR,,ITS-90,,PSS-78,,UMOL/KG,,,,MG/M^3,,UE/m^2/sec,
3.5,2,10.968,2,31.8748,2,326.2,2,26.5,2,2.97,2,351.5,2
4.0,2,11.0003,2,31.8669,2,326.5,2,26.4,2,2.9739999999999998,2,314.5,2
5.1,2,10.9859,2,31.8707,2,328.6,2,25.9,2,3.2489999999999997,2,234.8,2
6.0,2,10.7353,2,31.9576,2,328.1,2,27.6,2,3.8789999999999996,2,181.3,2
6.8,2,10.5853,2,31.9952,2,325.7,2,30.1,2,3.9530000000000003,2,145.3,2
END_DATA
