CTD,20190304CCHSIOLMM
#---------------------------------------------------------------------------------------------------,,,,,,,,,,,,,,,,,
#Fluorescence and PAR data are nominal and unedited except that some records were removed in editing temperature and salinity.,,,,,,,,,,,,,,,,,
#---------------------------------------------------------------------------------------------------,,,,,,,,,,,,,,,,,
#The Transmissivity data are nominal. ,,,,,,,,,,,,,,,,,
#Values were clearly bad below about 250 dbar so data below that level were replaced with pad values. ,,,,,,,,,,,,,,,,,
#Similar results were found when this sensor was used during other recent cruises.,,,,,,,,,,,,,,,,,
#---------------------------------------------------------------------------------------------------,,,,,,,,,,,,,,,,,
#NOTE: While the Fluorescence:CTD data are expressed in concentration units they do not always compare well to extracted chlorophyll samples particularly for casts far from shore.,,,,,,,,,,,,,,,,,
#It is recommended that users check extracted chlorophyll values where available.,,,,,,,,,,,,,,,,,
#---------------------------------------------------------------------------------------------------,,,,,,,,,,,,,,,,,
#Oxygen:Dissolved:CTD was calibrated using the method described in the Sea-Bird Application Note #64-2 of June 2012 (Sea-Bird_64-2_Jun2012.pdf) except that a small offset in the fit was allowed.,,,,,,,,,,,,,,,,,
#,,,,,,,,,,,,,,,,,
#The Oxygen:Dissolved:CTD sensor has a fairly long response time so data accuracy is not as high when it is in motion as it is during stops for bottles.,,,,,,,,,,,,,,,,,
#This will be especially true when vertical dissolved oxygen gradients are large. ,,,,,,,,,,,,,,,,,
#To get an estimate of the accuracy of the Oxygen:Dissolved:CTD data during downcasts (after recalibration) a rough comparison was made between downcast Oxygen:Dissolved:CTD data and upcast titrated samples. ,,,,,,,,,,,,,,,,,
#Some of the difference will be due to problems with flushing of Niskin bottles and/or analysis errors so the following statement likely underestimates Oxygen:Dissolved:CTD accuracy.,,,,,,,,,,,,,,,,,
#,,,,,,,,,,,,,,,,,
#Downcast (CTD files) Oxygen:Dissolved:CTD data are considered very roughly to be:,,,,,,,,,,,,,,,,,
#      • ±0.3 ml/l from 0 to 100 dbar,,,,,,,,,,,,,,,,,
#      • ±0.2 ml/l from 100 to 250 dbar,,,,,,,,,,,,,,,,,
#      • ±0.1 ml/l from 250 to 500 dbar,,,,,,,,,,,,,,,,,
#      • ±0.04 ml/l from 500 to 2500 dbar,,,,,,,,,,,,,,,,,
#      • ±0.02 ml/l below 2500 dbar,,,,,,,,,,,,,,,,,
#---------------------------------------------------------------------------------------------------,,,,,,,,,,,,,,,,,
#For details on the processing see the report 2017-06-proc.pdf,,,,,,,,,,,,,,,,,
#---------------------------------------------------------------------------------------------------,,,,,,,,,,,,,,,,,
#,,,,,,,,,,,,,,,,,
#File Name,Zone,FIL:START TIME YYYY/MM/DD, HH:MM,LOC:EVENT_NUMBER,LOC:LATITUDE,LOC:LONGITUDE,LOC:STATION,INS:LOCATION,Pressure:CTD [dbar],Temperature:CTD [deg_C_(ITS90)],Salinity:CTD [PSS-78],Sigma-t:CTD [kg/m^3],Transmissivity:CTD [*/m],Oxygen:Dissolved:CTD:Volume [ml/l],Oxygen:Dissolved:CTD:Mass [µmol/kg],Fluorescence:CTD:Seapoint [mg/m^3],PAR:CTD [µE/m^2/sec]
#,,,,,,,,,,,,,,,,,
NUMBER_HEADERS = 8
EXPOCODE = 18DD20170604
STNBR = P4
CASTNO = 1
DATE = 20170606
TIME =  03:50
LATITUDE = 48.65217
LONGITUDE = -126.66633999999999
CTDPRS,CTDPRS_FLAG_W,CTDTMP,CTDTMP_FLAG_W,CTDSAL,CTDSAL_FLAG_W,CTDOXY,CTDOXY_FLAG_W,CTDXMISS,CTDXMISS_FLAG_W,CTDFLUOR,CTDFLUOR_FLAG_W,PAR,PAR_FLAG_W
DBAR,,ITS-90,,PSS-78,,UMOL/KG,,,,MG/M^3,,UE/m^2/sec,
2.5,2,13.3766,2,31.5153,2,274.0,2,57.2,2,0.317,2,49.3,2
3.0,2,13.38,2,31.5151,2,274.1,2,57.2,2,0.322,2,47.3,2
4.0,2,13.3689,2,31.5147,2,274.1,2,57.4,2,0.335,2,39.3,2
5.0,2,13.3644,2,31.5146,2,273.5,2,57.5,2,0.327,2,33.6,2
6.0,2,13.2809,2,31.5103,2,274.0,2,57.4,2,0.327,2,29.5,2
7.0,2,13.1865,2,31.5109,2,274.8,2,57.6,2,0.309,2,26.0,2
8.0,2,13.110999999999999,2,31.5252,2,274.7,2,57.6,2,0.313,2,22.9,2
9.0,2,13.0416,2,31.5536,2,275.0,2,57.9,2,0.29600000000000004,2,20.8,2
10.0,2,12.9393,2,31.5748,2,275.6,2,58.4,2,0.282,2,18.9,2
11.0,2,12.8765,2,31.5914,2,276.6,2,58.4,2,0.28,2,17.0,2
12.0,2,12.69,2,31.6569,2,278.9,2,58.4,2,0.28,2,15.3,2
13.0,2,12.5908,2,31.7464,2,279.8,2,58.2,2,0.297,2,13.9,2
14.0,2,12.5372,2,31.8159,2,279.3,2,58.2,2,0.29100000000000004,2,12.6,2
15.0,2,12.4518,2,31.8574,2,280.7,2,58.7,2,0.302,2,11.4,2
16.0,2,12.1085,2,31.8384,2,284.2,2,58.3,2,0.316,2,10.5,2
17.0,2,12.0133,2,31.8645,2,285.7,2,57.6,2,0.348,2,9.7,2
18.0,2,11.9092,2,31.9428,2,286.5,2,57.2,2,0.397,2,8.9,2
19.0,2,11.8379,2,31.9819,2,286.8,2,56.4,2,0.45799999999999996,2,8.2,2
20.0,2,11.7257,2,32.0264,2,286.8,2,55.9,2,0.5329999999999999,2,7.5,2
21.0,2,11.5557,2,32.0633,2,288.7,2,55.5,2,0.644,2,6.8,2
22.0,2,11.106,2,32.1556,2,291.7,2,55.0,2,0.735,2,6.2,2
23.0,2,10.9213,2,32.1863,2,292.2,2,55.4,2,0.782,2,5.7,2
24.0,2,10.6397,2,32.2394,2,294.3,2,55.6,2,0.897,2,5.2,2
25.0,2,10.347000000000001,2,32.3069,2,295.9,2,55.1,2,1.033,2,4.8,2
26.0,2,10.2756,2,32.3256,2,295.9,2,54.4,2,1.08,2,4.5,2
27.0,2,10.1697,2,32.3518,2,296.2,2,54.1,2,1.155,2,4.1,2
28.0,2,10.0835,2,32.3758,2,295.8,2,53.7,2,1.22,2,3.7,2
29.0,2,10.0311,2,32.3926,2,294.9,2,53.6,2,1.256,2,3.4,2
30.0,2,9.8941,2,32.4198,2,294.8,2,53.5,2,1.3430000000000002,2,3.0,2
31.0,2,9.7218,2,32.4512,2,294.3,2,53.4,2,1.406,2,2.8,2
32.0,2,9.6311,2,32.4601,2,293.1,2,53.5,2,1.416,2,2.5,2
33.0,2,9.4791,2,32.4849,2,292.1,2,54.2,2,1.412,2,2.3,2
34.0,2,9.3264,2,32.4971,2,292.5,2,55.2,2,1.376,2,2.1,2
35.0,2,9.2632,2,32.5008,2,292.4,2,56.0,2,1.3840000000000001,2,1.9,2
36.0,2,9.2309,2,32.509,2,291.9,2,56.3,2,1.386,2,1.7,2
37.0,2,9.2082,2,32.5222,2,291.1,2,56.4,2,1.367,2,1.6,2
38.0,2,9.1983,2,32.5273,2,289.9,2,56.7,2,1.364,2,1.5,2
39.0,2,9.1809,2,32.5308,2,287.9,2,57.0,2,1.331,2,1.3,2
40.0,2,9.1038,2,32.5512,2,286.5,2,57.3,2,1.26,2,1.2,2
41.0,2,9.0093,2,32.5497,2,285.8,2,58.0,2,1.229,2,1.1,2
42.0,2,8.9758,2,32.5679,2,281.9,2,58.6,2,1.157,2,1.0,2
43.0,2,9.0738,2,32.614000000000004,2,275.3,2,59.2,2,1.015,2,1.0,2
44.0,2,9.0754,2,32.6308,2,270.9,2,60.2,2,0.951,2,0.9,2
45.0,2,9.0721,2,32.6351,2,268.4,2,60.7,2,0.9009999999999999,2,0.8,2
46.0,2,9.0493,2,32.6416,2,266.3,2,60.9,2,0.851,2,0.7,2
47.0,2,9.022,2,32.6588,2,263.7,2,61.2,2,0.794,2,0.7,2
48.0,2,9.0219,2,32.6739,2,260.6,2,61.7,2,0.742,2,0.6,2
49.0,2,9.0392,2,32.6922,2,257.8,2,62.1,2,0.7090000000000001,2,0.6,2
50.0,2,9.0415,2,32.6953,2,256.0,2,62.3,2,0.6809999999999999,2,0.5,2
51.0,2,9.0313,2,32.7015,2,254.6,2,62.3,2,0.662,2,0.5,2
52.0,2,9.0244,2,32.7082,2,253.2,2,62.5,2,0.647,2,0.5,2
53.0,2,9.0256,2,32.7176,2,251.7,2,62.6,2,0.634,2,0.5,2
54.0,2,9.0271,2,32.7265,2,249.1,2,62.7,2,0.616,2,0.4,2
55.0,2,9.0556,2,32.7628,2,244.3,2,62.8,2,0.562,2,0.4,2
56.0,2,9.0884,2,32.8162,2,239.3,2,63.1,2,0.502,2,0.4,2
57.0,2,9.0226,2,32.8319,2,235.9,2,63.5,2,0.47,2,0.3,2
58.0,2,9.02,2,32.8582,2,232.6,2,63.7,2,0.45399999999999996,2,0.3,2
59.0,2,8.9949,2,32.8661,2,230.7,2,63.8,2,0.426,2,0.3,2
60.0,2,8.8759,2,32.8756,2,230.6,2,63.7,2,0.395,2,0.3,2
61.0,2,8.7938,2,32.9066,2,228.7,2,64.0,2,0.363,2,0.3,2
62.0,2,8.8432,2,32.9573,2,223.1,2,64.3,2,0.345,2,0.2,2
63.0,2,8.9644,2,33.0144,2,217.0,2,64.2,2,0.342,2,0.2,2
64.0,2,9.0166,2,33.0373,2,212.6,2,64.2,2,0.331,2,0.2,2
65.0,2,9.0248,2,33.0532,2,208.6,2,64.3,2,0.33,2,0.2,2
66.0,2,9.0585,2,33.11,2,204.4,2,64.3,2,0.301,2,0.2,2
67.0,2,9.0611,2,33.1192,2,201.4,2,64.4,2,0.285,2,0.2,2
68.0,2,9.0587,2,33.128,2,199.4,2,64.4,2,0.271,2,0.2,2
69.0,2,9.0608,2,33.1458,2,196.3,2,64.5,2,0.264,2,0.2,2
70.0,2,9.044,2,33.1929,2,192.1,2,64.5,2,0.264,2,0.1,2
71.0,2,9.0162,2,33.2489,2,187.4,2,64.5,2,0.245,2,0.1,2
72.0,2,8.9982,2,33.304,2,183.2,2,64.5,2,0.23600000000000002,2,0.1,2
73.0,2,9.003,2,33.3186,2,179.7,2,64.5,2,0.23199999999999998,2,0.1,2
74.0,2,9.0067,2,33.3475,2,176.6,2,64.5,2,0.225,2,0.1,2
75.0,2,9.008,2,33.3618,2,174.5,2,64.5,2,0.213,2,0.1,2
76.0,2,8.9993,2,33.3736,2,172.9,2,64.4,2,0.22,2,0.1,2
77.0,2,8.97,2,33.396,2,170.9,2,64.4,2,0.213,2,0.1,2
78.0,2,8.967,2,33.4274,2,168.3,2,64.4,2,0.204,2,0.1,2
79.0,2,8.936,2,33.4424,2,166.8,2,64.3,2,0.21,2,0.1,2
80.0,2,8.9103,2,33.4508,2,165.0,2,64.4,2,0.204,2,0.1,2
81.0,2,8.9029,2,33.4839,2,162.3,2,64.4,2,0.195,2,0.1,2
82.0,2,8.8565,2,33.5217,2,159.6,2,64.4,2,0.183,2,0.0,2
83.0,2,8.8344,2,33.5416,2,157.6,2,64.3,2,0.171,2,0.0,2
84.0,2,8.8164,2,33.5478,2,156.7,2,64.4,2,0.165,2,0.0,2
85.0,2,8.7965,2,33.5505,2,156.4,2,64.3,2,0.159,2,0.0,2
86.0,2,8.7811,2,33.5512,2,156.2,2,64.4,2,0.159,2,0.0,2
87.0,2,8.7644,2,33.5522,2,156.2,2,64.4,2,0.161,2,0.0,2
88.0,2,8.7418,2,33.5595,2,155.7,2,64.3,2,0.159,2,0.0,2
89.0,2,8.7363,2,33.5719,2,154.3,2,64.3,2,0.149,2,0.0,2
90.0,2,8.746,2,33.5851,2,152.8,2,64.3,2,0.147,2,0.0,2
91.0,2,8.7205,2,33.5998,2,151.5,2,64.3,2,0.13699999999999998,2,0.0,2
92.0,2,8.7137,2,33.6074,2,150.5,2,64.3,2,0.132,2,0.0,2
93.0,2,8.691,2,33.6086,2,150.1,2,64.3,2,0.122,2,0.0,2
94.0,2,8.6544,2,33.62,2,149.8,2,64.3,2,0.122,2,0.0,2
95.0,2,8.6489,2,33.6303,2,148.9,2,64.4,2,0.114,2,0.0,2
96.0,2,8.6459,2,33.6358,2,148.4,2,64.3,2,0.11,2,0.0,2
97.0,2,8.6414,2,33.6399,2,147.8,2,64.3,2,0.11,2,0.0,2
98.0,2,8.637,2,33.6438,2,147.6,2,64.3,2,0.107,2,0.0,2
99.0,2,8.6316,2,33.6446,2,147.5,2,63.8,2,0.109,2,0.0,2
100.0,2,8.6231,2,33.6443,2,147.4,2,64.2,2,0.11,2,0.0,2
101.0,2,8.588,2,33.6434,2,148.1,2,64.3,2,0.11,2,0.0,2
102.0,2,8.5542,2,33.6474,2,148.4,2,64.3,2,0.109,2,0.0,2
103.0,2,8.5228,2,33.6573,2,148.0,2,64.3,2,0.10099999999999999,2,0.0,2
104.0,2,8.5166,2,33.6612,2,147.8,2,64.3,2,0.109,2,0.0,2
105.0,2,8.5153,2,33.6625,2,147.6,2,64.3,2,0.099,2,0.0,2
106.0,2,8.506,2,33.6661,2,147.4,2,64.2,2,0.102,2,0.0,2
107.0,2,8.4926,2,33.6713,2,147.1,2,64.2,2,0.1,2,0.0,2
108.0,2,8.4888,2,33.6775,2,146.6,2,64.3,2,0.098,2,0.0,2
109.0,2,8.5061,2,33.6847,2,145.7,2,64.3,2,0.098,2,0.0,2
110.0,2,8.5087,2,33.6894,2,145.1,2,64.1,2,0.094,2,0.0,2
111.0,2,8.4993,2,33.6918,2,144.5,2,64.3,2,0.085,2,0.0,2
112.0,2,8.4709,2,33.6929,2,144.7,2,64.2,2,0.086,2,0.0,2
113.0,2,8.4332,2,33.696999999999996,2,144.9,2,64.1,2,0.09,2,0.0,2
114.0,2,8.4225,2,33.7031,2,144.4,2,64.2,2,0.085,2,0.0,2
115.0,2,8.4041,2,33.7107,2,144.0,2,64.1,2,0.085,2,0.0,2
116.0,2,8.3711,2,33.7225,2,143.6,2,64.2,2,0.085,2,0.0,2
117.0,2,8.3465,2,33.7304,2,143.3,2,64.1,2,0.075,2,0.0,2
118.0,2,8.3367,2,33.7321,2,143.0,2,64.1,2,0.075,2,0.0,2
119.0,2,8.3277,2,33.7348,2,142.8,2,64.2,2,0.07400000000000001,2,0.0,2
120.0,2,8.3132,2,33.7406,2,142.6,2,64.1,2,0.07400000000000001,2,0.0,2
121.0,2,8.2995,2,33.7443,2,142.3,2,64.1,2,0.073,2,0.0,2
122.0,2,8.2903,2,33.7455,2,141.9,2,64.1,2,0.073,2,0.0,2
123.0,2,8.2726,2,33.7543,2,141.3,2,64.0,2,0.073,2,0.0,2
124.0,2,8.2621,2,33.7576,2,140.8,2,64.1,2,0.073,2,0.0,2
125.0,2,8.2495,2,33.7612,2,140.4,2,64.1,2,0.073,2,0.0,2
126.0,2,8.222000000000001,2,33.7684,2,139.9,2,64.1,2,0.066,2,0.0,2
127.0,2,8.201,2,33.7746,2,139.5,2,64.1,2,0.062,2,0.0,2
128.0,2,8.186,2,33.7795,2,139.1,2,64.1,2,0.061,2,0.0,2
129.0,2,8.1753,2,33.7811,2,138.8,2,64.1,2,0.063,2,0.0,2
130.0,2,8.1683,2,33.7834,2,138.5,2,64.1,2,0.063,2,0.0,2
131.0,2,8.1604,2,33.7867,2,138.3,2,64.0,2,0.061,2,0.0,2
132.0,2,8.1488,2,33.7905,2,138.1,2,63.9,2,0.061,2,0.0,2
133.0,2,8.1393,2,33.7932,2,137.7,2,64.1,2,0.061,2,0.0,2
134.0,2,8.1197,2,33.8001,2,137.2,2,64.1,2,0.061,2,0.0,2
135.0,2,8.1029,2,33.8057,2,136.6,2,64.1,2,0.061,2,0.0,2
136.0,2,8.0853,2,33.8102,2,136.3,2,64.1,2,0.061,2,0.0,2
137.0,2,8.0657,2,33.8116,2,136.6,2,64.1,2,0.061,2,0.0,2
138.0,2,8.0579,2,33.8139,2,136.4,2,64.2,2,0.061,2,0.0,2
139.0,2,8.0534,2,33.8187,2,135.9,2,64.2,2,0.061,2,0.0,2
140.0,2,8.0518,2,33.82,2,135.5,2,64.1,2,0.061,2,0.0,2
141.0,2,8.0512,2,33.8219,2,134.6,2,64.1,2,0.061,2,0.0,2
142.0,2,8.0408,2,33.8291,2,132.6,2,64.2,2,0.061,2,0.0,2
143.0,2,8.0233,2,33.8407,2,130.0,2,64.1,2,0.061,2,0.0,2
144.0,2,8.0152,2,33.8376,2,129.3,2,64.1,2,0.061,2,0.0,2
145.0,2,8.0086,2,33.8401,2,128.4,2,64.2,2,0.061,2,0.0,2
146.0,2,8.0112,2,33.8443,2,127.1,2,64.3,2,0.061,2,0.0,2
147.0,2,8.0142,2,33.8462,2,125.7,2,64.3,2,0.061,2,0.0,2
148.0,2,8.0125,2,33.8492,2,124.7,2,64.3,2,0.061,2,0.0,2
149.0,2,8.0043,2,33.8503,2,124.2,2,64.3,2,0.061,2,0.0,2
150.0,2,7.9961,2,33.8512,2,123.7,2,64.3,2,0.061,2,0.0,2
151.0,2,7.9845,2,33.8531,2,123.4,2,64.2,2,0.061,2,0.0,2
152.0,2,7.9592,2,33.8568,2,123.0,2,64.2,2,0.057999999999999996,2,0.0,2
153.0,2,7.9486,2,33.8588,2,122.7,2,64.3,2,0.061,2,0.0,2
154.0,2,7.9429,2,33.8595,2,122.6,2,64.3,2,0.053,2,0.0,2
155.0,2,7.9374,2,33.8599,2,122.4,2,64.2,2,0.06,2,0.0,2
156.0,2,7.906000000000001,2,33.8633,2,122.2,2,64.2,2,0.061,2,0.0,2
157.0,2,7.8857,2,33.8662,2,122.1,2,64.3,2,0.06,2,0.0,2
158.0,2,7.8677,2,33.8694,2,122.0,2,64.2,2,0.055,2,0.0,2
159.0,2,7.8539,2,33.8706,2,121.8,2,64.3,2,0.057,2,0.0,2
160.0,2,7.8408,2,33.8712,2,122.2,2,64.2,2,0.053,2,0.0,2
161.0,2,7.8276,2,33.8707,2,122.8,2,64.2,2,0.055,2,0.0,2
162.0,2,7.8006,2,33.871,2,123.3,2,64.3,2,0.057999999999999996,2,0.0,2
163.0,2,7.7949,2,33.8738,2,122.4,2,64.3,2,0.06,2,0.0,2
164.0,2,7.7879,2,33.88,2,121.1,2,64.3,2,0.059000000000000004,2,0.0,2
165.0,2,7.7745,2,33.8829,2,119.9,2,64.3,2,0.057999999999999996,2,0.0,2
166.0,2,7.7706,2,33.8846,2,119.1,2,64.3,2,0.057,2,0.0,2
167.0,2,7.7486,2,33.8866,2,118.6,2,64.2,2,0.059000000000000004,2,0.0,2
168.0,2,7.6986,2,33.8912,2,118.3,2,64.3,2,0.055,2,0.0,2
169.0,2,7.6739,2,33.8934,2,117.8,2,64.3,2,0.057,2,0.0,2
170.0,2,7.6575,2,33.8939,2,117.3,2,64.3,2,0.055,2,0.0,2
171.0,2,7.6472,2,33.8976,2,116.6,2,64.3,2,0.053,2,0.0,2
172.0,2,7.635,2,33.9004,2,116.0,2,64.3,2,0.052000000000000005,2,0.0,2
173.0,2,7.6134,2,33.9017,2,115.7,2,64.3,2,0.057999999999999996,2,0.0,2
174.0,2,7.5929,2,33.9036,2,115.3,2,64.3,2,0.052000000000000005,2,0.0,2
175.0,2,7.5598,2,33.9076,2,114.5,2,64.3,2,0.05,2,0.0,2
176.0,2,7.5515,2,33.9094,2,113.6,2,64.3,2,0.055999999999999994,2,0.0,2
177.0,2,7.5461,2,33.9101,2,112.9,2,64.4,2,0.049,2,0.0,2
178.0,2,7.5393,2,33.9124,2,112.2,2,64.3,2,0.049,2,0.0,2
179.0,2,7.5316,2,33.9146,2,111.5,2,64.3,2,0.051,2,0.0,2
180.0,2,7.5289,2,33.915,2,111.2,2,64.3,2,0.054000000000000006,2,0.0,2
181.0,2,7.5252,2,33.9156,2,110.8,2,64.4,2,0.049,2,0.0,2
182.0,2,7.5161,2,33.9166,2,110.0,2,64.3,2,0.049,2,0.0,2
183.0,2,7.499,2,33.9197,2,108.9,2,64.3,2,0.049,2,0.0,2
184.0,2,7.455,2,33.9232,2,107.9,2,64.3,2,0.05,2,0.0,2
185.0,2,7.4199,2,33.926,2,106.7,2,64.3,2,0.055,2,0.0,2
186.0,2,7.4091,2,33.9282,2,105.9,2,64.4,2,0.055999999999999994,2,0.0,2
187.0,2,7.4051,2,33.9297,2,105.6,2,64.3,2,0.052000000000000005,2,0.0,2
188.0,2,7.3998,2,33.9299,2,105.2,2,64.4,2,0.049,2,0.0,2
189.0,2,7.3905,2,33.9307,2,104.8,2,64.3,2,0.049,2,0.0,2
190.0,2,7.3873,2,33.9308,2,104.5,2,64.4,2,0.049,2,0.0,2
191.0,2,7.3829,2,33.9317,2,104.3,2,64.4,2,0.049,2,0.0,2
192.0,2,7.3624,2,33.9327,2,104.1,2,64.4,2,0.049,2,0.0,2
193.0,2,7.3172,2,33.9334,2,103.9,2,64.4,2,0.049,2,0.0,2
194.0,2,7.3035,2,33.9347,2,103.5,2,64.4,2,0.049,2,0.0,2
195.0,2,7.2924,2,33.9351,2,103.2,2,64.4,2,0.049,2,0.0,2
196.0,2,7.2789,2,33.9356,2,102.9,2,64.4,2,0.049,2,0.0,2
197.0,2,7.2581,2,33.9373,2,102.5,2,64.4,2,0.049,2,0.0,2
198.0,2,7.2382,2,33.9404,2,101.8,2,64.4,2,0.049,2,0.0,2
199.0,2,7.2265,2,33.9416,2,101.1,2,64.4,2,0.049,2,0.0,2
200.0,2,7.2184,2,33.9432,2,100.8,2,64.4,2,0.05,2,0.0,2
201.0,2,7.2157,2,33.9437,2,100.2,2,64.4,2,0.05,2,0.0,2
202.0,2,7.1897,2,33.9444,2,99.7,2,64.4,2,0.049,2,0.0,2
203.0,2,7.1681,2,33.946,2,99.2,2,64.2,2,0.049,2,0.0,2
204.0,2,7.1594,2,33.946999999999996,2,98.9,2,64.5,2,0.05,2,0.0,2
205.0,2,7.1477,2,33.9471,2,98.7,2,64.5,2,0.049,2,0.0,2
206.0,2,7.1396,2,33.9479,2,98.5,2,64.4,2,0.049,2,0.0,2
207.0,2,7.1199,2,33.9494,2,97.6,2,64.4,2,0.054000000000000006,2,0.0,2
208.0,2,7.0963,2,33.9521,2,96.6,2,64.5,2,0.049,2,0.0,2
209.0,2,7.09,2,33.952,2,96.0,2,64.4,2,0.049,2,0.0,2
210.0,2,7.0778,2,33.9537,2,95.3,2,64.4,2,0.049,2,0.0,2
211.0,2,7.0626,2,33.9553,2,94.8,2,64.5,2,0.049,2,0.0,2
212.0,2,7.0411,2,33.957,2,94.3,2,64.4,2,0.049,2,0.0,2
213.0,2,7.021,2,33.9591,2,93.8,2,64.4,2,0.049,2,0.0,2
214.0,2,7.0066,2,33.9588,2,93.2,2,64.4,2,0.049,2,0.0,2
215.0,2,6.9874,2,33.9598,2,92.7,2,64.4,2,0.049,2,0.0,2
216.0,2,6.9737,2,33.9599,2,92.2,2,64.5,2,0.049,2,0.0,2
217.0,2,6.9574,2,33.9606,2,91.8,2,64.5,2,0.049,2,0.0,2
218.0,2,6.9243,2,33.9615,2,91.2,2,64.5,2,0.049,2,0.0,2
219.0,2,6.8908,2,33.9636,2,90.9,2,64.5,2,0.053,2,0.0,2
220.0,2,6.8818,2,33.9645,2,90.6,2,64.5,2,0.052000000000000005,2,0.0,2
221.0,2,6.8718,2,33.9651,2,90.4,2,64.5,2,0.049,2,0.0,2
222.0,2,6.8642,2,33.9646,2,90.5,2,64.5,2,0.049,2,0.0,2
223.0,2,6.859,2,33.9637,2,90.7,2,64.6,2,0.049,2,0.0,2
224.0,2,6.8362,2,33.9619,2,90.8,2,64.5,2,0.049,2,0.0,2
225.0,2,6.8056,2,33.9637,2,90.6,2,64.6,2,0.049,2,0.0,2
226.0,2,6.7987,2,33.9665,2,89.9,2,64.6,2,0.049,2,0.0,2
227.0,2,6.7949,2,33.9678,2,89.4,2,64.5,2,0.049,2,0.0,2
228.0,2,6.773,2,33.9688,2,88.8,2,64.6,2,0.049,2,0.0,2
229.0,2,6.767,2,33.969,2,88.4,2,64.6,2,0.049,2,0.0,2
230.0,2,6.7601,2,33.9696,2,88.2,2,64.6,2,0.049,2,0.0,2
231.0,2,6.7442,2,33.9688,2,88.2,2,64.6,2,0.049,2,0.0,2
232.0,2,6.7312,2,33.9693,2,88.0,2,64.4,2,0.049,2,0.0,2
233.0,2,6.7277,2,33.9701,2,87.6,2,64.7,2,0.049,2,0.0,2
234.0,2,6.7156,2,33.9709,2,87.3,2,64.7,2,0.049,2,0.0,2
235.0,2,6.7037,2,33.9714,2,86.9,2,64.6,2,0.049,2,0.0,2
236.0,2,6.6875,2,33.9713,2,86.7,2,64.7,2,0.049,2,0.0,2
237.0,2,6.6679,2,33.9731,2,85.9,2,64.8,2,0.049,2,0.0,2
238.0,2,6.6501,2,33.9743,2,85.2,2,64.8,2,0.049,2,0.0,2
239.0,2,6.6367,2,33.9761,2,84.5,2,64.8,2,0.049,2,0.0,2
240.0,2,6.6262,2,33.9767,2,84.2,2,64.7,2,0.049,2,0.0,2
241.0,2,6.6144,2,33.9771,2,83.8,2,64.7,2,0.049,2,0.0,2
242.0,2,6.6041,2,33.9776,2,83.5,2,64.7,2,0.049,2,0.0,2
243.0,2,6.5943,2,33.98,2,83.0,2,64.8,2,0.049,2,0.0,2
244.0,2,6.5806,2,33.9786,2,82.7,2,64.8,2,0.049,2,0.0,2
245.0,2,6.5729999999999995,2,33.9794,2,82.3,2,64.8,2,0.049,2,0.0,2
246.0,2,6.5676,2,33.9798,2,82.0,2,64.8,2,0.049,2,0.0,2
247.0,2,6.5553,2,33.98,2,81.7,2,64.8,2,0.049,2,0.0,2
248.0,2,6.5409,2,33.9803,2,81.4,2,64.8,2,0.049,2,0.0,2
249.0,2,6.5313,2,33.9802,2,81.3,2,64.8,2,0.049,2,0.0,2
250.0,2,6.5269,2,33.9807,2,81.1,2,64.8,2,0.049,2,0.0,2
251.0,2,6.5261,2,33.9807,2,80.8,2,-99.0,2,0.049,2,0.0,2
252.0,2,6.5083,2,33.9812,2,80.7,2,-99.0,2,0.049,2,0.0,2
253.0,2,6.4723,2,33.9813,2,80.0,2,-99.0,2,0.049,2,0.0,2
254.0,2,6.4624,2,33.9834,2,79.4,2,-99.0,2,0.049,2,0.0,2
255.0,2,6.4575,2,33.9846,2,78.9,2,-99.0,2,0.049,2,0.0,2
256.0,2,6.4507,2,33.9857,2,78.4,2,-99.0,2,0.049,2,0.0,2
257.0,2,6.4479999999999995,2,33.9862,2,78.3,2,-99.0,2,0.049,2,0.0,2
258.0,2,6.4481,2,33.9864,2,77.9,2,-99.0,2,0.049,2,0.0,2
259.0,2,6.4451,2,33.9884,2,77.6,2,-99.0,2,0.049,2,0.0,2
260.0,2,6.4264,2,33.9874,2,77.0,2,-99.0,2,0.049,2,0.0,2
261.0,2,6.4011,2,33.9887,2,76.2,2,-99.0,2,0.049,2,0.0,2
262.0,2,6.3855,2,33.9891,2,75.8,2,-99.0,2,0.049,2,0.0,2
263.0,2,6.3639,2,33.9897,2,75.5,2,-99.0,2,0.049,2,0.0,2
264.0,2,6.3545,2,33.9898,2,75.0,2,-99.0,2,0.049,2,0.0,2
265.0,2,6.3507,2,33.9898,2,74.8,2,-99.0,2,0.049,2,0.0,2
266.0,2,6.3455,2,33.9905,2,74.7,2,-99.0,2,0.049,2,0.0,2
267.0,2,6.3416,2,33.9905,2,74.6,2,-99.0,2,0.049,2,0.0,2
268.0,2,6.3331,2,33.9897,2,74.4,2,-99.0,2,0.049,2,0.0,2
269.0,2,6.3238,2,33.9908,2,74.4,2,-99.0,2,0.049,2,0.0,2
270.0,2,6.3106,2,33.9908,2,74.1,2,-99.0,2,0.049,2,0.0,2
271.0,2,6.2941,2,33.9897,2,73.9,2,-99.0,2,0.049,2,0.0,2
272.0,2,6.2955,2,33.9919,2,73.5,2,-99.0,2,0.049,2,0.0,2
273.0,2,6.2929,2,33.9927,2,73.0,2,-99.0,2,0.049,2,0.0,2
274.0,2,6.2904,2,33.993,2,72.7,2,-99.0,2,0.049,2,0.0,2
275.0,2,6.2848,2,33.994,2,72.4,2,-99.0,2,0.049,2,0.0,2
276.0,2,6.2724,2,33.995,2,72.1,2,-99.0,2,0.049,2,0.0,2
277.0,2,6.2674,2,33.9956,2,71.8,2,-99.0,2,0.049,2,0.0,2
278.0,2,6.2663,2,33.9959,2,71.4,2,-99.0,2,0.049,2,0.0,2
279.0,2,6.2564,2,33.9964,2,71.1,2,-99.0,2,0.049,2,0.0,2
280.0,2,6.2403,2,33.9962,2,70.7,2,-99.0,2,0.049,2,0.0,2
281.0,2,6.2191,2,33.9959,2,70.5,2,-99.0,2,0.049,2,0.0,2
282.0,2,6.2065,2,33.9961,2,70.1,2,-99.0,2,0.049,2,0.0,2
283.0,2,6.1822,2,33.9959,2,69.9,2,-99.0,2,0.049,2,0.0,2
284.0,2,6.1621,2,33.9953,2,69.7,2,-99.0,2,0.049,2,0.0,2
285.0,2,6.1488,2,33.9952,2,69.5,2,-99.0,2,0.049,2,0.0,2
286.0,2,6.1414,2,33.9947,2,69.4,2,-99.0,2,0.049,2,0.0,2
287.0,2,6.1341,2,33.9944,2,69.4,2,-99.0,2,0.049,2,0.0,2
288.0,2,6.1245,2,33.9938,2,69.3,2,-99.0,2,0.049,2,0.0,2
289.0,2,6.1082,2,33.9938,2,69.0,2,-99.0,2,0.049,2,0.0,2
290.0,2,6.0896,2,33.9945,2,68.8,2,-99.0,2,0.049,2,0.0,2
291.0,2,6.0776,2,33.9934,2,68.7,2,-99.0,2,0.049,2,0.0,2
292.0,2,6.0664,2,33.9933,2,68.7,2,-99.0,2,0.049,2,0.0,2
293.0,2,6.0534,2,33.9931,2,68.5,2,-99.0,2,0.049,2,0.0,2
294.0,2,6.0422,2,33.9937,2,68.3,2,-99.0,2,0.049,2,0.0,2
295.0,2,6.0353,2,33.9939,2,68.1,2,-99.0,2,0.049,2,0.0,2
296.0,2,6.0291,2,33.9934,2,68.1,2,-99.0,2,0.049,2,0.0,2
297.0,2,6.0174,2,33.9936,2,67.9,2,-99.0,2,0.049,2,0.0,2
298.0,2,6.0108,2,33.9942,2,67.8,2,-99.0,2,0.049,2,0.0,2
299.0,2,6.002000000000001,2,33.9944,2,67.4,2,-99.0,2,0.049,2,0.0,2
300.0,2,5.9919,2,33.9951,2,67.1,2,-99.0,2,0.049,2,0.0,2
301.0,2,5.9879,2,33.9957,2,66.9,2,-99.0,2,0.049,2,0.0,2
302.0,2,5.9837,2,33.9961,2,66.7,2,-99.0,2,0.049,2,0.0,2
303.0,2,5.9783,2,33.9969,2,66.4,2,-99.0,2,0.049,2,0.0,2
304.0,2,5.973,2,33.9974,2,66.2,2,-99.0,2,0.049,2,0.0,2
305.0,2,5.9689,2,33.9977,2,65.9,2,-99.0,2,0.049,2,0.0,2
306.0,2,5.9647,2,33.9974,2,65.9,2,-99.0,2,0.049,2,0.0,2
307.0,2,5.9589,2,33.9967,2,66.0,2,-99.0,2,0.049,2,0.0,2
308.0,2,5.9434,2,33.9953,2,65.8,2,-99.0,2,0.049,2,0.0,2
309.0,2,5.9313,2,33.9955,2,65.7,2,-99.0,2,0.049,2,0.0,2
310.0,2,5.9268,2,33.9968,2,65.6,2,-99.0,2,0.049,2,0.0,2
311.0,2,5.9182,2,33.9962,2,65.2,2,-99.0,2,0.049,2,0.0,2
312.0,2,5.8877,2,33.9945,2,65.1,2,-99.0,2,0.049,2,0.0,2
313.0,2,5.8752,2,33.9939,2,65.0,2,-99.0,2,0.049,2,0.0,2
314.0,2,5.8606,2,33.9937,2,64.9,2,-99.0,2,0.049,2,0.0,2
315.0,2,5.858,2,33.9938,2,64.9,2,-99.0,2,0.049,2,0.0,2
316.0,2,5.8575,2,33.994,2,64.7,2,-99.0,2,0.049,2,0.0,2
317.0,2,5.8563,2,33.9942,2,64.7,2,-99.0,2,0.049,2,0.0,2
318.0,2,5.8565,2,33.995,2,64.5,2,-99.0,2,0.049,2,0.0,2
319.0,2,5.8586,2,33.996,2,64.2,2,-99.0,2,0.049,2,0.0,2
320.0,2,5.8475,2,33.9985,2,63.8,2,-99.0,2,0.049,2,0.0,2
321.0,2,5.8321,2,33.9989,2,63.5,2,-99.0,2,0.049,2,0.0,2
322.0,2,5.7986,2,33.995,2,63.4,2,-99.0,2,0.049,2,0.0,2
323.0,2,5.7605,2,33.992,2,63.2,2,-99.0,2,0.049,2,0.0,2
324.0,2,5.7406,2,33.9935,2,62.9,2,-99.0,2,0.049,2,0.0,2
325.0,2,5.736000000000001,2,33.9939,2,62.6,2,-99.0,2,0.049,2,0.0,2
326.0,2,5.7335,2,33.9952,2,62.5,2,-99.0,2,0.049,2,0.0,2
327.0,2,5.7276,2,33.9957,2,62.2,2,-99.0,2,0.049,2,0.0,2
328.0,2,5.7192,2,33.996,2,61.8,2,-99.0,2,0.049,2,0.0,2
329.0,2,5.7232,2,33.9984,2,61.5,2,-99.0,2,0.049,2,0.0,2
330.0,2,5.7248,2,33.9996,2,61.2,2,-99.0,2,0.049,2,0.0,2
331.0,2,5.7196,2,34.0009,2,60.9,2,-99.0,2,0.049,2,0.0,2
332.0,2,5.7171,2,34.0011,2,60.6,2,-99.0,2,0.049,2,0.0,2
333.0,2,5.7159,2,34.0009,2,60.4,2,-99.0,2,0.049,2,0.0,2
334.0,2,5.7062,2,34.001,2,60.0,2,-99.0,2,0.049,2,0.0,2
335.0,2,5.6853,2,34.0041,2,59.7,2,-99.0,2,0.049,2,0.0,2
336.0,2,5.6776,2,34.0051,2,59.2,2,-99.0,2,0.049,2,0.0,2
337.0,2,5.6728,2,34.0058,2,58.9,2,-99.0,2,0.049,2,0.0,2
338.0,2,5.6695,2,34.007,2,58.5,2,-99.0,2,0.049,2,0.0,2
339.0,2,5.6696,2,34.0078,2,58.2,2,-99.0,2,0.049,2,0.0,2
340.0,2,5.6703,2,34.0084,2,58.0,2,-99.0,2,0.049,2,0.0,2
341.0,2,5.67,2,34.0092,2,57.7,2,-99.0,2,0.049,2,0.0,2
342.0,2,5.6717,2,34.0115,2,57.4,2,-99.0,2,0.049,2,0.0,2
343.0,2,5.6659,2,34.0127,2,57.0,2,-99.0,2,0.049,2,0.0,2
344.0,2,5.6546,2,34.0117,2,56.7,2,-99.0,2,0.049,2,0.0,2
345.0,2,5.6382,2,34.010999999999996,2,56.6,2,-99.0,2,0.049,2,0.0,2
346.0,2,5.6129999999999995,2,34.0089,2,56.6,2,-99.0,2,0.049,2,0.0,2
347.0,2,5.5927,2,34.0103,2,56.3,2,-99.0,2,0.049,2,0.0,2
348.0,2,5.5805,2,34.0116,2,56.0,2,-99.0,2,0.049,2,0.0,2
349.0,2,5.5705,2,34.0124,2,55.5,2,-99.0,2,0.049,2,0.0,2
350.0,2,5.5633,2,34.0137,2,55.3,2,-99.0,2,0.049,2,0.0,2
351.0,2,5.5593,2,34.0143,2,55.0,2,-99.0,2,0.049,2,0.0,2
352.0,2,5.5569,2,34.0143,2,54.7,2,-99.0,2,0.049,2,0.0,2
353.0,2,5.5489999999999995,2,34.0143,2,54.5,2,-99.0,2,0.049,2,0.0,2
354.0,2,5.5359,2,34.0151,2,54.3,2,-99.0,2,0.049,2,0.0,2
355.0,2,5.5328,2,34.0154,2,54.1,2,-99.0,2,0.049,2,0.0,2
356.0,2,5.5288,2,34.015,2,54.0,2,-99.0,2,0.049,2,0.0,2
357.0,2,5.5239,2,34.0149,2,53.8,2,-99.0,2,0.049,2,0.0,2
358.0,2,5.5217,2,34.0148,2,53.7,2,-99.0,2,0.049,2,0.0,2
359.0,2,5.5041,2,34.0147,2,53.7,2,-99.0,2,0.049,2,0.0,2
360.0,2,5.4941,2,34.0146,2,53.6,2,-99.0,2,0.049,2,0.0,2
361.0,2,5.4738,2,34.014,2,53.3,2,-99.0,2,0.049,2,0.0,2
362.0,2,5.4608,2,34.0167,2,53.1,2,-99.0,2,0.049,2,0.0,2
363.0,2,5.4524,2,34.0167,2,52.9,2,-99.0,2,0.049,2,0.0,2
364.0,2,5.4445,2,34.015,2,52.6,2,-99.0,2,0.049,2,0.0,2
365.0,2,5.4401,2,34.0157,2,52.6,2,-99.0,2,0.049,2,0.0,2
366.0,2,5.4375,2,34.0169,2,52.4,2,-99.0,2,0.049,2,0.0,2
367.0,2,5.4351,2,34.0179,2,52.1,2,-99.0,2,0.049,2,0.0,2
368.0,2,5.4335,2,34.0186,2,51.8,2,-99.0,2,0.049,2,0.0,2
369.0,2,5.4322,2,34.0192,2,51.8,2,-99.0,2,0.049,2,0.0,2
370.0,2,5.4291,2,34.0201,2,51.6,2,-99.0,2,0.049,2,0.0,2
371.0,2,5.4288,2,34.0201,2,51.3,2,-99.0,2,0.049,2,0.0,2
372.0,2,5.4231,2,34.021,2,51.2,2,-99.0,2,0.049,2,0.0,2
373.0,2,5.4188,2,34.0221,2,51.1,2,-99.0,2,0.049,2,0.0,2
374.0,2,5.4178,2,34.0222,2,50.8,2,-99.0,2,0.049,2,0.0,2
375.0,2,5.4142,2,34.0225,2,50.7,2,-99.0,2,0.049,2,0.0,2
376.0,2,5.4112,2,34.023,2,50.6,2,-99.0,2,0.049,2,0.0,2
377.0,2,5.4111,2,34.023,2,50.6,2,-99.0,2,0.049,2,0.0,2
378.0,2,5.4104,2,34.023,2,50.6,2,-99.0,2,0.049,2,0.0,2
379.0,2,5.4062,2,34.0238,2,50.5,2,-99.0,2,0.049,2,0.0,2
380.0,2,5.4054,2,34.0241,2,50.4,2,-99.0,2,0.049,2,0.0,2
381.0,2,5.4044,2,34.0238,2,50.2,2,-99.0,2,0.049,2,0.0,2
382.0,2,5.398,2,34.0245,2,50.1,2,-99.0,2,0.049,2,0.0,2
383.0,2,5.3904,2,34.025,2,50.0,2,-99.0,2,0.049,2,0.0,2
384.0,2,5.3836,2,34.0255,2,49.5,2,-99.0,2,0.049,2,0.0,2
385.0,2,5.3607,2,34.0293,2,49.1,2,-99.0,2,0.049,2,0.0,2
386.0,2,5.3572,2,34.0303,2,48.8,2,-99.0,2,0.049,2,0.0,2
387.0,2,5.3562,2,34.0317,2,48.3,2,-99.0,2,0.049,2,0.0,2
388.0,2,5.355,2,34.0334,2,47.9,2,-99.0,2,0.049,2,0.0,2
389.0,2,5.3553,2,34.034,2,47.8,2,-99.0,2,0.049,2,0.0,2
390.0,2,5.3546,2,34.0344,2,47.6,2,-99.0,2,0.049,2,0.0,2
391.0,2,5.3494,2,34.0356,2,47.3,2,-99.0,2,0.049,2,0.0,2
392.0,2,5.3457,2,34.0371,2,47.0,2,-99.0,2,0.049,2,0.0,2
393.0,2,5.3452,2,34.0381,2,46.8,2,-99.0,2,0.049,2,0.0,2
394.0,2,5.3424,2,34.0396,2,46.3,2,-99.0,2,0.049,2,0.0,2
395.0,2,5.3379,2,34.041,2,46.2,2,-99.0,2,0.049,2,0.0,2
396.0,2,5.3346,2,34.042,2,46.0,2,-99.0,2,0.049,2,0.0,2
397.0,2,5.3272,2,34.0421,2,45.7,2,-99.0,2,0.049,2,0.0,2
398.0,2,5.3196,2,34.0424,2,45.4,2,-99.0,2,0.049,2,0.0,2
399.0,2,5.3154,2,34.0433,2,45.3,2,-99.0,2,0.049,2,0.0,2
400.0,2,5.3126,2,34.0443,2,45.1,2,-99.0,2,0.049,2,0.0,2
401.0,2,5.3048,2,34.0445,2,44.8,2,-99.0,2,0.049,2,0.0,2
402.0,2,5.2961,2,34.0441,2,44.9,2,-99.0,2,0.049,2,0.0,2
403.0,2,5.2923,2,34.044000000000004,2,44.8,2,-99.0,2,0.049,2,0.0,2
404.0,2,5.2906,2,34.044000000000004,2,44.6,2,-99.0,2,0.049,2,0.0,2
405.0,2,5.289,2,34.0445,2,44.4,2,-99.0,2,0.049,2,0.0,2
406.0,2,5.2948,2,34.0455,2,44.5,2,-99.0,2,0.049,2,0.0,2
407.0,2,5.2953,2,34.0458,2,44.3,2,-99.0,2,0.049,2,0.0,2
408.0,2,5.2949,2,34.0462,2,44.3,2,-99.0,2,0.049,2,0.0,2
409.0,2,5.2914,2,34.0469,2,44.3,2,-99.0,2,0.049,2,0.0,2
410.0,2,5.2849,2,34.0475,2,44.0,2,-99.0,2,0.049,2,0.0,2
411.0,2,5.2836,2,34.0482,2,43.8,2,-99.0,2,0.049,2,0.0,2
412.0,2,5.2835,2,34.0487,2,43.6,2,-99.0,2,0.049,2,0.0,2
413.0,2,5.2836,2,34.0487,2,43.6,2,-99.0,2,0.049,2,0.0,2
414.0,2,5.2834,2,34.0489,2,43.5,2,-99.0,2,0.049,2,0.0,2
415.0,2,5.2801,2,34.0489,2,43.3,2,-99.0,2,0.049,2,0.0,2
416.0,2,5.267,2,34.0498,2,43.3,2,-99.0,2,0.049,2,0.0,2
417.0,2,5.2583,2,34.051,2,43.0,2,-99.0,2,0.049,2,0.0,2
418.0,2,5.2559,2,34.0512,2,42.9,2,-99.0,2,0.049,2,0.0,2
419.0,2,5.2534,2,34.0513,2,42.8,2,-99.0,2,0.049,2,0.0,2
420.0,2,5.2502,2,34.0519,2,42.6,2,-99.0,2,0.049,2,0.0,2
421.0,2,5.2318,2,34.0521,2,42.5,2,-99.0,2,0.049,2,0.0,2
422.0,2,5.2167,2,34.0517,2,42.3,2,-99.0,2,0.049,2,0.0,2
423.0,2,5.2075,2,34.0526,2,42.0,2,-99.0,2,0.049,2,0.0,2
424.0,2,5.2011,2,34.054,2,41.8,2,-99.0,2,0.049,2,0.0,2
425.0,2,5.2004,2,34.0542,2,41.6,2,-99.0,2,0.049,2,0.0,2
426.0,2,5.1979999999999995,2,34.0554,2,41.5,2,-99.0,2,0.049,2,0.0,2
427.0,2,5.197,2,34.0565,2,41.2,2,-99.0,2,0.049,2,0.0,2
428.0,2,5.1988,2,34.0605,2,40.6,2,-99.0,2,0.049,2,0.0,2
429.0,2,5.1992,2,34.0627,2,40.2,2,-99.0,2,0.049,2,0.0,2
429.9,2,5.1993,2,34.0636,2,39.8,2,-99.0,2,0.049,2,0.0,2
431.0,2,5.1985,2,34.066,2,39.2,2,-99.0,2,0.049,2,0.0,2
432.0,2,5.1962,2,34.0688,2,39.0,2,-99.0,2,0.049,2,0.0,2
433.0,2,5.1947,2,34.0697,2,38.6,2,-99.0,2,0.049,2,0.0,2
434.0,2,5.1851,2,34.0707,2,38.2,2,-99.0,2,0.049,2,0.0,2
435.0,2,5.1743,2,34.0702,2,38.1,2,-99.0,2,0.049,2,0.0,2
436.0,2,5.1714,2,34.0705,2,38.0,2,-99.0,2,0.049,2,0.0,2
437.0,2,5.1668,2,34.0696,2,38.0,2,-99.0,2,0.049,2,0.0,2
438.0,2,5.1654,2,34.0697,2,37.9,2,-99.0,2,0.049,2,0.0,2
439.0,2,5.1637,2,34.0699,2,37.8,2,-99.0,2,0.049,2,0.0,2
440.0,2,5.1521,2,34.0709,2,37.8,2,-99.0,2,0.049,2,0.0,2
441.0,2,5.1507,2,34.0699,2,37.6,2,-99.0,2,0.049,2,0.0,2
442.0,2,5.1479,2,34.0704,2,37.5,2,-99.0,2,0.049,2,0.0,2
443.0,2,5.1452,2,34.0707,2,37.5,2,-99.0,2,0.049,2,0.0,2
444.0,2,5.1373,2,34.0711,2,37.4,2,-99.0,2,0.049,2,0.0,2
445.0,2,5.1341,2,34.0713,2,37.4,2,-99.0,2,0.049,2,0.0,2
446.0,2,5.1294,2,34.0718,2,37.3,2,-99.0,2,0.049,2,0.0,2
447.0,2,5.1285,2,34.0727,2,37.0,2,-99.0,2,0.049,2,0.0,2
448.0,2,5.1274,2,34.0729,2,37.0,2,-99.0,2,0.049,2,0.0,2
449.0,2,5.1257,2,34.0733,2,36.6,2,-99.0,2,0.049,2,0.0,2
450.0,2,5.1248,2,34.0737,2,36.6,2,-99.0,2,0.049,2,0.0,2
451.0,2,5.1209,2,34.0737,2,36.6,2,-99.0,2,0.049,2,0.0,2
452.0,2,5.1172,2,34.0746,2,36.6,2,-99.0,2,0.049,2,0.0,2
453.0,2,5.1147,2,34.0751,2,36.3,2,-99.0,2,0.049,2,0.0,2
454.0,2,5.1131,2,34.0755,2,36.2,2,-99.0,2,0.049,2,0.0,2
455.0,2,5.1113,2,34.0766,2,36.3,2,-99.0,2,0.049,2,0.0,2
456.0,2,5.1111,2,34.077,2,36.0,2,-99.0,2,0.049,2,0.0,2
457.0,2,5.1098,2,34.0772,2,35.9,2,-99.0,2,0.049,2,0.0,2
458.0,2,5.1091,2,34.0773,2,35.8,2,-99.0,2,0.049,2,0.0,2
459.0,2,5.1080000000000005,2,34.077,2,35.8,2,-99.0,2,0.049,2,0.0,2
460.0,2,5.1049,2,34.077,2,35.7,2,-99.0,2,0.049,2,0.0,2
461.0,2,5.0993,2,34.0772,2,35.8,2,-99.0,2,0.049,2,0.0,2
462.0,2,5.0911,2,34.0782,2,35.5,2,-99.0,2,0.049,2,0.0,2
463.0,2,5.0792,2,34.0807,2,35.3,2,-99.0,2,0.049,2,0.0,2
464.0,2,5.0751,2,34.0815,2,34.9,2,-99.0,2,0.049,2,0.0,2
465.0,2,5.0693,2,34.0817,2,34.6,2,-99.0,2,0.049,2,0.0,2
466.0,2,5.0579,2,34.0829,2,34.6,2,-99.0,2,0.049,2,0.0,2
467.0,2,5.0529,2,34.0834,2,34.3,2,-99.0,2,0.049,2,0.0,2
468.0,2,5.0499,2,34.0846,2,34.3,2,-99.0,2,0.049,2,0.0,2
469.0,2,5.051,2,34.0844,2,34.0,2,-99.0,2,0.049,2,0.0,2
470.0,2,5.0496,2,34.085,2,34.0,2,-99.0,2,0.049,2,0.0,2
471.0,2,5.0483,2,34.0852,2,33.9,2,-99.0,2,0.049,2,0.0,2
472.0,2,5.0476,2,34.0855,2,33.8,2,-99.0,2,0.049,2,0.0,2
473.0,2,5.0467,2,34.0858,2,33.7,2,-99.0,2,0.049,2,0.0,2
474.0,2,5.0462,2,34.086,2,33.7,2,-99.0,2,0.049,2,0.0,2
475.0,2,5.0456,2,34.0865,2,33.6,2,-99.0,2,0.049,2,0.0,2
476.0,2,5.0459,2,34.0888,2,33.3,2,-99.0,2,0.049,2,0.0,2
477.0,2,5.0466,2,34.0902,2,33.0,2,-99.0,2,0.049,2,0.0,2
478.0,2,5.046,2,34.0904,2,32.9,2,-99.0,2,0.049,2,0.0,2
479.0,2,5.0447,2,34.0916,2,32.7,2,-99.0,2,0.049,2,0.0,2
480.0,2,5.0411,2,34.0922,2,32.5,2,-99.0,2,0.049,2,0.0,2
481.0,2,5.0378,2,34.0937,2,32.3,2,-99.0,2,0.049,2,0.0,2
482.0,2,5.0381,2,34.0954,2,31.9,2,-99.0,2,0.049,2,0.0,2
483.0,2,5.038,2,34.0956,2,31.8,2,-99.0,2,0.049,2,0.0,2
484.0,2,5.0382,2,34.0958,2,31.8,2,-99.0,2,0.049,2,0.0,2
485.0,2,5.038,2,34.096,2,31.7,2,-99.0,2,0.049,2,0.0,2
486.0,2,5.0384,2,34.0959,2,31.6,2,-99.0,2,0.049,2,0.0,2
487.0,2,5.0387,2,34.0958,2,31.7,2,-99.0,2,0.049,2,0.0,2
488.0,2,5.0372,2,34.0965,2,31.5,2,-99.0,2,0.049,2,0.0,2
489.0,2,5.0349,2,34.0971,2,31.4,2,-99.0,2,0.049,2,0.0,2
490.0,2,5.0285,2,34.0977,2,31.3,2,-99.0,2,0.049,2,0.0,2
491.0,2,5.0253,2,34.0977,2,31.3,2,-99.0,2,0.049,2,0.0,2
492.0,2,5.0219,2,34.098,2,31.2,2,-99.0,2,0.049,2,0.0,2
493.0,2,5.0214,2,34.0981,2,31.1,2,-99.0,2,0.049,2,0.0,2
494.0,2,5.0208,2,34.0981,2,31.0,2,-99.0,2,0.049,2,0.0,2
495.0,2,5.0192,2,34.0983,2,31.0,2,-99.0,2,0.049,2,0.0,2
496.0,2,5.0166,2,34.0988,2,30.8,2,-99.0,2,0.049,2,0.0,2
497.0,2,5.0124,2,34.0991,2,30.7,2,-99.0,2,0.049,2,0.0,2
498.0,2,5.0027,2,34.1003,2,30.6,2,-99.0,2,0.049,2,0.0,2
499.0,2,4.9941,2,34.1018,2,30.3,2,-99.0,2,0.049,2,0.0,2
500.0,2,4.988,2,34.1032,2,30.1,2,-99.0,2,0.049,2,0.0,2
501.0,2,4.9859,2,34.1038,2,30.0,2,-99.0,2,0.049,2,0.0,2
502.0,2,4.9843,2,34.1043,2,29.9,2,-99.0,2,0.049,2,0.0,2
503.0,2,4.9831,2,34.1041,2,29.6,2,-99.0,2,0.049,2,0.0,2
504.0,2,4.9821,2,34.1047,2,29.7,2,-99.0,2,0.049,2,0.0,2
505.0,2,4.9815,2,34.1053,2,29.6,2,-99.0,2,0.049,2,0.0,2
506.0,2,4.9817,2,34.106,2,29.3,2,-99.0,2,0.049,2,0.0,2
507.0,2,4.9805,2,34.1072,2,29.4,2,-99.0,2,0.049,2,0.0,2
508.0,2,4.9786,2,34.1076,2,29.4,2,-99.0,2,0.049,2,0.0,2
509.0,2,4.9769,2,34.108000000000004,2,29.0,2,-99.0,2,0.049,2,0.0,2
510.0,2,4.9751,2,34.1087,2,28.8,2,-99.0,2,0.049,2,0.0,2
511.0,2,4.9723,2,34.109,2,28.8,2,-99.0,2,0.049,2,0.0,2
512.0,2,4.9715,2,34.1092,2,28.9,2,-99.0,2,0.049,2,0.0,2
513.0,2,4.9714,2,34.1092,2,28.7,2,-99.0,2,0.049,2,0.0,2
514.0,2,4.9704,2,34.1095,2,28.6,2,-99.0,2,0.049,2,0.0,2
515.0,2,4.9686,2,34.1097,2,28.6,2,-99.0,2,0.049,2,0.0,2
516.0,2,4.9667,2,34.1102,2,28.5,2,-99.0,2,0.049,2,0.0,2
517.0,2,4.9657,2,34.1107,2,28.4,2,-99.0,2,0.049,2,0.0,2
518.0,2,4.9622,2,34.1117,2,28.3,2,-99.0,2,0.049,2,0.0,2
519.0,2,4.958,2,34.1125,2,28.1,2,-99.0,2,0.049,2,0.0,2
520.0,2,4.9559,2,34.1135,2,28.0,2,-99.0,2,0.049,2,0.0,2
521.0,2,4.9545,2,34.1143,2,27.8,2,-99.0,2,0.049,2,0.0,2
522.0,2,4.9517,2,34.1148,2,27.6,2,-99.0,2,0.049,2,0.0,2
523.0,2,4.9457,2,34.1155,2,27.5,2,-99.0,2,0.049,2,0.0,2
524.0,2,4.9412,2,34.1167,2,27.6,2,-99.0,2,0.049,2,0.0,2
525.0,2,4.9391,2,34.1169,2,27.3,2,-99.0,2,0.049,2,0.0,2
526.0,2,4.9367,2,34.1168,2,27.2,2,-99.0,2,0.049,2,0.0,2
527.0,2,4.9322,2,34.1171,2,27.0,2,-99.0,2,0.049,2,0.0,2
528.0,2,4.9231,2,34.1174,2,27.0,2,-99.0,2,0.049,2,0.0,2
529.0,2,4.9166,2,34.1183,2,26.9,2,-99.0,2,0.049,2,0.0,2
530.0,2,4.9162,2,34.1183,2,26.9,2,-99.0,2,0.049,2,0.0,2
531.0,2,4.9157,2,34.1184,2,27.0,2,-99.0,2,0.049,2,0.0,2
532.0,2,4.9155,2,34.1187,2,26.6,2,-99.0,2,0.049,2,0.0,2
533.0,2,4.9157,2,34.1188,2,26.7,2,-99.0,2,0.049,2,0.0,2
534.0,2,4.912,2,34.1191,2,26.6,2,-99.0,2,0.049,2,0.0,2
535.0,2,4.8959,2,34.1194,2,26.6,2,-99.0,2,0.049,2,0.0,2
536.0,2,4.8931,2,34.1191,2,26.5,2,-99.0,2,0.049,2,0.0,2
537.0,2,4.8924,2,34.119,2,26.7,2,-99.0,2,0.049,2,0.0,2
538.0,2,4.8868,2,34.1179,2,26.8,2,-99.0,2,0.049,2,0.0,2
539.0,2,4.8483,2,34.1127,2,27.0,2,-99.0,2,0.049,2,0.0,2
540.0,2,4.792,2,34.1077,2,27.7,2,-99.0,2,0.049,2,0.0,2
541.0,2,4.7424,2,34.1045,2,28.5,2,-99.0,2,0.049,2,0.0,2
542.0,2,4.6807,2,34.0955,2,29.6,2,-99.0,2,0.049,2,0.0,2
543.0,2,4.6525,2,34.0913,2,30.5,2,-99.0,2,0.049,2,0.0,2
544.0,2,4.6403,2,34.0899,2,31.1,2,-99.0,2,0.049,2,0.0,2
545.0,2,4.6183,2,34.0876,2,31.6,2,-99.0,2,0.049,2,0.0,2
546.0,2,4.5714,2,34.0833,2,32.3,2,-99.0,2,0.049,2,0.0,2
547.0,2,4.5542,2,34.0817,2,32.9,2,-99.0,2,0.049,2,0.0,2
548.0,2,4.5074,2,34.0757,2,33.7,2,-99.0,2,0.049,2,0.0,2
549.0,2,4.4864,2,34.0743,2,34.3,2,-99.0,2,0.049,2,0.0,2
550.0,2,4.4685,2,34.0722,2,34.6,2,-99.0,2,0.049,2,0.0,2
551.0,2,4.4556,2,34.0721,2,35.1,2,-99.0,2,0.049,2,0.0,2
552.0,2,4.4496,2,34.0718,2,35.3,2,-99.0,2,0.049,2,0.0,2
553.0,2,4.4424,2,34.0724,2,35.3,2,-99.0,2,0.049,2,0.0,2
554.0,2,4.4357,2,34.0736,2,35.3,2,-99.0,2,0.049,2,0.0,2
555.0,2,4.4371,2,34.0756,2,35.2,2,-99.0,2,0.049,2,0.0,2
556.0,2,4.4352,2,34.0768,2,35.0,2,-99.0,2,0.049,2,0.0,2
557.0,2,4.4354,2,34.0783,2,34.8,2,-99.0,2,0.049,2,0.0,2
558.0,2,4.4333,2,34.0792,2,34.6,2,-99.0,2,0.049,2,0.0,2
559.0,2,4.4228,2,34.0811,2,34.3,2,-99.0,2,0.049,2,0.0,2
560.0,2,4.4144,2,34.0821,2,34.1,2,-99.0,2,0.049,2,0.0,2
561.0,2,4.4112,2,34.083,2,33.9,2,-99.0,2,0.049,2,0.0,2
562.0,2,4.409,2,34.085,2,33.7,2,-99.0,2,0.049,2,0.0,2
563.0,2,4.4048,2,34.0886,2,33.3,2,-99.0,2,0.049,2,0.0,2
564.0,2,4.4048,2,34.0898,2,33.0,2,-99.0,2,0.049,2,0.0,2
565.0,2,4.4049,2,34.0894,2,32.8,2,-99.0,2,0.049,2,0.0,2
566.0,2,4.4023,2,34.0892,2,32.8,2,-99.0,2,0.049,2,0.0,2
567.0,2,4.3975,2,34.0891,2,32.8,2,-99.0,2,0.049,2,0.0,2
568.0,2,4.3929,2,34.0896,2,32.7,2,-99.0,2,0.049,2,0.0,2
569.0,2,4.3906,2,34.0898,2,32.8,2,-99.0,2,0.049,2,0.0,2
570.0,2,4.3875,2,34.0905,2,32.6,2,-99.0,2,0.049,2,0.0,2
571.0,2,4.3835,2,34.0912,2,32.5,2,-99.0,2,0.049,2,0.0,2
572.0,2,4.3821,2,34.0914,2,32.5,2,-99.0,2,0.049,2,0.0,2
573.0,2,4.3811,2,34.0913,2,32.5,2,-99.0,2,0.049,2,0.0,2
574.0,2,4.3814,2,34.0916,2,32.3,2,-99.0,2,0.049,2,0.0,2
575.0,2,4.3813,2,34.0918,2,32.3,2,-99.0,2,0.049,2,0.0,2
576.0,2,4.3798,2,34.092,2,32.2,2,-99.0,2,0.049,2,0.0,2
577.0,2,4.3759,2,34.0927,2,32.3,2,-99.0,2,0.049,2,0.0,2
578.0,2,4.3738,2,34.0937,2,32.0,2,-99.0,2,0.049,2,0.0,2
579.0,2,4.3724,2,34.0942,2,32.0,2,-99.0,2,0.049,2,0.0,2
580.0,2,4.3778,2,34.0966,2,31.8,2,-99.0,2,0.049,2,0.0,2
581.0,2,4.387,2,34.0992,2,31.3,2,-99.0,2,0.049,2,0.0,2
582.0,2,4.395,2,34.1017,2,31.1,2,-99.0,2,0.049,2,0.0,2
583.0,2,4.4067,2,34.1059,2,30.6,2,-99.0,2,0.049,2,0.0,2
584.0,2,4.4167,2,34.1088,2,30.0,2,-99.0,2,0.049,2,0.0,2
585.0,2,4.4254,2,34.11,2,29.4,2,-99.0,2,0.049,2,0.0,2
586.0,2,4.4351,2,34.1141,2,28.8,2,-99.0,2,0.049,2,0.0,2
587.0,2,4.4387,2,34.1158,2,28.4,2,-99.0,2,0.049,2,0.0,2
588.0,2,4.4361,2,34.1166,2,28.0,2,-99.0,2,0.049,2,0.0,2
589.0,2,4.4473,2,34.1197,2,27.8,2,-99.0,2,0.049,2,0.0,2
590.0,2,4.4627,2,34.1234,2,27.4,2,-99.0,2,0.049,2,0.0,2
591.0,2,4.4654,2,34.1241,2,26.9,2,-99.0,2,0.049,2,0.0,2
592.0,2,4.4646,2,34.1249,2,26.6,2,-99.0,2,0.049,2,0.0,2
593.0,2,4.4629,2,34.1255,2,26.3,2,-99.0,2,0.046,2,0.0,2
594.0,2,4.4292,2,34.1205,2,26.7,2,-99.0,2,0.049,2,0.0,2
595.0,2,4.4007,2,34.1161,2,27.2,2,-99.0,2,0.049,2,0.0,2
596.0,2,4.3435,2,34.1106,2,27.8,2,-99.0,2,0.049,2,0.0,2
597.0,2,4.3278,2,34.11,2,28.1,2,-99.0,2,0.044000000000000004,2,0.0,2
598.0,2,4.3262,2,34.1097,2,28.4,2,-99.0,2,0.049,2,0.0,2
599.0,2,4.3208,2,34.1103,2,28.6,2,-99.0,2,0.045,2,0.0,2
600.0,2,4.3231,2,34.1118,2,28.7,2,-99.0,2,0.049,2,0.0,2
601.0,2,4.3405,2,34.1173,2,28.1,2,-99.0,2,0.049,2,0.0,2
602.0,2,4.3606,2,34.1221,2,27.5,2,-99.0,2,0.049,2,0.0,2
603.0,2,4.3606,2,34.1237,2,26.9,2,-99.0,2,0.049,2,0.0,2
604.0,2,4.3735,2,34.1276,2,26.4,2,-99.0,2,0.049,2,0.0,2
605.0,2,4.3794,2,34.1293,2,26.0,2,-99.0,2,0.049,2,0.0,2
606.0,2,4.3933,2,34.1351,2,25.3,2,-99.0,2,0.045,2,0.0,2
607.0,2,4.3859,2,34.1373,2,24.8,2,-99.0,2,0.049,2,0.0,2
608.0,2,4.4226,2,34.145,2,23.9,2,-99.0,2,0.049,2,0.0,2
608.9,2,4.4499,2,34.1482,2,23.0,2,-99.0,2,0.049,2,0.0,2
610.0,2,4.4805,2,34.1602,2,21.8,2,-99.0,2,0.049,2,0.0,2
611.0,2,4.4919,2,34.1593,2,21.3,2,-99.0,2,0.049,2,0.0,2
612.0,2,4.4711,2,34.157,2,21.2,2,-99.0,2,0.049,2,0.0,2
613.0,2,4.4708,2,34.1582,2,21.0,2,-99.0,2,0.049,2,0.0,2
614.0,2,4.4416,2,34.1555,2,20.8,2,-99.0,2,0.049,2,0.0,2
615.0,2,4.4468,2,34.1594,2,20.8,2,-99.0,2,0.047,2,0.0,2
616.0,2,4.4476,2,34.1594,2,20.7,2,-99.0,2,0.049,2,0.0,2
617.0,2,4.4384,2,34.1583,2,20.6,2,-99.0,2,0.049,2,0.0,2
618.0,2,4.3731,2,34.1494,2,21.3,2,-99.0,2,0.048,2,0.0,2
619.0,2,4.3564,2,34.1486,2,21.5,2,-99.0,2,0.047,2,0.0,2
620.0,2,4.3534,2,34.1488,2,21.6,2,-99.0,2,0.049,2,0.0,2
621.0,2,4.3426,2,34.1474,2,21.8,2,-99.0,2,0.049,2,0.0,2
622.0,2,4.337,2,34.1502,2,21.9,2,-99.0,2,0.049,2,0.0,2
623.0,2,4.331,2,34.1532,2,21.9,2,-99.0,2,0.040999999999999995,2,0.0,2
624.0,2,4.2951,2,34.1441,2,22.2,2,-99.0,2,0.049,2,0.0,2
625.0,2,4.2812,2,34.1469,2,22.3,2,-99.0,2,0.049,2,0.0,2
626.0,2,4.3269,2,34.1557,2,22.0,2,-99.0,2,0.049,2,0.0,2
627.0,2,4.3826,2,34.1656,2,21.2,2,-99.0,2,0.049,2,0.0,2
628.0,2,4.3941,2,34.1718,2,20.5,2,-99.0,2,0.049,2,0.0,2
629.0,2,4.4148,2,34.1746,2,19.9,2,-99.0,2,0.049,2,0.0,2
630.0,2,4.3994,2,34.174,2,19.6,2,-99.0,2,0.049,2,0.0,2
631.0,2,4.3823,2,34.1715,2,19.4,2,-99.0,2,0.049,2,0.0,2
632.0,2,4.3609,2,34.168,2,19.5,2,-99.0,2,0.049,2,0.0,2
633.0,2,4.3486,2,34.1669,2,19.6,2,-99.0,2,0.049,2,0.0,2
634.0,2,4.3532,2,34.1686,2,19.4,2,-99.0,2,0.049,2,0.0,2
635.0,2,4.3681,2,34.1718,2,19.1,2,-99.0,2,0.049,2,0.0,2
636.0,2,4.4137,2,34.1836,2,18.4,2,-99.0,2,0.049,2,0.0,2
637.0,2,4.444,2,34.1892,2,17.9,2,-99.0,2,0.048,2,0.0,2
638.0,2,4.4256,2,34.1881,2,17.5,2,-99.0,2,0.049,2,0.0,2
639.0,2,4.4207,2,34.1892,2,17.1,2,-99.0,2,0.049,2,0.0,2
640.0,2,4.4176,2,34.1908,2,16.9,2,-99.0,2,0.049,2,0.0,2
641.0,2,4.415,2,34.1921,2,16.5,2,-99.0,2,0.049,2,0.0,2
642.0,2,4.3879,2,34.1897,2,16.7,2,-99.0,2,0.049,2,0.0,2
643.0,2,4.395,2,34.1932,2,16.5,2,-99.0,2,0.049,2,0.0,2
644.0,2,4.3964,2,34.1956,2,16.3,2,-99.0,2,0.049,2,0.0,2
645.0,2,4.3995,2,34.1965,2,16.3,2,-99.0,2,0.049,2,0.0,2
646.0,2,4.3998,2,34.1969,2,16.3,2,-99.0,2,0.046,2,0.0,2
647.0,2,4.3517,2,34.1901,2,16.4,2,-99.0,2,0.049,2,0.0,2
648.0,2,4.3153,2,34.1843,2,16.9,2,-99.0,2,0.049,2,0.0,2
649.0,2,4.277,2,34.1788,2,17.2,2,-99.0,2,0.049,2,0.0,2
650.0,2,4.272,2,34.1809,2,17.7,2,-99.0,2,0.046,2,0.0,2
651.0,2,4.2561,2,34.1767,2,18.0,2,-99.0,2,0.049,2,0.0,2
652.0,2,4.2486,2,34.1751,2,18.2,2,-99.0,2,0.048,2,0.0,2
653.0,2,4.2463,2,34.1755,2,18.5,2,-99.0,2,0.049,2,0.0,2
654.0,2,4.243,2,34.1744,2,18.5,2,-99.0,2,0.048,2,0.0,2
655.0,2,4.2279,2,34.1728,2,18.7,2,-99.0,2,0.048,2,0.0,2
656.0,2,4.2019,2,34.1693,2,19.0,2,-99.0,2,0.048,2,0.0,2
657.0,2,4.1826,2,34.1707,2,19.2,2,-99.0,2,0.049,2,0.0,2
658.0,2,4.1879,2,34.1743,2,19.0,2,-99.0,2,0.049,2,0.0,2
659.0,2,4.1911,2,34.1752,2,19.0,2,-99.0,2,0.049,2,0.0,2
660.0,2,4.194,2,34.176,2,19.0,2,-99.0,2,0.049,2,0.0,2
661.0,2,4.2004,2,34.1774,2,18.7,2,-99.0,2,0.049,2,0.0,2
662.0,2,4.2119,2,34.1803,2,18.4,2,-99.0,2,0.049,2,0.0,2
663.0,2,4.2326,2,34.1851,2,18.3,2,-99.0,2,0.049,2,0.0,2
664.0,2,4.2262,2,34.1849,2,18.0,2,-99.0,2,0.047,2,0.0,2
665.0,2,4.2048,2,34.1837,2,18.0,2,-99.0,2,0.045,2,0.0,2
666.0,2,4.1868,2,34.181999999999995,2,18.1,2,-99.0,2,0.047,2,0.0,2
667.0,2,4.1658,2,34.1803,2,18.3,2,-99.0,2,0.046,2,0.0,2
668.0,2,4.1434,2,34.1777,2,18.6,2,-99.0,2,0.049,2,0.0,2
669.0,2,4.1362,2,34.1781,2,18.7,2,-99.0,2,0.049,2,0.0,2
670.0,2,4.1365,2,34.1791,2,18.7,2,-99.0,2,0.049,2,0.0,2
671.0,2,4.1454,2,34.1824,2,18.6,2,-99.0,2,0.047,2,0.0,2
672.0,2,4.1669,2,34.1871,2,18.2,2,-99.0,2,0.044000000000000004,2,0.0,2
673.0,2,4.2376,2,34.1995,2,17.2,2,-99.0,2,0.049,2,0.0,2
674.0,2,4.2728,2,34.2105,2,16.3,2,-99.0,2,0.049,2,0.0,2
675.0,2,4.2669,2,34.2117,2,15.7,2,-99.0,2,0.049,2,0.0,2
676.0,2,4.2607,2,34.2104,2,15.5,2,-99.0,2,0.049,2,0.0,2
677.0,2,4.2477,2,34.2097,2,15.3,2,-99.0,2,0.043,2,0.0,2
678.0,2,4.2495,2,34.2109,2,15.3,2,-99.0,2,0.048,2,0.0,2
679.0,2,4.2552,2,34.2128,2,15.2,2,-99.0,2,0.049,2,0.0,2
680.0,2,4.2679,2,34.2154,2,15.0,2,-99.0,2,0.049,2,0.0,2
681.0,2,4.2749,2,34.2156,2,14.8,2,-99.0,2,0.049,2,0.0,2
682.0,2,4.277,2,34.2166,2,14.6,2,-99.0,2,0.049,2,0.0,2
683.0,2,4.2774,2,34.2176,2,14.5,2,-99.0,2,0.046,2,0.0,2
684.0,2,4.2735,2,34.2162,2,14.3,2,-99.0,2,0.049,2,0.0,2
685.0,2,4.2774,2,34.2205,2,14.3,2,-99.0,2,0.049,2,0.0,2
686.0,2,4.302,2,34.2248,2,14.2,2,-99.0,2,0.049,2,0.0,2
687.0,2,4.3073,2,34.2258,2,13.9,2,-99.0,2,0.049,2,0.0,2
688.0,2,4.3141,2,34.2273,2,13.8,2,-99.0,2,0.049,2,0.0,2
689.0,2,4.3097,2,34.2269,2,13.6,2,-99.0,2,0.049,2,0.0,2
690.0,2,4.315,2,34.2288,2,13.6,2,-99.0,2,0.049,2,0.0,2
691.0,2,4.2912,2,34.2261,2,13.6,2,-99.0,2,0.049,2,0.0,2
692.0,2,4.2648,2,34.223,2,13.6,2,-99.0,2,0.049,2,0.0,2
693.0,2,4.2761,2,34.2297,2,13.6,2,-99.0,2,0.049,2,0.0,2
694.0,2,4.301,2,34.2347,2,13.4,2,-99.0,2,0.049,2,0.0,2
695.0,2,4.3054,2,34.2362,2,13.2,2,-99.0,2,0.049,2,0.0,2
696.0,2,4.3014,2,34.2367,2,13.0,2,-99.0,2,0.049,2,0.0,2
697.0,2,4.2906,2,34.2362,2,13.0,2,-99.0,2,0.049,2,0.0,2
698.0,2,4.2909,2,34.2366,2,13.0,2,-99.0,2,0.049,2,0.0,2
699.0,2,4.2895,2,34.2365,2,13.0,2,-99.0,2,0.049,2,0.0,2
700.0,2,4.2895,2,34.2367,2,12.9,2,-99.0,2,0.049,2,0.0,2
701.0,2,4.289,2,34.2367,2,12.9,2,-99.0,2,0.049,2,0.0,2
702.0,2,4.2906,2,34.2378,2,12.8,2,-99.0,2,0.049,2,0.0,2
703.0,2,4.289,2,34.2388,2,12.9,2,-99.0,2,0.049,2,0.0,2
704.0,2,4.2833,2,34.239000000000004,2,12.8,2,-99.0,2,0.049,2,0.0,2
705.0,2,4.2816,2,34.2393,2,12.6,2,-99.0,2,0.049,2,0.0,2
706.0,2,4.2795,2,34.2398,2,12.7,2,-99.0,2,0.049,2,0.0,2
707.0,2,4.2721,2,34.2406,2,12.6,2,-99.0,2,0.049,2,0.0,2
708.0,2,4.2669999999999995,2,34.2417,2,12.6,2,-99.0,2,0.047,2,0.0,2
709.0,2,4.2656,2,34.2423,2,12.4,2,-99.0,2,0.049,2,0.0,2
710.0,2,4.2646,2,34.2428,2,12.3,2,-99.0,2,0.049,2,0.0,2
711.0,2,4.2638,2,34.243,2,12.3,2,-99.0,2,0.049,2,0.0,2
712.0,2,4.2635,2,34.2432,2,12.4,2,-99.0,2,0.049,2,0.0,2
713.0,2,4.2616,2,34.2441,2,12.2,2,-99.0,2,0.049,2,0.0,2
714.0,2,4.2603,2,34.2453,2,12.3,2,-99.0,2,0.048,2,0.0,2
715.0,2,4.2602,2,34.246,2,12.2,2,-99.0,2,0.047,2,0.0,2
716.0,2,4.2598,2,34.2469,2,12.3,2,-99.0,2,0.047,2,0.0,2
717.0,2,4.2578,2,34.2483,2,12.2,2,-99.0,2,0.049,2,0.0,2
718.0,2,4.2556,2,34.2492,2,12.3,2,-99.0,2,0.049,2,0.0,2
719.0,2,4.2523,2,34.2499,2,12.1,2,-99.0,2,0.049,2,0.0,2
720.0,2,4.2498,2,34.2505,2,12.2,2,-99.0,2,0.049,2,0.0,2
721.0,2,4.2463,2,34.2511,2,12.1,2,-99.0,2,0.049,2,0.0,2
722.0,2,4.2367,2,34.2529,2,12.0,2,-99.0,2,0.049,2,0.0,2
723.0,2,4.2339,2,34.253,2,11.9,2,-99.0,2,0.049,2,0.0,2
724.0,2,4.2316,2,34.2531,2,12.0,2,-99.0,2,0.049,2,0.0,2
725.0,2,4.2295,2,34.2537,2,11.7,2,-99.0,2,0.049,2,0.0,2
726.0,2,4.2263,2,34.2541,2,11.8,2,-99.0,2,0.048,2,0.0,2
727.0,2,4.2205,2,34.2546,2,11.7,2,-99.0,2,0.049,2,0.0,2
728.0,2,4.2175,2,34.2551,2,11.6,2,-99.0,2,0.049,2,0.0,2
729.0,2,4.2172,2,34.2554,2,11.7,2,-99.0,2,0.049,2,0.0,2
730.0,2,4.217,2,34.2558,2,11.6,2,-99.0,2,0.049,2,0.0,2
731.0,2,4.212,2,34.2565,2,11.6,2,-99.0,2,0.048,2,0.0,2
732.0,2,4.207,2,34.2575,2,11.6,2,-99.0,2,0.048,2,0.0,2
733.0,2,4.2063,2,34.2576,2,11.6,2,-99.0,2,0.049,2,0.0,2
734.0,2,4.2056,2,34.2578,2,11.5,2,-99.0,2,0.049,2,0.0,2
735.0,2,4.2044,2,34.2578,2,11.5,2,-99.0,2,0.049,2,0.0,2
736.0,2,4.2022,2,34.2579,2,11.5,2,-99.0,2,0.049,2,0.0,2
737.0,2,4.2,2,34.2586,2,11.5,2,-99.0,2,0.049,2,0.0,2
738.0,2,4.1986,2,34.2586,2,11.4,2,-99.0,2,0.049,2,0.0,2
739.0,2,4.1972,2,34.2587,2,11.5,2,-99.0,2,0.049,2,0.0,2
740.0,2,4.1951,2,34.2592,2,11.4,2,-99.0,2,0.049,2,0.0,2
741.0,2,4.1942,2,34.2602,2,11.4,2,-99.0,2,0.049,2,0.0,2
742.0,2,4.1945,2,34.2615,2,11.4,2,-99.0,2,0.049,2,0.0,2
743.0,2,4.1947,2,34.2625,2,11.5,2,-99.0,2,0.049,2,0.0,2
744.0,2,4.1944,2,34.2629,2,11.3,2,-99.0,2,0.049,2,0.0,2
745.0,2,4.1829,2,34.2623,2,11.4,2,-99.0,2,0.049,2,0.0,2
746.0,2,4.1765,2,34.2639,2,11.3,2,-99.0,2,0.049,2,0.0,2
747.0,2,4.1726,2,34.265,2,11.1,2,-99.0,2,0.047,2,0.0,2
748.0,2,4.1708,2,34.2653,2,11.3,2,-99.0,2,0.049,2,0.0,2
749.0,2,4.1694,2,34.2658,2,11.1,2,-99.0,2,0.047,2,0.0,2
750.0,2,4.1686,2,34.2658,2,11.2,2,-99.0,2,0.049,2,0.0,2
751.0,2,4.1652,2,34.2668,2,11.1,2,-99.0,2,0.049,2,0.0,2
752.0,2,4.1611,2,34.2681,2,11.0,2,-99.0,2,0.049,2,0.0,2
753.0,2,4.1589,2,34.2676,2,11.2,2,-99.0,2,0.049,2,0.0,2
754.0,2,4.1536,2,34.268,2,11.1,2,-99.0,2,0.049,2,0.0,2
755.0,2,4.1505,2,34.2679,2,11.0,2,-99.0,2,0.049,2,0.0,2
756.0,2,4.1461,2,34.2681,2,11.1,2,-99.0,2,0.049,2,0.0,2
757.0,2,4.1414,2,34.2686,2,11.1,2,-99.0,2,0.049,2,0.0,2
758.0,2,4.1372,2,34.2701,2,11.2,2,-99.0,2,0.049,2,0.0,2
759.0,2,4.1321,2,34.2712,2,11.0,2,-99.0,2,0.049,2,0.0,2
760.0,2,4.1324,2,34.2723,2,11.2,2,-99.0,2,0.049,2,0.0,2
761.0,2,4.1307,2,34.2726,2,11.1,2,-99.0,2,0.049,2,0.0,2
762.0,2,4.1261,2,34.2725,2,11.0,2,-99.0,2,0.049,2,0.0,2
763.0,2,4.1237,2,34.2727,2,11.0,2,-99.0,2,0.048,2,0.0,2
764.0,2,4.1227,2,34.2726,2,11.0,2,-99.0,2,0.049,2,0.0,2
765.0,2,4.1212,2,34.2724,2,10.9,2,-99.0,2,0.049,2,0.0,2
766.0,2,4.1121,2,34.2721,2,11.0,2,-99.0,2,0.049,2,0.0,2
767.0,2,4.1004,2,34.2713,2,11.0,2,-99.0,2,0.049,2,0.0,2
768.0,2,4.0923,2,34.2719,2,10.8,2,-99.0,2,0.049,2,0.0,2
769.0,2,4.0923,2,34.2725,2,10.9,2,-99.0,2,0.047,2,0.0,2
770.0,2,4.09,2,34.2734,2,10.8,2,-99.0,2,0.049,2,0.0,2
771.0,2,4.0908,2,34.2733,2,10.7,2,-99.0,2,0.048,2,0.0,2
772.0,2,4.0889,2,34.2732,2,10.7,2,-99.0,2,0.049,2,0.0,2
773.0,2,4.0879,2,34.2734,2,10.7,2,-99.0,2,0.049,2,0.0,2
774.0,2,4.0869,2,34.2734,2,10.8,2,-99.0,2,0.049,2,0.0,2
775.0,2,4.0841,2,34.2741,2,10.8,2,-99.0,2,0.049,2,0.0,2
776.0,2,4.0768,2,34.2752,2,10.7,2,-99.0,2,0.048,2,0.0,2
777.0,2,4.0728,2,34.2749,2,11.0,2,-99.0,2,0.049,2,0.0,2
778.0,2,4.0699,2,34.2746,2,11.0,2,-99.0,2,0.049,2,0.0,2
779.0,2,4.0652,2,34.2748,2,11.0,2,-99.0,2,0.049,2,0.0,2
780.0,2,4.0612,2,34.277,2,11.0,2,-99.0,2,0.049,2,0.0,2
781.0,2,4.0661,2,34.2786,2,10.8,2,-99.0,2,0.049,2,0.0,2
782.0,2,4.0673,2,34.2793,2,10.9,2,-99.0,2,0.049,2,0.0,2
783.0,2,4.0656,2,34.2794,2,10.8,2,-99.0,2,0.049,2,0.0,2
784.0,2,4.0581,2,34.2796,2,10.8,2,-99.0,2,0.049,2,0.0,2
785.0,2,4.0513,2,34.2803,2,10.7,2,-99.0,2,0.048,2,0.0,2
786.0,2,4.0449,2,34.2817,2,10.6,2,-99.0,2,0.043,2,0.0,2
787.0,2,4.0436,2,34.2823,2,10.5,2,-99.0,2,0.047,2,0.0,2
788.0,2,4.0411,2,34.2827,2,10.6,2,-99.0,2,0.049,2,0.0,2
789.0,2,4.0397,2,34.2828,2,10.6,2,-99.0,2,0.049,2,0.0,2
790.0,2,4.0381,2,34.2829,2,10.5,2,-99.0,2,0.049,2,0.0,2
791.0,2,4.0354,2,34.2829,2,10.5,2,-99.0,2,0.049,2,0.0,2
792.0,2,4.0314,2,34.2825,2,10.5,2,-99.0,2,0.049,2,0.0,2
793.0,2,4.0211,2,34.2821,2,10.5,2,-99.0,2,0.049,2,0.0,2
794.0,2,4.0079,2,34.2822,2,10.6,2,-99.0,2,0.047,2,0.0,2
795.0,2,4.0053,2,34.2819,2,10.8,2,-99.0,2,0.049,2,0.0,2
796.0,2,4.0025,2,34.2813,2,10.7,2,-99.0,2,0.049,2,0.0,2
797.0,2,4.0009,2,34.2818,2,10.8,2,-99.0,2,0.049,2,0.0,2
798.0,2,4.0011,2,34.2821,2,10.7,2,-99.0,2,0.049,2,0.0,2
799.0,2,3.9981,2,34.2826,2,10.9,2,-99.0,2,0.048,2,0.0,2
800.0,2,3.9996,2,34.2836,2,10.8,2,-99.0,2,0.049,2,0.0,2
801.0,2,3.9984,2,34.2841,2,10.8,2,-99.0,2,0.049,2,0.0,2
802.0,2,3.9993,2,34.2849,2,10.9,2,-99.0,2,0.049,2,0.0,2
803.0,2,3.9942,2,34.2843,2,10.7,2,-99.0,2,0.049,2,0.0,2
804.0,2,3.9904,2,34.2838,2,10.8,2,-99.0,2,0.048,2,0.0,2
805.0,2,3.9859,2,34.2835,2,10.9,2,-99.0,2,0.049,2,0.0,2
806.0,2,3.9876,2,34.2855,2,10.7,2,-99.0,2,0.049,2,0.0,2
807.0,2,3.9941,2,34.288000000000004,2,10.8,2,-99.0,2,0.049,2,0.0,2
808.0,2,3.9969,2,34.2896,2,10.6,2,-99.0,2,0.049,2,0.0,2
809.0,2,3.9973,2,34.2904,2,10.4,2,-99.0,2,0.049,2,0.0,2
810.0,2,3.9952,2,34.291,2,10.4,2,-99.0,2,0.049,2,0.0,2
811.0,2,3.9929,2,34.2915,2,10.4,2,-99.0,2,0.049,2,0.0,2
812.0,2,3.9917,2,34.292,2,10.4,2,-99.0,2,0.046,2,0.0,2
813.0,2,3.9898,2,34.293,2,10.3,2,-99.0,2,0.049,2,0.0,2
814.0,2,3.9883,2,34.2941,2,10.3,2,-99.0,2,0.045,2,0.0,2
815.0,2,3.9846,2,34.2944,2,10.3,2,-99.0,2,0.047,2,0.0,2
816.0,2,3.9783,2,34.2953,2,10.3,2,-99.0,2,0.049,2,0.0,2
817.0,2,3.9754,2,34.2963,2,10.2,2,-99.0,2,0.049,2,0.0,2
818.0,2,3.971,2,34.2965,2,10.2,2,-99.0,2,0.049,2,0.0,2
819.0,2,3.9707,2,34.2961,2,10.2,2,-99.0,2,0.048,2,0.0,2
820.0,2,3.9696,2,34.2967,2,10.3,2,-99.0,2,0.049,2,0.0,2
821.0,2,3.969,2,34.2966,2,10.1,2,-99.0,2,0.044000000000000004,2,0.0,2
822.0,2,3.9674,2,34.297,2,10.1,2,-99.0,2,0.049,2,0.0,2
823.0,2,3.9662,2,34.2977,2,10.3,2,-99.0,2,0.045,2,0.0,2
824.0,2,3.9641,2,34.2985,2,10.1,2,-99.0,2,0.049,2,0.0,2
825.0,2,3.9634,2,34.2986,2,10.2,2,-99.0,2,0.047,2,0.0,2
826.0,2,3.9625,2,34.2987,2,10.3,2,-99.0,2,0.049,2,0.0,2
827.0,2,3.9615,2,34.299,2,10.2,2,-99.0,2,0.046,2,0.0,2
828.0,2,3.9604,2,34.2993,2,10.2,2,-99.0,2,0.047,2,0.0,2
829.0,2,3.9595,2,34.2994,2,10.3,2,-99.0,2,0.049,2,0.0,2
830.0,2,3.9562,2,34.2995,2,10.2,2,-99.0,2,0.049,2,0.0,2
831.0,2,3.9496,2,34.2997,2,10.2,2,-99.0,2,0.049,2,0.0,2
832.0,2,3.9477,2,34.3001,2,10.1,2,-99.0,2,0.049,2,0.0,2
832.7,2,3.9466,2,34.3009,2,10.0,2,-99.0,2,0.049,2,0.0,2
834.2,2,3.9437,2,34.3013,2,10.1,2,-99.0,2,0.049,2,0.0,2
835.0,2,3.9474,2,34.3025,2,10.0,2,-99.0,2,0.048,2,0.0,2
836.0,2,3.9522,2,34.3038,2,10.0,2,-99.0,2,0.049,2,0.0,2
837.0,2,3.9576,2,34.3063,2,9.9,2,-99.0,2,0.045,2,0.0,2
838.0,2,3.9577,2,34.3078,2,10.0,2,-99.0,2,0.046,2,0.0,2
839.0,2,3.9554,2,34.308,2,10.0,2,-99.0,2,0.049,2,0.0,2
840.0,2,3.9537,2,34.308,2,10.0,2,-99.0,2,0.049,2,0.0,2
841.0,2,3.9504,2,34.3085,2,10.0,2,-99.0,2,0.049,2,0.0,2
842.0,2,3.9492,2,34.3086,2,10.0,2,-99.0,2,0.049,2,0.0,2
843.0,2,3.9473,2,34.3089,2,9.9,2,-99.0,2,0.049,2,0.0,2
844.0,2,3.9365,2,34.3085,2,10.0,2,-99.0,2,0.049,2,0.0,2
845.0,2,3.9264,2,34.3078,2,10.0,2,-99.0,2,0.047,2,0.0,2
846.0,2,3.9221,2,34.3075,2,10.0,2,-99.0,2,0.048,2,0.0,2
847.0,2,3.9199,2,34.3076,2,10.0,2,-99.0,2,0.047,2,0.0,2
848.0,2,3.9184,2,34.3075,2,9.9,2,-99.0,2,0.049,2,0.0,2
849.0,2,3.917,2,34.3075,2,10.0,2,-99.0,2,0.049,2,0.0,2
850.0,2,3.9104,2,34.3068,2,9.9,2,-99.0,2,0.049,2,0.0,2
851.0,2,3.9064,2,34.306999999999995,2,10.0,2,-99.0,2,0.049,2,0.0,2
852.0,2,3.9036,2,34.3068,2,9.9,2,-99.0,2,0.049,2,0.0,2
853.0,2,3.9027,2,34.3061,2,9.9,2,-99.0,2,0.048,2,0.0,2
854.0,2,3.9019,2,34.3068,2,9.8,2,-99.0,2,0.049,2,0.0,2
855.0,2,3.8979,2,34.3107,2,9.9,2,-99.0,2,0.049,2,0.0,2
856.0,2,3.8965,2,34.3124,2,9.9,2,-99.0,2,0.049,2,0.0,2
857.0,2,3.8916,2,34.3136,2,9.8,2,-99.0,2,0.049,2,0.0,2
858.0,2,3.8899,2,34.314,2,9.9,2,-99.0,2,0.049,2,0.0,2
859.0,2,3.8878,2,34.3143,2,10.0,2,-99.0,2,0.049,2,0.0,2
860.0,2,3.8861,2,34.3145,2,9.9,2,-99.0,2,0.048,2,0.0,2
861.0,2,3.8849,2,34.3149,2,9.8,2,-99.0,2,0.047,2,0.0,2
862.0,2,3.8831,2,34.3158,2,9.8,2,-99.0,2,0.049,2,0.0,2
863.0,2,3.8825,2,34.3163,2,9.9,2,-99.0,2,0.049,2,0.0,2
864.0,2,3.8818,2,34.3168,2,9.9,2,-99.0,2,0.049,2,0.0,2
865.0,2,3.8821,2,34.3172,2,9.8,2,-99.0,2,0.046,2,0.0,2
866.0,2,3.8752,2,34.3186,2,9.9,2,-99.0,2,0.048,2,0.0,2
867.0,2,3.8716,2,34.3189,2,9.9,2,-99.0,2,0.049,2,0.0,2
868.0,2,3.8694,2,34.3192,2,9.8,2,-99.0,2,0.049,2,0.0,2
869.0,2,3.8656,2,34.3192,2,9.8,2,-99.0,2,0.047,2,0.0,2
870.0,2,3.8646,2,34.3193,2,9.8,2,-99.0,2,0.049,2,0.0,2
871.0,2,3.8627,2,34.3195,2,9.9,2,-99.0,2,0.049,2,0.0,2
872.0,2,3.8607,2,34.3194,2,9.7,2,-99.0,2,0.049,2,0.0,2
873.0,2,3.8545,2,34.32,2,9.8,2,-99.0,2,0.049,2,0.0,2
874.0,2,3.8524,2,34.3202,2,9.8,2,-99.0,2,0.049,2,0.0,2
875.0,2,3.8481,2,34.3202,2,9.8,2,-99.0,2,0.049,2,0.0,2
876.0,2,3.8447,2,34.3204,2,9.8,2,-99.0,2,0.049,2,0.0,2
877.0,2,3.8498,2,34.3219,2,9.9,2,-99.0,2,0.049,2,0.0,2
878.0,2,3.8509,2,34.3219,2,9.8,2,-99.0,2,0.049,2,0.0,2
879.0,2,3.8503,2,34.321999999999996,2,9.8,2,-99.0,2,0.049,2,0.0,2
880.0,2,3.8519,2,34.3221,2,9.8,2,-99.0,2,0.049,2,0.0,2
881.0,2,3.8513,2,34.3222,2,9.8,2,-99.0,2,0.048,2,0.0,2
882.0,2,3.8559,2,34.3238,2,9.8,2,-99.0,2,0.045,2,0.0,2
883.0,2,3.8623,2,34.3254,2,9.8,2,-99.0,2,0.049,2,0.0,2
884.0,2,3.8703,2,34.3283,2,9.8,2,-99.0,2,0.048,2,0.0,2
885.0,2,3.8738,2,34.3299,2,9.8,2,-99.0,2,0.04,2,0.0,2
886.0,2,3.8747,2,34.330999999999996,2,9.8,2,-99.0,2,0.048,2,0.0,2
887.0,2,3.8748,2,34.3322,2,9.9,2,-99.0,2,0.049,2,0.0,2
888.0,2,3.8742,2,34.3327,2,9.8,2,-99.0,2,0.049,2,0.0,2
889.0,2,3.8644,2,34.335,2,9.8,2,-99.0,2,0.049,2,0.0,2
890.0,2,3.8637,2,34.335,2,9.8,2,-99.0,2,0.049,2,0.0,2
891.0,2,3.8619,2,34.3351,2,9.9,2,-99.0,2,0.049,2,0.0,2
892.0,2,3.8606,2,34.3353,2,9.8,2,-99.0,2,0.049,2,0.0,2
893.0,2,3.8606,2,34.3353,2,9.9,2,-99.0,2,0.049,2,0.0,2
894.0,2,3.8608,2,34.3354,2,9.9,2,-99.0,2,0.047,2,0.0,2
895.0,2,3.8605,2,34.3355,2,10.0,2,-99.0,2,0.049,2,0.0,2
896.0,2,3.8604,2,34.3355,2,9.8,2,-99.0,2,0.049,2,0.0,2
897.0,2,3.8606,2,34.3355,2,9.8,2,-99.0,2,0.049,2,0.0,2
898.0,2,3.8601,2,34.3355,2,9.8,2,-99.0,2,0.049,2,0.0,2
899.0,2,3.859,2,34.3356,2,9.9,2,-99.0,2,0.049,2,0.0,2
900.0,2,3.8578,2,34.3358,2,9.9,2,-99.0,2,0.045,2,0.0,2
901.0,2,3.8489999999999998,2,34.3367,2,9.8,2,-99.0,2,0.048,2,0.0,2
902.0,2,3.8426,2,34.3374,2,10.0,2,-99.0,2,0.039,2,0.0,2
903.0,2,3.8423,2,34.3375,2,9.8,2,-99.0,2,0.049,2,0.0,2
904.0,2,3.8425,2,34.3374,2,10.0,2,-99.0,2,0.049,2,0.0,2
905.0,2,3.8398,2,34.3378,2,9.8,2,-99.0,2,0.049,2,0.0,2
906.0,2,3.8342,2,34.3388,2,10.0,2,-99.0,2,0.049,2,0.0,2
907.0,2,3.8285,2,34.3389,2,9.9,2,-99.0,2,0.049,2,0.0,2
908.0,2,3.8212,2,34.3391,2,9.9,2,-99.0,2,0.049,2,0.0,2
909.0,2,3.8193,2,34.3392,2,9.8,2,-99.0,2,0.046,2,0.0,2
910.0,2,3.8196,2,34.3393,2,10.0,2,-99.0,2,0.049,2,0.0,2
911.0,2,3.8195,2,34.3393,2,10.0,2,-99.0,2,0.049,2,0.0,2
912.0,2,3.8199,2,34.3396,2,9.9,2,-99.0,2,0.049,2,0.0,2
913.0,2,3.8201,2,34.3394,2,9.8,2,-99.0,2,0.049,2,0.0,2
913.9,2,3.8188,2,34.34,2,9.9,2,-99.0,2,0.048,2,0.0,2
915.1,2,3.8022,2,34.3402,2,9.9,2,-99.0,2,0.047,2,0.0,2
916.0,2,3.7918,2,34.3397,2,9.9,2,-99.0,2,0.049,2,0.0,2
917.0,2,3.7794,2,34.34,2,9.9,2,-99.0,2,0.049,2,0.0,2
918.0,2,3.7686,2,34.3416,2,10.0,2,-99.0,2,0.049,2,0.0,2
919.0,2,3.7641,2,34.342,2,9.8,2,-99.0,2,0.049,2,0.0,2
920.0,2,3.7616,2,34.3423,2,9.9,2,-99.0,2,0.048,2,0.0,2
921.0,2,3.7582,2,34.3429,2,9.8,2,-99.0,2,0.048,2,0.0,2
922.0,2,3.7535,2,34.3442,2,10.0,2,-99.0,2,0.049,2,0.0,2
923.0,2,3.7492,2,34.3443,2,9.9,2,-99.0,2,0.049,2,0.0,2
924.0,2,3.7368,2,34.3431,2,10.0,2,-99.0,2,0.048,2,0.0,2
925.0,2,3.7306,2,34.3438,2,10.0,2,-99.0,2,0.047,2,0.0,2
926.0,2,3.7286,2,34.3443,2,10.0,2,-99.0,2,0.049,2,0.0,2
927.0,2,3.7262,2,34.3447,2,9.9,2,-99.0,2,0.049,2,0.0,2
928.0,2,3.7166,2,34.346,2,10.0,2,-99.0,2,0.049,2,0.0,2
929.0,2,3.713,2,34.3467,2,10.0,2,-99.0,2,0.045,2,0.0,2
930.0,2,3.7098,2,34.3471,2,9.9,2,-99.0,2,0.047,2,0.0,2
931.0,2,3.7037,2,34.348,2,9.9,2,-99.0,2,0.046,2,0.0,2
932.0,2,3.7002,2,34.3488,2,10.0,2,-99.0,2,0.049,2,0.0,2
933.0,2,3.6993,2,34.349000000000004,2,10.0,2,-99.0,2,0.049,2,0.0,2
934.0,2,3.6983,2,34.3492,2,10.0,2,-99.0,2,0.049,2,0.0,2
935.0,2,3.6967,2,34.3495,2,9.9,2,-99.0,2,0.049,2,0.0,2
936.0,2,3.6958,2,34.3497,2,10.0,2,-99.0,2,0.049,2,0.0,2
937.0,2,3.6935,2,34.3497,2,10.0,2,-99.0,2,0.048,2,0.0,2
938.0,2,3.6906,2,34.35,2,9.9,2,-99.0,2,0.039,2,0.0,2
939.0,2,3.6885,2,34.3504,2,9.8,2,-99.0,2,0.045,2,0.0,2
940.0,2,3.6839,2,34.3508,2,10.1,2,-99.0,2,0.048,2,0.0,2
941.0,2,3.6795,2,34.3512,2,9.9,2,-99.0,2,0.049,2,0.0,2
942.0,2,3.6727,2,34.352,2,9.8,2,-99.0,2,0.049,2,0.0,2
943.0,2,3.6665,2,34.3529,2,10.0,2,-99.0,2,0.049,2,0.0,2
944.0,2,3.6652,2,34.3532,2,10.0,2,-99.0,2,0.049,2,0.0,2
945.0,2,3.6634,2,34.3535,2,10.0,2,-99.0,2,0.049,2,0.0,2
946.0,2,3.6587,2,34.3548,2,10.0,2,-99.0,2,0.049,2,0.0,2
947.0,2,3.6546,2,34.3548,2,9.9,2,-99.0,2,0.040999999999999995,2,0.0,2
948.0,2,3.6527,2,34.3549,2,10.0,2,-99.0,2,0.046,2,0.0,2
949.0,2,3.6518,2,34.3552,2,9.8,2,-99.0,2,0.049,2,0.0,2
950.0,2,3.6506,2,34.356,2,10.1,2,-99.0,2,0.045,2,0.0,2
951.0,2,3.6505,2,34.3564,2,10.0,2,-99.0,2,0.049,2,0.0,2
952.0,2,3.6485,2,34.3568,2,10.0,2,-99.0,2,0.042,2,0.0,2
953.0,2,3.6456,2,34.3568,2,9.9,2,-99.0,2,0.046,2,0.0,2
954.0,2,3.6441,2,34.3572,2,10.0,2,-99.0,2,0.043,2,0.0,2
955.0,2,3.6429,2,34.3575,2,10.0,2,-99.0,2,0.049,2,0.0,2
956.0,2,3.6358,2,34.358000000000004,2,10.1,2,-99.0,2,0.049,2,0.0,2
957.0,2,3.6289,2,34.3593,2,10.1,2,-99.0,2,0.048,2,0.0,2
958.0,2,3.6262,2,34.3596,2,10.0,2,-99.0,2,0.049,2,0.0,2
959.0,2,3.6216,2,34.3603,2,10.2,2,-99.0,2,0.049,2,0.0,2
960.0,2,3.6157,2,34.3617,2,10.0,2,-99.0,2,0.049,2,0.0,2
961.0,2,3.6116,2,34.3622,2,10.0,2,-99.0,2,0.045,2,0.0,2
962.0,2,3.6068,2,34.363,2,10.2,2,-99.0,2,0.049,2,0.0,2
963.0,2,3.6045,2,34.3633,2,10.3,2,-99.0,2,0.046,2,0.0,2
964.0,2,3.6,2,34.3637,2,10.2,2,-99.0,2,0.049,2,0.0,2
965.0,2,3.5957,2,34.3639,2,10.1,2,-99.0,2,0.049,2,0.0,2
966.0,2,3.5942,2,34.3641,2,10.2,2,-99.0,2,0.046,2,0.0,2
967.0,2,3.5933,2,34.3641,2,10.2,2,-99.0,2,0.048,2,0.0,2
968.0,2,3.5927,2,34.3643,2,10.3,2,-99.0,2,0.049,2,0.0,2
969.0,2,3.5924,2,34.3644,2,10.3,2,-99.0,2,0.048,2,0.0,2
970.0,2,3.5915,2,34.3644,2,10.2,2,-99.0,2,0.037000000000000005,2,0.0,2
971.0,2,3.5877,2,34.3648,2,10.2,2,-99.0,2,0.046,2,0.0,2
972.0,2,3.5810000000000004,2,34.3658,2,10.4,2,-99.0,2,0.049,2,0.0,2
973.0,2,3.5771,2,34.3671,2,10.3,2,-99.0,2,0.049,2,0.0,2
974.0,2,3.5767,2,34.3674,2,10.4,2,-99.0,2,0.049,2,0.0,2
975.0,2,3.5793,2,34.3694,2,10.5,2,-99.0,2,0.046,2,0.0,2
976.0,2,3.5826,2,34.3708,2,10.5,2,-99.0,2,0.043,2,0.0,2
977.0,2,3.5858,2,34.3722,2,10.5,2,-99.0,2,0.049,2,0.0,2
978.0,2,3.5899,2,34.3735,2,10.5,2,-99.0,2,0.048,2,0.0,2
979.0,2,3.5916,2,34.3744,2,10.7,2,-99.0,2,0.049,2,0.0,2
980.0,2,3.594,2,34.3752,2,10.7,2,-99.0,2,0.049,2,0.0,2
981.0,2,3.5947,2,34.3755,2,10.7,2,-99.0,2,0.049,2,0.0,2
982.0,2,3.5952,2,34.3755,2,10.7,2,-99.0,2,0.049,2,0.0,2
983.0,2,3.5967,2,34.3759,2,10.8,2,-99.0,2,0.044000000000000004,2,0.0,2
984.0,2,3.5983,2,34.3761,2,10.8,2,-99.0,2,0.040999999999999995,2,0.0,2
985.0,2,3.5995,2,34.3767,2,10.8,2,-99.0,2,0.045,2,0.0,2
986.0,2,3.6001,2,34.3771,2,10.9,2,-99.0,2,0.049,2,0.0,2
987.0,2,3.6003,2,34.3777,2,10.8,2,-99.0,2,0.049,2,0.0,2
988.0,2,3.5985,2,34.3785,2,10.7,2,-99.0,2,0.049,2,0.0,2
989.0,2,3.5947,2,34.3783,2,10.8,2,-99.0,2,0.048,2,0.0,2
990.0,2,3.5893,2,34.3786,2,11.0,2,-99.0,2,0.049,2,0.0,2
991.0,2,3.5882,2,34.3792,2,10.9,2,-99.0,2,0.046,2,0.0,2
992.0,2,3.5865,2,34.3795,2,11.0,2,-99.0,2,0.049,2,0.0,2
993.0,2,3.5843,2,34.3799,2,11.0,2,-99.0,2,0.045,2,0.0,2
994.0,2,3.5860000000000003,2,34.3816,2,11.0,2,-99.0,2,0.047,2,0.0,2
995.0,2,3.5904,2,34.3833,2,11.1,2,-99.0,2,0.049,2,0.0,2
996.0,2,3.5912,2,34.3836,2,11.1,2,-99.0,2,0.049,2,0.0,2
997.0,2,3.5915,2,34.3836,2,11.2,2,-99.0,2,0.049,2,0.0,2
998.0,2,3.5917,2,34.3841,2,11.2,2,-99.0,2,0.049,2,0.0,2
999.0,2,3.5912,2,34.3847,2,11.1,2,-99.0,2,0.048,2,0.0,2
1000.0,2,3.5894,2,34.385,2,11.2,2,-99.0,2,0.047,2,0.0,2
1001.0,2,3.5868,2,34.3853,2,11.3,2,-99.0,2,0.049,2,0.0,2
1002.0,2,3.5839999999999996,2,34.3855,2,11.2,2,-99.0,2,0.046,2,0.0,2
1003.0,2,3.582,2,34.3855,2,11.3,2,-99.0,2,0.049,2,0.0,2
1004.0,2,3.5789,2,34.3865,2,11.3,2,-99.0,2,0.049,2,0.0,2
1005.0,2,3.5773,2,34.3866,2,11.3,2,-99.0,2,0.049,2,0.0,2
1006.0,2,3.5738,2,34.3878,2,11.4,2,-99.0,2,0.049,2,0.0,2
1007.0,2,3.5664,2,34.388000000000005,2,11.3,2,-99.0,2,0.049,2,0.0,2
1008.0,2,3.5637,2,34.3885,2,11.4,2,-99.0,2,0.049,2,0.0,2
1009.0,2,3.562,2,34.3888,2,11.3,2,-99.0,2,0.049,2,0.0,2
1010.0,2,3.5601,2,34.3892,2,11.4,2,-99.0,2,0.049,2,0.0,2
1011.0,2,3.5592,2,34.3894,2,11.3,2,-99.0,2,0.049,2,0.0,2
1012.0,2,3.5572,2,34.3904,2,11.4,2,-99.0,2,0.049,2,0.0,2
1012.9,2,3.556,2,34.3902,2,11.4,2,-99.0,2,0.046,2,0.0,2
1014.0,2,3.5537,2,34.3901,2,11.6,2,-99.0,2,0.049,2,0.0,2
1015.0,2,3.5528,2,34.3901,2,11.6,2,-99.0,2,0.049,2,0.0,2
1016.0,2,3.5503,2,34.3901,2,11.3,2,-99.0,2,0.049,2,0.0,2
1017.0,2,3.5455,2,34.39,2,11.2,2,-99.0,2,0.043,2,0.0,2
1018.0,2,3.5337,2,34.3897,2,11.4,2,-99.0,2,0.049,2,0.0,2
1019.0,2,3.5234,2,34.3901,2,11.6,2,-99.0,2,0.049,2,0.0,2
1020.0,2,3.5207,2,34.3911,2,11.5,2,-99.0,2,0.049,2,0.0,2
1021.0,2,3.5192,2,34.3923,2,11.4,2,-99.0,2,0.049,2,0.0,2
1022.1,2,3.5162,2,34.3927,2,11.5,2,-99.0,2,0.047,2,0.0,2
1023.0,2,3.5111,2,34.3924,2,11.4,2,-99.0,2,0.046,2,0.0,2
1024.0,2,3.5051,2,34.3927,2,11.5,2,-99.0,2,0.049,2,0.0,2
1025.0,2,3.5039,2,34.3927,2,11.5,2,-99.0,2,0.049,2,0.0,2
1026.0,2,3.5026,2,34.393,2,11.5,2,-99.0,2,0.049,2,0.0,2
1027.0,2,3.5024,2,34.393,2,11.5,2,-99.0,2,0.049,2,0.0,2
1028.0,2,3.4968,2,34.3935,2,11.5,2,-99.0,2,0.049,2,0.0,2
1029.0,2,3.4888,2,34.3954,2,11.6,2,-99.0,2,0.049,2,0.0,2
1030.0,2,3.4876,2,34.3964,2,11.6,2,-99.0,2,0.049,2,0.0,2
1031.0,2,3.4845,2,34.3979,2,11.6,2,-99.0,2,0.049,2,0.0,2
1032.0,2,3.4827,2,34.3982,2,11.7,2,-99.0,2,0.047,2,0.0,2
1033.0,2,3.4794,2,34.3986,2,11.8,2,-99.0,2,0.049,2,0.0,2
1034.0,2,3.4768,2,34.399,2,11.7,2,-99.0,2,0.049,2,0.0,2
1035.0,2,3.4752,2,34.3996,2,11.9,2,-99.0,2,0.049,2,0.0,2
1036.0,2,3.4734,2,34.4,2,11.8,2,-99.0,2,0.049,2,0.0,2
1037.0,2,3.4698,2,34.4,2,11.9,2,-99.0,2,0.049,2,0.0,2
1038.0,2,3.463,2,34.4009,2,11.9,2,-99.0,2,0.045,2,0.0,2
1039.0,2,3.4571,2,34.4016,2,12.0,2,-99.0,2,0.042,2,0.0,2
1040.0,2,3.4521,2,34.4024,2,12.1,2,-99.0,2,0.045,2,0.0,2
1041.0,2,3.4489,2,34.403,2,12.0,2,-99.0,2,0.049,2,0.0,2
1042.0,2,3.4476,2,34.4032,2,11.9,2,-99.0,2,0.049,2,0.0,2
1043.0,2,3.4456,2,34.4036,2,12.1,2,-99.0,2,0.044000000000000004,2,0.0,2
1043.7,2,3.4436,2,34.4044,2,12.2,2,-99.0,2,0.048,2,0.0,2
1045.1,2,3.4404,2,34.4049,2,12.0,2,-99.0,2,0.049,2,0.0,2
1046.0,2,3.4339,2,34.406,2,12.3,2,-99.0,2,0.049,2,0.0,2
1047.0,2,3.4277,2,34.407,2,12.3,2,-99.0,2,0.049,2,0.0,2
1048.0,2,3.4261,2,34.4072,2,12.3,2,-99.0,2,0.049,2,0.0,2
1049.0,2,3.4238,2,34.4075,2,12.3,2,-99.0,2,0.049,2,0.0,2
1050.0,2,3.4199,2,34.4083,2,12.3,2,-99.0,2,0.049,2,0.0,2
1051.0,2,3.4178,2,34.409,2,12.5,2,-99.0,2,0.049,2,0.0,2
1052.0,2,3.4163,2,34.4097,2,12.6,2,-99.0,2,0.049,2,0.0,2
1053.0,2,3.4146,2,34.4105,2,12.4,2,-99.0,2,0.049,2,0.0,2
1054.0,2,3.4134,2,34.4106,2,12.6,2,-99.0,2,0.048,2,0.0,2
1055.0,2,3.4129,2,34.4107,2,12.6,2,-99.0,2,0.049,2,0.0,2
1056.0,2,3.4117,2,34.4109,2,12.6,2,-99.0,2,0.049,2,0.0,2
1057.0,2,3.4092,2,34.4117,2,12.5,2,-99.0,2,0.044000000000000004,2,0.0,2
1058.0,2,3.406,2,34.4124,2,12.6,2,-99.0,2,0.049,2,0.0,2
1059.0,2,3.4022,2,34.4132,2,12.8,2,-99.0,2,0.049,2,0.0,2
1060.0,2,3.3978,2,34.4143,2,12.8,2,-99.0,2,0.049,2,0.0,2
1061.0,2,3.3957,2,34.4147,2,12.9,2,-99.0,2,0.049,2,0.0,2
1062.0,2,3.3946,2,34.4152,2,12.9,2,-99.0,2,0.048,2,0.0,2
1063.0,2,3.3939,2,34.4152,2,12.9,2,-99.0,2,0.049,2,0.0,2
1064.0,2,3.3931,2,34.4152,2,13.0,2,-99.0,2,0.049,2,0.0,2
1065.0,2,3.3918,2,34.4154,2,13.0,2,-99.0,2,0.049,2,0.0,2
1066.0,2,3.391,2,34.4157,2,13.0,2,-99.0,2,0.049,2,0.0,2
1067.0,2,3.3893,2,34.4159,2,13.1,2,-99.0,2,0.048,2,0.0,2
1068.0,2,3.3874,2,34.4162,2,13.0,2,-99.0,2,0.049,2,0.0,2
1069.0,2,3.3741,2,34.4187,2,13.1,2,-99.0,2,0.049,2,0.0,2
1070.0,2,3.3672,2,34.4192,2,13.2,2,-99.0,2,0.049,2,0.0,2
1071.0,2,3.3631,2,34.4202,2,13.2,2,-99.0,2,0.049,2,0.0,2
1072.0,2,3.3618,2,34.4204,2,13.3,2,-99.0,2,0.048,2,0.0,2
1073.0,2,3.3594,2,34.4208,2,13.6,2,-99.0,2,0.048,2,0.0,2
1074.0,2,3.3569,2,34.4212,2,13.4,2,-99.0,2,0.049,2,0.0,2
1075.0,2,3.3548,2,34.4214,2,13.4,2,-99.0,2,0.049,2,0.0,2
1076.0,2,3.3523,2,34.4217,2,13.6,2,-99.0,2,0.047,2,0.0,2
1077.0,2,3.3468,2,34.4223,2,13.6,2,-99.0,2,0.049,2,0.0,2
1078.0,2,3.3442,2,34.4227,2,13.6,2,-99.0,2,0.049,2,0.0,2
1079.0,2,3.3403,2,34.4229,2,13.6,2,-99.0,2,0.049,2,0.0,2
1080.0,2,3.3391,2,34.4229,2,13.6,2,-99.0,2,0.049,2,0.0,2
1081.0,2,3.3376,2,34.4232,2,13.6,2,-99.0,2,0.048,2,0.0,2
1082.0,2,3.3331,2,34.4236,2,13.7,2,-99.0,2,0.048,2,0.0,2
1083.0,2,3.3299,2,34.4238,2,13.6,2,-99.0,2,0.048,2,0.0,2
1084.0,2,3.3277,2,34.4239,2,13.6,2,-99.0,2,0.049,2,0.0,2
1085.0,2,3.3272,2,34.4241,2,13.7,2,-99.0,2,0.048,2,0.0,2
1086.0,2,3.3272,2,34.4241,2,13.7,2,-99.0,2,0.049,2,0.0,2
1087.0,2,3.3273,2,34.4241,2,13.7,2,-99.0,2,0.049,2,0.0,2
1088.0,2,3.3258,2,34.4244,2,13.7,2,-99.0,2,0.043,2,0.0,2
1088.9,2,3.3234,2,34.4241,2,13.7,2,-99.0,2,0.048,2,0.0,2
1090.0,2,3.3228,2,34.4238,2,13.7,2,-99.0,2,0.049,2,0.0,2
1091.0,2,3.3215,2,34.4239,2,13.7,2,-99.0,2,0.047,2,0.0,2
1092.0,2,3.3198,2,34.4237,2,13.9,2,-99.0,2,0.045,2,0.0,2
1093.0,2,3.3145,2,34.4238,2,13.6,2,-99.0,2,0.049,2,0.0,2
1094.0,2,3.3054,2,34.4242,2,13.5,2,-99.0,2,0.047,2,0.0,2
1095.0,2,3.2969999999999997,2,34.4247,2,13.6,2,-99.0,2,0.046,2,0.0,2
1096.0,2,3.2946,2,34.4249,2,13.6,2,-99.0,2,0.045,2,0.0,2
1096.6,2,3.2938,2,34.4262,2,13.5,2,-99.0,2,0.049,2,0.0,2
1098.3,2,3.2904,2,34.4254,2,13.6,2,-99.0,2,0.049,2,0.0,2
1099.0,2,3.2894,2,34.4252,2,13.7,2,-99.0,2,0.043,2,0.0,2
1100.0,2,3.2858,2,34.4246,2,13.7,2,-99.0,2,0.047,2,0.0,2
1101.0,2,3.2822,2,34.425,2,13.5,2,-99.0,2,0.047,2,0.0,2
1102.0,2,3.281,2,34.4253,2,13.5,2,-99.0,2,0.045,2,0.0,2
1103.0,2,3.2813,2,34.4261,2,13.7,2,-99.0,2,0.049,2,0.0,2
1104.0,2,3.2816,2,34.4265,2,13.6,2,-99.0,2,0.040999999999999995,2,0.0,2
1105.0,2,3.2816,2,34.4268,2,13.6,2,-99.0,2,0.049,2,0.0,2
1106.0,2,3.2806,2,34.4275,2,13.8,2,-99.0,2,0.048,2,0.0,2
1107.0,2,3.2831,2,34.4285,2,13.6,2,-99.0,2,0.049,2,0.0,2
1108.0,2,3.2815,2,34.4282,2,13.8,2,-99.0,2,0.046,2,0.0,2
1109.0,2,3.2828,2,34.4286,2,13.7,2,-99.0,2,0.046,2,0.0,2
1110.0,2,3.2856,2,34.429,2,13.9,2,-99.0,2,0.047,2,0.0,2
1111.0,2,3.2857,2,34.4293,2,14.0,2,-99.0,2,0.049,2,0.0,2
1112.0,2,3.2844,2,34.429,2,14.0,2,-99.0,2,0.044000000000000004,2,0.0,2
1113.0,2,3.282,2,34.4291,2,14.0,2,-99.0,2,0.049,2,0.0,2
1114.0,2,3.2809,2,34.4291,2,13.9,2,-99.0,2,0.049,2,0.0,2
1115.0,2,3.2809,2,34.4294,2,14.1,2,-99.0,2,0.049,2,0.0,2
1116.0,2,3.2798,2,34.4295,2,14.2,2,-99.0,2,0.049,2,0.0,2
1117.0,2,3.2785,2,34.4296,2,14.0,2,-99.0,2,0.049,2,0.0,2
1118.0,2,3.2771,2,34.4299,2,14.0,2,-99.0,2,0.049,2,0.0,2
1118.9,2,3.2775,2,34.43,2,14.2,2,-99.0,2,0.049,2,0.0,2
1120.0,2,3.2760000000000002,2,34.4303,2,14.1,2,-99.0,2,0.049,2,0.0,2
1121.0,2,3.2726,2,34.4307,2,14.1,2,-99.0,2,0.049,2,0.0,2
1122.0,2,3.2711,2,34.431,2,14.2,2,-99.0,2,0.049,2,0.0,2
1123.0,2,3.2707,2,34.4311,2,14.1,2,-99.0,2,0.049,2,0.0,2
1124.0,2,3.2706,2,34.4311,2,14.3,2,-99.0,2,0.049,2,0.0,2
1125.0,2,3.2699,2,34.431,2,14.3,2,-99.0,2,0.049,2,0.0,2
1126.0,2,3.2688,2,34.4313,2,14.3,2,-99.0,2,0.047,2,0.0,2
1127.0,2,3.2684,2,34.4313,2,14.3,2,-99.0,2,0.045,2,0.0,2
1128.0,2,3.2685,2,34.4314,2,14.3,2,-99.0,2,0.048,2,0.0,2
1129.0,2,3.2552,2,34.4327,2,14.3,2,-99.0,2,0.045,2,0.0,2
1130.0,2,3.2538,2,34.4337,2,14.4,2,-99.0,2,0.049,2,0.0,2
1131.0,2,3.2552,2,34.4332,2,14.4,2,-99.0,2,0.049,2,0.0,2
1132.0,2,3.2522,2,34.4333,2,14.3,2,-99.0,2,0.049,2,0.0,2
1133.0,2,3.2511,2,34.4335,2,14.4,2,-99.0,2,0.045,2,0.0,2
1134.0,2,3.2511,2,34.4334,2,14.5,2,-99.0,2,0.049,2,0.0,2
1135.0,2,3.2507,2,34.4335,2,14.4,2,-99.0,2,0.049,2,0.0,2
1136.0,2,3.2495,2,34.4337,2,14.5,2,-99.0,2,0.048,2,0.0,2
1137.0,2,3.2468,2,34.434,2,14.6,2,-99.0,2,0.044000000000000004,2,0.0,2
1138.0,2,3.2425,2,34.4348,2,14.5,2,-99.0,2,0.046,2,0.0,2
1139.0,2,3.2389,2,34.4349,2,14.6,2,-99.0,2,0.049,2,0.0,2
1140.0,2,3.2230000000000003,2,34.4327,2,14.4,2,-99.0,2,0.049,2,0.0,2
1141.0,2,3.2049,2,34.4324,2,14.3,2,-99.0,2,0.049,2,0.0,2
1142.0,2,3.2016,2,34.4332,2,14.3,2,-99.0,2,0.049,2,0.0,2
1143.0,2,3.2015,2,34.4332,2,14.3,2,-99.0,2,0.049,2,0.0,2
1144.0,2,3.2023,2,34.4336,2,14.3,2,-99.0,2,0.049,2,0.0,2
1145.0,2,3.2041,2,34.4341,2,14.3,2,-99.0,2,0.049,2,0.0,2
1146.0,2,3.2039,2,34.4341,2,14.3,2,-99.0,2,0.049,2,0.0,2
1147.0,2,3.2068,2,34.4346,2,14.4,2,-99.0,2,0.048,2,0.0,2
1148.0,2,3.207,2,34.4349,2,14.4,2,-99.0,2,0.046,2,0.0,2
1149.0,2,3.2058,2,34.4349,2,14.4,2,-99.0,2,0.049,2,0.0,2
1150.0,2,3.2030000000000003,2,34.4346,2,14.6,2,-99.0,2,0.049,2,0.0,2
1151.0,2,3.2012,2,34.4345,2,14.5,2,-99.0,2,0.049,2,0.0,2
1152.0,2,3.1977,2,34.4341,2,14.3,2,-99.0,2,0.049,2,0.0,2
1153.0,2,3.1966,2,34.4342,2,14.3,2,-99.0,2,0.043,2,0.0,2
1154.0,2,3.1961,2,34.4342,2,14.4,2,-99.0,2,0.043,2,0.0,2
1155.1,2,3.196,2,34.4342,2,14.3,2,-99.0,2,0.044000000000000004,2,0.0,2
1156.0,2,3.1952,2,34.4343,2,14.2,2,-99.0,2,0.049,2,0.0,2
1157.0,2,3.1948,2,34.4341,2,14.2,2,-99.0,2,0.049,2,0.0,2
1158.0,2,3.1939,2,34.4342,2,14.3,2,-99.0,2,0.048,2,0.0,2
1159.0,2,3.1928,2,34.4346,2,14.3,2,-99.0,2,0.049,2,0.0,2
1160.0,2,3.193,2,34.4346,2,14.1,2,-99.0,2,0.049,2,0.0,2
1161.0,2,3.1923,2,34.4348,2,14.3,2,-99.0,2,0.048,2,0.0,2
1162.0,2,3.1910000000000003,2,34.4349,2,14.3,2,-99.0,2,0.049,2,0.0,2
1163.0,2,3.1889,2,34.435,2,14.2,2,-99.0,2,0.049,2,0.0,2
1164.0,2,3.1877,2,34.4355,2,14.2,2,-99.0,2,0.049,2,0.0,2
1165.0,2,3.1854,2,34.4357,2,14.4,2,-99.0,2,0.049,2,0.0,2
1166.0,2,3.1835,2,34.436,2,14.3,2,-99.0,2,0.049,2,0.0,2
1167.0,2,3.1809,2,34.4364,2,14.5,2,-99.0,2,0.045,2,0.0,2
1168.0,2,3.1752,2,34.4361,2,14.3,2,-99.0,2,0.049,2,0.0,2
1169.0,2,3.1692,2,34.4356,2,14.3,2,-99.0,2,0.049,2,0.0,2
1170.0,2,3.1654,2,34.436,2,14.3,2,-99.0,2,0.049,2,0.0,2
1171.0,2,3.1639,2,34.4363,2,14.3,2,-99.0,2,0.049,2,0.0,2
1172.0,2,3.1613,2,34.4367,2,14.3,2,-99.0,2,0.049,2,0.0,2
1173.0,2,3.1592,2,34.4369,2,14.3,2,-99.0,2,0.048,2,0.0,2
1174.0,2,3.1572,2,34.4375,2,14.3,2,-99.0,2,0.047,2,0.0,2
1175.0,2,3.1554,2,34.4382,2,14.6,2,-99.0,2,0.049,2,0.0,2
1176.0,2,3.1543,2,34.4384,2,14.4,2,-99.0,2,0.049,2,0.0,2
1177.0,2,3.1509,2,34.4387,2,14.5,2,-99.0,2,0.047,2,0.0,2
1178.0,2,3.1483,2,34.4393,2,14.5,2,-99.0,2,0.046,2,0.0,2
1179.0,2,3.1482,2,34.4397,2,14.7,2,-99.0,2,0.046,2,0.0,2
1180.0,2,3.1446,2,34.4412,2,14.8,2,-99.0,2,0.046,2,0.0,2
1181.0,2,3.1412,2,34.4422,2,14.9,2,-99.0,2,0.044000000000000004,2,0.0,2
1182.0,2,3.1399,2,34.4441,2,14.9,2,-99.0,2,0.046,2,0.0,2
1183.0,2,3.1413,2,34.4447,2,15.1,2,-99.0,2,0.049,2,0.0,2
1184.0,2,3.1414,2,34.445,2,15.2,2,-99.0,2,0.046,2,0.0,2
1185.0,2,3.1416,2,34.4449,2,15.2,2,-99.0,2,0.043,2,0.0,2
1186.0,2,3.1414,2,34.4453,2,15.3,2,-99.0,2,0.049,2,0.0,2
1187.0,2,3.1399,2,34.4456,2,15.6,2,-99.0,2,0.049,2,0.0,2
1188.0,2,3.1369,2,34.4467,2,15.5,2,-99.0,2,0.049,2,0.0,2
1189.0,2,3.1351,2,34.4471,2,15.6,2,-99.0,2,0.049,2,0.0,2
1190.0,2,3.1324,2,34.4473,2,15.7,2,-99.0,2,0.043,2,0.0,2
1191.0,2,3.1261,2,34.4473,2,15.7,2,-99.0,2,0.049,2,0.0,2
1192.0,2,3.1178,2,34.4483,2,15.7,2,-99.0,2,0.049,2,0.0,2
1193.0,2,3.1171,2,34.4484,2,15.6,2,-99.0,2,0.049,2,0.0,2
1194.0,2,3.1172,2,34.4484,2,15.7,2,-99.0,2,0.049,2,0.0,2
1195.0,2,3.1115,2,34.4481,2,15.8,2,-99.0,2,0.049,2,0.0,2
1196.0,2,3.1051,2,34.4486,2,15.8,2,-99.0,2,0.049,2,0.0,2
1197.0,2,3.1046,2,34.449,2,16.0,2,-99.0,2,0.044000000000000004,2,0.0,2
1198.0,2,3.1052,2,34.4489,2,15.9,2,-99.0,2,0.046,2,0.0,2
1199.0,2,3.105,2,34.4489,2,15.9,2,-99.0,2,0.049,2,0.0,2
1200.0,2,3.1023,2,34.4488,2,15.8,2,-99.0,2,0.049,2,0.0,2
1201.0,2,3.1019,2,34.449,2,15.9,2,-99.0,2,0.049,2,0.0,2
1202.0,2,3.0906,2,34.4493,2,15.9,2,-99.0,2,0.046,2,0.0,2
1203.0,2,3.085,2,34.4501,2,15.8,2,-99.0,2,0.047,2,0.0,2
1204.0,2,3.0845,2,34.45,2,15.9,2,-99.0,2,0.049,2,0.0,2
1205.0,2,3.0816,2,34.4505,2,16.0,2,-99.0,2,0.047,2,0.0,2
1206.0,2,3.0804,2,34.4509,2,15.9,2,-99.0,2,0.045,2,0.0,2
1207.0,2,3.0796,2,34.4511,2,16.0,2,-99.0,2,0.046,2,0.0,2
1208.0,2,3.0791,2,34.451,2,16.1,2,-99.0,2,0.049,2,0.0,2
1209.0,2,3.0789,2,34.451,2,16.0,2,-99.0,2,0.049,2,0.0,2
1210.0,2,3.0786,2,34.4513,2,16.1,2,-99.0,2,0.045,2,0.0,2
1211.0,2,3.0777,2,34.4514,2,16.0,2,-99.0,2,0.045,2,0.0,2
1212.0,2,3.077,2,34.4518,2,16.1,2,-99.0,2,0.04,2,0.0,2
1213.0,2,3.0738,2,34.4527,2,16.4,2,-99.0,2,0.047,2,0.0,2
1214.0,2,3.0719,2,34.4532,2,16.1,2,-99.0,2,0.047,2,0.0,2
1215.0,2,3.071,2,34.4532,2,16.3,2,-99.0,2,0.042,2,0.0,2
1216.0,2,3.0688,2,34.4533,2,16.3,2,-99.0,2,0.046,2,0.0,2
1217.0,2,3.0614,2,34.4547,2,16.5,2,-99.0,2,0.049,2,0.0,2
1218.0,2,3.0585,2,34.4552,2,16.5,2,-99.0,2,0.047,2,0.0,2
1219.0,2,3.0555,2,34.4558,2,16.5,2,-99.0,2,0.049,2,0.0,2
1220.0,2,3.0524,2,34.4566,2,16.7,2,-99.0,2,0.049,2,0.0,2
1221.0,2,3.0505,2,34.4564,2,16.6,2,-99.0,2,0.044000000000000004,2,0.0,2
1222.0,2,3.0501,2,34.4564,2,16.9,2,-99.0,2,0.047,2,0.0,2
1223.0,2,3.0492,2,34.4566,2,16.8,2,-99.0,2,0.049,2,0.0,2
1224.0,2,3.048,2,34.457,2,16.8,2,-99.0,2,0.049,2,0.0,2
1225.0,2,3.0462,2,34.4575,2,16.9,2,-99.0,2,0.047,2,0.0,2
1226.0,2,3.0410000000000004,2,34.4582,2,16.9,2,-99.0,2,0.046,2,0.0,2
1227.0,2,3.04,2,34.4581,2,16.8,2,-99.0,2,0.049,2,0.0,2
1228.0,2,3.0393,2,34.4585,2,17.2,2,-99.0,2,0.048,2,0.0,2
1229.0,2,3.0392,2,34.4597,2,17.1,2,-99.0,2,0.047,2,0.0,2
1230.0,2,3.0380000000000003,2,34.46,2,17.2,2,-99.0,2,0.045,2,0.0,2
1231.0,2,3.0343,2,34.4604,2,17.4,2,-99.0,2,0.049,2,0.0,2
1232.0,2,3.0291,2,34.4609,2,17.4,2,-99.0,2,0.044000000000000004,2,0.0,2
1233.0,2,3.0273,2,34.4607,2,17.4,2,-99.0,2,0.047,2,0.0,2
1234.0,2,3.0249,2,34.4606,2,17.5,2,-99.0,2,0.044000000000000004,2,0.0,2
1235.0,2,3.0236,2,34.4606,2,17.3,2,-99.0,2,0.047,2,0.0,2
1236.0,2,3.0213,2,34.4607,2,17.4,2,-99.0,2,0.048,2,0.0,2
1237.0,2,3.0198,2,34.4608,2,17.4,2,-99.0,2,0.049,2,0.0,2
1238.0,2,3.0162,2,34.4611,2,17.6,2,-99.0,2,0.047,2,0.0,2
1239.0,2,3.0138,2,34.4617,2,17.5,2,-99.0,2,0.049,2,0.0,2
1240.0,2,3.0117,2,34.4614,2,17.6,2,-99.0,2,0.047,2,0.0,2
1241.0,2,3.0105,2,34.4615,2,17.6,2,-99.0,2,0.044000000000000004,2,0.0,2
1242.0,2,3.0093,2,34.4616,2,17.6,2,-99.0,2,0.039,2,0.0,2
1243.0,2,3.0069999999999997,2,34.4617,2,17.8,2,-99.0,2,0.046,2,0.0,2
1244.0,2,3.0052,2,34.461999999999996,2,17.6,2,-99.0,2,0.043,2,0.0,2
1245.0,2,3.0039,2,34.4622,2,17.6,2,-99.0,2,0.049,2,0.0,2
1246.0,2,3.0035,2,34.4624,2,17.8,2,-99.0,2,0.049,2,0.0,2
1247.0,2,2.9987,2,34.4628,2,17.8,2,-99.0,2,0.049,2,0.0,2
1248.0,2,2.9945,2,34.4637,2,17.9,2,-99.0,2,0.049,2,0.0,2
1249.0,2,2.9917,2,34.4644,2,18.1,2,-99.0,2,0.049,2,0.0,2
1250.0,2,2.9876,2,34.4651,2,18.1,2,-99.0,2,0.048,2,0.0,2
1251.0,2,2.9849,2,34.4657,2,18.2,2,-99.0,2,0.045,2,0.0,2
1252.0,2,2.9826,2,34.4658,2,18.6,2,-99.0,2,0.042,2,0.0,2
1253.0,2,2.9803,2,34.4658,2,18.6,2,-99.0,2,0.049,2,0.0,2
1254.0,2,2.9768,2,34.466,2,18.4,2,-99.0,2,0.048,2,0.0,2
1255.0,2,2.9742,2,34.4661,2,18.7,2,-99.0,2,0.046,2,0.0,2
1256.0,2,2.9722,2,34.4665,2,18.6,2,-99.0,2,0.045,2,0.0,2
1257.0,2,2.9696,2,34.4669,2,18.6,2,-99.0,2,0.047,2,0.0,2
1258.0,2,2.9687,2,34.4668,2,18.6,2,-99.0,2,0.042,2,0.0,2
1259.0,2,2.9683,2,34.4668,2,18.6,2,-99.0,2,0.049,2,0.0,2
1260.0,2,2.9682,2,34.4669,2,18.6,2,-99.0,2,0.048,2,0.0,2
1261.0,2,2.9684,2,34.4669,2,18.6,2,-99.0,2,0.049,2,0.0,2
1262.0,2,2.9669,2,34.4669,2,18.6,2,-99.0,2,0.049,2,0.0,2
1263.0,2,2.9639,2,34.4672,2,18.6,2,-99.0,2,0.049,2,0.0,2
1264.0,2,2.958,2,34.4678,2,18.8,2,-99.0,2,0.047,2,0.0,2
1264.5,2,2.9559,2,34.4686,2,18.7,2,-99.0,2,0.049,2,0.0,2
1266.0,2,2.9461,2,34.469,2,18.8,2,-99.0,2,0.044000000000000004,2,0.0,2
1267.0,2,2.9437,2,34.4694,2,19.0,2,-99.0,2,0.049,2,0.0,2
1268.0,2,2.9429,2,34.4693,2,18.9,2,-99.0,2,0.049,2,0.0,2
1269.0,2,2.9418,2,34.4695,2,18.9,2,-99.0,2,0.049,2,0.0,2
1270.0,2,2.9413,2,34.4696,2,19.0,2,-99.0,2,0.049,2,0.0,2
1271.0,2,2.9399,2,34.4696,2,18.9,2,-99.0,2,0.049,2,0.0,2
1272.0,2,2.9391,2,34.4698,2,19.0,2,-99.0,2,0.049,2,0.0,2
1273.0,2,2.9384,2,34.4699,2,19.1,2,-99.0,2,0.049,2,0.0,2
1274.0,2,2.9383,2,34.4699,2,19.0,2,-99.0,2,0.049,2,0.0,2
1275.0,2,2.9384,2,34.4698,2,19.1,2,-99.0,2,0.047,2,0.0,2
1276.0,2,2.9376,2,34.47,2,19.1,2,-99.0,2,0.045,2,0.0,2
1277.0,2,2.9369,2,34.4701,2,18.9,2,-99.0,2,0.044000000000000004,2,0.0,2
1278.0,2,2.9371,2,34.47,2,19.1,2,-99.0,2,0.048,2,0.0,2
1279.0,2,2.9368,2,34.4701,2,19.2,2,-99.0,2,0.049,2,0.0,2
1280.0,2,2.9364,2,34.4702,2,19.0,2,-99.0,2,0.048,2,0.0,2
1281.0,2,2.9357,2,34.4703,2,19.0,2,-99.0,2,0.048,2,0.0,2
1282.0,2,2.935,2,34.4704,2,19.1,2,-99.0,2,0.049,2,0.0,2
1283.0,2,2.9345,2,34.4705,2,19.2,2,-99.0,2,0.049,2,0.0,2
1284.0,2,2.9336,2,34.4705,2,19.0,2,-99.0,2,0.049,2,0.0,2
1285.0,2,2.9326,2,34.4706,2,19.1,2,-99.0,2,0.049,2,0.0,2
1286.0,2,2.9313,2,34.4707,2,19.3,2,-99.0,2,0.049,2,0.0,2
1287.0,2,2.9286,2,34.4708,2,19.1,2,-99.0,2,0.049,2,0.0,2
1288.0,2,2.9241,2,34.4716,2,19.1,2,-99.0,2,0.049,2,0.0,2
1289.2,2,2.9210000000000003,2,34.4716,2,19.2,2,-99.0,2,0.049,2,0.0,2
1290.0,2,2.9184,2,34.4719,2,19.2,2,-99.0,2,0.049,2,0.0,2
1291.0,2,2.9148,2,34.4722,2,19.2,2,-99.0,2,0.049,2,0.0,2
1292.0,2,2.9106,2,34.4726,2,19.4,2,-99.0,2,0.049,2,0.0,2
1292.9,2,2.9085,2,34.4735,2,19.3,2,-99.0,2,0.049,2,0.0,2
1294.1,2,2.9062,2,34.4735,2,19.3,2,-99.0,2,0.049,2,0.0,2
1295.0,2,2.9055,2,34.4736,2,19.4,2,-99.0,2,0.046,2,0.0,2
1296.0,2,2.9045,2,34.4737,2,19.4,2,-99.0,2,0.049,2,0.0,2
1297.0,2,2.9006,2,34.4741,2,19.6,2,-99.0,2,0.049,2,0.0,2
1298.0,2,2.8989,2,34.4746,2,19.6,2,-99.0,2,0.049,2,0.0,2
1299.0,2,2.8986,2,34.4748,2,19.6,2,-99.0,2,0.049,2,0.0,2
1300.0,2,2.8981,2,34.4748,2,19.7,2,-99.0,2,0.049,2,0.0,2
1301.0,2,2.8981,2,34.4749,2,19.8,2,-99.0,2,0.049,2,0.0,2
1302.0,2,2.8976,2,34.4748,2,19.8,2,-99.0,2,0.049,2,0.0,2
1303.0,2,2.8962,2,34.4749,2,19.8,2,-99.0,2,0.049,2,0.0,2
1304.0,2,2.8918,2,34.4756,2,19.7,2,-99.0,2,0.049,2,0.0,2
1305.1,2,2.8881,2,34.4762,2,20.0,2,-99.0,2,0.049,2,0.0,2
1305.6,2,2.8855,2,34.4766,2,20.2,2,-99.0,2,0.048,2,0.0,2
END_DATA
