CTD,20190304CCHSIOLMM
#---------------------------------------------------------------------------------------------------,,,,,,,,,,,,,,,,,
#Fluorescence and PAR data are nominal and unedited except that some records were removed in editing temperature and salinity.,,,,,,,,,,,,,,,,,
#---------------------------------------------------------------------------------------------------,,,,,,,,,,,,,,,,,
#The Transmissivity data are nominal. ,,,,,,,,,,,,,,,,,
#Values were clearly bad below about 250 dbar so data below that level were replaced with pad values. ,,,,,,,,,,,,,,,,,
#Similar results were found when this sensor was used during other recent cruises.,,,,,,,,,,,,,,,,,
#---------------------------------------------------------------------------------------------------,,,,,,,,,,,,,,,,,
#NOTE: While the Fluorescence:CTD data are expressed in concentration units they do not always compare well to extracted chlorophyll samples particularly for casts far from shore.,,,,,,,,,,,,,,,,,
#It is recommended that users check extracted chlorophyll values where available.,,,,,,,,,,,,,,,,,
#---------------------------------------------------------------------------------------------------,,,,,,,,,,,,,,,,,
#Oxygen:Dissolved:CTD was calibrated using the method described in the Sea-Bird Application Note #64-2 of June 2012 (Sea-Bird_64-2_Jun2012.pdf) except that a small offset in the fit was allowed.,,,,,,,,,,,,,,,,,
#,,,,,,,,,,,,,,,,,
#The Oxygen:Dissolved:CTD sensor has a fairly long response time so data accuracy is not as high when it is in motion as it is during stops for bottles.,,,,,,,,,,,,,,,,,
#This will be especially true when vertical dissolved oxygen gradients are large. ,,,,,,,,,,,,,,,,,
#To get an estimate of the accuracy of the Oxygen:Dissolved:CTD data during downcasts (after recalibration) a rough comparison was made between downcast Oxygen:Dissolved:CTD data and upcast titrated samples. ,,,,,,,,,,,,,,,,,
#Some of the difference will be due to problems with flushing of Niskin bottles and/or analysis errors so the following statement likely underestimates Oxygen:Dissolved:CTD accuracy.,,,,,,,,,,,,,,,,,
#,,,,,,,,,,,,,,,,,
#Downcast (CTD files) Oxygen:Dissolved:CTD data are considered very roughly to be:,,,,,,,,,,,,,,,,,
#      • ±0.3 ml/l from 0 to 100 dbar,,,,,,,,,,,,,,,,,
#      • ±0.2 ml/l from 100 to 250 dbar,,,,,,,,,,,,,,,,,
#      • ±0.1 ml/l from 250 to 500 dbar,,,,,,,,,,,,,,,,,
#      • ±0.04 ml/l from 500 to 2500 dbar,,,,,,,,,,,,,,,,,
#      • ±0.02 ml/l below 2500 dbar,,,,,,,,,,,,,,,,,
#---------------------------------------------------------------------------------------------------,,,,,,,,,,,,,,,,,
#For details on the processing see the report 2017-06-proc.pdf,,,,,,,,,,,,,,,,,
#---------------------------------------------------------------------------------------------------,,,,,,,,,,,,,,,,,
#,,,,,,,,,,,,,,,,,
#File Name,Zone,FIL:START TIME YYYY/MM/DD, HH:MM,LOC:EVENT_NUMBER,LOC:LATITUDE,LOC:LONGITUDE,LOC:STATION,INS:LOCATION,Pressure:CTD [dbar],Temperature:CTD [deg_C_(ITS90)],Salinity:CTD [PSS-78],Sigma-t:CTD [kg/m^3],Transmissivity:CTD [*/m],Oxygen:Dissolved:CTD:Volume [ml/l],Oxygen:Dissolved:CTD:Mass [µmol/kg],Fluorescence:CTD:Seapoint [mg/m^3],PAR:CTD [µE/m^2/sec]
#,,,,,,,,,,,,,,,,,
NUMBER_HEADERS = 8
EXPOCODE = 18DD20170604
STNBR = PA-011
CASTNO = 2
DATE = 20170615
TIME =  02:03
LATITUDE = 50.135670000000005
LONGITUDE = -144.83333000000002
CTDPRS,CTDPRS_FLAG_W,CTDTMP,CTDTMP_FLAG_W,CTDSAL,CTDSAL_FLAG_W,CTDOXY,CTDOXY_FLAG_W,CTDXMISS,CTDXMISS_FLAG_W,CTDFLUOR,CTDFLUOR_FLAG_W,PAR,PAR_FLAG_W
DBAR,,ITS-90,,PSS-78,,UMOL/KG,,,,MG/M^3,,UE/m^2/sec,
1.2,2,9.4303,2,32.4475,2,291.6,2,57.7,2,0.335,2,946.7,2
1.8,2,9.4258,2,32.4473,2,291.7,2,57.5,2,0.336,2,382.7,2
3.0,2,9.3575,2,32.4473,2,291.9,2,58.1,2,0.32799999999999996,2,292.5,2
3.6,2,9.3461,2,32.4468,2,291.3,2,58.6,2,0.342,2,261.0,2
5.2,2,9.2074,2,32.4452,2,293.3,2,58.6,2,0.355,2,223.1,2
5.8,2,9.107999999999999,2,32.4462,2,293.3,2,58.7,2,0.37,2,210.5,2
9.4,2,9.0679,2,32.4439,2,293.1,2,58.6,2,0.40299999999999997,2,155.8,2
10.0,2,9.0446,2,32.4442,2,293.3,2,58.5,2,0.428,2,138.2,2
10.8,2,9.036,2,32.4433,2,293.2,2,58.4,2,0.44299999999999995,2,132.0,2
12.0,2,9.0236,2,32.4438,2,293.4,2,58.1,2,0.47200000000000003,2,118.0,2
13.0,2,9.0111,2,32.4443,2,293.4,2,58.3,2,0.511,2,108.6,2
14.0,2,9.0037,2,32.4447,2,293.6,2,58.2,2,0.516,2,103.7,2
15.0,2,8.9994,2,32.4448,2,293.6,2,58.2,2,0.5379999999999999,2,97.6,2
16.0,2,8.9957,2,32.4448,2,293.5,2,58.2,2,0.555,2,89.6,2
17.0,2,8.9934,2,32.4445,2,293.6,2,58.2,2,0.569,2,82.8,2
18.0,2,8.9901,2,32.4447,2,293.7,2,58.2,2,0.5920000000000001,2,76.7,2
19.0,2,8.9872,2,32.4449,2,293.6,2,58.2,2,0.602,2,71.7,2
20.0,2,8.9843,2,32.4454,2,293.5,2,58.2,2,0.617,2,67.6,2
21.0,2,8.9828,2,32.4457,2,293.5,2,58.2,2,0.637,2,64.5,2
22.0,2,8.9789,2,32.4456,2,293.4,2,58.2,2,0.645,2,61.0,2
23.0,2,8.9758,2,32.4457,2,293.4,2,58.2,2,0.659,2,56.9,2
24.0,2,8.9737,2,32.4461,2,293.6,2,58.2,2,0.665,2,53.5,2
25.0,2,8.9716,2,32.4465,2,293.4,2,58.0,2,0.685,2,50.5,2
26.0,2,8.9677,2,32.4468,2,293.2,2,58.1,2,0.696,2,47.3,2
27.0,2,8.9604,2,32.4473,2,293.4,2,58.2,2,0.7170000000000001,2,44.3,2
28.0,2,8.9398,2,32.4481,2,293.7,2,58.2,2,0.7509999999999999,2,41.4,2
29.0,2,8.9156,2,32.4488,2,293.6,2,58.1,2,0.787,2,38.9,2
30.0,2,8.8943,2,32.4487,2,292.4,2,55.9,2,0.8220000000000001,2,36.8,2
31.0,2,8.8318,2,32.4487,2,291.8,2,57.2,2,0.866,2,34.6,2
32.0,2,8.5948,2,32.4479,2,294.3,2,57.8,2,0.945,2,32.4,2
33.0,2,8.1751,2,32.4482,2,297.6,2,57.7,2,1.013,2,30.2,2
34.0,2,7.9586,2,32.4501,2,300.3,2,57.5,2,1.0659999999999998,2,28.3,2
35.0,2,7.3998,2,32.4526,2,306.8,2,57.5,2,1.147,2,26.6,2
36.0,2,6.9956,2,32.4706,2,311.1,2,57.3,2,1.196,2,25.1,2
37.0,2,6.8105,2,32.4771,2,312.8,2,57.2,2,1.227,2,23.5,2
38.0,2,6.6549,2,32.4843,2,313.6,2,57.3,2,1.258,2,21.9,2
39.0,2,6.6145,2,32.4863,2,313.5,2,57.3,2,1.2690000000000001,2,20.4,2
40.0,2,6.5363,2,32.4843,2,314.0,2,57.2,2,1.271,2,18.9,2
41.0,2,6.4544,2,32.4834,2,314.2,2,57.4,2,1.268,2,17.6,2
42.0,2,6.4413,2,32.4857,2,313.7,2,57.6,2,1.28,2,16.3,2
42.8,2,6.4028,2,32.494,2,313.2,2,57.6,2,1.26,2,15.3,2
44.1,2,6.2959,2,32.4943,2,312.6,2,58.0,2,1.2690000000000001,2,14.0,2
45.0,2,6.2095,2,32.4918,2,312.4,2,58.2,2,1.2429999999999999,2,13.2,2
46.0,2,6.1458,2,32.4946,2,312.1,2,58.5,2,1.219,2,12.4,2
47.0,2,6.1243,2,32.4959,2,311.9,2,58.8,2,1.218,2,11.5,2
48.0,2,6.0969,2,32.4964,2,311.8,2,58.9,2,1.206,2,10.7,2
49.0,2,6.0684,2,32.4972,2,311.7,2,59.0,2,1.212,2,9.9,2
50.0,2,6.0474,2,32.5002,2,311.6,2,59.1,2,1.2009999999999998,2,9.2,2
51.3,2,6.031000000000001,2,32.5028,2,311.3,2,59.3,2,1.198,2,8.4,2
52.0,2,6.0286,2,32.503,2,311.0,2,59.3,2,1.208,2,8.1,2
53.0,2,6.0282,2,32.504,2,310.6,2,59.3,2,1.208,2,7.6,2
54.0,2,6.0162,2,32.5058,2,310.5,2,59.4,2,1.182,2,7.1,2
55.0,2,5.9919,2,32.5092,2,310.4,2,59.4,2,1.179,2,6.6,2
56.0,2,5.9838,2,32.513000000000005,2,310.1,2,59.6,2,1.178,2,6.1,2
57.0,2,5.9753,2,32.5144,2,309.8,2,59.8,2,1.17,2,5.7,2
58.0,2,5.9204,2,32.5155,2,310.0,2,59.9,2,1.136,2,5.3,2
59.0,2,5.8801,2,32.5178,2,309.7,2,60.2,2,1.122,2,4.9,2
60.0,2,5.8322,2,32.5208,2,309.3,2,60.4,2,1.092,2,4.6,2
61.0,2,5.7706,2,32.5159,2,309.1,2,60.6,2,1.079,2,4.4,2
62.0,2,5.7285,2,32.5151,2,308.9,2,60.7,2,1.068,2,4.1,2
63.0,2,5.6631,2,32.514,2,309.2,2,60.8,2,1.051,2,3.8,2
64.0,2,5.5847,2,32.5174,2,309.4,2,60.9,2,1.042,2,3.6,2
65.0,2,5.5478,2,32.5204,2,309.4,2,61.0,2,1.0390000000000001,2,3.4,2
66.0,2,5.5157,2,32.5208,2,309.4,2,61.2,2,1.051,2,3.1,2
67.0,2,5.4606,2,32.5224,2,309.3,2,61.3,2,1.03,2,2.9,2
68.0,2,5.4396,2,32.525,2,308.9,2,61.4,2,1.03,2,2.7,2
69.0,2,5.3912,2,32.523,2,309.0,2,61.5,2,0.997,2,2.6,2
70.0,2,5.3449,2,32.5228,2,309.0,2,61.7,2,0.985,2,2.4,2
71.0,2,5.3586,2,32.5275,2,308.2,2,61.8,2,0.965,2,2.2,2
72.0,2,5.347,2,32.5265,2,307.9,2,61.9,2,0.925,2,2.1,2
73.0,2,5.2913,2,32.5225,2,308.2,2,62.0,2,0.91,2,2.0,2
74.0,2,5.2772,2,32.5227,2,308.2,2,62.1,2,0.892,2,1.8,2
75.0,2,5.2683,2,32.5233,2,308.1,2,62.3,2,0.883,2,1.7,2
76.0,2,5.2504,2,32.5229,2,308.2,2,62.4,2,0.8420000000000001,2,1.6,2
77.0,2,5.2338,2,32.5241,2,308.2,2,62.5,2,0.8390000000000001,2,1.5,2
78.0,2,5.2123,2,32.5253,2,307.9,2,62.5,2,0.7809999999999999,2,1.4,2
79.0,2,5.196000000000001,2,32.5268,2,307.7,2,62.7,2,0.7390000000000001,2,1.3,2
80.0,2,5.188,2,32.5294,2,307.4,2,62.9,2,0.6970000000000001,2,1.2,2
81.0,2,5.1761,2,32.5303,2,307.3,2,63.0,2,0.667,2,1.2,2
82.0,2,5.1807,2,32.5326,2,307.2,2,63.0,2,0.645,2,1.1,2
83.0,2,5.1886,2,32.54,2,306.9,2,63.1,2,0.623,2,1.0,2
84.0,2,5.1904,2,32.5427,2,306.5,2,63.2,2,0.5920000000000001,2,1.0,2
85.0,2,5.2175,2,32.5548,2,305.8,2,63.3,2,0.5589999999999999,2,0.9,2
85.9,2,5.2475,2,32.5636,2,305.4,2,63.4,2,0.5589999999999999,2,0.9,2
87.2,2,5.2699,2,32.5786,2,304.5,2,63.6,2,0.515,2,0.8,2
88.0,2,5.2817,2,32.5923,2,303.4,2,63.7,2,0.499,2,0.8,2
89.0,2,5.3157,2,32.6109,2,302.2,2,63.8,2,0.46299999999999997,2,0.7,2
90.0,2,5.3634,2,32.6238,2,301.4,2,63.9,2,0.45299999999999996,2,0.7,2
91.0,2,5.3702,2,32.626,2,300.8,2,63.9,2,0.452,2,0.7,2
92.0,2,5.3728,2,32.6311,2,300.2,2,63.9,2,0.433,2,0.6,2
93.0,2,5.3653,2,32.643,2,299.4,2,64.0,2,0.40399999999999997,2,0.6,2
94.0,2,5.3555,2,32.6529,2,298.4,2,64.1,2,0.391,2,0.6,2
95.0,2,5.3624,2,32.6585,2,297.6,2,64.2,2,0.386,2,0.5,2
96.0,2,5.3653,2,32.6638,2,296.9,2,64.3,2,0.371,2,0.5,2
97.0,2,5.3581,2,32.6842,2,295.6,2,64.3,2,0.344,2,0.5,2
98.0,2,5.3724,2,32.7056,2,293.8,2,64.4,2,0.32899999999999996,2,0.5,2
99.0,2,5.4135,2,32.7513,2,289.9,2,64.5,2,0.302,2,0.4,2
100.0,2,5.4596,2,32.8336,2,284.3,2,64.6,2,0.267,2,0.4,2
101.0,2,5.4986,2,32.8958,2,278.0,2,64.8,2,0.243,2,0.4,2
102.0,2,5.5376,2,32.9516,2,273.3,2,64.8,2,0.226,2,0.4,2
103.0,2,5.5626,2,32.9837,2,268.1,2,64.8,2,0.212,2,0.3,2
104.0,2,5.6688,2,33.1185,2,260.3,2,64.9,2,0.198,2,0.3,2
105.0,2,5.8068,2,33.2402,2,252.8,2,64.9,2,0.18899999999999997,2,0.3,2
106.0,2,5.8406,2,33.2695,2,247.4,2,64.9,2,0.171,2,0.3,2
107.0,2,5.8822,2,33.3148,2,243.1,2,64.9,2,0.162,2,0.3,2
108.0,2,5.9018,2,33.341,2,239.4,2,64.8,2,0.163,2,0.3,2
109.0,2,5.9195,2,33.3726,2,236.1,2,64.8,2,0.149,2,0.3,2
110.0,2,5.934,2,33.3937,2,232.7,2,64.8,2,0.147,2,0.2,2
111.0,2,5.9611,2,33.4336,2,228.6,2,64.8,2,0.138,2,0.2,2
112.0,2,5.9974,2,33.4942,2,224.6,2,64.8,2,0.134,2,0.2,2
113.0,2,6.02,2,33.5133,2,221.8,2,64.8,2,0.126,2,0.2,2
114.0,2,6.0744,2,33.5554,2,218.5,2,64.8,2,0.122,2,0.2,2
115.0,2,6.1644,2,33.6126,2,215.0,2,64.8,2,0.121,2,0.2,2
116.0,2,6.2101,2,33.6397,2,212.5,2,64.8,2,0.11,2,0.2,2
117.0,2,6.2532,2,33.6628,2,210.3,2,64.8,2,0.11900000000000001,2,0.2,2
118.0,2,6.2569,2,33.6666,2,208.8,2,64.8,2,0.111,2,0.2,2
119.0,2,6.2766,2,33.6848,2,207.3,2,64.8,2,0.11,2,0.2,2
120.0,2,6.2893,2,33.698,2,205.8,2,64.8,2,0.11,2,0.1,2
121.0,2,6.3203,2,33.7144,2,204.1,2,64.8,2,0.11,2,0.1,2
122.0,2,6.3594,2,33.738,2,202.0,2,64.8,2,0.102,2,0.1,2
123.0,2,6.402,2,33.7595,2,200.1,2,64.8,2,0.10400000000000001,2,0.1,2
124.0,2,6.4044,2,33.7678,2,199.1,2,64.8,2,0.105,2,0.1,2
125.0,2,6.3873,2,33.7757,2,198.4,2,64.7,2,0.107,2,0.1,2
126.0,2,6.3808,2,33.7771,2,197.7,2,64.8,2,0.098,2,0.1,2
127.0,2,6.3833,2,33.7826,2,197.0,2,64.8,2,0.098,2,0.1,2
128.0,2,6.4061,2,33.7941,2,196.0,2,64.7,2,0.098,2,0.1,2
129.0,2,6.4134,2,33.8004,2,194.9,2,64.7,2,0.098,2,0.1,2
129.7,2,6.4173,2,33.8056,2,194.0,2,64.7,2,0.098,2,0.1,2
131.0,2,6.4101,2,33.8131,2,192.2,2,64.7,2,0.087,2,0.1,2
132.0,2,6.4045,2,33.817,2,191.4,2,64.7,2,0.08800000000000001,2,0.1,2
133.0,2,6.3981,2,33.8196,2,190.9,2,64.7,2,0.094,2,0.1,2
134.0,2,6.3937,2,33.8212,2,190.6,2,64.7,2,0.085,2,0.1,2
135.0,2,6.39,2,33.8221,2,190.3,2,64.7,2,0.085,2,0.1,2
136.0,2,6.3821,2,33.8245,2,189.9,2,64.7,2,0.085,2,0.0,2
137.0,2,6.3606,2,33.8282,2,189.7,2,64.7,2,0.085,2,0.0,2
138.0,2,6.3462,2,33.8277,2,189.5,2,64.7,2,0.085,2,0.0,2
139.1,2,6.3312,2,33.8294,2,189.0,2,64.6,2,0.079,2,0.0,2
140.0,2,6.3182,2,33.8337,2,188.4,2,64.6,2,0.08,2,0.0,2
141.0,2,6.2982,2,33.8331,2,187.9,2,64.6,2,0.076,2,0.0,2
142.0,2,6.2651,2,33.8303,2,186.9,2,64.6,2,0.079,2,0.0,2
143.0,2,6.231,2,33.8295,2,185.6,2,64.6,2,0.08199999999999999,2,0.0,2
144.0,2,6.1705,2,33.8273,2,184.3,2,64.6,2,0.073,2,0.0,2
145.0,2,6.1592,2,33.8272,2,183.0,2,64.6,2,0.078,2,0.0,2
146.0,2,6.1518,2,33.8271,2,182.0,2,64.6,2,0.073,2,0.0,2
147.0,2,6.144,2,33.8274,2,181.5,2,64.6,2,0.073,2,0.0,2
148.0,2,6.1377,2,33.8268,2,180.9,2,64.6,2,0.073,2,0.0,2
148.8,2,6.1215,2,33.8312,2,180.6,2,64.6,2,0.073,2,0.0,2
149.9,2,6.1088,2,33.8318,2,180.3,2,64.6,2,0.073,2,0.0,2
150.9,2,6.0782,2,33.8313,2,179.5,2,64.6,2,0.073,2,0.0,2
152.0,2,6.0403,2,33.8313,2,178.3,2,64.6,2,0.073,2,0.0,2
153.0,2,6.0013,2,33.8322,2,177.3,2,64.6,2,0.073,2,0.0,2
154.0,2,5.9935,2,33.8326,2,176.6,2,64.5,2,0.073,2,0.0,2
155.0,2,5.9896,2,33.8326,2,175.9,2,64.5,2,0.073,2,0.0,2
156.0,2,5.9738,2,33.8333,2,175.4,2,64.5,2,0.073,2,0.0,2
157.0,2,5.9618,2,33.8331,2,174.9,2,64.5,2,0.073,2,0.0,2
158.0,2,5.9561,2,33.8332,2,174.4,2,64.5,2,0.073,2,0.0,2
159.0,2,5.9487,2,33.8351,2,173.8,2,64.5,2,0.073,2,0.0,2
159.9,2,5.934,2,33.8354,2,172.3,2,64.5,2,0.07,2,0.0,2
161.0,2,5.9083,2,33.8337,2,171.2,2,64.5,2,0.07200000000000001,2,0.0,2
162.0,2,5.8854,2,33.8352,2,170.7,2,64.5,2,0.073,2,0.0,2
163.0,2,5.8685,2,33.836,2,170.3,2,64.5,2,0.065,2,0.0,2
164.0,2,5.855,2,33.8362,2,170.2,2,64.5,2,0.066,2,0.0,2
165.0,2,5.8414,2,33.8362,2,170.1,2,64.5,2,0.071,2,0.0,2
165.9,2,5.83,2,33.8375,2,170.0,2,64.5,2,0.066,2,0.0,2
167.4,2,5.8059,2,33.8386,2,169.7,2,64.5,2,0.061,2,0.0,2
168.0,2,5.8008,2,33.8379,2,168.9,2,64.5,2,0.065,2,0.0,2
169.0,2,5.7989,2,33.8385,2,168.0,2,64.5,2,0.061,2,0.0,2
170.0,2,5.7941,2,33.8385,2,167.5,2,64.5,2,0.061,2,0.0,2
171.0,2,5.7817,2,33.8392,2,166.8,2,64.5,2,0.061,2,0.0,2
172.0,2,5.7708,2,33.8401,2,165.7,2,64.5,2,0.061,2,0.0,2
173.0,2,5.7671,2,33.8408,2,164.5,2,64.5,2,0.061,2,0.0,2
174.0,2,5.765,2,33.8408,2,163.1,2,64.4,2,0.061,2,0.0,2
175.0,2,5.7584,2,33.8407,2,162.2,2,64.4,2,0.061,2,0.0,2
176.0,2,5.7423,2,33.8426,2,161.9,2,64.4,2,0.061,2,0.0,2
177.0,2,5.7385,2,33.8441,2,162.0,2,64.4,2,0.061,2,0.0,2
177.7,2,5.7371,2,33.8432,2,161.8,2,64.4,2,0.061,2,0.0,2
179.2,2,5.7354,2,33.8422,2,161.5,2,64.4,2,0.061,2,0.0,2
180.0,2,5.7343,2,33.8422,2,161.5,2,64.4,2,0.061,2,0.0,2
181.0,2,5.7335,2,33.8425,2,161.2,2,64.4,2,0.061,2,0.0,2
182.0,2,5.7305,2,33.8425,2,161.1,2,64.3,2,0.061,2,0.0,2
183.0,2,5.7236,2,33.8429,2,161.0,2,64.3,2,0.061,2,0.0,2
184.0,2,5.7188,2,33.8428,2,160.7,2,64.3,2,0.061,2,0.0,2
185.0,2,5.7032,2,33.8428,2,159.9,2,64.3,2,0.061,2,0.0,2
186.0,2,5.6946,2,33.8438,2,159.0,2,64.3,2,0.061,2,0.0,2
187.0,2,5.6909,2,33.8449,2,158.5,2,64.3,2,0.061,2,0.0,2
188.0,2,5.6901,2,33.8441,2,157.8,2,64.3,2,0.063,2,0.0,2
189.0,2,5.6863,2,33.8443,2,157.5,2,64.3,2,0.063,2,0.0,2
190.0,2,5.6795,2,33.8448,2,157.2,2,64.3,2,0.061,2,0.0,2
191.0,2,5.6711,2,33.8455,2,156.7,2,64.3,2,0.061,2,0.0,2
192.0,2,5.6687,2,33.8455,2,156.3,2,64.3,2,0.061,2,0.0,2
193.0,2,5.6636,2,33.8459,2,155.9,2,64.3,2,0.061,2,0.0,2
194.0,2,5.66,2,33.8456,2,155.1,2,64.3,2,0.061,2,0.0,2
195.0,2,5.6466,2,33.8456,2,153.8,2,64.3,2,0.061,2,0.0,2
196.0,2,5.6295,2,33.8458,2,152.4,2,64.3,2,0.061,2,0.0,2
197.0,2,5.608,2,33.8462,2,151.1,2,64.3,2,0.061,2,0.0,2
198.0,2,5.5862,2,33.8486,2,149.8,2,64.3,2,0.061,2,0.0,2
199.0,2,5.5685,2,33.8481,2,148.2,2,64.2,2,0.061,2,0.0,2
200.0,2,5.5587,2,33.8485,2,147.1,2,64.2,2,0.061,2,0.0,2
201.0,2,5.5511,2,33.8491,2,146.2,2,64.2,2,0.061,2,0.0,2
202.0,2,5.5404,2,33.8498,2,145.6,2,64.2,2,0.061,2,0.0,2
203.0,2,5.5332,2,33.8504,2,145.1,2,64.2,2,0.061,2,0.0,2
204.0,2,5.5283,2,33.8506,2,144.6,2,64.2,2,0.061,2,0.0,2
205.0,2,5.5211,2,33.8504,2,144.3,2,64.2,2,0.061,2,0.0,2
206.0,2,5.5072,2,33.8505,2,143.8,2,64.1,2,0.061,2,0.0,2
207.0,2,5.4995,2,33.8504,2,143.2,2,64.1,2,0.061,2,0.0,2
208.0,2,5.4907,2,33.8507,2,142.7,2,64.1,2,0.061,2,0.0,2
209.0,2,5.4785,2,33.8514,2,142.1,2,64.1,2,0.061,2,0.0,2
210.0,2,5.4629,2,33.8532,2,141.3,2,64.1,2,0.061,2,0.0,2
211.0,2,5.4558,2,33.8525,2,140.7,2,64.1,2,0.061,2,0.0,2
212.0,2,5.4533,2,33.8517,2,140.4,2,64.1,2,0.061,2,0.0,2
213.0,2,5.4525,2,33.8517,2,140.0,2,64.1,2,0.061,2,0.0,2
214.0,2,5.4401,2,33.8517,2,139.7,2,64.1,2,0.061,2,0.0,2
215.0,2,5.4292,2,33.8524,2,139.3,2,64.1,2,0.061,2,0.0,2
216.0,2,5.4223,2,33.8525,2,138.7,2,64.1,2,0.061,2,0.0,2
217.0,2,5.409,2,33.8529,2,138.1,2,64.1,2,0.061,2,0.0,2
218.0,2,5.3957,2,33.8534,2,137.4,2,64.1,2,0.061,2,0.0,2
219.0,2,5.3729,2,33.8545,2,136.5,2,64.1,2,0.061,2,0.0,2
220.0,2,5.3573,2,33.8561,2,135.6,2,64.1,2,0.061,2,0.0,2
221.0,2,5.3524,2,33.8571,2,134.7,2,64.1,2,0.061,2,0.0,2
222.0,2,5.348,2,33.8564,2,134.0,2,64.0,2,0.061,2,0.0,2
223.0,2,5.3420000000000005,2,33.8566,2,133.3,2,64.0,2,0.061,2,0.0,2
224.0,2,5.3256,2,33.8565,2,132.7,2,64.0,2,0.061,2,0.0,2
225.0,2,5.3024,2,33.8583,2,132.2,2,64.0,2,0.061,2,0.0,2
226.0,2,5.3013,2,33.8581,2,131.7,2,64.0,2,0.061,2,0.0,2
227.0,2,5.3001,2,33.858000000000004,2,131.4,2,64.0,2,0.061,2,0.0,2
228.0,2,5.2968,2,33.8581,2,131.1,2,64.0,2,0.061,2,0.0,2
229.0,2,5.2946,2,33.858000000000004,2,130.9,2,64.0,2,0.061,2,0.0,2
230.0,2,5.2918,2,33.8586,2,130.5,2,63.9,2,0.061,2,0.0,2
231.0,2,5.2893,2,33.8587,2,130.2,2,63.9,2,0.061,2,0.0,2
232.0,2,5.2857,2,33.8586,2,129.8,2,63.9,2,0.061,2,0.0,2
233.0,2,5.276,2,33.8589,2,129.3,2,63.9,2,0.061,2,0.0,2
234.0,2,5.2543,2,33.8603,2,128.5,2,63.9,2,0.061,2,0.0,2
235.0,2,5.2411,2,33.8608,2,127.8,2,63.9,2,0.061,2,0.0,2
236.0,2,5.2272,2,33.8611,2,127.0,2,63.9,2,0.061,2,0.0,2
237.0,2,5.1997,2,33.8617,2,126.4,2,63.9,2,0.061,2,0.0,2
238.0,2,5.1927,2,33.8624,2,125.6,2,63.9,2,0.061,2,0.0,2
239.0,2,5.1902,2,33.8623,2,125.0,2,63.9,2,0.061,2,0.0,2
240.0,2,5.1863,2,33.8626,2,124.5,2,63.9,2,0.061,2,0.0,2
241.0,2,5.1801,2,33.8632,2,124.1,2,63.9,2,0.061,2,0.0,2
242.0,2,5.1713,2,33.8641,2,123.6,2,63.9,2,0.061,2,0.0,2
243.0,2,5.1501,2,33.8666,2,122.7,2,63.9,2,0.061,2,0.0,2
243.9,2,5.1392,2,33.8658,2,121.9,2,63.8,2,0.061,2,0.0,2
245.0,2,5.1369,2,33.8657,2,121.5,2,63.8,2,0.061,2,0.0,2
246.0,2,5.1293,2,33.8659,2,121.3,2,63.8,2,0.061,2,0.0,2
247.0,2,5.1208,2,33.8663,2,121.0,2,63.8,2,0.061,2,0.0,2
248.0,2,5.1171,2,33.8665,2,120.8,2,63.8,2,0.061,2,0.0,2
249.0,2,5.1064,2,33.8669,2,120.5,2,63.8,2,0.061,2,0.0,2
250.0,2,5.1025,2,33.8673,2,120.1,2,63.8,2,0.061,2,0.0,2
251.0,2,5.0979,2,33.8679,2,119.6,2,-99.0,2,0.061,2,0.0,2
252.0,2,5.0835,2,33.8678,2,118.9,2,-99.0,2,0.061,2,0.0,2
253.0,2,5.07,2,33.8686,2,118.3,2,-99.0,2,0.061,2,0.0,2
254.0,2,5.0635,2,33.8688,2,117.8,2,-99.0,2,0.061,2,0.0,2
255.0,2,5.0571,2,33.869,2,117.1,2,-99.0,2,0.061,2,0.0,2
256.0,2,5.0537,2,33.8695,2,116.8,2,-99.0,2,0.061,2,0.0,2
257.0,2,5.0425,2,33.8699,2,116.5,2,-99.0,2,0.061,2,0.0,2
258.0,2,5.0336,2,33.8703,2,116.1,2,-99.0,2,0.061,2,0.0,2
259.0,2,5.0285,2,33.8705,2,115.7,2,-99.0,2,0.061,2,0.0,2
260.0,2,5.0111,2,33.8711,2,115.1,2,-99.0,2,0.061,2,0.0,2
261.0,2,4.9969,2,33.8722,2,114.7,2,-99.0,2,0.061,2,0.0,2
262.0,2,4.9905,2,33.8733,2,114.1,2,-99.0,2,0.061,2,0.0,2
263.1,2,4.9847,2,33.8736,2,113.4,2,-99.0,2,0.061,2,0.0,2
264.0,2,4.9769,2,33.8735,2,112.9,2,-99.0,2,0.061,2,0.0,2
265.0,2,4.9697,2,33.8742,2,112.7,2,-99.0,2,0.061,2,0.0,2
266.0,2,4.9678,2,33.8744,2,112.3,2,-99.0,2,0.061,2,0.0,2
267.0,2,4.9617,2,33.8746,2,111.8,2,-99.0,2,0.061,2,0.0,2
268.0,2,4.9436,2,33.8756,2,111.4,2,-99.0,2,0.061,2,0.0,2
269.0,2,4.925,2,33.8767,2,111.0,2,-99.0,2,0.051,2,0.0,2
270.0,2,4.9154,2,33.8769,2,110.1,2,-99.0,2,0.06,2,0.0,2
271.0,2,4.9066,2,33.8776,2,109.6,2,-99.0,2,0.06,2,0.0,2
272.0,2,4.8987,2,33.8782,2,109.1,2,-99.0,2,0.055999999999999994,2,0.0,2
273.0,2,4.8914,2,33.8788,2,108.7,2,-99.0,2,0.06,2,0.0,2
274.0,2,4.8886,2,33.879,2,108.4,2,-99.0,2,0.061,2,0.0,2
275.0,2,4.8865,2,33.8794,2,108.1,2,-99.0,2,0.061,2,0.0,2
276.0,2,4.8816,2,33.8798,2,107.8,2,-99.0,2,0.055999999999999994,2,0.0,2
277.0,2,4.8772,2,33.8802,2,107.3,2,-99.0,2,0.06,2,0.0,2
278.0,2,4.8706,2,33.8809,2,107.0,2,-99.0,2,0.057999999999999996,2,0.0,2
279.0,2,4.8614,2,33.8815,2,106.7,2,-99.0,2,0.055999999999999994,2,0.0,2
280.0,2,4.8501,2,33.8828,2,106.1,2,-99.0,2,0.051,2,0.0,2
281.0,2,4.8433,2,33.8829,2,105.6,2,-99.0,2,0.054000000000000006,2,0.0,2
282.0,2,4.8323,2,33.8838,2,105.3,2,-99.0,2,0.061,2,0.0,2
283.0,2,4.8296,2,33.8842,2,104.8,2,-99.0,2,0.055999999999999994,2,0.0,2
284.0,2,4.8289,2,33.8844,2,104.6,2,-99.0,2,0.059000000000000004,2,0.0,2
285.0,2,4.8263,2,33.8846,2,104.3,2,-99.0,2,0.061,2,0.0,2
286.0,2,4.8194,2,33.8854,2,103.9,2,-99.0,2,0.061,2,0.0,2
287.0,2,4.8105,2,33.8862,2,103.6,2,-99.0,2,0.055999999999999994,2,0.0,2
288.0,2,4.8056,2,33.8866,2,103.4,2,-99.0,2,0.057,2,0.0,2
289.0,2,4.7968,2,33.8875,2,103.0,2,-99.0,2,0.059000000000000004,2,0.0,2
290.0,2,4.7932,2,33.8878,2,102.6,2,-99.0,2,0.054000000000000006,2,0.0,2
291.0,2,4.7906,2,33.8881,2,102.3,2,-99.0,2,0.061,2,0.0,2
292.0,2,4.7875,2,33.8885,2,102.0,2,-99.0,2,0.053,2,0.0,2
293.0,2,4.7821,2,33.889,2,101.5,2,-99.0,2,0.059000000000000004,2,0.0,2
294.0,2,4.771,2,33.89,2,101.1,2,-99.0,2,0.055,2,0.0,2
295.0,2,4.7585,2,33.8914,2,100.6,2,-99.0,2,0.049,2,0.0,2
296.0,2,4.7486,2,33.891999999999996,2,100.0,2,-99.0,2,0.05,2,0.0,2
297.1,2,4.7349,2,33.8939,2,99.5,2,-99.0,2,0.053,2,0.0,2
298.0,2,4.7304,2,33.8949,2,98.9,2,-99.0,2,0.057999999999999996,2,0.0,2
299.0,2,4.7276,2,33.8947,2,98.5,2,-99.0,2,0.06,2,0.0,2
300.0,2,4.723,2,33.8954,2,98.1,2,-99.0,2,0.05,2,0.0,2
301.0,2,4.7203,2,33.8957,2,97.9,2,-99.0,2,0.05,2,0.0,2
302.0,2,4.7174,2,33.8962,2,97.7,2,-99.0,2,0.049,2,0.0,2
303.0,2,4.7141,2,33.8965,2,97.5,2,-99.0,2,0.049,2,0.0,2
304.0,2,4.7089,2,33.8973,2,97.2,2,-99.0,2,0.053,2,0.0,2
305.0,2,4.7044,2,33.898,2,97.0,2,-99.0,2,0.049,2,0.0,2
306.0,2,4.6998,2,33.8988,2,96.5,2,-99.0,2,0.049,2,0.0,2
307.0,2,4.696000000000001,2,33.8994,2,96.2,2,-99.0,2,0.049,2,0.0,2
308.0,2,4.6881,2,33.9006,2,95.9,2,-99.0,2,0.049,2,0.0,2
309.0,2,4.6797,2,33.9019,2,95.3,2,-99.0,2,0.055999999999999994,2,0.0,2
310.0,2,4.6762,2,33.9025,2,95.0,2,-99.0,2,0.049,2,0.0,2
311.0,2,4.673,2,33.903,2,94.6,2,-99.0,2,0.049,2,0.0,2
312.0,2,4.6709,2,33.9036,2,94.3,2,-99.0,2,0.049,2,0.0,2
313.0,2,4.6613,2,33.9051,2,94.0,2,-99.0,2,0.049,2,0.0,2
314.0,2,4.6567,2,33.906,2,93.6,2,-99.0,2,0.049,2,0.0,2
315.0,2,4.6523,2,33.9071,2,93.2,2,-99.0,2,0.054000000000000006,2,0.0,2
316.0,2,4.6452,2,33.9085,2,92.8,2,-99.0,2,0.05,2,0.0,2
317.0,2,4.6437,2,33.9088,2,92.4,2,-99.0,2,0.049,2,0.0,2
318.0,2,4.6432,2,33.9088,2,92.3,2,-99.0,2,0.049,2,0.0,2
319.0,2,4.6425,2,33.9088,2,92.3,2,-99.0,2,0.049,2,0.0,2
320.0,2,4.6424,2,33.9089,2,92.0,2,-99.0,2,0.049,2,0.0,2
321.0,2,4.6418,2,33.909,2,91.9,2,-99.0,2,0.049,2,0.0,2
322.0,2,4.6411,2,33.9092,2,92.0,2,-99.0,2,0.049,2,0.0,2
323.0,2,4.6383,2,33.9097,2,91.7,2,-99.0,2,0.049,2,0.0,2
323.9,2,4.6244,2,33.913000000000004,2,91.5,2,-99.0,2,0.049,2,0.0,2
324.9,2,4.6111,2,33.9141,2,90.6,2,-99.0,2,0.049,2,0.0,2
326.0,2,4.6059,2,33.9152,2,90.0,2,-99.0,2,0.049,2,0.0,2
327.0,2,4.601,2,33.916,2,89.6,2,-99.0,2,0.049,2,0.0,2
328.0,2,4.5964,2,33.9172,2,89.1,2,-99.0,2,0.049,2,0.0,2
329.0,2,4.5911,2,33.9182,2,88.9,2,-99.0,2,0.049,2,0.0,2
330.0,2,4.5827,2,33.9199,2,88.6,2,-99.0,2,0.049,2,0.0,2
331.0,2,4.5732,2,33.922,2,88.0,2,-99.0,2,0.049,2,0.0,2
332.0,2,4.5693,2,33.9226,2,87.6,2,-99.0,2,0.049,2,0.0,2
333.0,2,4.5673,2,33.9231,2,87.4,2,-99.0,2,0.049,2,0.0,2
334.0,2,4.5662,2,33.9235,2,87.0,2,-99.0,2,0.05,2,0.0,2
335.0,2,4.5654,2,33.9236,2,86.8,2,-99.0,2,0.049,2,0.0,2
336.0,2,4.5615,2,33.9243,2,86.4,2,-99.0,2,0.049,2,0.0,2
337.0,2,4.5564,2,33.9253,2,86.3,2,-99.0,2,0.049,2,0.0,2
338.0,2,4.5545,2,33.9256,2,86.2,2,-99.0,2,0.049,2,0.0,2
339.0,2,4.5512,2,33.9262,2,85.9,2,-99.0,2,0.049,2,0.0,2
340.0,2,4.5443,2,33.9275,2,85.6,2,-99.0,2,0.049,2,0.0,2
341.1,2,4.5378,2,33.9287,2,85.5,2,-99.0,2,0.053,2,0.0,2
341.8,2,4.5308,2,33.9302,2,85.3,2,-99.0,2,0.049,2,0.0,2
344.2,2,4.516,2,33.9331,2,84.4,2,-99.0,2,0.049,2,0.0,2
345.0,2,4.5122,2,33.9338,2,84.0,2,-99.0,2,0.049,2,0.0,2
346.0,2,4.5116,2,33.9338,2,83.7,2,-99.0,2,0.049,2,0.0,2
347.0,2,4.5053,2,33.935,2,83.4,2,-99.0,2,0.049,2,0.0,2
348.0,2,4.4933,2,33.9372,2,83.1,2,-99.0,2,0.049,2,0.0,2
349.0,2,4.4878,2,33.9388,2,82.9,2,-99.0,2,0.049,2,0.0,2
350.0,2,4.485,2,33.9395,2,82.7,2,-99.0,2,0.049,2,0.0,2
352.0,2,4.4781,2,33.9413,2,81.9,2,-99.0,2,0.049,2,0.0,2
353.0,2,4.467,2,33.9426,2,81.3,2,-99.0,2,0.049,2,0.0,2
354.0,2,4.4632,2,33.9432,2,80.9,2,-99.0,2,0.049,2,0.0,2
355.0,2,4.4596,2,33.9434,2,80.7,2,-99.0,2,0.049,2,0.0,2
356.0,2,4.4558,2,33.9437,2,80.5,2,-99.0,2,0.049,2,0.0,2
357.0,2,4.4494,2,33.9444,2,80.0,2,-99.0,2,0.049,2,0.0,2
358.0,2,4.4403,2,33.9448,2,79.8,2,-99.0,2,0.049,2,0.0,2
359.0,2,4.4251,2,33.9466,2,79.2,2,-99.0,2,0.049,2,0.0,2
360.0,2,4.4181,2,33.948,2,78.9,2,-99.0,2,0.049,2,0.0,2
361.0,2,4.4159,2,33.9489,2,78.4,2,-99.0,2,0.049,2,0.0,2
362.0,2,4.4096,2,33.9492,2,78.2,2,-99.0,2,0.049,2,0.0,2
363.0,2,4.4022,2,33.9503,2,77.9,2,-99.0,2,0.049,2,0.0,2
364.0,2,4.3999,2,33.9509,2,77.5,2,-99.0,2,0.049,2,0.0,2
365.0,2,4.3984,2,33.9513,2,77.3,2,-99.0,2,0.049,2,0.0,2
366.0,2,4.3969,2,33.9519,2,77.1,2,-99.0,2,0.049,2,0.0,2
367.0,2,4.3962,2,33.9521,2,77.0,2,-99.0,2,0.049,2,0.0,2
368.0,2,4.3938,2,33.9531,2,76.8,2,-99.0,2,0.049,2,0.0,2
369.0,2,4.3856,2,33.9545,2,76.5,2,-99.0,2,0.049,2,0.0,2
370.0,2,4.3823,2,33.9551,2,76.1,2,-99.0,2,0.049,2,0.0,2
371.0,2,4.3812,2,33.9552,2,76.0,2,-99.0,2,0.049,2,0.0,2
372.0,2,4.3763,2,33.9554,2,75.7,2,-99.0,2,0.049,2,0.0,2
373.0,2,4.3631,2,33.9565,2,75.3,2,-99.0,2,0.049,2,0.0,2
374.0,2,4.3522,2,33.9585,2,74.8,2,-99.0,2,0.049,2,0.0,2
375.0,2,4.342,2,33.9613,2,74.2,2,-99.0,2,0.049,2,0.0,2
376.0,2,4.335,2,33.9644,2,73.6,2,-99.0,2,0.049,2,0.0,2
377.0,2,4.3344,2,33.9656,2,73.2,2,-99.0,2,0.049,2,0.0,2
378.0,2,4.3366,2,33.9664,2,72.9,2,-99.0,2,0.049,2,0.0,2
379.0,2,4.3398,2,33.9675,2,72.8,2,-99.0,2,0.049,2,0.0,2
380.0,2,4.3359,2,33.9676,2,72.7,2,-99.0,2,0.049,2,0.0,2
381.0,2,4.331,2,33.9682,2,72.3,2,-99.0,2,0.049,2,0.0,2
382.0,2,4.3292,2,33.9711,2,72.0,2,-99.0,2,0.049,2,0.0,2
383.0,2,4.3293,2,33.972,2,72.0,2,-99.0,2,0.049,2,0.0,2
384.0,2,4.3286,2,33.9727,2,71.7,2,-99.0,2,0.049,2,0.0,2
385.0,2,4.3283,2,33.9731,2,71.6,2,-99.0,2,0.049,2,0.0,2
386.0,2,4.3223,2,33.9737,2,71.3,2,-99.0,2,0.049,2,0.0,2
387.0,2,4.3146,2,33.9746,2,71.1,2,-99.0,2,0.049,2,0.0,2
388.0,2,4.3105,2,33.9754,2,70.8,2,-99.0,2,0.049,2,0.0,2
389.0,2,4.3117,2,33.9759,2,70.7,2,-99.0,2,0.049,2,0.0,2
390.0,2,4.3132,2,33.9767,2,70.6,2,-99.0,2,0.049,2,0.0,2
391.0,2,4.313,2,33.9769,2,70.4,2,-99.0,2,0.049,2,0.0,2
392.0,2,4.3123,2,33.9769,2,70.4,2,-99.0,2,0.049,2,0.0,2
393.0,2,4.3106,2,33.9771,2,70.3,2,-99.0,2,0.049,2,0.0,2
394.0,2,4.3069999999999995,2,33.9775,2,70.1,2,-99.0,2,0.049,2,0.0,2
395.0,2,4.3038,2,33.9776,2,69.9,2,-99.0,2,0.049,2,0.0,2
396.0,2,4.2997,2,33.9775,2,69.7,2,-99.0,2,0.049,2,0.0,2
397.0,2,4.2942,2,33.9777,2,69.5,2,-99.0,2,0.049,2,0.0,2
398.0,2,4.2911,2,33.9783,2,69.3,2,-99.0,2,0.049,2,0.0,2
399.0,2,4.2906,2,33.9789,2,69.0,2,-99.0,2,0.049,2,0.0,2
400.0,2,4.2883,2,33.9801,2,68.8,2,-99.0,2,0.049,2,0.0,2
401.0,2,4.287,2,33.9813,2,68.6,2,-99.0,2,0.049,2,0.0,2
402.0,2,4.2869,2,33.9817,2,68.6,2,-99.0,2,0.049,2,0.0,2
403.0,2,4.2860000000000005,2,33.9825,2,68.4,2,-99.0,2,0.049,2,0.0,2
404.0,2,4.285,2,33.9833,2,68.4,2,-99.0,2,0.049,2,0.0,2
405.0,2,4.2839,2,33.984,2,68.3,2,-99.0,2,0.049,2,0.0,2
406.0,2,4.2816,2,33.9852,2,68.2,2,-99.0,2,0.049,2,0.0,2
407.0,2,4.2804,2,33.986,2,68.0,2,-99.0,2,0.049,2,0.0,2
408.0,2,4.2783,2,33.9874,2,67.9,2,-99.0,2,0.049,2,0.0,2
409.0,2,4.2746,2,33.9888,2,67.6,2,-99.0,2,0.049,2,0.0,2
410.0,2,4.2687,2,33.9907,2,67.3,2,-99.0,2,0.049,2,0.0,2
411.0,2,4.263999999999999,2,33.9925,2,66.8,2,-99.0,2,0.049,2,0.0,2
412.0,2,4.2597,2,33.9941,2,66.5,2,-99.0,2,0.049,2,0.0,2
413.0,2,4.2582,2,33.9947,2,66.2,2,-99.0,2,0.049,2,0.0,2
414.0,2,4.2534,2,33.9962,2,66.0,2,-99.0,2,0.049,2,0.0,2
415.0,2,4.2475,2,33.9973,2,65.6,2,-99.0,2,0.049,2,0.0,2
416.0,2,4.2441,2,33.9977,2,65.2,2,-99.0,2,0.049,2,0.0,2
417.0,2,4.2404,2,33.9986,2,64.9,2,-99.0,2,0.049,2,0.0,2
418.0,2,4.2347,2,33.999,2,64.6,2,-99.0,2,0.049,2,0.0,2
419.0,2,4.2255,2,34.0017,2,64.0,2,-99.0,2,0.049,2,0.0,2
420.0,2,4.2249,2,34.0046,2,63.5,2,-99.0,2,0.049,2,0.0,2
421.0,2,4.2228,2,34.0049,2,63.4,2,-99.0,2,0.049,2,0.0,2
422.0,2,4.2219,2,34.0057,2,63.1,2,-99.0,2,0.049,2,0.0,2
423.0,2,4.2219999999999995,2,34.0069,2,62.9,2,-99.0,2,0.049,2,0.0,2
424.0,2,4.2226,2,34.0079,2,63.0,2,-99.0,2,0.049,2,0.0,2
425.0,2,4.2223,2,34.0083,2,62.9,2,-99.0,2,0.049,2,0.0,2
426.0,2,4.2213,2,34.0087,2,62.7,2,-99.0,2,0.049,2,0.0,2
427.0,2,4.2177,2,34.0103,2,62.7,2,-99.0,2,0.049,2,0.0,2
428.0,2,4.215,2,34.0114,2,62.5,2,-99.0,2,0.049,2,0.0,2
429.0,2,4.2104,2,34.0134,2,62.1,2,-99.0,2,0.049,2,0.0,2
430.0,2,4.2028,2,34.0167,2,61.7,2,-99.0,2,0.049,2,0.0,2
431.0,2,4.2010000000000005,2,34.0172,2,61.2,2,-99.0,2,0.049,2,0.0,2
432.0,2,4.1988,2,34.0182,2,61.0,2,-99.0,2,0.049,2,0.0,2
433.0,2,4.1962,2,34.0192,2,60.8,2,-99.0,2,0.049,2,0.0,2
434.0,2,4.1942,2,34.0201,2,60.6,2,-99.0,2,0.049,2,0.0,2
435.0,2,4.1925,2,34.0208,2,60.5,2,-99.0,2,0.049,2,0.0,2
436.0,2,4.1905,2,34.0215,2,60.1,2,-99.0,2,0.049,2,0.0,2
437.0,2,4.1863,2,34.0234,2,59.9,2,-99.0,2,0.049,2,0.0,2
438.0,2,4.1811,2,34.0253,2,59.7,2,-99.0,2,0.049,2,0.0,2
439.0,2,4.178,2,34.0265,2,59.4,2,-99.0,2,0.049,2,0.0,2
439.8,2,4.176,2,34.0271,2,59.4,2,-99.0,2,0.049,2,0.0,2
441.3,2,4.1736,2,34.0278,2,59.0,2,-99.0,2,0.049,2,0.0,2
442.0,2,4.1705,2,34.0291,2,58.6,2,-99.0,2,0.049,2,0.0,2
443.0,2,4.1681,2,34.03,2,58.3,2,-99.0,2,0.049,2,0.0,2
444.0,2,4.1655,2,34.0308,2,58.2,2,-99.0,2,0.049,2,0.0,2
445.0,2,4.1634,2,34.0316,2,57.9,2,-99.0,2,0.049,2,0.0,2
446.0,2,4.1577,2,34.0332,2,57.6,2,-99.0,2,0.049,2,0.0,2
447.0,2,4.1502,2,34.0345,2,57.2,2,-99.0,2,0.049,2,0.0,2
448.0,2,4.1468,2,34.0356,2,56.9,2,-99.0,2,0.049,2,0.0,2
449.0,2,4.1452,2,34.0362,2,56.4,2,-99.0,2,0.049,2,0.0,2
450.0,2,4.144,2,34.0372,2,56.3,2,-99.0,2,0.049,2,0.0,2
450.9,2,4.1422,2,34.0383,2,56.1,2,-99.0,2,0.049,2,0.0,2
452.0,2,4.1389,2,34.039,2,55.8,2,-99.0,2,0.049,2,0.0,2
453.0,2,4.1375,2,34.0391,2,55.6,2,-99.0,2,0.049,2,0.0,2
454.0,2,4.1356,2,34.0395,2,55.4,2,-99.0,2,0.049,2,0.0,2
455.0,2,4.1347,2,34.0394,2,55.3,2,-99.0,2,0.049,2,0.0,2
456.0,2,4.1339999999999995,2,34.0396,2,55.1,2,-99.0,2,0.049,2,0.0,2
457.0,2,4.1318,2,34.04,2,54.9,2,-99.0,2,0.049,2,0.0,2
458.0,2,4.1293,2,34.0408,2,54.7,2,-99.0,2,0.049,2,0.0,2
459.0,2,4.1267,2,34.0417,2,54.8,2,-99.0,2,0.049,2,0.0,2
460.0,2,4.1243,2,34.043,2,54.5,2,-99.0,2,0.049,2,0.0,2
461.0,2,4.1212,2,34.0438,2,54.2,2,-99.0,2,0.049,2,0.0,2
462.0,2,4.114,2,34.0452,2,53.7,2,-99.0,2,0.049,2,0.0,2
463.0,2,4.11,2,34.0466,2,53.2,2,-99.0,2,0.049,2,0.0,2
464.0,2,4.1098,2,34.0481,2,53.0,2,-99.0,2,0.049,2,0.0,2
465.0,2,4.1082,2,34.0486,2,52.9,2,-99.0,2,0.049,2,0.0,2
466.0,2,4.1067,2,34.0491,2,53.0,2,-99.0,2,0.049,2,0.0,2
467.0,2,4.1056,2,34.0497,2,52.8,2,-99.0,2,0.049,2,0.0,2
468.0,2,4.1044,2,34.0505,2,52.7,2,-99.0,2,0.049,2,0.0,2
469.0,2,4.1032,2,34.051,2,52.5,2,-99.0,2,0.049,2,0.0,2
470.0,2,4.1025,2,34.0515,2,52.5,2,-99.0,2,0.049,2,0.0,2
471.0,2,4.102,2,34.0518,2,52.4,2,-99.0,2,0.049,2,0.0,2
472.0,2,4.1015,2,34.0522,2,52.4,2,-99.0,2,0.049,2,0.0,2
473.0,2,4.1013,2,34.0523,2,52.2,2,-99.0,2,0.049,2,0.0,2
474.0,2,4.0997,2,34.0532,2,52.2,2,-99.0,2,0.049,2,0.0,2
475.0,2,4.0947,2,34.0556,2,52.0,2,-99.0,2,0.049,2,0.0,2
476.0,2,4.0903,2,34.0573,2,51.9,2,-99.0,2,0.049,2,0.0,2
477.0,2,4.0881,2,34.0578,2,51.4,2,-99.0,2,0.049,2,0.0,2
478.0,2,4.0851,2,34.0587,2,51.2,2,-99.0,2,0.049,2,0.0,2
479.0,2,4.0811,2,34.0599,2,51.1,2,-99.0,2,0.049,2,0.0,2
480.0,2,4.0788,2,34.0608,2,50.9,2,-99.0,2,0.049,2,0.0,2
481.0,2,4.0759,2,34.0618,2,50.6,2,-99.0,2,0.049,2,0.0,2
482.0,2,4.0748,2,34.0621,2,50.3,2,-99.0,2,0.049,2,0.0,2
483.0,2,4.0742,2,34.0624,2,50.1,2,-99.0,2,0.049,2,0.0,2
484.0,2,4.0732,2,34.0629,2,50.1,2,-99.0,2,0.049,2,0.0,2
485.0,2,4.0712,2,34.0638,2,50.2,2,-99.0,2,0.049,2,0.0,2
486.0,2,4.069,2,34.0645,2,49.9,2,-99.0,2,0.049,2,0.0,2
487.0,2,4.0669,2,34.0654,2,49.8,2,-99.0,2,0.049,2,0.0,2
488.0,2,4.0606,2,34.0675,2,49.6,2,-99.0,2,0.049,2,0.0,2
489.0,2,4.0557,2,34.0695,2,49.4,2,-99.0,2,0.049,2,0.0,2
490.0,2,4.0535,2,34.0704,2,49.0,2,-99.0,2,0.049,2,0.0,2
491.0,2,4.0514,2,34.0713,2,48.8,2,-99.0,2,0.049,2,0.0,2
492.0,2,4.0502,2,34.0715,2,48.6,2,-99.0,2,0.049,2,0.0,2
493.0,2,4.0498,2,34.0719,2,48.4,2,-99.0,2,0.049,2,0.0,2
494.0,2,4.0498,2,34.0719,2,48.5,2,-99.0,2,0.049,2,0.0,2
495.0,2,4.0496,2,34.0719,2,48.4,2,-99.0,2,0.049,2,0.0,2
496.0,2,4.0472,2,34.0731,2,48.3,2,-99.0,2,0.049,2,0.0,2
497.0,2,4.0442,2,34.0743,2,48.1,2,-99.0,2,0.049,2,0.0,2
497.9,2,4.041,2,34.0755,2,48.0,2,-99.0,2,0.049,2,0.0,2
499.3,2,4.0328,2,34.078,2,47.7,2,-99.0,2,0.049,2,0.0,2
500.0,2,4.0284,2,34.0796,2,47.4,2,-99.0,2,0.049,2,0.0,2
500.7,2,4.0261,2,34.0807,2,47.2,2,-99.0,2,0.049,2,0.0,2
END_DATA
