CTD,20190304CCHSIOLMM
#---------------------------------------------------------------------------------------------------,,,,,,,,,,,,,,,,,
#Fluorescence and PAR data are nominal and unedited except that some records were removed in editing temperature and salinity.,,,,,,,,,,,,,,,,,
#---------------------------------------------------------------------------------------------------,,,,,,,,,,,,,,,,,
#The Transmissivity data are nominal. ,,,,,,,,,,,,,,,,,
#Values were clearly bad below about 250 dbar so data below that level were replaced with pad values. ,,,,,,,,,,,,,,,,,
#Similar results were found when this sensor was used during other recent cruises.,,,,,,,,,,,,,,,,,
#---------------------------------------------------------------------------------------------------,,,,,,,,,,,,,,,,,
#NOTE: While the Fluorescence:CTD data are expressed in concentration units they do not always compare well to extracted chlorophyll samples particularly for casts far from shore.,,,,,,,,,,,,,,,,,
#It is recommended that users check extracted chlorophyll values where available.,,,,,,,,,,,,,,,,,
#---------------------------------------------------------------------------------------------------,,,,,,,,,,,,,,,,,
#Oxygen:Dissolved:CTD was calibrated using the method described in the Sea-Bird Application Note #64-2 of June 2012 (Sea-Bird_64-2_Jun2012.pdf) except that a small offset in the fit was allowed.,,,,,,,,,,,,,,,,,
#,,,,,,,,,,,,,,,,,
#The Oxygen:Dissolved:CTD sensor has a fairly long response time so data accuracy is not as high when it is in motion as it is during stops for bottles.,,,,,,,,,,,,,,,,,
#This will be especially true when vertical dissolved oxygen gradients are large. ,,,,,,,,,,,,,,,,,
#To get an estimate of the accuracy of the Oxygen:Dissolved:CTD data during downcasts (after recalibration) a rough comparison was made between downcast Oxygen:Dissolved:CTD data and upcast titrated samples. ,,,,,,,,,,,,,,,,,
#Some of the difference will be due to problems with flushing of Niskin bottles and/or analysis errors so the following statement likely underestimates Oxygen:Dissolved:CTD accuracy.,,,,,,,,,,,,,,,,,
#,,,,,,,,,,,,,,,,,
#Downcast (CTD files) Oxygen:Dissolved:CTD data are considered very roughly to be:,,,,,,,,,,,,,,,,,
#      • ±0.3 ml/l from 0 to 100 dbar,,,,,,,,,,,,,,,,,
#      • ±0.2 ml/l from 100 to 250 dbar,,,,,,,,,,,,,,,,,
#      • ±0.1 ml/l from 250 to 500 dbar,,,,,,,,,,,,,,,,,
#      • ±0.04 ml/l from 500 to 2500 dbar,,,,,,,,,,,,,,,,,
#      • ±0.02 ml/l below 2500 dbar,,,,,,,,,,,,,,,,,
#---------------------------------------------------------------------------------------------------,,,,,,,,,,,,,,,,,
#For details on the processing see the report 2017-06-proc.pdf,,,,,,,,,,,,,,,,,
#---------------------------------------------------------------------------------------------------,,,,,,,,,,,,,,,,,
#,,,,,,,,,,,,,,,,,
#File Name,Zone,FIL:START TIME YYYY/MM/DD, HH:MM,LOC:EVENT_NUMBER,LOC:LATITUDE,LOC:LONGITUDE,LOC:STATION,INS:LOCATION,Pressure:CTD [dbar],Temperature:CTD [deg_C_(ITS90)],Salinity:CTD [PSS-78],Sigma-t:CTD [kg/m^3],Transmissivity:CTD [*/m],Oxygen:Dissolved:CTD:Volume [ml/l],Oxygen:Dissolved:CTD:Mass [µmol/kg],Fluorescence:CTD:Seapoint [mg/m^3],PAR:CTD [µE/m^2/sec]
#,,,,,,,,,,,,,,,,,
NUMBER_HEADERS = 8
EXPOCODE = 18DD20170604
STNBR = PA-011
CASTNO = 1
DATE = 20170614
TIME =  01:40
LATITUDE = 50.134170000000005
LONGITUDE = -144.83098999999999
CTDPRS,CTDPRS_FLAG_W,CTDTMP,CTDTMP_FLAG_W,CTDSAL,CTDSAL_FLAG_W,CTDOXY,CTDOXY_FLAG_W,CTDXMISS,CTDXMISS_FLAG_W,CTDFLUOR,CTDFLUOR_FLAG_W,PAR,PAR_FLAG_W
DBAR,,ITS-90,,PSS-78,,UMOL/KG,,,,MG/M^3,,UE/m^2/sec,
1.5,2,9.0112,2,32.4474,2,294.0,2,54.1,2,0.213,2,455.8,2
1.9,2,9.0111,2,32.4476,2,293.9,2,55.3,2,0.20600000000000002,2,374.2,2
2.9,2,9.0121,2,32.4478,2,294.1,2,57.1,2,0.20800000000000002,2,310.5,2
4.1,2,9.0132,2,32.4479,2,294.2,2,57.9,2,0.21100000000000002,2,275.4,2
5.0,2,9.012,2,32.4479,2,294.0,2,58.0,2,0.204,2,229.4,2
6.0,2,9.0105,2,32.4479,2,293.7,2,58.1,2,0.20800000000000002,2,216.9,2
7.0,2,9.0128,2,32.4479,2,294.0,2,58.1,2,0.20800000000000002,2,195.8,2
8.0,2,9.0127,2,32.448,2,294.1,2,58.2,2,0.20800000000000002,2,166.3,2
9.0,2,9.0132,2,32.4479,2,294.0,2,58.3,2,0.212,2,139.8,2
10.0,2,9.0104,2,32.4481,2,294.1,2,58.4,2,0.233,2,136.2,2
11.0,2,9.0051,2,32.4479,2,294.3,2,58.4,2,0.22699999999999998,2,131.0,2
12.0,2,9.0023,2,32.4481,2,294.2,2,58.4,2,0.24,2,123.5,2
13.0,2,9.0087,2,32.4479,2,294.0,2,58.4,2,0.256,2,117.6,2
14.0,2,9.0017,2,32.4478,2,294.0,2,58.4,2,0.27399999999999997,2,103.6,2
15.0,2,8.9889,2,32.4482,2,294.0,2,58.4,2,0.29600000000000004,2,96.1,2
16.0,2,8.9797,2,32.4477,2,294.0,2,58.4,2,0.326,2,97.1,2
17.0,2,8.9848,2,32.4479,2,294.2,2,58.4,2,0.35100000000000003,2,94.3,2
18.0,2,8.9869,2,32.4478,2,294.2,2,58.4,2,0.36,2,89.2,2
19.0,2,8.9794,2,32.4477,2,294.2,2,58.3,2,0.4,2,85.3,2
20.0,2,8.9759,2,32.4477,2,294.1,2,58.4,2,0.43799999999999994,2,82.3,2
21.0,2,8.9755,2,32.4477,2,294.3,2,58.4,2,0.45399999999999996,2,79.9,2
22.0,2,8.9687,2,32.4475,2,294.3,2,58.4,2,0.46799999999999997,2,76.8,2
23.0,2,8.9624,2,32.4479,2,294.3,2,58.4,2,0.499,2,73.1,2
24.0,2,8.9694,2,32.4475,2,294.2,2,58.4,2,0.508,2,70.3,2
25.0,2,8.9651,2,32.448,2,294.2,2,58.4,2,0.5329999999999999,2,69.2,2
26.0,2,8.9423,2,32.4481,2,294.1,2,58.3,2,0.57,2,68.5,2
27.0,2,8.9313,2,32.4475,2,294.0,2,58.3,2,0.5920000000000001,2,65.8,2
28.0,2,8.9022,2,32.4482,2,293.6,2,58.4,2,0.63,2,63.3,2
29.0,2,8.8869,2,32.4478,2,292.7,2,58.2,2,0.643,2,60.6,2
30.0,2,8.8619,2,32.4484,2,291.9,2,58.3,2,0.6709999999999999,2,58.2,2
31.0,2,8.7936,2,32.4445,2,292.3,2,58.2,2,0.723,2,55.8,2
32.0,2,8.4118,2,32.4449,2,295.9,2,57.8,2,0.816,2,53.0,2
33.0,2,7.9937,2,32.4539,2,300.7,2,57.7,2,0.894,2,50.2,2
34.0,2,7.5817,2,32.4531,2,305.8,2,57.4,2,0.943,2,48.7,2
35.0,2,7.277,2,32.4621,2,309.4,2,57.7,2,0.995,2,47.2,2
36.0,2,7.1212,2,32.4671,2,310.9,2,57.6,2,1.036,2,45.5,2
37.0,2,7.0491,2,32.4678,2,311.3,2,57.6,2,1.073,2,44.1,2
38.0,2,6.9408,2,32.4698,2,312.1,2,57.6,2,1.094,2,41.8,2
39.0,2,6.7682,2,32.4753,2,313.6,2,57.6,2,1.112,2,38.6,2
40.0,2,6.6321,2,32.4784,2,314.8,2,57.6,2,1.1420000000000001,2,35.7,2
41.0,2,6.5776,2,32.4802,2,314.9,2,57.8,2,1.172,2,32.8,2
42.0,2,6.5574,2,32.4821,2,314.3,2,57.9,2,1.183,2,30.0,2
43.0,2,6.5252,2,32.4825,2,314.0,2,57.9,2,1.1840000000000002,2,27.4,2
44.0,2,6.3283,2,32.4754,2,314.6,2,58.0,2,1.137,2,25.2,2
45.0,2,6.2382,2,32.4795,2,314.6,2,58.7,2,1.124,2,23.0,2
46.0,2,6.222,2,32.4803,2,314.1,2,58.8,2,1.139,2,21.1,2
47.0,2,6.2176,2,32.4821,2,313.8,2,58.9,2,1.1340000000000001,2,19.8,2
48.0,2,6.2064,2,32.483000000000004,2,313.4,2,58.9,2,1.133,2,18.4,2
49.0,2,6.1963,2,32.4838,2,313.0,2,58.9,2,1.128,2,17.2,2
50.0,2,6.1785,2,32.4853,2,313.0,2,58.9,2,1.135,2,16.2,2
51.0,2,6.1411,2,32.4884,2,313.0,2,58.9,2,1.161,2,15.3,2
52.0,2,6.1169,2,32.4918,2,312.9,2,59.0,2,1.1640000000000001,2,14.3,2
53.0,2,6.1065,2,32.4932,2,312.6,2,59.0,2,1.172,2,13.3,2
54.0,2,6.0754,2,32.4971,2,312.5,2,59.2,2,1.17,2,12.4,2
55.0,2,6.0438,2,32.5026,2,312.1,2,59.4,2,1.168,2,11.6,2
56.0,2,6.0223,2,32.5104,2,311.5,2,59.6,2,1.172,2,10.7,2
57.0,2,6.0047,2,32.5151,2,311.1,2,59.7,2,1.161,2,9.9,2
58.0,2,5.992999999999999,2,32.5156,2,310.9,2,59.9,2,1.161,2,9.1,2
59.0,2,5.9752,2,32.5152,2,310.8,2,59.8,2,1.1520000000000001,2,8.4,2
59.8,2,5.9574,2,32.5148,2,310.5,2,60.1,2,1.135,2,7.9,2
61.0,2,5.9051,2,32.5149,2,310.2,2,60.3,2,1.12,2,7.3,2
62.0,2,5.8524,2,32.5157,2,310.1,2,60.4,2,1.084,2,6.9,2
63.0,2,5.8315,2,32.5169,2,310.1,2,60.5,2,1.073,2,6.4,2
64.0,2,5.8181,2,32.5166,2,309.9,2,60.7,2,1.061,2,6.0,2
65.0,2,5.7927,2,32.5153,2,310.0,2,60.7,2,1.0590000000000002,2,5.6,2
66.0,2,5.7467,2,32.5128,2,309.8,2,60.8,2,1.037,2,5.2,2
67.0,2,5.7167,2,32.5141,2,309.6,2,60.9,2,1.022,2,4.9,2
68.0,2,5.6266,2,32.5143,2,310.1,2,61.0,2,1.013,2,4.6,2
69.0,2,5.5568,2,32.516,2,310.1,2,61.1,2,1.002,2,4.3,2
70.0,2,5.5286,2,32.5179,2,309.9,2,61.3,2,0.9840000000000001,2,4.0,2
71.0,2,5.4965,2,32.5177,2,309.9,2,61.4,2,0.972,2,3.7,2
72.0,2,5.4556,2,32.5192,2,309.9,2,61.6,2,0.9470000000000001,2,3.4,2
73.0,2,5.4364,2,32.5219,2,309.6,2,61.6,2,0.9490000000000001,2,3.2,2
74.0,2,5.4217,2,32.5247,2,308.9,2,61.7,2,0.932,2,3.0,2
75.0,2,5.4079,2,32.5258,2,308.8,2,61.8,2,0.94,2,2.8,2
76.0,2,5.3854,2,32.5264,2,308.7,2,61.6,2,0.948,2,2.6,2
77.0,2,5.3599,2,32.5248,2,308.6,2,61.8,2,0.9390000000000001,2,2.5,2
78.0,2,5.3392,2,32.5238,2,308.6,2,62.0,2,0.929,2,2.3,2
79.0,2,5.3256,2,32.525,2,308.5,2,62.1,2,0.915,2,2.2,2
80.0,2,5.3067,2,32.5255,2,308.3,2,62.1,2,0.8809999999999999,2,2.0,2
81.0,2,5.2819,2,32.5253,2,308.2,2,62.2,2,0.863,2,1.9,2
82.0,2,5.2634,2,32.525,2,308.3,2,62.3,2,0.838,2,1.8,2
83.0,2,5.2499,2,32.5241,2,308.6,2,62.3,2,0.872,2,1.6,2
84.1,2,5.2431,2,32.5239,2,308.9,2,62.4,2,0.856,2,1.5,2
84.7,2,5.2381,2,32.5247,2,308.7,2,62.4,2,0.8340000000000001,2,1.4,2
86.1,2,5.1999,2,32.5228,2,308.0,2,62.5,2,0.7709999999999999,2,1.3,2
87.0,2,5.1714,2,32.5216,2,308.1,2,62.6,2,0.7490000000000001,2,1.3,2
88.0,2,5.148,2,32.5213,2,308.1,2,62.8,2,0.72,2,1.2,2
89.0,2,5.1418,2,32.5225,2,308.1,2,62.9,2,0.6890000000000001,2,1.1,2
90.0,2,5.1391,2,32.523,2,308.1,2,63.0,2,0.685,2,1.1,2
91.0,2,5.1353,2,32.5232,2,308.1,2,63.1,2,0.638,2,1.0,2
92.0,2,5.1323,2,32.5238,2,308.1,2,63.1,2,0.635,2,0.9,2
93.0,2,5.1288,2,32.5242,2,308.0,2,63.2,2,0.621,2,0.9,2
94.0,2,5.1212,2,32.5246,2,307.7,2,63.1,2,0.601,2,0.8,2
95.0,2,5.1145,2,32.5278,2,307.5,2,63.2,2,0.5720000000000001,2,0.7,2
96.0,2,5.1052,2,32.5327,2,307.2,2,63.5,2,0.536,2,0.7,2
97.0,2,5.1003,2,32.5356,2,306.7,2,63.7,2,0.496,2,0.7,2
98.0,2,5.0995,2,32.5389,2,306.2,2,63.7,2,0.48700000000000004,2,0.6,2
99.0,2,5.1,2,32.5429,2,305.9,2,63.8,2,0.452,2,0.6,2
100.0,2,5.107,2,32.5538,2,305.4,2,63.9,2,0.426,2,0.6,2
101.0,2,5.1199,2,32.5651,2,304.4,2,63.9,2,0.396,2,0.5,2
102.0,2,5.1492,2,32.5866,2,303.1,2,64.0,2,0.368,2,0.5,2
103.0,2,5.1872,2,32.6146,2,301.5,2,64.1,2,0.336,2,0.5,2
104.0,2,5.2069,2,32.6285,2,300.0,2,64.1,2,0.33,2,0.5,2
105.0,2,5.2391,2,32.6509,2,298.3,2,64.3,2,0.31,2,0.4,2
106.0,2,5.289,2,32.6748,2,295.6,2,64.3,2,0.29600000000000004,2,0.4,2
107.0,2,5.3927,2,32.7807,2,289.0,2,64.4,2,0.264,2,0.4,2
108.0,2,5.5054,2,32.89,2,280.1,2,64.5,2,0.242,2,0.4,2
109.0,2,5.6186,2,33.039,2,271.7,2,64.5,2,0.212,2,0.3,2
110.0,2,5.66,2,33.1068,2,264.7,2,64.4,2,0.196,2,0.3,2
111.0,2,5.7017,2,33.1386,2,259.0,2,64.4,2,0.188,2,0.3,2
112.0,2,5.7788,2,33.1968,2,253.8,2,64.4,2,0.17300000000000001,2,0.3,2
113.0,2,5.8728,2,33.2537,2,248.8,2,64.4,2,0.171,2,0.3,2
114.0,2,5.9918,2,33.2968,2,244.1,2,64.4,2,0.17,2,0.3,2
115.0,2,5.9897,2,33.3533,2,239.6,2,64.4,2,0.149,2,0.3,2
116.0,2,5.9598,2,33.3837,2,235.9,2,64.4,2,0.141,2,0.2,2
117.0,2,5.9737,2,33.4059,2,232.2,2,64.4,2,0.14300000000000002,2,0.2,2
118.0,2,6.0353,2,33.4638,2,227.8,2,64.4,2,0.135,2,0.2,2
119.0,2,6.1315,2,33.5606,2,223.8,2,64.4,2,0.122,2,0.2,2
120.0,2,6.1447,2,33.5702,2,221.1,2,64.4,2,0.122,2,0.2,2
121.0,2,6.149,2,33.5742,2,218.8,2,64.4,2,0.122,2,0.2,2
122.0,2,6.1827,2,33.6022,2,217.0,2,64.4,2,0.11699999999999999,2,0.2,2
122.6,2,6.2088,2,33.6158,2,216.6,2,64.3,2,0.11,2,0.2,2
124.1,2,6.2305,2,33.6337,2,213.4,2,64.3,2,0.11,2,0.2,2
125.0,2,6.2699,2,33.664,2,209.6,2,64.3,2,0.11,2,0.2,2
126.0,2,6.3524,2,33.7232,2,205.8,2,64.3,2,0.107,2,0.2,2
127.0,2,6.4206,2,33.7842,2,202.4,2,64.3,2,0.098,2,0.1,2
128.0,2,6.4199,2,33.7942,2,199.7,2,64.3,2,0.098,2,0.1,2
129.0,2,6.4156,2,33.7992,2,197.6,2,64.3,2,0.094,2,0.1,2
130.0,2,6.3993,2,33.8075,2,195.8,2,64.3,2,0.085,2,0.1,2
131.0,2,6.3858,2,33.8135,2,194.1,2,64.3,2,0.091,2,0.1,2
132.0,2,6.3631,2,33.8199,2,192.6,2,64.3,2,0.085,2,0.1,2
133.0,2,6.3428,2,33.8232,2,191.4,2,64.3,2,0.081,2,0.1,2
134.0,2,6.3311,2,33.824,2,190.3,2,64.3,2,0.073,2,0.1,2
135.0,2,6.3228,2,33.8321,2,189.6,2,64.3,2,0.073,2,0.1,2
136.0,2,6.3116,2,33.8333,2,189.3,2,64.3,2,0.073,2,0.1,2
137.0,2,6.3072,2,33.8328,2,189.2,2,64.3,2,0.073,2,0.1,2
138.0,2,6.3055,2,33.8327,2,188.9,2,64.3,2,0.073,2,0.1,2
139.0,2,6.2782,2,33.8334,2,188.7,2,64.3,2,0.073,2,0.1,2
140.0,2,6.2645,2,33.8336,2,188.4,2,64.3,2,0.073,2,0.1,2
141.0,2,6.2581,2,33.8338,2,187.9,2,64.3,2,0.073,2,0.1,2
142.0,2,6.2410000000000005,2,33.833,2,187.6,2,64.3,2,0.073,2,0.1,2
143.0,2,6.2086,2,33.8337,2,187.4,2,64.3,2,0.073,2,0.1,2
144.0,2,6.2044,2,33.8335,2,187.1,2,64.3,2,0.073,2,0.0,2
145.0,2,6.1969,2,33.8333,2,186.8,2,64.3,2,0.073,2,0.0,2
146.0,2,6.1924,2,33.8331,2,186.6,2,64.3,2,0.073,2,0.0,2
147.0,2,6.18,2,33.8329,2,186.1,2,64.3,2,0.073,2,0.0,2
148.0,2,6.1562,2,33.8322,2,185.5,2,64.3,2,0.073,2,0.0,2
149.0,2,6.1308,2,33.8317,2,184.9,2,64.3,2,0.073,2,0.0,2
150.0,2,6.1064,2,33.832,2,184.5,2,64.3,2,0.073,2,0.0,2
151.0,2,6.0944,2,33.8329,2,184.2,2,64.3,2,0.07,2,0.0,2
152.0,2,6.0797,2,33.833,2,183.9,2,64.3,2,0.065,2,0.0,2
153.0,2,6.0683,2,33.8335,2,183.6,2,64.2,2,0.064,2,0.0,2
154.0,2,6.0636,2,33.8337,2,183.5,2,64.2,2,0.07,2,0.0,2
155.0,2,6.0559,2,33.834,2,183.4,2,64.2,2,0.07200000000000001,2,0.0,2
156.0,2,6.0491,2,33.8338,2,183.4,2,64.2,2,0.073,2,0.0,2
157.0,2,6.0431,2,33.8338,2,183.2,2,64.2,2,0.071,2,0.0,2
158.0,2,6.0376,2,33.8344,2,182.9,2,64.2,2,0.066,2,0.0,2
159.0,2,6.0356,2,33.8342,2,182.7,2,64.2,2,0.069,2,0.0,2
160.0,2,6.0279,2,33.8342,2,182.4,2,64.2,2,0.061,2,0.0,2
161.0,2,6.0136,2,33.8339,2,181.6,2,64.2,2,0.061,2,0.0,2
162.0,2,6.001,2,33.8336,2,181.1,2,64.2,2,0.068,2,0.0,2
163.0,2,5.9868,2,33.8342,2,180.2,2,64.2,2,0.063,2,0.0,2
164.0,2,5.9671,2,33.8348,2,179.0,2,64.2,2,0.061,2,0.0,2
165.0,2,5.9572,2,33.8353,2,177.5,2,64.2,2,0.061,2,0.0,2
166.0,2,5.9527,2,33.8356,2,176.3,2,64.2,2,0.063,2,0.0,2
167.0,2,5.9375,2,33.8355,2,174.9,2,64.1,2,0.068,2,0.0,2
168.0,2,5.917999999999999,2,33.8355,2,173.6,2,64.1,2,0.061,2,0.0,2
169.0,2,5.915,2,33.8356,2,172.5,2,64.1,2,0.061,2,0.0,2
170.0,2,5.9047,2,33.8362,2,171.5,2,64.1,2,0.061,2,0.0,2
171.0,2,5.8965,2,33.8366,2,170.4,2,64.1,2,0.061,2,0.0,2
172.0,2,5.8725,2,33.8365,2,169.5,2,64.1,2,0.061,2,0.0,2
172.5,2,5.8591,2,33.838,2,169.3,2,64.1,2,0.061,2,0.0,2
174.2,2,5.8364,2,33.8385,2,167.2,2,64.1,2,0.061,2,0.0,2
175.0,2,5.8276,2,33.8384,2,165.6,2,64.1,2,0.061,2,0.0,2
176.0,2,5.8178,2,33.8382,2,164.3,2,64.1,2,0.061,2,0.0,2
177.0,2,5.7984,2,33.8385,2,163.4,2,64.1,2,0.061,2,0.0,2
178.0,2,5.7784,2,33.8387,2,162.3,2,64.1,2,0.061,2,0.0,2
179.0,2,5.7628,2,33.8393,2,161.1,2,64.1,2,0.061,2,0.0,2
180.0,2,5.7518,2,33.8401,2,160.0,2,64.1,2,0.061,2,0.0,2
181.0,2,5.7398,2,33.8407,2,159.4,2,64.1,2,0.061,2,0.0,2
182.0,2,5.7272,2,33.8414,2,159.0,2,64.1,2,0.061,2,0.0,2
183.0,2,5.7192,2,33.8419,2,158.8,2,64.1,2,0.061,2,0.0,2
184.0,2,5.7109,2,33.8417,2,158.5,2,64.1,2,0.061,2,0.0,2
184.8,2,5.7036,2,33.8419,2,158.5,2,64.1,2,0.061,2,0.0,2
186.4,2,5.6948,2,33.8416,2,157.0,2,64.1,2,0.061,2,0.0,2
187.0,2,5.6859,2,33.8425,2,156.1,2,64.1,2,0.061,2,0.0,2
188.0,2,5.6696,2,33.8429,2,155.0,2,64.1,2,0.061,2,0.0,2
189.0,2,5.6618,2,33.8431,2,154.1,2,64.0,2,0.061,2,0.0,2
190.0,2,5.6473,2,33.8428,2,153.4,2,64.0,2,0.061,2,0.0,2
191.0,2,5.6357,2,33.8437,2,152.5,2,64.0,2,0.061,2,0.0,2
192.0,2,5.6147,2,33.8444,2,151.8,2,64.0,2,0.061,2,0.0,2
193.0,2,5.5971,2,33.8447,2,150.8,2,64.0,2,0.061,2,0.0,2
194.0,2,5.5792,2,33.8452,2,149.8,2,64.0,2,0.061,2,0.0,2
195.0,2,5.5613,2,33.8471,2,148.8,2,64.0,2,0.061,2,0.0,2
196.0,2,5.5539,2,33.8475,2,148.2,2,64.0,2,0.061,2,0.0,2
197.0,2,5.5446,2,33.8475,2,147.8,2,64.0,2,0.061,2,0.0,2
198.0,2,5.5387,2,33.8487,2,147.3,2,64.0,2,0.061,2,0.0,2
199.0,2,5.5368,2,33.8487,2,146.9,2,63.9,2,0.061,2,0.0,2
200.0,2,5.5163,2,33.8489,2,146.1,2,63.9,2,0.061,2,0.0,2
201.0,2,5.4961,2,33.8499,2,145.1,2,63.9,2,0.061,2,0.0,2
202.0,2,5.4872,2,33.8504,2,144.3,2,63.9,2,0.061,2,0.0,2
203.0,2,5.4807,2,33.8507,2,143.4,2,63.9,2,0.061,2,0.0,2
204.0,2,5.4694,2,33.8502,2,142.8,2,63.9,2,0.061,2,0.0,2
205.0,2,5.4578,2,33.8505,2,142.3,2,63.9,2,0.061,2,0.0,2
206.0,2,5.4443,2,33.8513,2,141.7,2,63.9,2,0.061,2,0.0,2
207.0,2,5.4299,2,33.852,2,140.9,2,63.9,2,0.061,2,0.0,2
208.0,2,5.4169,2,33.8526,2,140.0,2,63.9,2,0.061,2,0.0,2
209.2,2,5.4002,2,33.8539,2,138.7,2,63.9,2,0.057999999999999996,2,0.0,2
210.0,2,5.3896,2,33.8537,2,137.8,2,63.9,2,0.055999999999999994,2,0.0,2
211.0,2,5.3777,2,33.8546,2,136.9,2,63.9,2,0.061,2,0.0,2
212.0,2,5.3685,2,33.8547,2,136.2,2,63.9,2,0.061,2,0.0,2
213.0,2,5.348,2,33.8553,2,135.5,2,63.9,2,0.055999999999999994,2,0.0,2
214.0,2,5.3404,2,33.8553,2,134.7,2,63.9,2,0.05,2,0.0,2
215.0,2,5.3253,2,33.8557,2,134.1,2,63.9,2,0.057999999999999996,2,0.0,2
216.0,2,5.3092,2,33.8565,2,133.4,2,63.9,2,0.049,2,0.0,2
217.0,2,5.3038,2,33.8569,2,132.8,2,63.9,2,0.055,2,0.0,2
218.0,2,5.3028,2,33.857,2,132.4,2,63.8,2,0.059000000000000004,2,0.0,2
219.0,2,5.3016,2,33.8571,2,132.1,2,63.8,2,0.061,2,0.0,2
220.0,2,5.2936,2,33.8578,2,131.3,2,63.8,2,0.061,2,0.0,2
221.0,2,5.2788,2,33.8587,2,130.7,2,63.8,2,0.061,2,0.0,2
222.0,2,5.2575,2,33.86,2,130.0,2,63.8,2,0.057,2,0.0,2
223.0,2,5.2394,2,33.8602,2,129.3,2,63.8,2,0.057999999999999996,2,0.0,2
224.0,2,5.2252,2,33.8606,2,128.5,2,63.7,2,0.055,2,0.0,2
225.0,2,5.2222,2,33.8616,2,127.6,2,63.7,2,0.055,2,0.0,2
226.0,2,5.2109,2,33.8617,2,126.6,2,63.7,2,0.049,2,0.0,2
227.0,2,5.1991,2,33.861999999999995,2,126.1,2,63.7,2,0.049,2,0.0,2
228.0,2,5.1975,2,33.8621,2,125.7,2,63.7,2,0.059000000000000004,2,0.0,2
229.0,2,5.1929,2,33.8623,2,125.1,2,63.7,2,0.061,2,0.0,2
230.0,2,5.1865,2,33.8627,2,124.9,2,63.7,2,0.06,2,0.0,2
231.0,2,5.1793,2,33.8631,2,124.4,2,63.7,2,0.054000000000000006,2,0.0,2
232.0,2,5.1586,2,33.8636,2,123.7,2,63.7,2,0.054000000000000006,2,0.0,2
233.0,2,5.1507,2,33.8644,2,123.1,2,63.7,2,0.061,2,0.0,2
234.0,2,5.1442,2,33.8646,2,122.7,2,63.7,2,0.061,2,0.0,2
235.0,2,5.1364,2,33.8649,2,122.4,2,63.7,2,0.055999999999999994,2,0.0,2
236.0,2,5.1323,2,33.8651,2,121.9,2,63.7,2,0.051,2,0.0,2
237.0,2,5.1295,2,33.8652,2,121.7,2,63.7,2,0.049,2,0.0,2
237.8,2,5.1283,2,33.8656,2,121.5,2,63.7,2,0.049,2,0.0,2
239.1,2,5.1122,2,33.8662,2,120.7,2,63.7,2,0.049,2,0.0,2
240.0,2,5.1079,2,33.8667,2,120.3,2,63.7,2,0.05,2,0.0,2
241.0,2,5.1015,2,33.8669,2,120.0,2,63.7,2,0.049,2,0.0,2
242.0,2,5.0971,2,33.867,2,119.8,2,63.6,2,0.049,2,0.0,2
243.0,2,5.0939,2,33.8672,2,119.4,2,63.6,2,0.049,2,0.0,2
244.0,2,5.0849,2,33.8681,2,119.0,2,63.6,2,0.055,2,0.0,2
245.0,2,5.0776,2,33.8686,2,118.8,2,63.6,2,0.05,2,0.0,2
246.0,2,5.071000000000001,2,33.8684,2,118.6,2,63.6,2,0.049,2,0.0,2
247.0,2,5.0652,2,33.8686,2,118.2,2,63.6,2,0.049,2,0.0,2
248.0,2,5.0623,2,33.8692,2,117.7,2,63.6,2,0.052000000000000005,2,0.0,2
249.0,2,5.0601,2,33.8692,2,117.4,2,63.5,2,0.052000000000000005,2,0.0,2
250.0,2,5.0538,2,33.8697,2,117.1,2,63.5,2,0.049,2,0.0,2
251.0,2,5.044,2,33.87,2,116.7,2,-99.0,2,0.049,2,0.0,2
252.0,2,5.0321,2,33.8703,2,116.3,2,-99.0,2,0.049,2,0.0,2
253.0,2,5.0167,2,33.871,2,115.7,2,-99.0,2,0.05,2,0.0,2
254.0,2,5.0015,2,33.8721,2,115.0,2,-99.0,2,0.053,2,0.0,2
255.0,2,4.9908,2,33.873000000000005,2,114.3,2,-99.0,2,0.049,2,0.0,2
256.0,2,4.978,2,33.8737,2,113.7,2,-99.0,2,0.049,2,0.0,2
257.0,2,4.9668,2,33.8744,2,113.1,2,-99.0,2,0.049,2,0.0,2
258.0,2,4.9567,2,33.875,2,112.6,2,-99.0,2,0.049,2,0.0,2
259.0,2,4.9514,2,33.8753,2,112.3,2,-99.0,2,0.049,2,0.0,2
260.0,2,4.9474,2,33.8754,2,111.8,2,-99.0,2,0.049,2,0.0,2
261.0,2,4.9402,2,33.8756,2,111.4,2,-99.0,2,0.05,2,0.0,2
262.0,2,4.9334,2,33.8768,2,111.1,2,-99.0,2,0.049,2,0.0,2
262.9,2,4.925,2,33.8782,2,110.7,2,-99.0,2,0.049,2,0.0,2
264.0,2,4.9144,2,33.8781,2,109.9,2,-99.0,2,0.049,2,0.0,2
265.0,2,4.9057,2,33.8788,2,109.4,2,-99.0,2,0.049,2,0.0,2
266.0,2,4.8932,2,33.8795,2,108.8,2,-99.0,2,0.049,2,0.0,2
267.0,2,4.8852,2,33.8801,2,108.4,2,-99.0,2,0.049,2,0.0,2
268.0,2,4.8797,2,33.8804,2,108.0,2,-99.0,2,0.049,2,0.0,2
269.0,2,4.8695,2,33.8811,2,107.7,2,-99.0,2,0.049,2,0.0,2
270.0,2,4.8489,2,33.8826,2,107.0,2,-99.0,2,0.049,2,0.0,2
271.1,2,4.8321,2,33.8837,2,106.4,2,-99.0,2,0.049,2,0.0,2
271.9,2,4.8198,2,33.885999999999996,2,105.6,2,-99.0,2,0.049,2,0.0,2
273.2,2,4.8069,2,33.887,2,104.6,2,-99.0,2,0.049,2,0.0,2
274.0,2,4.7964,2,33.8872,2,103.7,2,-99.0,2,0.049,2,0.0,2
275.0,2,4.7919,2,33.8876,2,103.1,2,-99.0,2,0.049,2,0.0,2
276.0,2,4.7838,2,33.8882,2,102.6,2,-99.0,2,0.049,2,0.0,2
277.0,2,4.7764,2,33.8889,2,102.2,2,-99.0,2,0.049,2,0.0,2
278.0,2,4.7738,2,33.8893,2,101.9,2,-99.0,2,0.049,2,0.0,2
279.0,2,4.7724,2,33.8893,2,101.6,2,-99.0,2,0.049,2,0.0,2
280.0,2,4.7631,2,33.8901,2,101.3,2,-99.0,2,0.049,2,0.0,2
281.0,2,4.7549,2,33.8912,2,101.0,2,-99.0,2,0.049,2,0.0,2
282.0,2,4.752,2,33.8914,2,100.7,2,-99.0,2,0.049,2,0.0,2
283.0,2,4.7483,2,33.8921,2,100.4,2,-99.0,2,0.049,2,0.0,2
284.5,2,4.7376,2,33.894,2,99.6,2,-99.0,2,0.049,2,0.0,2
285.0,2,4.735,2,33.8937,2,99.5,2,-99.0,2,0.049,2,0.0,2
286.0,2,4.7292,2,33.8942,2,99.0,2,-99.0,2,0.049,2,0.0,2
287.0,2,4.72,2,33.8954,2,98.5,2,-99.0,2,0.049,2,0.0,2
288.0,2,4.7156,2,33.8959,2,98.1,2,-99.0,2,0.049,2,0.0,2
289.0,2,4.7105,2,33.8967,2,98.0,2,-99.0,2,0.049,2,0.0,2
290.0,2,4.7056,2,33.8974,2,97.4,2,-99.0,2,0.049,2,0.0,2
291.0,2,4.6995,2,33.8981,2,97.2,2,-99.0,2,0.049,2,0.0,2
292.0,2,4.6958,2,33.8988,2,97.0,2,-99.0,2,0.049,2,0.0,2
293.0,2,4.6938,2,33.8992,2,96.9,2,-99.0,2,0.049,2,0.0,2
294.0,2,4.6906,2,33.8995,2,96.7,2,-99.0,2,0.049,2,0.0,2
295.9,2,4.6772,2,33.9019,2,95.8,2,-99.0,2,0.049,2,0.0,2
297.0,2,4.6624,2,33.9046,2,95.1,2,-99.0,2,0.049,2,0.0,2
298.0,2,4.6525,2,33.9062,2,94.4,2,-99.0,2,0.049,2,0.0,2
299.0,2,4.6469,2,33.9074,2,93.9,2,-99.0,2,0.049,2,0.0,2
300.0,2,4.6413,2,33.9082,2,93.3,2,-99.0,2,0.049,2,0.0,2
301.0,2,4.6366,2,33.9089,2,93.0,2,-99.0,2,0.049,2,0.0,2
302.0,2,4.6323,2,33.9094,2,92.6,2,-99.0,2,0.049,2,0.0,2
303.0,2,4.6295,2,33.9097,2,92.3,2,-99.0,2,0.049,2,0.0,2
304.0,2,4.6261,2,33.9105,2,92.0,2,-99.0,2,0.049,2,0.0,2
305.0,2,4.6186,2,33.9116,2,91.7,2,-99.0,2,0.049,2,0.0,2
306.0,2,4.6178,2,33.9118,2,91.4,2,-99.0,2,0.049,2,0.0,2
307.0,2,4.6163,2,33.9124,2,91.1,2,-99.0,2,0.049,2,0.0,2
308.2,2,4.6098,2,33.9141,2,90.5,2,-99.0,2,0.049,2,0.0,2
309.0,2,4.5951,2,33.9159,2,90.0,2,-99.0,2,0.049,2,0.0,2
310.0,2,4.5866,2,33.9174,2,89.4,2,-99.0,2,0.049,2,0.0,2
311.0,2,4.5846,2,33.9177,2,89.0,2,-99.0,2,0.049,2,0.0,2
312.0,2,4.5828,2,33.9181,2,88.7,2,-99.0,2,0.049,2,0.0,2
313.0,2,4.5783,2,33.919000000000004,2,88.5,2,-99.0,2,0.049,2,0.0,2
314.0,2,4.573,2,33.9199,2,88.3,2,-99.0,2,0.049,2,0.0,2
315.0,2,4.5701,2,33.9206,2,88.0,2,-99.0,2,0.049,2,0.0,2
316.0,2,4.5609,2,33.9221,2,87.7,2,-99.0,2,0.049,2,0.0,2
317.0,2,4.5496,2,33.9237,2,87.3,2,-99.0,2,0.049,2,0.0,2
318.0,2,4.5489999999999995,2,33.9238,2,86.9,2,-99.0,2,0.049,2,0.0,2
318.9,2,4.5474,2,33.9245,2,86.9,2,-99.0,2,0.049,2,0.0,2
321.0,2,4.5233,2,33.9274,2,85.9,2,-99.0,2,0.049,2,0.0,2
322.0,2,4.516,2,33.9278,2,85.3,2,-99.0,2,0.049,2,0.0,2
323.0,2,4.5137,2,33.928000000000004,2,84.9,2,-99.0,2,0.049,2,0.0,2
324.0,2,4.5034,2,33.928000000000004,2,84.6,2,-99.0,2,0.049,2,0.0,2
325.0,2,4.4935,2,33.9282,2,84.3,2,-99.0,2,0.049,2,0.0,2
326.0,2,4.4877,2,33.929,2,84.0,2,-99.0,2,0.049,2,0.0,2
327.0,2,4.4869,2,33.9293,2,83.7,2,-99.0,2,0.049,2,0.0,2
328.0,2,4.4853,2,33.9293,2,83.5,2,-99.0,2,0.049,2,0.0,2
329.0,2,4.4831,2,33.9297,2,83.3,2,-99.0,2,0.049,2,0.0,2
330.0,2,4.4812,2,33.9298,2,83.4,2,-99.0,2,0.049,2,0.0,2
331.0,2,4.4766,2,33.9309,2,83.2,2,-99.0,2,0.049,2,0.0,2
331.9,2,4.4741,2,33.9311,2,83.0,2,-99.0,2,0.049,2,0.0,2
333.3,2,4.4731,2,33.931,2,82.9,2,-99.0,2,0.049,2,0.0,2
334.0,2,4.471,2,33.9316,2,82.6,2,-99.0,2,0.049,2,0.0,2
335.0,2,4.4683,2,33.931999999999995,2,82.4,2,-99.0,2,0.049,2,0.0,2
336.0,2,4.4639999999999995,2,33.9329,2,82.1,2,-99.0,2,0.049,2,0.0,2
337.0,2,4.4604,2,33.9343,2,81.9,2,-99.0,2,0.049,2,0.0,2
338.0,2,4.4569,2,33.9344,2,81.7,2,-99.0,2,0.049,2,0.0,2
339.0,2,4.4535,2,33.9348,2,81.5,2,-99.0,2,0.049,2,0.0,2
340.0,2,4.4527,2,33.9352,2,81.4,2,-99.0,2,0.049,2,0.0,2
341.0,2,4.4492,2,33.9364,2,81.2,2,-99.0,2,0.049,2,0.0,2
342.1,2,4.4428,2,33.9375,2,81.2,2,-99.0,2,0.049,2,0.0,2
343.0,2,4.4377,2,33.9387,2,81.0,2,-99.0,2,0.049,2,0.0,2
344.0,2,4.4333,2,33.9399,2,80.9,2,-99.0,2,0.049,2,0.0,2
346.1,2,4.4295,2,33.9406,2,80.2,2,-99.0,2,0.049,2,0.0,2
347.0,2,4.4225,2,33.9419,2,79.8,2,-99.0,2,0.049,2,0.0,2
348.0,2,4.4163,2,33.943000000000005,2,79.4,2,-99.0,2,0.049,2,0.0,2
349.0,2,4.4123,2,33.9436,2,79.2,2,-99.0,2,0.049,2,0.0,2
350.0,2,4.4097,2,33.944,2,78.8,2,-99.0,2,0.049,2,0.0,2
351.0,2,4.4028,2,33.9453,2,78.4,2,-99.0,2,0.049,2,0.0,2
352.0,2,4.396,2,33.9471,2,78.2,2,-99.0,2,0.049,2,0.0,2
353.0,2,4.388,2,33.9487,2,77.8,2,-99.0,2,0.049,2,0.0,2
354.0,2,4.3779,2,33.9507,2,77.2,2,-99.0,2,0.049,2,0.0,2
355.0,2,4.3762,2,33.9511,2,77.0,2,-99.0,2,0.049,2,0.0,2
356.0,2,4.3736,2,33.9518,2,76.9,2,-99.0,2,0.049,2,0.0,2
357.0,2,4.3716,2,33.9523,2,76.5,2,-99.0,2,0.049,2,0.0,2
358.0,2,4.3711,2,33.9536,2,76.3,2,-99.0,2,0.049,2,0.0,2
359.0,2,4.3661,2,33.9551,2,75.9,2,-99.0,2,0.049,2,0.0,2
360.0,2,4.3563,2,33.9583,2,75.3,2,-99.0,2,0.049,2,0.0,2
361.0,2,4.3526,2,33.9594,2,74.8,2,-99.0,2,0.049,2,0.0,2
362.0,2,4.3443,2,33.9614,2,74.3,2,-99.0,2,0.049,2,0.0,2
363.0,2,4.3407,2,33.9622,2,73.9,2,-99.0,2,0.049,2,0.0,2
364.0,2,4.3352,2,33.963,2,73.6,2,-99.0,2,0.049,2,0.0,2
365.0,2,4.3328,2,33.9634,2,73.4,2,-99.0,2,0.049,2,0.0,2
366.0,2,4.3316,2,33.9639,2,73.2,2,-99.0,2,0.049,2,0.0,2
367.0,2,4.3285,2,33.9651,2,72.9,2,-99.0,2,0.049,2,0.0,2
368.0,2,4.3276,2,33.9654,2,72.6,2,-99.0,2,0.049,2,0.0,2
369.0,2,4.3263,2,33.9657,2,72.5,2,-99.0,2,0.049,2,0.0,2
370.0,2,4.3231,2,33.9664,2,72.3,2,-99.0,2,0.049,2,0.0,2
371.0,2,4.317,2,33.9677,2,72.2,2,-99.0,2,0.049,2,0.0,2
372.0,2,4.3152,2,33.9681,2,71.9,2,-99.0,2,0.049,2,0.0,2
373.0,2,4.3107,2,33.9698,2,71.4,2,-99.0,2,0.049,2,0.0,2
374.0,2,4.3045,2,33.9715,2,71.1,2,-99.0,2,0.049,2,0.0,2
375.0,2,4.3009,2,33.9726,2,70.6,2,-99.0,2,0.049,2,0.0,2
376.0,2,4.2963,2,33.974000000000004,2,70.4,2,-99.0,2,0.049,2,0.0,2
377.0,2,4.2938,2,33.9748,2,70.0,2,-99.0,2,0.049,2,0.0,2
378.0,2,4.2893,2,33.9763,2,69.7,2,-99.0,2,0.049,2,0.0,2
379.0,2,4.2848,2,33.9773,2,69.4,2,-99.0,2,0.049,2,0.0,2
380.0,2,4.279,2,33.9785,2,69.0,2,-99.0,2,0.049,2,0.0,2
381.0,2,4.2774,2,33.9793,2,68.7,2,-99.0,2,0.049,2,0.0,2
382.0,2,4.2775,2,33.9804,2,68.5,2,-99.0,2,0.049,2,0.0,2
383.0,2,4.2771,2,33.9811,2,68.4,2,-99.0,2,0.049,2,0.0,2
384.0,2,4.2758,2,33.9827,2,68.2,2,-99.0,2,0.049,2,0.0,2
385.0,2,4.2747,2,33.9834,2,68.0,2,-99.0,2,0.049,2,0.0,2
386.0,2,4.2732,2,33.9844,2,68.0,2,-99.0,2,0.049,2,0.0,2
387.0,2,4.2737,2,33.9855,2,67.9,2,-99.0,2,0.049,2,0.0,2
388.0,2,4.2742,2,33.9857,2,67.7,2,-99.0,2,0.049,2,0.0,2
389.0,2,4.2724,2,33.9852,2,67.6,2,-99.0,2,0.049,2,0.0,2
390.0,2,4.2655,2,33.9849,2,67.6,2,-99.0,2,0.049,2,0.0,2
391.0,2,4.2647,2,33.9852,2,67.2,2,-99.0,2,0.049,2,0.0,2
392.0,2,4.2589999999999995,2,33.9851,2,66.9,2,-99.0,2,0.049,2,0.0,2
393.0,2,4.2581,2,33.9857,2,66.8,2,-99.0,2,0.049,2,0.0,2
394.0,2,4.2562,2,33.9871,2,66.4,2,-99.0,2,0.049,2,0.0,2
395.0,2,4.2562,2,33.9882,2,66.2,2,-99.0,2,0.049,2,0.0,2
396.0,2,4.2562,2,33.9901,2,66.2,2,-99.0,2,0.049,2,0.0,2
397.0,2,4.2529,2,33.9907,2,66.0,2,-99.0,2,0.049,2,0.0,2
398.0,2,4.2524,2,33.9911,2,65.9,2,-99.0,2,0.049,2,0.0,2
399.0,2,4.248,2,33.9935,2,65.9,2,-99.0,2,0.049,2,0.0,2
400.0,2,4.2463,2,33.9941,2,65.8,2,-99.0,2,0.049,2,0.0,2
401.0,2,4.246,2,33.9944,2,65.5,2,-99.0,2,0.049,2,0.0,2
402.0,2,4.2459,2,33.9947,2,65.3,2,-99.0,2,0.049,2,0.0,2
403.0,2,4.2462,2,33.9952,2,65.2,2,-99.0,2,0.049,2,0.0,2
404.0,2,4.2451,2,33.9976,2,65.1,2,-99.0,2,0.049,2,0.0,2
405.0,2,4.2403,2,33.9999,2,64.9,2,-99.0,2,0.049,2,0.0,2
406.0,2,4.2316,2,34.0004,2,64.5,2,-99.0,2,0.049,2,0.0,2
407.0,2,4.2296,2,34.0011,2,64.4,2,-99.0,2,0.049,2,0.0,2
408.0,2,4.2299,2,34.0016,2,64.1,2,-99.0,2,0.049,2,0.0,2
409.0,2,4.2281,2,34.0017,2,63.7,2,-99.0,2,0.049,2,0.0,2
410.0,2,4.2209,2,34.001999999999995,2,63.5,2,-99.0,2,0.049,2,0.0,2
411.0,2,4.2116,2,34.0029,2,63.0,2,-99.0,2,0.049,2,0.0,2
411.8,2,4.2075,2,34.0037,2,62.9,2,-99.0,2,0.049,2,0.0,2
413.5,2,4.206,2,34.0049,2,62.5,2,-99.0,2,0.049,2,0.0,2
414.1,2,4.2057,2,34.0061,2,62.0,2,-99.0,2,0.049,2,0.0,2
415.0,2,4.2059,2,34.0067,2,61.9,2,-99.0,2,0.049,2,0.0,2
416.0,2,4.2061,2,34.0068,2,61.9,2,-99.0,2,0.049,2,0.0,2
417.0,2,4.2061,2,34.0071,2,61.8,2,-99.0,2,0.049,2,0.0,2
418.0,2,4.2056,2,34.0078,2,61.6,2,-99.0,2,0.049,2,0.0,2
419.0,2,4.2067,2,34.0087,2,61.5,2,-99.0,2,0.049,2,0.0,2
420.0,2,4.2052,2,34.0099,2,61.5,2,-99.0,2,0.049,2,0.0,2
421.0,2,4.2033,2,34.0123,2,61.4,2,-99.0,2,0.049,2,0.0,2
422.0,2,4.2016,2,34.013000000000005,2,61.3,2,-99.0,2,0.049,2,0.0,2
423.0,2,4.2001,2,34.013000000000005,2,61.3,2,-99.0,2,0.049,2,0.0,2
424.0,2,4.199,2,34.0128,2,61.0,2,-99.0,2,0.049,2,0.0,2
425.0,2,4.198,2,34.0147,2,60.9,2,-99.0,2,0.049,2,0.0,2
426.0,2,4.1993,2,34.0165,2,60.9,2,-99.0,2,0.049,2,0.0,2
427.0,2,4.1995,2,34.0168,2,60.9,2,-99.0,2,0.049,2,0.0,2
428.0,2,4.1992,2,34.0169,2,61.0,2,-99.0,2,0.049,2,0.0,2
429.0,2,4.197,2,34.0179,2,60.6,2,-99.0,2,0.049,2,0.0,2
430.0,2,4.1923,2,34.0203,2,60.6,2,-99.0,2,0.049,2,0.0,2
431.0,2,4.1893,2,34.0218,2,60.2,2,-99.0,2,0.049,2,0.0,2
432.0,2,4.1847,2,34.0235,2,59.9,2,-99.0,2,0.049,2,0.0,2
433.0,2,4.1754,2,34.0273,2,59.5,2,-99.0,2,0.049,2,0.0,2
434.0,2,4.1717,2,34.0287,2,59.3,2,-99.0,2,0.049,2,0.0,2
435.0,2,4.1701,2,34.0292,2,58.9,2,-99.0,2,0.049,2,0.0,2
436.0,2,4.169,2,34.0297,2,58.6,2,-99.0,2,0.049,2,0.0,2
437.0,2,4.1664,2,34.0309,2,58.3,2,-99.0,2,0.049,2,0.0,2
438.0,2,4.1646,2,34.0315,2,58.3,2,-99.0,2,0.049,2,0.0,2
439.0,2,4.1615,2,34.0326,2,57.9,2,-99.0,2,0.049,2,0.0,2
440.0,2,4.157,2,34.0343,2,57.6,2,-99.0,2,0.049,2,0.0,2
441.0,2,4.1530000000000005,2,34.0351,2,57.2,2,-99.0,2,0.049,2,0.0,2
442.0,2,4.15,2,34.0362,2,56.9,2,-99.0,2,0.049,2,0.0,2
443.0,2,4.1476,2,34.0373,2,56.8,2,-99.0,2,0.049,2,0.0,2
444.0,2,4.1469,2,34.0375,2,56.6,2,-99.0,2,0.049,2,0.0,2
445.0,2,4.1463,2,34.0377,2,56.5,2,-99.0,2,0.049,2,0.0,2
446.0,2,4.1461,2,34.0379,2,56.4,2,-99.0,2,0.049,2,0.0,2
447.0,2,4.1447,2,34.0381,2,56.3,2,-99.0,2,0.049,2,0.0,2
448.0,2,4.1413,2,34.0395,2,56.2,2,-99.0,2,0.049,2,0.0,2
449.0,2,4.1375,2,34.0402,2,55.8,2,-99.0,2,0.049,2,0.0,2
450.0,2,4.1362,2,34.0408,2,55.6,2,-99.0,2,0.049,2,0.0,2
451.0,2,4.1298,2,34.0426,2,55.5,2,-99.0,2,0.049,2,0.0,2
452.0,2,4.1253,2,34.0437,2,55.0,2,-99.0,2,0.049,2,0.0,2
453.0,2,4.1212,2,34.0441,2,54.6,2,-99.0,2,0.049,2,0.0,2
454.0,2,4.1160000000000005,2,34.0449,2,54.3,2,-99.0,2,0.049,2,0.0,2
455.0,2,4.1122,2,34.0458,2,53.8,2,-99.0,2,0.049,2,0.0,2
456.0,2,4.1101,2,34.0469,2,53.6,2,-99.0,2,0.049,2,0.0,2
457.0,2,4.1099,2,34.0475,2,53.4,2,-99.0,2,0.049,2,0.0,2
458.0,2,4.1098,2,34.0477,2,53.2,2,-99.0,2,0.049,2,0.0,2
459.0,2,4.1103,2,34.0476,2,53.2,2,-99.0,2,0.049,2,0.0,2
460.0,2,4.1104,2,34.0475,2,53.3,2,-99.0,2,0.049,2,0.0,2
461.0,2,4.1102,2,34.0478,2,53.2,2,-99.0,2,0.049,2,0.0,2
462.0,2,4.1092,2,34.0484,2,53.2,2,-99.0,2,0.049,2,0.0,2
463.5,2,4.1080000000000005,2,34.0491,2,53.2,2,-99.0,2,0.049,2,0.0,2
464.0,2,4.1072,2,34.0498,2,53.2,2,-99.0,2,0.049,2,0.0,2
465.0,2,4.107,2,34.0499,2,53.0,2,-99.0,2,0.049,2,0.0,2
466.0,2,4.1063,2,34.0504,2,52.8,2,-99.0,2,0.049,2,0.0,2
467.0,2,4.1044,2,34.0513,2,52.7,2,-99.0,2,0.049,2,0.0,2
468.0,2,4.1031,2,34.0518,2,52.7,2,-99.0,2,0.049,2,0.0,2
468.7,2,4.1012,2,34.0525,2,52.7,2,-99.0,2,0.049,2,0.0,2
470.0,2,4.0989,2,34.0534,2,52.4,2,-99.0,2,0.049,2,0.0,2
471.0,2,4.0971,2,34.0544,2,52.2,2,-99.0,2,0.049,2,0.0,2
472.0,2,4.0955,2,34.0552,2,52.2,2,-99.0,2,0.049,2,0.0,2
473.0,2,4.0945,2,34.0555,2,52.0,2,-99.0,2,0.049,2,0.0,2
474.0,2,4.0934,2,34.0558,2,52.0,2,-99.0,2,0.049,2,0.0,2
475.0,2,4.0913,2,34.0569,2,51.9,2,-99.0,2,0.049,2,0.0,2
476.0,2,4.0879,2,34.0584,2,51.8,2,-99.0,2,0.049,2,0.0,2
477.0,2,4.0842,2,34.06,2,51.4,2,-99.0,2,0.049,2,0.0,2
478.0,2,4.0829,2,34.0604,2,51.3,2,-99.0,2,0.049,2,0.0,2
479.0,2,4.0831,2,34.0604,2,51.2,2,-99.0,2,0.049,2,0.0,2
480.0,2,4.0818,2,34.0609,2,51.2,2,-99.0,2,0.049,2,0.0,2
481.0,2,4.0801,2,34.0615,2,51.2,2,-99.0,2,0.049,2,0.0,2
482.0,2,4.0789,2,34.0618,2,51.0,2,-99.0,2,0.049,2,0.0,2
483.0,2,4.0773,2,34.0622,2,50.8,2,-99.0,2,0.049,2,0.0,2
484.0,2,4.0765,2,34.0624,2,50.8,2,-99.0,2,0.049,2,0.0,2
485.0,2,4.0739,2,34.0632,2,50.8,2,-99.0,2,0.049,2,0.0,2
485.8,2,4.0722,2,34.0637,2,50.8,2,-99.0,2,0.049,2,0.0,2
487.3,2,4.0698,2,34.0641,2,50.6,2,-99.0,2,0.049,2,0.0,2
488.0,2,4.0678,2,34.0648,2,50.2,2,-99.0,2,0.049,2,0.0,2
489.0,2,4.0645,2,34.0661,2,50.1,2,-99.0,2,0.049,2,0.0,2
489.8,2,4.0586,2,34.0682,2,49.9,2,-99.0,2,0.049,2,0.0,2
491.0,2,4.0543,2,34.0697,2,49.5,2,-99.0,2,0.049,2,0.0,2
492.0,2,4.0533,2,34.07,2,49.2,2,-99.0,2,0.049,2,0.0,2
493.0,2,4.053,2,34.0703,2,49.1,2,-99.0,2,0.049,2,0.0,2
494.0,2,4.052,2,34.0706,2,48.9,2,-99.0,2,0.049,2,0.0,2
495.0,2,4.0507,2,34.0714,2,48.7,2,-99.0,2,0.049,2,0.0,2
496.0,2,4.0497,2,34.071999999999996,2,48.7,2,-99.0,2,0.049,2,0.0,2
497.0,2,4.0489,2,34.0726,2,48.6,2,-99.0,2,0.049,2,0.0,2
498.0,2,4.0486,2,34.0728,2,48.5,2,-99.0,2,0.049,2,0.0,2
499.0,2,4.048,2,34.0732,2,48.3,2,-99.0,2,0.049,2,0.0,2
500.0,2,4.0461,2,34.0738,2,48.4,2,-99.0,2,0.049,2,0.0,2
500.8,2,4.0444,2,34.0745,2,48.2,2,-99.0,2,0.049,2,0.0,2
END_DATA
