CTD,20190304CCHSIOLMM
#---------------------------------------------------------------------------------------------------,,,,,,,,,,,,,,,,
#Transmissivity fluorescence  and PAR are nominal and unedited except that some records were removed in editing temperature and salinity.,,,,,,,,,,,,,,,,
#---------------------------------------------------------------------------------------------------,,,,,,,,,,,,,,,,
#There was no recalibration of Salinity:Practical:CTD based on the bottle comparison because of uncertainties about the performance of the two salinometers used.,,,,,,,,,,,,,,,,
#Post-cruise calibrations show Salinity:Practical:CTD is within 0.001.,,,,,,,,,,,,,,,,
#---------------------------------------------------------------------------------------------------,,,,,,,,,,,,,,,,
#The Oxygen:Dissolved:CTD data should be considered:,,,,,,,,,,,,,,,,
#      • ±0.5 ml/l from 0 to 10 dbar,,,,,,,,,,,,,,,,
#      • ±0.25 ml/l from 10 to 500 dbar,,,,,,,,,,,,,,,,
#      • ±0.1 ml/l from 500 to 1500 dbar,,,,,,,,,,,,,,,,
#      • ±0.05 ml/l below 1500 dbar.,,,,,,,,,,,,,,,,
#---------------------------------------------------------------------------------------------------,,,,,,,,,,,,,,,,
#For details on the processing see file: 2008-27-proc.pdf,,,,,,,,,,,,,,,,
#---------------------------------------------------------------------------------------------------,,,,,,,,,,,,,,,,
#,,,,,,,,,,,,,,,,
#File Name,Zone,FIL:START TIME YYYY/MM/DD, HH:MM,LOC:EVENT_NUMBER,LOC:LATITUDE,LOC:LONGITUDE,LOC:STATION,Pressure:CTD [dbar],Temperature:CTD [deg_C_(ITS90)],Salinity:Practical:CTD [PSS-78],Sigma-t:CTD [kg/m^3],Transmissivity:CTD [*/m],Oxygen:Dissolved:CTD:Volume [ml/l],Oxygen:Dissolved:CTD:Mass [µmol/kg],Fluorescence:CTD [mg/m^3],PAR:CTD [µE/m^2/sec]
#,,,,,,,,,,,,,,,,
NUMBER_HEADERS = 8
EXPOCODE = 18DD20080812
STNBR = P26
CASTNO = 6
DATE = 21/08/2008
TIME =  14:48
LATITUDE = 50.0005
LONGITUDE = -145.00101
CTDPRS,CTDPRS_FLAG_W,CTDTMP,CTDTMP_FLAG_W,CTDSAL,CTDSAL_FLAG_W,CTDOXY,CTDOXY_FLAG_W,CTDXMISS,CTDXMISS_FLAG_W,CTDFLUOR,CTDFLUOR_FLAG_W,PAR,PAR_FLAG_W
DBAR,,ITS-90,,PSS-78,,UMOL/KG,,,,MG/M^3,,UE/m^2/sec,
5.2,2,11.2548,2,32.4846,2,285.9,2,34.7,2,3.485,2,,2
6.0,2,11.2557,2,32.4844,2,286.3,2,35.2,2,3.397,2,,2
7.1,2,11.2545,2,32.4848,2,284.9,2,35.5,2,3.387,2,,2
7.9,2,11.2535,2,32.4849,2,285.2,2,35.5,2,3.389,2,,2
9.0,2,11.2515,2,32.4855,2,285.6,2,35.5,2,3.355,2,,2
10.0,2,11.2498,2,32.4858,2,286.5,2,35.6,2,3.4160000000000004,2,,2
10.8,2,11.2514,2,32.4858,2,287.2,2,35.5,2,3.405,2,,2
END_DATA
